,R2_log,MAE_log
Kp,0.9628815650939941,0.045941684395074844
Ki,0.9349849820137024,0.07888901978731155
Kd,0.9527390003204346,0.3037430942058563
