y_true,y_pred,y_std,abs_error,rel_error_%
1.0244209,0.98140275,1.857026,0.043018103,4.1992607
0.6507597,0.5465716,1.4454424,0.104188085,16.010223
9.9390335,6.960661,7.4274025,2.9783726,29.96642
0.76684624,0.6792011,1.5813332,0.08764511,11.429294
4.1110253,6.5780773,7.0724807,2.467052,60.010624
0.6771854,0.7600516,1.6549768,0.08286619,12.236855
0.6887489,0.95782435,1.8337142,0.26907545,39.06728
6.946136,9.659329,9.946377,2.7131934,39.06047
0.9094064,0.8260156,1.7730379,0.08339083,9.169808
1.8670017,2.3990183,3.1722238,0.53201663,28.495777
1.517607,1.785785,2.6069143,0.268178,17.67111
0.5362559,0.47204474,1.4515148,0.06421116,11.973977
1.4303333,1.4416835,2.2790504,0.011350274,0.79354054
12.19471,7.5434647,7.9807715,4.651245,38.1415
1.0197042,0.81006765,1.6965117,0.20963657,20.558567
6.5242434,8.280109,8.658705,1.755866,26.912947
0.48328203,0.54552853,1.4437569,0.0622465,12.879954
4.3582845,5.2812567,5.8705945,0.9229722,21.17742
10.859898,8.577098,9.256941,2.2827997,21.020452
0.91742915,1.0281582,1.9103397,0.11072904,12.069491
11.401994,11.94589,12.252819,0.5438967,4.7701893
2.0550418,1.0008979,1.868218,1.0541439,51.295498
5.182475,6.0310445,6.560732,0.8485694,16.373825
2.2492168,2.3001356,3.0789013,0.050918818,2.2638466
4.171824,5.44053,6.0154796,1.2687058,30.411299
2.5163386,2.991173,3.7245476,0.47483444,18.870054
0.98805183,1.1424971,2.0273924,0.15444523,15.631289
23.942583,22.540148,22.003702,1.4024353,5.857494
3.0563152,3.9247198,4.5964622,0.8684046,28.41345
22.48845,19.038155,18.714222,3.4502945,15.342519
9.181316,9.445892,9.751754,0.26457596,2.8816779
3.6684415,3.194007,3.947457,0.4744346,12.932866
0.5595827,0.4356848,1.3753692,0.12389791,22.141127
0.6935744,0.8632648,1.7412095,0.16969037,24.466064
1.0792358,1.020364,1.893424,0.058871746,5.4549475
3.3318698,3.8550248,4.714761,0.523155,15.701543
0.50651675,0.60101545,1.5282503,0.094498694,18.656578
0.49635282,0.45250028,1.357136,0.043852538,8.834953
1.2190229,1.2061636,2.0737443,0.012859225,1.0548798
3.6041868,3.9791617,4.706179,0.37497497,10.403872
0.6067429,0.8370248,1.7747213,0.23028189,37.95378
0.9029846,0.6853217,1.5772669,0.21766293,24.104832
5.997522,3.9165359,4.589523,2.080986,34.69743
0.3442627,0.32484213,1.246514,0.019420564,5.641205
5.06627,5.9473248,6.6786084,0.8810549,17.390602
1.332323,1.3922768,2.2333212,0.05995381,4.4999456
31.764008,16.15009,16.00951,15.613918,49.15601
2.977384,3.3126097,4.0238423,0.33522558,11.259065
0.6841081,0.6167829,1.5096694,0.067325175,9.841307
0.5920017,0.71089435,1.599097,0.11889267,20.083164
1.6428171,1.7320049,2.5507169,0.08918774,5.428951
1.4273069,1.2708509,2.119882,0.156456,10.961622
3.364887,5.1073375,5.700129,1.7424505,51.783325
3.0762103,6.486933,6.993067,3.410723,110.87418
1.7560734,1.3357301,2.1845665,0.42034328,23.936544
46.463085,34.39352,33.107517,12.069565,25.976677
20.834133,18.264925,18.15638,2.5692081,12.331725
0.51500237,0.52446973,1.4289186,0.009467363,1.8383145
2.2077441,1.4761248,2.3107412,0.73161936,33.138775
1.1099412,0.7676033,1.6515619,0.34233797,30.84289
1.4004513,1.3651197,2.2080634,0.035331607,2.522873
17.388153,20.703823,20.397472,3.31567,19.068558
2.2416942,1.9933755,2.7949913,0.24831867,11.077277
4.5346165,2.7604942,3.5125308,1.7741222,39.123978
2.4103363,2.3410165,3.1272132,0.069319725,2.8759358
1.476408,1.533282,2.434019,0.056874037,3.8521898
4.6421347,4.6651196,5.378764,0.022984982,0.4951382
2.5833437,3.5719872,4.2661834,0.9886434,38.269913
0.3453866,0.40757608,1.3185216,0.06218949,18.005762
0.81491524,0.64823055,1.5389479,0.16668469,20.454235
0.82150745,0.72108805,1.6137611,0.1004194,12.223798
23.588284,14.298479,14.27786,9.289804,39.383133
2.8188033,2.6161454,3.3776689,0.20265794,7.1895022
7.6797924,10.285628,10.543773,2.605836,33.931072
3.2125509,3.215582,3.9451704,0.0030310154,0.09434918
0.4743145,0.48937267,1.3928429,0.01505816,3.1747205
7.5229297,6.9659276,7.455968,0.55700207,7.404058
2.2410598,1.8566649,2.6668189,0.38439488,17.15237
0.8141703,0.7462684,1.6309488,0.06790191,8.340013
1.7432997,1.8302877,2.644445,0.08698797,4.989846
1.3875355,1.5076447,2.3639,0.1201092,8.656298
2.2581723,1.9295754,2.735043,0.32859683,14.551452
5.4841576,6.229483,6.7958746,0.74532557,13.59052
0.88930297,0.8224455,1.7551316,0.06685746,7.517962
8.0774355,9.970619,10.23865,1.8931837,23.437931
16.332537,15.12426,15.048865,1.2082767,7.3979735
0.54117334,0.47879997,1.3823034,0.06237337,11.525581
3.081844,1.3022625,2.1502466,1.7795815,57.74405
0.973476,1.0900683,1.9534247,0.11659235,11.976911
0.3836312,0.54301727,1.4419415,0.15938607,41.54669
2.0974615,2.0400634,2.8367953,0.05739808,2.7365499
1.7151688,2.0384245,2.8451033,0.32325566,18.84687
3.3605227,4.1139574,4.7723975,0.75343466,22.420162
3.1606288,3.6603436,4.3504043,0.49971485,15.810615
0.81038684,0.6511557,1.5434637,0.15923113,19.64878
3.2983727,3.065733,3.7958558,0.23263979,7.053169
4.0559626,3.3741984,4.1238847,0.6817641,16.808935
0.52702373,0.5044472,1.4087126,0.02257651,4.283775
0.6827667,0.78523755,1.666567,0.102470875,15.0081835
17.70361,20.859232,20.437943,3.1556225,17.824741
0.45397565,0.70175445,1.5901577,0.2477788,54.579754
7.0226703,10.91196,11.122979,3.8892894,55.381916
0.21063405,0.21087825,1.1497256,0.00024420023,0.11593578
10.983944,6.654532,7.170327,4.329412,39.415825
2.0042737,2.3163557,3.0962853,0.31208205,15.570831
0.83302104,0.5504706,1.4488872,0.28255045,33.918766
2.0894098,3.1547627,3.8778052,1.0653529,50.988224
0.45218152,0.3367226,1.2594252,0.115458906,25.533752
13.396087,15.430807,15.355059,2.0347204,15.188917
1.9974282,1.5295603,2.363289,0.46786785,23.423513
1.4967506,1.632587,2.4579575,0.13583636,9.0754175
20.035048,26.81615,26.029202,6.781103,33.846203
0.5049001,0.55308664,1.467735,0.04818654,9.543777
5.6327004,3.969287,4.6548166,1.6634135,29.531368
0.84697324,0.8669281,1.7455933,0.01995486,2.3560202
1.7449838,1.5907488,2.4188855,0.154235,8.838764
13.068656,10.256467,10.512346,2.812189,21.51858
2.8936005,3.2562432,3.9746835,0.36264277,12.532578
7.126731,9.895881,10.175931,2.7691498,38.85582
4.5176516,5.696168,6.4328384,1.1785164,26.086926
2.8402743,2.948942,3.691669,0.10866761,3.825955
4.5194354,2.947983,3.7393582,1.5714524,34.77099
0.35452113,0.3203122,1.2420926,0.034208924,9.649333
1.5464112,1.5343626,2.3851027,0.012048602,0.77913314
0.8182325,1.0353494,1.8994422,0.21711689,26.534866
3.7454019,4.7448807,5.5231237,0.9994788,26.68549
1.730468,1.6028156,2.4436238,0.1276524,7.376756
0.29909497,0.32253388,1.2400775,0.0234389,7.8366084
2.039144,2.5865858,3.3675628,0.5474417,26.846643
0.16961505,0.3040066,1.2335963,0.13439156,79.233284
0.5361539,0.61124396,1.5057623,0.07509005,14.005316
0.81700295,0.6758826,1.5909863,0.14112037,17.272934
1.5665834,2.254322,3.1143246,0.68773866,43.900543
0.940562,0.9610255,1.8302305,0.020463467,2.1756637
5.317453,6.3236494,6.8352222,1.0061965,18.922527
32.647064,2.5526311,3.317507,30.094433,92.18113
5.891366,5.919245,6.4601274,0.027878761,0.47321388
12.150933,9.106965,9.43254,3.0439682,25.051311
41.10046,10.039128,10.30213,31.061333,75.57417
2.5628054,3.0113983,3.7440853,0.4485929,17.503979
0.8328028,0.9770371,1.8476132,0.1442343,17.319141
0.9518767,0.7116687,1.6006588,0.24020797,25.235199
1.2922345,1.1723723,2.0424762,0.1198622,9.275576
14.091038,15.78973,15.6711235,1.6986923,12.055126
16.01175,25.264433,24.566292,9.252684,57.78684
6.9237647,8.553089,8.915754,1.6293244,23.532349
1.2015386,1.0846155,1.945205,0.116923094,9.731114
5.0128174,5.258622,5.84158,0.24580479,4.903526
14.854463,17.468792,17.272549,2.6143293,17.59962
1.7692934,1.8176732,2.6290944,0.04837978,2.7344124
0.8080349,0.77566755,1.6614044,0.03236735,4.0056868
1.1013854,0.7812537,1.662694,0.32013166,29.06627
18.820633,13.682338,13.70303,5.138295,27.301395
0.92402816,0.99291897,1.991045,0.06889081,7.455488
0.6608162,0.70608723,1.6045982,0.04527104,6.850776
0.578053,0.57502437,1.4714686,0.0030286312,0.52393657
1.4712114,1.729748,2.5524607,0.25853658,17.57304
0.5301758,0.39682204,1.306876,0.13335377,25.152744
7.6513753,9.748517,10.132595,2.0971417,27.40869
8.9049835,7.8385887,8.247124,1.0663948,11.975259
0.50368375,0.4106826,1.3651537,0.09300116,18.464197
4.214774,3.6765904,4.3846536,0.5381837,12.76898
12.054543,15.191954,15.119342,3.137411,26.026796
7.874849,5.782406,6.329152,2.092443,26.571215
18.060007,18.601418,18.46262,0.54141045,2.9978418
1.7755568,1.5365136,2.3805854,0.23904324,13.463001
0.4922954,0.60899866,1.5056816,0.11670324,23.705938
0.7093124,0.7305404,1.6280963,0.021228015,2.9927597
3.0445123,3.5591722,4.2636657,0.5146599,16.90451
0.43788582,0.45272863,1.3739946,0.014842808,3.3896527
1.5257394,1.7102647,2.5310962,0.18452525,12.094153
0.53308344,0.5323973,1.5571212,0.00068616867,0.12871693
0.50520444,0.42125058,1.3290582,0.08395386,16.6178
4.504372,4.1557107,4.814539,0.34866142,7.740511
0.6938929,0.681635,1.5710168,0.012257874,1.766537
2.1466467,2.09704,2.8990326,0.0496068,2.3108974
0.2736817,0.26461297,1.197614,0.0090687275,3.3136039
0.5345859,0.53159547,1.4424915,0.0029904246,0.55939084
2.0639222,2.5493143,3.312254,0.4853921,23.517944
1.715705,1.8995109,2.7083852,0.18380582,10.713137
0.65701586,0.60027766,1.4998728,0.056738198,8.635742
2.4885058,2.9062288,3.6576557,0.41772294,16.786095
2.5764427,2.677149,3.4373841,0.10070634,3.9087358
0.6583609,0.86410403,1.7397592,0.20574313,31.250814
1.0424078,0.99437296,2.0621488,0.048034787,4.6080613
1.2162222,1.1003745,1.9598947,0.11584771,9.525208
2.3224943,3.3085017,4.019803,0.98600745,42.454678
0.5440355,0.45984071,1.3744929,0.08419478,15.475971
9.977905,9.879688,10.153487,0.09821701,0.98434496
0.6379451,0.5665473,1.5556695,0.07139784,11.191847
1.3084964,1.2338502,2.093571,0.074646115,5.704725
0.67902684,0.74299777,1.8132147,0.06397092,9.420971
0.5219063,0.6725743,1.5615308,0.15066797,28.868776
0.9127176,0.74355376,1.630361,0.16916382,18.53408
5.214579,5.773955,6.3796105,0.55937576,10.727151
3.030047,11.636762,11.925112,8.606714,284.0456
2.2565866,2.2795384,3.0630393,0.022951841,1.0171044
1.848358,1.6118832,2.4562755,0.23647487,12.793781
0.610589,0.51300895,1.4490954,0.097580075,15.981301
1.0396391,0.9260595,1.798331,0.11357963,10.92491
2.1397936,2.2469208,3.0327766,0.10712719,5.0064263
2.976983,3.2827635,3.9971418,0.3057804,10.271486
0.51779777,0.4048495,1.3200444,0.11294827,21.8132
21.893095,22.78485,22.216846,0.89175415,4.073221
1.9381114,1.875633,2.718101,0.062478423,3.2236755
2.6799927,2.5637581,3.3278675,0.11623454,4.3371215
0.79950655,0.8658968,1.8223526,0.066390276,8.303906
1.5434561,1.7044697,2.5780568,0.1610136,10.432017
8.854174,10.560803,10.8478775,1.7066298,19.274862
2.8159027,2.6620028,3.4175384,0.15389991,5.4653845
7.299704,7.1839647,7.636609,0.115739346,1.5855348
3.3074954,4.7001476,5.3182225,1.3926523,42.10595
1.2786458,1.3823674,2.223698,0.10372162,8.111834
0.3887596,0.41181257,1.323293,0.02305296,5.929875
0.973853,0.76563096,1.648338,0.20822203,21.381258
0.95912755,0.69404554,1.5876693,0.265082,27.637825
0.21233693,0.27163303,1.1945802,0.0592961,27.925478
2.7955534,4.1107783,4.767718,1.3152249,47.04703
3.2730217,3.4846087,4.1879287,0.21158695,6.4645753
0.4544185,0.45088565,1.3672667,0.0035328567,0.7774456
0.14056426,0.29865584,1.3018467,0.15809157,112.46925
0.2867763,0.46387595,1.3698871,0.17709965,61.75533
0.9698443,0.9574498,1.8559294,0.012394488,1.2779874
1.5286609,0.97279465,1.8421808,0.55586624,36.362953
3.7833967,3.7441554,4.429207,0.039241314,1.037198
5.948625,9.096396,9.421038,3.1477714,52.915947
3.6980217,3.751214,4.439475,0.053192377,1.4384009
7.378169,6.444765,6.9472666,0.93340397,12.650888
2.9425688,3.0459251,3.7978256,0.10335636,3.5124536
3.7698042,3.7147946,4.4031153,0.055009604,1.4592165
0.6923676,0.7565162,1.6514938,0.064148605,9.265108
0.9235211,0.7684715,1.6559923,0.15504962,16.788963
1.9687228,2.250233,3.0364828,0.2815101,14.299125
17.91263,18.471237,18.201801,0.5586071,3.1185098
1.0553086,1.0329206,1.8980643,0.022387981,2.121463
0.8237836,0.71183443,1.6378695,0.111949146,13.589631
1.0625544,0.89438474,1.7688292,0.16816962,15.826919
0.5047272,0.5099082,1.4205136,0.0051810145,1.026498
0.7089708,0.6344211,1.5375649,0.074549675,10.515197
8.734459,7.2809954,7.742118,1.4534636,16.640568
0.5505872,0.48658535,1.503167,0.06400183,11.624286
0.8027523,0.765929,1.6493925,0.036823332,4.587135
3.4821808,4.2772045,4.9245977,0.7950237,22.8312
0.39058784,0.5112674,1.431552,0.12067959,30.896914
0.71299946,0.72464013,1.7522846,0.011640668,1.6326334
1.6117921,1.8235941,2.6375172,0.211802,13.140778
1.4238397,0.7982693,1.679226,0.6255704,43.93545
36.943226,13.638643,13.663477,23.304583,63.082153
2.429842,1.5585215,2.3875883,0.8713205,35.859142
1.5203745,1.4706564,2.3088508,0.04971814,3.2701247
0.62036157,0.53337896,1.4327484,0.08698261,14.021276
19.799017,21.29782,20.85997,1.4988022,7.5700836
4.3259864,6.5315595,7.0276814,2.205573,50.984283
0.5443738,0.5717257,1.4681501,0.027351916,5.024473
0.5277136,0.55868447,1.4610345,0.030970871,5.868879
24.547901,26.943762,26.118805,2.3958607,9.759941
0.5194306,0.43929988,1.3471626,0.0801307,15.426641
0.78200877,0.7753242,1.804955,0.0066845417,0.85479116
1.0619559,1.4676669,2.3034048,0.40571094,38.204124
4.5525117,4.398095,5.0391154,0.15441656,3.3918982
21.36073,18.458294,18.175652,2.9024353,13.587716
1.7836584,2.2780085,3.0586393,0.49435008,27.715513
1.4434531,1.2351639,2.0856428,0.20828915,14.429921
0.1371999,0.2166432,1.1484127,0.079443306,57.903328
23.368921,25.814949,25.116943,2.4460278,10.467012
1.7319622,1.5820668,2.410785,0.14989543,8.654659
0.7658434,1.157886,2.2532518,0.39204264,51.190964
3.6679199,2.1797388,2.9675016,1.4881811,40.57289
2.4426422,2.514377,3.2798457,0.071734905,2.936775
8.996792,6.408259,6.92797,2.588533,28.771734
3.573293,5.5690928,6.129835,1.9957998,55.853233
18.309034,15.423847,15.331146,2.8851871,15.75827
6.356417,6.15966,6.6812253,0.19675732,3.0954123
1.6610646,1.981498,2.78877,0.32043338,19.290844
7.127504,5.260145,5.850583,1.8673587,26.199337
0.6228481,0.4848878,1.3996115,0.13796028,22.149908
33.686348,15.402927,15.341939,18.28342,54.27546
29.814062,6.5313816,7.027009,23.28268,78.09295
6.130141,5.419585,5.9932723,0.71055555,11.591179
0.9275964,0.7066667,1.5935751,0.22092968,23.817436
2.657752,2.7928264,3.5432854,0.13507438,5.082279
15.16729,16.397053,16.247639,1.229763,8.107995
4.7292967,6.0513573,6.5792837,1.3220606,27.954697
20.316656,22.011995,21.510796,1.6953392,8.344578
1.657164,1.9272099,2.7628694,0.27004588,16.295664
0.4839674,0.5390332,1.4386206,0.05506578,11.377994
0.15506026,0.35616717,1.2825625,0.2011069,129.69597
36.562927,22.553032,22.205982,14.009895,38.317215
1.3105423,1.3633351,2.206528,0.052792788,4.028316
0.8725951,1.1089811,1.9719543,0.23638606,27.090008
3.0761216,2.6930735,3.4562345,0.38304806,12.452306
36.19653,28.261585,27.504892,7.934944,21.921837
9.030897,8.463355,8.834402,0.5675421,6.2844486
0.9774104,0.9092617,1.7839772,0.06814867,6.97237
0.600117,0.58404493,1.5140958,0.016072094,2.67816
15.043348,18.834677,18.537098,3.7913284,25.20269
1.5489434,1.661403,2.4853961,0.11245954,7.2604036
3.2537336,3.0820818,3.8176,0.17165184,5.2755346
1.3302202,1.5254865,2.35641,0.19526625,14.679242
1.02225,0.81748664,1.7183284,0.20476341,20.030659
0.93881017,1.0256472,1.8952783,0.08683699,9.249686
1.9361303,1.9428425,2.7533026,0.0067121983,0.34668112
5.9529686,7.469759,7.9026346,1.5167904,25.479565
9.807974,12.036378,12.285968,2.228404,22.720331
0.550295,0.47497827,1.3833247,0.07531673,13.686609
0.49207672,0.45631856,1.4413676,0.035758168,7.2667866
1.7361193,2.5485568,3.3104415,0.81243753,46.79618
2.3851647,2.7449877,3.4957523,0.359823,15.085876
0.8485021,0.7410253,1.625028,0.10747677,12.666647
4.2907777,1.9143517,2.7229538,2.376426,55.384502
1.3726543,1.2315893,2.0824852,0.141065,10.276805
0.48822105,0.40359277,1.3133256,0.084628284,17.334011
0.89337856,0.91737866,1.7979699,0.024000108,2.6864433
1.6078768,0.920349,1.7944446,0.6875278,42.75998
16.390526,21.032772,20.771051,4.6422462,28.32274
1.019523,0.81678164,1.7009696,0.20274138,19.885906
0.3928819,0.34976733,1.2675793,0.043114573,10.973927
24.83481,15.645403,15.53849,9.189407,37.002125
5.456867,6.402418,6.9231777,0.9455509,17.327724
0.9123681,0.68094206,1.571454,0.23142606,25.365427
0.7329881,0.8441504,1.7216203,0.111162305,15.165635
1.4773026,1.6477168,2.4703221,0.17041421,11.535498
7.255676,6.3845844,6.8980618,0.87109137,12.005654
1.1973724,1.035207,1.8999503,0.1621654,13.54344
39.692436,11.171607,12.09649,28.520828,71.85457
34.684727,31.531776,30.542664,3.1529503,9.090314
0.7063971,0.7839103,1.6840938,0.07751316,10.973029
6.770176,7.698041,8.138132,0.927865,13.705183
0.8726537,0.71122634,1.5985074,0.16142738,18.498447
0.4949958,0.51638365,1.4249066,0.021387845,4.320813
2.1309164,2.032092,2.853677,0.09882426,4.6376414
0.65870225,0.5928395,1.5059431,0.065862775,9.998869
11.96578,13.1897745,13.254147,1.2239943,10.229122
5.540501,6.376193,6.882065,0.8356919,15.083327
0.9686395,1.0220473,1.9118094,0.05340779,5.513691
7.702727,7.512864,7.9918137,0.18986273,2.464877
25.450611,31.023735,30.021614,5.573124,21.897799
21.548222,20.43736,20.169333,1.1108608,5.155232
2.1594677,1.6389883,2.4645936,0.52047944,24.10221
1.3588129,1.4490228,2.4808254,0.09020984,6.6388717
8.228947,10.468217,10.708208,2.2392702,27.212112
6.889413,6.326808,6.8627563,0.5626049,8.1662245
8.553728,10.012978,10.3022175,1.4592495,17.059809
6.6952777,3.9723353,4.6392593,2.7229424,40.669598
0.53731257,0.54528475,1.4450343,0.007972181,1.4837139
0.24224566,0.25305834,1.1878704,0.010812685,4.463521
2.5158885,2.9577959,3.7027006,0.4419074,17.564667
5.436329,6.609377,7.2622557,1.173048,21.577944
2.6131253,3.3896608,4.0949726,0.7765355,29.716734
13.836267,12.338891,12.485992,1.4973764,10.822112
6.8163314,7.732938,8.1478815,0.9166064,13.44721
35.53721,12.685506,12.782239,22.851704,64.3036
0.5955087,0.41560602,1.3228564,0.17990267,30.209915
1.7080275,1.3060329,2.166747,0.4019946,23.535604
1.107895,1.247163,2.1064548,0.13926804,12.570508
5.77563,6.612191,7.1018763,0.8365612,14.484328
2.5495749,1.6867743,2.5080283,0.8628006,33.84096
1.5167623,1.2200446,2.082315,0.29671764,19.562569
1.4327451,1.3314934,2.1753833,0.10125172,7.0669737
2.0670164,2.3230152,3.108942,0.25599885,12.384945
39.940197,6.6920614,7.17748,33.248135,83.2448
0.8295218,0.90164006,1.7747269,0.07211828,8.693959
2.0849154,2.3306134,3.1214724,0.24569798,11.784554
0.94075274,0.82886124,1.7082148,0.11189151,11.893827
0.9701466,0.9298849,1.8194684,0.040261686,4.150062
0.84412456,0.71845114,1.6148249,0.12567341,14.888017
1.0324475,0.95486844,1.875072,0.07757902,7.514089
19.014595,4.441106,5.077827,14.573489,76.6437
1.62772,1.3717203,2.2189198,0.25599968,15.727501
46.696457,26.829472,26.70686,19.866985,42.544952
1.8215292,1.4485033,2.3364322,0.3730259,20.478722
1.3510388,1.2006612,2.06034,0.15037763,11.130519
4.875388,5.466075,6.0354266,0.5906868,12.115687
1.0988303,0.9315523,1.8049363,0.16727805,15.223284
22.461859,24.895626,24.255615,2.4337673,10.835112
0.78688115,0.83726954,1.7330358,0.050388396,6.4035583
2.2948117,1.9366868,2.7475595,0.35812497,15.605854
0.5979612,0.66232955,1.5674642,0.06436837,10.76464
0.58009577,0.67557454,1.5836277,0.09547877,16.459139
5.305495,5.2454495,6.1647935,0.060045242,1.1317557
0.8047099,0.7230102,1.7708051,0.08169973,10.152694
1.7928596,1.9058647,2.7285414,0.11300516,6.303068
23.728426,23.773558,23.134655,0.045131683,0.19020091
9.851803,7.41862,7.913431,2.4331827,24.697842
0.21129707,0.27327535,1.2530806,0.06197828,29.332296
0.80231875,0.57039654,1.4995185,0.23192221,28.906492
0.9526161,0.7053884,1.6087059,0.24722767,25.952497
2.2100258,2.2540145,3.038761,0.043988705,1.9904159
2.8559167,3.8832746,4.557457,1.0273578,35.97296
4.0760713,3.8757367,4.5523076,0.20033455,4.914893
7.0829563,7.2640467,7.7124486,0.18109035,2.5567057
15.355685,7.1630526,7.681375,8.192633,53.35244
3.6452029,5.6541076,6.2086573,2.0089047,55.110916
9.363813,9.835438,10.182354,0.47162437,5.0366697
1.8174528,2.8342712,3.5775046,1.0168184,55.947445
1.9468875,2.4387252,3.2775385,0.49183774,25.262772
1.1000718,1.1572919,2.0178528,0.0572201,5.201488
6.8794107,9.1378975,9.467747,2.2584867,32.829655
3.9810774,2.9778614,3.713448,1.003216,25.199612
1.1930254,1.7560847,2.572864,0.56305933,47.195923
0.7365128,0.59214914,1.4927725,0.14436364,19.60097
3.128555,3.034514,3.8226607,0.09404111,3.0058959
0.9536179,0.99632263,1.8631669,0.04270476,4.478184
6.4802647,9.71576,10.001497,3.2354956,49.928448
1.5179919,2.3002672,3.0806704,0.7822753,51.53356
9.155995,7.4609613,7.9421024,1.695034,18.512833
1.3554872,2.0965648,2.8892467,0.74107754,54.672413
3.081869,2.9631765,3.7000215,0.1186924,3.8513124
4.7699575,6.2953887,6.813804,1.5254312,31.979975
4.6775346,6.435371,6.94126,1.7578363,37.580402
2.7724526,3.966045,4.633786,1.1935923,43.051857
23.81234,23.746109,23.433756,0.066230774,0.27813634
2.3087897,2.1041973,2.9806817,0.20459247,8.86146
2.7071543,3.9534616,4.750342,1.2463074,46.037544
0.7501889,0.83097017,1.713884,0.08078128,10.768126
2.2152834,3.1072178,3.8320212,0.8919344,40.262764
1.8319091,2.1002758,2.8990653,0.2683667,14.649565
3.289568,5.3621764,5.936353,2.0726085,63.005493
1.4713521,1.8776207,2.6909637,0.4062686,27.611923
0.2189131,0.29177096,1.223998,0.07285787,33.281643
35.86725,18.570406,18.280258,17.296843,48.224613
37.22712,35.749374,34.411896,1.477745,3.9695392
17.33426,19.400185,19.096466,2.0659237,11.918153
1.3617749,1.1403899,2.0080914,0.221385,16.257092
0.99130225,0.5712184,1.4677367,0.42008388,42.376972
7.371097,4.991489,5.595419,2.3796082,32.28296
0.44060844,0.58072627,1.4781554,0.14011782,31.800985
1.0245646,1.0411382,1.9514273,0.016573548,1.6176187
1.9159043,1.8182752,2.636216,0.09762907,5.0957174
0.576672,0.56404185,1.5774835,0.012630165,2.1901817
2.9692943,3.0303173,3.7805243,0.061022997,2.0551348
26.951227,13.125223,13.197378,13.826004,51.300087
4.9909873,7.601157,8.02689,2.61017,52.29767
2.0379996,2.2328148,3.020862,0.19481516,9.559136
0.59203607,0.5026593,1.4055868,0.08937675,15.096503
1.0395491,1.016424,1.8909492,0.023125172,2.2245386
2.367254,3.0902982,3.817705,0.72304416,30.543581
0.24989657,0.33126625,1.2622955,0.08136968,32.561344
1.5462061,1.6763971,2.497987,0.13019097,8.420027
0.5257548,0.52110434,1.436709,0.0046504736,0.88453275
1.8284245,3.693017,4.405939,1.8645926,101.9781
0.45952523,0.54875624,1.4537321,0.089231014,19.418089
11.086762,13.110985,13.172256,2.0242224,18.258013
29.173231,9.680674,9.968373,19.492558,66.81659
6.921988,8.7393055,9.097972,1.8173175,26.25427
1.2957116,1.346792,2.1903849,0.051080346,3.942262
1.4693717,1.5821776,2.4184487,0.11280596,7.677156
0.8343295,0.69300544,1.641941,0.14132404,16.938637
0.20260903,0.17722528,1.1179175,0.025383756,12.528442
2.2180383,2.179607,2.9772308,0.038431406,1.7326754
2.4152386,2.410008,3.1827002,0.005230665,0.21656929
1.7910895,1.2877748,2.144309,0.50331473,28.101038
1.9202461,2.5091336,3.276663,0.58888745,30.66729
7.037863,5.5426974,6.1538134,1.4951653,21.244595
21.755781,23.910707,23.300953,2.1549263,9.905074
8.788431,13.394755,13.436797,4.606324,52.413498
0.77285975,0.97742605,1.856005,0.2045663,26.468748
0.8580264,1.1483102,2.235998,0.2902838,33.83157
7.5723443,8.075418,8.514181,0.50307417,6.6435723
0.8215263,0.9969212,1.875745,0.1753949,21.349882
4.109691,5.0275173,5.629056,0.9178262,22.333216
0.6257008,0.5849645,1.4888589,0.040736258,6.510501
1.3964043,1.4331503,2.2915015,0.036746025,2.6314747
36.21429,33.691048,32.693405,2.523243,6.967534
1.1297749,1.9756432,2.776448,0.84586823,74.87051
1.6538559,1.3140559,2.1657937,0.3398,20.545925
10.055135,11.515931,11.697874,1.4607964,14.527864
39.945385,35.80718,34.870373,4.1382065,10.359661
3.3246274,4.0754933,4.7365966,0.75086594,22.584965
1.3082244,1.2471743,2.1093786,0.061050177,4.666644
3.958884,3.820486,4.6795397,0.13839793,3.4958825
5.105687,1.687824,2.5085273,3.4178631,66.942276
1.1197466,0.8152951,1.694537,0.30445147,27.18932
1.7905426,1.7420652,2.6010025,0.04847741,2.7074146
2.120553,2.6079652,3.3827882,0.4874122,22.985147
0.6039684,0.4072868,1.326592,0.19668159,32.564884
35.795116,16.591476,16.422771,19.20364,53.64877
0.46267074,0.47864515,1.3828187,0.015974402,3.4526503
0.57627827,0.533592,1.4352956,0.042686284,7.407234
0.6640034,0.7678368,1.6517837,0.10383344,15.637486
0.98799837,1.0103595,1.8762301,0.02236116,2.263279
0.24025017,0.30319086,1.2295169,0.06294069,26.197979
1.1566639,1.0489893,1.9134694,0.1076746,9.309066
18.924093,15.593903,15.495943,3.3301907,17.597624
2.623734,2.5421011,3.3046916,0.08163285,3.1113236
1.4303672,1.30704,2.152934,0.123327255,8.622069
1.0583444,0.90979016,1.7948415,0.1485542,14.036472
1.5529264,1.5826299,2.413928,0.029703498,1.9127434
3.0297437,4.7070627,5.3258038,1.677319,55.361748
3.1886194,3.085074,3.816338,0.10354543,3.2473435
5.9163885,6.3321815,6.8705964,0.41579294,7.0278163
0.68545425,0.64285815,1.546628,0.0425961,6.214288
0.5780955,0.5133902,1.4189869,0.06470531,11.192842
9.579664,9.319221,9.642124,0.2604437,2.7187142
23.617308,9.786434,10.064628,13.8308735,58.56245
1.1705226,2.0724423,2.866279,0.9019197,77.05274
1.3668057,1.3955953,2.2368214,0.02878964,2.1063447
13.440923,10.182788,10.5861225,3.2581348,24.24041
0.74888587,0.8327385,1.7112566,0.08385265,11.196987
5.649099,8.145711,8.540954,2.496612,44.194874
0.28161976,0.28924474,1.2271025,0.007624984,2.7075458
22.906933,27.585745,27.021898,4.678812,20.42531
1.876093,2.1893148,2.9807675,0.3132218,16.69543
0.21731116,0.21604246,1.1813053,0.0012686998,0.5838171
15.47685,23.279009,22.723167,7.8021593,50.411808
25.303457,26.080278,25.319538,0.77682114,3.0700197
1.1740899,1.5216892,2.3542502,0.34759927,29.605846
0.7040481,0.87928057,1.7536867,0.17523247,24.889275
12.622908,13.17463,13.258935,0.5517225,4.370804
21.081656,21.355238,20.873686,0.27358246,1.2977276
4.9747324,4.8532915,5.4620934,0.12144089,2.4411542
0.85437274,1.2751973,2.3817534,0.42082453,49.255375
0.94917446,0.9379189,1.8442484,0.011255562,1.1858265
9.785556,9.028991,9.359249,0.7565651,7.731447
2.4451244,1.4160185,2.2615108,1.0291059,42.08808
3.8887627,4.8699765,5.4781685,0.9812138,25.23203
0.500623,0.69373727,1.5992342,0.19311428,38.574795
19.132193,20.05158,19.661171,0.9193878,4.8054495
1.0684398,1.0502174,1.9660689,0.018222451,1.7055197
1.266291,1.2467926,2.1016295,0.019498467,1.5398093
10.310798,9.8995495,10.180716,0.4112482,3.98852
1.2784163,1.1969957,2.0507982,0.08142054,6.3688593
0.2046806,0.2958289,1.2238593,0.0911483,44.531967
21.532265,17.606544,17.370356,3.9257202,18.231804
3.4097798,5.244997,5.828661,1.8352172,53.822163
0.6545771,0.45203924,1.3564048,0.20253783,30.941786
2.9392884,3.3807764,4.087856,0.44148803,15.020235
2.246259,2.8347223,3.5775437,0.5884633,26.197481
1.4346006,1.5972395,2.424198,0.1626389,11.336876
2.7953782,2.6947558,3.5065007,0.100622416,3.5995994
0.70240325,0.5389583,1.4375721,0.16344494,23.269388
4.4164658,4.6593146,5.2878933,0.24284887,5.4987154
1.670272,1.7899725,2.6761096,0.11970055,7.16653
22.034317,11.736155,11.890388,10.298162,46.736927
1.2579628,1.3350635,2.199001,0.077100635,6.1290073
11.960214,16.49208,16.586514,4.531867,37.89119
0.941542,0.8804964,1.7553302,0.061045647,6.4835815
1.5910878,1.8413055,2.656222,0.25021768,15.726201
0.49641716,0.68847644,1.5776594,0.19205928,38.68909
1.8665816,2.4527483,3.2234285,0.58616674,31.403221
0.5653212,0.40231767,1.3142021,0.16300353,28.833792
5.109442,5.831743,6.3853836,0.7223005,14.136583
5.023188,1.358871,2.2121825,3.6643171,72.94804
0.60405123,0.5423027,1.4785327,0.061748505,10.222395
1.4195191,1.2219868,2.078247,0.1975323,13.915438
0.69040525,1.0398054,1.9043992,0.34940016,50.607983
13.163119,20.458956,20.055328,7.2958364,55.426346
10.54928,13.5736065,13.618024,3.0243263,28.668554
0.5815284,0.65709877,1.7157053,0.075570345,12.995125
5.8617425,4.670256,5.293442,1.1914864,20.326488
2.647958,2.765848,3.5194345,0.11788988,4.4521055
0.34357435,0.5334747,1.4330702,0.18990034,55.27198
0.5428044,0.688951,1.5976442,0.1461466,26.924356
5.4392576,5.9164796,6.4535856,0.47722197,8.773661
0.10743839,0.16658577,1.1111467,0.05914738,55.052372
5.6349583,4.549446,5.1788945,1.0855122,19.26389
44.54442,37.508553,36.817955,7.035866,15.795168
1.4529876,1.4849954,2.3340187,0.032007813,2.2028966
4.1468153,2.5249093,3.2934775,1.621906,39.112087
6.8895435,9.592367,9.887576,2.7028236,39.23081
1.2773448,2.290442,3.0771232,1.0130972,79.31274
0.46893394,0.6290952,1.6697675,0.16016126,34.15433
0.83712244,0.67984354,1.5790087,0.1572789,18.78804
0.75745493,0.75488234,1.807869,0.002572596,0.33963686
1.2755613,1.0102022,1.8776066,0.26535916,20.803324
0.24373238,0.28514192,1.2251176,0.041409537,16.989756
0.94794565,0.87830853,1.7669055,0.06963712,7.3461084
2.421349,2.8829408,3.627375,0.46159172,19.063412
38.79915,33.427544,32.337063,5.371605,13.844647
0.15466113,0.15218578,1.0963513,0.002475351,1.6004997
0.8478201,0.6593555,1.5600578,0.18846458,22.229313
1.001629,0.70067513,1.5889583,0.30095387,30.04644
0.5901871,0.64826,1.5399724,0.058072925,9.839748
0.76883686,0.8294438,1.7266374,0.060606956,7.8829412
0.6538552,0.61755943,1.5116698,0.03629577,5.551041
16.505722,14.604176,14.563997,1.9015465,11.520529
13.347764,18.353853,18.079756,5.006089,37.505077
6.8703127,7.334341,7.8675766,0.46402836,6.7541084
0.57555366,0.65942264,1.5585308,0.08386898,14.571878
0.96090513,1.5132263,2.3450954,0.55232114,57.479256
4.220646,3.1653538,3.8879266,1.0552921,25.003096
13.110557,13.825189,13.856041,0.71463203,5.450814
9.887979,2.6987982,3.4525995,7.1891804,72.70627
0.4879454,0.39617106,1.3096793,0.091774344,18.808323
0.6500918,0.58893013,1.4871088,0.061161697,9.408163
0.8341062,0.61364174,1.5082082,0.22046447,26.431223
1.2386024,1.008549,1.8749945,0.23005342,18.57363
1.4589151,1.0396595,1.9103764,0.4192556,28.737492
7.7191696,6.083339,6.68452,1.6358304,21.191792
2.06795,1.9212272,2.7331655,0.1467228,7.095084
4.036314,5.3547783,5.9285364,1.3184643,32.66506
10.222527,6.87735,7.3507257,3.3451767,32.72358
29.730675,18.866789,18.563221,10.863886,36.541
0.98624384,0.98080575,2.023699,0.0054380894,0.551394
5.489162,6.9926867,7.457294,1.5035248,27.390789
7.8082747,9.191659,9.517406,1.3833842,17.7169
0.63058776,0.4204191,1.327359,0.21016866,33.32901
0.77433366,0.5915828,1.4900451,0.18275088,23.60105
16.874752,7.877486,8.291515,8.997266,53.317913
11.584696,13.124779,13.2790985,1.5400829,13.294117
9.765196,5.352842,5.9416723,4.412354,45.18449
42.890636,9.692116,10.00093,33.19852,77.402725
0.794296,0.67464685,1.5638298,0.11964917,15.063549
0.5616924,0.5591546,1.5398262,0.002537787,0.4518108
1.3292288,1.2645714,2.1153183,0.06465733,4.864274
3.0053704,2.725453,3.5150156,0.27991748,9.31391
33.602173,29.228102,28.283022,4.374071,13.017227
7.7380514,10.293031,10.544573,2.5549793,33.01838
0.5261374,0.4952644,1.4796104,0.030873,5.867859
1.6117289,1.9700305,2.7749279,0.35830164,22.230886
2.8236666,2.6865966,3.4518917,0.13706994,4.854325
0.5312943,0.545908,1.4510645,0.014613688,2.7505825
0.8525225,0.8348441,1.712265,0.01767838,2.0736556
2.587911,2.8911884,3.6492426,0.3032775,11.719008
0.89590234,1.0815079,1.9429189,0.18560559,20.717167
0.5918987,0.63104963,1.5227848,0.039150953,6.6144686
0.54531294,0.4562874,1.3634032,0.08902553,16.325584
15.782016,6.544168,7.038015,9.237848,58.534023
38.417187,16.330761,16.266968,22.086426,57.491
1.3648999,1.2423148,2.0925379,0.12258506,8.981249
0.5028301,0.4020159,1.3168355,0.10081419,20.049355
5.902181,8.294387,8.671886,2.3922057,40.530876
8.257784,8.144045,8.54207,0.11373901,1.3773552
1.390178,1.4244206,2.2637107,0.03424263,2.4631832
21.959015,9.92663,10.198515,12.032385,54.79474
1.3693609,0.84109795,1.719071,0.528263,38.577335
1.2463856,1.8749888,2.7535205,0.6286032,50.43409
2.726624,3.4294052,4.1324277,0.7027812,25.774776
5.219535,5.946576,6.4914603,0.72704124,13.9292345
24.49283,11.837958,11.981131,12.654872,51.66766
6.822557,6.4872026,7.1094847,0.33535433,4.9153757
2.5415475,3.18579,3.9122534,0.6442425,25.348436
1.3660506,1.3824868,2.241591,0.01643622,1.2031926
0.8975533,0.8302978,1.7099223,0.0672555,7.4932036
1.0473799,0.90181255,1.774713,0.1455673,13.898234
0.7660995,0.78160954,1.6665874,0.015510023,2.0245442
1.6526291,1.7457104,2.5644672,0.093081236,5.6323123
6.2089376,8.85347,9.201113,2.6445322,42.592346
1.2632968,1.1930208,2.1775842,0.07027602,5.5629063
1.5215245,1.6766484,2.5041819,0.15512383,10.195289
1.4927118,1.6619327,2.4854798,0.16922092,11.336476
2.603555,3.983755,4.7932997,1.3802001,53.01214
1.7696245,3.1919599,3.9120364,1.4223354,80.374985
2.4953187,4.7065625,5.324013,2.2112439,88.61569
1.2600982,1.0836546,1.9487188,0.17644358,14.002367
3.0124376,2.7820907,3.5311847,0.23034692,7.6465287
0.74366975,0.68543804,1.5740416,0.05823171,7.830319
1.6660162,1.6612306,2.5076272,0.004785657,0.28725153
1.3165047,1.3868778,2.2487738,0.07037306,5.3454466
8.823088,12.335559,12.447782,3.5124712,39.81
7.5858107,10.702066,10.936293,3.1162558,41.080063
48.777916,37.577858,36.144768,11.200058,22.96133
0.7691445,0.5065491,1.4108099,0.26259536,34.141224
0.5750099,0.5263207,1.4482491,0.048689187,8.467539
19.711512,20.846685,20.517138,1.1351738,5.7589383
1.1791413,1.1077151,2.0048304,0.07142615,6.057472
0.63601655,0.51348543,1.5260485,0.122531116,19.265398
20.71254,19.608595,19.251228,1.1039448,5.329838
1.280145,1.0759158,1.951408,0.20422924,15.953602
1.3495729,1.8306875,2.6407778,0.48111463,35.6494
15.455069,12.800517,12.897332,2.6545515,17.175928
0.6300402,0.6391089,1.530024,0.009068668,1.4393792
11.882294,15.7460785,15.915445,3.8637848,32.517162
29.01691,10.472617,10.7289915,18.544292,63.90857
0.60305595,0.5138335,1.4184314,0.08922243,14.795051
18.574837,15.414841,15.326191,3.159996,17.012241
2.2147355,2.1864297,3.0547307,0.028305769,1.2780654
2.087637,1.8859346,2.7886357,0.20170236,9.661754
5.7929482,6.263066,6.776443,0.47011757,8.115342
7.4336143,7.551771,8.030783,0.11815691,1.5894948
12.344405,13.792269,13.95393,1.4478636,11.728906
0.4941904,0.43617728,1.351351,0.05801311,11.73902
3.228348,2.769163,3.5191295,0.45918512,14.223532
0.8108818,0.8342209,1.7120838,0.023339093,2.878236
1.2582501,0.9961369,1.8670155,0.2621132,20.831566
7.5663543,8.443214,8.815529,0.87686014,11.588938
0.6642468,0.6480577,1.5383984,0.016189098,2.4372113
8.710576,11.705432,12.078075,2.9948559,34.381836
0.89280367,0.81000686,1.7529358,0.08279681,9.273798
1.3490502,1.302733,2.3558302,0.04631722,3.4333208
0.765801,0.6677271,1.6416063,0.0980739,12.806708
0.8356971,0.69099545,1.5920402,0.14470166,17.315084
1.8180321,1.7648077,2.5893085,0.053224444,2.9275854
0.62388486,0.82744265,1.707158,0.20355779,32.62746
1.2365863,1.9121368,2.7219837,0.67555046,54.630272
2.7693107,2.5986342,3.358351,0.17067647,6.163139
7.1726747,7.7736025,8.188153,0.6009278,8.3780155
1.2741597,1.0853305,1.9608219,0.18882918,14.8199005
0.6104275,0.64822876,1.5548166,0.037801266,6.192589
0.7088368,0.7227632,1.6136646,0.013926387,1.9646817
0.7776977,1.2519984,2.1052575,0.47430074,60.987804
1.7167987,1.485203,2.3215132,0.23159564,13.48997
0.6960463,0.55077827,1.459732,0.14526802,20.870455
2.3604627,2.3331048,3.1136107,0.027357817,1.1590023
1.4884925,1.9205413,2.7256782,0.4320488,29.02593
1.2092584,0.9395982,1.8235205,0.26966023,22.299635
0.46092206,0.38710472,1.3452358,0.07381734,16.015146
2.741753,3.7605143,4.445115,1.0187612,37.15729
5.2364655,5.7284994,6.2827597,0.49203396,9.396299
0.31187633,0.2916127,1.2147703,0.020263612,6.497323
3.017422,3.720683,4.4059134,0.70326114,23.306688
0.25266662,0.2813964,1.1994008,0.028729767,11.370623
1.1359112,1.0135679,1.8965118,0.1223433,10.770498
1.1879882,1.2022765,2.0556746,0.014288306,1.2027314
1.2404282,1.324265,2.3784602,0.083836794,6.758698
0.6752623,0.63214886,1.5241953,0.04311341,6.3846917
2.2539918,2.0673177,2.8804755,0.18667412,8.281934
0.8988286,0.8226572,1.7024328,0.0761714,8.474519
1.1893262,1.3037846,2.1506789,0.11445844,9.623806
13.949774,11.641701,11.823936,2.308073,16.545595
7.1175194,7.394105,7.836177,0.27658558,3.8859828
1.8689616,1.8785427,2.69081,0.009581089,0.5126424
0.5484697,0.61610746,1.5126226,0.06763774,12.332083
0.58556265,0.5275259,1.4270782,0.058036745,9.911279
10.336142,3.2441206,3.9618008,7.092021,68.613815
4.1632524,3.73989,4.4229116,0.42336226,10.169027
3.1975703,3.0330405,3.779428,0.1645298,5.145463
24.919352,12.02725,12.15828,12.892101,51.7353
0.73802143,0.59011996,1.4859434,0.14790148,20.040268
23.467146,23.400309,22.801193,0.06683731,0.28481227
0.6191418,0.47004363,1.3778237,0.14909819,24.081427
1.2164108,1.2867954,2.1387208,0.07038462,5.7862544
30.473951,27.825747,26.959389,2.6482048,8.690061
0.98989236,0.9271276,1.8015093,0.062764764,6.3405647
7.0918884,7.7652435,8.188097,0.6733551,9.494722
22.02344,13.30522,13.351671,8.71822,39.586094
1.0723643,0.90153074,1.7794089,0.17083359,15.930554
0.22167139,0.4551051,1.3645377,0.23343371,105.3062
1.1741782,1.2069356,2.0651443,0.0327574,2.789815
6.3367867,7.16619,7.619338,0.8294034,13.088706
1.6853642,2.8411362,3.587873,1.155772,68.57698
0.8432626,1.1679928,2.0253932,0.32473022,38.50879
1.1508448,1.2371233,2.09016,0.08627844,7.4969654
5.0869646,5.4937825,6.060661,0.4068179,7.997263
9.359889,13.014027,13.082901,3.6541376,39.040394
32.69628,23.77402,23.14278,8.922262,27.288307
2.2847378,4.2318873,4.8829284,1.9471495,85.2242
0.09079005,0.13217331,1.1077703,0.041383266,45.58128
3.3801866,4.666725,5.3512063,1.2865386,38.06117
35.31826,1.4434783,2.2808275,33.874783,95.91294
0.9226291,0.8549497,1.7316103,0.067679405,7.335494
7.8368526,9.326655,9.690708,1.4898028,19.01022
0.6788967,0.61316013,1.5146372,0.06573659,9.682856
0.5173618,0.5917777,1.4874134,0.07441586,14.383718
3.9179232,4.577974,5.2253313,0.66005063,16.846952
1.6472032,1.2167232,2.0694106,0.43048,26.133995
0.9367703,1.110287,1.9695027,0.17351663,18.522858
1.5053512,1.2031744,2.060495,0.30217683,20.073511
1.5794439,1.9897666,2.7938397,0.41032267,25.978931
0.5103893,0.54265285,1.452824,0.032263517,6.3213544
1.5935916,2.012734,2.8110192,0.41914237,26.301744
1.031773,0.8482125,1.7295308,0.18356049,17.790783
1.0742127,0.9479383,1.9372059,0.12627435,11.75506
0.8213538,0.68394625,1.5732532,0.13740754,16.729397
0.60679644,0.6085137,1.5164918,0.0017172694,0.28300583
0.124682136,0.14275898,1.108942,0.018076845,14.498343
1.2175286,1.0397987,1.9035772,0.17772985,14.59759
7.044377,5.6939554,6.2449985,1.3504214,19.170204
0.94981396,1.3367474,2.18262,0.38693345,40.737812
6.5404997,7.8194647,8.242896,1.278965,19.554546
1.948114,2.14772,2.9418695,0.19960606,10.246118
0.49259764,0.44877023,1.3538793,0.043827415,8.897203
0.5492423,0.6129588,1.5060467,0.06371647,11.600794
0.6025734,0.5008931,1.4025426,0.10168028,16.87434
0.5125347,0.60358846,1.6649331,0.091053784,17.765388
18.374874,12.967498,13.103412,5.4073763,29.428099
1.1225165,1.013659,1.9068122,0.10885751,9.697632
1.2590057,0.9296198,1.8022223,0.32938588,26.162382
7.561513,10.045684,10.308299,2.484171,32.85283
2.1050863,1.9483945,2.7585099,0.15669179,7.4434853
0.28828883,0.259087,1.180478,0.029201835,10.129368
1.1119381,1.133682,1.993118,0.021743894,1.9554949
1.9776918,1.9804707,2.8627372,0.0027788877,0.14051168
6.310166,3.8899446,4.5714912,2.4202213,38.35432
1.2474571,0.9452449,1.8225712,0.30221224,24.226263
0.41668847,0.42001715,1.3507917,0.003328681,0.79884166
0.5884686,0.775903,1.6582173,0.18743438,31.85121
2.378833,2.4099002,3.1838527,0.031067133,1.3059821
0.5991162,0.57688653,1.4764116,0.022229671,3.7104106
0.52437776,0.4883569,1.3904651,0.036020875,6.869261
4.0909014,3.9941125,4.7624903,0.09678888,2.3659549
1.0482666,0.90959644,1.7820017,0.1386702,13.228524
15.448125,17.411022,17.228727,1.9628973,12.706379
10.577097,13.459863,13.516193,2.8827658,27.254793
3.0761614,2.6945667,3.4506288,0.38159466,12.404898
3.604261,5.366752,5.9400835,1.7624912,48.90021
33.72214,31.691025,30.60429,2.0311165,6.0230947
1.6318009,2.429734,3.4119914,0.7979331,48.898926
6.473531,10.609123,10.836612,4.1355925,63.884647
0.9762126,0.8705635,1.7462655,0.10564911,10.822346
0.75865316,0.69784665,1.5866717,0.060806513,8.01506
2.0194533,1.6967022,2.5257418,0.32275105,15.9821005
15.449314,17.63673,17.400791,2.187416,14.158662
27.898,29.631649,28.674187,1.7336483,6.2142386
5.7775345,3.9007707,4.578085,1.8767638,32.483818
11.022412,12.940091,13.0129595,1.9176788,17.397995
5.726406,6.8207436,7.2984314,1.0943375,19.11037
1.0009513,1.1274476,1.9909923,0.12649632,12.6376095
1.8430346,2.782135,3.7749925,0.9391004,50.95403
44.243805,30.56176,29.67652,13.682045,30.924204
0.61610657,0.7284441,1.6141564,0.11233753,18.233458
0.8129114,0.7551615,1.6551371,0.057749867,7.104079
3.9586163,3.0515652,3.811512,0.9070511,22.913338
1.0284907,1.0486112,1.9288825,0.020120502,1.9563135
0.55702436,0.7645962,1.6466908,0.20757186,37.264416
5.5452642,6.5076666,7.009853,0.96240234,17.355392
1.5231068,1.0702953,1.9324527,0.45281148,29.729462
0.7244354,0.79790366,1.6782295,0.07346827,10.141452
31.527857,13.000045,13.090807,18.527813,58.766483
6.089726,6.396508,6.942623,0.30678225,5.037702
17.194584,18.458057,18.201244,1.2634735,7.34809
2.4315622,2.8798077,3.62871,0.44824553,18.434467
21.85831,16.540537,17.616867,5.317774,24.328384
6.0846953,8.570994,8.931285,2.486299,40.86152
0.9149765,0.76818156,1.6531106,0.14679492,16.043571
0.7750623,0.66391885,1.5694371,0.11114347,14.33994
0.86480093,0.7966988,1.680044,0.06810212,7.87489
2.861672,2.5088995,3.3355515,0.35277247,12.327496
1.4757862,1.3807731,2.2232733,0.09501314,6.438137
4.511121,5.572627,6.1348305,1.0615063,23.530876
6.8524337,4.0531363,5.242949,2.7992973,40.851143
1.1646949,1.3015254,2.1489482,0.13683045,11.748179
1.1596428,1.1691809,2.0365446,0.0095380545,0.82249933
22.047743,23.75601,23.164352,1.7082672,7.748037
0.5115827,0.42336437,1.3352047,0.0882183,17.244192
0.7422814,0.6617223,1.5594485,0.080559075,10.852902
0.9508336,0.80496347,1.6858364,0.14587015,15.34129
5.349755,6.8921013,7.3711934,1.5423465,28.830227
1.0068418,0.9075494,1.7838099,0.0992924,9.861767
0.83615106,0.7605258,1.675637,0.07562524,9.044447
39.49055,19.640537,19.28785,19.850014,50.265224
0.59093285,0.62925243,1.520841,0.038319588,6.4845924
3.3131535,3.0239186,3.754022,0.28923488,8.729897
38.475487,34.65622,33.431187,3.8192673,9.926495
3.2655196,3.5443578,4.2445526,0.27883816,8.53886
2.5817275,3.2464852,3.9615622,0.6647577,25.748562
1.2684901,1.1251762,1.9831393,0.14331388,11.29799
2.3276753,2.460666,3.3420374,0.1329906,5.7134514
5.601705,3.6374788,4.3271046,1.9642262,35.064793
2.3293846,3.1083388,3.836764,0.77895427,33.440346
19.583035,5.9774413,6.5132995,13.605593,69.47643
10.291287,8.611103,9.223903,1.6801844,16.326279
1.6157063,1.4454713,2.2825525,0.17023504,10.536262
18.370651,19.653345,19.457905,1.2826939,6.982299
0.8243418,0.74301124,1.6392714,0.08133054,9.866118
0.89007294,0.9014026,1.7870666,0.011329651,1.2728902
7.2070856,8.021127,8.417705,0.81404114,11.2950115
5.53938,7.4790525,7.9195337,1.9396725,35.01606
20.85737,22.611921,22.068665,1.7545509,8.412139
0.8975603,0.7797388,1.6828156,0.117821515,13.1268635
0.927865,0.7577082,1.6463583,0.17015684,18.338533
0.52201545,0.5013356,1.4062123,0.020679832,3.9615362
1.5326152,1.6607349,2.4842997,0.1281197,8.359549
0.67841434,0.86986756,1.7453002,0.19145322,28.22069
0.7074501,0.707904,1.6103692,0.00045388937,0.0641585
6.108793,9.727892,10.033864,3.6190991,59.2441
4.890883,5.5912414,6.1687784,0.7003584,14.319673
2.7839146,2.227743,3.0240896,0.55617166,19.978043
1.7662673,1.5090952,2.3614767,0.2571721,14.560204
0.4043507,0.47852647,1.4922054,0.074175775,18.344418
0.7044055,0.58196294,1.4792086,0.12244254,17.382395
2.480443,2.7392564,3.4966543,0.25881338,10.434159
0.6439168,0.7293608,1.6210299,0.08544403,13.269422
1.0956435,1.2011847,2.0546088,0.10554123,9.632808
1.3519454,1.0742486,1.9400758,0.27769685,20.540537
0.63967246,0.5042529,1.4171944,0.13541955,21.17014
4.821872,5.0604153,5.9834013,0.23854303,4.947104
1.9064145,2.0974364,2.8984325,0.19102192,10.019958
5.188177,3.989007,4.687864,1.1991701,23.113514
0.5604936,0.70744264,1.5981805,0.14694905,26.217794
42.647408,31.655254,30.578783,10.992153,25.774494
1.6986295,1.8546972,2.6672013,0.15606773,9.187862
2.0699203,2.1962504,2.9854536,0.12633014,6.1031404
1.3295368,1.3015037,2.157417,0.028033137,2.108489
29.970526,28.404238,27.520298,1.566288,5.2260947
0.7131579,0.6725395,1.5623027,0.04061842,5.695572
2.9593942,2.7585595,3.5663776,0.20083475,6.786347
0.50160635,0.58902514,1.5187697,0.087418795,17.427769
3.0607548,3.26477,3.991816,0.20401525,6.665521
13.84223,11.289646,11.469653,2.5525837,18.440552
0.28755838,0.27701515,1.2229435,0.010543227,3.666465
4.385175,3.9054704,4.688584,0.47970486,10.93924
13.649433,14.724372,14.682146,1.0749388,7.8753366
0.19215274,0.3443087,1.2620239,0.15215597,79.184906
6.1315007,3.7224035,4.4119725,2.4090972,39.290497
10.74255,8.245759,8.946701,2.496791,23.24207
0.8590477,0.63233566,1.5259871,0.22671205,26.39109
2.0667922,2.4205942,3.198045,0.35380197,17.11841
4.821867,6.5581894,7.053749,1.7363224,36.00934
1.877558,1.8182988,2.6310391,0.059259176,3.1561835
1.828297,1.8504164,2.6793842,0.022119403,1.2098364
12.000188,14.587038,14.5512705,2.5868502,21.556747
0.4869943,0.36757565,1.2827733,0.11941865,24.52157
0.54857254,0.51120365,1.4178159,0.037368894,6.812024
0.6606745,0.90384877,1.7780945,0.24317425,36.806965
3.7209826,3.4447632,4.1868563,0.27621937,7.423291
1.7659649,0.89388585,1.7690465,0.872079,49.38258
1.0111475,0.8217702,1.7016468,0.18937731,18.72895
20.769083,21.166245,20.714119,0.39716148,1.9122726
2.819609,3.1888814,3.9086666,0.36927247,13.096584
1.1226419,1.0449243,1.9083282,0.07771766,6.922747
0.74636567,0.63018477,1.5254123,0.1161809,15.566216
0.8489778,0.821345,1.7021085,0.027632833,3.2548356
0.54787403,0.58150566,1.4787717,0.033631623,6.1385684
1.0186292,0.81679666,1.6992533,0.20183253,19.814133
1.3134898,1.6815321,2.5034826,0.36804235,28.02019
0.7498174,0.5785086,1.4794158,0.17130876,22.84673
36.70409,10.4912405,10.823276,26.212849,71.416695
0.5277265,0.60241675,1.521946,0.07469028,14.153219
9.922084,8.048399,8.442577,1.8736849,18.883986
0.5399666,0.5302391,1.432636,0.009727478,1.8014963
6.0552707,7.5656023,7.9931335,1.5103316,24.942429
0.7922737,0.6292709,1.5213273,0.16300279,20.57405
16.239992,6.789035,7.2668767,9.450957,58.195576
3.05605,2.7656772,3.5612378,0.29037285,9.501574
1.5303785,1.6030152,2.428598,0.07263672,4.746324
3.934819,3.87949,4.566495,0.055329084,1.4061406
11.799107,15.061386,15.105034,3.2622795,27.648531
0.7179181,0.6146873,1.5205321,0.103230774,14.379185
0.98245525,1.125293,1.9831976,0.14283776,14.5388565
1.2972715,1.474587,2.470288,0.17731547,13.668341
1.4859039,1.4645789,2.3049374,0.021324992,1.4351529
2.64079,3.1677427,3.8931541,0.52695274,19.954361
0.49107957,0.59675884,1.546425,0.10567927,21.519787
0.9396313,1.015346,1.8815349,0.07571477,8.057923
0.13345039,0.18474002,1.1325834,0.051289633,38.433483
2.982914,3.3565435,4.0693583,0.37362957,12.525657
0.7236121,0.6345401,1.5396249,0.08907205,12.309363
12.163311,7.216299,7.666683,4.947012,40.67159
12.483393,13.719241,13.737701,1.2358484,9.89994
20.980694,22.754642,22.202879,1.7739487,8.455148
0.5189409,0.5861343,1.4837924,0.06719339,12.948177
1.1951516,1.0678775,1.9344032,0.12727404,10.649197
15.943615,9.340566,9.658689,6.6030493,41.41501
4.668473,5.614267,6.177555,0.9457941,20.259174
0.80582094,0.6640183,1.564706,0.14180267,17.597294
3.83235,3.9924445,4.6859403,0.1600945,4.1774497
41.331715,18.002455,17.752563,23.32926,56.44397
5.176485,6.228549,6.7460413,1.052064,20.323904
3.8203332,4.334493,4.98199,0.5141599,13.458509
15.495144,15.255196,15.328342,0.23994827,1.5485386
1.2692187,1.3375037,2.181952,0.06828499,5.3800807
0.56862134,0.6211287,1.5243382,0.05250734,9.234149
2.6613908,3.0677466,3.800856,0.40635586,15.268553
1.2775037,1.0847707,2.0303288,0.19273305,15.086691
1.7887172,1.9027147,2.7182932,0.11399758,6.373147
3.1327999,3.7392664,4.4300194,0.60646653,19.35861
0.786806,0.57054687,1.4705496,0.21625912,27.485699
6.6644816,10.320869,10.56518,3.6563878,54.8638
7.0352936,8.126577,8.561403,1.0912838,15.51156
26.247812,14.628391,14.602392,11.619421,44.26815
1.0067806,1.1303129,2.012052,0.123532295,12.270031
1.0252639,1.231854,2.234581,0.20659006,20.14994
0.25988078,0.27145308,1.1956145,0.011572301,4.452927
0.76703876,0.6747973,1.7048835,0.092241466,12.02566
0.8992804,1.5469699,2.3771417,0.64768946,72.02308
1.8767382,1.7341273,2.5526536,0.14261091,7.5988708
4.831045,2.8994231,3.6440215,1.931622,39.98352
6.5835934,7.191066,7.703102,0.6074724,9.227065
7.5359764,8.844298,9.459261,1.308322,17.361015
1.2303408,1.1993294,2.0769613,0.031011462,2.5205586
4.6312647,6.5608497,7.0549717,1.929585,41.66432
1.3242432,1.2435949,2.12626,0.0806483,6.090143
3.6529145,4.46083,5.095841,0.8079157,22.117016
12.579766,13.656397,13.685134,1.0766306,8.558431
4.789525,5.3805933,5.975936,0.59106827,12.340854
1.1762568,1.2040584,2.0600266,0.027801633,2.3635683
9.081516,11.464046,11.631156,2.3825293,26.234928
0.45690897,0.4881829,1.3911548,0.03127393,6.8446746
0.92510545,0.78294027,1.6786283,0.14216518,15.367457
0.5663588,0.48369384,1.3875997,0.08266497,14.595865
4.4010687,4.6519537,5.277114,0.250885,5.7005477
0.28164738,0.37607872,1.2993385,0.09443134,33.528217
6.2359376,5.3511214,6.0231266,0.88481617,14.188983
4.6548347,3.1656508,3.8940325,1.4891839,31.992199
0.5894365,0.45594412,1.3687515,0.13349235,22.647455
3.2344136,4.565176,5.1957197,1.3307624,41.143852
5.7255783,7.9261684,8.330167,2.2005901,38.434376
0.77274406,1.0118983,1.8821412,0.23915422,30.948698
1.6166055,1.4925442,2.3796725,0.124061346,7.674188
1.3275318,2.278826,3.0597272,0.9512942,71.65886
3.941889,4.521281,5.1523895,0.5793917,14.698326
0.5156321,0.52358484,1.4882625,0.00795275,1.5423303
6.260482,6.2325554,6.7843637,0.027926445,0.44607502
6.5339985,5.4712076,6.0506706,1.0627909,16.26555
22.407553,17.673223,17.456402,4.734329,21.128275
1.5077714,1.5389311,2.3700507,0.031159759,2.0666103
3.1756213,3.9939241,4.9912624,0.81830287,25.768276
1.6290135,1.6598463,2.4977152,0.030832767,1.8927263
4.7258534,6.064752,6.5942607,1.3388987,28.331362
5.2071347,5.438253,6.0916157,0.2311182,4.438491
0.9921004,0.95710444,1.987644,0.034995973,3.5274627
2.7315383,4.043744,4.7106733,1.3122058,48.039078
0.5114584,0.5994922,1.4941349,0.088033795,17.212307
31.298038,28.92635,28.177847,2.3716888,7.5777555
1.2583048,1.1125886,1.993792,0.14571619,11.580357
2.0825937,2.4766443,3.2439377,0.3940506,18.921146
2.082881,2.7613847,3.5116374,0.67850375,32.575253
4.0402913,4.112403,4.7712,0.07211161,1.7848121
2.3420663,2.306375,3.0859933,0.03569126,1.523922
1.264494,1.480717,2.314919,0.216223,17.099567
9.301729,12.403767,12.513625,3.1020374,33.34904
43.968033,25.372322,24.698399,18.59571,42.293705
2.092928,2.614431,3.374977,0.521503,24.917389
1.4360076,1.5923233,2.6225684,0.15631568,10.885436
0.7375613,0.6645037,1.5559433,0.07305759,9.905292
7.1730037,11.266608,11.453989,4.0936046,57.0696
0.64549977,0.6088021,1.5016649,0.036697686,5.6851587
6.9182715,4.493192,5.125381,2.4250793,35.053253
5.8028665,6.8494983,7.3245587,1.0466318,18.03646
0.77978677,1.0141115,1.8807477,0.23432475,30.04985
3.1045632,2.9356754,3.6916795,0.16888785,5.4399877
2.4416387,2.1178992,3.0043788,0.32373953,13.2591095
37.907505,10.704748,11.018508,27.202757,71.76087
1.5212498,1.7471001,2.563911,0.22585034,14.846368
1.4699664,1.3250327,2.1855135,0.1449337,9.859661
3.8506942,3.821754,4.554151,0.0289402,0.751558
1.5900567,1.938576,2.741777,0.34851933,21.918673
2.4034123,3.1711388,4.0122056,0.7677264,31.943184
13.866374,17.094913,17.291021,3.2285395,23.283228
3.0994678,3.6325426,4.337599,0.53307486,17.198917
19.6772,3.2020187,3.9213734,16.475182,83.727264
2.512931,2.9618871,3.703833,0.448956,17.86583
8.210364,9.297607,9.62698,1.0872431,13.242324
3.2830842,3.9230652,4.593296,0.63998103,19.493288
11.4806595,12.520106,12.626557,1.0394468,9.053895
25.277678,24.248999,23.604988,1.0286789,4.069515
16.08096,9.567538,10.701268,6.513421,40.503933
0.85877126,0.7482729,1.6386207,0.11049837,12.867032
1.890987,2.466142,3.2338822,0.5751549,30.415592
0.6256953,0.60695696,1.502355,0.01873833,2.994801
1.1753606,0.9642365,1.8344047,0.21112406,17.962494
0.3988307,0.4182745,1.3275641,0.01944378,4.8751965
4.591372,5.2751775,5.8601365,0.68380547,14.8932705
0.729882,0.7857684,1.6692822,0.055886388,7.656907
21.306658,21.876425,21.429035,0.569767,2.6741266
1.4926839,1.2664003,2.115687,0.22628355,15.159509
1.3557574,1.1273642,1.98539,0.2283932,16.84617
0.8348012,0.9473506,1.9992491,0.112549424,13.4821825
1.9585127,1.9114399,2.716948,0.04707277,2.4034958
1.4424845,1.3216863,2.1762738,0.12079823,8.374317
0.84795165,0.74740505,1.6309215,0.1005466,11.857586
2.222315,2.1742806,3.0338607,0.04803443,2.161459
0.5537341,0.6977093,1.6061288,0.1439752,26.000782
0.70041525,0.84072185,1.7209927,0.14030659,20.031916
1.5578569,1.811898,2.6247113,0.25404108,16.307087
3.3464975,3.028782,3.780881,0.31771564,9.493975
0.882445,0.8347367,1.7236218,0.047708273,5.4063735
0.5089641,0.398845,1.3392742,0.110119134,21.635933
0.33230108,0.2812561,1.2085887,0.05104497,15.36106
1.6144831,1.7332346,2.5534291,0.118751526,7.3553896
6.6457686,3.1346722,3.8628385,3.5110965,52.83206
0.6451335,0.7552898,1.653517,0.1101563,17.074963
5.7253547,7.1075916,7.761644,1.382237,24.142382
1.1217495,0.9354687,1.8092443,0.18628085,16.606277
31.616835,27.840445,26.94623,3.77639,11.944239
6.4131064,4.6091213,5.2389684,1.8039851,28.129662
0.8511775,0.7021704,1.5892448,0.14900714,17.506
1.3684258,1.5521724,2.381073,0.18374658,13.427587
1.1790224,1.3823237,2.2233348,0.20330131,17.24321
0.4454371,0.38996872,1.3025012,0.05546838,12.452573
0.6483119,0.6773063,1.5664339,0.028994381,4.472289
16.937336,16.201128,16.059467,0.73620796,4.3466573
0.4265366,0.4563104,1.3638322,0.029773802,6.980363
28.00397,14.600854,14.566824,13.403115,47.861485
1.1148103,1.2162898,2.0799122,0.10147941,9.102841
0.5864736,0.42464194,1.3309616,0.16183165,27.59402
1.0944662,1.0302722,1.9077656,0.064193964,5.8653216
0.5082734,0.39222217,1.3646036,0.11605126,22.832445
22.413507,19.626192,19.2682,2.7873154,12.435873
0.6101651,0.8936163,1.7676624,0.2834512,46.454834
0.8658261,0.7934004,1.6773171,0.07242566,8.364921
1.0298996,1.001826,1.8690579,0.02807355,2.725853
0.6032554,0.6902722,1.6520673,0.08701682,14.4245405
47.585663,3.6438127,4.333303,43.94185,92.34263
0.45377952,0.5433705,1.445476,0.08959097,19.743282
3.7502122,4.354466,4.995836,0.60425377,16.112522
14.987517,17.401703,17.183401,2.4141855,16.107975
9.752079,2.9023142,3.6473875,6.849765,70.23902
0.5980208,0.5847969,1.4928536,0.0132238865,2.2112753
0.8156623,0.5464146,1.4498075,0.2692477,33.0097
0.7744963,0.77315044,1.813902,0.0013458729,0.17377396
3.976515,2.4935024,3.2661455,1.4830127,37.29428
2.1774962,3.005093,3.737108,0.8275969,38.006813
2.0544815,1.4591632,2.2955508,0.5953183,28.976572
2.6898549,1.8212266,2.6561477,0.86862826,32.292755
1.2418956,1.3304405,2.1789973,0.088544965,7.129823
0.36862,0.70443094,1.6220584,0.33581093,91.09949
0.5390989,0.6564958,1.5513723,0.11739689,21.776503
14.277066,12.599299,12.751098,1.6777668,11.751481
1.4172024,1.8123388,2.6278703,0.39513648,27.881445
0.98516697,1.1108718,1.9848331,0.12570482,12.759748
38.69409,6.962333,7.429757,31.731758,82.00673
0.06263914,0.11012991,1.1074129,0.047490768,75.816444
15.548481,7.586998,8.01268,7.961483,51.20425
7.7120485,6.3887362,6.894658,1.3233123,17.159023
15.122114,18.341677,18.06982,3.2195625,21.290424
1.2592838,0.99253047,1.8629036,0.26675332,21.18294
13.939935,11.256762,11.440106,2.6831732,19.248104
0.635679,0.49697912,1.4081788,0.13869989,21.819172
3.4367719,2.4083521,3.1833253,1.0284197,29.924004
0.89932126,0.7091775,1.600948,0.19014376,21.14303
1.3523642,1.2295601,2.0807872,0.122804046,9.080694
1.4467559,1.6694613,2.491525,0.22270536,15.393431
2.7048607,3.6858993,4.3714485,0.9810386,36.269466
0.91485584,0.84755766,1.7248884,0.067298174,7.3561506
0.5292055,0.43669644,1.3565292,0.09250906,17.480743
3.3244262,4.881942,5.494776,1.5575156,46.85066
0.76506406,0.7103319,1.5999266,0.054732144,7.153929
3.5173888,4.3195686,4.9632993,0.8021798,22.806116
9.988555,9.373153,9.691587,0.6154022,6.1610737
15.5345545,14.630553,14.669523,0.90400124,5.819293
47.007717,33.8105,32.66763,13.197216,28.074572
0.815341,0.59694934,1.4943962,0.21839166,26.785315
18.45859,25.701326,24.978146,7.242737,39.23776
3.4783764,3.685504,4.3719316,0.20712757,5.95472
2.8629484,3.8729281,4.5507383,1.0099797,35.277607
0.83901966,0.82962203,1.7100748,0.009397626,1.1200722
1.3701512,1.3578207,2.2082698,0.012330413,0.89993083
0.72570795,0.64282537,1.549697,0.08288258,11.420928
1.6435903,1.6658921,2.5108252,0.022301793,1.3568949
5.0824084,6.7187395,7.201121,1.6363311,32.195976
5.2106314,5.485868,6.1329436,0.2752366,5.2822123
1.0567667,0.94039917,1.8115293,0.11636758,11.011662
0.3448846,0.45608,1.3618842,0.111195385,32.24133
1.8715554,2.4029927,3.1756816,0.5314373,28.395487
0.93941617,1.1108205,1.9697144,0.17140436,18.245838
0.29352704,0.30286387,1.2452589,0.009336829,3.1809094
0.96541333,0.74120116,1.625176,0.22421217,23.224474
0.60856783,0.510113,1.420104,0.09845483,16.17812
1.3045423,1.2462132,2.20592,0.058329105,4.4712315
0.5427192,0.6214446,1.5142204,0.0787254,14.505733
1.8197966,1.8023102,2.6162195,0.017486334,0.960895
5.021798,3.2393332,3.965742,1.782465,35.494556
0.75159866,0.63490665,1.5293376,0.11669201,15.525841
11.3438835,12.5162325,12.759907,1.172349,10.334635
0.5412225,0.6309545,1.5270686,0.08973199,16.5795
9.141754,13.985088,13.989732,4.843334,52.980362
0.6298576,0.53581846,1.4376063,0.09403914,14.930223
0.57643604,0.60274804,1.4976696,0.026311994,4.564599
15.0016,16.52573,16.358866,1.5241299,10.159782
0.49736068,0.41757005,1.4163125,0.07979062,16.042809
0.88134694,1.2628634,2.1114833,0.38151646,43.287888
13.440757,14.080881,14.08535,0.6401243,4.762562
1.7727544,2.1242523,2.9157135,0.3514979,19.827782
1.5829487,1.7832377,2.5967197,0.20028901,12.652905
6.3312464,5.860533,6.4498963,0.47071314,7.4347625
0.635505,0.52675927,1.4287089,0.108745754,17.111708
0.4916665,0.5642438,1.4624478,0.0725773,14.761489
1.0647172,0.9119431,1.7843893,0.1527741,14.348796
2.0004435,2.0752192,2.8877428,0.074775696,3.737956
1.9482334,2.9499135,3.6864529,1.0016801,51.41479
2.1671298,2.1275814,2.968168,0.039548397,1.8249205
1.0633974,0.9099033,1.7840126,0.15349412,14.434314
0.5619701,0.6466656,1.5405065,0.08469546,15.071167
3.3273141,2.4197006,3.1900527,0.9076135,27.277662
39.187496,16.069242,17.229536,23.118254,58.993958
4.0345583,4.501744,5.1346116,0.4671855,11.579596
2.8158004,4.1342793,4.793436,1.3184788,46.8243
0.80442524,1.0499477,1.91349,0.2455225,30.52148
9.320663,13.707083,13.72753,4.3864193,47.061237
0.9781473,0.91051996,1.7868388,0.06762737,6.9138227
5.8837566,8.191743,8.578218,2.3079863,39.226406
0.5598167,0.6572497,1.547724,0.09743297,17.404442
1.0552111,1.08619,1.9471996,0.030978918,2.935803
0.5784466,0.38927093,1.3045783,0.1891757,32.70409
5.0340257,6.333844,7.023595,1.2998185,25.820658
0.6295389,0.5762832,1.476442,0.053255677,8.459474
0.9363418,1.0135179,1.8788217,0.077176034,8.242293
1.5285794,1.6738245,2.4974053,0.1452452,9.501972
1.1496013,1.055233,1.9711058,0.09436834,8.208789
1.0730937,1.42946,2.275447,0.3563664,33.20925
1.4587904,1.5644791,2.3959372,0.10568869,7.2449536
2.6003177,4.145387,4.803431,1.5450695,59.418488
16.991129,14.125871,14.19232,2.8652582,16.86326
8.087039,9.167799,9.491599,1.08076,13.3641
0.8318625,1.0114567,2.0657763,0.17959422,21.58941
0.6548964,0.55671704,1.460998,0.09817934,14.991584
6.985822,7.418215,7.863128,0.4323926,6.1895733
1.1847999,1.332681,2.2256396,0.14788103,12.48152
13.996756,15.231796,15.1783,1.2350407,8.823764
15.188664,21.744207,21.248178,6.555543,43.160763
8.91791,9.548013,9.858072,0.6301031,7.065592
2.8063936,4.429839,5.067511,1.6234455,57.848103
1.4568024,1.5906291,2.4400861,0.13382673,9.186334
0.4997669,0.37967354,1.3338052,0.120093346,24.029873
4.3229756,4.241008,4.9516673,0.08196783,1.8960974
3.5596316,3.196931,3.915805,0.3627007,10.189276
1.0000485,0.7951989,1.676767,0.2048496,20.483967
0.7784681,0.48407346,1.3873245,0.2943946,37.817173
0.18145981,0.19735946,1.1297665,0.015899643,8.762074
0.6613439,0.54886925,1.4463445,0.11247462,17.00698
0.56645197,0.50424016,1.4060029,0.06221181,10.982716
1.1807287,0.9050715,1.7821455,0.27565718,23.346361
0.77888423,0.625335,1.5322022,0.15354925,19.714003
0.4950775,0.42753655,1.425387,0.06754094,13.642499
1.7937983,2.9807043,3.716261,1.186906,66.16719
4.15184,4.3136187,4.9568486,0.16177845,3.896548
2.9037282,3.0844178,4.005206,0.18068957,6.2226753
0.93866765,0.82281196,1.7022697,0.115855694,12.342568
0.8272487,0.57040405,1.4690894,0.25684464,31.048056
8.106481,5.9811163,6.5267115,2.1253643,26.21809
0.62519246,0.8232691,1.7116641,0.19807667,31.68251
3.194797,2.1713364,3.0559256,1.0234606,32.035233
0.64687705,0.6287669,1.5233465,0.018110156,2.7996287
13.687932,13.796805,13.846989,0.10887337,0.79539675
9.2730665,14.722175,14.678772,5.449108,58.762745
0.4799786,0.497639,1.4058255,0.01766041,3.679416
0.54002774,0.6224878,1.514573,0.082460046,15.269593
0.11948972,0.18511647,1.1729707,0.06562675,54.922504
5.1903744,2.1716952,2.9621272,3.0186791,58.15918
19.610287,17.214771,17.00357,2.3955154,12.215607
3.49327,4.39832,5.0447235,0.9050503,25.908398
36.987553,23.816404,23.19546,13.171148,35.60968
2.7940266,2.7292647,3.4799228,0.06476188,2.317869
1.0620615,1.393379,2.2385807,0.33131742,31.195692
1.2995292,1.3446882,2.1892803,0.045158982,3.4750264
0.7728129,0.56671,1.4696965,0.20610291,26.669186
10.9470825,17.135502,16.939037,6.1884193,56.530304
0.54009634,0.48120943,1.4725072,0.058886915,10.903039
0.783297,0.58992195,1.5150135,0.19337505,24.687323
32.94224,32.43885,31.275732,0.50339127,1.5281026
1.3967359,1.0832615,1.948281,0.31347442,22.443357
0.4960674,0.68199027,1.5733968,0.18592286,37.47935
11.690883,14.385208,14.362978,2.6943254,23.046383
0.7366539,0.6030303,1.4976814,0.1336236,18.139263
1.402875,1.5011263,2.3451366,0.09825134,7.003571
2.4319081,3.7080407,4.3917174,1.2761326,52.47454
0.23913498,0.2120596,1.1436403,0.02707538,11.322217
1.1894666,1.0571237,1.9314218,0.13234293,11.126242
36.146862,19.94057,19.5912,16.206291,44.83457
0.5523741,0.5627365,1.4732769,0.010362387,1.8759725
1.1024672,0.89018226,1.7648356,0.21228492,19.255442
0.5077639,0.397713,1.3395624,0.11005092,21.67364
0.26395607,0.4698535,1.3729651,0.20589742,78.00443
41.416153,35.105953,33.789207,6.3101997,15.236083
1.1964113,1.1643283,2.020846,0.032082915,2.6815958
1.049788,0.88450074,1.7589139,0.16528726,15.744822
6.530708,6.0113935,6.6003666,0.5193143,7.9518833
10.788761,5.090739,5.6829987,5.6980224,52.814426
12.746552,15.659826,15.561119,2.9132738,22.855387
4.4375076,5.2050467,5.792135,0.767539,17.296625
1.6254612,1.6554377,2.4852698,0.029976487,1.8441834
1.7005309,1.3811154,2.2284343,0.31941545,18.78328
27.532618,30.079983,29.095879,2.5473652,9.2521715
1.0712125,1.1319618,2.0899982,0.060749292,5.6710773
0.6549518,0.70604706,1.6102542,0.051095247,7.801375
1.7485756,1.9082787,2.7166991,0.15970314,9.1333275
0.6888721,0.6980095,1.6014528,0.009137392,1.3264279
0.13785362,0.27132964,1.2032301,0.13347602,96.824455
4.7469783,7.749836,8.164007,3.0028577,63.258297
4.5218368,4.6110764,5.2446933,0.0892396,1.9735254
9.516162,14.384211,14.364135,4.8680487,51.15559
4.3828053,3.3435378,4.058834,1.0392675,23.712383
0.24369313,0.27673826,1.1970807,0.033045128,13.56014
3.0525699,3.270959,3.9958394,0.21838903,7.1542683
39.368317,2.9694693,3.7049341,36.398846,92.45721
15.776128,10.943355,11.364556,4.832773,30.633455
1.6012543,2.9551535,3.6896687,1.3538991,84.55241
4.73908,4.9107943,5.537116,0.1717143,3.623368
0.59642357,0.63813555,1.6069573,0.041711986,6.9936857
1.1214911,1.0391827,2.0998292,0.08230841,7.3391943
28.70756,30.958797,29.907429,2.2512379,7.8419685
19.571938,21.435978,21.163189,1.8640404,9.524046
22.699524,14.082571,14.079725,8.616953,37.96094
1.7281703,2.230785,3.1956205,0.5026146,29.08363
1.1003749,0.8444201,1.7220111,0.25595486,23.260695
10.758317,13.054564,13.132075,2.2962475,21.34393
43.553326,26.650742,27.010618,16.902584,38.80894
1.136236,1.1460729,2.0080695,0.009836912,0.86574554
1.3824663,1.5931082,2.4212818,0.21064186,15.236672
7.2328334,6.3262405,6.837802,0.90659285,12.534409
9.0025625,10.82365,11.155486,1.8210878,20.22855
1.3721194,1.5911417,2.4202552,0.21902227,15.962333
0.49995965,0.48282063,1.4049795,0.017139018,3.42808
0.84316665,0.64615345,1.5573194,0.1970132,23.365868
7.0653424,5.7051597,6.425132,1.3601828,19.251478
6.306426,7.2582264,7.715575,0.95180035,15.092548
9.807144,10.877794,11.099218,1.0706501,10.917043
11.658834,12.22454,12.800858,0.5657053,4.85216
2.2452767,2.4116774,3.184513,0.16640067,7.411144
0.9033377,0.794654,1.8224664,0.108683705,12.031347
0.36269793,0.3251345,1.2461311,0.037563443,10.356674
0.57006544,0.43164247,1.3433238,0.13842297,24.281942
0.6472063,0.8005301,1.680932,0.15332377,23.690092
1.5835799,2.4336991,3.3045707,0.85011923,53.683384
0.6771463,0.5776799,1.4934683,0.09946644,14.689061
0.8076582,0.68805575,1.5763196,0.11960244,14.808547
1.0703828,0.9443587,1.8145856,0.12602413,11.773744
18.147375,12.177681,12.2971735,5.969694,32.895634
16.907171,12.795375,12.940526,4.1117964,24.319836
3.0563931,3.4096918,4.122509,0.35329866,11.559333
2.4978774,2.8975694,3.6475456,0.39969206,16.001268
0.66223884,0.73528826,1.7682137,0.073049426,11.030677
6.594155,9.935882,10.211723,3.3417268,50.677105
0.5578796,0.56464195,1.4777224,0.0067623258,1.2121478
1.0531727,1.6587458,2.671442,0.60557306,57.49988
0.45527253,0.5168855,1.4176834,0.061612993,13.533211
0.92995477,0.9612099,1.831233,0.031255126,3.3609297
0.5921361,0.61066794,1.5055742,0.018531859,3.129662
0.8664259,0.7881018,1.7568263,0.07832408,9.039906
0.5961583,0.50240767,1.4211135,0.093750656,15.725799
17.235798,7.2366524,7.6863914,9.9991455,58.013824
0.7435588,1.0842719,1.9530498,0.34071308,45.82194
7.3082232,7.128747,7.600766,0.17947626,2.4558125
0.60451376,0.6695982,1.5599793,0.06508446,10.766415
0.78508043,0.5605061,1.458728,0.22457433,28.605263
5.2346287,6.5853295,7.0803967,1.3507009,25.803183
0.7399859,0.75323033,1.6746378,0.01324445,1.7898247
1.9535385,1.588228,2.416747,0.36531055,18.699942
0.5615316,0.6133512,1.5887873,0.051819623,9.228264
8.509416,8.890849,9.280456,0.3814335,4.4824877
0.5854743,0.7287135,1.6139756,0.1432392,24.465498
10.023414,8.049437,8.443737,1.9739771,19.69366
5.222731,6.9217114,7.397669,1.6989803,32.5305
7.193484,2.692238,3.4447405,4.5012455,62.57393
0.8081096,0.7404522,1.6257865,0.06765741,8.372307
1.7489649,1.7243989,2.5773954,0.024566054,1.4046054
15.055476,22.470987,22.15601,7.415511,49.254574
0.5924807,0.49513784,1.3982223,0.09734288,16.429712
6.2436085,6.6637497,7.384433,0.42014122,6.729141
0.8977369,0.7710525,1.7059063,0.12668443,14.111531
3.368508,5.216804,5.80833,1.8482959,54.869865
1.0033772,0.92091,1.7928209,0.0824672,8.218963
2.4766462,2.4523504,3.2255757,0.024295807,0.98099625
3.6714935,5.5344586,6.0995216,1.8629651,50.74134
12.606832,14.150204,14.144828,1.5433722,12.242348
4.1301584,3.8103943,4.5101724,0.31976414,7.742176
0.5516423,0.5412321,1.4427766,0.01041019,1.8871268
2.1387303,2.342316,3.1185434,0.20358562,9.518994
2.5252712,2.7343767,3.5073595,0.20910549,8.280517
0.7171356,0.56960773,1.466442,0.14752787,20.571825
5.711033,3.8399901,4.5174165,1.8710427,32.761898
1.7477828,1.8936768,2.7045047,0.14589393,8.347372
1.1516416,1.1181564,1.991167,0.033485174,2.9076037
8.534872,11.958561,12.09544,3.423689,40.11412
1.490737,2.3037746,3.0825696,0.81303763,54.53931
0.49209818,0.50927913,1.4210931,0.01718095,3.4913661
21.381983,14.588781,14.56134,6.7932014,31.77068
0.6982871,0.5505866,1.4787836,0.14770055,21.151836
0.7055307,0.5809152,1.4773586,0.12461549,17.66266
0.49358097,0.5086919,1.43918,0.01511094,3.0614915
11.746484,14.078253,14.071602,2.331769,19.850782
0.82107395,0.7945696,1.6790478,0.026504338,3.2280085
1.0956333,0.90916514,1.7842901,0.18646812,17.019209
5.032083,5.2905884,5.8702936,0.25850534,5.137144
35.8547,11.885071,12.026115,23.969627,66.85212
7.5475483,5.6307673,6.187245,1.916781,25.396074
9.158683,10.311354,10.556576,1.1526709,12.585553
27.9734,12.453979,12.556794,15.519422,55.47921
31.73972,32.733124,31.56696,0.9934044,3.129846
2.608682,1.3629036,2.2049572,1.2457783,47.75509
2.6799877,3.0373497,3.774857,0.35736203,13.334465
0.7739492,0.8005222,1.6822522,0.026573002,3.4334297
1.0493497,1.0125024,1.8930087,0.036847234,3.5114353
1.4710025,1.4537754,2.2992668,0.017227054,1.1711098
1.9261931,3.9647613,4.8964953,2.038568,105.83404
0.50715035,0.58372676,1.4800059,0.07657641,15.099352
0.8473671,0.7594657,1.683297,0.08790141,10.373474
2.5367084,2.5642993,3.3351793,0.02759099,1.087669
0.59652925,0.5806011,1.4822172,0.01592815,2.6701372
2.7843473,2.9173577,3.7686918,0.13301039,4.7770762
0.562749,0.6176932,1.5160213,0.054944158,9.763528
0.5101226,0.5569483,1.4585825,0.046825707,9.179304
2.8303807,1.9825428,2.7834682,0.8478379,29.954906
1.0228473,1.0077403,2.0514276,0.015107036,1.476959
0.806849,0.74620056,1.6317885,0.06064844,7.5167027
22.025827,5.043411,5.638606,16.982416,77.10228
1.5217584,1.5358548,2.381058,0.014096379,0.92632174
21.219286,12.077383,12.204153,9.141903,43.082993
0.4243433,0.50665617,1.4246901,0.08231288,19.397709
0.5912149,0.45273054,1.3737307,0.13848436,23.423693
0.5817417,0.4525947,1.3710768,0.129147,22.200058
2.8856342,3.491572,4.1903405,0.6059377,20.998425
0.87587035,0.6485387,1.5416986,0.22733164,25.95494
7.762284,6.6920757,7.4273634,1.0702081,13.787283
1.1733718,1.3220699,2.189953,0.14869809,12.672717
25.52047,24.24777,23.73804,1.2726994,4.9869747
0.11380103,0.5994562,1.6375885,0.48565516,426.75815
0.8121358,0.6439276,1.5421566,0.16820824,20.711836
0.9090929,1.0757244,1.9508959,0.16663146,18.329422
1.837159,1.8239355,2.6367264,0.013223529,0.7197814
0.6566677,0.58924663,1.5190008,0.06742108,10.267153
2.844778,1.9474323,2.7585251,0.8973458,31.543613
5.560676,7.018758,7.4835296,1.4580817,26.221302
5.0393143,6.358567,6.867819,1.319253,26.179214
12.125691,14.350591,14.326481,2.2248993,18.348639
0.82616127,0.6611924,1.5509923,0.16496885,19.968117
0.9892399,0.91519463,1.8353225,0.07404524,7.485064
0.5659887,0.46006894,1.3639839,0.10591978,18.714115
1.0232052,1.3233175,2.1687202,0.30011237,29.330614
2.8915973,3.4703202,4.17149,0.57872295,20.013954
1.1004909,0.8501915,1.72842,0.25029945,22.744345
37.81946,26.841616,26.040483,10.977846,29.026978
0.80946636,0.7228683,1.6849532,0.08659804,10.698163
0.72657436,0.68061054,1.5721877,0.045963824,6.3261
4.510429,4.8485966,5.468923,0.33816767,7.497461
8.247591,6.554208,7.0540915,1.6933832,20.531853
8.161347,12.389901,12.503035,4.228554,51.81196
4.2330856,2.6689517,3.426005,1.5641339,36.950207
2.0459466,2.3870296,3.1617374,0.34108305,16.671162
2.1759117,2.968516,3.7042193,0.79260445,36.426315
8.269181,11.455698,11.626108,3.1865168,38.53485
1.0885353,1.1031134,1.9742664,0.014578104,1.3392403
11.160515,10.338976,10.582659,0.8215389,7.36112
1.0683737,1.3592153,2.3065546,0.29084158,27.222834
3.6403372,3.818901,4.502813,0.17856383,4.9051456
9.43523,11.484739,11.729209,2.049509,21.721876
0.81528157,0.63782763,1.5418851,0.17745394,21.76597
2.3943076,2.455632,3.259379,0.061324358,2.5612564
0.503275,0.32074156,1.2435248,0.18253341,36.269123
2.8926291,4.2003584,4.853588,1.3077292,45.209015
0.8616488,0.91632855,1.8376513,0.05467975,6.345944
8.233132,8.273576,8.685405,0.04044342,0.49122763
20.345142,6.0717096,6.59715,14.273433,70.15646
4.0468035,4.509371,5.140187,0.46256733,11.430437
0.66885626,0.6642276,1.5611486,0.0046286583,0.69202584
1.8251486,1.7985079,2.6741655,0.026640654,1.459643
46.92002,17.072554,16.877186,29.847467,63.613503
0.553563,0.45968512,1.3649683,0.09387788,16.958843
1.1746564,1.0761585,1.9428195,0.09849787,8.385249
0.6595163,0.9295298,2.007084,0.2700135,40.941143
39.336864,12.055794,13.291215,27.28107,69.35243
1.5173821,1.9662018,2.7711954,0.44881964,29.578552
0.3013437,0.34635317,1.264528,0.045009464,14.936255
0.7766815,0.7616632,1.7480834,0.015018284,1.9336478
1.7238052,1.3255441,2.1704314,0.39826107,23.103601
3.5841641,3.9928885,4.6677613,0.4087243,11.403615
2.5093784,2.577528,3.3411083,0.06814957,2.7157948
0.5724629,0.6762779,1.7218955,0.10381496,18.134792
3.5010896,4.555198,5.1833744,1.0541086,30.108015
1.7056764,1.5998945,2.4262276,0.10578191,6.2017574
41.720375,21.404428,20.92947,20.315947,48.695503
1.4525346,1.6348863,2.52048,0.18235171,12.554035
0.86783916,1.0825648,1.9434303,0.21472567,24.742565
16.205149,16.064777,15.933846,0.14037132,0.86621433
2.7748713,2.102722,2.897046,0.6721494,24.222725
1.1117724,1.153671,2.0238035,0.04189861,3.7686317
2.1939502,2.1205487,2.9118807,0.07340145,3.3456297
1.4567255,1.347553,2.1919672,0.10917246,7.4943743
2.3311398,3.2030044,3.9218907,0.87186456,37.400784
0.5713098,0.6677116,1.7242317,0.09640181,16.873823
1.2634814,1.0895548,1.9529138,0.17392659,13.765662
15.654517,24.416492,23.777376,8.761975,55.970905
3.0251653,2.564847,3.3563023,0.46031833,15.216304
1.8369354,2.4871764,3.2551787,0.650241,35.398144
6.7017837,6.4892507,7.0873847,0.212533,3.17129
10.587787,10.627367,10.8691635,0.039580345,0.3738302
1.2304089,1.2513168,2.1068997,0.020907879,1.6992626
16.91458,16.703672,16.545477,0.21090698,1.2468946
2.156794,2.3997247,3.1725976,0.24293065,11.263507
1.1629796,1.6508315,2.4738703,0.48785186,41.948444
1.5437739,1.147579,2.0170774,0.39619493,25.664051
1.0081546,1.1336112,2.0161555,0.12545657,12.44418
1.3238981,1.072437,1.9511884,0.25146103,18.993986
1.3581814,1.090867,1.9590058,0.2673143,19.681784
1.4941703,1.6069968,2.4400108,0.11282647,7.551111
0.62896687,0.81243134,1.702241,0.18346447,29.169178
2.4881713,1.9142966,2.7213244,0.5738747,23.064116
0.9280569,0.75755477,1.7352393,0.17050213,18.371948
35.432167,7.097801,7.5555835,28.334366,79.96792
0.7408288,0.76278615,1.6476078,0.021957338,2.9638882
9.144926,12.589884,12.685387,3.4449577,37.670704
1.3933527,1.5789313,2.4301999,0.18557858,13.3188505
9.567922,12.837958,12.926137,3.2700367,34.177086
1.791568,1.9467452,2.7560878,0.15517712,8.661525
43.410385,37.622528,36.15155,5.787857,13.332886
0.5823138,0.5871917,1.6187513,0.004877925,0.8376798
2.2628016,2.1299407,2.9221888,0.1328609,5.871522
5.1434183,4.4421334,5.096219,0.7012849,13.634607
0.97854155,0.7726978,1.6575456,0.20584375,21.03577
5.5333858,7.2773275,7.730191,1.7439418,31.516722
6.1323686,6.5637918,7.1039705,0.4314232,7.0351806
2.8416216,2.4976041,3.2718158,0.3440175,12.1063795
0.7633865,0.9579073,1.8277735,0.19452083,25.481304
1.9614825,2.3051844,3.0864403,0.34370184,17.522554
2.6162455,3.517037,4.214128,0.9007914,34.43069
1.6516019,1.9030995,2.9715583,0.25149763,15.227497
29.077745,29.400549,28.501278,0.3228035,1.1101394
3.1328354,3.2308831,3.9554949,0.09804773,3.1296804
0.75678295,0.9668206,1.8353605,0.21003765,27.754015
0.676597,0.6245314,1.5179055,0.05206561,7.6952176
1.3713953,2.3831356,3.1691744,1.0117402,73.774506
2.6862514,2.644754,3.4073174,0.04149747,1.5448096
0.4388118,0.534587,1.4338038,0.09577522,21.826035
7.251513,9.876067,10.14898,2.6245542,36.193195
1.19589,1.1719158,2.0265725,0.02397418,2.0047145
1.3824368,1.7266943,2.544167,0.3442576,24.902231
0.52468115,0.70400023,1.7834822,0.17931908,34.176773
10.46393,15.388952,15.30511,4.925022,47.066654
2.9459183,3.5586395,4.257206,0.6127212,20.798988
1.1506816,0.94719374,1.8173344,0.20348787,17.684116
12.494045,17.760965,17.51881,5.26692,42.155445
1.3528451,1.5100882,2.3429468,0.15724313,11.623144
8.709502,7.5762625,8.133383,1.1332397,13.011533
0.36152914,0.50766313,1.4110911,0.14613399,40.42108
4.7255383,5.0415616,5.638732,0.31602335,6.687563
15.482211,12.8802595,12.961947,2.6019516,16.806072
1.0391802,0.95058477,1.8225002,0.08859539,8.525508
6.018401,8.627634,8.991926,2.609233,43.35425
0.9866638,0.9710989,1.8394324,0.0155649185,1.57753
0.35133114,0.5307481,1.4307193,0.17941698,51.06777
1.6283807,1.4824269,2.39336,0.14595377,8.963123
1.0960033,0.90078723,1.7741147,0.19521606,17.81163
2.1752288,2.5626688,3.4340193,0.38743997,17.811457
0.56171596,0.53139234,1.4421946,0.030323625,5.3983912
3.71442,2.8751614,3.627363,0.8392587,22.594608
18.718622,23.440437,22.841623,4.721815,25.225227
2.0496402,2.2117505,3.0022643,0.16211033,7.9092093
0.28880447,0.33825052,1.277513,0.049446046,17.120943
48.535496,4.07552,4.7391944,44.459976,91.60301
4.763788,5.9411497,6.4794073,1.1773615,24.714815
10.269212,14.000455,14.003149,3.7312431,36.33427
0.8285314,0.85908675,1.747057,0.030555367,3.687895
7.425257,9.358063,9.748868,1.9328055,26.03015
1.300109,1.4491,2.2892177,0.14899099,11.459885
1.8799132,3.1638494,3.884718,1.2839361,68.29763
0.8408065,0.7934823,1.6764519,0.04732418,5.628427
1.4815112,1.6094844,2.4406555,0.1279732,8.638017
1.7844093,4.2123895,4.883704,2.4279802,136.06633
5.6896405,5.9047585,6.45032,0.21511793,3.7808704
0.7349049,0.7139702,1.6129423,0.020934701,2.8486273
0.7080417,0.7371721,1.7710413,0.0291304,4.1142206
1.2017386,1.2118077,2.0655193,0.010069132,0.8378804
1.1315484,1.1746941,2.0297582,0.043145657,3.812975
1.4414297,1.4195831,2.2670488,0.021846652,1.5156238
0.4595736,0.4255897,1.3346713,0.033983886,7.3946557
11.23227,13.129164,13.290384,1.8968935,16.88789
2.1120603,2.6507337,3.4168503,0.5386734,25.50464
3.959089,3.6064806,4.2990932,0.35260844,8.906302
0.5337045,0.4524379,1.3834503,0.08126661,15.226892
1.7269725,1.4904611,2.3772202,0.23651135,13.695143
3.0974755,3.1869016,3.9629998,0.08942604,2.887062
0.5454502,0.4537886,1.3627694,0.0916616,16.804762
9.716707,10.286947,10.536905,0.57024,5.8686547
1.1635396,1.6773391,2.4981053,0.5137994,44.15831
6.3624134,6.6375146,7.126286,0.27510118,4.3238497
1.9222379,1.451417,2.2882009,0.4708209,24.493374
10.363682,11.533143,11.702381,1.1694613,11.284225
0.42268294,0.3996387,1.3140882,0.023044229,5.4518948
20.8065,23.705608,23.114498,2.899109,13.93367
1.0626601,1.239074,2.089868,0.1764139,16.60116
10.843355,12.848883,12.924055,2.0055275,18.495451
1.357783,1.2654774,2.1188288,0.09230554,6.798255
1.0427231,1.041045,1.9048338,0.0016781092,0.16093527
0.6171519,0.6701813,1.703481,0.05302936,8.592593
11.907587,12.197694,12.326908,0.29010677,2.4363186
0.7207073,0.7641705,1.8166074,0.04346323,6.0306354
1.8202735,2.1724524,2.9655716,0.35217893,19.347582
0.7555954,0.5921527,1.5013872,0.16344267,21.630978
9.632272,15.583097,16.3459,5.9508257,61.780087
0.7466689,0.6281558,1.5211335,0.11851305,15.872236
11.787672,13.20607,13.276367,1.4183979,12.032892
0.22662918,0.47729775,1.3865744,0.2506686,110.60737
24.747734,31.413956,30.451214,6.6662216,26.936697
1.4778314,1.4895465,2.3848019,0.011715174,0.79272735
0.7392531,0.7839174,1.6689634,0.044664323,6.0418177
2.0068047,2.979493,3.7600858,0.9726882,48.4695
0.44790003,0.49566576,1.4059585,0.04776573,10.664373
9.466158,11.13482,11.327587,1.6686621,17.627659
3.22962,1.8760328,2.684546,1.3535872,41.911655
2.8034484,4.093591,4.75857,1.2901428,46.01985
1.4453945,1.4859378,2.3203523,0.040543318,2.805
0.51906985,0.72543275,1.6114037,0.2063629,39.756287
5.6618795,4.958201,5.5728884,0.7036786,12.428357
0.45757273,0.40767044,1.3172188,0.04990229,10.905871
2.7733018,1.693393,2.5200455,1.0799088,38.93946
8.128872,8.432424,9.156293,0.30355167,3.734241
0.89133364,0.8346294,1.7227354,0.056704223,6.361728
0.6814128,0.6376996,1.5303059,0.043713212,6.4150853
12.695872,19.47189,19.121084,6.776017,53.371815
7.6554337,8.6041,8.967734,0.9486666,12.392068
3.016391,2.8584437,3.6804242,0.1579473,5.2363005
1.3115699,1.2665122,2.1161532,0.045057774,3.4354076
3.0980952,3.900868,4.583599,0.80277276,25.911818
2.2654305,1.9861493,2.787365,0.27928114,12.3279505
0.6176065,0.5268173,1.4373119,0.0907892,14.70017
0.43606767,0.5794207,1.4814796,0.14335302,32.87403
18.236746,20.215778,19.817266,1.9790325,10.851895
10.0473175,8.832786,9.175463,1.2145319,12.08812
0.7127277,0.60690546,1.5014235,0.105822265,14.847503
1.5474694,1.5713098,2.4063883,0.023840427,1.5406073
1.0092825,0.90095043,1.777626,0.10833204,10.73357
1.0582978,1.1899405,2.04555,0.1316427,12.439099
4.3623767,3.679359,4.3655167,0.68301773,15.657009
3.273268,4.4467325,5.518076,1.1734645,35.849937
2.4207687,2.116774,2.9101205,0.30399466,12.557774
1.2501339,0.94260895,1.813446,0.30752492,24.599358
5.838987,4.1854596,4.843931,1.6535273,28.318735
4.198565,3.7618375,4.464719,0.43672752,10.401829
2.1241581,2.8726344,3.6159642,0.74847627,35.23637
1.4188541,1.803221,2.6172442,0.38436687,27.08995
2.4563851,2.3802555,3.166006,0.076129675,3.0992565
6.8922124,7.422351,7.887068,0.5301385,7.691848
1.0416389,1.441632,2.2783751,0.39999318,38.40037
4.606137,4.1150093,4.7772584,0.4911275,10.662459
3.177612,1.9165213,2.728321,1.2610908,39.686745
2.4982493,2.1369903,2.938029,0.36125898,14.460486
4.2811165,4.793667,5.4098744,0.51255035,11.972352
1.3826808,1.4475622,2.3015037,0.064881444,4.6924386
0.59424496,0.763247,1.6482581,0.16900206,28.439796
1.2661209,1.2208579,2.072877,0.045263052,3.5749393
3.1035788,3.5289903,4.253354,0.42541146,13.707126
16.63445,24.400162,23.751001,7.765711,46.684505
20.223974,4.9006586,5.507044,15.323316,75.768074
0.54316443,0.59571874,1.6542801,0.05255431,9.67558
0.25958833,0.19730294,1.1323135,0.062285393,23.993912
8.772705,4.9205904,5.6308336,3.8521147,43.910225
12.203476,5.1700587,5.756473,7.033417,57.63454
18.741566,18.611847,18.350647,0.12971878,0.6921449
3.3291588,4.7533946,5.3684397,1.4242358,42.78065
1.230422,1.7959604,2.6090581,0.5655384,45.962963
3.1111603,0.92453825,1.7976251,2.1866221,70.28317
1.6010995,1.4429445,2.284908,0.15815496,9.877897
1.1034514,0.8237865,1.7638206,0.27966487,25.344559
5.940753,4.954855,5.557103,0.985898,16.595505
37.46301,11.965567,12.428217,25.497442,68.06031
0.7151737,0.6593187,1.5644042,0.055855036,7.8099957
3.8404055,3.5927405,4.286134,0.24766493,6.4489264
0.60791606,0.7222103,1.6089941,0.11429423,18.80099
31.42758,31.422474,30.623777,0.0051059723,0.016246788
0.6807652,0.61612785,1.5090153,0.06463736,9.49481
1.584257,1.3255472,2.1759763,0.2587098,16.33004
1.9287833,1.7838197,2.6049283,0.14496362,7.5158067
1.5422087,2.2772841,3.0577614,0.7350755,47.663815
6.1004186,7.820737,8.239307,1.7203183,28.200005
9.894483,11.901369,12.053734,2.0068865,20.282885
20.720064,10.86643,11.08136,9.853634,47.556
2.3514168,2.9306598,3.6681051,0.57924294,24.633783
7.394187,9.094765,9.473849,1.7005777,22.998846
0.65042543,0.5160184,1.4188664,0.13440704,20.664482
1.1585186,1.1504896,2.009932,0.008028984,0.6930389
2.4789984,2.7080834,3.461053,0.22908497,9.241029
3.812195,2.9615054,3.6990767,0.85068965,22.314955
2.1977813,2.1688294,3.0449476,0.028951883,1.3173232
9.62489,13.447247,13.493558,3.8223562,39.713245
3.1098387,2.1738772,2.966043,0.9359615,30.096785
1.0055311,0.83931696,1.7191263,0.16621411,16.529982
1.0605139,0.7940657,1.678091,0.26644814,25.124437
0.73707813,0.58945966,1.4871083,0.14761847,20.027521
6.7888074,10.10305,10.362389,3.3142428,48.81922
21.232088,23.208715,23.282328,1.9766273,9.309623
1.1251351,1.0241361,1.9235891,0.100999,8.97661
0.57438487,0.7188479,1.7949668,0.144463,25.150908
1.3065764,1.6925583,2.5198517,0.38598192,29.541473
4.5861487,6.5221934,7.019646,1.9360447,42.215042
1.2699034,1.3771157,2.2190073,0.107212305,8.442555
1.1164618,3.049286,3.897756,1.9328241,173.1205
1.9928874,2.3892713,3.163264,0.39638388,19.889929
0.996181,0.8306817,1.723056,0.16549933,16.613379
2.4196303,2.5701425,3.3328097,0.15051222,6.2204633
1.584901,1.5007837,2.3873165,0.08411729,5.3074164
0.77382153,0.7727059,1.670638,0.0011156201,0.14417021
13.508512,20.068672,19.677986,6.5601606,48.563164
0.87472296,0.66736984,1.5575571,0.20735312,23.705004
0.59365106,0.5347593,1.4341879,0.058891773,9.920267
30.408464,26.265745,25.472878,4.1427193,13.623572
0.15553012,0.19925293,1.1429245,0.04372281,28.112118
1.8013561,2.7218595,3.4735065,0.9205034,51.10058
2.2424142,2.2610536,3.0880368,0.018639326,0.8312169
1.3596516,1.2939544,2.1481607,0.06569719,4.831914
1.3929622,1.4065635,2.266478,0.013601303,0.9764302
0.6248447,0.5944375,1.6145585,0.03040719,4.8663597
5.9960213,8.293093,8.672976,2.2970715,38.30993
9.288549,13.930375,13.946387,4.6418257,49.973633
0.5603232,0.6154926,1.5092604,0.055169404,9.845997
3.6526616,1.383852,2.2262409,2.2688096,62.113873
0.17661071,0.23357558,1.1666414,0.056964874,32.254486
0.7895163,0.69152427,1.58841,0.09799206,12.411657
0.08166791,0.45921445,1.4883121,0.37754655,462.29486
23.49471,19.63385,19.262814,3.8608608,16.432894
0.70561606,0.56319714,1.4609697,0.14241892,20.183628
1.2870816,0.8088999,1.6894089,0.47818172,37.1524
24.553362,20.850958,20.415157,3.702404,15.079011
0.5864234,0.5010625,1.4122274,0.085360885,14.556188
0.592733,0.407367,1.3297616,0.18536603,31.273108
3.6163356,3.6458912,4.344358,0.02955556,0.8172792
0.30743837,0.22976421,1.1592059,0.077674165,25.264954
0.15399124,0.27099103,1.193861,0.11699979,75.97821
12.697341,7.7100363,8.127287,4.9873047,39.27834
8.479274,10.603567,10.839627,2.1242933,25.052774
6.5825896,8.913998,9.251819,2.331408,35.417793
3.3317401,2.4164705,3.2032151,0.9152696,27.471218
8.506949,10.684667,10.9444475,2.1777172,25.599274
0.7761975,0.6477592,1.5497462,0.1284383,16.547115
21.125278,4.6464977,5.2674084,16.47878,78.005035
10.126125,5.6616473,6.219825,4.464478,44.08871
2.2295246,3.4347625,4.137889,1.2052379,54.058067
1.2412379,1.2938666,2.1417556,0.052628756,4.2400217
4.2556057,5.1495085,5.740762,0.8939028,21.0053
0.49785882,0.5326406,1.5593889,0.034781754,6.9862685
1.4836175,2.2315626,3.0172303,0.7479451,50.413605
0.6092057,0.5686432,1.4650648,0.04056251,6.658262
1.7121744,1.7254183,2.5444992,0.013243914,0.7735143
10.656912,9.9774065,10.247906,0.67950535,6.3761935
6.1227727,7.932108,8.336936,1.8093352,29.550913
6.248129,5.988673,6.6088915,0.25945568,4.152534
3.4977787,5.2256527,5.8089423,1.727874,49.39918
0.60978687,0.61309874,1.505758,0.0033118725,0.54311967
1.188536,1.071543,1.9336963,0.11699307,9.843459
17.293865,20.28318,19.885454,2.989315,17.285408
1.2278637,1.0420103,1.9369563,0.18585336,15.136319
1.5149252,1.3950126,2.2351117,0.119912624,7.9154153
1.1451678,1.0602345,1.928578,0.08493328,7.4166665
1.6207447,1.7556336,2.5735023,0.13488889,8.322649
1.5344672,1.5976355,2.4399729,0.06316829,4.1166267
3.3105628,2.677149,3.43292,0.6334138,19.133114
1.8419559,1.3056662,2.152345,0.5362897,29.115229
3.39728,3.2214537,3.938086,0.17582631,5.1755023
1.471631,1.2348871,2.1751387,0.23674393,16.08718
0.8243563,0.5874027,1.4929992,0.23695362,28.744078
1.7084199,1.7300832,2.561207,0.021663308,1.2680318
16.132015,13.584291,13.614333,2.5477238,15.792966
4.7371764,5.9374433,6.483295,1.2002668,25.33718
0.5558711,0.46211752,1.4893548,0.093753606,16.866068
4.9313655,6.4389634,6.9411974,1.5075979,30.571613
0.81211567,0.71548355,1.6371446,0.09663212,11.898812
2.6556685,3.213696,3.9362378,0.5580275,21.012693
8.942628,8.92465,9.261089,0.017977715,0.2010339
0.76524323,0.77192783,1.6543083,0.0066846013,0.87352633
0.4866631,0.38989958,1.3052219,0.09676352,19.883062
5.7342205,2.9379041,3.677934,2.7963164,48.765415
0.33370942,0.5307293,1.4298134,0.19701988,59.039352
9.16233,6.175456,6.6959553,2.9868736,32.599503
1.9609982,1.5225699,2.3552918,0.43842828,22.357403
43.14016,13.237978,13.295385,29.902182,69.314026
18.403473,18.200558,17.950512,0.20291519,1.1025919
2.3321996,2.6132784,3.3787236,0.28107882,12.052091
1.2274766,1.6530626,2.4799132,0.425586,34.671616
1.285088,1.5529428,2.3846276,0.2678548,20.843306
2.976747,3.2162294,3.9517431,0.2394824,8.045104
0.5910483,0.61935985,1.5143822,0.02831155,4.790057
5.0474176,7.402895,7.8405476,2.3554773,46.666977
3.665373,4.9225135,5.530344,1.2571404,34.29775
0.53832436,0.43408734,1.3546827,0.10423702,19.363237
0.47601706,0.51054466,1.4224969,0.0345276,7.2534375
10.3978615,14.551845,14.5206585,4.153983,39.95036
1.8614883,1.4881077,2.328159,0.37338066,20.058178
23.264528,24.823269,24.136862,1.5587406,6.7000737
0.48951825,0.3674311,1.2847164,0.12208715,24.940266
1.4994916,1.5337989,2.3644216,0.03430736,2.2879329
5.1455398,18.888527,18.687374,13.742987,267.08542
1.464406,1.2259364,2.0789883,0.2384696,16.284391
0.81943727,0.8485961,1.7402781,0.02915883,3.558397
1.4407845,1.4147041,2.4599023,0.02608037,1.8101507
7.8604126,6.9964724,7.543811,0.86394024,10.99103
0.6343124,0.5425143,1.4472984,0.09179807,14.472059
1.0957221,0.8787521,1.7950207,0.21696997,19.801552
1.0283768,0.9590074,1.8289791,0.069369435,6.745527
6.026497,5.1864915,5.7740784,0.8400054,13.938536
0.465298,0.42560285,1.3346739,0.039695144,8.531123
1.7315718,1.7461829,2.5644715,0.014611125,0.84380704
2.9874265,3.8599334,4.534409,0.87250686,29.205969
24.277819,15.664934,15.557339,8.6128845,35.476353
1.071577,0.9560405,1.8314744,0.11553645,10.781909
0.6355086,0.5566993,1.4571667,0.07880932,12.400984
17.456614,4.7904935,5.403455,12.666121,72.55772
0.6429271,0.5095334,1.4451662,0.1333937,20.747873
0.94407666,1.5708895,2.3986177,0.6268128,66.39427
0.77627504,0.7348143,1.6266258,0.041460752,5.3409877
1.6803528,2.336825,3.1155121,0.6564721,39.067516
16.413095,23.828253,23.234722,7.4151573,45.1783
0.1015032,0.2841417,1.2964777,0.1826385,179.93373
0.7019975,0.7448218,1.772271,0.04282427,6.1003447
20.143953,21.565392,21.086786,1.4214382,7.0564017
9.822193,10.2532625,10.501993,0.43106937,4.388728
1.0772289,1.0611601,1.9509652,0.016068816,1.4916807
0.67064345,0.5681535,1.4665086,0.10248995,15.2823305
14.064595,11.497408,11.752119,2.5671873,18.252834
3.5441444,4.9771028,5.58058,1.4329584,40.431717
5.6477413,7.4861317,7.9175296,1.8383904,32.550896
0.677676,0.6417264,1.667821,0.035949647,5.304843
5.811088,6.4324093,6.9364586,0.6213212,10.691994
7.555238,9.021715,9.364774,1.4664774,19.410076
11.532163,16.17718,16.04479,4.6450167,40.2788
0.5576524,0.5750488,1.4916365,0.01739639,3.119576
2.3490262,2.35446,3.1720524,0.005433798,0.23132129
0.4418651,0.50444126,1.4121242,0.062576175,14.161828
1.4878769,1.4072645,2.2560909,0.08061242,5.4179497
36.793488,13.063688,13.126319,23.7298,64.49457
1.8699782,2.0954108,2.9015179,0.22543263,12.055361
0.85845757,0.8500973,1.7271963,0.008360267,0.9738707
0.47760582,0.40952846,1.3284719,0.068077356,14.253879
0.5121829,0.62543976,1.5272113,0.11325687,22.112585
0.5004866,0.4012174,1.3317043,0.09926921,19.834538
13.499835,14.710889,14.689642,1.2110538,8.970879
0.7179555,0.58518195,1.4863367,0.13277358,18.493288
0.78015137,0.7178656,1.717946,0.06228578,7.983807
44.50074,39.47201,38.031185,5.0287285,11.300325
0.6779776,0.80082667,1.6830367,0.12284905,18.119926
1.2716568,1.4306498,2.2697916,0.158993,12.502824
4.854688,5.289051,5.8693924,0.4343629,8.947287
1.683947,1.3894961,2.2355402,0.29445088,17.485758
1.4036093,1.3269255,2.1824105,0.07668376,5.4633265
0.33502188,0.32282272,1.247541,0.012199163,3.6413035
0.6142621,0.57407105,1.4894843,0.040191054,6.542981
0.37957639,0.6031027,1.502523,0.2235263,58.88836
0.8326648,0.6409141,1.5327663,0.1917507,23.028559
0.530556,0.49712208,1.40175,0.033433944,6.30168
2.0478098,2.2943642,3.3333952,0.24655437,12.039906
1.0321856,0.9956002,1.8874539,0.03658533,3.544453
0.67796713,0.5217247,1.4229013,0.15624243,23.045723
1.020558,0.9840263,1.8696954,0.036531687,3.5795796
1.9100465,1.8775809,2.6855245,0.032465577,1.699727
0.5765876,0.6077081,1.5861049,0.03112048,5.3973546
0.52477753,0.41212052,1.4151791,0.11265701,21.467575
0.8495299,0.634552,1.5275947,0.21497792,25.305513
7.1182985,9.594463,9.885742,2.4761648,34.785908
0.6775285,0.5284432,1.4290205,0.14908528,22.004282
0.8204209,1.02159,1.8877766,0.20116907,24.520227
0.7921432,0.9424354,1.8152614,0.15029216,18.97285
0.728068,0.8009167,1.6804767,0.07284868,10.005752
0.9126051,0.7891277,1.671496,0.1234774,13.530211
0.81210405,0.572862,1.474494,0.23924202,29.459528
1.534692,1.5259559,2.3577578,0.008736134,0.56924343
0.17183346,0.55265355,1.5796489,0.3808201,221.62161
0.6845211,0.56899345,1.4671394,0.11552763,16.877148
3.3800519,3.6980376,4.38441,0.31798577,9.407719
20.463352,23.722885,23.087706,3.259533,15.928637
3.4830692,3.966236,4.6386786,0.48316693,13.871873
1.0245917,1.1105266,1.9695017,0.08593488,8.387232
1.9738233,2.456241,3.229662,0.48241758,24.44077
0.9321257,1.0191627,1.8848497,0.08703697,9.337472
1.6202811,1.7619576,2.5804784,0.14167655,8.743948
1.4728341,1.7053888,2.526803,0.23255467,15.789603
6.9559016,10.783076,11.082982,3.8271747,55.020542
0.5176714,0.43169218,1.3678197,0.08597922,16.60884
3.7359664,3.8376923,4.5176034,0.10172582,2.7228782
0.54084784,0.37874946,1.3001598,0.16209838,29.971159
0.8074059,0.86731446,1.7437232,0.05990857,7.419883
7.3250804,6.5740204,7.066572,0.75106,10.253266
1.88783,1.8784742,2.687374,0.009355783,0.495584
0.5009124,0.5880332,1.4908124,0.08712077,17.392416
0.8891452,1.0187907,1.8864337,0.12964553,14.580917
0.612858,0.51545095,1.4231133,0.09740704,15.893901
1.9674323,1.9119127,2.7282608,0.05551958,2.821931
1.2391573,1.0385466,1.9716423,0.20061076,16.18929
1.9327928,2.0510402,2.8807573,0.11824739,6.117955
0.95026475,1.0014417,1.8739207,0.051176965,5.385548
0.7911815,0.62410355,1.5178204,0.16707796,21.117527
1.8953235,2.6117764,3.3721497,0.71645284,37.801086
46.682407,15.612991,15.529748,31.069416,66.55487
0.57651144,0.41875514,1.3284309,0.1577563,27.363949
0.7881263,0.75730217,1.6410725,0.030824125,3.9110641
3.9834464,2.9364886,3.6755936,1.0469577,26.282711
0.9216379,1.4371376,2.2765267,0.5154997,55.933
10.624036,13.260168,13.332909,2.6361322,24.812908
0.6897442,0.5345185,1.4382867,0.1552257,22.504822
7.555104,4.673461,5.293914,2.8816428,38.14167
0.71338236,0.47406477,1.3777013,0.2393176,33.54689
9.871138,15.797205,15.686764,5.9260674,60.03429
41.260395,24.857536,24.180943,16.402859,39.75449
2.0569868,2.3501995,3.1278117,0.29321265,14.254475
24.47409,24.17691,23.59444,0.29718018,1.2142644
5.5920424,6.611779,7.2981133,1.0197368,18.235498
0.9060591,0.9120314,1.8029299,0.005972326,0.6591541
0.60759753,0.73337984,1.6253089,0.12578231,20.701584
1.0422876,1.4969501,2.3295412,0.45466256,43.6216
4.670759,6.286315,6.798343,1.6155558,34.58872
12.386071,14.215169,14.206912,1.8290977,14.767376
3.1392891,4.3731093,5.014332,1.2338202,39.302536
3.2475095,2.059716,2.8713691,1.1877935,36.57552
4.1415863,5.831427,6.3741755,1.6898408,40.801777
4.5639853,5.532435,6.096626,0.9684496,21.219383
1.3198937,1.1845336,2.0404677,0.13536012,10.255381
1.6635537,1.8871837,2.6937633,0.22362995,13.442905
0.8504571,0.74491596,1.6311888,0.10554111,12.409928
4.049845,4.7013264,5.3203573,0.65148115,16.086569
2.4778817,0.7098721,1.5995976,1.7680095,71.351654
0.3631793,0.35119733,1.2708807,0.011981964,3.299187
2.1072333,3.3188791,4.0311074,1.2116458,57.499367
1.4799496,1.1615806,2.0173917,0.31836903,21.512154
2.415706,3.1278567,3.8536131,0.7121508,29.480028
9.526286,9.233009,9.566485,0.2932768,3.0786057
0.5819362,0.5224407,1.4248227,0.05949551,10.223717
35.762295,21.424778,20.95292,14.337517,40.091156
0.55952865,0.57951045,1.4755551,0.019981802,3.5711846
1.1640657,0.9884244,1.9182372,0.1756413,15.088606
0.6882161,0.55407226,1.4524082,0.13414383,19.491528
17.985477,21.362835,20.902252,3.3773575,18.778248
0.7963606,0.8596902,1.7365478,0.06332958,7.9523745
19.069439,14.421018,14.400286,4.6484213,24.376287
2.4356368,3.6534038,4.343039,1.217767,49.99789
0.406297,0.39377815,1.3059268,0.012518853,3.0812073
1.0802162,0.86599064,1.771019,0.21422553,19.831728
0.7894468,0.7585782,1.6424147,0.03086859,3.9101546
4.1674786,5.7018323,6.252927,1.5343537,36.817318
3.909068,3.5092258,4.210631,0.39984226,10.228582
10.752907,3.0205722,3.7519448,7.7323346,71.90925
5.1269717,7.0269966,7.4976254,1.9000249,37.0594
0.66247576,0.56162477,1.4677584,0.100851,15.22335
1.1785748,0.8613217,1.7386383,0.3172531,26.91837
0.6691441,0.76976967,1.6569773,0.100625575,15.037952
1.6922414,1.636878,2.461629,0.055363417,3.2716026
0.60481334,0.82156277,1.7002696,0.21674943,35.837406
1.8100648,3.1415596,3.8632164,1.3314948,73.560616
7.8218546,9.585785,9.88185,1.7639303,22.551306
4.976374,6.6309347,7.130651,1.6545606,33.248314
8.54305,9.864042,10.16131,1.3209925,15.462773
12.77242,14.456822,14.426346,1.6844025,13.18781
0.6421798,0.595467,1.4973712,0.046712816,7.2741027
5.189047,6.7855706,7.2722254,1.5965238,30.767187
0.83418083,0.926563,1.8949002,0.09238219,11.0746
13.853816,16.366652,16.226671,2.5128355,18.13822
2.3326235,2.0540383,2.8558207,0.2785852,11.942999
1.6438591,2.8525953,3.5949926,1.2087362,73.530396
2.7555585,3.34381,4.0568886,0.5882516,21.347816
6.3274746,8.153096,8.541083,1.8256216,28.852295
1.4776475,1.559757,2.4093835,0.08210945,5.5567684
6.7739973,3.740758,4.424674,3.0332394,44.777687
25.96322,21.27522,20.805387,4.6879997,18.05631
22.373207,14.72748,14.68419,7.645727,34.173584
3.3595161,3.6612906,4.363494,0.3017745,8.982677
1.1195706,0.6870831,1.576052,0.4324875,38.629765
6.891074,2.758826,3.5068092,4.132248,59.96522
0.12178038,0.19458103,1.1371356,0.07280065,59.780277
31.49692,24.636219,23.957344,6.8607006,21.782133
2.4580405,2.7091026,3.4689114,0.25106215,10.213915
1.6975213,1.6265571,2.4805245,0.07096422,4.180461
40.619507,26.30832,25.503685,14.311188,35.232304
3.318566,3.9434996,4.6196685,0.6249335,18.83143
0.71835124,0.6226207,1.5326388,0.09573054,13.326426
0.648921,0.51601994,1.4183508,0.13290107,20.480316
0.5327391,0.6097802,1.5029873,0.07704109,14.461317
4.049219,5.4678745,6.1116734,1.4186554,35.035282
0.4916356,0.564011,1.4713696,0.07237539,14.721349
2.4242702,2.5102973,3.281453,0.086027145,3.5485792
3.1369035,2.588592,3.4497237,0.5483115,17.479385
1.361458,1.2224092,2.07982,0.1390487,10.21322
1.1219804,1.019824,1.8997071,0.1021564,9.105007
0.83539283,0.7280867,1.724317,0.10730612,12.844989
1.7318367,2.2377367,3.1452386,0.5059,29.211763
1.3950363,1.892201,2.6982965,0.4971646,35.63811
0.24067153,0.31083208,1.2328651,0.07016055,29.151995
15.633373,18.155565,17.897121,2.522192,16.133383
1.7728789,1.5341828,2.3725064,0.2386961,13.463757
0.39394486,0.35449988,1.2708579,0.039444983,10.012818
1.0118772,0.6418929,1.5337342,0.36998427,36.564148
48.461975,5.2180033,5.80087,43.243973,89.232796
7.643238,6.8981266,7.370582,0.74511147,9.748636
1.3981695,1.0206957,1.8959186,0.37747383,26.997715
0.6836994,0.68670917,1.5747448,0.0030097365,0.4402134
2.0923288,2.0363367,2.8978064,0.055992126,2.6760674
10.472997,9.712432,10.121833,0.7605648,7.262151
3.5015016,4.4519367,5.094283,0.95043516,27.143646
8.508505,9.375754,9.897471,0.8672495,10.192736
9.151892,9.687255,9.974638,0.5353632,5.8497543
1.4260223,1.5149574,2.3486805,0.08893514,6.236588
3.0315902,4.0505147,4.7187276,1.0189245,33.61023
1.4678122,1.6887004,2.7678125,0.22088826,15.048809
1.7931975,2.1135967,2.913526,0.32039917,17.867477
5.8531013,5.7901053,6.3710823,0.06299591,1.0762826
2.4411218,3.4179153,4.123747,0.9767935,40.014126
29.622246,31.193253,30.208797,1.5710068,5.3034697
0.67813414,0.5461427,1.4769349,0.13199145,19.463913
1.119332,1.0989609,2.0299363,0.02037108,1.8199319
40.45694,8.083222,8.475637,32.37372,80.02019
1.1288612,1.0479774,1.9124701,0.08088374,7.1650743
1.3515803,1.6054661,2.431224,0.25388587,18.784372
0.4786827,0.59836996,1.6188717,0.11968726,25.003466
0.5973161,0.49155506,1.4030993,0.10576102,17.70604
9.852692,10.755298,10.97628,0.902606,9.16101
1.5801328,2.1812031,2.969369,0.6010703,38.039227
4.9142694,3.3759294,4.086593,1.5383401,31.303537
0.6005589,0.47629973,1.3818083,0.124259144,20.690586
8.398514,8.081706,8.474161,0.31680775,3.7721882
0.7818282,0.7744111,1.6604841,0.0074171424,0.9486921
1.8379531,1.4646204,2.3012364,0.37333274,20.31242
5.163982,6.845135,7.3307247,1.6811533,32.555367
0.5615607,0.6746893,1.5708382,0.1131286,20.145393
0.38538435,0.54040647,1.4388759,0.15502211,40.225327
2.9574652,3.4726653,4.173932,0.51520014,17.420328
2.991202,4.079964,4.7409353,1.088762,36.39881
3.8540244,4.6179814,5.2435346,0.763957,19.82232
2.2998405,2.166838,2.9708738,0.13300252,5.783119
0.99067044,0.9723489,1.8407264,0.018321514,1.8494055
3.209973,3.914093,4.6012115,0.7041199,21.935385
2.5580947,2.9948993,3.7756653,0.43680453,17.075386
42.131744,20.875904,20.443308,21.25584,50.45089
46.989296,12.660867,12.761491,34.32843,73.055855
1.291684,1.6057379,2.439526,0.3140539,24.313522
0.5032861,0.6052954,1.6319,0.1020093,20.268648
2.8332427,4.0830526,4.7428374,1.24981,44.11235
3.123965,3.8831482,4.561088,0.75918317,24.30191
13.204913,12.70764,12.854844,0.49727345,3.7658215
1.591847,1.8306224,2.6690555,0.23877549,14.999902
14.984743,15.161673,15.092419,0.17692947,1.1807308
2.7622085,2.3189988,3.1141703,0.44320965,16.04548
1.0527471,1.0235155,1.8887327,0.029231668,2.7767036
2.9107633,2.2854528,3.0950108,0.6253104,21.482697
1.07548,1.6662743,2.487432,0.5907943,54.933086
1.7873032,2.0077004,2.8062112,0.22039723,12.331272
0.98627305,0.75153494,1.6352495,0.23473811,23.80052
6.5347486,4.9394975,5.5410433,1.5952511,24.411821
0.67990655,0.449433,1.453804,0.23047355,33.897827
6.0062575,6.923211,7.395624,0.91695356,15.266638
31.185259,15.98947,15.897591,15.195789,48.727478
0.68540967,0.5230597,1.4284254,0.16234994,23.686554
1.6119857,1.2571058,2.1076748,0.35487986,22.015074
1.9562474,1.9357297,2.7392185,0.020517707,1.0488298
1.3597676,1.0438192,1.915638,0.31594837,23.23547
6.3821344,9.634075,9.922958,3.2519407,50.953808
0.67070085,0.6652063,1.5573039,0.005494535,0.8192229
30.185127,27.27755,26.465904,2.9075775,9.6324835
1.2529304,1.6760285,2.5281603,0.4230981,33.76868
0.7561325,0.64142454,1.5327823,0.11470795,15.17035
2.7801495,3.1115475,3.8368418,0.331398,11.920151
1.6395956,1.7710001,2.5890908,0.13140452,8.014446
0.41652018,0.37282094,1.286409,0.043699235,10.491505
0.6912276,0.9977565,2.0886133,0.30652887,44.345577
2.8735235,3.1128006,3.8381371,0.23927712,8.326959
12.829016,7.329955,8.067165,5.4990606,42.864246
1.1347909,1.3680935,2.216824,0.2333026,20.559082
1.1739879,1.5854843,2.4120727,0.4114964,35.051163
0.86463267,0.83831584,1.7214063,0.026316822,3.0436997
2.4608667,3.7183194,4.408894,1.2574527,51.09796
3.0725448,2.9003544,3.6505759,0.17219043,5.6041636
0.96393603,1.0177855,1.886058,0.05384952,5.58642
0.97679216,1.6312354,2.4561722,0.6544432,66.99923
7.891212,8.847838,9.191924,0.9566264,12.122681
1.6772679,1.4837797,2.3185089,0.19348824,11.535917
3.7431104,6.0381026,6.566436,2.2949922,61.312435
1.4289099,1.3152766,2.1756778,0.113633275,7.9524446
1.0009778,1.2481606,2.0976174,0.24718285,24.69414
11.941117,9.378184,9.689642,2.562933,21.463093
0.3966648,0.3945064,1.3120642,0.0021584034,0.5441379
0.80895376,0.7645266,1.8029525,0.044427156,5.4919276
8.93527,13.280719,13.330929,4.3454485,48.632538
3.451453,4.4655724,5.1069202,1.0141194,29.382391
1.1997633,1.1905823,2.049508,0.009181023,0.76523614
0.8545209,0.7104038,1.5970747,0.14411712,16.865253
5.5746493,8.954509,9.292351,3.3798594,60.629093
0.98930454,1.0206378,1.8878156,0.031333208,3.1671953
1.3496317,2.0921843,2.8877141,0.74255264,55.01891
14.710904,9.954812,10.224857,4.756092,32.330383
4.093306,3.2750826,4.0418425,0.8182235,19.989307
0.9564161,0.78090024,1.6673479,0.17551583,18.351408
6.308266,6.9251285,7.394677,0.6168623,9.778635
2.2493403,2.6894174,3.4435039,0.44007707,19.564716
41.14159,29.156578,28.20565,11.985012,29.131136
0.7975253,0.69858444,1.5852491,0.09894085,12.405983
2.7712739,2.9086819,3.6646378,0.13740802,4.958298
1.098115,1.1909542,2.0454395,0.09283924,8.454419
0.97161233,1.0501933,1.9246815,0.078580976,8.087688
0.6994865,0.7174754,1.61835,0.01798892,2.5717323
1.4290779,1.8905799,2.6964703,0.46150208,32.293697
3.4983194,4.125049,4.7831974,0.6267297,17.915167
0.66023904,0.5588871,1.4609975,0.10135192,15.350792
3.3876083,5.196649,5.7832375,1.8090408,53.40171
0.18225835,0.6751033,1.7108262,0.49284494,270.41006
4.2281284,4.7976975,5.5978317,0.5695691,13.47095
1.0565225,0.73879457,1.6228511,0.31772792,30.072992
6.883647,9.7364435,10.020027,2.8527966,41.4431
1.1093651,0.92065907,1.7985396,0.18870604,17.010273
7.2236066,7.994117,8.45035,0.7705102,10.666558
11.667439,13.664877,13.704257,1.9974375,17.119759
1.321372,0.9642904,1.8334599,0.35708165,27.02355
12.660107,15.650995,15.567595,2.9908886,23.624514
4.0242815,5.080454,5.6868076,1.0561724,26.244991
16.174225,12.965267,13.127176,3.2089577,19.839947
2.7291133,4.089059,4.7513933,1.3599455,49.83104
8.095374,8.172336,8.557902,0.07696152,0.95068514
0.33280984,0.30748597,1.2251267,0.025323868,7.6091104
1.0288138,1.0962846,2.0966957,0.06747079,6.5581145
1.6087209,1.8657305,2.6739073,0.25700963,15.976023
12.993159,13.378702,13.425968,0.38554287,2.9672759
13.039451,15.823004,15.706291,2.7835531,21.347166
6.602298,4.607515,5.2704754,1.9947829,30.213465
18.106684,4.1030273,4.760617,14.003656,77.33971
13.98253,16.237255,16.116638,2.2547255,16.125305
0.9401268,0.73111594,1.638654,0.20901084,22.232199
4.115296,3.4483714,4.191334,0.6669245,16.20599
1.0337845,0.95767987,1.8409065,0.07610464,7.361751
1.373141,1.495858,2.3396726,0.1227169,8.936948
0.5305721,0.4594512,1.365623,0.07112092,13.404572
7.439407,9.03878,9.379299,1.5993733,21.498667
1.117412,1.0760369,1.9375831,0.04137504,3.7027562
39.184086,21.17817,20.717484,18.005917,45.952118
2.9248335,3.9736958,4.639991,1.0488622,35.86058
4.1320653,3.157031,3.8813767,0.97503424,23.596777
0.6642948,0.46381867,1.3673543,0.20047611,30.178787
3.657962,3.1129074,3.8484383,0.5450547,14.9005
1.3276219,1.9421706,2.7466502,0.6145487,46.289433
2.1463718,1.9171572,2.72197,0.22921467,10.679169
5.3327355,7.421067,7.8580003,2.0883317,39.16061
16.153444,18.577314,18.280037,2.42387,15.005283
4.4524064,4.7579913,5.3881664,0.3055849,6.863365
1.1929102,1.8370609,2.6469548,0.64415073,53.998257
0.96256304,0.8554362,1.7646588,0.10712683,11.129331
0.5538125,0.49624595,1.3979741,0.057566553,10.394592
4.9320707,5.495931,6.410138,0.5638604,11.4325285
0.44701588,0.3579087,1.2736101,0.089107186,19.933786
19.850218,19.897747,19.578472,0.04752922,0.2394393
0.92371505,0.7923597,1.6749516,0.13135535,14.220331
1.5769333,1.2770965,2.1364002,0.29983675,19.013914
4.1675715,4.652147,5.2829127,0.48457527,11.627281
1.0578777,1.0587194,1.9834406,0.0008417368,0.079568446
2.8936465,2.6840248,3.4394102,0.20962167,7.244204
3.5469742,3.3505764,4.073174,0.19639778,5.537051
0.8565394,0.8741282,1.9393421,0.017588794,2.0534716
3.0694232,4.4322414,5.104602,1.3628182,44.39982
6.31602,6.536758,7.0339766,0.22073793,3.4948897
0.57627815,0.5689951,1.4671679,0.007283032,1.263805
0.07497643,0.09355362,1.0738065,0.018577188,24.77737
4.8912654,5.586925,6.1600194,0.69565964,14.222488
0.6623821,0.5580627,1.458112,0.10431945,15.749135
5.367084,8.801885,9.149015,3.4348006,63.99752
0.34792736,0.4579453,1.3636775,0.110017926,31.620947
3.8366935,4.141924,4.884753,0.30523038,7.955558
1.0834718,0.98989344,1.8588648,0.09357834,8.636897
23.032381,17.810717,17.559637,5.2216644,22.67097
3.7660065,3.2464366,3.9650996,0.5195699,13.7963085
1.4608347,1.3028607,2.163692,0.157974,10.813954
26.20892,21.782436,21.284092,4.426483,16.889225
2.4512045,2.7421112,3.4938374,0.29090667,11.867908
1.1612192,1.2453723,2.1675966,0.084153056,7.2469573
6.035602,7.3600254,7.8422503,1.3244233,21.943518
18.960192,27.254395,26.486301,8.294203,43.745354
14.679963,16.369766,16.216879,1.6898031,11.51095
20.638418,18.45237,18.218513,2.1860485,10.592133
11.78544,11.569927,11.731615,0.21551323,1.8286396
1.535532,1.9644756,2.7677114,0.42894363,27.934528
15.845984,15.655188,15.552292,0.19079685,1.2040707
0.68071544,0.7085072,1.5943284,0.027791739,4.082725
0.90433943,1.4255307,2.2651992,0.52119124,57.63226
2.003784,1.8476946,2.6647348,0.1560893,7.789727
0.56563854,0.57826614,1.6119485,0.012627602,2.2324507
2.0681078,2.0531905,2.8973048,0.014917374,0.72130543
0.9817145,1.269525,2.3466134,0.28781056,29.317135
4.3456736,5.4132566,5.985523,1.0675831,24.566574
0.6258482,0.57983077,1.4760249,0.04601741,7.352807
1.6441423,1.5481362,2.3832426,0.096006036,5.8392777
17.803785,13.426598,13.474549,4.3771877,24.585714
9.513179,6.0279155,6.8857083,3.4852633,36.636158
0.18074821,0.29800084,1.2181954,0.11725263,64.870705
2.079098,2.0627515,2.9073513,0.016346455,0.7862282
0.7694018,0.8818995,1.7604928,0.11249769,14.621449
1.3393406,1.033215,1.9040499,0.30612552,22.856436
7.9578834,9.961077,10.228045,2.0031934,25.17244
1.0241702,0.8982496,1.790789,0.12592053,12.294884
16.517548,19.971613,19.5813,3.4540653,20.91149
2.4979699,2.9328153,3.671205,0.43484545,17.407953
1.0130209,0.8700055,1.74569,0.14301538,14.117714
4.1704106,5.3452225,6.0469737,1.1748118,28.170172
6.283358,4.697122,5.315591,1.586236,25.245035
1.3632808,1.6621587,2.4886272,0.29887795,21.923433
4.647525,5.5025864,6.0713534,0.85506153,18.398212
0.5153455,0.46153945,1.4550898,0.053806067,10.440775
5.310292,3.876027,4.551793,1.4342647,27.00915
0.7250793,0.5893711,1.4980743,0.13570821,18.716328
0.8130154,0.8372847,1.7194713,0.024269283,2.985095
33.15052,26.573376,26.75481,6.5771446,19.840246
10.172555,12.861443,12.938493,2.6888876,26.432766
1.5939274,1.8344135,2.6485064,0.24048615,15.087647
4.991645,3.3105478,4.023238,1.681097,33.67822
3.1401107,3.588245,4.3542953,0.44813418,14.271286
0.49848,0.5236211,1.4309361,0.02514109,5.043551
3.3033895,3.8124318,4.5067186,0.50904226,15.409696
0.798833,0.555869,1.4533653,0.24296403,30.41487
0.8334451,0.6765076,1.5659826,0.15693748,18.829973
0.99161065,0.7054937,1.6081254,0.28611696,28.85376
4.2688136,4.7048492,5.334476,0.43603563,10.214445
3.2180412,4.1712704,4.9668894,0.9532292,29.621412
1.6872447,1.4362292,2.2738454,0.25101542,14.87724
6.3160024,7.956252,8.524372,1.6402497,25.969746
0.5411568,0.43088478,1.3377322,0.11027205,20.377096
2.5588884,3.5613742,4.5435286,1.0024858,39.17661
9.317433,10.7275,10.958649,1.4100666,15.133636
1.3288034,1.0244277,1.8904122,0.30437577,22.906004
1.2323203,0.98909855,1.8683584,0.24322176,19.736895
0.3331888,0.45144984,1.3657879,0.11826104,35.493702
4.560428,5.6138916,6.1774073,1.0534635,23.1001
0.11063854,0.5657098,1.6049677,0.4550713,411.31357
11.001111,10.663108,10.943686,0.33800316,3.0724456
8.402829,11.008546,11.206416,2.6057167,31.00999
32.952824,30.996246,29.923376,1.9565773,5.9375105
0.5814211,0.500926,1.417384,0.08049506,13.844538
7.12801,8.147438,8.5380335,1.0194283,14.3017235
0.9707895,0.9848604,1.8580704,0.014070928,1.4494314
19.936617,30.323835,29.622446,10.387218,52.101208
1.0191337,0.93469024,1.8360379,0.08444345,8.285808
4.9644523,4.646336,5.27002,0.3181162,6.407881
0.46773392,0.67331755,1.5636728,0.20558363,43.953114
22.807434,23.23148,22.624325,0.42404556,1.8592428
1.2156457,1.1520216,2.0115976,0.063624024,5.2337637
4.4063015,5.396786,5.991041,0.9904847,22.478823
14.085432,10.850111,11.060705,3.235321,22.96927
2.3181765,2.2176282,3.007742,0.10054827,4.337386
0.82196534,0.89719665,1.8727391,0.07523131,9.152614
0.60025835,0.58974457,1.4904729,0.0105137825,1.7515429
0.5022279,0.5133605,1.4301426,0.011132598,2.2166426
28.705149,10.801261,11.015548,17.903889,62.3717
11.812639,12.933934,13.023604,1.121295,9.492332
1.3740928,1.1288099,1.9889574,0.24528289,17.850533
1.0101365,0.98203886,1.8546407,0.02809763,2.7815676
1.1427501,0.92606413,1.8003521,0.21668601,18.961802
1.0263366,1.0252478,1.8906009,0.0010887384,0.10608006
1.2020745,1.6937795,2.5130146,0.49170494,40.904697
3.8068671,4.5918803,5.4414973,0.7850132,20.620977
2.887908,4.506121,5.137266,1.6182132,56.0341
5.320329,6.1146145,6.6387935,0.7942853,14.929251
0.9201858,0.88383436,1.9588037,0.036351442,3.950446
0.46692172,0.5526241,1.4807442,0.08570239,18.354767
0.79445285,0.6291046,1.5548273,0.16534823,20.812843
1.1845276,0.9368067,1.8151718,0.24772096,20.913057
1.6868742,1.6346428,2.5114357,0.05223131,3.096337
0.96778226,0.8983437,1.771493,0.06943858,7.1750207
23.055845,27.530634,26.674145,4.4747887,19.408478
2.9553442,4.621838,5.2467394,1.6664939,56.389164
1.3281828,1.3840079,2.2265062,0.055825114,4.2031198
4.6637697,3.820334,4.5016437,0.84343576,18.08485
0.6359387,0.8165374,1.6959481,0.18059868,28.398756
5.3660483,7.855277,8.263188,2.4892287,46.38849
3.9302633,4.7955456,5.413024,0.8652823,22.015886
0.32663515,0.42632806,1.3346323,0.09969291,30.521181
1.38539,1.108983,1.9687604,0.276407,19.951567
0.8242357,0.69512427,1.5957044,0.12911141,15.664379
1.2254896,1.8433757,2.654876,0.61788607,50.419525
0.77444255,0.6932421,1.6703609,0.08120048,10.4850235
2.3359244,3.164938,3.8863003,0.8290136,35.489746
0.54518276,0.6303569,1.5356997,0.08517414,15.623044
1.6563036,1.79551,2.6146872,0.13920641,8.404643
2.117686,2.4260824,3.2044878,0.30839634,14.562893
0.9398825,0.7532445,1.6692638,0.186638,19.857588
1.4183465,1.4015372,2.2518406,0.016809344,1.1851367
2.8896337,4.449212,5.085556,1.5595784,53.971493
0.919246,0.87350535,1.7732962,0.045740664,4.975889
1.9415582,2.2826047,3.064779,0.34104645,17.565605
1.7635764,1.7859225,2.606386,0.022346139,1.2670922
1.4588017,1.4909809,2.3240542,0.032179117,2.2058594
6.1859517,6.1023207,6.62555,0.08363104,1.351951
1.5010871,1.4077704,2.2475145,0.093316674,6.216606
0.43784758,0.5457829,1.4476948,0.10793534,24.65135
4.235345,6.060305,6.5876827,1.8249602,43.08882
4.531588,6.0197167,6.54888,1.4881287,32.83901
1.3455437,2.1859474,2.973421,0.8404037,62.458294
6.365761,7.8791475,8.286688,1.5133867,23.773853
1.1811603,1.0570269,1.924463,0.12413347,10.509452
1.2078402,1.2629609,2.1117163,0.055120707,4.563576
2.3781757,3.4206986,4.125683,1.0425229,43.837082
0.59549576,0.55581796,1.5835158,0.0396778,6.662986
1.0466208,0.58156765,1.4768571,0.4650532,44.43378
9.907822,8.03255,8.429162,1.8752718,18.927185
2.0015612,1.8229458,2.6346138,0.17861533,8.923801
2.3774831,2.6932428,3.4566965,0.31575966,13.281258
6.38388,8.895081,9.239616,2.5112004,39.336586
21.014507,17.354664,17.136759,3.6598434,17.415794
0.6020241,0.5004884,1.4058754,0.10153568,16.865719
2.3418803,2.8301418,3.5730956,0.48826146,20.849121
13.191155,11.547165,11.742968,1.6439905,12.462824
2.864426,3.3483543,4.0600653,0.48392844,16.89443
0.71554124,0.80537367,1.727137,0.089832425,12.554471
0.8626229,0.7015588,1.5894737,0.16106409,18.671436
0.53998446,0.6923734,1.590313,0.15238893,28.220985
1.6532422,1.8751817,2.6834538,0.22193944,13.424497
1.6906321,1.5749469,2.4024189,0.115685225,6.84272
1.0597533,1.4387953,2.276267,0.37904203,35.767006
1.1088606,1.04599,1.9123445,0.06287062,5.66984
0.7353278,0.75082123,1.6482847,0.015493453,2.107013
1.745062,2.9927583,3.7243898,1.2476963,71.49868
1.5316783,1.6667831,2.490059,0.13510478,8.820702
8.259656,11.719362,11.874414,3.4597063,41.88681
0.7547734,0.9982779,1.8687176,0.24350452,32.26194
0.90402246,0.75176275,1.6358919,0.15225971,16.84247
5.4920845,4.698778,5.3243294,0.79330635,14.44454
9.093066,3.0881028,4.089519,6.0049634,66.038925
1.3545611,1.7486525,2.5642636,0.39409137,29.093658
0.91491485,0.6474221,1.5395073,0.26749277,29.236904
13.337387,16.973833,16.916733,3.636446,27.265055
6.075823,5.3930836,5.9700346,0.68273926,11.236984
26.062624,6.3135195,6.8262086,19.749104,75.77558
17.39463,19.68384,19.311699,2.2892094,13.160437
5.588019,8.430359,8.799638,2.84234,50.8649
1.7355374,1.8638585,2.850386,0.12832105,7.393736
0.5925972,0.5064995,1.4074336,0.08609766,14.528868
1.8168476,2.2923918,3.4136746,0.4755442,26.174139
2.8011408,3.1464567,3.8702984,0.34531593,12.327689
10.481924,13.05876,13.216369,2.5768356,24.583612
7.5551424,6.6476655,7.13585,0.9074769,12.01138
11.199722,13.6239395,13.903873,2.4242172,21.645334
0.24314593,0.28075668,1.2138937,0.037610754,15.468388
6.326828,5.435993,6.0145884,0.8908348,14.080276
0.4987925,0.5533562,1.4671202,0.05456367,10.939152
7.9700146,5.4840784,6.0493555,2.4859362,31.19111
3.9298868,6.6023426,7.106799,2.6724558,68.00338
5.7597027,5.0027766,5.6013803,0.75692606,13.141755
0.3431519,0.4472732,1.3650589,0.1041213,30.342625
2.2988727,1.8373365,2.6761029,0.46153617,20.07663
1.273333,1.3001027,2.1621623,0.026769757,2.1023376
9.169127,8.854372,9.201919,0.31475544,3.432774
0.5707643,0.4462668,1.3608615,0.1244975,21.812418
1.813794,1.8414524,2.6523721,0.027658343,1.5248889
0.91551626,0.73098636,1.6207798,0.1845299,20.15583
0.5816464,0.6690438,1.5585765,0.0873974,15.025864
0.67596054,0.6907512,1.5895505,0.014790654,2.1880944
5.9547777,7.579093,8.007595,1.6243153,27.277512
3.3878872,2.4483685,3.2206194,0.9395187,27.731699
1.7244394,1.9178607,2.7309685,0.19342136,11.216478
0.21192075,0.344663,1.2627946,0.13274224,62.63768
1.6141734,1.5699925,2.4564035,0.04418087,2.7370584
5.4746923,6.9571805,7.4273806,1.4824882,27.07893
1.3816687,1.849689,2.6611538,0.46802032,33.873558
2.0025487,2.08498,2.8788536,0.08243132,4.11632
11.441949,5.6808844,6.2348366,5.7610645,50.350376
0.3114648,0.30295035,1.2234781,0.008514434,2.7336748
0.51934016,0.61149,1.5087646,0.09214985,17.74364
1.2539198,1.2033193,2.0565343,0.05060053,4.035388
0.29274875,0.3704586,1.2837247,0.07770985,26.544897
3.0045,3.6290107,4.3190613,0.62451077,20.785847
2.428894,2.7215002,3.4900498,0.29260612,12.046887
0.62056714,0.50495386,1.4091083,0.11561328,18.63026
0.8607614,0.78502274,1.739328,0.07573867,8.799031
37.772415,20.201237,19.861526,17.571178,46.518543
40.27665,31.006744,30.1909,9.269905,23.015581
7.131571,8.3156,8.695324,1.1840296,16.602648
0.62081486,0.60171556,1.5650325,0.019099295,3.076488
2.0066106,2.0070186,2.845096,0.0004079342,0.020329515
1.1915007,1.8176014,2.8555744,0.6261008,52.547245
2.380334,2.4609025,3.4330118,0.08056855,3.3847585
0.7773907,0.6894653,1.5888222,0.087925434,11.310328
0.9704852,0.87536633,1.7720762,0.09511888,9.8011675
0.22702567,0.17707752,1.1165868,0.049948156,22.001106
0.94896317,0.795792,1.6775917,0.15317118,16.140898
1.2210069,1.8311093,2.6420035,0.6101024,49.96716
2.722512,1.8082628,2.6518211,0.9142492,33.58109
0.09763951,0.13700944,1.1128135,0.039369933,40.321724
5.1605787,2.72419,3.4740121,2.4363887,47.21154
7.046469,8.311097,8.722121,1.2646279,17.946972
4.854027,6.7013206,7.1856985,1.8472939,38.056934
2.273318,2.4185388,3.191996,0.14522076,6.388053
0.49767426,0.45467067,1.3627353,0.04300359,8.640911
0.8686505,0.60424125,1.5037704,0.26440924,30.439081
0.21098557,0.1605622,1.1036807,0.05042337,23.898966
2.187472,2.2980516,3.0815501,0.11057949,5.0551267
25.244205,23.329706,22.763805,1.9144993,7.5839157
3.5148218,4.89444,5.5003476,1.3796184,39.251446
0.19537808,0.45804384,1.375412,0.26266575,134.43973
0.49200076,0.43622154,1.4509186,0.05577922,11.337222
0.90910083,0.83276427,1.725216,0.07633656,8.396931
0.73150396,0.6726607,1.5843481,0.058843255,8.0441475
4.4786024,4.7303514,5.3538284,0.25174904,5.621152
1.2703116,1.1060488,1.9654683,0.16426277,12.930904
4.1104407,4.17074,4.8496842,0.060299397,1.4669813
1.4638603,1.4195828,2.262079,0.04427743,3.0247033
3.52236,4.393325,5.032447,0.87096477,24.726738
1.048971,1.2848449,2.1317003,0.23587382,22.486208
1.3074168,1.3974729,2.2583318,0.09005606,6.888091
34.87205,15.635948,16.60065,19.236103,55.16195
13.644846,18.650919,18.777409,5.006073,36.68838
19.686235,5.477814,6.042858,14.208422,72.1744
2.2979207,2.6329124,3.3928125,0.3349917,14.578035
5.9034195,4.5249147,5.159068,1.3785048,23.350954
9.4877205,7.361395,8.266261,2.1263256,22.411345
4.552386,6.5003686,7.535241,1.9479828,42.79037
0.97161484,0.87419283,1.9211582,0.097422004,10.0268135
29.467009,24.906755,24.202284,4.560253,15.475793
5.763295,7.488208,7.9204493,1.7249126,29.92928
11.932147,14.670793,14.640394,2.7386456,22.951826
2.4285164,1.9591894,2.7629218,0.46932697,19.325666
2.8051047,3.683817,4.3751936,0.8787122,31.325466
6.0927825,6.3738394,6.8807783,0.28105688,4.612948
1.1949769,0.8807967,1.7607133,0.31418025,26.291742
8.94516,10.054969,10.315849,1.1098089,12.40681
1.3634294,1.5430026,2.3730257,0.17957318,13.170698
1.7838528,1.7409687,2.5677311,0.04288411,2.4040163
4.92383,6.1600437,6.7604184,1.2362137,25.10675
1.3467239,1.3564296,2.200024,0.009705663,0.7206869
0.29212222,0.29693258,1.2164602,0.004810363,1.6466954
0.57703054,0.4694089,1.4663277,0.10762164,18.650944
0.6380282,0.5387306,1.4410793,0.09929758,15.563196
13.500804,6.2909217,6.802848,7.2098823,53.403355
3.5694559,4.103144,4.7606955,0.5336883,14.951531
0.51169807,0.4889239,1.3933733,0.02277416,4.4507027
5.304645,11.165302,11.3916,5.860657,110.48161
2.229411,2.4873,3.2608948,0.25788903,11.567586
2.2638335,2.4110675,3.191912,0.14723396,6.503745
0.697382,0.8833859,1.7583717,0.18600392,26.671741
4.609192,6.5264487,7.0288453,1.9172568,41.596375
7.3982086,10.277107,10.526237,2.8788986,38.913456
7.549969,3.9326515,4.882271,3.6173177,47.91169
34.37077,31.192749,30.657166,3.1780205,9.246289
1.6345344,1.9431951,2.7495568,0.30866075,18.88371
1.0078994,0.9224944,1.8024837,0.08540499,8.473562
1.3683032,1.371969,2.224104,0.0036658049,0.2679088
5.3355565,5.062342,5.6762114,0.27321434,5.1206346
1.8078339,1.7111645,2.5313306,0.096669436,5.347252
0.26313302,0.31854057,1.2420685,0.055407554,21.05686
1.0969784,1.123857,2.0202785,0.026878595,2.4502392
2.7360225,3.1729994,3.9032156,0.4369769,15.971248
1.729279,1.6496203,2.4725652,0.07965875,4.6064715
1.7234805,1.6874623,2.559866,0.036018133,2.0898488
0.09172161,0.03863749,1.0043128,0.05308412,57.87526
45.70715,21.738049,21.232239,23.9691,52.440598
2.0953379,1.531517,2.4081607,0.56382084,26.90835
1.4037321,1.3085089,2.159182,0.09522319,6.783573
2.659031,2.8849928,3.6262314,0.22596192,8.497905
1.184423,0.61032677,1.5073732,0.5740962,48.470543
2.3854847,1.9509101,2.753618,0.4345746,18.217455
35.850056,17.177097,16.967999,18.672958,52.086277
1.7438666,1.5095997,2.3519592,0.23426688,13.433762
5.239043,6.000734,6.5326195,0.7616906,14.538734
0.48786458,0.53308725,1.4415435,0.04522267,9.269512
5.0116158,2.2043428,2.9902267,2.807273,56.015327
0.9737108,0.79747903,1.6775786,0.17623174,18.098984
3.063322,2.7698724,3.5221233,0.29344964,9.579457
4.006354,5.1171784,5.7138753,1.1108246,27.726572
1.0364481,0.8411715,1.7315512,0.19527662,18.840944
2.1060085,2.2796693,3.0690558,0.17366076,8.245966
2.394737,2.6973095,3.463402,0.3025725,12.634893
3.2673352,3.9363894,4.6180606,0.66905427,20.477062
0.6144513,0.5603298,1.5644662,0.054121494,8.808102
48.871746,7.4963226,7.9267387,41.375423,84.66124
1.0148721,0.7572628,1.6403567,0.25760925,25.38342
1.7878191,2.1719494,2.9589078,0.38413024,21.485968
3.010052,3.8949323,4.5680037,0.8848803,29.397509
0.7965957,1.1308293,1.9887205,0.33423364,41.95775
0.928118,0.8662356,1.8466771,0.061882377,6.667512
20.593458,9.907052,10.17915,10.686406,51.89224
3.9418926,3.4455752,4.1483836,0.4963174,12.590839
1.8411691,1.6826522,2.5101533,0.15851688,8.609577
0.7035807,0.61023355,1.5125698,0.09334713,13.267438
0.86790514,1.0688548,1.9353898,0.20094967,23.153414
1.031364,0.7671803,1.6537333,0.26418364,25.614977
0.38797843,0.4610018,1.3651652,0.07302338,18.821505
1.1466371,0.9741641,1.8447022,0.17247295,15.041634
2.8483012,3.395751,4.1228285,0.5474498,19.220222
1.6050836,1.989821,2.7895067,0.38473737,23.969927
3.7638347,4.1782327,4.832364,0.41439795,11.009994
23.211637,17.262522,17.064344,5.9491158,25.629883
27.062477,26.036564,25.249344,1.0259132,3.7909067
1.3846899,1.6888478,2.5090551,0.30415785,21.965773
9.640479,8.669137,9.022581,0.9713421,10.075662
4.70295,4.5729675,5.2069244,0.12998247,2.7638497
13.497981,18.309128,18.237186,4.8111467,35.643456
6.2617235,7.2390976,7.687673,0.9773741,15.608707
1.2124442,1.0585105,1.9234719,0.15393364,12.696142
0.85601336,0.88589,1.7718834,0.02987665,3.4902084
3.7913308,4.434962,5.0717125,0.643631,16.976387
6.1745105,4.8240967,5.4361305,1.3504138,21.870783
3.114264,3.1181269,3.8453615,0.0038628578,0.124037586
7.9923067,5.383648,5.9620185,2.6086588,32.63962
4.2371116,4.298357,4.966119,0.06124544,1.4454527
0.8928865,0.6977097,1.6383888,0.19517684,21.859087
11.4061775,13.329213,13.388535,1.9230356,16.859596
2.9615874,4.2760515,4.925822,1.3144641,44.38377
0.8376495,0.78781617,1.6686345,0.049833357,5.949189
1.237639,1.767673,2.5834115,0.53003407,42.826225
9.065637,7.250573,7.697959,1.8150635,20.021357
0.56102824,0.46271634,1.3686652,0.0983119,17.523521
0.51559925,0.50062454,1.4151546,0.014974713,2.904332
0.97180337,0.7578542,1.6407442,0.21394914,22.015682
2.6376562,2.2783563,3.0677197,0.3592999,13.621938
0.8822544,0.6045482,1.5012829,0.2777062,31.476885
1.6624628,1.7222302,2.544741,0.059767365,3.59511
42.347202,9.825951,10.300021,32.52125,76.7967
0.7684638,0.84300005,1.7203861,0.074536264,9.699386
0.9539012,0.788865,1.6764395,0.1650362,17.301184
0.5073766,0.5292207,1.4359369,0.021844089,4.3053007
0.9204326,1.0382214,1.9157327,0.11778873,12.797106
5.0558653,5.4178042,6.001986,0.36193895,7.158793
0.53606784,0.6796409,1.5698569,0.14357305,26.782625
8.365989,7.503008,7.9362144,0.86298084,10.315348
0.5557325,0.46994278,1.3860987,0.08578971,15.437231
32.86362,5.0129313,5.6093,27.850689,84.746254
0.4688813,0.56917596,1.4780442,0.10029465,21.3902
1.3239589,1.3644452,2.2123318,0.040486336,3.0579753
22.109367,19.557539,19.196554,2.5518284,11.541842
0.5433485,0.42973772,1.356003,0.113610774,20.909374
9.018374,9.681264,9.997124,0.6628895,7.350432
12.208606,5.816703,6.7792015,6.391903,52.355717
0.45492998,0.37838313,1.3498334,0.07654685,16.826073
16.541029,17.45755,17.239616,0.9165211,5.540895
2.6009223,2.8365626,3.6234434,0.23564029,9.059875
3.0155318,3.7077408,4.393572,0.692209,22.95479
4.2811236,4.1325693,4.7923183,0.14855433,3.4699845
0.5685335,0.4683785,1.3836772,0.100154966,17.61637
2.3177311,2.013672,2.8464255,0.30405903,13.118822
8.353047,8.612757,9.200075,0.25970936,3.109157
1.4249974,1.7441952,2.5680873,0.31919777,22.399883
30.200493,11.533502,11.69804,18.666992,61.810223
1.3890705,1.1819754,2.0533452,0.20709515,14.908901
0.7271748,0.6865337,1.721196,0.04064113,5.5889072
2.1361759,1.5019536,2.335521,0.63422227,29.68961
12.483322,12.639414,12.755805,0.15609169,1.2504019
2.9447577,2.8698382,3.6384616,0.07491946,2.544164
0.42608282,0.49336332,1.3998907,0.0672805,15.790475
0.8152552,0.5986372,1.5047295,0.216618,26.570576
12.59112,13.26718,13.43415,0.6760607,5.3693447
7.612584,10.517073,10.751644,2.9044886,38.153778
3.2392418,2.5342896,3.2998543,0.70495224,21.762878
2.0779219,2.2438598,3.0356083,0.1659379,7.985762
0.34196362,0.37778816,1.3255126,0.035824537,10.476126
5.532896,6.800362,7.288851,1.2674661,22.907824
1.2663853,0.9096011,1.7825371,0.35678422,28.173431
2.0321345,1.1122842,1.9783112,0.91985035,45.26523
25.703516,25.55893,24.80945,0.14458656,0.5625167
0.9972,0.86196804,1.7421796,0.13523197,13.561169
0.16834393,0.17551202,1.1197935,0.0071680844,4.258
25.873093,25.685696,24.965702,0.187397,0.724293
2.9435916,3.6264577,4.3192635,0.6828661,23.198397
0.6526536,0.6965542,1.5897294,0.04390061,6.7264795
40.35182,33.461773,32.280445,6.890049,17.074938
5.9616547,4.7899327,5.4028034,1.1717219,19.654308
10.362642,12.537576,12.726118,2.1749334,20.988213
1.6432635,1.4736552,2.3154476,0.16960824,10.321426
4.0509615,3.6771865,4.3676567,0.373775,9.226823
3.2343557,5.2443213,5.828203,2.0099657,62.144238
0.7284017,0.4808252,1.3905753,0.24757653,33.98901
23.591196,23.893383,23.243757,0.30218697,1.2809311
0.6236061,0.66790605,1.561135,0.04429996,7.103837
4.372248,3.8463998,4.540799,0.5258484,12.026957
11.021139,10.349957,10.610296,0.6711817,6.089948
2.5891144,2.689122,3.5426133,0.100007534,3.8626153
0.7665406,0.5852696,1.4844931,0.18127102,23.647934
7.9763656,10.044489,10.308508,2.0681233,25.92814
2.8278077,2.5471916,3.311372,0.28061604,9.923449
3.8500764,3.5538611,4.2494497,0.2962153,7.693751
6.723085,5.461688,6.0329075,1.2613969,18.762173
3.1348395,3.127077,3.8693337,0.007762432,0.24761817
16.664526,19.703585,19.335592,3.0390587,18.236696
0.56097305,0.45275152,1.3786194,0.10822153,19.291752
1.1298312,1.3530025,2.1959715,0.22317135,19.752628
6.2828546,8.556821,8.925134,2.2739663,36.193203
6.126048,6.990576,7.4653034,0.8645277,14.112324
0.96436924,1.6103637,2.4365036,0.6459945,66.98622
1.543814,1.6550634,2.4771872,0.11124945,7.2061434
0.6260247,0.39431643,1.3106999,0.23170829,37.01264
0.77567106,0.80927587,1.6893135,0.0336048,4.332352
0.65100753,0.58535194,1.4849659,0.06565559,10.085227
0.61531836,0.5775955,1.5050927,0.037722886,6.130629
0.8672842,1.2133243,2.06517,0.34604013,39.899277
0.618228,0.6118953,1.6505333,0.0063326955,1.02433
0.6221135,0.43758705,1.3479102,0.18452647,29.661222
4.5663414,3.8780994,4.7370906,0.68824196,15.072065
0.66262496,0.46729958,1.3728096,0.19532537,29.477516
17.101881,16.674515,16.499882,0.42736626,2.498943
0.8227552,0.7434515,1.7939637,0.07930374,9.638802
0.50137585,0.6228776,1.5451652,0.121501744,24.233664
3.5602503,4.229304,4.9174285,0.66905355,18.792318
21.218405,24.793869,24.153341,3.5754642,16.850767
6.0572147,7.6547613,8.154335,1.5975466,26.374275
1.3822346,1.8632514,2.674181,0.48101687,34.799946
3.1914492,4.3416233,4.9839983,1.1501741,36.03924
3.836262,5.3801723,5.955945,1.5439103,40.24517
4.4249363,6.3471503,6.8577704,1.922214,43.44049
1.0253339,0.8951163,1.7844182,0.13021755,12.700014
5.0165906,5.445717,6.019997,0.42912626,8.554142
3.9865935,5.2446203,5.8273706,1.2580268,31.556437
0.5461646,0.5895541,1.4942229,0.0433895,7.944401
5.5094204,5.2676105,5.848585,0.24180984,4.389025
5.6826525,8.826172,9.374607,3.1435194,55.317818
1.071751,1.3077719,2.1537473,0.23602092,22.021994
7.6550846,8.379854,8.75463,0.7247696,9.467819
4.195598,4.6558633,5.2836714,0.46026516,10.970192
0.647649,0.60891795,1.5207391,0.03873104,5.9802513
1.2602857,1.4038429,2.2440696,0.14355719,11.390844
10.749138,6.1861124,6.7055674,4.5630255,42.450153
2.3180454,2.7748802,3.5250926,0.4568348,19.707758
6.3169875,9.480778,9.781538,3.1637902,50.083847
1.0767957,1.4255488,2.2641783,0.3487531,32.388046
4.0225663,4.9944253,5.6052027,0.971859,24.160173
18.798326,21.249138,20.809177,2.4508114,13.037392
4.2048397,5.289582,5.8684545,1.0847421,25.797464
1.6363487,1.34412,2.193841,0.2922287,17.858583
0.67787486,0.68931854,1.6061947,0.011443675,1.6881692
2.90426,2.762783,3.511156,0.14147687,4.871357
1.3703865,1.2345784,2.096846,0.13580811,9.910205
20.9132,18.190773,17.91973,2.7224274,13.017746
0.515777,0.5767635,1.6072476,0.06098652,11.8242035
5.93308,6.4834104,7.08313,0.55033016,9.275623
0.36771402,0.41337943,1.3399041,0.045665413,12.41873
0.53589803,0.6945784,1.5824754,0.15868038,29.610182
1.3299732,2.2274523,3.013621,0.89747906,67.48099
1.636441,1.8092425,2.6219363,0.1728015,10.559592
4.342563,3.6875405,4.3827333,0.6550226,15.083778
0.6296975,0.62221086,1.5176172,0.0074866414,1.1889267
0.6125079,0.62819016,1.5239668,0.01568228,2.5603392
0.51262033,0.59448457,1.491832,0.08186424,15.969761
9.60635,10.301057,10.570185,0.6947069,7.2317467
1.5142279,1.4240987,2.2621505,0.09012914,5.9521513
15.500475,1.7840662,2.5994468,13.716409,88.49025
0.22841899,0.31933567,1.3137078,0.09091668,39.802593
1.5497721,1.2034109,2.064745,0.34636128,22.349174
37.50071,32.436348,31.31001,5.0643616,13.504708
0.51855963,0.50587785,1.4228333,0.012681782,2.4455783
25.730276,20.413164,20.6373,5.317112,20.664806
0.6215717,0.4459953,1.3511986,0.17557642,28.24717
0.61271185,0.78583586,1.6900309,0.17312402,28.255371
1.0705359,0.9591961,1.843074,0.11133981,10.40038
5.80045,6.3724284,6.886004,0.57197857,9.860934
4.1790967,5.202115,5.7951465,1.0230184,24.479412
0.9120439,0.8517121,1.7282026,0.06033182,6.6150126
1.3519778,1.115412,1.9739844,0.23656583,17.497759
0.7990891,0.6958357,1.5931997,0.103253365,12.921384
3.714729,3.9532156,4.628854,0.23848653,6.4200244
1.9249296,1.6885862,2.5090954,0.23634338,12.278028
1.6942754,2.6280746,3.461419,0.93379927,55.114964
1.8098892,1.8332391,2.6788619,0.023349881,1.2901276
9.941668,10.412101,10.665224,0.47043324,4.731935
1.9971741,2.6182115,3.3754401,0.62103736,31.095804
11.799236,26.669273,25.982412,14.870037,126.02541
3.3132944,3.1026978,3.840898,0.21059656,6.3561077
0.50878733,0.43633133,1.3530469,0.072456,14.240921
2.6808805,2.0488143,2.860604,0.63206625,23.576817
15.149711,16.430948,16.299755,1.2812376,8.457175
2.3507624,2.9425297,3.6839511,0.5917673,25.173422
4.9329257,6.0697827,6.5967164,1.136857,23.046303
5.887564,6.9946995,7.6098123,1.1071353,18.804642
1.0620911,1.1529143,2.0626605,0.09082317,8.551354
2.1354375,3.0276885,3.7588096,0.892251,41.783054
6.604264,6.7958922,7.274579,0.19162846,2.901587
13.349996,11.402545,11.592725,1.9474506,14.587649
4.776314,5.1194286,5.708997,0.34311485,7.183675
0.5064875,0.6266912,1.5208166,0.12020373,23.732815
0.7437384,0.59269404,1.4877527,0.15104437,20.308804
15.042104,10.809322,11.023346,4.2327814,28.139557
1.565015,1.251987,2.1071754,0.31302798,20.001596
1.244191,1.2709613,2.2426248,0.026770234,2.1516175
9.54096,4.2425823,4.8931336,5.298378,55.53296
28.349878,31.11388,30.105387,2.7640018,9.749607
1.0739715,0.78831816,1.6689447,0.28565335,26.59785
0.81562287,0.8618003,1.7522429,0.046177447,5.6616173
0.8786012,0.6966921,1.5870143,0.18190908,20.704397
1.7031269,1.7731352,2.6113596,0.07000828,4.1105733
20.273249,18.233107,17.964912,2.040142,10.063222
2.2292428,2.9001694,3.638768,0.6709266,30.096613
0.5547974,0.6425636,1.5436081,0.08776617,15.819499
0.62273,0.6334579,1.530435,0.010727882,1.722718
31.518103,21.022448,20.570969,10.495655,33.300404
3.1834815,3.9759483,4.647931,0.7924669,24.89309
1.1579697,1.229326,2.0941627,0.0713563,6.1621904
28.956486,19.74049,19.370424,9.215996,31.827053
0.8638354,0.6350198,1.5276166,0.22881562,26.488335
0.5210217,0.35941273,1.278154,0.161609,31.01771
0.5951182,0.46976763,1.398627,0.1253506,21.06314
2.4977655,2.791162,3.7285113,0.29339647,11.746358
0.54127145,0.4310122,1.3513712,0.110259235,20.370415
3.484307,4.1712933,4.827605,0.6869862,19.716581
0.8699497,0.65545595,1.54533,0.21449375,24.65588
19.745481,16.02096,15.913548,3.7245216,18.862652
0.7923955,0.7762426,1.657722,0.016152859,2.0384846
1.3314621,1.4102285,2.2504199,0.078766346,5.915778
1.2031223,0.98592365,1.8557304,0.21719861,18.052912
7.200188,5.168714,5.7643785,2.031474,28.214182
1.0333817,1.0281696,1.894075,0.0052120686,0.50437015
10.694075,14.28304,14.268905,3.5889654,33.560318
1.6973778,2.2402503,3.0242596,0.54287255,31.983011
0.6719318,0.6872165,1.5901701,0.015284717,2.2747424
0.6916203,0.6978388,1.6012878,0.006218493,0.8991195
1.0528877,0.99168134,1.8711522,0.06120634,5.813188
2.0679362,2.310771,3.0966449,0.2428348,11.742858
9.218,6.179254,6.7042074,3.0387464,32.96535
3.164932,4.6037383,5.2287593,1.4388063,45.46089
0.93290174,1.1858718,2.0438194,0.2529701,27.11648
2.5543365,2.8421538,3.5865474,0.28781724,11.267788
3.2045364,4.8483305,5.4574223,1.6437941,51.295845
0.93670887,0.7830657,1.6672065,0.15364319,16.402449
0.6485161,0.727298,1.616331,0.0787819,12.148025
2.659717,3.8321562,4.510557,1.1724391,44.08135
0.40688804,0.4804536,1.384713,0.07356557,18.080053
2.6246564,1.5908618,2.417831,1.0337946,39.387806
0.64929664,0.46896276,1.3941592,0.18033388,27.773727
0.5394659,0.3734001,1.3144044,0.16606581,30.783375
0.64832157,0.58327365,1.5196518,0.06504792,10.03328
5.172408,7.0131617,7.478331,1.8407536,35.58794
6.6505666,8.325576,8.713555,1.6750093,25.185965
0.64342767,0.5679537,1.4773799,0.075473964,11.729984
1.8419363,1.8240304,2.6479776,0.01790595,0.9721265
5.289341,6.482374,7.043847,1.1930332,22.555422
7.571568,6.7244964,7.2065916,0.84707165,11.187533
2.3657537,3.1998682,3.9199324,0.83411455,35.257877
2.239667,2.1724732,2.9643219,0.06719375,3.000167
4.4164495,6.365897,6.889686,1.9494476,44.140606
0.56801945,0.4901216,1.3966082,0.07789785,13.71394
0.6868585,0.58074903,1.4777731,0.10610944,15.448516
0.6677018,0.5605258,1.4728082,0.107176006,16.05148
9.372848,14.028058,14.028774,4.6552105,49.666985
0.5093574,0.5448829,1.5731126,0.0355255,6.9745727
0.6807275,0.67202413,1.5610881,0.008703351,1.2785368
12.063764,13.315367,13.359812,1.2516031,10.374897
0.15870881,0.19193184,1.1333193,0.033223033,20.933327
4.1376004,4.327095,5.031736,0.18949461,4.579819
0.9483622,0.9269074,1.7981358,0.021454751,2.2622952
11.815301,11.5666065,11.734255,0.24869442,2.1048505
17.663158,25.42906,24.736826,7.7659016,43.966663
1.6915252,1.7749617,2.5921347,0.08343649,4.9326186
0.61186683,0.54362535,1.4762591,0.06824148,11.152995
1.1305599,0.83580554,1.716159,0.2947544,26.07154
0.29157153,0.45571306,1.3621006,0.16414154,56.295464
0.5248759,0.4927984,1.3982728,0.03207749,6.111443
1.1361105,1.4263172,2.2647648,0.29020667,25.543877
4.798616,6.0844464,6.609964,1.2858305,26.795862
27.483322,28.623047,27.693073,1.1397247,4.1469684
1.1995696,0.95608354,1.8284181,0.24348605,20.297785
0.079041846,0.063783176,1.0440857,0.01525867,19.304546
0.38760304,0.4156474,1.3273642,0.028044343,7.235326
15.265623,17.349997,17.146318,2.0843735,13.654035
16.19063,14.497423,14.46891,1.6932068,10.457943
0.9253009,1.7038624,2.5305386,0.77856153,84.14145
6.744224,8.055722,8.458161,1.3114982,19.446241
20.005266,22.393745,21.874336,2.3884792,11.939253
0.9179855,1.0744865,2.1497428,0.156501,17.048307
16.887758,19.112026,18.79916,2.224268,13.170889
2.2556508,2.2355587,3.0348701,0.02009201,0.89074117
0.7926632,0.6138575,1.5087876,0.17880571,22.557589
17.156784,18.678732,18.399315,1.5219479,8.870823
1.2458014,1.5477192,2.3833795,0.3019178,24.234825
6.0562334,6.2370977,6.7588453,0.18086433,2.986416
1.0316992,1.4840088,2.3186014,0.4523096,43.84123
0.836938,0.56769884,1.4670568,0.2692392,32.16955
1.551418,1.357331,2.1997142,0.19408691,12.510292
33.57186,13.467552,13.505142,20.10431,59.884403
6.462582,8.436215,8.933282,1.9736333,30.539392
1.4961015,1.2485123,2.10379,0.24758923,16.54896
8.436107,10.641952,10.8763895,2.2058449,26.147665
3.076363,2.4963067,3.2619772,0.5800564,18.855265
5.8464007,7.0522985,7.5227213,1.2058978,20.62633
1.8387092,1.6666982,2.495023,0.17201102,9.354987
12.61076,8.372024,8.775016,4.238736,33.61206
0.32509053,0.26509827,1.1860586,0.059992254,18.454016
1.6570778,1.6507521,2.4763894,0.0063257217,0.3817396
0.46516535,0.53518224,1.4375361,0.07001689,15.052043
0.97559184,0.9453844,1.8189721,0.030207455,3.096321
5.721024,4.601229,5.2283545,1.1197948,19.573328
0.571158,0.5342084,1.5477028,0.036949575,6.4692388
0.88645345,0.883628,1.7588413,0.002825439,0.31873518
0.38074765,0.42962226,1.4034344,0.048874617,12.836486
1.2347676,0.8903942,1.7654294,0.34437335,27.889732
11.177945,8.257813,8.695515,2.9201317,26.124048
0.9262018,0.7815746,1.6653924,0.14462721,15.615086
0.92563015,0.8187846,1.6975021,0.10684556,11.543008
4.1440415,3.247118,3.9647672,0.89692354,21.64369
3.2321138,4.128726,5.112737,0.89661217,27.740736
0.1520448,0.14780903,1.097606,0.0042357743,2.7858725
11.539107,10.442369,10.760253,1.0967379,9.504529
1.4264612,1.3832893,2.2319782,0.043171883,3.0265024
0.69680953,0.6222969,1.6206944,0.0745126,10.693396
5.2535567,4.4496603,5.084259,0.8038964,15.301946
2.7437003,2.4486735,3.231008,0.29502678,10.752879
0.79662603,0.79394126,1.6746719,0.002684772,0.33701786
14.896083,10.740391,10.955683,4.155692,27.897886
0.8524158,0.8134419,1.6944122,0.038973927,4.572173
1.2584025,1.4180629,2.2567108,0.15966046,12.687551
1.8346997,2.3111808,3.0896745,0.47648108,25.970522
3.2104802,4.3048034,4.95039,1.0943232,34.085964
25.014126,3.903576,4.5821033,21.11055,84.39451
1.046105,1.0645297,1.926782,0.01842463,1.76126
0.7990755,0.7362962,1.6655178,0.06277931,7.8564925
7.2514315,8.5152025,8.896529,1.263771,17.427883
0.7410472,1.3529336,2.1969936,0.61188644,82.57051
0.22579545,0.17520238,1.1136643,0.050593063,22.406591
13.966028,17.546577,18.215353,3.5805492,25.637564
0.60445935,0.64697134,1.5709978,0.042512,7.0330615
4.40555,6.6308327,7.121936,2.2252827,50.51089
0.48861772,0.3779705,1.3566064,0.11064723,22.644949
0.61803466,0.5921657,1.5232863,0.025868952,4.18568
1.2705449,0.93983424,1.8193524,0.33071065,26.02904
0.9465013,0.85032,1.7276937,0.09618133,10.161776
6.726579,8.019389,8.909754,1.29281,19.219425
0.6022418,0.45257622,1.3829598,0.1496656,24.851412
2.5617008,3.2894354,4.0034666,0.72773457,28.408257
1.533722,2.7258375,3.475928,1.1921154,77.72695
2.1556456,3.066578,3.7932267,0.9109323,42.25798
2.2447908,1.1828508,2.0405555,1.06194,47.306854
0.52168137,0.5570394,1.4565077,0.03535801,6.777703
1.1903596,0.982839,1.8576794,0.2075206,17.433437
2.871297,3.0944095,3.8218362,0.22311258,7.7704463
0.6306276,0.6324135,1.5255998,0.001785934,0.2831995
7.5029664,11.067832,11.262584,3.5648656,47.512753
7.7566833,7.046054,7.5097013,0.71062946,9.161511
4.102438,3.2334085,3.9565587,0.8690295,21.183247
1.8262486,2.0224962,2.8221884,0.19624758,10.745939
6.36896,8.336595,8.717735,1.9676347,30.894129
4.598423,5.442804,6.1011972,0.84438086,18.362402
2.6827867,2.4009984,3.1731849,0.28178835,10.503569
0.7509121,0.63542473,1.5353931,0.11548734,15.379608
26.999393,25.380924,24.801659,1.6184692,5.9944654
0.7701815,0.5724189,1.468858,0.19776255,25.677397
8.5456915,9.919942,10.233217,1.3742504,16.08121
1.2621375,1.14134,2.0057874,0.120797515,9.5708685
0.8539684,0.7930566,1.7041843,0.060911775,7.1327906
0.59371954,0.542382,1.4425347,0.05133754,8.646766
3.964099,3.3502436,4.0584574,0.61385536,15.48537
2.325154,2.2411408,3.1279068,0.08401322,3.6132326
0.4799542,0.67575693,1.5652204,0.19580272,40.796127
2.3555946,1.9676056,2.7784503,0.38798904,16.47096
0.4073762,0.48576668,1.3888516,0.07839048,19.242773
0.5041185,0.64226806,1.6872627,0.13814956,27.404182
49.987064,33.137775,32.469193,16.849289,33.7073
0.8178207,0.71335113,1.6433415,0.1044696,12.774144
14.172116,14.992655,14.972552,0.8205385,5.789809
0.5278773,0.47167826,1.3917785,0.056199014,10.646228
4.015428,3.1743855,3.9204688,0.8410425,20.945276
1.0393203,0.8479191,1.7427475,0.19140124,18.416002
4.575432,5.9764266,6.6149354,1.4009948,30.619946
0.5274566,0.44526199,1.3664651,0.0821946,15.583197
0.6396895,0.69049096,1.5786848,0.050801456,7.941581
1.1681197,1.2777703,2.1252668,0.10965061,9.386933
9.107981,11.251105,11.45626,2.1431246,23.530184
0.4519936,0.46521416,1.3735988,0.013220549,2.9249415
0.44292638,0.35358754,1.2687763,0.08933884,20.170132
13.306078,10.082397,10.351458,3.2236805,24.227127
1.4354764,1.557735,2.3975642,0.122258544,8.516932
2.510534,1.2807031,2.1309166,1.229831,48.986828
0.7961115,0.68252385,1.5724614,0.11358768,14.26781
3.1641316,3.3817482,4.103187,0.21761656,6.877608
0.6480864,0.64950776,1.5430963,0.0014213324,0.21931216
0.5346821,0.6216378,1.6537901,0.086955726,16.263071
6.475415,8.612464,8.970471,2.1370487,33.002495
1.6727692,1.8417051,2.658964,0.1689359,10.099175
0.7360588,0.69529676,1.5843524,0.040762007,5.5378737
3.366302,4.4776945,5.11018,1.1113925,33.015236
0.50377935,0.5392947,1.5101566,0.035515368,7.0497866
1.4942853,1.9533923,2.7605832,0.45910692,30.724178
4.671964,5.682977,6.54918,1.011013,21.64
1.4779189,1.21261,2.0652668,0.26530886,17.951517
0.9308526,0.9645785,1.8500284,0.033725917,3.6231213
1.2292408,0.7268703,1.679906,0.5023705,40.868355
4.142967,5.343749,5.919188,1.2007818,28.98362
0.5639932,0.58387494,1.488832,0.019881725,3.525171
3.660515,3.8226929,4.509269,0.1621778,4.4304643
0.8895834,1.2984946,2.3981938,0.40891117,45.96659
1.0367078,0.9691291,1.8382856,0.06757867,6.5185847
27.158686,27.046858,26.226921,0.11182785,0.41175723
1.8902823,1.6144798,2.440192,0.2758025,14.590546
0.18036312,0.13499612,1.0861683,0.045367002,25.153149
4.9429274,6.418611,6.924532,1.4756837,29.85445
0.9127552,0.78332925,1.6659539,0.12942594,14.1797
0.9497729,0.7871119,1.6770281,0.16266102,17.126307
4.714778,4.8009005,5.413614,0.08612251,1.8266505
8.37327,8.8852215,9.223634,0.51195145,6.114116
4.7978377,6.1654162,6.6886253,1.3675785,28.504057
0.46829545,0.4075569,1.3748894,0.060738564,12.970138
7.236968,5.835359,6.462989,1.401609,19.36735
1.1534892,0.8908986,1.764744,0.26259065,22.764896
0.13106547,0.13284294,1.1054463,0.0017774701,1.3561696
2.2767532,2.430763,3.203093,0.15400982,6.7644496
4.038704,4.7715645,5.3853197,0.73286057,18.145935
0.9892013,0.8178276,1.6982638,0.17137372,17.324455
0.7683761,0.60679555,1.504977,0.16158056,21.028837
10.782168,10.822552,11.036809,0.04038334,0.37453818
2.1193929,1.794352,2.6215677,0.32504082,15.336506
1.5721778,1.588037,2.4153333,0.015859246,1.0087439
0.8738995,0.8527913,1.7300595,0.02110821,2.4154048
2.9322991,2.749955,3.5083697,0.1823442,6.218472
1.1304865,0.6032089,1.5002615,0.5272776,46.641655
15.528214,14.434428,14.414229,1.0937862,7.043864
0.61367804,0.63100636,1.5517435,0.017328322,2.823683
0.9933751,0.9504539,2.004311,0.042921245,4.3207493
0.3331324,0.3193095,1.2387267,0.013822883,4.1493664
49.174572,5.1686115,5.7561426,44.00596,89.48925
24.505047,9.226493,9.542097,15.278554,62.3486
1.0410146,0.9299575,1.8035529,0.11105704,10.668155
4.4731975,5.8796334,6.423374,1.406436,31.441402
5.3510246,6.7772555,7.2588844,1.4262309,26.653418
0.64254206,0.7247267,1.6138271,0.08218461,12.790542
0.58379674,0.5424031,1.5523103,0.041393638,7.0904193
1.1249558,1.187804,2.0685463,0.06284821,5.586727
8.071305,8.696888,9.060095,0.6255827,7.7507005
0.53451145,0.6606294,1.7201753,0.12611794,23.594994
3.1022437,3.779428,4.7398396,0.67718434,21.828857
1.6281569,1.2205257,2.0815403,0.40763116,25.036356
1.0465221,0.9638567,1.8427523,0.08266544,7.899063
0.86980224,0.852229,1.7285546,0.017573237,2.0203717
4.371254,5.6840715,6.2431927,1.3128176,30.032972
1.4896488,1.8220618,2.6361175,0.33241296,22.314854
0.69183886,0.7639985,1.6839002,0.07215965,10.430123
8.760359,7.5409336,7.995634,1.2194252,13.919808
3.0374606,3.0196667,3.753839,0.017793894,0.58581483
0.40254006,0.38306448,1.293557,0.01947558,4.838172
2.146039,2.0188987,2.8196259,0.12714028,5.924416
1.0191919,0.8259337,1.7151997,0.19325817,18.961903
39.679733,36.57783,35.224068,3.101902,7.8173456
5.273695,5.822353,6.3671436,0.5486579,10.403671
2.0551138,2.0490797,2.8894868,0.006034136,0.29361567
0.6458272,0.67144513,1.5601634,0.025617957,3.9666893
0.47380614,0.5929936,1.4881418,0.119187474,25.155323
1.0740203,1.1798801,2.0347729,0.105859876,9.856413
0.8098075,1.1097631,1.9685035,0.29995567,37.040367
0.82159007,0.69899845,1.5880651,0.122591615,14.921263
11.409884,9.767512,10.091752,1.6423721,14.394293
0.8830943,0.78258073,1.6636113,0.10051358,11.381975
13.778667,9.100952,9.429247,4.6777153,33.948967
1.210564,1.038863,1.918882,0.17170107,14.183559
3.8063698,5.6379747,6.19611,1.831605,48.11947
40.230366,28.871288,27.912588,11.359077,28.235083
0.6498907,0.55531526,1.453812,0.094575465,14.552518
3.703517,4.2823706,4.930485,0.5788536,15.629835
3.125245,4.2816415,4.927658,1.1563964,37.00178
0.5769754,0.4991985,1.4012251,0.07777691,13.480108
5.787394,5.912501,6.450285,0.12510681,2.1617124
0.9428823,0.79029393,1.6730801,0.15258837,16.183184
0.9169029,0.66816163,1.5597789,0.24874127,27.12842
5.942913,8.34683,9.583668,2.4039173,40.45015
5.388086,4.568176,5.2316217,0.81991005,15.217093
2.4545686,2.3960278,3.2216098,0.05854082,2.384974
0.41013286,0.46521515,1.4062805,0.05508229,13.430353
0.99301934,0.9835639,2.0100055,0.009455442,0.9521912
13.77659,17.626013,17.387125,3.8494225,27.941765
1.1967374,1.2705262,2.1263428,0.07378876,6.1658273
9.019608,5.25493,5.9282866,3.7646775,41.738815
0.9272754,1.1840498,2.0398285,0.25677443,27.691278
10.338259,9.609022,9.902574,0.7292366,7.0537663
18.055412,16.73485,16.560535,1.3205624,7.3139424
1.1606781,1.0193212,1.906995,0.14135695,12.178823
24.896519,30.555183,29.790903,5.6586647,22.728739
3.434115,4.0070796,4.716492,0.57296467,16.684494
6.160655,7.370408,7.81059,1.209753,19.63676
4.4862847,5.760798,6.3104672,1.2745132,28.409103
0.48330474,0.3652944,1.2786521,0.11801034,24.417377
1.055963,1.282016,2.1354125,0.226053,21.407284
0.64059675,0.55093277,1.4626509,0.08966398,13.996946
0.68978715,0.5466361,1.4506083,0.14315104,20.75293
38.25218,15.904461,15.878307,22.347717,58.422077
0.72526604,0.7639917,1.715541,0.038725674,5.339513
3.6256278,4.2722855,4.922517,0.6466577,17.835745
20.800077,22.886139,22.964622,2.0860615,10.029104
0.4427428,0.436082,1.3415818,0.0066607893,1.5044377
1.2601507,0.9723954,1.8414613,0.28775525,22.834988
2.9079428,4.402176,5.0404487,1.4942331,51.384544
0.59650517,0.6436411,1.5514511,0.04713595,7.9020185
1.0594561,1.0379078,1.9236581,0.021548271,2.0338993
3.914328,2.4451985,3.2164872,1.4691296,37.532104
1.0222563,0.6080365,1.5023998,0.41421974,40.52015
0.783436,0.89138305,1.7984201,0.10794705,13.778669
1.5086478,2.4974914,3.263746,0.98884356,65.54502
1.952818,3.1044722,3.8287473,1.1516541,58.97396
1.1967071,1.4453413,2.4938977,0.24863422,20.776531
2.6344352,2.4258494,3.200036,0.20858574,7.9176645
1.3775067,1.2366817,2.087805,0.14082503,10.223183
0.5209115,0.4194738,1.3282084,0.10143772,19.47312
3.8516743,4.1245084,4.782901,0.27283406,7.083518
0.599781,0.5570916,1.4607868,0.042689383,7.117495
0.8034244,0.72549236,1.6597768,0.07793206,9.699986
2.8844585,2.2514317,3.0382707,0.63302684,21.946123
2.5304003,2.6428213,3.4063926,0.112421036,4.4428163
48.251667,27.108927,26.273197,21.14274,43.817635
4.70918,7.4256,7.8620896,2.7164202,57.68351
5.2217083,3.929255,4.6035657,1.2924533,24.751541
1.3592756,1.6170905,2.4499104,0.25781488,18.96708
3.6861374,2.6120846,3.3727818,1.0740528,29.137623
4.404236,2.806784,3.5636058,1.5974519,36.27081
5.018433,5.666069,6.2204547,0.64763594,12.905143
4.535903,4.781299,5.455442,0.24539614,5.4100833
0.7937364,0.9496279,2.0615509,0.15589148,19.640207
41.209217,15.3567295,15.337114,25.852488,62.734722
6.5111704,4.876264,5.491423,1.6349063,25.109255
3.7873251,3.3824,4.092905,0.4049251,10.691586
0.672245,0.43284374,1.340079,0.23940128,35.612206
0.55205065,0.6823447,1.5721916,0.13029402,23.601826
0.891286,0.7953416,1.7027565,0.095944405,10.764715
4.2661495,5.3382,6.2656326,1.0720506,25.12923
2.4890575,2.7196121,3.4856071,0.23055458,9.262726
2.9300013,3.0350313,3.7749982,0.10503006,3.5846422
3.0175467,2.75907,3.5361667,0.25847673,8.565791
0.73634297,0.995299,1.8624535,0.25895602,35.167854
0.28488925,0.27137473,1.2031934,0.013514519,4.7437797
0.7339512,0.64406836,1.5468999,0.08988285,12.246434
0.5360897,0.49328223,1.4101347,0.04280749,7.985135
4.885633,5.950701,6.6262355,1.0650682,21.800005
1.7557588,1.4667327,2.3019984,0.28902602,16.461603
0.92772067,0.8114152,1.8211541,0.11630547,12.53669
0.4463449,0.3406913,1.2587602,0.105653614,23.670845
1.0124193,0.93697953,1.8091109,0.07543981,7.451439
3.044078,4.4898505,5.7869616,1.4457724,47.49459
0.38393193,0.469402,1.3774519,0.08547005,22.26177
17.19586,12.525097,12.6298895,4.670763,27.162136
1.0674564,1.1435235,2.001338,0.07606709,7.126014
0.68478435,0.68603194,1.7147408,0.0012475848,0.18218653
0.881803,0.836807,1.7141535,0.044995964,5.102723
3.7921383,5.207071,5.7909355,1.4149325,37.31226
25.05182,24.579159,23.908543,0.47266197,1.886737
6.1884274,3.6982098,4.3832355,2.4902177,40.23991
3.743512,5.8220057,6.3645625,2.0784938,55.522564
1.4769678,1.8815777,2.6990845,0.40460992,27.394632
1.2433306,1.2847474,2.156394,0.041416764,3.3311143
3.2279367,2.987754,3.7236524,0.24018264,7.440748
1.8843129,2.5895588,3.3532548,0.705246,37.427223
9.6122875,8.882399,9.22827,0.7298889,7.5932903
1.04373,0.81712484,1.7471199,0.22660518,21.711092
0.57031256,0.5574137,1.4581043,0.012898862,2.261718
1.3717706,1.5882299,2.4208047,0.21645927,15.779553
1.4778342,1.5084858,2.3413572,0.03065157,2.0740871
8.946824,8.416952,8.802479,0.52987194,5.9224586
4.200474,4.3889694,5.0289526,0.18849564,4.487485
1.2639302,1.9261577,2.9561977,0.6622275,52.394306
0.87642944,0.77281797,1.7475252,0.10361147,11.821998
18.20488,21.239067,20.77023,3.0341873,16.666891
5.1629424,6.748603,7.2382736,1.5856605,30.71234
36.70925,28.083544,27.460299,8.625708,23.497366
1.0748906,0.77118003,1.653555,0.30371058,28.255022
1.4386497,1.3323414,2.1792047,0.10630822,7.389445
2.3451385,2.890828,3.8010552,0.54568934,23.26896
5.225674,7.977091,8.37547,2.7514167,52.651897
0.77031165,0.7428212,1.6326957,0.027490437,3.5687423
0.8350829,0.64762497,1.540736,0.18745792,22.447823
1.3399762,1.3253932,2.3093903,0.014582992,1.0883023
1.218167,1.1047883,1.9696385,0.113378644,9.307315
47.009266,23.89787,23.285273,23.111397,49.16349
0.9283541,0.8197485,1.8080056,0.10860556,11.698722
0.9632049,1.0712154,1.9549769,0.10801047,11.2136545
13.341914,15.335388,15.284793,1.993474,14.941439
4.1609516,5.3996205,5.9722614,1.2386689,29.768885
0.46879733,0.71093,1.6126168,0.24213266,51.649754
1.7258171,1.2846363,2.1322045,0.44118083,25.563593
46.714394,10.731118,10.949865,35.983276,77.028244
5.448909,4.3366227,4.9832287,1.1122861,20.413006
0.42278525,0.53887856,1.4382174,0.11609331,27.459167
23.784986,17.09154,16.895054,6.693447,28.14148
25.566324,25.683292,24.951448,0.116968155,0.45750868
2.8063836,3.842444,4.517289,1.0360603,36.917988
4.4457135,5.141909,5.7311287,0.6961956,15.659929
1.7149161,2.1124103,2.9057665,0.3974942,23.178638
3.2455206,3.0159626,3.7505555,0.22955799,7.0730715
3.866122,4.1905403,4.855095,0.3244183,8.391311
1.5146847,1.39817,2.2380533,0.11651468,7.692339
20.231878,25.66476,24.914925,5.4328823,26.853079
0.2253039,0.5188458,1.4244013,0.2935419,130.2871
1.3084066,1.2522328,2.1653717,0.0561738,4.2932987
0.9328825,0.990708,1.8576006,0.057825506,6.1985846
0.7020672,0.6030407,1.499041,0.0990265,14.104989
0.8709088,0.9071624,1.7895813,0.03625363,4.1627355
4.009831,4.977711,5.7376847,0.96788025,24.137682
0.58494073,0.4984125,1.4029092,0.08652824,14.792651
0.46721032,0.5337676,1.4498456,0.06655726,14.245674
6.4880443,3.0309186,3.7611678,3.4571257,53.284557
0.36692497,0.48694628,1.3914899,0.12002131,32.71004
0.53164065,0.48296744,1.4160138,0.048673213,9.155284
0.9924549,1.0009327,1.882986,0.008477807,0.85422593
0.6418908,0.59494495,1.4910454,0.04694587,7.313684
7.14416,9.704484,9.994104,2.5603242,35.838
4.1757975,4.1849136,4.8398604,0.009116173,0.21830975
5.124631,6.3489366,6.8648925,1.2243056,23.890612
2.2237382,3.501451,4.2005377,1.2777128,57.457882
0.37059787,0.35075492,1.3173524,0.019842952,5.354308
0.18854028,0.32707614,1.2562186,0.13853586,73.47813
1.2820133,1.2690392,2.1200674,0.012974143,1.0120132
1.1451079,2.0282037,2.8264465,0.88309586,77.11901
1.0296626,0.8242279,1.7028761,0.20543468,19.95165
0.7738705,0.5383277,1.4383385,0.23554283,30.436981
0.18495709,0.20987575,1.1601768,0.02491866,13.4726715
2.018049,2.8488257,3.5918565,0.8307767,41.16732
0.63731736,0.69123936,1.5784957,0.053921998,8.460776
4.129019,4.1722693,5.1737156,0.04325056,1.047478
1.2537731,0.97574234,1.8505849,0.27803075,22.175524
1.7339996,1.8214071,2.6321514,0.08740747,5.040801
1.5776528,1.6959951,2.5167265,0.11834228,7.5011616
5.1186457,3.2477374,4.1052485,1.8709083,36.550846
18.721214,22.782648,22.452347,4.061434,21.694286
9.777045,9.832186,10.123407,0.055140495,0.56397915
0.62112963,0.696139,1.591749,0.075009346,12.076279
2.9965947,4.3986664,5.0374117,1.4020717,46.788834
0.90831125,0.6882285,1.5764201,0.22008276,24.229883
0.75169945,0.6092895,1.5097282,0.14240992,18.94506
32.89782,24.79804,24.296993,8.099779,24.621021
1.399105,1.4988725,2.4247558,0.099767566,7.130814
0.9676548,0.81682193,1.6959943,0.15083289,15.587468
0.4977169,0.36068735,1.2795208,0.13702956,27.531628
44.296627,10.459277,10.693422,33.83735,76.38809
1.0291961,1.0793467,1.9446856,0.050150514,4.8727846
2.1854014,2.2780702,3.0963683,0.09266877,4.2403545
0.9402845,0.6249347,1.5200112,0.31534982,33.5377
2.4125159,3.9035125,4.5764813,1.4909966,61.80256
14.128365,14.658162,15.885357,0.52979755,3.749886
1.4680645,1.7136261,2.53428,0.2455616,16.726894
29.672586,29.850927,28.84422,0.17834091,0.6010292
1.0702753,0.83922446,1.716983,0.23105085,21.587984
0.8809641,0.764241,1.6473384,0.11672312,13.249475
0.15744966,0.24090002,1.1703267,0.08345036,53.001297
5.680096,5.223169,5.809782,0.4569273,8.044358
0.5220707,0.36547628,1.2785,0.15659443,29.99487
3.002853,2.3787012,3.155268,0.6241517,20.78529
1.2848482,1.2363071,2.0916858,0.04854107,3.7779613
0.25581366,0.34008136,1.2536464,0.084267706,32.941048
29.445587,25.727491,24.978476,3.7180958,12.627005
0.6702077,0.67654884,1.5652841,0.0063411593,0.9461484
0.75441384,0.6384764,1.5343097,0.11593747,15.3678875
1.5160978,1.5525246,2.390058,0.036426783,2.402667
1.3201543,1.1176531,1.9833704,0.20250118,15.339206
0.20902589,0.6507144,1.6871445,0.4416885,211.30803
0.2609767,0.21088128,1.1487238,0.050095424,19.195362
0.86518705,0.68853223,1.5791616,0.17665482,20.418106
3.920156,4.7931914,5.4055724,0.87303543,22.270426
5.804401,6.205455,6.731283,0.4010539,6.90948
0.7361275,0.8068485,1.6888963,0.07072103,9.607171
0.62835294,0.75192535,1.6373147,0.12357241,19.666082
11.171215,8.622858,8.982764,2.548357,22.811815
7.2495346,7.20172,7.6533427,0.04781437,0.6595509
0.9607378,0.58274615,1.4785471,0.37799168,39.343895
4.0100436,3.926425,4.641513,0.08361864,2.08523
2.8961194,3.5328107,4.232819,0.63669133,21.984291
0.26914704,0.24575162,1.1774755,0.02339542,8.6924305
4.3169823,6.0664754,6.5949063,1.7494931,40.525833
0.68853515,0.55596876,1.492691,0.13256639,19.253395
1.2609224,1.3016133,2.165114,0.0406909,3.227074
3.2919981,5.3461943,5.923482,2.0541961,62.399677
1.7888706,1.6518531,2.4759305,0.13701749,7.659441
2.320351,2.0309129,2.8350654,0.289438,12.47389
15.37966,15.604492,15.531979,0.22483253,1.4618824
0.5063787,0.4263359,1.3668259,0.08004281,15.806907
2.5331223,2.288069,3.1067102,0.24505329,9.673962
1.1271725,0.66616464,1.5566678,0.46100783,40.899494
7.6877046,11.001599,11.200481,3.3138947,43.106426
0.7984017,0.8438846,1.7222562,0.045482874,5.6967406
7.9895787,8.426632,8.794949,0.4370532,5.470291
0.6471504,0.56530917,1.4687169,0.08184123,12.6464
1.7795856,1.7381241,2.7035396,0.041461468,2.3298383
6.078634,4.730147,5.4382153,1.3484869,22.184046
2.084913,2.10699,2.902217,0.022077084,1.0588971
2.1442654,2.5839674,3.3439476,0.43970203,20.505953
2.98554,3.2064118,3.9248521,0.22087193,7.3980565
0.68100315,0.6721251,1.7276037,0.008878052,1.3036727
0.70156974,0.6211562,1.513451,0.08041352,11.461943
37.07317,29.099745,28.225266,7.973425,21.507265
0.64945877,0.60727155,1.5016124,0.042187214,6.4957495
1.113554,0.8693683,1.7560563,0.24418569,21.9285
3.7875066,3.9828377,4.6550455,0.1953311,5.1572475
1.0371404,0.9794251,2.0260978,0.057715297,5.564849
0.66024625,0.6291219,1.5252168,0.031124353,4.714052
0.670695,0.6087611,1.5034642,0.061933935,9.234292
5.7544675,6.571146,7.0639305,0.8166785,14.192079
1.1467369,2.4007838,3.2044225,1.2540469,109.357864
6.903213,9.698452,9.982932,2.795239,40.491856
0.98449427,1.279912,2.1300602,0.29541773,30.007053
0.8224764,0.84184396,1.7237417,0.019367576,2.354788
2.4396493,2.9518714,3.6904333,0.51222205,20.995726
1.4682012,1.2248824,2.0761423,0.2433188,16.572578
1.3887978,1.3795888,2.2254546,0.009208918,0.6630856
1.542205,2.249159,3.031587,0.7069541,45.840477
2.2736073,2.2635512,3.0459142,0.010056019,0.44229358
9.257787,12.756743,12.843967,3.4989567,37.794743
11.535123,6.9691,7.438429,4.566023,39.583652
23.262453,16.574465,16.413305,6.6879883,28.750141
0.35067928,0.43692514,1.3437821,0.086245865,24.593943
0.67143756,0.68095315,1.6075983,0.0095155835,1.4171956
1.8938601,2.2099125,3.00311,0.31605244,16.688267
0.77243334,0.7542193,1.7062886,0.018214047,2.3580089
1.2273082,1.1731973,2.0312426,0.054110885,4.408908
4.455478,3.2269273,3.9482026,1.2285509,27.57394
0.79790896,0.5541971,1.4564195,0.24371189,30.543821
0.33892912,0.3234556,1.2461494,0.015473515,4.5654135
1.7412671,1.877183,2.8869212,0.13591588,7.805573
1.013109,0.98657227,1.8581128,0.026536703,2.6193335
1.6196634,1.6035793,2.4319851,0.016084075,0.9930505
5.053503,4.1862445,4.841307,0.86725855,17.161531
2.1688685,2.9757328,3.7166948,0.80686426,37.20208
1.6392999,1.959894,2.7620687,0.32059407,19.556767
0.5780798,0.48250318,1.4351876,0.095576644,16.533468
46.97897,17.972143,17.711897,29.006826,61.744278
0.59600824,0.5558983,1.4585005,0.040109932,6.729761
0.7592006,0.9894066,1.8567321,0.23020601,30.32216
0.5536856,0.51331556,1.4184242,0.040370047,7.2911496
15.2278805,23.143566,22.571714,7.9156857,51.98153
2.132835,2.167974,2.9651542,0.035139084,1.6475295
2.6130013,3.9197068,4.593394,1.3067055,50.00784
0.90700805,0.745085,1.628961,0.16192305,17.852438
8.944715,12.472984,12.582219,3.5282698,39.4453
3.5164971,4.855143,5.4629474,1.3386459,38.067596
1.7171754,1.6274521,2.5342467,0.08972323,5.225047
14.137103,9.95079,10.218151,4.1863127,29.612238
2.613611,2.8148394,3.5629883,0.20122838,7.6992474
1.0288686,0.82717586,1.7105017,0.2016927,19.60335
1.2057035,1.1735947,2.040665,0.032108784,2.6630745
2.0651844,1.9639907,2.8348398,0.10119367,4.8999825
1.9425493,2.2292626,3.0178359,0.28671324,14.759637
1.1637843,0.82204795,1.7029917,0.34173632,29.364231
26.71191,8.804435,9.150763,17.907475,67.03929
0.1131575,0.13024698,1.0926248,0.017089479,15.102383
1.318967,1.1636231,2.0208216,0.15534389,11.777694
1.1320965,1.067445,2.004596,0.06465149,5.7107754
0.5411108,0.40592676,1.317843,0.13518405,24.982693
7.191608,8.341192,8.735303,1.1495843,15.98508
5.656266,6.3668323,6.8764496,0.71056604,12.562457
1.1929923,0.9557731,1.827396,0.23721921,19.884388
1.3664833,1.8250096,2.6364374,0.45852625,33.555202
17.0183,41.430588,40.22436,24.412289,143.44728
2.4352338,3.118029,3.8484213,0.6827953,28.038181
0.56555474,0.9146267,1.9391496,0.34907198,61.722046
0.5430606,0.665787,1.5640656,0.12272638,22.599022
2.9704123,3.6793914,4.367895,0.7089791,23.868038
0.10059394,0.35755143,1.370768,0.25695747,255.4403
17.105707,34.17173,33.417946,17.066023,99.768005
14.653047,16.363829,16.25306,1.710782,11.675265
1.3876401,1.3620272,2.209753,0.02561295,1.845792
0.6296316,0.76092935,1.6455467,0.13129777,20.853111
5.652993,6.8692913,7.3455505,1.2162981,21.516
0.73130363,0.7438413,1.6630487,0.012537658,1.7144258
4.3448634,5.082998,5.7538605,0.7381344,16.988667
1.7700232,1.9398444,2.9337728,0.16982114,9.594289
18.074305,9.9823885,10.252366,8.091916,44.770275
1.1684272,1.5828879,2.4134982,0.41446066,35.471672
0.50271404,0.49666935,1.4011893,0.006044686,1.2024103
14.499729,17.967394,17.706758,3.4676647,23.915377
3.2701838,3.2608457,3.992003,0.0093381405,0.285554
0.8562945,0.7343168,1.623266,0.12197769,14.244829
0.4918677,0.49041426,1.404531,0.0014534295,0.29549196
0.5716152,0.5216197,1.4248796,0.04999554,8.746363
0.5098474,0.58472776,1.6195803,0.07488036,14.686818
0.6189153,0.5315324,1.4405102,0.08738291,14.118718
13.416375,12.412366,12.52364,1.0040092,7.4834614
2.1102061,2.1430602,2.9741395,0.03285408,1.5569134
4.3396635,3.7205038,4.5024023,0.6191597,14.267459
4.0541735,2.0308836,2.830876,2.02329,49.90635
11.215122,2.2786353,3.059333,8.936487,79.68248
40.33114,10.065561,10.588709,30.265577,75.0427
1.98034,1.6033669,2.4303296,0.37697315,19.03578
1.2526562,1.4326231,2.2719023,0.17996693,14.366825
0.72246647,0.7085657,1.6172132,0.013900757,1.9240695
0.6243637,0.72124755,1.6609765,0.09688383,15.51721
47.937626,30.176626,29.21116,17.761,37.05023
0.6218797,0.51434326,1.4162922,0.107536435,17.29216
4.9017305,5.5771117,6.141567,0.6753812,13.778423
1.0720059,1.0549285,2.079812,0.017077327,1.5930254
40.361465,27.40125,26.545986,12.960215,32.110367
2.665804,2.9143841,3.6603105,0.24858022,9.324775
0.5561757,0.65648174,1.5555954,0.100306034,18.034954
1.779621,1.8890955,2.6986237,0.10947454,6.151565
7.030307,4.323394,4.9715495,2.706913,38.50348
0.6095589,0.48003793,1.382574,0.12952095,21.248308
4.192917,6.0979166,6.6276565,1.9049997,45.433758
2.3606687,2.4722295,3.2437718,0.11156082,4.7258143
0.9086967,0.9410665,1.819676,0.032369792,3.5622218
0.26292208,0.44486788,1.3590221,0.1819458,69.201416
0.6151946,0.5595223,1.4931368,0.055672348,9.049551
8.288769,9.32878,9.702585,1.0400114,12.547236
7.7121983,6.8015785,7.3609447,0.91061974,11.807525
0.991091,0.67891395,1.5822682,0.31217706,31.498325
0.6852835,0.572055,1.4837129,0.1132285,16.522871
0.9789206,0.9359064,1.8123974,0.04301417,4.3940406
1.908437,1.8509214,2.670064,0.05751562,3.0137553
1.3653289,1.3375247,2.1944747,0.027804255,2.036451
1.3983959,1.6161208,2.443197,0.21772492,15.569619
2.3589666,2.8261673,3.5731459,0.46720076,19.805315
11.336272,10.034066,10.301495,1.302206,11.487075
2.7974877,2.4574656,3.2523036,0.3400221,12.1545515
7.2845078,4.707313,5.3265233,2.5771947,35.37912
0.3437169,0.40456116,1.3311747,0.060844272,17.701857
4.8164945,5.7297306,6.2793736,0.91323614,18.960598
2.4803853,1.9788263,2.7802505,0.501559,20.221012
14.841421,14.123674,14.114571,0.71774673,4.8361053
0.9697618,0.87824607,1.9076523,0.09151572,9.436928
9.724574,11.305502,11.486755,1.5809278,16.25704
5.836559,8.75354,9.101283,2.9169812,49.977757
5.157021,6.350565,6.8600593,1.1935439,23.144058
5.7175426,13.673662,13.787735,7.9561195,139.15277
0.54002196,0.44278032,1.3765152,0.09724164,18.006979
0.9395313,0.85900486,1.7822053,0.08052647,8.570919
0.9279672,1.0306625,1.8947338,0.102695346,11.066701
0.46280065,0.5414456,1.4461228,0.07864496,16.993269
9.7385235,11.272019,12.1154785,1.5334959,15.746698
21.13004,24.05092,23.606129,2.9208813,13.8233595
10.008041,14.162262,14.16736,4.1542206,41.508827
1.5766749,2.6482048,3.4036202,1.0715299,67.961365
3.5087016,3.060502,3.7877874,0.4481995,12.773942
0.4862309,0.53551316,1.4374079,0.049282253,10.135566
0.910068,0.77542067,1.6978607,0.13464731,14.795302
2.7129245,2.9777913,3.713524,0.26486683,9.763148
5.5230975,6.263539,6.788862,0.7404413,13.406268
4.182831,4.6600585,5.2828493,0.4772277,11.4092045
1.1435299,1.3009815,2.176129,0.15745163,13.768912
1.9300195,2.1180594,2.9325478,0.1880399,9.742901
7.07508,9.665657,9.956153,2.5905771,36.615517
0.89800286,1.0199587,1.887924,0.12195587,13.580789
0.21480925,0.26378953,1.2120038,0.04898028,22.801754
0.7147186,0.56321764,1.4718183,0.15150094,21.197287
8.548412,7.505615,7.9554634,1.0427971,12.198723
0.7802333,0.65913343,1.5484262,0.12109989,15.520985
0.58365417,0.4449568,1.3640589,0.13869736,23.76362
1.3357806,1.1194046,1.977811,0.21637607,16.198475
1.0341388,1.3002117,2.1491127,0.26607287,25.728931
0.6978758,0.7088951,1.6085621,0.0110192895,1.5789757
0.97940636,0.75426316,1.6404744,0.2251432,22.98772
2.1208034,2.218732,3.0036068,0.09792876,4.6175313
5.654921,6.635674,7.125702,0.98075294,17.343353
5.2790804,6.801435,7.2806535,1.5223546,28.837496
14.74013,15.177452,15.099513,0.43732166,2.966878
0.7243693,0.6715325,1.6054536,0.052836776,7.2941766
0.78502405,0.5952678,1.4928147,0.18975627,24.172033
2.4538062,1.8009264,2.6395006,0.6528797,26.606817
1.5353866,1.5722797,2.4036133,0.03689313,2.402856
5.1175427,5.6143637,6.1894617,0.49682093,9.708193
1.8719649,1.9150801,2.768949,0.04311514,2.3032024
0.5605623,0.47351584,1.380569,0.087046474,15.52842
1.2117316,1.3954859,2.4315546,0.18375432,15.164607
2.2162256,3.021266,3.7547393,0.80504036,36.324837
0.58708316,0.74893713,1.6339315,0.16185397,27.569172
22.548384,8.691626,9.04266,13.856758,61.45344
5.878361,9.362064,9.670681,3.4837031,59.26317
42.16885,35.090546,33.82006,7.0783043,16.785624
2.2092466,2.2949505,3.1835427,0.08570385,3.8793247
0.4985391,0.67776704,1.5659659,0.17922795,35.95063
7.084825,5.4555483,6.0299807,1.6292768,22.996712
2.4669592,2.3898466,3.1845458,0.077112675,3.1258187
2.9289935,2.7536883,3.5079792,0.17530513,5.9851665
0.5777626,0.5738193,1.4703069,0.003943324,0.68251634
3.5868344,4.920545,5.5238976,1.3337107,37.183502
0.92619854,0.75175357,1.6501831,0.17444497,18.834513
2.0982566,2.4850457,3.2589757,0.38678908,18.433832
6.1851287,5.379032,5.9535213,0.80609655,13.032818
0.8232502,0.79684126,1.6769062,0.02640891,3.207884
1.2020146,1.0555756,2.138424,0.14643896,12.182795
0.604594,0.48650366,1.418246,0.11809033,19.532171
1.9812137,1.8505485,2.7097251,0.13066518,6.595209
0.81106836,0.9656918,1.8620262,0.15462345,19.06417
1.2027539,1.7796397,2.5939643,0.5768858,47.963745
1.1571257,1.261733,2.1120458,0.10460734,9.040275
1.1162249,1.0635982,1.9306194,0.05262673,4.714707
10.727458,13.713929,13.738531,2.9864712,27.839506
7.920966,8.606846,8.9753475,0.6858797,8.65904
1.1439203,0.93814814,1.811602,0.20577216,17.98833
0.88700056,0.9378344,1.8088192,0.05083382,5.7309794
1.117312,1.0775266,1.9417614,0.039785385,3.5608127
0.8313531,0.6722934,1.5607218,0.1590597,19.13263
0.93709767,1.0222533,1.8876967,0.085155606,9.087164
2.7835922,5.2638783,5.844721,2.4802861,89.10379
0.704336,1.0010812,1.8685247,0.29674524,42.131207
0.93277496,1.1114106,1.9700475,0.17863566,19.150991
0.647148,0.67213094,1.7009025,0.02498293,3.860466
0.47101915,0.4263157,1.3405709,0.044703454,9.490793
3.0570745,3.3388038,4.0686336,0.28172922,9.215648
0.53002286,0.4043071,1.3138074,0.12571576,23.718931
3.4070716,3.6249304,4.319972,0.21785879,6.394312
20.470299,16.401928,16.262257,4.068371,19.874508
0.72881436,0.5754453,1.4951422,0.15336907,21.043638
5.9285264,9.189963,9.509396,3.261437,55.012608
5.625225,6.202292,6.7218943,0.5770669,10.258556
0.53228235,0.6610966,1.6974227,0.12881422,24.200356
22.91077,10.758302,10.973581,12.152469,53.0426
4.2906084,3.2969208,4.024402,0.9936876,23.159595
0.85188556,0.79448664,1.6851563,0.057398915,6.737867
2.3433483,2.3535333,3.1626894,0.010185003,0.43463463
2.065729,1.8781438,2.6976643,0.18758512,9.080819
0.22831261,0.3050631,1.2237234,0.07675049,33.6164
0.7370728,0.7830341,1.6641853,0.04596126,6.235647
28.69041,1.4210143,2.2601156,27.269396,95.04708
10.026132,12.002333,12.181372,1.976201,19.710503
4.457793,4.215925,4.8908978,0.24186802,5.4257345
8.0639,11.986898,12.123577,3.9229984,48.648895
0.472464,0.388497,1.3000427,0.083967,17.772148
20.18376,27.82653,27.214264,7.642771,37.865944
1.1405813,0.6980419,1.585844,0.44253933,38.799458
0.73116356,0.6085063,1.5061536,0.12265724,16.775623
1.7041223,2.545116,3.3092911,0.84099364,49.350544
1.8548291,1.4903929,2.330834,0.36443615,19.647964
1.2070873,1.2268081,2.2812533,0.019720793,1.6337503
7.54323,8.760391,9.1082325,1.2171612,16.135809
18.041441,7.965823,8.376214,10.075618,55.84708
2.1919448,2.3317435,3.117694,0.13979864,6.3778358
16.43329,15.806162,15.7159195,0.6271286,3.8162084
32.280205,24.528006,23.84842,7.752199,24.015335
13.965921,9.914882,10.186421,4.0510397,29.006605
6.3169103,4.550072,5.7433124,1.7668381,27.969973
0.4407299,0.4148757,1.3235103,0.0258542,5.866224
0.5115321,0.5659938,1.4633317,0.054461658,10.646772
1.2135378,1.7245088,2.5533793,0.51097095,42.105896
0.41553086,0.5146731,1.4159005,0.09914225,23.85918
1.8500342,2.2771082,3.0598524,0.42707396,23.084652
3.7212787,3.7336302,4.419489,0.012351513,0.33191583
2.4719565,2.9755054,3.7118955,0.50354886,20.370459
33.81112,11.358664,12.810419,22.452456,66.40554
1.9744341,2.0656712,2.8604245,0.09123707,4.6209226
1.1032532,0.86533,1.7448428,0.23792326,21.565607
0.62081254,0.6497407,1.6814182,0.02892816,4.6597257
5.3188343,4.458318,5.121223,0.8605161,16.17866
8.535195,12.425591,12.529784,3.890396,45.580635
3.274042,4.35706,4.99952,1.0830181,33.07893
0.5208577,0.6566181,1.5591383,0.13576043,26.064781
1.3938142,1.3493564,2.197405,0.044457793,3.1896498
1.5725473,1.4334598,2.2717798,0.13908756,8.844729
1.1356224,0.9057964,1.7823524,0.22982597,20.237886
1.5285652,2.4847724,3.3507845,0.9562073,62.555874
0.58119035,0.5405526,1.4406327,0.04063773,6.992155
0.7404235,0.6721077,1.6191875,0.068315804,9.226584
20.996973,8.5467205,8.908743,12.450253,59.295464
6.746716,2.4633317,3.2325795,4.2833843,63.488434
9.442441,9.387143,9.718979,0.05529785,0.5856309
3.654673,3.893578,4.603285,0.23890495,6.536972
12.022938,10.773714,10.992017,1.2492237,10.390337
0.40122104,0.58970976,1.4853047,0.18848872,46.978775
0.3650302,0.34583646,1.2611048,0.019193739,5.2581234
2.9566488,3.1464515,3.8755846,0.18980265,6.4195194
4.2677603,4.2722225,4.9261665,0.004462242,0.104557
8.563458,9.651718,9.940195,1.0882597,12.70818
1.8307502,2.6720462,3.4286647,0.84129596,45.953617
40.84368,24.435347,23.77062,16.408335,40.173496
1.3513826,1.2724872,2.1407585,0.07889545,5.838128
43.75994,33.8335,32.693966,9.926441,22.683853
0.69830734,0.55027366,1.4503781,0.14803368,21.198929
8.569597,11.91089,12.059309,3.3412924,38.990074
15.56011,19.388311,19.03726,3.8282013,24.602661
0.57943696,0.5812254,1.4792953,0.0017884374,0.3086509
2.073512,2.3897302,3.1659493,0.31621814,15.250364
3.6136463,4.502514,5.1406217,0.8888676,24.597528
2.7599723,2.8247893,3.5851247,0.06481695,2.3484638
14.866118,19.344667,19.183302,4.478549,30.12588
18.481726,17.188179,16.99378,1.2935467,6.9990582
6.782882,9.210491,9.528498,2.427609,35.790226
6.5982013,9.3024645,9.612629,2.7042632,40.984856
3.8874514,4.9211135,5.5320377,1.0336621,26.589712
10.675036,12.074446,12.207429,1.3994093,13.109177
0.52042353,0.50302386,1.4050155,0.017399669,3.343367
1.7456499,2.0865757,2.8794248,0.3409258,19.530024
1.3075546,1.1291265,2.1057234,0.17842805,13.645936
8.134598,9.836455,10.114477,1.7018576,20.921227
1.8610426,1.4919689,2.326693,0.36907375,19.831558
1.5682827,1.2598023,2.1275423,0.30848038,19.669947
7.8589296,12.263852,12.386516,4.4049225,56.049904
1.8665673,1.193893,2.052674,0.6726743,36.038044
1.8529981,1.7385375,2.567824,0.11446059,6.1770477
3.6626997,2.5226185,3.3037276,1.1400812,31.126799
23.445292,24.881504,24.192745,1.4362125,6.1258035
1.1726459,1.2508526,2.1025863,0.07820666,6.6692476
4.4474297,5.3720293,5.957569,0.92459965,20.789528
1.2601626,0.9230256,1.8032395,0.33713698,26.753452
2.239755,2.5890355,3.352406,0.3492806,15.594589
2.5728753,3.1960778,3.917251,0.62320256,24.222027
16.86073,26.16587,25.423178,9.305141,55.18825
1.9745921,2.1378863,2.9382794,0.1632942,8.269769
0.631904,0.5345669,1.435775,0.09733713,15.403785
16.686504,16.918339,16.736755,0.23183441,1.3893528
1.0299683,1.3200269,2.2192981,0.2900586,28.161898
2.0237377,2.0537972,2.9162254,0.030059576,1.4853494
26.135315,22.294554,21.757278,3.8407612,14.695676
25.290335,28.022615,27.119505,2.7322807,10.803657
0.783433,0.5051513,1.406703,0.27828175,35.52081
0.84236324,0.8952466,1.7685155,0.052883387,6.277979
3.134937,3.1169615,3.8431468,0.017975569,0.5733949
1.8552998,2.2273142,3.0133286,0.3720144,20.051443
0.6716078,0.5311742,1.4568367,0.14043361,20.910063
1.4288601,1.7467983,2.563778,0.3179382,22.251179
0.645044,0.5651251,1.4631065,0.07991892,12.389685
3.9352944,3.6236358,4.3264465,0.31165862,7.919576
0.35328805,0.37087414,1.2978663,0.017586082,4.977831
0.92417896,0.9237224,1.7960018,0.00045657158,0.04940294
9.840345,7.851866,8.333587,1.9884796,20.207417
0.21636602,0.6679648,1.7115467,0.4515988,208.71982
22.306692,22.26518,21.725657,0.041511536,0.18609454
1.2952461,0.9860418,1.8546138,0.30920434,23.872246
4.685654,4.4432516,5.0775723,0.24240255,5.1732917
1.2085944,0.86427283,1.7426519,0.3443216,28.489424
0.6164035,0.47828913,1.4690232,0.1381144,22.40649
6.685151,9.225205,9.550447,2.5400543,37.995464
1.9054399,2.1026208,2.897606,0.19718099,10.348318
7.6551805,10.204223,10.4686985,2.5490422,33.298264
2.0497785,1.8780317,2.7050958,0.17174673,8.378795
1.2652582,1.246522,2.098712,0.018736243,1.4808238
35.32711,26.127735,25.407104,9.199375,26.040554
49.72143,24.428677,23.753218,25.292755,50.868916
14.891581,9.096416,9.426409,5.795164,38.91571
9.324611,3.5143342,4.5607133,5.8102765,62.311195
0.8548962,0.87343764,1.9117239,0.018541455,2.1688547
6.671951,5.8889456,6.427435,0.78300524,11.735776
3.0320885,2.7178752,3.5358608,0.31421328,10.362932
1.3010412,1.2937641,2.1418197,0.007277131,0.5593313
0.54046446,0.39815128,1.3082974,0.14231318,26.331646
0.5804785,0.62306976,1.6496437,0.042591274,7.3372703
1.0970991,0.9815842,1.9347523,0.115514874,10.5291195
0.78387403,0.65278053,1.5451617,0.1310935,16.723797
5.573911,3.8160634,4.4965534,1.7578478,31.53706
24.745678,24.274282,23.85244,0.4713955,1.9049609
0.5477396,0.39825898,1.3171175,0.14948064,27.290455
1.9346906,1.9843142,2.7872937,0.04962361,2.5649376
2.5669196,4.7030067,5.320475,2.1360872,83.21598
1.6121104,3.1598644,3.881235,1.547754,96.00794
4.5739017,5.470155,6.2914615,0.8962531,19.594936
1.0572648,1.0983081,2.0393374,0.04104328,3.8820248
0.8359516,0.8603041,1.7483636,0.02435249,2.913146
0.717531,0.5945587,1.497333,0.12297231,17.138256
0.9553564,0.7812208,1.668889,0.17413563,18.227295
1.0505828,0.912194,1.7852144,0.13838875,13.17257
12.567465,10.805899,11.1072235,1.7615662,14.016877
0.5403707,0.52081096,1.421557,0.019559741,3.6196895
11.223247,13.910383,13.9286175,2.6871367,23.942596
1.1618451,1.2629519,2.1122165,0.10110676,8.702258
0.7093605,0.85386574,1.7661927,0.14450526,20.371202
1.6951886,1.6574023,2.4928913,0.037786365,2.2290359
0.48786902,0.6619234,1.6816292,0.17405438,35.676456
1.3376862,0.8384335,1.7171419,0.49925268,37.322105
0.5483633,0.5504941,1.4602822,0.0021307468,0.3885648
8.228969,11.038457,11.234183,2.8094883,34.141438
0.7876968,0.8599564,1.7359396,0.072259605,9.173531
4.850168,6.4329834,6.93905,1.5828152,32.634235
14.540609,15.48032,15.6888275,0.9397106,6.462663
0.5373742,0.5219481,1.4426554,0.015426099,2.8706439
0.7697206,0.54615164,1.4446521,0.22356898,29.045471
0.10139148,0.2589956,1.2380317,0.15760411,155.44118
0.50250703,0.41923356,1.3299024,0.08327347,16.571602
1.0505428,0.8492516,1.7276419,0.2012912,19.160685
1.1563084,0.9957769,1.8836018,0.16053152,13.883106
6.569021,9.085657,9.411443,2.516636,38.31067
14.223982,16.60415,16.452713,2.380169,16.733492
23.389631,24.599792,24.071243,1.2101612,5.1739216
0.19292517,0.2768058,1.2098932,0.08388062,43.478317
1.1280936,1.6007991,2.6104574,0.47270548,41.903038
1.7392005,1.9531496,2.7562504,0.21394908,12.301578
1.6855822,1.511167,2.3510945,0.17441511,10.34747
1.1450993,1.3171227,2.1625936,0.17202342,15.022576
3.418767,2.9583416,3.721942,0.46042538,13.467586
1.0509456,1.0217528,1.8881506,0.029192805,2.7777655
0.68914026,0.7864665,1.6678675,0.09732622,14.122847
1.2565397,1.3062713,2.152639,0.049731612,3.9578226
0.5885756,0.5235957,1.481962,0.06497991,11.040197
15.153833,12.902917,12.979006,2.2509165,14.853776
0.6522723,0.5782734,1.510501,0.07399887,11.344782
2.1178389,1.6686616,2.505786,0.44917727,21.209227
2.0550673,3.2992678,4.020257,1.2442005,60.543053
1.2146194,1.0795639,1.9408932,0.13505554,11.119165
3.312699,5.0022335,5.6601915,1.6895344,51.001747
0.7607561,0.6382866,1.5542098,0.122469485,16.09839
0.90576196,0.86881626,1.818313,0.0369457,4.0789638
19.456903,21.851398,21.35131,2.394495,12.30666
5.114297,6.2792478,6.7956967,1.1649508,22.778318
1.9570156,1.1711435,2.029121,0.7858721,40.156662
4.926845,6.3289375,6.839043,1.4020925,28.458221
13.089335,17.630081,17.552177,4.5407457,34.690422
29.32137,28.336622,27.404497,0.98474693,3.3584616
12.019345,8.229021,8.6122465,3.7903242,31.535196
9.143866,9.43639,9.829244,0.29252434,3.1991322
2.8463943,3.1477642,3.8706949,0.3013699,10.587777
10.624873,13.634214,13.657934,3.0093412,28.32355
14.89214,17.605928,17.667912,2.713788,18.222956
1.9753047,2.0643213,2.8704314,0.08901656,4.506472
0.7085091,0.7361784,1.6217953,0.02766931,3.9052866
3.379924,3.608038,4.304097,0.22811389,6.7490835
2.2678154,2.510599,3.6602948,0.24278355,10.705613
3.0778413,1.1024752,1.9648912,1.9753661,64.180244
9.661162,15.1406555,15.071054,5.479493,56.71671
0.871862,0.91980195,1.8852804,0.047939956,5.498572
3.095293,4.063966,4.724145,0.96867275,31.295027
25.263353,18.238192,17.9739,7.0251617,27.807716
6.399102,7.8007364,8.218834,1.4016342,21.903606
0.85705715,0.673439,1.6063777,0.18361813,21.424257
0.45792198,0.47289324,1.3814317,0.014971256,3.26939
0.46796557,0.40134647,1.3153149,0.0666191,14.235898
19.130585,27.032806,26.224487,7.9022217,41.306744
5.677186,7.2959013,7.7409973,1.6187153,28.512632
2.832017,3.1546698,3.8787537,0.32265282,11.39304
2.1826177,1.4418478,2.2791507,0.74076986,33.939518
2.0285554,2.2936487,3.0749402,0.26509333,13.068084
0.65361726,0.7011069,1.7343607,0.047489643,7.2656655
3.824681,3.9176517,4.6278973,0.09297061,2.4308069
48.81134,19.311623,18.963943,29.499718,60.436195
2.7288017,2.630406,3.387061,0.098395824,3.6058254
7.1251316,8.53604,8.904521,1.4109087,19.80186
47.413807,13.694577,13.716845,33.71923,71.116905
2.9408789,4.5971613,5.2229614,1.6562824,56.319298
45.31966,24.900368,24.921124,20.419292,45.056145
17.901024,16.326853,16.590475,1.5741711,8.793749
10.581491,5.2854595,5.863304,5.296032,50.049957
0.5280684,0.5543189,1.4605052,0.026250482,4.971038
4.5059013,4.6236005,5.2502213,0.117699146,2.612111
4.1226473,5.319426,6.0087385,1.1967788,29.029377
0.61492187,0.45773593,1.3696511,0.15718594,25.561937
3.9024162,3.4606595,4.188059,0.44175673,11.320083
0.6478512,0.5207639,1.4516165,0.12708735,19.61675
5.4320397,10.012875,10.351856,4.580835,84.329926
0.57457733,0.4131516,1.3222693,0.16142574,28.094694
18.066233,15.4703865,15.643163,2.5958462,14.368498
1.9697318,2.0834653,2.893531,0.11373353,5.7740617
2.5026948,3.0072565,3.779618,0.50456166,20.160734
0.8101972,0.5849838,1.4843978,0.22521335,27.797352
0.523774,0.55483294,1.4688568,0.031058908,5.9298296
2.656527,3.2851634,4.347424,0.62863636,23.663841
5.4242005,4.2091546,4.8596635,1.2150459,22.400461
0.688136,0.91132843,1.7840079,0.22319245,32.434353
23.257523,21.098537,20.668331,2.1589851,9.282954
20.733019,24.949198,24.237701,4.216179,20.335577
1.1885391,1.2774439,2.1292164,0.08890474,7.4801693
0.863387,0.5519506,1.4513228,0.3114364,36.071476
0.13789344,0.39947453,1.4056543,0.2615811,189.698
6.025739,5.0239863,5.9192967,1.0017529,16.624563
4.987208,4.394341,5.0370398,0.5928669,11.887752
0.5282913,0.65659547,1.5557737,0.12830418,24.286636
2.1783793,2.061086,2.8580446,0.11729336,5.3844323
1.2496828,1.241524,2.095627,0.008158803,0.65286994
7.1115365,8.485148,8.891114,1.3736119,19.315262
0.7869824,1.1416025,2.0052898,0.3546201,45.060738
0.55697304,0.4734855,1.4101671,0.08348754,14.9895115
0.8491592,0.8409487,1.8210593,0.00821048,0.9668953
0.89296764,0.8671272,1.7432218,0.025840461,2.8937736
0.79798573,0.6898025,1.5932837,0.108183205,13.5570345
5.1553307,3.5189128,4.216552,1.6364179,31.742249
2.34389,1.8567946,2.6669488,0.48709536,20.781494
6.5083694,5.649778,6.2162275,0.85859156,13.192114
1.067108,0.9712784,1.8404921,0.095829606,8.9803095
0.79786,0.6421186,1.5386486,0.15574145,19.519897
2.692568,2.970314,3.7075062,0.27774596,10.315281
0.40284708,0.5530833,1.4574829,0.15023622,37.29361
3.2049868,3.385271,4.1134114,0.18028426,5.6251173
5.946313,6.936101,7.407138,0.98978806,16.645409
3.6452656,4.9875135,5.588238,1.342248,36.82168
0.9960544,0.90084875,1.791921,0.095205665,9.55828
33.45781,30.954836,30.433718,2.5029736,7.4809847
8.693246,5.8481584,6.3950195,2.8450875,32.727562
1.1135701,1.6267562,2.5051246,0.5131861,46.08476
1.2428048,1.3831747,2.430285,0.14036989,11.294605
20.380684,9.05272,9.382101,11.327964,55.581863
3.0563703,3.5329971,4.231129,0.47662687,15.594541
0.70648575,0.68152416,1.6416866,0.02496159,3.533205
4.2163467,6.0657763,6.5918226,1.8494296,43.86332
3.3435657,2.8549135,3.6210923,0.48865223,14.614704
0.7098134,0.58647084,1.4873528,0.12334257,17.37676
0.5532222,1.0409794,2.180465,0.4877572,88.1666
9.130497,4.541332,5.3089304,4.589165,50.261944
0.5617989,0.5319413,1.4352622,0.029857576,5.314638
34.199337,16.249992,16.118362,17.949345,52.48448
6.780716,6.296643,6.8441725,0.48407316,7.1389685
2.4854412,2.7747848,3.5300264,0.2893436,11.641539
2.97113,1.3760884,2.2185426,1.5950415,53.684677
2.4070141,2.655826,3.4286394,0.24881196,10.336954
1.1216632,1.1829622,2.0425622,0.061298966,5.4650064
0.8469095,0.7740059,1.757179,0.07290363,8.608196
0.7695302,0.6604973,1.566928,0.10903287,14.168758
0.6126336,0.67396283,1.5646783,0.061329246,10.010755
0.9803241,1.4645333,2.2997959,0.48420924,49.392773
10.390035,6.7151003,7.1994157,3.6749344,35.3698
1.1809909,0.7659899,1.6481762,0.41500103,35.140068
9.364911,8.659461,9.026591,0.70545006,7.532907
1.425472,1.6351018,2.464447,0.20962977,14.705991
9.552284,11.01366,11.236132,1.4613762,15.298709
0.47725084,0.53892887,1.4392432,0.061678022,12.923607
2.2349799,2.8754382,3.615842,0.64045835,28.656115
0.4110778,0.3960438,1.317455,0.01503399,3.657213
18.095749,21.913538,21.413572,3.817789,21.097712
5.396111,3.8384728,4.518568,1.5576382,28.865942
1.8103509,2.0553837,3.0941858,0.24503279,13.535099
4.264477,5.0688176,5.683319,0.80434084,18.861418
0.6892793,0.5818256,1.5136963,0.107453704,15.589284
1.8128675,1.5604103,2.4045272,0.25245726,13.925853
3.711294,3.5811672,4.3154917,0.13012671,3.5062358
2.6026993,3.2994342,4.0117993,0.6967349,26.769705
3.499293,3.4538713,4.157469,0.04542184,1.298029
0.16269378,0.15772453,1.1043241,0.004969254,3.0543602
39.925457,13.241488,13.295973,26.683968,66.83447
0.45341134,0.5472852,1.4462998,0.09387386,20.703907
0.5366959,0.46037918,1.4387566,0.076316714,14.219731
4.275901,5.280681,5.8653975,1.0047803,23.49868
0.8599167,0.8280363,1.8626499,0.03188038,3.7073798
1.6991224,2.5228803,3.2883904,0.8237579,48.481373
1.0258126,0.87265015,1.7478281,0.15316248,14.930843
0.85547125,0.796819,1.6766632,0.05865228,6.8561373
0.312568,0.3395617,1.2583013,0.026993692,8.636102
2.0406752,1.4836838,2.3211906,0.55699134,27.294464
33.36625,29.393795,29.24961,3.972454,11.905606
0.5810315,0.4254246,1.3334618,0.1556069,26.781147
1.6457331,2.002007,2.8008604,0.3562739,21.648338
0.9986903,1.0173602,1.9219304,0.018669903,1.8694388
8.503316,8.006533,8.408273,0.49678326,5.84223
0.6810503,0.816849,1.7760702,0.1357987,19.939598
17.074362,15.455828,15.3734255,1.6185341,9.479324
0.34445897,0.56363976,1.460904,0.2191808,63.63045
