y_true,y_pred,y_std,abs_error,rel_error_%
6.767622,9.191361,1.4769825,2.4237394,35.813755
8.626948,4.6118436,1.0067314,4.015105,46.541424
0.0,2.4914067,1.1112922,2.4914067,249140670.0
6.487446,9.394908,1.7522532,2.9074621,44.816746
0.0,2.5400293,1.2117965,2.5400293,254002930.0
0.0,3.1507368,1.2370616,3.1507368,315073660.0
0.0,0.0,2.1283176,0.0,0.0
0.0,6.7855997,1.3858067,6.7855997,678560000.0
14.916421,13.8899765,1.4144646,1.0264444,6.8813047
0.0,1.0773273,1.1863825,1.0773273,107732730.0
0.0,3.7324035,1.6863294,3.7324035,373240350.0
10.03318,7.7076445,3.0377824,2.3255358,23.178452
3.897901,5.849803,1.089661,1.9519019,50.075714
0.0,3.389776,1.2232,3.389776,338977600.0
13.369327,10.218331,1.1167146,3.1509953,23.56884
0.0,0.0,1.1471266,0.0,0.0
0.0,3.9757025,1.2495774,3.9757025,397570240.0
11.294369,12.76342,1.047844,1.4690514,13.006936
125.010056,146.94327,3.0719202,21.933212,17.545158
0.0,3.4964988,1.5294929,3.4964988,349649900.0
167.66536,149.88658,1.3348213,17.778778,10.603727
1.563591,1.7054448,1.642346,0.14185381,9.0723095
20.992844,10.306084,1.1551824,10.68676,50.90668
0.0,3.7462854,1.0595466,3.7462854,374628540.0
18.050842,12.068996,1.0112852,5.981846,33.138874
0.0,3.8595192,1.087719,3.8595192,385951940.0
0.0,0.0,2.5954878,0.0,0.0
0.0,10.384043,1.7759074,10.384043,1038404300.0
0.0,0.0,1.3655006,0.0,0.0
0.0,0.0,1.2619139,0.0,0.0
23.177315,11.855423,1.3123395,11.321892,48.849026
20.227623,21.633038,1.8722093,1.4054146,6.9479966
10.734706,8.782506,3.0613475,1.9521999,18.185873
20.2237,2.9045172,1.3349335,17.319183,85.638054
8.553743,10.450931,1.3095526,1.8971872,22.179613
42.99527,55.303238,4.874748,12.307968,28.626331
5.96337,3.031048,2.9232426,2.9323218,49.172226
5.196671,5.844076,1.1609544,0.64740515,12.458075
2.2199697,0.9601526,2.382369,1.2598171,56.74929
0.0,0.0,3.79546,0.0,0.0
0.0,0.0,4.131413,0.0,0.0
7.5016932,7.65889,1.324928,0.15719652,2.0954804
0.0,2.3974764,1.2189473,2.3974764,239747650.0
10.363795,9.676677,1.2679145,0.68711853,6.6299896
96.47443,102.232414,2.85826,5.757988,5.968409
0.91099983,7.201499,0.9926201,6.290499,690.505
0.0,0.0,1.0915035,0.0,0.0
0.0,7.843795,1.1010725,7.843795,784379460.0
1.2322317,4.680886,1.1169033,3.4486542,279.87057
0.0,1.4435236,1.1399786,1.4435236,144352370.0
0.0,5.4656067,1.1509395,5.4656067,546560640.0
10.989389,8.361632,1.0688914,2.627757,23.911764
0.0,0.6071775,1.2406459,0.6071775,60717750.0
9.631765,11.146679,1.1032046,1.5149136,15.728307
0.0,0.7262862,1.804268,0.7262862,72628616.0
0.0,0.0,1.0944283,0.0,0.0
0.0,3.1536233,3.1128426,3.1536233,315362340.0
9.510533,3.4707818,1.2857773,6.0397515,63.50592
21.571123,8.525315,1.1667238,13.045808,60.47811
0.0,9.907716,1.5834937,9.907716,990771600.0
4.2359858,9.222063,1.107286,4.9860773,117.7076
0.0,0.0,2.883609,0.0,0.0
15.028497,12.066065,1.1903414,2.962432,19.712097
40.22826,12.173405,1.2848076,28.054855,69.739174
1.4718249,9.897826,1.3677225,8.426002,572.4867
16.639835,10.966223,2.5373485,5.6736126,34.09657
58.75563,55.242702,3.1650872,3.512928,5.9788785
0.0,1.584894,1.0490746,1.584894,158489390.0
2.4147341,3.209694,1.5744073,0.7949598,32.921215
6.3860693,4.72052,0.92767084,1.6655493,26.080978
11.036226,10.54765,2.0362413,0.48857594,4.42702
0.0,0.013809919,1.3160659,0.013809919,1380992.0
23.373775,9.676289,1.0801445,13.697487,58.601944
0.0,0.0,1.3624136,0.0,0.0
26.104748,40.852863,1.6264966,14.748116,56.49591
6.7428594,3.6132824,1.124577,3.129577,46.413204
0.0,1.2062881,1.5977699,1.2062881,120628810.0
0.0,5.5867224,1.2574965,5.5867224,558672260.0
6.545566,10.284967,1.1563755,3.7394013,57.12877
23.651722,18.552628,1.4225584,5.0990944,21.559082
23.335878,17.752918,1.4515059,5.58296,23.924362
16.193535,12.490851,1.1683959,3.7026834,22.865196
0.0,0.0,3.0981412,0.0,0.0
12.105862,13.053156,2.4978912,0.94729424,7.825087
0.0,0.0,1.2586994,0.0,0.0
0.0,0.0,1.356218,0.0,0.0
17.130287,9.95605,1.0579207,7.1742373,41.880424
52.10357,15.90694,1.3398275,36.19663,69.470535
0.0,1.733113,1.5023837,1.733113,173311310.0
0.0,4.6181326,0.92088467,4.6181326,461813280.0
11.782064,6.3851957,1.1564374,5.3968687,45.8058
0.0,3.692087,1.6688818,3.692087,369208670.0
0.0,0.0,1.2747782,0.0,0.0
0.0,0.0,1.2712063,0.0,0.0
6.9691725,6.3581934,1.4524306,0.6109791,8.766881
24.874939,15.875856,1.205322,8.999083,36.177307
35.43982,28.76655,1.878783,6.6732693,18.829863
7.6712914,4.9554124,1.5105199,2.715879,35.403152
0.0,1.8672869,1.063773,1.8672869,186728700.0
3.4963279,8.851224,2.068579,5.354896,153.15773
0.0,1.7400467,1.3756727,1.7400467,174004670.0
4.4665914,2.3534825,1.0208999,2.1131089,47.309204
7.2599277,8.963873,1.7040836,1.7039452,23.470552
0.0,0.0,2.7277942,0.0,0.0
0.0,5.53652,1.1985682,5.53652,553652000.0
11.208888,8.760612,1.323229,2.4482765,21.842278
0.0,0.0,1.1578269,0.0,0.0
8.881784e-14,6.062372,1.3241036,6.062372,606237250.0
22.071463,17.321728,1.8733387,4.749735,21.5198
0.0,1.6732023,1.5783832,1.6732023,167320220.0
9.637576,7.2215385,1.209803,2.4160376,25.068933
10.579389,13.033245,1.4223982,2.4538565,23.19469
2.7577715,0.0,2.7307248,2.7577715,100.00001
15.069878,21.397617,1.370552,6.3277397,41.989326
1.4375503,6.3103485,1.4017861,4.872798,338.9654
5.7229414,8.052942,1.1968682,2.3300009,40.713345
0.0,0.0,1.3049486,0.0,0.0
7.0727987,9.559043,1.0224252,2.4862442,35.1522
0.0,5.6337423,1.297278,5.6337423,563374200.0
86.36523,80.41429,2.930993,5.9509354,6.8904295
30.059643,31.449978,1.5379611,1.3903351,4.6252546
25.196077,20.73194,3.887767,4.464138,17.717592
6.731985,7.5760574,1.2743068,0.84407234,12.538239
0.0,3.2858922,2.5914326,3.2858922,328589250.0
0.0,3.8519444,1.095906,3.8519444,385194460.0
76.95631,71.73215,3.4054134,5.2241592,6.788474
0.0,2.177634,1.9259735,2.177634,217763400.0
6.75843,4.1115427,1.6413388,2.6468873,39.16423
29.865324,32.248844,2.0589027,2.3835201,7.980895
5.7193313,3.6492627,2.3876162,2.0700686,36.194244
0.0,7.708637,0.9935017,7.708637,770863700.0
12.332676,11.523257,2.188882,0.8094187,6.563204
12.86184,9.63829,3.7937777,3.2235498,25.062897
0.0,6.8423386,1.3079677,6.8423386,684233900.0
0.0,0.2388339,1.1080927,0.2388339,23883390.0
0.0,0.0,1.6259413,0.0,0.0
19.172968,18.569712,1.3222167,0.6032562,3.1463895
0.0,0.0,1.1896409,0.0,0.0
0.0,0.0,1.2243432,0.0,0.0
5.0247216,7.2446012,1.2186884,2.2198796,44.179157
2.5063455,4.364066,1.213044,1.8577206,74.12069
13.257323,9.776069,1.3190625,3.4812546,26.259106
3.557903,4.607916,2.245357,1.0500128,29.512125
0.0,2.3209732,1.2345651,2.3209732,232097330.0
32.8567,16.815893,1.3013268,16.040808,48.820507
0.0,3.0332778,1.1734577,3.0332778,303327780.0
10.812448,5.961829,1.050539,4.8506184,44.861427
0.0,1.3186061,1.1057975,1.3186061,131860610.0
0.0,0.8836725,2.3056614,0.8836725,88367250.0
0.0,3.3641996,1.1116354,3.3641996,336419970.0
14.784631,5.9499025,1.3528519,8.834728,59.756165
0.0,1.8515254,1.0959461,1.8515254,185152540.0
0.0,0.0,1.1061882,0.0,0.0
3.768623,10.199926,4.4952893,6.431303,170.65392
2.2918344,2.291382,2.116815,0.00045228004,0.019734412
0.0,1.3110616,1.1778973,1.3110616,131106150.0
0.0,5.742833,1.6368395,5.742833,574283300.0
8.670334,5.70222,1.5999076,2.968114,34.232983
27.273632,46.851173,1.3066714,19.577541,71.78194
0.0,3.5511956,1.1414694,3.5511956,355119580.0
12.480908,15.928684,3.628498,3.4477758,27.6244
20.602406,25.294054,1.5407385,4.6916485,22.772333
0.0,7.3029194,1.2666465,7.3029194,730291900.0
0.0,0.0,1.2529857,0.0,0.0
173.3681,158.12341,1.1671227,15.24469,8.793249
15.383702,13.618097,1.5412337,1.765605,11.477114
12.6819725,5.0510273,1.5015976,7.630945,60.171597
3.4931912,4.8334036,1.2641866,1.3402123,38.36642
0.0,0.0,2.497405,0.0,0.0
7.824397,10.536101,1.559164,2.7117043,34.657036
10.854845,13.361429,1.3995767,2.5065842,23.091846
12.427081,9.951804,4.2355523,2.475277,19.91841
13.849902,10.33984,1.3516064,3.5100622,25.34359
0.0,0.0,1.350537,0.0,0.0
15.847136,8.015344,1.2612879,7.831792,49.420868
0.87397337,7.312627,1.5762658,6.4386535,736.7105
10.253698,8.718391,1.3857447,1.5353069,14.973203
9.544368,8.987838,2.0615373,0.55653,5.830978
0.0,5.3127747,1.343359,5.3127747,531277470.0
0.0,4.8114967,1.2607571,4.8114967,481149660.0
5.078174,4.46343,1.5332332,0.6147442,12.105615
0.0,2.2662218,1.92196,2.2662218,226622180.0
4.6702733,9.719603,1.1146606,5.0493293,108.116356
0.0,2.1817672,1.22991,2.1817672,218176720.0
14.65908,10.564131,5.4523816,4.094949,27.934555
0.0,7.222348,1.2632048,7.222348,722234800.0
0.0,1.3936868,0.98429185,1.3936868,139368690.0
6.9585886,3.402135,1.7701666,3.5564537,51.10884
0.0,0.518873,1.3677024,0.518873,51887300.0
9.83371,11.554788,3.9413564,1.7210779,17.501818
16.559187,14.106476,2.4153185,2.452711,14.811785
10.339583,10.469604,5.453786,0.13002014,1.2574989
0.0,3.4522603,1.2514801,3.4522603,345226020.0
7.1154222,7.850464,1.2787437,0.7350416,10.33026
7.1896095,13.024071,3.164306,5.834461,81.15129
29.286325,44.938057,2.9330251,15.6517315,53.44382
4.7307253,8.011073,1.2986462,3.2803478,69.34133
0.0,7.267416,2.127752,7.267416,726741570.0
10.867499,9.331206,3.0359573,1.536293,14.136582
0.0,5.52067,1.3177431,5.52067,552067000.0
0.0,3.7648368,1.1833586,3.7648368,376483680.0
4.999816,8.875568,1.0003673,3.8757524,77.51791
9.610636,6.111035,1.718375,3.499601,36.413834
0.0,0.0,1.2528579,0.0,0.0
20.368395,12.947577,2.0144954,7.4208174,36.433
21.905422,16.056637,1.280417,5.8487854,26.700172
7.9952445,9.820163,1.7170048,1.8249183,22.825047
0.0,1.2047408,2.8855658,1.2047408,120474070.0
0.0,0.0,2.5765276,0.0,0.0
0.0,0.30049205,1.1057295,0.30049205,30049206.0
0.0,0.0,1.1364202,0.0,0.0
0.0,0.0,0.99988,0.0,0.0
0.0,6.773588,1.187741,6.773588,677358850.0
10.2709465,5.568327,1.2107368,4.7026196,45.78565
0.67184675,5.32697,1.2584335,4.655123,692.8847
7.6050396,8.833305,1.9638292,1.2282658,16.150682
10.242032,7.938775,1.4200637,2.303257,22.488281
0.0,4.1967163,1.2444198,4.1967163,419671600.0
0.0,3.8132362,1.4056783,3.8132362,381323620.0
14.298193,9.1873,1.8091127,5.1108932,35.74503
7.5430527,8.583709,4.5342956,1.0406561,13.79622
12.776611,5.958028,1.1099123,6.8185835,53.3677
8.9693985,7.855356,1.9777372,1.1140423,12.420479
14.602172,11.568296,1.5109894,3.0338755,20.776878
0.0,1.8542856,1.3631302,1.8542856,185428560.0
0.0,1.1403198,1.1271446,1.1403198,114031980.0
9.040105,4.803298,1.5858066,4.236807,46.86679
0.0,0.0,1.2823468,0.0,0.0
0.0,7.304447,1.9161844,7.304447,730444700.0
0.0,1.207756,1.387249,1.207756,120775610.0
12.520257,5.8750916,1.3580247,6.6451654,53.07531
7.38832,5.1519012,1.3725517,2.2364187,30.269651
0.0,2.5979557,1.3234034,2.5979557,259795570.0
0.0,14.752703,2.0504034,14.752703,1475270300.0
7.029858,5.328043,1.085487,1.7018151,24.208385
11.484277,10.769312,2.7396364,0.71496487,6.225598
0.0,5.346464,1.4901007,5.346464,534646430.0
6.979922,3.6379778,1.794517,3.341944,47.87939
1.4129449,2.820707,1.3325095,1.4077622,99.633194
39.61833,29.496384,1.9076794,10.121944,25.548641
8.11087,9.475754,5.0420995,1.3648834,16.82783
2.749322,7.705723,1.3539828,4.956401,180.2772
0.0,0.3936715,1.1053749,0.3936715,39367148.0
2.7052279,3.866439,1.8447906,1.1612113,42.92471
11.452898,9.936069,4.3119893,1.5168295,13.244067
0.0,5.0401754,1.1748775,5.0401754,504017540.0
18.609222,10.889836,1.25594,7.719386,41.481506
0.0,0.0,1.2372875,0.0,0.0
26.679516,9.928119,1.2660975,16.751396,62.787483
15.8895,11.318932,1.4321922,4.570568,28.764708
7.0261526,4.4990697,1.0910394,2.527083,35.966812
0.0,0.0,1.7736742,0.0,0.0
0.0,0.0,1.191039,0.0,0.0
1.5806118,5.121797,0.94958156,3.5411854,224.0389
10.524576,6.2213182,1.4426603,4.303258,40.88771
0.0,4.304165,0.94666255,4.304165,430416500.0
7.5226927,4.8102713,1.7389648,2.7124214,36.056522
9.281101,8.299292,4.9829483,0.9818096,10.578589
0.0,2.1333067,1.133952,2.1333067,213330670.0
7.826634,4.445771,1.137799,3.3808627,43.19689
0.0,1.099201,1.302591,1.099201,109920100.0
0.0,3.4966867,1.1127279,3.4966867,349668670.0
9.380402,8.440537,1.3476301,0.93986416,10.019445
1.1995543,4.1512775,1.4065349,2.951723,246.06831
0.0,0.0,2.972078,0.0,0.0
13.109314,9.759187,1.166486,3.3501272,25.55532
8.275099,7.82586,5.332335,0.44923878,5.4288025
0.0,2.027556,1.1102259,2.027556,202755600.0
8.528669,7.411236,1.0674317,1.1174335,13.102085
0.0,0.0,1.7887251,0.0,0.0
0.0,0.0,1.0904895,0.0,0.0
5.5873585,14.796109,1.3271339,9.208751,164.81403
0.0,0.8390157,1.3226249,0.8390157,83901576.0
11.601925,12.928766,1.3740836,1.3268414,11.436391
39.492916,36.22132,1.4695823,3.271595,8.284004
10.185962,11.270576,2.2327569,1.0846138,10.648124
0.0,12.939009,2.167843,12.939009,1293900900.0
0.0,0.0,0.95468384,0.0,0.0
30.689173,13.02371,1.1327369,17.665462,57.562523
7.98426,4.8057013,1.0860623,3.1785588,39.810314
7.1876235,8.633375,1.3014469,1.4457517,20.11446
0.0,3.002035,1.3225412,3.002035,300203500.0
0.0,0.0,1.1730212,0.0,0.0
0.0,0.0,2.12921,0.0,0.0
21.15553,23.144041,1.8233236,1.9885101,9.399481
4.1585507,5.702519,0.8967835,1.5439682,37.127556
4.440892e-14,0.0,1.9808276,4.440892e-14,4.440892e-06
122.755844,121.59951,1.2787662,1.1563339,0.9419787
0.0,5.3081026,1.1837953,5.3081026,530810240.0
0.0,0.18529797,1.2238492,0.18529797,18529796.0
20.69873,20.296347,1.560393,0.4023838,1.9440024
0.0,5.351223,2.755899,5.351223,535122300.0
0.0,0.0,1.5761133,0.0,0.0
0.0,8.97447,1.7720948,8.97447,897447040.0
2.9672763,4.160615,5.0358334,1.1933386,40.216633
28.650434,19.417744,1.6291757,9.232691,32.225307
0.0,5.403555,1.2193345,5.403555,540355460.0
0.0,0.14482617,1.8039386,0.14482617,14482617.0
7.026367,5.422757,1.0367628,1.60361,22.822748
14.500064,13.693375,3.0498695,0.80668926,5.56335
0.784394,5.646779,1.2933701,4.862385,619.89056
5.079189,9.808108,1.7180636,4.7289195,93.10383
0.0,0.0,1.218909,0.0,0.0
0.0,3.9484842,2.9370685,3.9484842,394848420.0
7.3720965,3.899811,1.6989669,3.4722855,47.10038
9.3202915,8.690294,4.00393,0.62999725,6.7594156
0.0,3.1444962,1.2557205,3.1444962,314449630.0
0.0,1.6791317,1.1856002,1.6791317,167913180.0
12.119003,2.0666358,1.3184514,10.052367,82.94714
46.651638,15.61297,1.0731131,31.038668,66.53285
11.336251,7.199477,1.3710487,4.136774,36.49155
0.0,9.3952265,1.2942885,9.3952265,939522600.0
2.3324213,3.938018,1.9183537,1.6055968,68.838196
18.430864,12.143148,1.7523016,6.287716,34.115147
158.82053,163.87762,1.413836,5.0570984,3.1841593
12.420368,9.827756,1.2738614,2.5926123,20.873877
8.852775,8.835398,1.2501405,0.0173769,0.19628762
0.0,0.0,1.0402863,0.0,0.0
34.582558,43.795353,1.4048368,9.212795,26.640005
12.318143,7.56093,1.3709638,4.757213,38.619564
0.0,2.4677906,1.4519782,2.4677906,246779060.0
4.1906037,5.54507,1.1725292,1.3544664,32.32151
28.086058,19.225805,1.3125263,8.860252,31.5468
3.448512,10.426566,1.2020371,6.978054,202.34972
173.2411,123.61531,4.4950347,49.625793,28.645506
0.0,8.404647,2.7872167,8.404647,840464640.0
4.926755,8.515657,1.6281258,3.5889025,72.84516
0.0,0.0,1.7880645,0.0,0.0
6.684333,8.837533,1.1130106,2.1532001,32.21264
5.223886,2.2490475,1.7590579,2.9748385,56.94685
11.123849,9.719435,1.980166,1.4044142,12.625255
10.924158,12.963161,2.4830263,2.0390034,18.665085
0.0,4.8917723,1.621608,4.8917723,489177200.0
0.0,0.0,1.2310764,0.0,0.0
2.2904546,0.0,2.701401,2.2904546,100.0
60.231266,27.158924,1.8722934,33.072342,54.908928
4.811119,8.505224,2.2862532,3.6941051,76.78266
0.0,0.0,3.0876396,0.0,0.0
5.222513,8.00645,1.2761009,2.7839365,53.30645
11.078809,9.555136,5.2684793,1.523673,13.753041
21.810661,16.65499,1.2582394,5.155672,23.638311
31.131922,25.390848,1.3263662,5.7410736,18.441114
1.4664252,9.507982,1.9690098,8.041557,548.3783
0.0,1.8464031,0.9900188,1.8464031,184640320.0
5.7816477,2.9574225,1.2506225,2.8242252,48.848103
6.561374,6.562024,1.4697316,0.00064992905,0.00990538
4.694224,7.990243,1.5790416,3.296019,70.214355
97.29391,95.00412,2.5608888,2.2897873,2.3534744
0.0,4.739067,1.1794928,4.739067,473906720.0
0.0,0.0,2.0825691,0.0,0.0
0.0,0.510376,1.1287096,0.510376,51037596.0
0.0,2.521243,1.2710088,2.521243,252124320.0
9.610667,6.7939987,1.3644099,2.8166685,29.30773
14.808831,14.910924,1.9706297,0.10209274,0.6894045
0.0,0.0,1.7111176,0.0,0.0
10.118144,7.0079994,1.1380093,3.1101446,30.738293
28.137907,14.273029,1.1870841,13.864878,49.27473
15.506958,7.6472607,1.5512586,7.8596973,50.68497
0.0,7.073799,1.1177424,7.073799,707379900.0
4.020828,8.112572,1.4355637,4.091744,101.763725
0.0,0.0,1.268577,0.0,0.0
0.0,4.812542,1.1222205,4.812542,481254200.0
0.0,1.5161064,1.515503,1.5161064,151610640.0
9.16529,8.914169,1.3399756,0.25112057,2.7399087
0.0,1.2227492,2.1255152,1.2227492,122274930.0
19.537292,12.430285,1.4849391,7.107007,36.37662
10.092098,14.658402,2.7801056,4.566304,45.246334
0.0,0.13793159,1.072913,0.13793159,13793159.0
16.250582,11.75555,1.571003,4.4950314,27.660742
99.117546,125.2448,2.6255476,26.12725,26.359865
8.1430025,11.141991,3.6844199,2.9989882,36.82902
17.6279,12.59593,1.6345254,5.031969,28.545483
0.0,0.0,1.1047907,0.0,0.0
13.854351,8.909397,1.182679,4.944954,35.692425
0.0,1.180227,3.5331538,1.180227,118022700.0
3.1723742,2.1449087,2.940221,1.0274656,32.387905
0.0,5.9551034,1.6447065,5.9551034,595510340.0
5.3179064,4.0958247,1.5498513,1.2220817,22.980503
2.1324966,0.820246,1.9309331,1.3122506,61.535885
100.40168,96.023636,3.2296515,4.378044,4.360529
13.885715,11.348977,5.376463,2.5367374,18.268684
0.0,0.0,2.8023007,0.0,0.0
0.0,0.0,1.2788407,0.0,0.0
0.0,6.392708,2.3641257,6.392708,639270800.0
11.270949,8.303858,2.792568,2.9670916,26.325127
9.520224,11.963095,3.0723386,2.442871,25.659807
11.822119,10.634428,2.0334766,1.1876907,10.046344
0.0,4.182316,1.1708477,4.182316,418231580.0
8.119421,7.6525884,1.1899239,0.46683264,5.749581
25.197838,18.031906,1.1300294,7.1659317,28.438675
0.0,0.0,1.344759,0.0,0.0
0.0,2.9573076,2.2451944,2.9573076,295730750.0
0.0,2.011255,1.1945186,2.011255,201125500.0
0.0,0.42457557,2.596828,0.42457557,42457556.0
0.0,1.9713695,1.0382005,1.9713695,197136940.0
22.608238,25.669283,3.6510186,3.0610447,13.53951
0.21508619,5.707365,1.2925004,5.492279,2553.5247
0.0,0.0,1.342796,0.0,0.0
0.0,0.0,1.301729,0.0,0.0
0.0,4.195318,1.4820791,4.195318,419531840.0
8.161884,7.264804,1.4893166,0.8970804,10.991094
14.461739,13.787207,3.069574,0.67453194,4.664252
0.0,3.8010626,1.1096666,3.8010626,380106270.0
3.566783,2.9539306,1.1396474,0.61285233,17.182215
0.0,2.025788,1.0305138,2.025788,202578820.0
73.94431,56.03329,1.776308,17.911022,24.222311
0.0,2.6551647,0.90477467,2.6551647,265516480.0
11.017472,10.86921,0.956195,0.14826202,1.3456991
8.197948,9.52269,1.3336327,1.3247414,16.159426
3.768879,8.89871,1.249269,5.1298313,136.11028
0.0,0.0,1.0380296,0.0,0.0
4.670498,1.8018796,4.428653,2.8686182,61.419964
0.0,0.0,5.020008,0.0,0.0
57.039864,45.58552,2.7976716,11.454342,20.081293
0.0,3.318904,1.4729245,3.318904,331890370.0
0.0,4.533824,1.2958239,4.533824,453382400.0
2.0344656,7.0693035,1.3623688,5.0348377,247.47716
0.0,6.126644,1.1828064,6.126644,612664450.0
4.9620175,8.128961,1.6022164,3.166943,63.823696
1.2739708,8.538863,1.5354117,7.2648926,570.2558
0.0,4.9390316,1.28397,4.9390316,493903170.0
0.0,0.0,2.1452317,0.0,0.0
3.9122875,7.60326,3.052039,3.6909726,94.34308
2.198324,3.3586836,1.6133003,1.1603596,52.783833
9.809476,6.4590607,1.4022908,3.3504152,34.15489
44.906517,31.006378,1.433033,13.900139,30.9535
0.0,2.63242,1.3130385,2.63242,263242000.0
5.09852,3.8037965,2.632973,1.2947233,25.3941
0.0,4.371194,1.5953357,4.371194,437119400.0
11.925462,9.068486,5.101702,2.8569756,23.95694
0.0,9.047487,1.8646121,9.047487,904748740.0
0.0,3.4872386,1.3123672,3.4872386,348723870.0
0.0,0.0,1.2176659,0.0,0.0
7.6343074,9.126236,1.2933708,1.4919286,19.542421
7.622694,6.7501464,1.365004,0.8725476,11.446709
7.4062705,6.873376,1.2863476,0.5328946,7.1951814
0.0,0.67249274,1.0855107,0.67249274,67249270.0
5.416316,5.217385,2.2480028,0.19893122,3.6728141
9.452612,5.626152,1.4780416,3.82646,40.48045
1.4227659,0.6975205,1.9205055,0.72524536,50.97433
0.0,11.211687,1.3273703,11.211687,1121168800.0
0.0,2.1359873,1.694266,2.1359873,213598720.0
0.0,9.123168,1.4328021,9.123168,912316800.0
0.0,0.0,1.1867595,0.0,0.0
18.471188,21.247305,1.155789,2.7761173,15.029447
4.51613,6.6773815,0.94245434,2.1612515,47.856274
0.8339222,2.0616171,1.5221525,1.227695,147.21938
12.659131,16.532703,2.902904,3.8735723,30.59904
8.101792,11.030649,1.8720106,2.9288568,36.150726
0.0,1.505934,1.9968066,1.505934,150593390.0
0.0,5.940587,1.1695544,5.940587,594058700.0
22.091438,18.565971,1.7127438,3.525467,15.958522
11.861055,10.643672,1.3357998,1.2173834,10.263702
53.005295,31.453318,1.954462,21.551977,40.660046
0.0,0.0,2.3345506,0.0,0.0
0.0,5.9157743,1.2848432,5.9157743,591577500.0
0.0,0.0,1.5655105,0.0,0.0
0.0,5.11537,5.4649773,5.11537,511537000.0
15.320905,14.772633,3.045252,0.54827213,3.5785885
0.0,0.0,1.7573862,0.0,0.0
6.9582458,11.702693,1.0123861,4.744447,68.18453
5.7838125,6.000353,1.6421009,0.21654034,3.7439032
3.2780662,9.150988,1.7696607,5.8729215,179.15813
0.0,4.808864,3.7298853,4.808864,480886400.0
0.0,2.051993,1.088796,2.051993,205199300.0
14.168471,15.916709,1.383243,1.7482376,12.338929
17.403852,18.567394,1.7530297,1.1635418,6.6855416
150.69775,102.02653,1.8806851,48.671227,32.297245
0.0,0.78069544,1.0882081,0.78069544,78069544.0
3.753428,9.781677,2.1394897,6.0282493,160.6065
0.0,0.0,4.7825966,0.0,0.0
0.0,2.4902751,1.177417,2.4902751,249027520.0
15.240921,7.75803,1.2487727,7.482891,49.09737
0.0,0.0,2.369964,0.0,0.0
16.92401,24.76783,1.4066949,7.8438206,46.347298
27.23557,11.121916,1.2984413,16.113655,59.164005
0.0,0.0,1.3478545,0.0,0.0
2.942306,3.2676864,1.5753447,0.32538033,11.058684
15.613926,10.2476635,1.2614754,5.3662624,34.368435
7.605471,5.6694417,1.3734741,1.9360294,25.455746
0.0,5.4426584,1.0681801,5.4426584,544265860.0
4.876801,4.823506,1.4134886,0.053295135,1.0928298
4.684193,9.410601,1.2304611,4.7264075,100.90121
0.0,0.0,1.3197087,0.0,0.0
0.0,3.7332897,1.0748837,3.7332897,373329000.0
0.0,7.536357,1.1608303,7.536357,753635700.0
10.6321745,3.2033331,1.4425843,7.4288416,69.87133
9.318714,7.2712865,1.2701082,2.0474277,21.97114
0.0,0.0,1.1233739,0.0,0.0
0.0,1.3349202,1.5026764,1.3349202,133492020.0
0.0,2.6027753,1.438664,2.6027753,260277520.0
2.5828712,4.0801888,1.4897981,1.4973176,57.971046
6.1128573,3.8234959,1.6676052,2.2893615,37.451576
16.807608,17.17683,1.2546074,0.36922264,2.196759
0.0,0.0,1.118087,0.0,0.0
0.0,2.094565,0.99066687,2.094565,209456500.0
0.0,6.316883,1.1877909,6.316883,631688300.0
60.503597,35.919384,1.2790905,24.584213,40.63265
8.396258,4.420183,1.1872672,3.9760752,47.35532
21.32519,17.692675,1.2617272,3.632515,17.033916
7.987911,5.3521075,2.8765125,2.6358037,32.99741
0.0,0.0,1.6398617,0.0,0.0
0.0,5.3292866,1.3701211,5.3292866,532928640.0
4.7195816,9.211717,3.389724,4.492135,95.180786
46.49873,17.646856,1.6652164,28.851873,62.048733
0.0,13.478152,1.4296457,13.478152,1347815200.0
0.0,4.855136,0.9803629,4.855136,485513570.0
0.0,2.848339,1.0658143,2.848339,284833920.0
3.5734177,11.984126,2.4483209,8.410708,235.36876
0.0,0.0,1.1454077,0.0,0.0
0.0,0.0,1.204719,0.0,0.0
10.52393,8.577492,5.3864417,1.9464378,18.495352
10.198492,9.562112,2.0273664,0.6363802,6.239944
9.35909,7.5833607,1.2272669,1.7757292,18.97331
28.215197,14.50385,1.4581221,13.711347,48.595608
0.0,0.093707085,1.2444344,0.093707085,9370708.0
0.0,0.0,1.8598788,0.0,0.0
0.0,6.775137,1.7299067,6.775137,677513660.0
12.879525,10.710922,2.821555,2.168603,16.8376
5.153124,6.1477823,1.3749765,0.99465847,19.30205
0.0,6.8573875,1.4830272,6.8573875,685738750.0
0.0,7.006257,1.0670582,7.006257,700625700.0
13.191105,6.5965595,1.3199695,6.5945454,49.992363
0.0,0.0,1.3290569,0.0,0.0
0.0,0.0,1.1294452,0.0,0.0
9.189798,6.9570274,1.2956789,2.232771,24.296192
0.0,2.3152778,1.0524065,2.3152778,231527790.0
0.16748454,2.8131242,1.0383823,2.6456397,1579.6322
5.409936,5.7711983,1.0456346,0.36126232,6.677756
3.7223938,4.680111,1.4222426,0.9577172,25.72853
9.020131,5.695428,1.085604,3.3247032,36.858704
0.0,1.7642293,1.0575439,1.7642293,176422930.0
0.0,0.0,3.3467987,0.0,0.0
0.0,0.0,1.33494,0.0,0.0
15.441942,15.69997,2.0510786,0.25802803,1.6709558
0.0,0.0,2.8987842,0.0,0.0
1.7154688,7.1636477,1.116888,5.448179,317.59125
1.2854638,6.65788,1.3215868,5.372416,417.93597
0.0,3.6739311,0.9801664,3.6739311,367393120.0
0.0,2.6108384,1.2599868,2.6108384,261083840.0
9.76913,8.286171,1.7761244,1.4829588,15.180051
0.0,7.2396746,1.0683541,7.2396746,723967500.0
0.0,4.2889957,2.1033344,4.2889957,428899550.0
10.996101,6.39579,2.4350617,4.6003113,41.83584
14.8421955,11.8081045,1.4353597,3.034091,20.442331
0.0,1.219604,1.1092324,1.219604,121960400.0
26.279202,20.517899,1.5022796,5.761303,21.923433
0.0,3.9050252,1.4401813,3.9050252,390502530.0
11.587646,8.446512,5.3941064,3.1411333,27.107607
0.0,1.436965,1.2902074,1.436965,143696500.0
0.0,0.0,1.8279144,0.0,0.0
0.0,3.6660018,1.1993827,3.6660018,366600200.0
2.859958,0.0,2.7756374,2.859958,100.0
0.0,0.0,1.125018,0.0,0.0
13.296737,5.184637,2.1879003,8.1121,61.008198
0.0,0.9828236,1.0202336,0.9828236,98282370.0
0.0,1.1587508,4.4212747,1.1587508,115875080.0
0.0,0.0,2.4997857,0.0,0.0
0.0,5.476609,1.6340883,5.476609,547660900.0
0.0,0.0,1.2163548,0.0,0.0
0.0,0.0,1.5901468,0.0,0.0
4.416737,7.8737793,5.403038,3.4570422,78.27141
14.253334,14.362233,2.0275636,0.10889912,0.76402557
10.789033,13.812703,5.431729,3.0236702,28.025404
9.211592,10.398749,1.7464385,1.1871576,12.887649
16.411745,8.270474,1.3652059,8.141271,49.60637
5.8237867,6.0275784,1.3291767,0.20379162,3.4992974
0.0,0.75816965,1.3156614,0.75816965,75816960.0
0.0,3.2433863,3.008301,3.2433863,324338620.0
7.1965876,6.8456554,1.7212857,0.35093212,4.8763685
11.429312,12.320799,1.1551394,0.8914871,7.800007
9.963031,7.1797504,1.4557474,2.7832804,27.93608
0.0,6.465373,1.0392692,6.465373,646537300.0
0.0,2.0290542,1.3947188,2.0290542,202905400.0
2.9362023,4.484916,1.3584256,1.5487139,52.74548
0.0,0.0,1.3246897,0.0,0.0
34.864616,20.208048,1.3924358,14.656569,42.03852
114.91311,120.22926,3.5124354,5.3161545,4.626239
0.0,2.1609342,1.7354382,2.1609342,216093400.0
0.0,2.4570496,1.0856171,2.4570496,245704960.0
7.0350704,2.8866386,1.1423279,4.148432,58.967876
0.0,0.0,1.3578435,0.0,0.0
0.0,0.52754664,1.1239977,0.52754664,52754664.0
8.275049,6.0086575,1.855808,2.2663918,27.388258
1.1426132,3.7440495,1.7044803,2.6014364,227.67429
12.385687,8.107226,1.4070143,4.2784605,34.543587
6.6363163,9.2487545,1.3241727,2.6124382,39.36579
22.803524,17.54474,1.4790466,5.2587833,23.061275
60.664066,52.81131,2.2319515,7.8527565,12.944658
16.21388,21.564728,1.6756254,5.3508472,33.001644
0.0,0.0,1.1046085,0.0,0.0
0.0,0.0,1.2538577,0.0,0.0
0.0,0.0,1.3665004,0.0,0.0
9.5964575,15.428839,5.349719,5.8323812,60.776394
12.412856,8.60556,1.1581868,3.8072958,30.672197
8.0345745,11.509157,1.3014777,3.4745827,43.245384
10.145784,7.326316,1.331172,2.8194685,27.789555
9.481879,8.160196,1.3585562,1.3216829,13.939039
0.0,6.9036694,1.3337858,6.9036694,690367000.0
0.0,7.0358906,3.1386552,7.0358906,703589060.0
0.0,8.19448,1.0879179,8.19448,819448000.0
0.0,0.0,2.3154254,0.0,0.0
3.3931515,5.116973,1.3576925,1.7238214,50.80296
7.5981956,7.9507437,4.1281333,0.35254812,4.639893
10.710457,11.540011,1.3020352,0.82955456,7.7452774
29.894653,21.364176,1.8887407,8.530478,28.535128
0.0,0.0,2.080649,0.0,0.0
0.0,0.0,1.1376305,0.0,0.0
7.9518056,8.424471,4.0746055,0.4726653,5.9441257
0.0,5.0203133,1.317195,5.0203133,502031330.0
7.6722775,13.660359,1.6128734,5.988082,78.048294
1.0925795,2.3998647,1.6875933,1.3072852,119.65126
0.0,4.540069,1.0158346,4.540069,454006900.0
0.0,1.7240818,1.7707113,1.7240818,172408180.0
3.6350436,4.7972116,1.1863664,1.162168,31.971228
0.0,2.0601752,1.0093228,2.0601752,206017520.0
7.4319777,4.7606063,1.7115206,2.6713715,35.944286
0.0,0.0,1.1724772,0.0,0.0
0.0,12.944349,2.4400427,12.944349,1294435000.0
12.9528885,7.0062146,1.0211587,5.946674,45.91002
8.905553,5.952588,1.8925289,2.9529648,33.15869
0.0,0.0,1.202858,0.0,0.0
2.5926015,12.360779,1.3576672,9.768177,376.77124
5.359701,8.2043,1.1364512,2.8445988,53.07383
0.0,2.611282,1.3049887,2.611282,261128210.0
0.0,0.0,1.8669833,0.0,0.0
18.73069,12.1109295,4.152467,6.6197605,35.34179
15.368215,3.7584167,1.1387725,11.609798,75.54423
1.703133,1.8491786,1.5594987,0.14604557,8.575112
0.0,5.761694,1.2811824,5.761694,576169340.0
84.56725,87.8237,2.7712202,3.2564468,3.8507185
11.536451,22.521437,1.4090143,10.984985,95.219795
0.0,0.34770346,2.9167843,0.34770346,34770348.0
8.639735,9.246545,1.4314603,0.6068096,7.0234747
7.887868,4.958684,1.036473,2.929184,37.135307
2.4979286,6.8899946,1.28114,4.392066,175.82832
16.551023,15.486857,1.3151728,1.0641661,6.4296093
0.0,2.2603133,1.130291,2.2603133,226031330.0
7.2081094,8.690662,4.970023,1.482553,20.567848
20.939217,20.088346,1.5572374,0.85087013,4.0635242
9.229457,6.715852,1.2135274,2.513605,27.234592
53.463654,54.350876,3.5381236,0.8872223,1.6594869
0.0,1.669173,0.9545719,1.669173,166917300.0
0.0,1.2677758,1.3296365,1.2677758,126777580.0
17.001585,11.649652,1.2511173,5.3519335,31.479027
21.738132,14.912864,1.2242785,6.8252687,31.397676
9.301405,8.674173,1.0690601,0.6272316,6.7434072
6.016638,8.809763,1.7689083,2.7931252,46.42335
7.1289854,9.890256,2.5227168,2.7612705,38.73301
0.0,0.0,0.98665893,0.0,0.0
48.41926,33.43072,1.1680554,14.988537,30.955732
0.0,0.0,2.255182,0.0,0.0
22.164978,10.958562,1.2242068,11.206416,50.559113
5.332457,7.870472,2.9568775,2.538015,47.595596
24.984097,13.6679535,2.4701605,11.316143,45.293385
8.276871,13.2212105,2.2284288,4.9443398,59.736824
10.189252,6.5135736,4.8501277,3.6756783,36.074074
0.0,0.0,1.3107842,0.0,0.0
9.076304,11.954541,2.176783,2.8782368,31.711548
0.0,3.4520829,0.9960729,3.4520829,345208300.0
0.0,13.630089,1.3851362,13.630089,1363008900.0
1.7959752,4.8845644,1.137088,3.0885892,171.97282
0.0,0.0,3.0398033,0.0,0.0
0.0,2.0338895,1.8618805,2.0338895,203388940.0
5.703379,3.6564798,1.5667741,2.0468993,35.889236
3.864439,15.333052,1.4125633,11.468613,296.77304
2.9149003,7.5335503,4.370142,4.61865,158.44968
0.0,5.522812,5.112385,5.522812,552281200.0
0.0,0.0,1.1662725,0.0,0.0
118.28234,115.52757,1.79842,2.7547684,2.3289769
143.6711,135.85864,1.3708553,7.812454,5.4377356
6.3969183,5.7537246,1.9766012,0.6431937,10.054744
13.912405,15.93209,1.2335985,2.0196848,14.51715
0.0,3.7874994,1.341844,3.7874994,378749950.0
17.581625,13.436864,1.5633929,4.144761,23.57439
0.0,0.0,1.2186656,0.0,0.0
6.566144,5.3555117,1.2171167,1.2106323,18.437492
0.0,0.0,3.6671696,0.0,0.0
7.331322,10.927368,3.294666,3.596046,49.05044
16.508757,6.0754423,5.439401,10.433314,63.198666
12.172225,12.626599,2.4319675,0.4543743,3.732878
10.022052,11.083913,1.4317414,1.061861,10.595246
0.0,5.0861425,1.5952275,5.0861425,508614270.0
0.0,4.8619633,1.3541567,4.8619633,486196320.0
0.0,0.1842997,1.1845701,0.1842997,18429970.0
7.346038,9.632174,1.089141,2.2861357,31.120663
0.0,0.0,1.3596473,0.0,0.0
14.474044,13.940626,2.5529861,0.5334177,3.68534
6.661338e-14,5.5030866,1.6196884,5.5030866,550308700.0
9.455549,6.4227777,1.3009266,3.0327716,32.073986
0.0,2.6725307,1.3437374,2.6725307,267253060.0
1.6495639,5.243252,1.2869428,3.593688,217.85686
10.534334,9.809522,1.7670159,0.7248125,6.8804774
0.0,4.4018536,1.3179653,4.4018536,440185380.0
0.0,5.3072286,1.4719918,5.3072286,530722850.0
1.2235026,7.5378246,2.051853,6.314322,516.0857
11.051775,7.5546565,3.7069647,3.4971185,31.64305
2.433032,5.9412136,1.3347964,3.5081816,144.1897
22.525972,18.25571,1.2271503,4.270262,18.957058
8.350378,5.9577312,1.4658396,2.3926468,28.653156
0.0,0.0,1.3301377,0.0,0.0
4.2433376,5.563879,1.6432871,1.3205414,31.120346
12.947256,7.7850523,1.5796376,5.162204,39.87103
1.625203,7.6744223,0.9821619,6.049219,372.21317
19.568945,20.38363,5.381368,0.8146858,4.1631565
1.8029687,2.9813676,1.0366626,1.1783988,65.3588
17.43251,15.503107,2.121231,1.9294033,11.067846
11.208454,8.273179,1.2612336,2.935275,26.188046
0.0,4.8018236,1.1094259,4.8018236,480182370.0
0.0,1.3681943,1.4833295,1.3681943,136819420.0
0.0,2.0893114,1.3572654,2.0893114,208931140.0
4.004445,9.548947,1.2914486,5.5445023,138.45868
13.317113,6.5209074,1.3955035,6.7962055,51.033627
0.0,2.0046937,1.5179213,2.0046937,200469380.0
0.0,4.0982847,1.4359456,4.0982847,409828450.0
0.0,1.1272256,1.093157,1.1272256,112722570.0
24.970041,41.488876,1.700913,16.518835,66.15462
0.0,0.0,1.1560233,0.0,0.0
19.115686,8.155452,1.3323463,10.960235,57.336338
0.0,8.235819,1.6331625,8.235819,823581900.0
8.58603,8.798063,1.5760062,0.21203327,2.4695146
0.0,2.704936,1.5801592,2.704936,270493600.0
0.0,12.297046,1.360528,12.297046,1229704600.0
2.3560784,4.743383,1.3195612,2.3873045,101.32535
0.0,0.0,1.2122191,0.0,0.0
0.0,5.8245144,1.2497659,5.8245144,582451400.0
13.983098,8.980115,1.2315055,5.002983,35.77879
0.0,1.3429544,1.8220643,1.3429544,134295440.0
7.4700623,8.010011,1.414275,0.53994846,7.2281656
0.0,0.0,1.1614758,0.0,0.0
13.165298,3.5327601,1.4295509,9.632538,73.166115
0.0,3.832097,1.4422412,3.832097,383209730.0
4.051255,8.900857,1.195485,4.8496017,119.706154
21.420284,17.602789,1.2902251,3.8174953,17.82187
5.5194554,13.359276,1.2227944,7.8398204,142.03975
0.0,11.514836,1.4058126,11.514836,1151483600.0
0.0,2.1175823,0.99801743,2.1175823,211758240.0
8.554698,6.632833,3.887162,1.921865,22.465609
45.00874,69.75096,1.7390147,24.742222,54.97204
0.0,1.8087654,1.3166744,1.8087654,180876540.0
0.35915995,7.7478924,1.2156247,7.3887324,2057.226
129.59674,130.5979,1.7382326,1.0011597,0.7725192
5.1706057,6.8732705,1.4405487,1.7026649,32.9297
0.0,5.0400753,1.3437792,5.0400753,504007550.0
0.0,0.0,2.3989544,0.0,0.0
15.276162,5.597966,1.2312584,9.678196,63.35489
0.0,3.6566586,1.1849436,3.6566586,365665860.0
21.380718,14.214206,1.694884,7.1665125,33.518578
0.0,0.0,1.4658539,0.0,0.0
2.6176069,0.962636,1.9100416,1.6549709,63.224575
5.4490385,4.9006214,1.3050523,0.5484171,10.064474
13.047152,8.796135,1.2998726,4.2510166,32.58195
15.762627,15.290311,5.0090346,0.4723158,2.9964283
9.267892,4.6998177,0.97692883,4.568074,49.28925
2.8438652,3.3109043,2.5781267,0.4670391,16.422688
8.910806,7.7661333,2.5425425,1.1446724,12.845891
0.0,8.021991,1.2866952,8.021991,802199100.0
0.0,5.096467,1.1423129,5.096467,509646700.0
0.0,0.08685708,1.55224,0.08685708,8685708.0
21.767277,15.711191,1.4027042,6.0560856,27.821972
9.139403,8.727949,1.3249583,0.4114542,4.501981
7.123136,3.5165882,1.4234397,3.6065478,50.631462
0.0,4.4001307,1.3079159,4.4001307,440013060.0
12.341532,6.6344805,0.96376,5.7070513,46.24265
12.409676,9.062263,5.446037,3.347413,26.974218
173.2815,147.01997,1.1862402,26.26152,15.15541
8.7159815,14.284672,2.0517442,5.5686903,63.890568
13.886919,8.429697,1.3279672,5.457222,39.29757
21.734259,9.701585,1.2691257,12.032674,55.362705
24.342064,19.680262,1.7103138,4.6618023,19.15122
7.5067177,7.012763,1.6013626,0.49395466,6.5801682
0.0,7.9395113,1.790488,7.9395113,793951100.0
12.507694,13.589403,4.4838853,1.0817089,8.648348
0.0,0.0,1.6438185,0.0,0.0
5.9868507,6.638165,1.784791,0.65131426,10.879079
8.308161,13.089852,1.7498149,4.7816916,57.554153
0.0,1.527991,1.2643043,1.527991,152799100.0
0.0,6.572242,1.1714951,6.572242,657224200.0
8.426297,3.325356,1.0310513,5.100941,60.535976
5.9757566,4.86804,1.3723488,1.1077166,18.53684
34.71939,24.24859,4.5060835,10.4708,30.158365
11.416969,7.445943,1.062062,3.9710264,34.78179
0.0,0.0,1.946768,0.0,0.0
0.0,0.0,1.6214703,0.0,0.0
0.0,1.5600836,1.2584524,1.5600836,156008370.0
0.0,0.3503549,1.1196809,0.3503549,35035492.0
0.0,0.0,2.1253152,0.0,0.0
0.0,14.910997,4.774429,14.910997,1491099800.0
2.7851431,4.253802,1.0369403,1.4686587,52.731895
6.8832912,5.384267,1.2444435,1.4990244,21.777727
7.995503,8.488962,1.3556335,0.49345922,6.17171
0.0,4.6530256,1.6817604,4.6530256,465302560.0
0.0,6.747284,1.1568604,6.747284,674728400.0
4.2575035,1.0563972,1.680119,3.2011063,75.1874
0.0,4.255972,1.0620216,4.255972,425597200.0
0.0,8.93273,1.2913201,8.93273,893272960.0
0.0,0.0,1.371995,0.0,0.0
0.7296904,5.173093,1.4151986,4.4434023,608.94354
36.343822,38.5714,4.6485906,2.2275772,6.129177
0.0,10.278822,2.7541065,10.278822,1027882200.0
4.9798822,4.888436,1.0244603,0.0914464,1.8363165
6.1163235,6.849659,1.2165015,0.7333355,11.989809
34.566788,30.137415,1.7766279,4.429373,12.813955
2.1378458,9.027773,1.3052957,6.889927,322.28363
0.0,2.8968935,1.2735364,2.8968935,289689380.0
0.0,4.279249,1.060502,4.279249,427924930.0
14.918719,8.293766,1.0414894,6.6249533,44.406982
0.0,2.2021334,1.1247348,2.2021334,220213340.0
0.0,0.84740543,2.006802,0.84740543,84740536.0
75.82574,76.18296,2.3595328,0.3572235,0.47111115
0.0,0.0,1.9555358,0.0,0.0
4.1874623,8.024553,1.219591,3.837091,91.63285
127.554985,118.99488,4.1399508,8.560104,6.710913
0.0,7.8968086,1.3120975,7.8968086,789680830.0
15.159189,7.908781,1.292476,7.250408,47.828472
3.987695,7.4863834,2.2671003,3.4986885,87.737114
13.102086,6.835156,1.4101009,6.26693,47.831543
23.583395,18.189398,2.7027748,5.393997,22.872013
5.2915783,10.26407,1.1892456,4.9724913,93.96991
50.20562,20.842937,1.3081172,29.362682,58.48485
0.0,3.0646932,5.3568296,3.0646932,306469340.0
2.8574731,5.3659277,0.9734268,2.5084546,87.78577
0.0,0.0,2.358463,0.0,0.0
12.638782,6.1961117,1.3599573,6.44267,50.975403
8.715356,4.1008234,1.7528676,4.6145325,52.947147
2.6557393,8.051391,1.480773,5.3956513,203.16946
14.151261,10.215331,1.2853627,3.9359303,27.813282
6.121654,15.667334,1.3153257,9.545679,155.93301
13.63404,6.871066,1.3819923,6.762974,49.603592
4.7952394,5.756776,5.1518292,0.9615364,20.051895
0.0,0.0,1.3214765,0.0,0.0
7.644356,5.279706,1.146497,2.3646498,30.933277
0.0,1.4562936,1.0040071,1.4562936,145629360.0
0.0,0.0,2.536649,0.0,0.0
0.0,2.4327006,1.4221401,2.4327006,243270060.0
0.0,4.9063473,1.282888,4.9063473,490634750.0
11.4737425,6.881467,1.0327666,4.5922756,40.02422
19.770254,17.95596,3.8708034,1.8142948,9.176891
0.0,0.0,1.2308811,0.0,0.0
0.0,0.0,1.1990399,0.0,0.0
0.0,1.6131136,1.0993372,1.6131136,161311380.0
115.99773,131.37106,2.013159,15.373337,13.253137
0.0,5.146311,1.3692243,5.146311,514631100.0
176.79927,166.01855,1.2412529,10.780716,6.097715
9.474394,10.538288,1.7317393,1.0638943,11.229154
9.940109,8.017951,1.3737192,1.9221582,19.337395
0.0,0.0,1.2192532,0.0,0.0
0.0,0.0,1.2562453,0.0,0.0
0.0,16.700802,1.7084186,16.700802,1670080300.0
8.433207,6.8118076,1.2046374,1.6213989,19.226364
8.384073,5.466238,1.4355484,2.9178352,34.802116
4.9692426,5.422456,1.6509477,0.4532132,9.120368
0.0,6.2526474,1.0787398,6.2526474,625264800.0
0.0,2.4093328,0.9886905,2.4093328,240933280.0
6.3644547,6.315176,2.4603558,0.049278736,0.77428055
53.11606,58.3118,1.2040776,5.1957397,9.781862
0.0,0.6242864,1.6376323,0.6242864,62428644.0
57.688103,47.118664,1.418798,10.569439,18.321695
0.0,3.7145593,2.468451,3.7145593,371455940.0
8.375891,6.9924736,4.5470743,1.3834171,16.516657
11.02356,10.682689,1.2648096,0.34087086,3.0922031
0.0,9.353685,1.5587567,9.353685,935368500.0
4.705295,4.8293,1.5027816,0.12400484,2.6354318
0.0,6.622629,0.949932,6.622629,662262900.0
18.882467,16.543026,1.7735866,2.3394413,12.389489
9.725601,7.882387,1.7186991,1.843214,18.952187
85.61985,77.34266,4.1718717,8.277191,9.667374
1.1662637,6.7697954,1.7851131,5.603532,480.46872
50.915962,31.730618,1.5512623,19.185345,37.680412
0.0,0.0,1.5828359,0.0,0.0
0.0,0.0,2.1723485,0.0,0.0
12.086159,14.907886,1.5347737,2.8217268,23.346762
0.0,5.842922,1.3172487,5.842922,584292200.0
0.0,0.0,1.7007134,0.0,0.0
0.0,0.0,2.3106725,0.0,0.0
9.87026,5.085455,1.2401738,4.7848053,48.476994
19.477749,15.487194,2.341163,3.9905548,20.487762
5.7832294,3.7012515,1.9591583,2.0819778,36.000263
0.0,0.0,2.051106,0.0,0.0
0.0,0.0,1.2409141,0.0,0.0
8.834954,5.499571,1.9554577,3.3353834,37.75213
68.76641,55.552856,2.9685829,13.213554,19.21513
0.0,6.3770466,1.249121,6.3770466,637704640.0
0.0,3.1125414,1.3593415,3.1125414,311254140.0
0.0,1.1857114,1.3954017,1.1857114,118571140.0
116.22798,142.20949,2.8144925,25.981506,22.353916
10.197355,7.7547007,1.3894348,2.4426546,23.953804
0.0,0.631243,1.4106182,0.631243,63124300.0
0.0,2.9091408,1.2478675,2.9091408,290914080.0
0.0,6.025758,1.105104,6.025758,602575800.0
1.5645337,6.541606,1.7981209,4.9770722,318.11856
23.836882,18.538942,1.4270852,5.2979393,22.225807
10.108247,8.107305,1.2144073,2.0009422,19.795147
10.844486,7.4512777,1.7012326,3.3932085,31.289713
0.0,1.5614121,1.4283209,1.5614121,156141200.0
23.43287,19.596193,2.7573786,3.8366776,16.373058
13.354298,9.08301,1.4327542,4.271288,31.98437
12.7396345,7.9551783,1.2303518,4.7844563,37.55568
0.0,2.361649,1.9897237,2.361649,236164900.0
20.389734,5.5351067,1.3454821,14.854628,72.85346
6.109632,7.833727,1.0309385,1.7240949,28.219292
0.0,7.7775717,1.1937222,7.7775717,777757100.0
1.9082949,10.34225,1.257476,8.433955,441.96286
4.1750674,8.74129,1.3146157,4.5662227,109.368835
3.4544632,6.0041246,1.3775023,2.5496614,73.80775
0.0,3.3952205,1.2238033,3.3952205,339522080.0
8.956068,7.5523977,1.4849135,1.4036703,15.672841
126.77536,137.32095,1.6023794,10.545593,8.318331
3.7410526,2.6912827,2.3148084,1.0497699,28.060816
0.0,0.0,1.1564646,0.0,0.0
1.6241,2.4603775,1.9339677,0.8362775,51.49175
0.0,0.0,1.2927033,0.0,0.0
6.5571046,5.066403,0.95576704,1.4907017,22.734144
0.0,0.0,1.1651517,0.0,0.0
6.0734563,19.24188,1.8773383,13.168425,216.81927
0.0,5.601327,1.1274854,5.601327,560132700.0
37.179874,49.25817,1.6188704,12.078297,32.486115
0.0,0.0,2.9781113,0.0,0.0
7.5324206,7.8827534,1.5132568,0.35033274,4.6509976
0.0,4.656623,0.9822269,4.656623,465662300.0
20.65746,20.434238,4.526886,0.22322083,1.0805821
2.0467074,9.335354,1.5800167,7.2886467,356.11572
9.439345,7.229891,1.3416876,2.2094545,23.406862
4.9532194,5.0867796,2.6219883,0.13356018,2.6964316
0.0,6.621442,1.1501719,6.621442,662144200.0
1.5880113,6.924605,1.8365266,5.3365936,336.05515
0.0,0.38655782,1.475196,0.38655782,38655780.0
10.782272,6.884548,1.5699124,3.8977242,36.149376
0.0,6.6791315,1.1422535,6.6791315,667913150.0
0.0,1.6997707,1.3462949,1.6997707,169977070.0
8.535553,4.8393307,1.6373376,3.6962223,43.30384
0.42974576,4.9608116,1.513219,4.531066,1054.3596
11.576217,10.000829,1.3570784,1.575388,13.608832
0.0,0.0,1.6229348,0.0,0.0
0.0,9.3279295,1.3450505,9.3279295,932792960.0
7.488255,6.747444,1.6059417,0.7408109,9.89297
0.0,11.130512,1.6188504,11.130512,1113051300.0
0.0,0.0,1.3550572,0.0,0.0
0.0,0.6086457,1.0555364,0.6086457,60864570.0
14.47146,12.999351,1.3299298,1.4721098,10.172503
0.0,3.546274,3.3057587,3.546274,354627400.0
8.303548,5.265908,0.92452794,3.03764,36.582436
3.4516518,2.6877358,2.969465,0.763916,22.131897
25.79345,14.671581,1.5034599,11.121868,43.11896
18.279024,7.6860046,5.008854,10.5930195,57.951782
0.37817946,3.3725483,1.453551,2.9943688,791.78516
0.0,4.367957,1.4509538,4.367957,436795700.0
11.366204,8.816288,1.4480319,2.5499163,22.434193
16.605726,8.9102125,1.2660801,7.6955137,46.342533
107.86151,112.38426,1.8876882,4.522751,4.193109
0.0,2.8704598,1.42213,2.8704598,287045980.0
0.0,0.0,2.145016,0.0,0.0
8.554638,12.535209,4.825092,3.9805708,46.531143
0.44912106,7.5855722,1.3735186,7.1364512,1588.9817
13.752557,12.237601,4.4897203,1.5149555,11.015809
0.0,1.4228127,1.045765,1.4228127,142281260.0
8.195242,8.406057,1.177153,0.21081543,2.5724125
25.952595,23.314775,1.335315,2.6378193,10.16399
15.797247,17.089025,3.500647,1.2917786,8.177238
16.499596,18.334736,4.577175,1.8351402,11.1223345
0.0,2.6355755,2.1848469,2.6355755,263557550.0
0.0,0.8952725,1.282236,0.8952725,89527256.0
7.0656333,11.145202,4.4386497,4.0795684,57.738186
0.0,0.0,1.2617824,0.0,0.0
0.0,9.451019,1.3575456,9.451019,945101950.0
38.023834,49.806107,1.5238194,11.782272,30.986546
10.11512,6.3864136,1.3587955,3.7287064,36.8627
0.0,0.0,1.1672943,0.0,0.0
3.0364132,6.9995165,1.3183024,3.9631033,130.51924
7.1256757,5.8776073,1.5752109,1.2480683,17.515087
4.778363,4.9152555,1.7594748,0.13689232,2.864837
18.704512,15.677902,1.2273912,3.0266094,16.181173
15.957234,5.9922953,1.4398779,9.964939,62.44778
74.56734,71.50128,2.991848,3.0660553,4.111794
0.0,2.1595829,1.8662946,2.1595829,215958290.0
9.614719,6.0531864,1.7004577,3.561533,37.042503
14.8176365,8.820795,1.0425436,5.9968414,40.47097
2.6382422,6.209383,1.2088094,3.5711408,135.36061
0.0,1.4580085,1.2553749,1.4580085,145800860.0
30.520765,21.376677,2.3848758,9.144089,29.96022
0.0,3.1360946,1.1512808,3.1360946,313609470.0
0.0,1.4511073,1.1419036,1.4511073,145110740.0
6.4442058,5.3870554,3.8706377,1.0571504,16.404665
78.76233,77.020744,2.2729208,1.7415848,2.21119
22.367878,29.653692,1.4605237,7.2858143,32.572666
0.0,6.4119473,2.1378968,6.4119473,641194700.0
6.147794,6.8397245,1.0489701,0.6919308,11.254945
16.778225,13.883791,5.0813265,2.894434,17.251133
6.9728727,9.632577,2.3625298,2.6597042,38.143593
0.0,0.0,1.2188636,0.0,0.0
84.27788,79.09246,2.6805675,5.185417,6.1527624
0.0,5.251773,5.4593363,5.251773,525177300.0
0.0,1.6435926,1.3935544,1.6435926,164359250.0
0.0,3.508115,0.8808639,3.508115,350811500.0
2.4609861,5.7957554,3.3885543,3.3347692,135.5054
10.273578,8.801532,1.6336844,1.4720459,14.3284645
4.1392956,5.5951843,1.2731965,1.4558887,35.17238
0.0,0.0,1.4297364,0.0,0.0
23.956253,3.114801,1.3583266,20.841452,86.99796
4.752607,7.888605,1.1621202,3.1359982,65.9848
0.0,4.721198,0.9583827,4.721198,472119800.0
0.0,0.0,1.313,0.0,0.0
0.0,0.56963897,1.76876,0.56963897,56963896.0
0.0,3.2124662,1.4774292,3.2124662,321246620.0
7.68276,9.617341,5.2378907,1.9345813,25.180813
1.8412668,5.064501,1.4328879,3.2232342,175.05525
9.0195465,6.042839,1.1601449,2.9767075,33.00285
7.482583,5.0922923,1.0945956,2.3902907,31.944727
0.0,1.597003,0.9628492,1.597003,159700300.0
3.1663916,10.1406145,1.2181318,6.974223,220.25775
0.0,1.4647653,1.4201074,1.4647653,146476530.0
2.5520713,12.224961,1.7161603,9.67289,379.02112
9.571364,12.144859,4.2820253,2.573495,26.88744
89.3246,127.76529,1.3307886,38.44069,43.03483
0.0,6.2627916,1.4337995,6.2627916,626279200.0
0.0,0.0,1.7763397,0.0,0.0
0.0,0.0,3.3248277,0.0,0.0
0.0,5.111245,1.2933546,5.111245,511124500.0
47.67358,54.36676,3.5505943,6.69318,14.0396
0.0,9.5868,3.9091504,9.5868,958679940.0
0.0,0.10133147,2.0168614,0.10133147,10133147.0
0.0,1.934056,1.1360601,1.934056,193405620.0
8.322296,8.136892,1.1066105,0.18540382,2.2277966
10.741445,16.626123,1.3036332,5.884679,54.7848
16.039608,10.797638,1.1510745,5.24197,32.68141
0.0,8.154267,1.66122,8.154267,815426750.0
0.0,0.0,2.2236748,0.0,0.0
137.04622,140.9061,4.511401,3.8598785,2.8164794
0.0,6.0759754,1.4459499,6.0759754,607597500.0
0.03437626,4.632047,1.2785312,4.597671,13374.553
5.779844,3.0065446,1.1240401,2.7732992,47.982254
1.8049657,7.4221764,1.3540448,5.6172104,311.2087
6.3189297,6.5290823,1.4857103,0.21015263,3.325763
4.481639,13.696666,1.2435627,9.215027,205.61734
0.0,2.2687519,1.5909364,2.2687519,226875180.0
0.0,2.2511666,3.4456663,2.2511666,225116660.0
2.0838933,7.968528,1.4745274,5.8846345,282.38654
14.1504545,7.684959,1.0065353,6.4654956,45.691082
6.038376,10.570957,5.4235215,4.5325813,75.06292
2.8257196,6.8000364,1.1611136,3.9743168,140.64795
6.472364,11.346754,1.7952726,4.87439,75.31082
0.0,8.035029,1.1244838,8.035029,803502900.0
14.437199,15.34096,3.7678173,0.9037609,6.2599463
0.28935018,0.0,2.894293,0.28935018,100.0
0.0,1.6312435,1.1778576,1.6312435,163124350.0
0.0,4.692215,1.2333866,4.692215,469221500.0
10.078459,12.282029,2.1578653,2.2035704,21.86416
8.379741,8.488502,1.1213372,0.108760834,1.2979021
11.161175,10.34402,2.9055707,0.8171549,7.3214054
10.949261,9.169661,2.4357285,1.7796001,16.253155
10.743454,6.8883824,1.6960477,3.8550715,35.88298
0.0,3.0636263,1.5535169,3.0636263,306362660.0
0.0,4.2633133,2.1429389,4.2633133,426331330.0
0.0,0.0,4.4334106,0.0,0.0
13.593421,9.481799,1.3686922,4.111622,30.247145
0.0,0.19780278,1.3080705,0.19780278,19780278.0
30.270702,30.00842,1.4447622,0.26228142,0.86645305
7.292424,5.427061,1.139885,1.8653631,25.579466
0.0,5.2793117,1.3122698,5.2793117,527931170.0
1.9774468,4.7079835,1.000738,2.7305367,138.08395
11.935944,9.024648,1.1170647,2.911296,24.390999
0.0,3.1015294,1.0140116,3.1015294,310152930.0
0.0,10.7099,1.383407,10.7099,1070990000.0
6.2325106,7.4901714,1.4109887,1.2576609,20.17904
0.0,0.0,1.0758672,0.0,0.0
0.032135002,3.5497782,1.7403008,3.5176432,10946.454
8.31625,6.325883,1.4085547,1.9903669,23.933468
8.805291,5.4516163,1.4840173,3.353675,38.08704
10.929569,6.933425,3.8846834,3.9961443,36.56269
0.0,0.0,1.7732042,0.0,0.0
0.0,1.2580235,1.1488719,1.2580235,125802350.0
2.7329042,5.130472,1.4107467,2.397568,87.729675
7.4764605,4.8785205,1.3759791,2.59794,34.74826
7.022771,7.459795,3.8796828,0.43702412,6.2229586
0.0,0.8359313,1.1977404,0.8359313,83593140.0
2.4631789,7.104354,1.3510249,4.6411753,188.42218
0.0,1.1410363,1.0040641,1.1410363,114103630.0
0.0,1.0090995,1.2854717,1.0090995,100909950.0
0.0,5.8366437,1.6567199,5.8366437,583664400.0
2.734186,3.3038552,2.238974,0.56966925,20.83506
13.3277855,13.959972,1.4505739,0.6321869,4.7433753
5.0079017,7.097352,5.2294345,2.0894504,41.723072
0.0,0.8481233,1.8896216,0.8481233,84812340.0
0.0,4.499689,1.2741736,4.499689,449968900.0
20.697876,12.722998,1.1574842,7.9748783,38.529938
42.36323,34.491673,1.9816998,7.871559,18.58111
0.0,6.8187895,1.0608752,6.8187895,681879000.0
0.0,0.65316796,2.792572,0.65316796,65316796.0
0.12263065,1.4579091,1.8630751,1.3352785,1088.8619
179.8791,156.19081,1.1658841,23.688293,13.169008
0.0,6.6414537,1.3388954,6.6414537,664145400.0
0.0,0.0,2.6181567,0.0,0.0
0.0,1.4084938,1.3081901,1.4084938,140849380.0
5.7461953,5.0513325,3.8204048,0.69486284,12.092572
0.0,6.1443605,1.0301435,6.1443605,614436030.0
0.0,0.0,1.1729026,0.0,0.0
0.0,3.0593727,1.2967693,3.0593727,305937250.0
14.6386595,9.407441,1.4836168,5.2312183,35.735638
0.0,0.0,1.1619183,0.0,0.0
9.128865,6.2616954,1.6718112,2.8671699,31.407736
20.317942,17.496143,1.2090887,2.8217983,13.88821
8.648973,9.172799,1.2605529,0.52382565,6.0565066
12.3218,8.054822,1.0377108,4.2669783,34.6295
4.673085,5.1337533,0.98192686,0.4606681,9.857901
0.0,2.1157677,0.9665406,2.1157677,211576770.0
7.655503,7.285841,1.1841264,0.3696618,4.8287067
8.8983755,4.8926544,1.9403514,4.005721,45.01632
0.0,5.7120643,1.246257,5.7120643,571206400.0
5.9998093,4.7346087,1.3472239,1.2652006,21.087347
0.0,1.3804429,1.2246064,1.3804429,138044290.0
0.0,0.0,1.6705986,0.0,0.0
189.16238,164.76828,1.3136396,24.394104,12.895854
0.0,0.0,2.8585243,0.0,0.0
3.471638,7.8580914,1.6913636,4.3864536,126.35112
31.204807,11.841656,1.2317997,19.363152,62.051823
20.491526,12.189127,1.1430973,8.302399,40.516254
0.0,0.0,1.2354941,0.0,0.0
0.0,3.8787313,1.571403,3.8787313,387873150.0
3.1376157,8.700368,2.3355374,5.5627522,177.29233
10.040988,9.247552,1.2161808,0.79343605,7.901972
0.0,0.0,3.0244887,0.0,0.0
0.0,1.745981,1.1867571,1.745981,174598100.0
21.674326,23.987377,4.0973034,2.3130512,10.671848
7.425841,10.220531,1.0726829,2.7946906,37.634666
0.0,3.9931588,1.425119,3.9931588,399315900.0
0.0,3.1763713,1.122749,3.1763713,317637150.0
0.0,4.680495,1.0893888,4.680495,468049470.0
8.768844,12.035107,1.9746163,3.266263,37.248505
11.277671,7.262796,1.1502283,4.014875,35.600212
8.104909,4.825413,1.8878947,3.2794957,40.46308
7.831114,7.0834603,5.0526304,0.7476535,9.547218
9.804521,5.1881413,0.95880854,4.6163793,47.084194
0.0,3.3404014,1.189919,3.3404014,334040130.0
24.70704,8.605649,1.7943417,16.10139,65.169235
5.3666415,5.2901344,1.4636142,0.07650709,1.4256047
119.415436,119.717674,1.542216,0.30223846,0.2530983
0.0,0.1201036,1.9667301,0.1201036,12010360.0
32.527004,16.728743,1.2179064,15.798262,48.56968
5.843205,5.626485,1.4152114,0.2167201,3.7089252
0.0,2.6439736,1.2329922,2.6439736,264397380.0
0.0,2.5375288,1.1963159,2.5375288,253752860.0
10.824676,7.1718855,4.0123816,3.65279,33.74503
0.0,1.8166568,1.1575336,1.8166568,181665680.0
0.0,0.0,1.2329884,0.0,0.0
0.0,3.3245213,1.1489375,3.3245213,332452130.0
0.0,5.680585,1.0677747,5.680585,568058500.0
0.0,1.5777004,2.853315,1.5777004,157770030.0
7.289535,7.0182004,1.2561822,0.27133465,3.722249
0.3381425,1.8842094,1.8612165,1.5460669,457.22345
9.547394,6.4145327,1.0520422,3.1328611,32.81378
7.3482885,11.080284,2.275281,3.7319956,50.787277
0.0,0.0,1.2147151,0.0,0.0
0.0,0.5195565,4.995555,0.5195565,51955652.0
1.8269342,9.626755,1.4349663,7.7998204,426.93494
9.476671,5.6349006,1.1751267,3.8417706,40.53924
0.0,4.8933353,1.0317291,4.8933353,489333540.0
0.0,9.548842,5.33056,9.548842,954884200.0
0.0,0.03041315,1.1299535,0.03041315,3041315.0
0.0,0.0,1.1417158,0.0,0.0
0.0,2.8489556,1.1156193,2.8489556,284895580.0
1.5507735,10.662649,1.2171246,9.111876,587.5697
10.661518,7.639122,1.3075323,3.022396,28.348648
2.3356745,1.7081847,1.2409986,0.6274898,26.865465
4.9241896,5.386964,1.1235862,0.46277428,9.397979
0.0,1.5462713,1.4318866,1.5462713,154627140.0
11.235489,9.808003,1.779528,1.4274855,12.705148
98.87605,89.2037,2.650087,9.672356,9.782304
2.184783,3.815136,1.5234201,1.630353,74.62311
0.0,4.872451,1.0258576,4.872451,487245100.0
7.1742144,12.908262,1.5731857,5.734048,79.9258
12.512421,15.548632,2.8756647,3.036211,24.265575
0.0,0.0,1.741431,0.0,0.0
0.0,0.7349584,1.4036041,0.7349584,73495840.0
0.0,2.071646,1.3568394,2.071646,207164590.0
161.09865,161.22372,1.3073959,0.1250763,0.077639565
24.645555,21.963171,1.5225322,2.6823845,10.883847
6.7520375,10.149104,5.076333,3.3970666,50.311726
6.512306,4.4277844,1.6050228,2.0845218,32.008965
4.183456,15.831739,1.478846,11.648283,278.43683
3.4528234,7.9890537,2.7225962,4.53623,131.37741
0.0,0.0,1.519303,0.0,0.0
19.046635,17.317175,1.4233674,1.7294598,9.080133
33.661873,25.26437,1.7159075,8.397503,24.94663
0.0,0.0,1.0866891,0.0,0.0
0.0,7.147993,2.1738913,7.147993,714799300.0
12.984004,11.486874,3.0395858,1.4971304,11.530576
24.074,20.242868,2.9521053,3.831131,15.913978
0.0,1.291127,1.0584966,1.291127,129112700.0
4.6680913,9.985153,1.5177737,5.317062,113.90227
13.443696,9.843243,1.2976228,3.6004534,26.781723
11.443455,8.375936,1.5211767,3.0675192,26.805883
0.0,2.5154953,1.056341,2.5154953,251549540.0
5.873384,3.483797,1.4433714,2.389587,40.685013
18.474907,12.594223,1.3006722,5.880684,31.830654
12.03873,11.14615,1.712163,0.89258003,7.4142375
10.744237,8.893027,3.163842,1.8512096,17.229792
0.0,1.0027163,1.0720257,1.0027163,100271630.0
0.0,2.9045975,1.1861976,2.9045975,290459740.0
53.127296,61.663372,4.5105343,8.536076,16.067213
13.622944,8.66457,1.2098992,4.958374,36.39723
12.734478,11.5758505,1.4173554,1.1586275,9.098351
38.81805,32.821194,1.341303,5.9968567,15.448629
0.0,0.0,1.6475673,0.0,0.0
17.29619,14.700028,3.973915,2.5961618,15.010021
0.0,0.8334513,1.6737274,0.8334513,83345120.0
0.0,0.0,1.8195151,0.0,0.0
35.1399,17.105978,1.1900945,18.033922,51.32036
6.371403,6.837287,2.0219417,0.46588373,7.312105
0.0,2.9532356,1.1149343,2.9532356,295323550.0
8.287307,6.1332264,2.7620854,2.1540804,25.992525
0.0,0.0,1.1307786,0.0,0.0
0.0,0.0,1.2551287,0.0,0.0
0.0,0.0,1.4500346,0.0,0.0
0.0,0.0,1.5721797,0.0,0.0
5.6012917,5.4809523,1.1170195,0.12033939,2.1484222
0.0,0.0,1.3083643,0.0,0.0
0.0,6.797165,1.2376536,6.797165,679716500.0
11.780498,13.826388,1.4203652,2.0458908,17.36676
55.434578,22.969248,1.2997121,32.465332,58.56513
10.647651,6.612776,4.46144,4.034875,37.89451
8.740708,13.905068,2.7664392,5.16436,59.084003
0.0,0.0,1.2286159,0.0,0.0
0.0,11.906194,1.1950151,11.906194,1190619400.0
0.0,3.196033,1.4105499,3.196033,319603300.0
0.0,8.162531,1.2008425,8.162531,816253100.0
0.51923704,3.554296,1.0028162,3.035059,584.5228
1.8481396,7.29525,2.3903542,5.44711,294.73477
0.0,2.3408935,1.2461252,2.3408935,234089360.0
7.1701665,8.187031,1.5309094,1.0168643,14.181879
9.136259,9.283207,1.2348517,0.14694786,1.608403
0.0,2.3739374,1.6889157,2.3739374,237393740.0
1.2861845,2.3928292,1.893134,1.1066446,86.040886
9.497696,10.573963,1.3377646,1.0762672,11.331878
6.3791723,4.0572543,2.5807881,2.321918,36.398422
0.0,3.3205254,1.1901209,3.3205254,332052540.0
0.0,0.0,2.1648655,0.0,0.0
10.796553,6.2617116,1.1600848,4.534841,42.002674
10.343608,5.5221863,1.0709816,4.8214216,46.61257
53.753887,42.131706,1.7837621,11.622181,21.6211
0.0,1.1002564,0.98187923,1.1002564,110025640.0
0.0,2.5308015,1.3490533,2.5308015,253080160.0
14.400185,6.1903152,1.2792076,8.209869,57.01225
1.8658029,5.7915006,1.4738889,3.9256978,210.4026
26.600595,9.388965,1.6170774,17.211632,64.70393
4.2826605,1.9779365,1.7306529,2.304724,53.81524
2.186075,10.217969,2.8641434,8.031894,367.41165
2.1328561,4.071189,2.7233117,1.9383328,90.87968
0.0,5.451811,1.2235546,5.451811,545181100.0
10.16062,7.814888,1.4692045,2.3457317,23.086504
4.440892e-14,4.355852,1.2751156,4.355852,435585200.0
0.0,2.3257196,1.1654733,2.3257196,232571970.0
0.0,0.0,1.8449167,0.0,0.0
22.743408,14.5940075,1.2282525,8.149401,35.831924
11.753564,13.185284,1.2602109,1.4317198,12.181155
2.7140813,8.698535,1.3854377,5.9844537,220.49648
0.0,1.9884136,1.8701986,1.9884136,198841360.0
0.0,0.0,1.3951064,0.0,0.0
175.32582,138.17628,1.8107909,37.149536,21.188856
0.0,2.2603707,0.97990656,2.2603707,226037070.0
4.948398,10.845234,1.5142395,5.896836,119.166565
2.8086672,4.200423,4.8541517,1.3917556,49.55217
18.998602,11.503126,5.4360423,7.495476,39.452778
0.0,0.0,1.7609527,0.0,0.0
0.0,1.9170644,4.044439,1.9170644,191706430.0
0.0,1.0955427,1.3110658,1.0955427,109554270.0
25.339859,25.918055,2.652623,0.5781956,2.281763
1.5816749,8.049795,1.4109846,6.46812,408.9412
37.738827,24.328558,1.4229949,13.410269,35.53441
0.0,8.275715,4.999692,8.275715,827571460.0
7.4691143,10.013028,1.3182958,2.5439138,34.05911
0.0,4.221883,1.2210352,4.221883,422188300.0
0.0,0.0,1.0638716,0.0,0.0
0.0,7.6288548,3.0789242,7.6288548,762885500.0
0.0,6.2889805,1.2286462,6.2889805,628898050.0
8.676057,1.9723995,2.1048918,6.703657,77.266174
13.279421,14.690144,2.119883,1.4107227,10.623375
97.14156,101.336876,3.4172173,4.1953125,4.3187613
15.230212,14.741947,1.5174633,0.48826504,3.2058978
22.440126,21.255346,1.6724432,1.1847801,5.279739
134.27586,152.3517,4.1444345,18.075836,13.461717
8.723596,7.2177362,1.1798437,1.5058594,17.261911
13.263247,14.820558,5.0735693,1.557311,11.741552
8.738874,7.2401037,1.369961,1.4987707,17.150616
10.375941,9.334601,1.4605348,1.0413399,10.0361
0.0,3.9785142,1.1695331,3.9785142,397851420.0
11.064348,18.407055,4.190577,7.3427067,66.36366
7.934701,10.855799,2.1487217,2.9210978,36.814213
7.3528914,6.320222,1.3280396,1.0326695,14.0444
0.0,5.7475014,1.1606766,5.7475014,574750140.0
0.0,3.4166486,1.3246149,3.4166486,341664860.0
171.73184,158.68237,1.3919426,13.049469,7.5987473
27.53221,26.567043,1.4893876,0.9651661,3.505589
19.269133,19.65507,1.5642637,0.38593674,2.0028756
7.8811064,7.9790344,4.9278483,0.09792805,1.2425673
6.777715,16.434677,1.2934748,9.656961,142.48108
6.5074134,4.7908244,1.5606613,1.716589,26.378977
7.087842,13.835691,4.2483344,6.7478495,95.20316
0.0,7.3497505,1.2267741,7.3497505,734975040.0
4.922277,3.6532369,1.0856663,1.2690401,25.781565
14.923136,7.494607,0.9652284,7.428529,49.778606
13.125278,12.336505,2.8208556,0.78877354,6.0095754
10.858011,10.421768,2.5748112,0.43624306,4.017707
0.0,0.0,1.2819861,0.0,0.0
0.0,0.0,1.6346538,0.0,0.0
0.0,0.0,1.8577275,0.0,0.0
3.7839198,5.5729866,1.1265199,1.7890668,47.28078
9.11058,7.059021,1.3419242,2.0515594,22.518427
54.257927,20.953157,1.1634415,33.30477,61.382313
5.6515493,6.564657,2.743577,0.9131079,16.15677
17.625647,13.136684,1.1870536,4.488962,25.468353
4.895344,4.8371134,3.7249143,0.0582304,1.1895058
3.597713,11.539347,2.03839,7.9416337,220.74118
0.0,1.271323,1.2039857,1.271323,127132296.0
0.0,2.7145758,1.1835988,2.7145758,271457570.0
13.636192,11.88951,1.3051078,1.7466822,12.809163
0.0,2.4218874,1.038532,2.4218874,242188740.0
7.7942753,8.733754,1.1544622,0.9394789,12.053448
7.3637643,11.323866,4.1456294,3.9601016,53.778225
185.01225,169.78993,1.601543,15.222321,8.227736
7.0940557,5.146437,1.4166971,1.9476185,27.454231
107.942825,116.42191,2.375248,8.479088,7.855166
10.3219185,9.579989,3.4568033,0.74192905,7.1878986
0.0,3.4515076,1.3253994,3.4515076,345150750.0
7.236581,5.5157847,1.1057208,1.7207961,23.77913
35.109535,29.380457,1.5579225,5.7290783,16.317728
0.0,7.230771,1.1290221,7.230771,723077100.0
0.0,0.0,1.0655977,0.0,0.0
13.818427,20.834513,1.442132,7.0160856,50.773403
7.8893223,3.4268613,1.0925357,4.462461,56.563297
4.7771153,6.0709715,1.2524079,1.2938561,27.084467
0.0,0.869416,2.205537,0.869416,86941600.0
4.936251,5.450302,1.3845778,0.51405096,10.413793
0.0,0.0,1.170899,0.0,0.0
1.9239584,4.9307966,1.3316677,3.0068383,156.28397
12.840841,11.273053,2.2899008,1.5677881,12.209388
6.645069,8.90975,1.3097886,2.2646809,34.08062
0.0,2.4182863,1.1129104,2.4182863,241828620.0
8.5820265,7.7444086,2.1802957,0.8376179,9.76014
0.0,0.040372133,1.4410061,0.040372133,4037213.2
11.174229,15.638755,3.6064773,4.464526,39.953773
0.0,5.1851916,1.2196943,5.1851916,518519170.0
7.95412,10.574497,1.6400892,2.620377,32.943645
0.0,0.0,1.3442937,0.0,0.0
11.919253,9.62889,1.2468452,2.2903633,19.21566
14.625274,7.56351,1.2453827,7.061764,48.28466
0.0,0.0,1.0430961,0.0,0.0
0.0,3.339232,1.2070457,3.339232,333923200.0
0.0,0.0,1.1646475,0.0,0.0
0.0,3.7104557,1.4376097,3.7104557,371045570.0
0.0,0.0,1.1955345,0.0,0.0
0.0,1.6533282,1.5991522,1.6533282,165332830.0
0.0,2.1244164,1.2418168,2.1244164,212441630.0
12.36286,10.592924,1.5269979,1.7699356,14.316555
9.151334,5.1208754,1.1123695,4.0304585,44.042305
12.481114,10.593972,1.4285085,1.8871422,15.119982
16.185083,12.724819,1.350121,3.4602642,21.379341
25.12839,24.967031,4.4614806,0.16135788,0.6421338
8.153109,5.655602,1.0861791,2.4975066,30.632568
9.980207,11.799697,3.215199,1.8194895,18.230978
0.0,0.0,1.8288809,0.0,0.0
12.93108,6.933959,1.465681,5.997121,46.37757
37.188084,32.726395,4.06931,4.461689,11.99763
1.3697448,0.96290874,1.8286905,0.40683603,29.701593
0.37267792,0.46780896,1.9971695,0.09513104,25.52634
0.0,0.0,1.3105346,0.0,0.0
13.867497,8.2265005,5.3442273,5.640997,40.677826
5.5199437,3.7834635,1.1099578,1.7364802,31.458296
0.0,0.5974927,0.916891,0.5974927,59749268.0
6.3026505,10.546861,1.9826274,4.2442102,67.34009
0.0,0.0,1.312272,0.0,0.0
4.469087,5.2464266,2.2055993,0.77733946,17.393698
9.145917,9.934447,2.0905173,0.78853035,8.621665
9.889521,11.066677,2.484114,1.1771564,11.903069
0.0,7.031047,1.1823685,7.031047,703104700.0
9.815872,9.297963,1.404115,0.51790905,5.276241
114.0625,129.43875,2.264233,15.376251,13.480549
12.19803,12.106607,2.0143647,0.091423035,0.74949014
0.0,4.0326757,4.31459,4.0326757,403267600.0
9.811415,7.9542418,5.4101415,1.857173,18.928698
7.297596,6.803912,1.3862202,0.49368382,6.76502
0.0,2.0511634,1.815492,2.0511634,205116350.0
2.5524378,7.384794,1.2571907,4.8323565,189.32318
8.165637,6.840103,2.6290548,1.3255339,16.233074
54.035202,38.766026,1.6018485,15.2691765,28.257832
0.0,3.336428,1.1132017,3.336428,333642780.0
19.118242,15.335929,1.3498356,3.7823133,19.783792
0.0,0.0,1.3545215,0.0,0.0
6.394284,4.6431975,0.9353024,1.7510862,27.385183
11.099515,14.119576,3.0044532,3.0200615,27.208952
7.7536798,5.0911036,1.2701495,2.6625762,34.33952
0.0,2.489853,1.1539111,2.489853,248985300.0
0.0,0.45061374,1.2008989,0.45061374,45061376.0
14.859698,8.077986,1.5513612,6.7817125,45.638294
0.0,8.440757,1.1921234,8.440757,844075700.0
10.400241,11.90214,3.4400995,1.5018988,14.441
15.5017605,8.88122,1.3920714,6.6205406,42.708317
11.476065,14.51646,1.5601051,3.0403957,26.493366
3.8219626,10.303541,1.2118524,6.481579,169.5877
0.0,2.7042391,1.1515906,2.7042391,270423940.0
29.229847,21.961819,1.2430933,7.2680283,24.865093
5.2435904,5.331649,1.202264,0.08805847,1.6793545
0.0,0.9785483,1.1344018,0.9785483,97854830.0
7.4853377,11.13925,1.2526554,3.653912,48.81426
4.040992,4.449518,2.7745652,0.40852642,10.109558
0.0,1.8883512,0.9990346,1.8883512,188835120.0
10.739482,8.84342,4.6242127,1.8960619,17.65506
0.0,0.0,1.8028239,0.0,0.0
146.74352,144.87988,1.3397834,1.8636322,1.2699928
10.057406,7.5422077,1.5708251,2.5151987,25.008423
2.3681097,5.5024557,1.574325,3.134346,132.35646
11.334841,11.352397,2.297619,0.01755619,0.15488696
0.0,0.0,1.1435394,0.0,0.0
1.4699254,0.0,2.956957,1.4699254,100.0
33.43169,24.822023,2.0454848,8.609667,25.75301
0.0,0.0,1.0490365,0.0,0.0
5.6419535,5.1821575,1.1325415,0.45979595,8.149588
0.84094554,3.2198362,1.3368546,2.3788908,282.88284
0.0,0.8985889,4.2126927,0.8985889,89858890.0
0.0,0.0,1.2879658,0.0,0.0
6.485505,4.0050516,1.528833,2.4804535,38.246113
11.092166,6.761197,1.4309951,4.330969,39.045296
1.0396523,12.561074,5.446689,11.521421,1108.1993
0.0,10.708074,5.386406,10.708074,1070807360.0
0.0,3.1706893,1.3514667,3.1706893,317068930.0
3.813008,6.150453,1.5006466,2.337445,61.301865
5.327621,6.3806367,4.875977,1.0530157,19.765215
0.0,1.0955884,1.1574612,1.0955884,109558850.0
9.785696,11.755075,1.7449504,1.9693794,20.125082
2.9303641,5.336462,1.2354964,2.406098,82.10918
9.665831,10.6135435,5.432491,0.9477129,9.804774
0.0,0.0,1.1997492,0.0,0.0
0.0,3.4854124,1.354504,3.4854124,348541220.0
0.0,0.0,1.4463034,0.0,0.0
21.603382,16.169277,2.6595976,5.434105,25.153955
0.0,3.8986592,1.0989207,3.8986592,389865950.0
0.0,6.805561,1.4247711,6.805561,680556100.0
15.199949,13.668913,1.1863978,1.5310364,10.072641
1.8103101,4.4249983,2.1437244,2.6146882,144.43317
10.53492,7.934675,1.2262555,2.6002445,24.682148
11.753216,8.628718,1.2096438,3.1244974,26.584192
0.0,1.6177278,1.1309936,1.6177278,161772780.0
11.728618,11.08717,5.4500604,0.641448,5.4690847
11.179694,10.739804,1.3596655,0.4398899,3.9347222
40.13029,17.164003,1.4578513,22.966288,57.229305
9.139635,15.345222,1.9487771,6.2055874,67.89754
0.0,0.8330872,1.1824169,0.8330872,83308720.0
96.1472,93.40215,2.5677004,2.7450485,2.8550477
13.706757,18.929617,1.9206167,5.2228603,38.104275
12.412334,13.760382,1.5782448,1.3480473,10.860545
0.0,0.0,1.445122,0.0,0.0
28.269073,11.810536,1.374051,16.458538,58.221
0.0,4.1460695,1.3960541,4.1460695,414606980.0
21.286829,13.846702,1.9905719,7.4401274,34.95179
1.1484944,0.0,2.5569432,1.1484944,100.0
10.215162,8.296462,1.6413726,1.9187002,18.782866
18.636436,13.952368,1.7318494,4.6840687,25.133928
0.8008682,7.149204,2.3432813,6.3483357,792.6817
0.0,1.0976963,1.3268514,1.0976963,109769630.0
12.890732,11.322417,1.1976703,1.5683146,12.166218
12.703756,12.151083,4.4667015,0.55267334,4.350472
0.0,0.0,1.1817167,0.0,0.0
11.129418,7.154071,1.4125687,3.9753475,35.719276
0.0,0.4624369,1.2667271,0.4624369,46243692.0
0.0,5.414114,2.5007293,5.414114,541411400.0
52.14992,11.51726,1.3836352,40.63266,77.91509
1.3258876,7.4217234,1.6269293,6.0958357,459.7551
0.0,0.0,1.9135842,0.0,0.0
9.241979,10.358723,5.3965297,1.116744,12.083387
0.0,5.8962765,1.4188336,5.8962765,589627650.0
57.739468,52.56469,1.5972223,5.174778,8.962289
2.7603823e-05,4.815645,1.5445664,4.8156176,17445474.0
20.53458,16.486374,1.312003,4.0482063,19.714092
94.45596,93.54106,2.2098737,0.91490173,0.96860135
38.010033,34.112858,1.6029911,3.8971748,10.2530155
0.0,1.5904939,1.510482,1.5904939,159049390.0
0.0,3.8597496,1.5153936,3.8597496,385974940.0
1.4079059,5.9803505,1.2242053,4.5724444,324.76917
14.41872,12.082979,5.374134,2.335741,16.199364
0.0,0.2617278,3.5969946,0.2617278,26172782.0
0.0,4.5655737,1.4312503,4.5655737,456557380.0
0.0,2.459363,1.0544254,2.459363,245936290.0
15.918229,9.455622,1.1626232,6.4626074,40.598785
0.0,9.105213,1.4146607,9.105213,910521300.0
33.345715,30.166864,1.558444,3.1788502,9.53301
4.384381,7.7066617,1.0199654,3.322281,75.775375
0.0,3.4729598,1.2554266,3.4729598,347296000.0
0.0,7.441927,1.3608342,7.441927,744192700.0
7.9548273,7.097021,1.1594805,0.8578062,10.783468
13.19509,7.5512314,5.4625783,5.643859,42.772415
29.289845,20.148806,1.109174,9.141039,31.208902
7.2571654,8.516553,1.2435151,1.2593875,17.35371
12.367626,6.8447275,1.3539032,5.5228987,44.656094
32.462387,18.823956,1.5609143,13.638432,42.013027
2.001287,5.5909414,0.95784324,3.5896544,179.36731
112.89811,131.93465,2.9215534,19.036537,16.861696
9.548592,7.063713,1.0896435,2.4848785,26.023508
30.006115,17.39243,1.266657,12.613686,42.03705
0.0,0.0,1.0756686,0.0,0.0
5.4172006,9.147168,1.3855486,3.7299676,68.85416
3.2267985,1.8364,1.237074,1.3903985,43.089104
2.6751711,4.076481,1.0308775,1.4013097,52.382057
0.0,4.580355,1.0820993,4.580355,458035520.0
0.0,8.433979,5.0914617,8.433979,843397900.0
4.0489106,10.671862,1.2476121,6.622951,163.57365
32.50121,29.442057,3.9655828,3.0591526,9.412427
8.188524,6.287842,1.6757348,1.9006824,23.211538
0.0,0.0,1.5963318,0.0,0.0
9.097603,10.318328,1.4440062,1.220725,13.418097
17.069918,18.912409,1.6424813,1.8424911,10.793791
7.2607985,5.774784,1.6772058,1.4860144,20.466267
0.0,0.18227267,1.6147568,0.18227267,18227268.0
15.997429,6.3624063,1.0033354,9.635023,60.228573
0.0,4.904514,1.2920599,4.904514,490451400.0
11.504853,8.014876,1.7327275,3.489977,30.334822
0.0,2.354986,3.053392,2.354986,235498600.0
3.6249542,5.476764,1.0031766,1.85181,51.08506
0.0,1.8410985,1.0978162,1.8410985,184109860.0
9.014901,11.493166,1.2633535,2.4782648,27.490759
0.0,2.2568789,1.4444942,2.2568789,225687890.0
3.3951936,21.234522,1.43184,17.839329,525.4289
20.169416,20.687862,1.3288739,0.51844597,2.570456
5.4571624,7.3555264,1.6110198,1.8983641,34.78665
8.342503,9.110289,5.2979784,0.767786,9.203306
5.0567617,4.8802304,1.2131581,0.17653131,3.4909954
0.0,5.9455967,1.422657,5.9455967,594559700.0
4.2535167,8.512345,1.4751456,4.2588286,100.124886
6.6724467,5.8487883,1.4483006,0.82365847,12.344174
2.9080856,4.707752,3.0636714,1.7996666,61.884926
26.113354,24.30616,1.2419035,1.8071938,6.920573
28.08601,6.4610605,1.1532993,21.62495,76.99545
9.3314295,6.181055,2.6137803,3.1503744,33.7609
40.842693,23.641342,2.2948394,17.201351,42.116104
5.774251,7.073435,2.436495,1.2991838,22.499607
8.729789,4.401193,1.6760284,4.3285956,49.584194
0.0,6.2862377,1.303955,6.2862377,628623800.0
0.0,4.6815386,1.297245,4.6815386,468153860.0
0.0,0.27291322,1.2232826,0.27291322,27291320.0
19.78866,10.185556,1.0845202,9.603104,48.528316
0.0,0.0,1.1554548,0.0,0.0
9.76805,7.3733377,1.376011,2.3947124,24.515768
0.0,0.338269,3.0780466,0.338269,33826900.0
0.0,4.2087255,1.0114417,4.2087255,420872540.0
0.0,0.0,1.1555175,0.0,0.0
11.330624,7.250742,1.1165677,4.0798817,36.007565
3.8371756,4.379989,1.023131,0.54281354,14.1461735
9.7884035,9.014644,5.09259,0.77375984,7.9048624
0.0,10.072519,1.4107554,10.072519,1007252000.0
7.290218,11.665332,5.4400573,4.375114,60.013485
0.0,0.587168,1.3026233,0.587168,58716796.0
10.693273,9.386791,1.7218757,1.3064814,12.217788
103.16147,103.55641,3.6255977,0.39494324,0.3828399
7.611053,4.625621,0.96019304,2.9854321,39.224957
0.0,1.9057593,1.5709441,1.9057593,190575940.0
0.0,0.0,1.6392777,0.0,0.0
20.4845,6.5025797,3.0865571,13.981921,68.2561
6.6297746,8.784698,2.5472229,2.154923,32.503716
0.0,2.4687169,1.2896817,2.4687169,246871700.0
0.0,0.0,2.7651544,0.0,0.0
7.7574,6.075362,1.4459361,1.6820378,21.68301
0.0,0.7204349,1.5070832,0.7204349,72043490.0
0.0,2.9128642,1.2169263,2.9128642,291286400.0
39.699177,10.163327,1.1004721,29.53585,74.39915
0.0,7.139847,1.065219,7.139847,713984700.0
0.0,1.1758597,1.1830748,1.1758597,117585970.0
40.694332,29.055908,1.1445915,11.638424,28.599619
9.68367,10.244164,1.3078088,0.5604944,5.7880373
29.173777,13.172539,1.6194682,16.001238,54.848015
118.7802,105.10161,4.509649,13.678589,11.515883
5.2607546,7.899189,1.4178902,2.6384344,50.153156
6.359753,4.333947,0.90075403,2.025806,31.85353
20.732332,18.183119,1.4108568,2.5492134,12.2958355
0.0,5.240366,1.2915062,5.240366,524036600.0
62.153984,58.968086,2.200544,3.1858978,5.1258144
8.646945,6.4946985,1.1264632,2.1522465,24.890251
9.025184,10.367031,1.0194154,1.3418474,14.867812
9.804349,5.731541,1.1168914,4.072808,41.54083
11.285069,7.758417,1.5547944,3.5266523,31.250603
0.0,5.271979,1.3162035,5.271979,527197900.0
0.0,0.0,1.2010442,0.0,0.0
10.322409,10.030816,1.2819265,0.2915926,2.8248503
4.624966,3.7689407,0.85948396,0.85602546,18.508795
0.28544968,6.1728806,1.5186688,5.887431,2062.511
3.2276025,11.553043,1.2178241,8.325441,257.94507
0.0,4.365511,1.0828948,4.365511,436551070.0
0.0,3.3335993,1.1338376,3.3335993,333359940.0
0.0,5.5574503,5.2838235,5.5574503,555745100.0
9.070604,10.548321,1.1878141,1.4777164,16.291267
19.053604,9.952303,1.2882819,9.101301,47.766823
49.981773,30.369398,1.3200605,19.612375,39.239056
23.005291,18.935093,1.5520748,4.070198,17.692444
0.0,0.0,1.3280562,0.0,0.0
0.0,3.2233522,1.1125865,3.2233522,322335200.0
0.7660662,8.871105,1.5594522,8.105039,1058.0076
0.0,0.0,1.9236032,0.0,0.0
0.0,3.891956,0.9781298,3.891956,389195620.0
25.268307,22.293789,1.2173424,2.9745178,11.771734
40.07846,17.471432,1.423705,22.607029,56.40693
17.90454,16.699171,1.4528278,1.205368,6.7321925
0.0,0.823179,1.4197205,0.823179,82317900.0
0.0,0.0,1.9302983,0.0,0.0
0.0,1.1588519,1.5293844,1.1588519,115885180.0
13.705627,7.145658,1.4947878,6.5599694,47.863327
43.05645,48.45237,1.515936,5.39592,12.532199
18.848013,16.826303,1.4330603,2.0217094,10.726379
0.0,0.029282331,1.2063968,0.029282331,2928233.2
13.769997,9.70544,5.427327,4.064557,29.517488
9.428101,8.764263,1.6701276,0.66383743,7.041052
61.338566,56.891815,3.2602253,4.4467506,7.2495184
0.0,0.0,0.95866233,0.0,0.0
0.0,0.0,1.7833226,0.0,0.0
0.0,0.0,1.1588857,0.0,0.0
0.0,2.0840218,1.2490705,2.0840218,208402180.0
0.0,0.034201384,1.7874472,0.034201384,3420138.2
17.69965,12.9746475,1.7086765,4.7250023,26.695457
19.392305,7.1103487,5.141056,12.281957,63.334175
0.0,0.0,1.2782544,0.0,0.0
126.34411,158.4994,2.7716463,32.155296,25.45057
6.802721,8.100281,1.3952069,1.2975597,19.07413
23.704742,16.12211,1.1760637,7.582632,31.987825
0.0,3.2500298,1.427156,3.2500298,325002980.0
10.377798,4.8748736,4.005585,5.5029244,53.025932
0.32359287,2.7133918,0.99381554,2.3897989,738.52026
27.24327,14.548889,1.7443196,12.694382,46.596397
9.641992,12.154021,1.5469041,2.5120296,26.053017
0.0,2.741851,0.97343856,2.741851,274185120.0
0.0,5.7908735,1.4372772,5.7908735,579087360.0
0.016123,12.520313,1.5225422,12.50419,77554.984
0.0,0.0,1.1921874,0.0,0.0
0.0,1.8447306,1.0507678,1.8447306,184473070.0
121.06142,125.74898,1.8363334,4.687561,3.872052
14.263613,11.048042,1.3720728,3.2155704,22.54387
3.1922216,9.269006,1.3864548,6.076784,190.36223
9.189746,8.025005,1.2075243,1.1647406,12.674351
30.83622,22.842644,1.2796295,7.993576,25.922686
1.7584124,14.166784,5.0740814,12.408372,705.65765
0.0,2.6397574,1.2682139,2.6397574,263975740.0
14.832113,13.753018,1.0790765,1.0790949,7.275395
11.293397,6.549676,1.2010117,4.743721,42.004375
10.627874,9.289668,1.4293073,1.3382063,12.591476
7.2871103,6.040382,1.4030163,1.2467284,17.10868
0.0,6.935723,1.249756,6.935723,693572300.0
0.0,8.538389,4.3105145,8.538389,853838900.0
0.0,0.0,4.035965,0.0,0.0
12.040198,8.414555,5.4604936,3.6256437,30.112823
0.0,0.0,1.5100867,0.0,0.0
9.664185,6.9009686,1.1316621,2.763216,28.592335
0.0,6.458211,0.95026624,6.458211,645821100.0
0.016364753,0.0,4.4033804,0.016364753,100.0
17.446278,14.65004,1.3494477,2.796238,16.027704
9.027389,8.210251,1.4439342,0.8171377,9.051763
10.983694,8.364783,1.208841,2.6189108,23.843624
9.914101,12.383179,3.2375278,2.469078,24.90471
12.314961,7.8137445,1.0360626,4.501217,36.5508
26.93346,18.049444,1.5319587,8.884016,32.985054
12.176154,6.1766376,1.1256036,5.9995165,49.272675
6.5350037,3.9452477,1.1366577,2.589756,39.62899
0.0,2.2994986,1.604769,2.2994986,229949860.0
6.392974,6.9239254,1.6144556,0.5309515,8.305235
3.6769419,1.5504684,1.3377496,2.1264734,57.832664
9.540775,8.263364,1.5489792,1.2774115,13.388969
0.15023455,2.3287504,1.6436433,2.178516,1450.0765
3.1948879,5.2095804,2.5916402,2.0146925,63.059883
10.476126,15.610066,4.8918695,5.1339407,49.0061
12.328334,10.267303,1.3409133,2.0610304,16.717834
3.560993,5.526204,1.3388399,1.9652112,55.18717
13.354035,6.647356,1.2703252,6.7066793,50.222115
45.39261,17.440952,1.2915475,27.951656,61.57755
2.6206095,5.8071394,1.5922122,3.1865299,121.594986
0.92973465,5.8473787,2.0795615,4.917644,528.9299
9.839999,8.8843975,5.213198,0.9556017,9.7114
0.0,0.0,1.2034802,0.0,0.0
8.462685,5.521534,0.9483354,2.9411507,34.754345
15.483363,7.7198877,1.5277722,7.7634754,50.140755
0.0,13.4370365,1.6845758,13.4370365,1343703700.0
6.441865,3.8734903,1.7475685,2.5683746,39.87005
11.724987,15.1784,2.582942,3.453413,29.45345
0.0,1.4288328,1.4669114,1.4288328,142883260.0
9.591629,7.739099,1.6560175,1.85253,19.31403
0.21401475,6.663357,1.5560887,6.4493423,3013.5034
0.0,0.84916615,1.1422802,0.84916615,84916616.0
0.0,0.90290475,1.065603,0.90290475,90290470.0
0.0,0.0,1.2791039,0.0,0.0
26.960573,15.481991,1.6381668,11.478582,42.57544
0.0,0.0,1.8963215,0.0,0.0
5.949625,4.505802,1.5722883,1.4438229,24.267462
0.0,0.7992344,1.0373762,0.7992344,79923440.0
0.0,0.0,1.0499861,0.0,0.0
0.0,1.0087807,1.1641068,1.0087807,100878070.0
7.28896,5.1155624,1.1025777,2.1733975,29.817663
0.0,0.7808821,1.0324028,0.7808821,78088210.0
9.420379,8.831779,5.2953553,0.58860016,6.248158
0.0,3.774934,1.5122052,3.774934,377493400.0
13.423329,7.1545024,1.1546869,6.268827,46.700985
3.6379209,7.68303,1.176867,4.0451093,111.19289
0.0,0.78317857,1.2519525,0.78317857,78317860.0
0.0,6.6493397,1.2566695,6.6493397,664933950.0
87.83053,85.37046,2.7801116,2.4600677,2.8009255
10.07604,8.753284,1.1517942,1.3227558,13.127734
0.0,2.5143545,1.2037599,2.5143545,251435440.0
13.977676,7.7817535,1.0559889,6.195923,44.327274
0.0,16.126696,1.6616241,16.126696,1612669600.0
19.361614,17.999086,2.886491,1.3625278,7.0372634
7.327978,7.923854,1.3124994,0.59587574,8.131516
11.882069,9.995514,1.341448,1.8865547,15.877326
4.2318664,7.759042,1.6407844,3.5271754,83.347984
6.771895,10.584754,2.210888,3.812859,56.30417
0.0,4.269681,1.3967563,4.269681,426968100.0
12.800552,9.854677,1.4028674,2.9458752,23.013657
0.0,2.794183,0.993875,2.794183,279418300.0
33.081284,17.329313,4.1979923,15.75197,47.61596
11.5973015,12.816622,1.4360425,1.2193203,10.513827
8.472595,10.312722,2.3354573,1.840127,21.718575
0.0,2.6100843,1.296447,2.6100843,261008420.0
0.0,0.0,1.401173,0.0,0.0
4.991222,4.1857557,5.0777125,0.8054662,16.137655
0.0,1.3372858,1.1031761,1.3372858,133728580.0
10.214278,10.460971,2.948933,0.24669266,2.4151747
4.243376,7.1424255,1.3874656,2.8990498,68.31942
0.0,0.0,1.2671328,0.0,0.0
0.0,7.0451875,1.1462616,7.0451875,704518700.0
13.359944,12.11399,1.344344,1.2459545,9.326046
0.0,3.4500318,1.5008627,3.4500318,345003170.0
0.0,2.803229,1.3116468,2.803229,280322900.0
0.0,0.10408497,0.9701746,0.10408497,10408497.0
11.618412,12.714149,1.1688594,1.0957375,9.431044
0.0,0.0,1.3467878,0.0,0.0
12.640651,7.7566805,2.2210948,4.8839703,38.637016
0.0,0.5681207,1.4956018,0.5681207,56812070.0
0.0,2.7494864,1.3957222,2.7494864,274948640.0
0.0,5.515803,0.95540875,5.515803,551580300.0
0.0,1.5550325,2.3042712,1.5550325,155503250.0
2.7930195,3.0058737,1.3091061,0.21285415,7.6209335
8.580473,6.3189344,1.1059761,2.2615385,26.356806
0.0,5.9197254,1.2899338,5.9197254,591972540.0
9.77131,10.844956,2.5008178,1.0736465,10.987744
5.509768,5.336287,1.5887458,0.17348099,3.1486077
12.015339,14.6830845,1.261889,2.6677456,22.202833
22.616245,19.695559,1.7143294,2.9206867,12.914109
0.0,2.5695648,1.2031901,2.5695648,256956480.0
9.75963,7.249731,2.0023434,2.5098991,25.717154
0.0,6.266386,1.104131,6.266386,626638600.0
49.745358,73.19243,1.9696064,23.447071,47.13419
7.154196,9.685255,1.6798136,2.5310593,35.37867
6.55922,6.6677227,1.6073793,0.108502865,1.6542038
22.625181,9.95198,5.312718,12.673202,56.013702
124.11197,115.154106,1.8262352,8.957863,7.2175655
6.027259,4.320432,1.6266783,1.7068267,28.318455
16.683002,17.881641,3.643301,1.1986389,7.1847916
0.0,8.148527,1.4067119,8.148527,814852740.0
0.0,1.1237116,1.1096115,1.1237116,112371150.0
6.0063844,3.61399,1.5956047,2.3923943,39.830856
9.546025,6.9804554,1.2045337,2.5655699,26.87579
0.0,4.4787483,1.2104437,4.4787483,447874800.0
0.0,0.0,1.1647105,0.0,0.0
10.580928,10.217879,1.2626468,0.36304855,3.43116
6.458229,5.9094715,1.534458,0.54875755,8.497028
0.0,0.10243511,1.2603667,0.10243511,10243511.0
11.138835,12.253121,2.9476056,1.1142864,10.003617
0.0,1.5476635,1.0868199,1.5476635,154766340.0
7.3083596,4.9054365,1.5287263,2.402923,32.879105
20.144209,8.505128,1.0831124,11.639081,57.778793
40.17274,17.818327,1.461818,22.354414,55.64573
11.09103,8.664407,5.0807867,2.4266233,21.879152
4.7862797,6.3533707,5.270666,1.567091,32.741318
2.9744155,5.4088497,1.6287185,2.4344342,81.8458
3.1525345,7.686529,1.278397,4.5339947,143.82062
12.0957155,11.070166,2.6785598,1.0255499,8.4786215
6.5722256,3.9506996,1.374443,2.621526,39.887947
175.33484,145.30704,1.0366377,30.027802,17.125977
0.0,0.27899814,1.1845347,0.27899814,27899814.0
0.0,0.0,1.202126,0.0,0.0
7.9507375,17.301472,5.1320276,9.350735,117.6084
0.0,0.0,1.1001965,0.0,0.0
1.1539294,2.007747,1.1942319,0.8538176,73.99219
19.517262,19.719385,1.2033297,0.20212364,1.0356147
7.026906,4.992417,1.5782267,2.0344892,28.952845
0.0,0.0,3.204077,0.0,0.0
10.020461,6.567498,1.7710985,3.4529629,34.45912
5.4452267,10.207825,2.661745,4.762598,87.46372
0.0,0.0,1.3705944,0.0,0.0
0.0,2.9635298,2.0101454,2.9635298,296353000.0
0.0,3.7222416,1.0060511,3.7222416,372224160.0
8.89594,8.22545,1.6763994,0.67049026,7.537037
1.30127,0.0,2.2817166,1.30127,100.0
10.8715515,11.547314,3.4811454,0.6757622,6.215876
1.568288,10.195288,2.4556267,8.627,550.09033
9.365742,8.423365,1.8460335,0.9423771,10.061959
8.081077,9.356769,4.747211,1.275692,15.786163
0.0,0.0,3.7794282,0.0,0.0
0.06841454,3.5135808,1.3442788,3.4451663,5035.7227
4.998343,6.424346,1.2401361,1.426003,28.529514
20.183144,16.798536,1.255962,3.3846073,16.769476
20.81606,5.3533897,1.4352361,15.462669,74.28241
5.3283863,10.5829115,1.8906963,5.254525,98.613815
12.430988,7.8471375,1.3494208,4.583851,36.874386
3.4496276,4.3170843,1.8778529,0.8674567,25.146385
0.0,0.0,1.7674304,0.0,0.0
11.387251,7.5849094,1.0358361,3.8023415,33.391212
5.762653,4.990734,1.6002705,0.7719188,13.395199
15.115027,7.3976445,5.4348536,7.717383,51.057682
9.945511,11.919593,2.711876,1.974082,19.848976
4.022161,6.3579245,1.274767,2.3357635,58.07235
4.847601,5.599636,1.7141697,0.75203514,15.513553
0.0,6.9541607,1.1946583,6.9541607,695416060.0
4.126375,6.560623,4.6421227,2.434248,58.99241
11.799236,11.363567,3.5196013,0.43566895,3.6923487
9.865679,6.270974,1.2796667,3.5947046,36.436466
0.0,4.9792204,1.3707538,4.9792204,497922020.0
6.827519,6.382637,1.4013833,0.44488192,6.516011
0.0,4.8791456,1.0704339,4.8791456,487914560.0
0.0,2.8871365,1.1036013,2.8871365,288713660.0
0.0,4.0710325,1.1652361,4.0710325,407103230.0
9.924577,4.511934,1.0582894,5.412643,54.53777
17.473534,10.320181,1.3996373,7.1533527,40.938213
12.196593,5.769616,1.0779862,6.426977,52.694855
7.623027,8.445482,5.1675816,0.8224554,10.789093
6.1110654,10.69447,1.2595689,4.583405,75.00174
0.0,2.508619,1.1837091,2.508619,250861900.0
0.0,4.959642,1.5322787,4.959642,495964200.0
0.0,0.86414504,1.4948369,0.86414504,86414504.0
0.0,4.5872636,0.9942396,4.5872636,458726340.0
0.0,0.0,1.481545,0.0,0.0
12.008443,6.639864,1.1919402,5.368579,44.706703
0.0,4.7917113,1.1763207,4.7917113,479171140.0
3.54669,4.3566384,1.1269042,0.80994844,22.836742
110.591606,120.041824,2.1271007,9.450218,8.54515
9.875493,7.3934097,2.810578,2.4820833,25.133766
12.929771,9.24588,1.2594901,3.6838913,28.491543
12.18564,13.099247,2.391108,0.91360664,7.4974036
0.0,4.108753,1.3984118,4.108753,410875300.0
0.0,2.1519825,1.293042,2.1519825,215198260.0
1.6056385,6.930851,1.1591432,5.3252125,331.65698
6.096082,5.533746,1.4830035,0.56233644,9.224554
3.6092944,7.224622,1.2724112,3.6153274,100.16715
7.7283254,4.0056295,1.4782616,3.7226958,48.169502
0.65012383,5.334076,1.6547639,4.6839523,720.47076
24.638386,12.245711,4.133157,12.392674,50.29824
4.8511834,7.5878477,1.9953183,2.7366643,56.412308
0.0,5.197619,1.3407028,5.197619,519761900.0
8.961738,5.25982,1.239353,3.7019176,41.308037
0.0,0.0,1.4225357,0.0,0.0
0.0,2.7463593,1.7596048,2.7463593,274635940.0
9.009512,7.7852926,1.7328689,1.2242193,13.588077
5.8047624,4.0780096,1.0670465,1.7267528,29.747175
0.0,0.8897381,1.2906804,0.8897381,88973810.0
0.0,2.4394403,1.2938861,2.4394403,243944030.0
0.0,0.27906775,1.8714792,0.27906775,27906776.0
9.062138,9.63253,1.5025303,0.5703926,6.294239
0.0,2.1202362,1.1838123,2.1202362,212023620.0
11.208796,9.306672,1.2947445,1.9021235,16.969917
46.478516,20.073038,1.1743449,26.405478,56.812225
0.0,8.158653,1.6751211,8.158653,815865340.0
1.5980116,5.610821,1.191585,4.0128093,251.11264
0.0,2.3115957,3.3698063,2.3115957,231159570.0
107.0903,114.86219,2.1295469,7.7718887,7.2573223
8.413592,7.0108433,1.2498628,1.4027491,16.672415
8.814686,4.937585,1.427794,3.877101,43.984562
0.0,2.0192606,1.0777137,2.0192606,201926060.0
0.0,0.0,1.2453719,0.0,0.0
6.0935974,13.392474,1.6169081,7.298877,119.77944
0.0,2.8928,1.2068797,2.8928,289280000.0
0.0,4.055971,1.9421862,4.055971,405597120.0
0.0,0.0,1.2510206,0.0,0.0
0.0,0.0,0.9815402,0.0,0.0
9.169865,8.62403,1.7683125,0.54583454,5.9524817
0.0,5.3799157,1.2066174,5.3799157,537991550.0
3.806092,7.1173067,1.363994,3.3112147,86.99776
2.8627949,11.689086,1.1646614,8.826291,308.31027
0.0,0.91791797,1.7098805,0.91791797,91791790.0
11.592575,7.778104,1.2735118,3.8144712,32.904434
0.0,0.0062325,1.4327382,0.0062325,623250.0
0.0,7.525461,0.9831576,7.525461,752546200.0
15.703768,18.59475,1.3719255,2.8909817,18.40948
32.88668,25.738333,1.8819052,7.148348,21.736301
9.435031,4.331085,1.0519135,5.1039457,54.095695
0.0,3.9383295,1.3558741,3.9383295,393832960.0
2.3386412,8.111949,1.1895679,5.773308,246.86592
18.460747,13.305071,4.350334,5.155676,27.927774
5.1253023,5.6727686,1.1543152,0.5474663,10.681639
3.9084492,8.819921,1.8907562,4.9114714,125.66292
6.3249874,5.7843504,1.2436409,0.540637,8.547638
0.0,0.0,1.2971898,0.0,0.0
0.0,0.0,1.1395477,0.0,0.0
8.08969,6.053178,1.4963418,2.0365124,25.174171
14.3859625,11.057847,2.195572,3.3281155,23.134466
3.265783,10.206798,1.1670336,6.9410143,212.53752
0.0,0.0,1.160338,0.0,0.0
16.43346,18.831057,1.2293011,2.3975964,14.589724
0.0,1.1591015,1.0764768,1.1591015,115910150.0
0.0,0.36085343,1.3675252,0.36085343,36085344.0
6.766551,3.915473,1.610754,2.851078,42.134876
14.80469,7.8570843,1.336181,6.947606,46.928413
5.800404,4.481578,1.4386302,1.3188262,22.736797
6.1625776,8.815578,1.1501702,2.6530008,43.050182
0.0,1.2929599,1.1175257,1.2929599,129295990.0
0.0,1.7669389,0.97906435,1.7669389,176693890.0
0.0,7.325018,1.3079444,7.325018,732501760.0
8.805419,20.943562,1.2263939,12.138143,137.84854
0.0,0.0,1.8460143,0.0,0.0
0.0,2.2370994,1.3106809,2.2370994,223709950.0
0.0,0.72473264,1.897402,0.72473264,72473260.0
0.0,0.12809396,1.4723488,0.12809396,12809396.0
0.15059501,2.1452067,4.8256297,1.9946117,1324.4873
0.0,8.048322,1.6655132,8.048322,804832100.0
1.3696913,7.5245824,1.797463,6.154891,449.36337
0.0,2.1165144,1.1359124,2.1165144,211651440.0
0.0,5.021902,1.2752233,5.021902,502190200.0
2.0787945,8.207454,1.1204344,6.1286592,294.81793
0.0,7.5679035,2.2015865,7.5679035,756790340.0
0.0,0.7971997,1.2404513,0.7971997,79719970.0
0.0,0.0,1.3308108,0.0,0.0
0.0,0.0,1.0849975,0.0,0.0
4.048077,12.118416,1.5482309,8.070339,199.36229
10.075971,6.992241,1.4967694,3.0837297,30.604792
0.0,1.6653807,1.0766248,1.6653807,166538060.0
8.705054,6.612667,1.3771147,2.0923872,24.036465
0.0,0.0,1.9273942,0.0,0.0
17.373348,27.27156,1.4420593,9.898212,56.973545
8.022275,9.690531,2.481962,1.6682558,20.795296
0.0,0.0,1.3584186,0.0,0.0
41.156616,35.51336,1.4729588,5.643257,13.711664
8.929782,8.331777,2.2265198,0.5980053,6.6967516
7.206456,4.472663,1.4230202,2.7337933,37.935337
0.0,1.9285073,1.6970725,1.9285073,192850740.0
85.57008,95.24171,3.5241382,9.671623,11.302576
6.661338e-14,2.4517946,1.7678156,2.4517946,245179460.0
6.410027,10.999193,1.320699,4.589166,71.59356
6.1037235,0.0,4.089908,6.1037235,100.0
17.656408,12.075874,1.3329031,5.580534,31.606281
13.890217,11.812219,1.8463541,2.0779982,14.960156
7.2669754,9.617772,4.565036,2.3507967,32.349037
38.171078,29.59799,4.081207,8.573088,22.459642
0.0,4.449318,1.1482068,4.449318,444931800.0
4.440892e-14,4.9468207,1.2964456,4.9468207,494682080.0
25.743845,14.232382,1.7728229,11.511463,44.7154
14.295397,17.43102,1.7775322,3.135624,21.9345
7.943726,8.392452,1.3183262,0.44872618,5.648813
8.488303,6.347183,1.3992823,2.14112,25.224358
0.0,0.31604195,1.0798947,0.31604195,31604194.0
0.0,0.0,1.0227637,0.0,0.0
13.672122,10.962027,1.672556,2.7100954,19.822054
0.0,2.3452516,1.2326317,2.3452516,234525170.0
0.0,13.719541,4.94541,13.719541,1371954000.0
94.72053,91.51988,1.8162756,3.2006454,3.379041
0.0,0.0,1.3244559,0.0,0.0
130.59625,133.234,2.056403,2.637741,2.0197678
0.0,0.0,1.249611,0.0,0.0
0.0,1.786772,1.2654903,1.786772,178677200.0
0.0,0.0,1.2948365,0.0,0.0
12.712068,12.400662,5.4369454,0.31140518,2.4496815
0.0,4.2355742,1.4973491,4.2355742,423557440.0
30.40236,23.881287,2.5454252,6.5210743,21.449236
0.0,5.3081064,1.4158157,5.3081064,530810660.0
1.3967907,2.8367307,2.862845,1.43994,103.08917
10.295851,9.027998,2.5187552,1.2678528,12.314211
14.697121,11.585425,3.2150362,3.1116953,21.172142
0.0,0.0,1.2781678,0.0,0.0
7.212836,6.3512783,1.2483022,0.8615575,11.944781
4.403668,4.8533306,0.9463835,0.4496627,10.211095
6.8790083,6.355114,3.7692456,0.5238943,7.6158404
8.598786,6.398567,1.5577315,2.2002192,25.587555
0.0,0.0,1.2806873,0.0,0.0
0.0,1.9555838,1.3694625,1.9555838,195558380.0
39.789955,25.733858,1.3936133,14.056097,35.325745
8.740544,5.712282,1.5772003,3.0282621,34.64615
0.0,1.4980662,1.1903237,1.4980662,149806620.0
2.038283,5.7344227,1.4957025,3.6961396,181.33592
3.813231,7.665016,1.2946326,3.8517852,101.01106
0.0,0.0,1.3372055,0.0,0.0
9.967469,6.3255944,1.3936058,3.6418748,36.537605
0.0,5.885975,1.1612303,5.885975,588597500.0
12.578647,3.5685973,1.2830033,9.01005,71.62972
0.0,6.4745703,1.2821565,6.4745703,647457000.0
0.0,0.0,1.1243854,0.0,0.0
0.0,5.825569,1.9602299,5.825569,582556860.0
9.247284,5.897847,1.0122147,3.3494368,36.22076
0.0,0.0,2.064627,0.0,0.0
33.290962,39.335594,3.792174,6.044632,18.156977
0.0,6.2084866,1.9421711,6.2084866,620848640.0
0.0,2.7906344,1.3742578,2.7906344,279063460.0
0.0,0.02327323,1.4198972,0.02327323,2327323.0
7.554164,6.5182505,4.425894,1.0359135,13.713145
0.0,0.0,1.1721087,0.0,0.0
2.8834739,9.045238,0.932043,6.1617637,213.69238
182.0412,165.25703,1.3894244,16.784164,9.219981
0.0,2.2811806,2.1976376,2.2811806,228118060.0
0.0,0.0,1.1146289,0.0,0.0
28.934801,30.003204,1.8062723,1.0684032,3.6924505
8.439488,5.698818,1.2534393,2.7406702,32.474365
28.431875,22.77336,2.1642194,5.658516,19.902014
0.0,1.8750181,1.0416285,1.8750181,187501820.0
5.5223627,5.5867195,1.0916852,0.064356804,1.1653854
9.506516,5.9303226,1.2414819,3.5761938,37.618343
0.0,0.0,1.19081,0.0,0.0
13.125223,11.149626,4.6659694,1.9755974,15.051914
0.0,2.339749,1.0336813,2.339749,233974910.0
0.0,6.471689,2.271487,6.471689,647168960.0
10.871305,10.376852,1.4568219,0.49445343,4.5482435
2.1072185,6.9804487,1.5022098,4.87323,231.26363
2.3322651,6.5274267,1.150961,4.195162,179.875
8.656012,13.083695,1.908651,4.427684,51.151546
3.0183737,7.120657,1.2907276,4.1022835,135.91039
6.9754906,9.748633,1.2965096,2.7731428,39.755524
0.0,3.807349,1.4021684,3.807349,380734880.0
0.0,0.0,2.419265,0.0,0.0
2.2678356,6.4740686,1.2405905,4.206233,185.47345
3.714055,7.9082813,1.041721,4.1942263,112.92849
27.184057,5.9422917,1.3197317,21.241766,78.140526
6.3048916,7.7092896,1.3593296,1.404398,22.274734
13.134208,8.612836,5.4384203,4.521372,34.424397
6.460684,8.787276,1.0343407,2.3265924,36.01155
136.43254,135.42845,2.9910874,1.0040894,0.7359603
0.0,0.0,1.5960003,0.0,0.0
0.0,4.5792017,0.9837617,4.5792017,457920160.0
0.0,3.9965959,1.5565482,3.9965959,399659600.0
25.837706,19.439493,1.1279539,6.3982124,24.763083
30.078669,32.357372,1.6073105,2.2787037,7.575813
0.0,5.8993807,1.5066016,5.8993807,589938050.0
0.0,0.17208338,1.5499977,0.17208338,17208338.0
0.0,0.0,1.3258102,0.0,0.0
12.420464,8.602522,1.4992535,3.8179417,30.739122
0.0,0.13661456,1.1978949,0.13661456,13661456.0
0.0,0.0,1.7648747,0.0,0.0
0.0,4.289282,1.0152335,4.289282,428928200.0
0.0,0.0,1.1832876,0.0,0.0
7.2406964,4.818804,1.5976033,2.4218926,33.448338
12.380573,10.389682,5.296263,1.9908915,16.080769
0.0,5.7005014,1.3097987,5.7005014,570050200.0
23.544277,34.188087,1.4167053,10.64381,45.20763
4.4441175,7.2202387,1.448082,2.7761211,62.467323
7.783734,5.1531687,1.0806141,2.6305652,33.795673
0.0,2.0635307,1.1070809,2.0635307,206353070.0
0.0,6.239272,1.260285,6.239272,623927200.0
0.0,0.0,1.8303008,0.0,0.0
0.0,4.6840525,1.1466691,4.6840525,468405250.0
39.889378,34.18189,3.841258,5.707489,14.308293
11.262243,6.339877,1.4644916,4.922366,43.7068
0.0,0.0,1.3211589,0.0,0.0
37.970352,11.477087,1.0585318,26.493265,69.77355
0.0,0.0,1.6099167,0.0,0.0
0.0,4.8621182,1.0539857,4.8621182,486211800.0
0.58056873,7.9168205,2.0343451,7.3362517,1263.632
1.9917523,6.5030527,0.9450897,4.5113006,226.49908
0.24420474,6.0011625,1.2283877,5.756958,2357.431
3.227043,4.684733,3.9832025,1.45769,45.171074
0.0,2.6647828,1.0812132,2.6647828,266478270.0
0.0,1.704591,1.1872302,1.704591,170459100.0
6.6559143,7.415876,1.4817348,0.7599616,11.41784
0.0,0.0,1.0882484,0.0,0.0
7.8163548,8.932144,5.3042436,1.1157894,14.275061
0.0,0.0,4.6840425,0.0,0.0
11.384331,5.9980164,1.1415194,5.3863144,47.313408
0.0,0.0,1.1786759,0.0,0.0
14.388642,10.7355585,1.3143996,3.6530838,25.388662
0.0,0.39244628,2.7948518,0.39244628,39244628.0
32.12412,19.96533,1.9221947,12.158789,37.849407
15.938415,8.36079,1.3867024,7.5776243,47.54315
0.0,0.0,1.9621482,0.0,0.0
0.0,0.0,1.8724741,0.0,0.0
199.6956,156.1491,1.1285,43.54651,21.806444
0.0,5.0232086,1.3728185,5.0232086,502320860.0
0.0,0.0,1.231442,0.0,0.0
8.125853,5.1746483,1.555434,2.9512043,36.318703
4.3307934,7.4337673,5.2439766,3.102974,71.649086
0.0,3.5101268,0.94954944,3.5101268,351012700.0
0.0,0.0,1.5214269,0.0,0.0
7.271205,13.470095,1.5283015,6.1988897,85.25258
37.09555,38.606926,1.6315202,1.5113754,4.074277
0.0,1.1316824,0.91763854,1.1316824,113168240.0
10.024208,18.805437,2.10491,8.781229,87.60023
11.890468,10.880568,2.0447807,1.0099001,8.493359
62.746235,51.957848,1.876597,10.788387,17.193682
10.942084,10.516372,1.8336912,0.4257126,3.8905988
2.529555,8.266697,2.437427,5.7371416,226.80438
5.7919197,3.9253554,1.6722829,1.8665643,32.22704
36.44893,19.333418,1.3003832,17.11551,46.957516
12.342574,7.3233123,1.4412576,5.019262,40.66625
0.0,2.8747613,1.2472918,2.8747613,287476130.0
12.185562,3.325937,1.1459678,8.859625,72.70592
11.093611,12.81332,0.9787546,1.7197094,15.5018015
10.061029,6.3868914,1.2133672,3.674138,36.518513
0.033308394,6.4895763,1.6134304,6.456268,19383.305
0.0,0.70834875,1.1143397,0.70834875,70834880.0
0.0,1.6734197,1.2068639,1.6734197,167341970.0
12.368299,11.664675,1.3582283,0.7036238,5.6889296
9.402877,16.110079,1.3108658,6.707202,71.33138
16.171946,14.888667,1.1946359,1.2832785,7.935214
0.0,3.0684102,0.93408924,3.0684102,306841000.0
13.107671,12.489315,2.6909418,0.61835575,4.7175107
3.7464035,4.0887027,1.6023794,0.34229922,9.136743
56.95505,64.19134,3.9046853,7.236286,12.705257
7.951031,8.265747,1.3817246,0.31471586,3.9581766
0.0,0.0,2.254021,0.0,0.0
7.301714,6.383959,1.3008188,0.9177551,12.569037
20.214647,9.791945,1.5688429,10.422702,51.560146
0.0,12.117914,1.1986908,12.117914,1211791400.0
14.144844,12.539034,2.8301988,1.6058102,11.352619
20.534063,15.891264,1.2525473,4.6427994,22.610231
14.33592,14.673687,1.160223,0.33776665,2.3560863
16.634127,10.517348,5.3460026,6.1167784,36.772465
28.527082,37.300938,1.9688848,8.773855,30.75623
0.0,0.7393534,1.277791,0.7393534,73935340.0
11.587493,5.8809347,1.2863868,5.706558,49.247566
7.464287,7.272357,4.7537436,0.19192982,2.5713081
4.277091,13.736407,1.3774345,9.459316,221.16238
6.3781223,8.898066,1.3930959,2.5199432,39.50917
2.9686801,4.0447226,1.0302519,1.0760424,36.24649
0.0,5.7363715,1.1459653,5.7363715,573637100.0
8.505551,14.543566,4.2201796,6.0380144,70.989105
9.37096,5.613272,1.2894783,3.757688,40.099285
0.0,0.0,1.2895006,0.0,0.0
21.737795,22.69034,1.3371878,0.95254517,4.381977
5.8914433,11.092271,2.1374881,5.2008276,88.27765
0.0,8.73317,1.765436,8.73317,873316900.0
0.0,3.3015063,1.3982481,3.3015063,330150620.0
6.767032,8.642312,2.581345,1.8752799,27.711998
0.0,0.0,2.6702373,0.0,0.0
33.38007,12.243615,2.1549463,21.136456,63.320583
0.0,0.0,1.3601165,0.0,0.0
0.0,10.766338,2.3919885,10.766338,1076633700.0
0.0,0.0,1.153206,0.0,0.0
0.0,2.8077712,1.3353928,2.8077712,280777120.0
1.7580434,12.862362,1.2508742,11.104319,631.6294
0.0,4.076244,1.0781447,4.076244,407624400.0
0.0,2.0569735,1.1559376,2.0569735,205697340.0
0.0,5.45292,1.7486383,5.45292,545291970.0
0.35066673,3.8409336,5.1075535,3.4902668,995.323
1.8718303,0.0,1.6570337,1.8718303,100.0
14.536195,13.489479,5.2622395,1.0467157,7.2007546
10.913354,12.821841,1.115356,1.9084873,17.487633
0.0,3.6126072,1.1257653,3.6126072,361260700.0
12.750489,8.789554,1.2969075,3.9609356,31.06497
0.0,0.98515487,1.2256409,0.98515487,98515490.0
107.7846,117.0668,4.1921697,9.282204,8.611809
0.0,4.5360847,1.4284618,4.5360847,453608450.0
1.6891925,0.0,1.8237885,1.6891925,100.0
0.0,2.3230014,1.4369003,2.3230014,232300140.0
21.82701,17.943533,1.8640811,3.8834763,17.792068
0.0,0.0,1.1306934,0.0,0.0
7.9024596,3.9403052,1.0768985,3.9621544,50.138245
0.0,9.491882,1.5465237,9.491882,949188200.0
8.49176,7.1289845,1.2368735,1.3627758,16.048214
4.901281,9.337584,1.2004119,4.4363027,90.51313
86.97007,86.725365,2.9067678,0.2447052,0.28136715
0.0,3.884548,1.2372297,3.884548,388454820.0
0.0,8.527616,1.5491527,8.527616,852761540.0
0.0,2.493205,0.9876424,2.493205,249320510.0
10.064038,6.524905,4.480545,3.539133,35.166134
0.0,1.2703841,1.3088483,1.2703841,127038410.0
12.016433,13.62416,2.2583659,1.607727,13.379404
12.063247,7.6403112,1.4017698,4.4229355,36.664555
0.0,6.116867,4.878129,6.116867,611686700.0
33.640614,16.92519,1.2076412,16.715424,49.688225
0.0,4.888337,1.1017064,4.888337,488833700.0
9.574593,4.083415,1.3888924,5.4911776,57.35155
36.590843,29.44047,3.4752588,7.1503735,19.54143
7.111148,7.048443,1.9952571,0.06270504,0.8817851
0.0,6.0359306,2.0337505,6.0359306,603593100.0
10.067239,7.6866636,1.2120491,2.3805752,23.646755
13.390003,8.462731,1.3085611,4.927272,36.798138
17.174313,14.357096,1.2385894,2.8172169,16.403666
0.0,0.0,1.8229135,0.0,0.0
69.58366,64.97983,3.4903972,4.6038284,6.6162496
6.990036,7.2504053,1.3549792,0.2603693,3.7248635
0.0,0.0,4.469014,0.0,0.0
8.9580965,4.1340075,1.4270757,4.824089,53.85172
40.713993,52.969723,4.690655,12.25573,30.102009
6.5988364,14.449051,1.7491782,7.8502145,118.963615
1.9493546,9.884586,1.6517025,7.9352317,407.0697
12.802226,9.384328,1.9760207,3.4178982,26.697687
14.326936,5.0356646,1.5597824,9.291271,64.85177
0.0,3.1724865,1.3768473,3.1724865,317248670.0
11.99696,7.7478104,5.431874,4.2491493,35.41855
0.0,0.0,2.7574353,0.0,0.0
0.0,7.298503,1.4202578,7.298503,729850300.0
0.0,0.0,1.749164,0.0,0.0
11.845319,9.010102,1.6439073,2.8352165,23.935335
0.0,0.0,1.511664,0.0,0.0
2.1592085,4.757058,1.6921618,2.5978496,120.3149
182.88596,152.5068,1.6575308,30.37915,16.610981
0.0,0.0,3.4476578,0.0,0.0
32.623047,20.421227,1.2782388,12.20182,37.402454
0.0,2.7703395,1.3852181,2.7703395,277033950.0
0.0,2.6121414,1.4353185,2.6121414,261214140.0
4.4043355,11.074559,1.255779,6.6702237,151.44678
0.0,0.0,2.842841,0.0,0.0
0.0,0.0,1.3168671,0.0,0.0
19.441576,14.553804,1.2740291,4.8877716,25.14082
1.7723787,3.7924423,4.6998444,2.0200636,113.97472
14.491445,8.629198,1.4052936,5.8622465,40.453156
7.1618595,9.238226,2.7682693,2.0763664,28.992002
0.0,0.0,1.3231404,0.0,0.0
0.0,3.4264567,1.6630456,3.4264567,342645660.0
15.696116,12.937462,1.4188484,2.7586546,17.575396
0.0,4.7436447,1.356194,4.7436447,474364480.0
15.432109,10.388239,1.5481687,5.04387,32.684258
4.7328267,4.9099154,1.0807015,0.17708874,3.7417119
0.0,3.3384137,1.000963,3.3384137,333841380.0
76.75213,68.269585,4.1474786,8.482544,11.051868
0.0,0.0,1.1758504,0.0,0.0
15.261095,10.2930155,1.1399009,4.9680796,32.553886
12.793361,9.292683,5.4579434,3.500678,27.363241
3.776971,0.987499,3.1276784,2.789472,73.85474
14.350067,15.106001,2.7860003,0.75593376,5.2678065
10.064909,10.143305,1.8450149,0.07839584,0.77890265
25.773624,15.894062,2.2813354,9.879562,38.332066
2.8201723,4.1699543,1.0172137,1.349782,47.861683
0.0,10.541232,1.1716522,10.541232,1054123200.0
0.0,0.0,1.1133268,0.0,0.0
20.167767,10.906895,1.5100949,9.260872,45.919174
10.932591,17.62008,1.2725978,6.6874895,61.170216
0.0,4.523778,1.0928037,4.523778,452377820.0
0.0,0.0,1.3006597,0.0,0.0
2.0092506,6.113467,1.0568591,4.1042166,204.26604
0.0,4.4248266,1.2781284,4.4248266,442482660.0
2.3103755,9.128929,1.2470235,6.818554,295.12753
3.8942516,7.7671633,1.9658872,3.8729117,99.45202
0.0,1.2550116,1.1997722,1.2550116,125501160.0
6.112282,10.138114,4.5299115,4.025832,65.86464
0.0,2.9779267,1.1332108,2.9779267,297792670.0
0.0,0.0,1.699872,0.0,0.0
4.1538644,8.279823,1.3852333,4.125959,99.3282
0.0,0.59642935,1.7446995,0.59642935,59642936.0
12.944707,11.973909,2.6596863,0.97079754,7.499572
14.274425,13.301795,2.4612882,0.97262955,6.8137918
0.0,0.0,1.0397252,0.0,0.0
0.98251706,3.2367508,2.1110785,2.2542338,229.43457
0.0,5.7314167,1.2385309,5.7314167,573141700.0
7.0387263,6.0382633,1.4206486,1.000463,14.213694
0.0,5.669778,1.1920986,5.669778,566977800.0
0.0,3.05216,1.2054003,3.05216,305216000.0
0.0,8.16047,1.6071087,8.16047,816047000.0
0.0,5.949175,1.4052488,5.949175,594917500.0
0.0,5.4112625,1.222668,5.4112625,541126200.0
0.0,2.3176496,1.1501354,2.3176496,231764960.0
0.0,1.1766951,1.0502731,1.1766951,117669510.0
0.0,0.0,1.1686946,0.0,0.0
14.427711,9.318893,1.3009492,5.108817,35.409756
0.0,2.275192,1.1976154,2.275192,227519200.0
0.0,0.0,1.2634207,0.0,0.0
11.552236,11.445231,4.992914,0.107004166,0.9262637
0.0,1.1147044,1.3836724,1.1147044,111470440.0
0.0,0.0,1.2973957,0.0,0.0
2.8298125,7.5322866,1.244881,4.702474,166.17616
5.900353,19.00784,1.4715298,13.107487,222.1475
5.7915382,9.8740015,1.3307557,4.0824633,70.49014
0.0,0.0,1.2639037,0.0,0.0
8.480452,6.771591,1.5324504,1.7088604,20.150583
0.60906863,5.662451,1.1883864,5.053382,829.69006
15.046652,15.553654,2.7072663,0.5070019,3.3695328
0.0,0.0,1.6131437,0.0,0.0
5.075684,7.333235,2.2995582,2.2575507,44.47776
8.124511,9.823831,1.3143611,1.6993198,20.915964
9.768702,4.962869,1.4603808,4.8058324,49.196228
0.0,5.0995045,1.0830383,5.0995045,509950430.0
11.672812,7.434887,1.2728091,4.2379255,36.30595
0.0,2.6984217,1.0928072,2.6984217,269842180.0
0.0,3.7940922,1.4022725,3.7940922,379409200.0
3.8887327,4.575855,1.4530622,0.6871221,17.669563
0.0,2.111652,1.0752385,2.111652,211165200.0
5.530176,6.371889,1.1865561,0.84171295,15.220365
0.0,4.594014,1.317966,4.594014,459401440.0
0.0,2.5235653,1.476241,2.5235653,252356540.0
8.801751,4.5047426,0.9885574,4.2970085,48.81993
47.192272,28.752636,1.4637921,18.439636,39.07342
63.47238,71.172386,4.3570848,7.7000046,12.1312685
0.0,3.3659678,1.2441055,3.3659678,336596770.0
3.6373637,6.1738386,1.4005562,2.536475,69.73388
0.0,0.0,2.953594,0.0,0.0
0.0,0.28953624,1.3139613,0.28953624,28953624.0
0.0,0.0,1.328556,0.0,0.0
0.0,3.5317552,1.1029279,3.5317552,353175520.0
4.576189,5.205967,1.1739647,0.6297779,13.76206
4.090285,8.359917,5.0064287,4.269632,104.38471
0.0,5.432336,1.1947086,5.432336,543233600.0
12.441877,11.501852,5.4496026,0.9400253,7.5553336
0.0,2.273515,1.2110313,2.273515,227351500.0
0.0,0.0,2.6968095,0.0,0.0
0.0,0.0,1.1693366,0.0,0.0
0.0,0.0,3.5695894,0.0,0.0
6.4073815,5.186617,1.6030709,1.2207646,19.052473
38.351536,29.267744,1.3698434,9.083792,23.6856
4.543411,4.123806,1.7475019,0.41960478,9.235458
14.638965,8.859483,1.1127776,5.779482,39.480125
0.0,15.268709,1.3291559,15.268709,1526870900.0
0.0,0.084335566,1.0024205,0.084335566,8433557.0
8.80148,9.972949,2.1079006,1.1714687,13.309906
25.929623,23.507723,2.1643825,2.4218998,9.3402815
10.881858,8.960692,1.439817,1.9211655,17.654757
37.28163,26.297623,1.2897742,10.984009,29.462254
9.459592,5.7725205,1.6568782,3.6870713,38.977066
3.7631025,7.0982714,1.1603454,3.3351688,88.62817
9.983474,9.442021,1.2472,0.5414524,5.423487
0.0,1.2149086,1.1801612,1.2149086,121490860.0
1.1490346,3.9513521,1.4216115,2.8023176,243.88452
0.0,0.5392773,1.4304599,0.5392773,53927732.0
15.471896,15.780299,1.1700655,0.30840302,1.993311
0.0,3.924055,1.6176853,3.924055,392405500.0
0.0,4.741914,1.2612132,4.741914,474191400.0
5.115872,9.0982,3.8112266,3.982328,77.842606
0.0,0.7490151,1.3919022,0.7490151,74901510.0
0.0,2.404685,1.2621814,2.404685,240468510.0
4.9841633,6.546171,1.2469745,1.5620079,31.33942
0.0,1.6336963,1.2425008,1.6336963,163369630.0
6.912418,6.5598717,1.3916205,0.35254622,5.100187
0.0,6.579406,1.3759791,6.579406,657940540.0
10.653063,6.821703,1.038846,3.8313599,35.964867
10.768215,7.5100164,1.3645065,3.2581987,30.257557
0.0,0.5415306,1.004424,0.5415306,54153060.0
0.0,2.373401,2.2962081,2.373401,237340100.0
11.992865,12.179485,1.281629,0.18662071,1.5560979
7.0720773,10.637638,4.356126,3.5655608,50.41745
0.0,0.44664645,2.2270646,0.44664645,44664650.0
0.0,4.5629463,3.7743783,4.5629463,456294620.0
0.0,0.0,1.2522184,0.0,0.0
8.345218,10.912605,3.7346323,2.5673876,30.764778
0.0,0.0,3.9072301,0.0,0.0
17.621729,20.51374,4.7808886,2.8920116,16.411623
20.301975,16.313036,4.826025,3.9889393,19.648035
2.9495301,10.029243,1.597691,7.0797133,240.0285
11.259566,11.739815,2.6708643,0.48024845,4.2652483
10.778207,8.856823,1.5057759,1.9213839,17.826563
4.1972837,11.720581,1.4269087,7.5232973,179.24205
9.621815,3.5892437,1.1336845,6.032571,62.696808
11.903184,13.109695,2.286523,1.2065115,10.136041
7.215226,6.986785,2.709284,0.22844124,3.1660995
0.0,4.071578,0.9636106,4.071578,407157800.0
0.0,1.2320459,2.1706557,1.2320459,123204590.0
0.0,0.0,1.254463,0.0,0.0
0.0,3.7504604,1.1514266,3.7504604,375046050.0
8.725229,7.874551,1.4169577,0.85067844,9.7496395
12.259607,12.361004,1.4899395,0.10139656,0.8270784
11.359464,8.983746,1.6716424,2.375718,20.914
0.0,4.204282,1.4174489,4.204282,420428200.0
0.0,0.0,1.9530007,0.0,0.0
0.0,0.074554205,1.1528553,0.074554205,7455420.5
0.0,0.0,2.1335511,0.0,0.0
8.549267,8.034103,4.978439,0.5151634,6.02582
8.899074,9.573929,2.061279,0.67485523,7.583432
10.552847,6.7677784,1.3433222,3.7850685,35.867744
0.0,0.0,1.6556443,0.0,0.0
20.78336,3.1613688,1.2749944,17.62199,84.78894
13.596028,15.284562,2.39641,1.6885338,12.419316
7.6380434,12.299485,1.3381281,4.661442,61.029263
10.655977,3.6225712,1.1949695,7.0334063,66.00433
0.0,3.715973,1.1448714,3.715973,371597280.0
16.07686,15.115469,2.0239787,0.96139145,5.97997
0.0,10.704008,5.3487015,10.704008,1070400800.0
178.71745,153.64256,2.312602,25.07489,14.030465
0.0,0.7199886,1.2206135,0.7199886,71998856.0
0.0,0.0,1.2746181,0.0,0.0
0.0,0.0,1.2201344,0.0,0.0
36.39607,44.097435,4.1000156,7.7013664,21.159885
4.5881777,11.387126,5.0639157,6.7989483,148.18407
16.28708,10.284014,5.3836327,6.003067,36.857845
0.0,8.32964,1.5683881,8.32964,832964030.0
0.0,0.0,1.2441308,0.0,0.0
0.0,0.3358791,1.4168662,0.3358791,33587908.0
14.388851,11.532477,1.1934003,2.8563738,19.8513
0.0,0.0,1.1598605,0.0,0.0
0.0,0.0,1.2696733,0.0,0.0
20.201542,14.966616,1.3350435,5.234926,25.913498
0.0,0.0,1.3896716,0.0,0.0
6.4246573,4.569873,1.1439688,1.8547845,28.869781
3.2079637,6.118833,2.317943,2.9108694,90.73885
0.0,0.0,3.2502925,0.0,0.0
0.0,6.3102655,1.1833441,6.3102655,631026560.0
8.75446,7.7767572,1.3341367,0.9777031,11.1680565
7.6738467,8.510359,4.5287127,0.8365121,10.900818
9.035495,6.0341177,1.4853039,3.001377,33.21763
0.0,1.5712283,1.3903995,1.5712283,157122830.0
0.0,2.5960476,1.1959723,2.5960476,259604770.0
3.5445175,4.2243004,1.6284825,0.67978287,19.178432
48.796642,67.18483,1.2978896,18.388187,37.683304
0.0,0.0,1.5973525,0.0,0.0
9.937254,12.6715145,1.6850688,2.7342606,27.515253
0.0,1.5115526,0.97994256,1.5115526,151155260.0
7.7561717,11.17542,1.1225493,3.419248,44.084225
11.672356,9.43508,1.3101773,2.237276,19.167305
0.0,0.0,4.997661,0.0,0.0
0.0,0.51652384,4.7018933,0.51652384,51652384.0
0.0,5.767146,1.2738892,5.767146,576714600.0
7.65611,6.8939943,1.3293568,0.7621155,9.954344
4.989608,10.137598,2.3611052,5.14799,103.17424
33.720703,25.619884,1.5184276,8.100819,24.02328
1.2958173,7.200485,1.1832458,5.904668,455.67136
11.123111,7.7098274,1.2761667,3.4132833,30.68641
7.0635195,11.758313,2.136101,4.6947937,66.46536
0.0,0.0,1.8940651,0.0,0.0
0.0,6.879342,1.1855277,6.879342,687934200.0
12.679938,11.191383,2.2535157,1.488555,11.7394495
14.440873,8.044875,4.869086,6.395998,44.290936
0.0,0.0,1.1708754,0.0,0.0
22.339725,14.737543,2.6907156,7.6021824,34.029884
0.0,3.3183339,1.4432353,3.3183339,331833380.0
12.44991,9.145805,1.2103957,3.3041048,26.539186
20.307913,8.483352,1.1832522,11.824561,58.22637
14.705411,7.375023,1.3626552,7.330388,49.848236
0.0,0.0,1.3203502,0.0,0.0
33.64163,26.61504,1.8369508,7.0265884,20.886587
0.0,0.0,0.99637157,0.0,0.0
4.500995,0.0,2.3821845,4.500995,100.0
0.0,0.7778928,1.1703793,0.7778928,77789280.0
10.220027,6.633149,1.0976034,3.5868778,35.096558
3.4780731,14.469658,1.3309807,10.991585,316.02512
0.0,0.8300235,1.530178,0.8300235,83002350.0
0.7395589,5.659547,2.105771,4.919988,665.2598
0.0,3.4379737,1.5565004,3.4379737,343797380.0
0.0,0.0,2.174567,0.0,0.0
0.0,0.0,1.8597803,0.0,0.0
11.450122,9.351297,5.2962847,2.0988245,18.330149
0.0,0.0,1.2567834,0.0,0.0
13.993871,8.139985,1.1920202,5.8538857,41.831783
0.0,2.832239,1.1527915,2.832239,283223870.0
0.0,0.60032344,1.1884129,0.60032344,60032344.0
0.0,2.3180673,1.045538,2.3180673,231806740.0
13.174692,12.102992,2.7915773,1.0717001,8.134537
0.0,0.0,1.2178202,0.0,0.0
0.0,0.7434132,1.1133517,0.7434132,74341330.0
16.427752,17.886967,1.4935579,1.4592152,8.882622
6.450455,5.919386,1.6327542,0.5310693,8.233051
0.0,3.8709543,1.226722,3.8709543,387095420.0
7.221853,10.794168,1.7063872,3.5723157,49.465363
1.2497689,4.7464666,1.1591885,3.496698,279.78757
14.7404175,8.024909,1.3357221,6.7155085,45.558468
50.368645,57.214115,1.3917891,6.8454704,13.590738
7.121096,4.7498674,1.1836342,2.3712287,33.298645
0.0,0.35898733,1.1890708,0.35898733,35898736.0
0.0,7.5514927,1.870838,7.5514927,755149300.0
0.0,0.73712397,1.4846668,0.73712397,73712390.0
0.0,4.098564,1.0141969,4.098564,409856420.0
0.0,0.0,1.2472589,0.0,0.0
15.122113,20.187384,1.249898,5.0652704,33.495785
0.0,0.0,2.2760105,0.0,0.0
0.0,0.0,1.318421,0.0,0.0
15.676476,8.75096,1.3094026,6.925515,44.177757
2.6293645,3.5725453,2.1416059,0.9431808,35.871056
0.0,2.882013,1.2018483,2.882013,288201280.0
0.0,4.0187206,0.9459319,4.0187206,401872060.0
1.0621748,7.498801,1.2660599,6.4366264,605.9856
35.33238,31.359655,1.4522599,3.972723,11.24386
0.0,7.044694,1.1678416,7.044694,704469440.0
14.819554,17.743053,3.1968246,2.923499,19.727308
17.754725,17.914179,1.761329,0.15945435,0.8980953
0.0,0.0,1.1726432,0.0,0.0
9.24314,4.621066,1.0025214,4.622074,50.00545
0.0,0.053040266,1.4452691,0.053040266,5304026.5
0.0,1.3412759,1.2035,1.3412759,134127590.0
7.3947783,4.882576,1.6186943,2.5122023,33.972652
7.0083284,5.904542,1.9252608,1.1037865,15.7496395
5.520483,6.4007363,1.1973901,0.8802533,15.945223
13.334683,16.360073,1.601462,3.0253897,22.688126
7.3963084,8.828618,1.7004044,1.4323096,19.365196
0.57103133,7.969301,1.3285509,7.3982697,1295.5979
96.23904,135.32568,2.354563,39.086647,40.614132
0.0,2.8903084,1.1925433,2.8903084,289030820.0
12.9043865,8.150081,1.4146527,4.754306,36.842556
8.424316,7.367852,2.0543942,1.0564642,12.540652
0.0,6.7857885,1.4691216,6.7857885,678578900.0
0.0,6.386018,1.0438007,6.386018,638601800.0
0.0,1.9024895,1.5843812,1.9024895,190248940.0
0.0,0.0,1.2097423,0.0,0.0
9.644984,7.990632,2.4342036,1.6543522,17.15246
0.0,0.6763854,0.94823885,0.6763854,67638540.0
0.0,0.0,1.99303,0.0,0.0
10.952003,8.082134,1.494733,2.8698683,26.20405
0.0,0.0,1.2993935,0.0,0.0
8.991042,4.3921013,1.8302883,4.598941,51.150253
13.199397,19.698385,1.4618708,6.498988,49.237007
127.899635,110.82022,3.8004732,17.079414,13.353763
8.096994,8.903043,4.185025,0.8060484,9.954909
11.205582,16.37651,1.7564526,5.170929,46.14601
0.0,0.0,2.1297421,0.0,0.0
3.3117568,8.176894,1.1984123,4.865137,146.90501
0.0,0.0,1.3635892,0.0,0.0
8.205944,4.5954475,1.6767423,3.6104965,43.99855
24.499392,18.08265,2.3995109,6.4167423,26.191437
135.75539,133.76073,2.0762153,1.9946594,1.4693041
0.0,3.5758603,1.4920228,3.5758603,357586020.0
0.0,3.831785,1.3058902,3.831785,383178500.0
7.128105,11.637829,2.4236913,4.5097237,63.266792
11.71177,10.029296,5.0801954,1.6824741,14.365668
0.0,9.899572,1.2001942,9.899572,989957250.0
0.0,0.0,1.5269805,0.0,0.0
11.429242,13.222351,2.4551218,1.7931089,15.688783
8.865385,5.8786764,1.1906649,2.9867086,33.689552
17.047523,12.617577,1.6041675,4.429947,25.985868
19.14147,7.451214,3.5163963,11.690256,61.07293
0.0,8.151923,1.3728824,8.151923,815192300.0
0.0,4.557225,1.4294435,4.557225,455722530.0
0.0,6.508484,1.4004861,6.508484,650848400.0
8.355862,10.357956,3.1682703,2.0020943,23.960358
0.0,6.2787094,1.5877454,6.2787094,627871000.0
16.735025,8.810452,1.0903461,7.924573,47.353214
47.489902,14.7328415,1.3976573,32.75706,68.9769
0.0,0.0,1.7223552,0.0,0.0
5.6211543,4.370647,1.481534,1.2505074,22.24645
8.343993,6.5582447,1.5761448,1.7857485,21.401606
0.0,8.317229,1.4301225,8.317229,831722900.0
0.0,0.0,1.3570229,0.0,0.0
14.7625675,7.705635,1.3243773,7.0569324,47.80288
0.0,0.0,2.2940753,0.0,0.0
0.0,3.7114294,1.2080226,3.7114294,371142940.0
153.474,148.98936,1.342438,4.4846344,2.922081
27.009525,18.000658,1.3922721,9.008867,33.35441
26.372055,22.484861,1.2890501,3.8871937,14.7398205
1.2262293,6.946968,1.2642922,5.720739,466.53094
10.505819,11.645434,1.651747,1.139615,10.847465
0.0,1.8613532,1.4952956,1.8613532,186135310.0
0.113020316,1.9645369,1.4727716,1.8515166,1638.2157
32.525017,27.2326,1.5423019,5.2924175,16.271837
0.0,2.9072206,1.5187266,2.9072206,290722050.0
30.36664,27.785217,3.7044876,2.5814228,8.500851
8.069802,9.193838,1.5113574,1.1240358,13.928914
0.0,2.1409087,1.1299095,2.1409087,214090860.0
16.434214,7.2648144,1.3979036,9.169399,55.794575
0.0,1.5110617,1.0995133,1.5110617,151106180.0
34.28007,20.08785,1.2782372,14.192221,41.40079
6.430957,13.457911,1.789407,7.0269537,109.267624
4.1815095,10.368742,1.6446579,6.1872325,147.96649
6.848346,3.9985967,1.9038237,2.8497496,41.61223
0.0,4.9734626,0.9165394,4.9734626,497346240.0
21.307178,18.42895,1.3151829,2.8782291,13.50826
8.787752,19.112886,1.2688762,10.325134,117.4946
0.0,2.1494937,1.1543804,2.1494937,214949380.0
0.0,5.006031,1.2716622,5.006031,500603100.0
31.937746,10.2817335,1.2678927,21.656013,67.80695
0.0,4.774,1.321535,4.774,477400030.0
6.666258,10.130364,1.2679191,3.4641066,51.964783
4.5412173,10.467781,3.8539715,5.9265637,130.50606
0.0,1.9788995,1.0933176,1.9788995,197889950.0
13.719526,11.775289,5.400143,1.9442377,14.171318
10.320349,9.528019,1.6785636,0.7923298,7.677355
54.2061,52.228455,3.0814216,1.9776459,3.6483824
9.834088,9.265167,1.390538,0.5689211,5.785194
0.0,9.439443,1.1019678,9.439443,943944260.0
14.414394,13.488573,5.42525,0.9258213,6.422894
3.7406228,2.4611993,2.0677204,1.2794235,34.203487
0.0,0.0,2.4647598,0.0,0.0
5.783321,13.194005,1.7446251,7.410684,128.1389
0.0,0.0,3.1140356,0.0,0.0
0.0,3.1874146,1.0114588,3.1874146,318741440.0
0.0,0.44720984,0.9461154,0.44720984,44720984.0
0.0,0.0,1.1450987,0.0,0.0
0.0,0.0,1.2263737,0.0,0.0
0.0,0.0,2.3019383,0.0,0.0
0.0,2.30891,0.9582573,2.30891,230890990.0
0.0,0.0,1.1552814,0.0,0.0
1.660075,1.4320829,1.678779,0.22799206,13.733841
0.0,0.0,1.3177843,0.0,0.0
78.54012,82.52774,3.212278,3.9876175,5.0771723
0.0,4.0017214,1.0249935,4.0017214,400172160.0
0.0,2.529165,1.1923369,2.529165,252916510.0
9.554152,13.154715,1.366656,3.600563,37.68585
9.401023,9.365804,2.907662,0.035219193,0.3746315
2.6849105,6.597801,1.0814672,3.9128907,145.73634
0.0,0.0,1.1289377,0.0,0.0
0.0,5.8125315,1.2859465,5.8125315,581253200.0
6.1768303,3.8501027,1.1598135,2.3267276,37.668633
0.0,1.3125043,1.1785594,1.3125043,131250424.0
0.0,0.4774282,1.8427386,0.4774282,47742820.0
0.0,0.98082614,2.8477888,0.98082614,98082610.0
0.0,1.5977359,1.1202812,1.5977359,159773580.0
9.757268,14.498261,1.3913717,4.7409935,48.589355
6.9667935,8.174687,2.6779504,1.2078938,17.337873
0.0,2.9699798,1.0327343,2.9699798,296997980.0
21.891302,15.982107,1.3444157,5.909195,26.993345
0.0,0.94289947,1.5298687,0.94289947,94289944.0
10.011035,8.757579,4.831928,1.2534561,12.520744
109.07105,118.84725,3.0732012,9.776199,8.963147
7.2090445,2.7475867,2.065979,4.4614577,61.88695
0.0,1.4366367,1.7099028,1.4366367,143663660.0
0.0,2.1067157,1.1190956,2.1067157,210671570.0
6.0741215,5.882204,1.2081172,0.19191742,3.1595914
23.220896,18.808584,1.4363487,4.4123116,19.001469
7.2333713,4.51772,1.3928337,2.715651,37.543365
14.455873,7.1947403,1.4194478,7.2611322,50.229637
3.2113724,8.093531,1.0954596,4.8821583,152.02716
33.32291,27.769066,1.4741541,5.5538445,16.666746
0.0,5.7643614,1.2968215,5.7643614,576436160.0
0.0,0.0,1.6564965,0.0,0.0
6.8711214,8.217909,4.7379084,1.3467875,19.600693
25.429197,14.599293,1.7651471,10.829905,42.588467
0.0,0.0,2.7706316,0.0,0.0
7.285611,8.766635,2.4309485,1.4810238,20.328066
185.46921,142.9649,2.8071,42.504303,22.917175
0.0,2.8704286,1.4179521,2.8704286,287042850.0
3.432579,1.5108807,2.3569653,1.9216983,55.984097
12.6324215,10.884207,1.6147048,1.7482147,13.83911
0.0,0.0,1.5297859,0.0,0.0
18.947176,21.172976,1.4254931,2.2257996,11.747395
0.92100406,9.084392,1.1487548,8.163387,886.35736
0.0,6.8533926,1.2445645,6.8533926,685339260.0
12.268191,12.121954,1.5341285,0.14623737,1.1920043
0.0,6.624941,1.3824933,6.624941,662494100.0
0.0,6.851469,1.0948962,6.851469,685146940.0
30.88618,20.859348,2.8789446,10.026833,32.463814
4.113096,5.9271936,2.0686095,1.8140974,44.105396
0.0,0.0,1.6124666,0.0,0.0
0.0,3.752895,1.1776243,3.752895,375289540.0
94.31855,83.22823,1.4053167,11.090317,11.758363
58.21068,51.42544,1.2886283,6.7852364,11.6563425
7.6987505,3.5653255,1.7780676,4.1334248,53.689552
0.0,0.0,1.6731154,0.0,0.0
0.0,15.4442005,1.7078893,15.4442005,1544420100.0
0.0,3.9778235,1.3911023,3.9778235,397782340.0
0.0,5.243347,1.1920857,5.243347,524334720.0
88.26706,99.03664,2.4073226,10.769577,12.201129
12.875553,11.907206,2.6074855,0.96834755,7.520823
0.0,1.705034,1.0524002,1.705034,170503410.0
0.0,0.0,1.2751433,0.0,0.0
0.0,2.9605968,1.323523,2.9605968,296059680.0
0.0,0.0,0.94303197,0.0,0.0
10.841154,6.0678406,0.9854596,4.7733135,44.02957
7.7467017,5.515735,1.0016135,2.2309666,28.798922
0.0,0.0,1.4952401,0.0,0.0
28.361101,12.403892,1.7419549,15.95721,56.26442
5.0177464,7.0951986,4.965927,2.0774522,41.402096
0.0,1.8495548,1.3100361,1.8495548,184955470.0
7.607133,1.8270533,2.6061757,5.78008,75.98237
11.231156,5.6684546,1.1555315,5.5627017,49.529194
4.249444,7.2422333,1.0411313,2.9927893,70.42779
6.1291556,9.811532,1.629054,3.6823764,60.07967
0.0,0.0,2.8751636,0.0,0.0
0.0,0.0,1.3195952,0.0,0.0
0.0,5.1965265,1.279979,5.1965265,519652640.0
1.7820667,0.6093476,2.3432312,1.1727191,65.806694
0.119038925,3.2396452,1.8306602,3.1206064,2621.5007
0.0,0.0,1.4369879,0.0,0.0
0.0,0.0,1.2331809,0.0,0.0
1.2710289,3.4801297,2.2426188,2.2091007,173.80412
0.0,8.4443035,1.3574023,8.4443035,844430340.0
10.565114,8.578637,1.2517209,1.9864769,18.802229
11.145288,9.553034,2.0231392,1.5922546,14.286347
6.187303,5.444974,1.9232075,0.7423291,11.99762
0.46121016,7.0640507,5.423223,6.6028404,1431.6338
7.2942147,3.9513447,2.2195573,3.34287,45.829056
6.825801,10.563545,1.1053792,3.7377443,54.75906
6.7919607,4.80085,0.95618004,1.9911108,29.3157
0.0,8.40333,2.1146777,8.40333,840333000.0
0.0,4.8094234,1.0481752,4.8094234,480942370.0
7.429918,6.6388083,1.1893594,0.79110956,10.647622
7.1286497,9.92993,1.423843,2.80128,39.29608
30.590218,33.991467,1.4786589,3.401249,11.118747
1.6391288,9.917975,1.1519772,8.278847,505.07602
4.682702,13.276396,1.2404398,8.593694,183.51997
0.0,4.6896143,1.2319429,4.6896143,468961440.0
3.317075,3.6382623,1.2469492,0.32118726,9.682845
2.1662886,2.8684897,1.1277553,0.7022011,32.41494
7.3535438,6.0448,1.4837441,1.308744,17.797459
0.0,1.2125576,1.5950338,1.2125576,121255750.0
0.0,4.7473354,0.9989086,4.7473354,474733570.0
0.0,0.5425861,1.173916,0.5425861,54258610.0
0.0,3.800713,1.2554578,3.800713,380071330.0
1.5968813,7.1769714,1.3023092,5.58009,349.43677
0.0,6.6654863,1.1107129,6.6654863,666548700.0
8.80504,7.3881893,1.3194485,1.416851,16.091364
10.730996,4.9138,1.4886088,5.8171964,54.20929
0.0,0.0,1.1895543,0.0,0.0
0.45411196,7.2039356,1.056389,6.7498236,1486.3788
28.092735,10.0831175,1.287051,18.009617,64.107735
9.903273,12.2867565,2.2805796,2.383484,24.067638
11.437396,14.353025,3.4037988,2.9156294,25.492073
4.1316347,5.1016464,5.1121716,0.9700117,23.477674
0.0,5.373554,1.1290686,5.373554,537355400.0
0.0,0.0,1.4742279,0.0,0.0
5.6303596,3.7471633,1.7046095,1.8831964,33.447178
5.3393464,9.695906,1.9341087,4.3565593,81.59349
74.61876,73.07304,2.375451,1.545723,2.0714939
4.4529905,6.7318954,1.1331367,2.278905,51.176952
0.0,3.381149,1.2291483,3.381149,338114900.0
0.0,0.4503057,1.1430206,0.4503057,45030572.0
40.93157,41.85208,1.6551944,0.92051315,2.2489076
7.2436805,4.2055235,1.6553591,3.038157,41.942173
9.469458,4.293974,1.052662,5.1754837,54.654488
8.762822,8.22976,1.7103372,0.533062,6.083223
2.5519671,10.429668,1.2229683,7.8777013,308.69135
10.189504,9.362464,4.4287157,0.8270397,8.116585
13.31466,8.2087755,1.0483708,5.1058846,38.34784
0.0,0.0,1.1365302,0.0,0.0
0.0,5.9109545,4.0088243,5.9109545,591095500.0
11.256409,12.238253,2.3585408,0.98184395,8.722533
0.0,7.6622,1.0618538,7.6622,766219970.0
0.0,0.282753,1.1802703,0.282753,28275300.0
27.00552,14.651043,1.5493664,12.354477,45.74797
2.8672986,5.593998,1.1549239,2.7266994,95.09645
5.396455,4.2302666,2.615119,1.1661882,21.610266
24.409725,9.370594,1.2185804,15.039131,61.611225
0.0,5.159934,1.0900846,5.159934,515993400.0
8.645002,6.2926326,1.1561981,2.3523698,27.210749
0.0,2.4549217,1.1002746,2.4549217,245492180.0
0.0,0.0,1.2285608,0.0,0.0
0.0,0.0,0.97128576,0.0,0.0
9.685899,8.974329,1.4349617,0.7115698,7.3464513
8.9650545,5.3791533,4.0456996,3.5859013,39.998653
10.407416,8.260168,1.2479056,2.1472483,20.631905
0.0,8.034791,1.3084342,8.034791,803479100.0
0.0,0.0,1.0215583,0.0,0.0
0.0,0.47346187,1.4353125,0.47346187,47346188.0
13.971537,11.927319,1.3350736,2.044218,14.631305
12.757526,6.813156,1.8945596,5.9443703,46.595005
15.738301,12.710067,5.454142,3.0282345,19.241179
13.294761,10.781127,2.0671062,2.5136337,18.90695
14.16459,13.761225,2.2295294,0.40336514,2.8477008
17.766254,9.796747,1.2439682,7.969507,44.857555
0.0,0.0,1.409486,0.0,0.0
0.0,4.4959087,1.493381,4.4959087,449590880.0
10.661889,1.4314651,1.5490173,9.230424,86.574005
0.0,1.9454406,1.1869354,1.9454406,194544060.0
9.422915,11.0297,1.5705562,1.6067848,17.051886
0.0,5.6199884,1.0971289,5.6199884,561998850.0
0.0,0.0,1.2916849,0.0,0.0
0.0,0.0,3.9218354,0.0,0.0
0.0,0.0,2.0561435,0.0,0.0
0.0,8.080618,1.4890674,8.080618,808061760.0
32.057037,6.669091,1.1235013,25.387947,79.196175
13.827524,17.679232,1.3004558,3.8517075,27.855366
22.821684,20.029856,1.7601532,2.7918282,12.233225
0.0,0.0,2.5020325,0.0,0.0
8.239966,7.979821,1.4279616,0.2601452,3.1571147
4.4068336,6.0716486,1.0384926,1.664815,37.77803
0.0,2.913946,1.4784132,2.913946,291394600.0
13.969789,8.346021,1.2374177,5.623768,40.25664
0.0,0.36227393,1.3176837,0.36227393,36227396.0
10.647444,9.106651,3.0549679,1.5407925,14.471009
7.399213,5.173625,1.2343782,2.2255878,30.07871
5.596655,7.406826,3.6599379,1.8101711,32.343807
10.394856,12.735988,1.1424314,2.3411312,22.522017
0.0,0.0,2.710603,0.0,0.0
8.327647,5.155999,1.2880961,3.171648,38.085762
12.039681,7.1044874,1.0375122,4.935194,40.99107
34.400993,14.6545,1.0333002,19.746494,57.40094
0.0,8.759193,5.2177534,8.759193,875919300.0
0.2837497,7.7889194,1.8720559,7.50517,2644.9966
137.54018,137.76733,1.3899481,0.2271576,0.16515726
23.654095,14.3089285,1.357984,9.345166,39.507603
8.700694,8.41798,4.5447335,0.2827139,3.2493258
27.077612,6.912697,1.2313762,20.164915,74.4708
25.346436,33.999325,1.708788,8.652889,34.138485
8.343478,5.4275036,1.2259008,2.9159746,34.94915
0.0,0.0,1.1083517,0.0,0.0
0.087092385,6.1572638,1.3021575,6.0701714,6969.8076
0.0,4.359938,1.15037,4.359938,435993800.0
0.0,4.901452,1.3076738,4.901452,490145200.0
0.0,0.0,1.2089869,0.0,0.0
0.0,0.0,1.6387209,0.0,0.0
2.5895813,5.9196367,1.0336914,3.3300555,128.59436
10.660798,12.340767,2.6478765,1.6799688,15.758378
7.03166,20.581274,1.2935898,13.549614,192.69438
0.0,1.7401836,1.0993207,1.7401836,174018350.0
10.498077,7.5306225,2.0458987,2.967455,28.266651
125.16603,149.84453,2.2495825,24.678497,19.716608
1.7822313,3.247503,3.5357597,1.4652717,82.215576
20.189825,11.744665,1.2282269,8.44516,41.828793
8.883609,5.7651987,3.742722,3.11841,35.102962
3.3317869,4.247424,5.079004,0.91563725,27.481869
21.6412,16.723755,1.3668855,4.917444,22.722605
6.6358414,4.1560965,1.0502858,2.479745,37.36896
86.6139,104.43275,3.5318038,17.818848,20.572735
6.9977255,5.4870386,2.040269,1.5106869,21.588257
0.0,0.9776628,1.2894206,0.9776628,97766280.0
0.0,2.5480309,1.091797,2.5480309,254803090.0
0.0,3.3221056,1.2126423,3.3221056,332210560.0
15.7189455,12.316051,1.3287928,3.402895,21.648367
9.127313,6.618931,1.4532092,2.5083818,27.482151
17.868038,12.175959,1.3254318,5.6920795,31.856209
7.103755,8.348291,1.0009229,1.2445364,17.519417
9.9983425,7.8682594,1.0243216,2.130083,21.304361
0.0,0.39463997,1.0532309,0.39463997,39463996.0
0.0,0.0,1.0158467,0.0,0.0
34.459698,30.518635,1.420319,3.941063,11.436731
0.0,5.5807934,1.1868961,5.5807934,558079360.0
31.591267,19.87306,1.2954124,11.718206,37.093185
0.0,0.0,4.055512,0.0,0.0
24.197683,5.957855,1.1939188,18.239828,75.3784
4.486211,4.254213,1.5344157,0.23199797,5.1713567
5.496188,7.6192007,2.8163145,2.1230125,38.627
7.1385064,6.7977543,1.302126,0.34075212,4.773437
3.615509,9.970987,2.305415,6.3554783,175.78378
8.162428,13.865722,1.9041553,5.703294,69.87252
11.150291,9.039309,1.894398,2.110983,18.932087
10.15811,8.647085,1.3757552,1.5110245,14.875055
33.163807,6.4850883,1.2166411,26.678719,80.44528
18.313923,8.155418,4.975981,10.1585045,55.468754
3.3184533,3.8201845,1.3166505,0.50173116,15.119428
13.812279,9.601031,1.7236122,4.2112474,30.489159
0.65012497,6.2739697,1.2076167,5.6238446,865.0405
4.6636133,8.709579,5.431845,4.045966,86.75604
0.0,2.6475554,4.61367,2.6475554,264755520.0
12.29182,13.913501,2.7129855,1.6216812,13.193174
0.0,1.0815094,2.134074,1.0815094,108150936.0
5.8976736,2.9437373,1.9055185,2.9539363,50.086468
36.990234,29.678104,1.7613974,7.31213,19.76773
12.258028,11.791163,1.8930075,0.4668646,3.8086436
87.658585,83.53741,2.5945578,4.1211777,4.7013965
8.197216,3.6259987,1.7597907,4.5712175,55.765488
9.272325,5.899649,1.1839992,3.3726754,36.37357
0.0,5.8021207,1.1152242,5.8021207,580212100.0
0.0,0.0,1.5261283,0.0,0.0
6.661338e-14,8.414234,1.2051733,8.414234,841423400.0
9.652574,4.895225,1.5597199,4.7573485,49.285805
0.0,0.0,1.2952998,0.0,0.0
0.0,0.09664035,1.6621727,0.09664035,9664035.0
25.979385,16.76316,1.1934346,9.216225,35.475143
8.867475,4.2436066,0.94082785,4.623868,52.14414
58.287567,53.76399,1.4751307,4.5235786,7.7607946
0.0,0.27566934,1.5929193,0.27566934,27566932.0
6.6333995,8.0070915,5.334088,1.373692,20.70872
5.0756783,12.562969,1.4327974,7.487291,147.5131
0.0,0.0,1.9256938,0.0,0.0
4.629043,3.2141285,1.0488583,1.4149146,30.566027
0.0,0.3097489,1.0032707,0.3097489,30974888.0
4.8597507,6.7956886,3.7767165,1.9359379,39.836155
0.0,0.0,1.5444164,0.0,0.0
0.0,1.0255868,4.9602137,1.0255868,102558690.0
0.0,0.8902085,1.1450754,0.8902085,89020850.0
14.696203,10.081348,1.2062963,4.614855,31.40168
14.318753,14.633154,4.136901,0.31440067,2.1957266
0.0,0.0,1.057404,0.0,0.0
6.5391245,5.638399,1.9027213,0.90072536,13.774404
38.485367,37.095203,1.4953505,1.3901634,3.612187
11.817606,9.571232,5.307461,2.2463741,19.008707
7.444227,4.1759295,1.0508004,3.2682977,43.90379
0.0,12.450718,1.3519281,12.450718,1245071700.0
3.6800435,7.3093224,1.3010724,3.629279,98.620544
12.200069,8.732508,2.2018557,3.4675617,28.422474
11.897431,13.814924,1.2225956,1.9174929,16.116863
7.7150216,4.7129607,1.1947117,3.002061,38.911892
10.403565,9.352649,0.9926143,1.0509167,10.101505
0.0,0.0,1.1878767,0.0,0.0
0.0,0.0,1.285965,0.0,0.0
0.0,8.364596,1.3242823,8.364596,836459650.0
10.571012,8.666839,3.5925481,1.9041729,18.013157
0.0,0.0,3.6840794,0.0,0.0
11.302171,7.286858,1.2849159,4.0153127,35.526917
2.7878866,6.800198,3.092851,4.0123115,143.91946
11.773201,10.217024,1.2559627,1.5561771,13.21796
0.0,0.7722595,0.9730936,0.7722595,77225944.0
12.106098,6.7969904,1.1649218,5.309108,43.85482
4.463646,6.350175,1.5688113,1.886529,42.264305
0.0,0.8982682,1.1276495,0.8982682,89826824.0
43.263023,34.650578,1.7484447,8.612446,19.907175
0.0,6.666582,1.1026703,6.666582,666658200.0
8.72477,5.377455,1.3124231,3.3473144,38.36565
18.670053,17.78069,1.4363068,0.88936424,4.763587
48.390152,11.91123,1.336216,36.47892,75.38501
0.0,1.9689815,1.3589528,1.9689815,196898140.0
3.4204762,5.6589384,3.2254422,2.2384622,65.443
13.74627,11.213642,5.4309926,2.532628,18.42411
7.0431247,5.5304146,1.4346007,1.5127101,21.477827
0.0,1.3310449,1.1481179,1.3310449,133104500.0
0.0,0.0,1.148451,0.0,0.0
8.917869,5.820199,1.3043163,3.0976696,34.73554
12.102334,13.364694,1.3100733,1.2623596,10.430712
0.0,3.5701046,1.0489583,3.5701046,357010460.0
0.5680187,2.2610872,1.3388813,1.6930685,298.06564
10.310634,8.477796,3.0352542,1.832838,17.776194
6.57419,9.71447,2.652887,3.1402798,47.766792
0.0,0.0,1.3982897,0.0,0.0
12.29322,9.99363,5.4552555,2.2995892,18.70616
0.0,7.1594505,5.420441,7.1594505,715945100.0
11.986133,17.042791,1.6025443,5.0566587,42.187576
9.534773,9.163297,1.3164535,0.37147617,3.896015
10.773465,6.477072,1.1250256,4.2963934,39.879402
0.0,0.14741349,1.3910763,0.14741349,14741349.0
0.0,2.7774918,1.2711897,2.7774918,277749200.0
1.0542709,9.546339,2.5962396,8.492068,805.4921
0.0,0.0,2.153085,0.0,0.0
3.1547465,9.270131,1.2654375,6.1153846,193.84709
6.4526,6.130498,1.4657876,0.32210207,4.991818
22.286005,6.911811,1.5547944,15.374194,68.98587
13.985647,11.379288,1.6291218,2.6063595,18.63596
0.0,0.0,3.010666,0.0,0.0
0.0,1.4712045,1.1080523,1.4712045,147120450.0
0.0,4.534909,5.046558,4.534909,453490880.0
0.0,2.2643828,1.575821,2.2643828,226438270.0
0.59574556,6.220994,0.9627393,5.6252484,944.23676
0.0,6.586224,1.0704819,6.586224,658622460.0
0.0,3.0866888,1.0318798,3.0866888,308668900.0
6.756948,4.825118,1.2917225,1.9318299,28.590275
118.37768,27.083578,1.6689497,91.2941,77.12105
0.0,5.9977155,1.1201782,5.9977155,599771500.0
0.0,1.1222391,1.0877417,1.1222391,112223900.0
18.250854,13.457703,1.2168746,4.793152,26.262615
0.0,0.0,1.1345599,0.0,0.0
0.0,0.0,1.5570408,0.0,0.0
8.042929,5.222733,0.9879571,2.8201957,35.06429
8.918173,11.307798,1.1339823,2.3896255,26.795013
14.358515,8.596589,1.1751631,5.7619257,40.128983
8.400553,5.2806487,1.0915236,3.119904,37.13927
0.0,0.0,1.1693089,0.0,0.0
7.1222787,9.449399,1.2256868,2.3271203,32.673817
13.359273,6.078374,1.2333124,7.280899,54.500713
0.0,5.8870287,5.208504,5.8870287,588702900.0
46.65566,39.121227,2.7358549,7.5344315,16.14902
19.07591,20.555017,3.5863965,1.4791069,7.7537947
14.7095375,8.389961,2.3072202,6.3195763,42.96244
14.486372,12.741823,5.0499487,1.7445488,12.042689
0.0,6.734185,1.1090432,6.734185,673418500.0
0.0,5.9605713,1.4513226,5.9605713,596057150.0
85.056114,72.39702,3.2023544,12.659096,14.883228
0.0,2.3727455,1.4076627,2.3727455,237274540.0
0.0,0.0,1.3233176,0.0,0.0
0.0,7.5560875,1.3975453,7.5560875,755608770.0
17.186493,15.722178,2.8882487,1.4643145,8.520146
30.734774,6.591859,3.9406288,24.142914,78.552444
0.0,0.0,3.1258352,0.0,0.0
0.0,0.95209837,1.2097518,0.95209837,95209840.0
0.0,0.0,1.1488985,0.0,0.0
9.150517,5.8221645,1.754175,3.328353,36.373386
0.0,0.39593148,1.5061964,0.39593148,39593148.0
11.074984,13.534851,2.4221408,2.4598675,22.211027
7.830214,7.912668,1.4905922,0.082454205,1.0530262
76.39004,143.66983,1.1559309,67.27979,88.07404
11.945304,12.315948,3.7137425,0.37064362,3.1028395
0.037379183,10.796362,1.1155466,10.758983,28783.355
0.0,5.206276,4.7025104,5.206276,520627550.0
5.97709,6.6233044,1.1351624,0.6462145,10.811523
1.9592817,8.875176,1.4697725,6.9158945,352.98114
0.0,0.0,1.1505607,0.0,0.0
3.1042295,2.5867188,1.8559221,0.51751065,16.671146
4.0480666,4.926632,3.129494,0.8785653,21.703331
0.0,5.4765115,1.4674549,5.4765115,547651140.0
22.706865,10.540109,1.1499273,12.166757,53.58184
0.0,3.9220057,2.8017128,3.9220057,392200580.0
0.0,3.0835526,1.2968155,3.0835526,308355260.0
0.0,1.5199308,0.97202873,1.5199308,151993090.0
24.08056,18.187302,4.9814787,5.893259,24.473099
0.0,0.28176355,1.3857412,0.28176355,28176356.0
11.8542,10.27025,1.0703162,1.58395,13.361931
7.7223716,5.672886,1.750399,2.0494857,26.539589
8.803785,13.455731,1.1253206,4.651946,52.840294
5.6299496,3.2816515,1.5822635,2.348298,41.71082
3.5851176,4.880968,3.020632,1.2958505,36.14527
0.0,0.69031405,1.7491324,0.69031405,69031400.0
16.418972,9.219983,1.3463076,7.198989,43.84555
0.0,8.146427,1.4750932,8.146427,814642700.0
0.0,0.14528012,1.2895745,0.14528012,14528012.0
22.166777,9.709472,1.3603717,12.457305,56.19809
0.0,1.21683,1.3708171,1.21683,121683000.0
0.0,0.3061862,1.109413,0.3061862,30618620.0
17.930399,15.52798,1.0980725,2.402419,13.3985815
0.0,0.0,1.083556,0.0,0.0
14.155101,17.56862,4.0972404,3.4135199,24.115122
8.601562,4.6802344,5.4663506,3.921327,45.58855
0.0,15.149191,1.8210675,15.149191,1514919000.0
20.345675,12.219954,1.0536618,8.125721,39.93832
0.0,1.7530265,1.3882077,1.7530265,175302640.0
10.240646,8.264022,1.4246104,1.9766245,19.301754
0.0,0.8394692,1.2453918,0.8394692,83946920.0
9.756024,10.786532,2.408897,1.030508,10.562787
0.0,6.4076195,5.072286,6.4076195,640762000.0
0.0,0.79154277,2.361835,0.79154277,79154270.0
0.0,1.2478712,1.8896443,1.2478712,124787120.0
20.919098,16.42221,1.5907369,4.496887,21.496563
0.0,1.1230297,1.0463002,1.1230297,112302970.0
8.0495615,6.6759844,1.655832,1.3735771,17.064
6.868463,7.8231974,1.3824408,0.9547343,13.900262
9.6127825,1.6588447,2.012609,7.9539375,82.74334
94.227936,101.76421,2.8885422,7.536278,7.9979234
8.990181,8.899836,1.2143477,0.09034538,1.004934
12.26737,13.748171,4.869067,1.4808006,12.071052
9.560688,8.663383,1.4997967,0.8973055,9.385365
7.085432,8.8590765,1.6325842,1.7736444,25.032269
12.263559,5.0040607,5.4655924,7.2594986,59.195686
1.0773821,7.0366,1.3672539,5.959218,553.12024
0.0,14.243353,1.1954857,14.243353,1424335400.0
0.0,6.1724987,1.052595,6.1724987,617249860.0
10.34286,9.502965,4.227901,0.83989525,8.120532
0.0,5.8207645,1.1291733,5.8207645,582076500.0
6.160595,2.1274493,1.2833891,4.033146,65.46682
0.0,13.265366,1.5795724,13.265366,1326536600.0
0.0,0.59498,0.9972154,0.59498,59498000.0
0.0,0.0,1.2132131,0.0,0.0
0.0,0.0,1.5443392,0.0,0.0
5.378305,9.11739,2.5816207,3.7390847,69.52162
22.094809,10.657646,1.2486826,11.437162,51.764023
0.0,4.823468,1.541254,4.823468,482346850.0
0.0,0.0,1.3617793,0.0,0.0
7.8431053,15.89558,2.8652093,8.052475,102.66947
6.9124637,3.3344538,1.0748278,3.5780098,51.76172
0.0,0.0,1.6455969,0.0,0.0
0.0,0.5448313,1.2040039,0.5448313,54483130.0
28.138819,27.754377,1.1290027,0.38444138,1.3662314
6.733248,13.8163185,1.1986923,7.0830703,105.19544
7.75945,19.883587,4.5886087,12.124137,156.24995
7.85307,9.765122,4.710715,1.9120526,24.347837
0.0,10.447161,1.6344706,10.447161,1044716100.0
0.0,0.07471442,1.620183,0.07471442,7471442.0
0.0,3.26681,3.788205,3.26681,326681000.0
16.898182,8.873567,1.2134733,8.024615,47.48804
14.821317,13.064465,1.3350779,1.7568521,11.85355
52.218533,58.7809,4.317697,6.5623665,12.5671215
0.0,0.8885329,1.1643108,0.8885329,88853290.0
5.6028414,12.288304,1.3639723,6.685463,119.322716
7.471923,5.975253,1.3789424,1.4966698,20.030584
13.148242,8.583588,4.9242163,4.5646544,34.716843
12.580774,8.538419,1.3542117,4.0423555,32.131214
0.0,0.0,1.5585688,0.0,0.0
11.957503,10.255279,4.3816395,1.7022247,14.23562
2.00183,0.4600308,2.6106179,1.5417993,77.019485
0.0,7.579668,2.43567,7.579668,757966800.0
15.659567,12.400145,1.142398,3.2594223,20.814257
0.0,0.0,1.873836,0.0,0.0
18.440262,10.506053,1.1368423,7.934209,43.026554
0.0,0.0,1.1492802,0.0,0.0
0.0,0.0,1.2720529,0.0,0.0
0.0,5.1089716,1.2555997,5.1089716,510897150.0
0.0,3.4872453,1.2590767,3.4872453,348724500.0
0.0,5.60804,1.2797353,5.60804,560804000.0
0.0,4.1131897,1.1885237,4.1131897,411318980.0
0.0,0.87107587,0.9223964,0.87107587,87107590.0
0.0,3.1464968,1.3173804,3.1464968,314649700.0
3.452941,14.862256,1.3175867,11.409315,330.42313
0.0,0.3119743,1.8113706,0.3119743,31197430.0
1.8090572,8.04114,1.0952532,6.2320824,344.49338
0.0,10.395843,1.2208283,10.395843,1039584260.0
8.881784e-14,5.561921,1.4858842,5.561921,556192100.0
6.120551,10.014536,4.516533,3.8939848,63.62147
0.0,4.8416643,1.0437632,4.8416643,484166430.0
4.1946187,4.8544044,1.51948,0.65978575,15.729339
0.0,3.7887397,1.8642101,3.7887397,378873950.0
86.702484,98.75899,2.738927,12.056503,13.905603
3.1831331,4.792304,1.8431169,1.6091709,50.553047
0.0,0.0,2.0592632,0.0,0.0
0.0,0.8389721,1.1529843,0.8389721,83897210.0
9.890977,5.9616666,1.4483882,3.9293103,39.72621
8.7914915,5.8904057,2.7841668,2.9010859,32.99879
3.4773335,3.5193508,2.9506528,0.04201722,1.2083173
6.529367,3.4247813,0.95440704,3.1045856,47.548035
32.341667,15.3690815,1.2531213,16.972586,52.479008
0.0,0.0,1.3417622,0.0,0.0
0.0,3.600725,1.5207868,3.600725,360072480.0
0.0,0.0,1.0806803,0.0,0.0
10.768882,8.972953,3.9828405,1.795929,16.677023
4.440892e-14,4.2486925,1.5001267,4.2486925,424869250.0
13.656745,12.126311,1.6214727,1.5304337,11.20643
0.0,1.8538452,1.1923761,1.8538452,185384530.0
3.8440168,5.193342,1.3399734,1.3493254,35.101963
5.7750816,8.022185,1.4638807,2.2471037,38.910336
12.717041,9.359076,3.87619,3.3579655,26.405241
0.0,4.2760477,1.370952,4.2760477,427604770.0
5.405207,4.589532,1.1881987,0.81567526,15.090546
79.81836,84.47671,2.9722495,4.658348,5.8361864
13.280652,6.186014,1.3211617,7.094638,53.420856
0.0,6.084857,1.2323043,6.084857,608485700.0
0.0,5.9837427,1.0493219,5.9837427,598374300.0
51.619953,52.20877,3.337961,0.5888176,1.1406783
178.59045,168.69933,1.556555,9.891129,5.538442
16.959566,21.077883,1.7615998,4.1183167,24.283148
0.0,6.5875883,1.406979,6.5875883,658758850.0
0.0,0.0,1.1989056,0.0,0.0
12.139838,6.6188393,1.1057354,5.520999,45.47836
6.9616356,4.564355,1.4862622,2.3972807,34.435596
0.0,3.9355285,3.1055672,3.9355285,393552860.0
0.0,7.42301,5.1656246,7.42301,742301000.0
2.2519882,8.484221,1.3394759,6.232233,276.7436
12.585592,10.022165,1.1902019,2.563427,20.36795
0.0,0.0,1.1723316,0.0,0.0
0.0,6.6323605,1.2367917,6.6323605,663236030.0
9.144477,10.159279,2.0404625,1.014802,11.09743
8.207352,9.808924,1.6096193,1.601572,19.51387
0.0,3.2364588,1.4048579,3.2364588,323645900.0
6.5102596,15.708315,5.074869,9.198055,141.28554
3.7800696,4.5373173,1.0577395,0.7572477,20.032639
0.0,0.0,0.8906916,0.0,0.0
0.0,8.911575,1.3952527,8.911575,891157500.0
13.114121,8.82723,1.2374077,4.286891,32.68912
1.2933191,4.98568,2.1455588,3.6923609,285.49496
38.61287,22.578001,1.2941322,16.034868,41.527264
10.7352085,7.081889,1.4332014,3.6533194,34.031193
19.331034,7.507907,1.299894,11.823127,61.161377
3.5675867,9.19092,1.2563454,5.623333,157.6229
8.881784e-14,7.0465584,1.3262756,7.0465584,704655800.0
0.0,11.249085,1.5268356,11.249085,1124908500.0
0.0,2.251165,0.9235041,2.251165,225116480.0
5.3610625,6.2196727,1.4875007,0.85861015,16.01567
9.415826,10.037399,1.8476378,0.62157345,6.6013694
17.322205,12.07576,1.4860306,5.2464447,30.287395
9.682607,8.429707,5.350611,1.2529001,12.939698
4.0337486,11.509682,1.4072657,7.475933,185.33464
8.767009,6.200196,1.4238491,2.566813,29.278093
0.0,2.0874758,1.1144329,2.0874758,208747570.0
0.0,0.0,1.670187,0.0,0.0
0.0,2.6412935,1.4500787,2.6412935,264129360.0
0.0,1.1912308,1.6476234,1.1912308,119123080.0
0.0,0.0,1.3232737,0.0,0.0
0.0,0.0,1.2912639,0.0,0.0
8.742158,6.667877,1.420374,2.0742807,23.727331
0.0,0.0,3.0844398,0.0,0.0
0.0,4.7808,1.2081686,4.7808,478080000.0
8.454195,8.167484,1.5644752,0.28671074,3.3913429
0.0,4.915352,1.2539216,4.915352,491535200.0
10.8921,10.2213955,3.04437,0.67070484,6.1577177
5.0043855,7.225174,1.6004386,2.2207885,44.376846
0.0,6.5210013,1.2525625,6.5210013,652100160.0
6.350924,8.218161,1.1883953,1.8672366,29.401024
31.267084,24.296022,1.6118685,6.9710617,22.29521
11.741779,11.345081,2.8534577,0.396698,3.378517
9.993193,10.146081,3.381393,0.1528883,1.5299244
12.541774,12.624842,2.8117309,0.083067894,0.66232973
12.831663,7.334976,1.4758934,5.496687,42.836903
10.9715185,12.105973,1.3290095,1.1344547,10.339997
8.727722,5.476039,1.0869901,3.2516832,37.256954
0.0,0.0,1.2169342,0.0,0.0
10.231119,11.0327635,1.7508719,0.8016443,7.835353
14.681227,10.256765,4.95799,4.4244614,30.136864
52.54994,49.33073,3.1652372,3.2192078,6.125997
3.8244174,7.943815,1.6080194,4.119398,107.71309
35.459587,8.29594,1.1082734,27.163647,76.60452
0.0,4.3131933,1.1385782,4.3131933,431319330.0
12.535692,8.091258,5.3306236,4.444434,35.45424
13.137086,6.6132336,1.0245888,6.5238523,49.659813
0.0,0.0,2.825603,0.0,0.0
0.0,2.6806533,1.7212608,2.6806533,268065340.0
14.91711,12.139503,1.7515515,2.777608,18.620281
15.422511,12.025459,1.0757519,3.3970518,22.026579
16.384737,9.083603,5.3805285,7.301134,44.56058
0.0,1.2847333,1.485598,1.2847333,128473330.0
4.21493,3.6686316,1.3469514,0.5462985,12.961034
0.0,0.0,1.0698777,0.0,0.0
0.0,0.0,1.9996816,0.0,0.0
0.0,0.0,1.157307,0.0,0.0
0.0,2.3011448,1.136906,2.3011448,230114480.0
7.5877194,4.6206036,1.5034282,2.9671159,39.104183
0.0,0.0,1.5381379,0.0,0.0
6.6315184,8.531486,1.4108568,1.8999672,28.65056
0.43445817,8.49413,1.2967347,8.059672,1855.1089
0.0,2.286297,1.0982732,2.286297,228629710.0
24.78079,5.1624603,1.3068553,19.61833,79.16749
19.797588,15.868235,1.2148486,3.9293537,19.847637
0.0,0.0,1.0009762,0.0,0.0
0.0,0.0,1.2610732,0.0,0.0
1.8264105,2.7189863,1.804415,0.89257574,48.870487
8.209236,9.383702,2.5704625,1.1744661,14.306643
5.5619345,8.156774,1.5237932,2.594839,46.653538
5.7842975,8.529888,2.9886498,2.7455907,47.466278
12.819346,9.712982,1.3175852,3.1063643,24.231844
36.902233,8.308054,1.1449571,28.59418,77.48631
11.971223,10.4666605,1.4473106,1.5045624,12.568159
6.031085,9.157075,1.3578899,3.12599,51.831303
0.0,4.436813,5.343713,4.436813,443681280.0
2.4404106,4.822732,1.2997993,2.3823214,97.61969
11.175196,6.9263687,1.1787342,4.248827,38.020157
32.206356,22.426256,1.3455884,9.7801,30.366987
22.079657,26.06824,1.4666351,3.9885826,18.064514
10.236451,10.775123,1.3331234,0.5386715,5.2622876
11.323626,9.50927,3.3847077,1.8143559,16.022747
0.0,3.289626,1.1269474,3.289626,328962600.0
1.4019717,3.8731282,1.7510396,2.4711566,176.26294
0.0,2.7247605,1.206158,2.7247605,272476030.0
3.088116,3.4274611,1.8317633,0.33934522,10.988746
20.001106,19.135134,1.4968982,0.8659725,4.329623
11.045266,7.4420576,1.6112667,3.6032085,32.6222
0.0,3.0482557,1.3436422,3.0482557,304825570.0
1.3767724,7.229883,1.2538143,5.853111,425.13278
4.9953947,3.5950725,1.2505311,1.4003222,28.032265
0.0,0.0,1.2068552,0.0,0.0
21.340115,17.10654,2.7759326,4.233574,19.838572
0.0,0.0,1.2266544,0.0,0.0
0.0,0.0,1.6138122,0.0,0.0
13.42673,9.360737,1.3512895,4.0659933,30.282825
9.96953,10.123651,1.7276355,0.15412045,1.5459149
8.045589,6.924382,4.906631,1.1212072,13.935676
3.095711,6.6996937,1.493858,3.6039827,116.41857
0.0,10.881863,1.1930039,10.881863,1088186200.0
0.0,0.0,1.2928162,0.0,0.0
11.400685,6.654936,2.2362928,4.7457495,41.62688
0.7147131,8.599414,1.7237577,7.884701,1103.198
16.640392,11.373095,3.6780589,5.2672977,31.653688
9.765414,7.478635,1.6078397,2.2867794,23.417128
0.0,0.0,1.4233701,0.0,0.0
0.0,0.39191937,1.0287725,0.39191937,39191936.0
8.355901,8.942658,1.7290972,0.58675766,7.0220757
0.0,2.6125977,1.1137447,2.6125977,261259760.0
193.88892,122.767235,2.0069666,71.12168,36.681664
0.0,0.0,1.3386989,0.0,0.0
0.0,0.0,4.562084,0.0,0.0
0.0,2.948182,1.5399405,2.948182,294818200.0
10.764705,3.0420425,1.2631851,7.722662,71.74058
8.504253,8.625332,5.090114,0.12107849,1.4237404
189.00864,128.9211,1.9656004,60.08754,31.790895
0.0,6.2136555,2.5769765,6.2136555,621365570.0
0.0,6.5090404,1.3513806,6.5090404,650904060.0
0.0,3.7092624,1.2552769,3.7092624,370926240.0
0.0,4.5495367,1.1839967,4.5495367,454953660.0
3.727029,11.904729,2.532121,8.1777,219.41606
0.0,0.0,4.062546,0.0,0.0
9.287275,10.97831,5.207152,1.6910343,18.208076
0.0,0.0,1.2912942,0.0,0.0
0.0,1.0800686,1.5026325,1.0800686,108006856.0
7.502522,4.813749,1.1455092,2.6887732,35.838257
0.0,8.584267,1.2775335,8.584267,858426600.0
19.204363,14.023496,1.2025194,5.180867,26.977554
0.0,0.8421962,1.3106766,0.8421962,84219620.0
5.7296576,3.948245,2.14138,1.7814126,31.091084
7.6551814,4.315425,1.597334,3.3397565,43.6274
10.356062,9.749601,5.392407,0.6064606,5.8560925
10.800733,6.600374,1.5195842,4.2003584,38.88957
0.0,0.0,1.5953411,0.0,0.0
7.735061,7.6918306,1.781165,0.043230534,0.55889064
54.069965,49.26049,3.1649783,4.809475,8.894911
49.622593,15.206165,1.023896,34.416428,69.35637
0.0,2.8816984,1.1326224,2.8816984,288169820.0
130.11919,143.81505,2.0793486,13.695862,10.525628
6.9097486,7.674264,1.2570353,0.7645154,11.0643015
3.6346948,6.065367,0.9449676,2.4306724,66.87418
6.5925584,6.7050695,2.4974606,0.11251116,1.7066388
4.3150153,5.6970963,2.1672046,1.382081,32.02957
0.0,6.3387384,1.9285941,6.3387384,633873860.0
6.0171804,4.8751755,1.5548625,1.142005,18.979073
0.0,8.119768,1.4055325,8.119768,811976800.0
0.0,5.168676,5.4413853,5.168676,516867620.0
0.0,0.0,2.016365,0.0,0.0
0.91275007,6.448065,1.4722328,5.5353146,606.4436
3.9065166,3.7713807,1.5689578,0.13513589,3.4592428
0.0,6.222334,1.2205994,6.222334,622233400.0
0.0,0.0,1.4613652,0.0,0.0
6.3746943,6.5329013,1.2583675,0.15820694,2.4817965
0.0,0.0,1.2922769,0.0,0.0
37.329983,30.6931,1.4663217,6.636883,17.778961
2.5931752,6.828806,2.240965,4.235631,163.33765
0.0,1.0199778,1.609195,1.0199778,101997784.0
11.242952,4.2282524,2.6426847,7.0147,62.39197
119.50155,127.46783,1.8128768,7.966278,6.666255
69.53901,64.770515,2.1808388,4.7684937,6.857293
17.890583,15.086829,1.3315215,2.8037539,15.671675
7.8584256,4.259857,1.7198617,3.5985684,45.792484
2.2728622,4.323988,1.5209322,2.0511258,90.24418
6.905243,10.815245,1.8095839,3.9100018,56.62367
13.052125,11.752435,1.8747244,1.2996902,9.957691
4.1359034,5.2662787,0.96854734,1.1303754,27.330797
0.0,0.8590183,1.5331771,0.8590183,85901830.0
0.0,0.0,1.2232054,0.0,0.0
18.314882,15.107311,2.29231,3.207571,17.513468
0.0,0.9500878,1.0545945,0.9500878,95008780.0
9.02609,6.764325,1.4063091,2.2617645,25.058077
0.0,0.0,1.2397138,0.0,0.0
0.0,1.5104723,1.321812,1.5104723,151047230.0
0.0,0.0,1.3983612,0.0,0.0
17.388123,10.002346,4.794209,7.3857765,42.475986
17.996937,15.449114,1.2259281,2.547823,14.1569805
16.576359,7.9385386,1.1943573,8.63782,52.109276
0.0,1.3764338,1.1646123,1.3764338,137643400.0
42.250458,84.00943,1.3467467,41.758972,98.83674
8.14246,5.1005716,1.8467472,3.0418882,37.358345
10.63195,13.997029,2.698546,3.365079,31.650627
0.0,4.1137114,1.0328304,4.1137114,411371140.0
3.7507553,7.8340406,1.7607453,4.0832853,108.86568
120.8542,136.91379,3.319829,16.059586,13.288396
0.0,0.93782973,3.8355072,0.93782973,93782980.0
26.816946,25.081858,1.8082875,1.7350883,6.470119
0.0,2.972896,0.9087156,2.972896,297289600.0
0.0,4.142621,1.0834547,4.142621,414262100.0
0.0,6.9570374,1.2630621,6.9570374,695703740.0
15.995715,14.148391,1.4257112,1.8473244,11.54887
6.3750467,8.718134,1.0714232,2.3430872,36.75404
0.0,3.3195646,1.2149507,3.3195646,331956450.0
14.03834,7.9437838,1.2242497,6.094556,43.41365
0.0,0.0,2.7296479,0.0,0.0
24.750715,24.924923,1.655972,0.17420769,0.7038491
0.0,3.733863,1.1307245,3.733863,373386340.0
0.0,4.3993425,1.2202446,4.3993425,439934270.0
5.2310967,5.7239466,1.7311058,0.49284983,9.421538
9.513625,9.067423,1.5015678,0.44620228,4.6901393
37.23741,30.759497,1.1447638,6.477915,17.396255
0.0,3.6423416,1.1112716,3.6423416,364234180.0
10.625166,7.3261414,1.8603684,3.2990246,31.049158
13.292826,8.504841,1.1454734,4.787985,36.019318
0.0,4.261674,1.0823267,4.261674,426167400.0
5.0214453,8.840571,1.5851545,3.8191261,76.05631
12.978869,6.9996905,1.3755424,5.979179,46.068565
3.8402245,6.4662104,1.1797192,2.6259859,68.38105
0.0,1.3444917,1.238189,1.3444917,134449170.0
0.0,0.0,1.0545937,0.0,0.0
0.0,0.0,1.2953557,0.0,0.0
5.840468,10.715433,3.1258569,4.874965,83.46874
9.675547,6.3657303,1.4048924,3.3098164,34.208054
27.714539,28.966072,2.035895,1.2515335,4.5158014
0.0,8.276025,1.7780262,8.276025,827602500.0
0.0,0.44204116,1.7814953,0.44204116,44204116.0
10.691966,14.822967,4.2167926,4.1310005,38.63649
6.2481675,5.629686,1.7764766,0.61848164,9.898608
4.4595647,8.748572,5.2699056,4.2890077,96.175476
0.0,0.6590431,1.2085063,0.6590431,65904304.0
0.0,3.689924,1.0908437,3.689924,368992420.0
0.0,1.2690046,1.1121235,1.2690046,126900456.0
0.89660317,5.795884,1.0766921,4.899281,546.42694
0.0,0.0,2.296973,0.0,0.0
0.0,0.0,2.9603472,0.0,0.0
0.0,2.1774387,1.1571307,2.1774387,217743870.0
28.717464,29.112865,1.3921913,0.395401,1.376866
12.604828,13.7178545,2.0047348,1.1130266,8.830161
13.801152,16.96049,1.3347921,3.159337,22.891836
0.8294045,9.239883,1.0702174,8.410479,1014.03827
0.0,0.0,1.2145526,0.0,0.0
11.168941,10.943404,2.0370476,0.22553635,2.0193174
0.0,1.4737515,1.5719364,1.4737515,147375150.0
0.0,0.0,1.2330912,0.0,0.0
0.0,4.9273133,1.0977163,4.9273133,492731330.0
25.96466,12.9384575,5.4431596,13.026203,50.168972
7.050345,11.819077,2.7827342,4.7687316,67.638275
1.930034,6.3567753,2.8243847,4.426741,229.36078
0.0,0.0,2.3542566,0.0,0.0
0.0,4.1468015,1.0556854,4.1468015,414680160.0
0.0,2.2330499,1.324193,2.2330499,223305000.0
9.248431,6.6867433,1.632336,2.561688,27.698622
20.538685,16.268183,1.2470884,4.270502,20.79248
0.0,10.499619,1.343418,10.499619,1049961900.0
2.2880242,10.149385,1.4993585,7.8613615,343.58734
3.9966285,4.029851,1.0493156,0.033222437,0.8312616
3.4741368,8.167502,1.3187696,4.6933656,135.09444
13.265238,6.216049,1.0597788,7.0491886,53.140312
12.494197,6.2387276,1.2390106,6.2554693,50.066998
0.0,2.3123143,1.3802522,2.3123143,231231420.0
0.0,1.5303218,1.0363009,1.5303218,153032180.0
0.0,4.0049896,1.2002094,4.0049896,400498980.0
10.332936,8.666187,5.048625,1.666749,16.13045
7.1674905,6.2984886,1.5150996,0.86900187,12.124213
0.0,6.573867,2.2268903,6.573867,657386700.0
7.967459,5.930418,1.6794593,2.0370412,25.56701
0.0,0.8624859,1.2675008,0.8624859,86248590.0
0.0,0.0,1.5608091,0.0,0.0
5.434928,10.173948,2.3838162,4.7390203,87.19564
0.0,5.525296,1.1213456,5.525296,552529600.0
17.42705,9.389535,1.1082312,8.037515,46.120914
6.0257807,7.2478633,5.2889647,1.2220826,20.280901
0.0,0.0,1.2644861,0.0,0.0
34.913734,27.550966,1.6369543,7.362768,21.088457
10.266822,9.522415,2.2000635,0.7444067,7.2506056
0.0,0.48889327,2.1685336,0.48889327,48889330.0
9.028776,15.474965,1.7443851,6.446189,71.39604
0.0,4.170409,1.3404175,4.170409,417040930.0
0.0,5.141683,1.0066869,5.141683,514168350.0
0.0,0.38466144,1.5036991,0.38466144,38466144.0
0.0,5.1916294,2.3704123,5.1916294,519162980.0
24.142895,20.103865,1.6153402,4.03903,16.729685
16.904663,9.370941,1.3196639,7.533722,44.56594
8.009577,5.4398823,1.5429157,2.5696945,32.082775
176.2784,143.11601,1.4966605,33.162384,18.812506
14.08269,6.7252417,1.3494089,7.3574486,52.244625
6.6930513,5.2631564,1.5054257,1.4298949,21.36387
0.0,0.0,1.3105681,0.0,0.0
20.899168,20.322714,1.6824815,0.57645416,2.7582636
13.019179,10.6148205,5.383437,2.4043589,18.467821
46.090885,13.553915,1.2388674,32.536972,70.59307
0.0,0.0,1.6207479,0.0,0.0
4.708283,9.536253,1.50359,4.82797,102.54205
0.0,0.0,1.5374731,0.0,0.0
0.0,0.0,1.1088377,0.0,0.0
0.0,0.0,1.1824822,0.0,0.0
59.973225,32.979843,5.310001,26.993382,45.009056
6.178913,11.46997,1.3113283,5.2910566,85.63086
1.5974277,2.2840276,1.6465228,0.68659985,42.981594
0.33320764,7.7993727,1.3846653,7.466165,2240.6946
0.0,3.5952492,1.4351225,3.5952492,359524900.0
0.0,4.0050335,1.2102957,4.0050335,400503360.0
0.0,1.2558904,1.330117,1.2558904,125589030.0
10.345098,6.528817,1.2770071,3.8162804,36.889748
0.0,10.535392,5.3706694,10.535392,1053539200.0
0.0,5.5162945,1.1905063,5.5162945,551629440.0
7.641802,6.0648947,1.5523623,1.5769072,20.63528
10.784394,9.031497,5.0013857,1.7528973,16.254017
45.511616,30.663866,1.5185992,14.84775,32.62409
3.545138,10.315841,1.289394,6.770703,190.98561
0.0,0.0,1.2483603,0.0,0.0
1.8143829,3.9600034,1.3870682,2.1456203,118.25621
10.291644,8.378949,1.2729186,1.9126949,18.584932
13.438807,9.11498,1.1205016,4.323827,32.174187
1.1000898,9.463263,1.5641198,8.363173,760.2264
25.484026,18.925676,3.6312203,6.5583496,25.73514
11.4258795,7.0566015,0.93666464,4.369278,38.24019
8.930824,9.453479,2.5298889,0.52265453,5.852254
0.0,0.0,1.2203735,0.0,0.0
0.0,1.0364995,1.3505801,1.0364995,103649950.0
30.07042,23.293571,2.0781765,6.776848,22.536592
6.378218,9.321865,2.4584887,2.943647,46.151554
0.0,2.2912042,1.4283283,2.2912042,229120420.0
0.0,4.4047513,0.97249854,4.4047513,440475140.0
7.050757,6.8802404,1.3797492,0.17051649,2.4184139
7.0860715,10.923835,0.98992056,3.8377633,54.159252
0.0,0.0,1.68964,0.0,0.0
0.0,0.0,1.2190843,0.0,0.0
0.0,0.6299772,1.1957227,0.6299772,62997724.0
0.0,11.057833,1.6745905,11.057833,1105783300.0
13.516919,9.65279,1.6762674,3.864129,28.58735
0.0,2.6536818,2.7710643,2.6536818,265368160.0
0.7011402,4.953999,1.5561107,4.2528586,606.5632
42.967365,9.757892,1.3173507,33.209473,77.28999
0.0,8.532433,1.2059833,8.532433,853243260.0
7.101036,2.652896,1.1460943,4.44814,62.64072
0.0,5.4223824,1.3386447,5.4223824,542238200.0
0.0,4.0447025,1.5899843,4.0447025,404470240.0
11.587056,13.369919,1.8833789,1.7828627,15.386675
0.0,0.0,2.7331278,0.0,0.0
0.0,0.0,1.5449764,0.0,0.0
0.0,0.0,1.2233535,0.0,0.0
0.0,3.290817,1.2292546,3.290817,329081700.0
0.0,2.3234012,1.5916802,2.3234012,232340110.0
0.0,0.0,1.1289208,0.0,0.0
0.0,4.1517663,1.5025322,4.1517663,415176640.0
0.0,4.112733,1.2139691,4.112733,411273280.0
19.692139,8.755843,4.9295015,10.9362955,55.53635
0.0,0.72786355,1.1800481,0.72786355,72786350.0
1.2643931,6.7308683,1.3582388,5.4664755,432.33984
6.200707,9.850608,2.0599303,3.649901,58.862656
4.981591,3.9661233,1.1594146,1.0154679,20.384409
12.328901,12.513104,1.3741474,0.18420315,1.4940759
8.534092,11.165339,2.470259,2.6312475,30.832191
56.22324,45.88843,1.7371619,10.334808,18.381737
0.0,10.694536,1.4587413,10.694536,1069453630.0
5.897408,5.038732,1.0071292,0.85867596,14.560227
0.0,10.799197,1.40494,10.799197,1079919700.0
12.712701,11.889878,1.9294331,0.8228226,6.472445
0.0,3.7301967,1.4367503,3.7301967,373019680.0
8.857323,7.47721,1.1118757,1.3801126,15.5816
32.400326,15.721123,1.4110657,16.679203,51.478504
0.0,6.794549,1.7707113,6.794549,679454900.0
6.02697,5.4017057,1.4384856,0.62526417,10.374436
0.0,9.149431,1.2960652,9.149431,914943100.0
4.227691,8.603909,4.5290933,4.3762174,103.513176
0.0,0.32335925,4.328846,0.32335925,32335926.0
0.0,0.0,1.1796722,0.0,0.0
0.0,2.4395852,1.0865654,2.4395852,243958530.0
11.434358,8.509983,1.3054067,2.9243746,25.57533
0.0,5.380471,1.0275176,5.380471,538047100.0
0.0,2.4693563,1.317856,2.4693563,246935620.0
0.0,4.7731247,1.2312305,4.7731247,477312480.0
9.068011,11.050393,2.368858,1.9823818,21.861263
0.0,0.7867937,1.1529826,0.7867937,78679370.0
4.3564095,6.915466,1.078769,2.5590563,58.742325
54.964672,48.79852,1.6369333,6.166153,11.218393
8.876192,9.420332,2.3904157,0.54413986,6.13033
0.0,8.3980875,1.062379,8.3980875,839808800.0
87.56036,78.93561,1.6258674,8.624756,9.850068
10.596257,7.445049,5.4405494,3.1512084,29.738882
0.0,6.709749,1.4929097,6.709749,670974900.0
14.54511,8.210316,1.2590524,6.334794,43.552742
0.0,2.466575,1.1766262,2.466575,246657490.0
13.470742,11.237305,1.5825739,2.2334375,16.579914
9.457302,10.242472,4.4251337,0.7851696,8.302258
0.0,3.3066175,1.3091054,3.3066175,330661730.0
16.502827,17.563892,1.4435697,1.0610657,6.4296
0.0,0.29061007,1.4453311,0.29061007,29061008.0
12.325455,16.36647,1.5653661,4.0410156,32.785934
0.0,5.460451,1.4452004,5.460451,546045100.0
0.0,5.520129,1.73153,5.520129,552012900.0
0.0,4.8020573,1.574128,4.8020573,480205730.0
0.0,9.532658,1.3085953,9.532658,953265700.0
63.984325,83.51348,4.754131,19.529156,30.52178
11.551726,11.356959,5.2913465,0.194767,1.6860423
0.0,0.13346076,1.1584667,0.13346076,13346076.0
25.462795,19.539488,2.035759,5.9233074,23.262598
11.065676,5.6815124,1.0616678,5.3841634,48.656433
7.3536315,6.549553,1.7564281,0.8040786,10.9344425
5.497595,6.839576,5.310039,1.3419809,24.410328
14.283732,9.666111,4.137897,4.6176214,32.327835
7.0864835,10.038283,1.2936885,2.9517999,41.653946
0.0,0.0,1.2761637,0.0,0.0
0.0,0.0,3.197515,0.0,0.0
11.849736,12.033987,2.191839,0.18425083,1.554894
10.748863,10.227156,1.216583,0.52170753,4.8536067
0.0,0.8119874,1.2140037,0.8119874,81198740.0
0.0,1.659064,0.9956544,1.659064,165906400.0
90.2735,80.71619,3.2459347,9.557312,10.587063
10.222993,13.256106,2.9556997,3.0331135,29.669525
2.4837823,3.9974031,1.0892978,1.5136209,60.94016
10.053607,7.424862,1.407122,2.628745,26.147284
12.177455,7.3243914,1.4336578,4.8530636,39.852856
15.633155,9.505353,1.1110966,6.127802,39.197475
0.0,6.2159595,2.7278683,6.2159595,621595970.0
6.2045794,3.2934442,1.2475969,2.9111352,46.91914
0.0,1.158833,1.2423911,1.158833,115883304.0
0.0,6.516345,1.0059904,6.516345,651634500.0
1.8940735,8.100159,2.6477776,6.206085,327.6581
0.0,6.3239193,1.828569,6.3239193,632391940.0
8.452396,8.455268,3.7468145,0.0028715134,0.033972774
11.33166,10.313227,1.511765,1.0184336,8.987505
4.6445584,1.5620172,2.1588001,3.0825412,66.36887
0.0,8.136798,1.4240962,8.136798,813679800.0
0.0,4.81573,1.085668,4.81573,481573000.0
18.924507,10.040091,1.217503,8.884417,46.94662
145.88106,154.32626,2.0869505,8.445206,5.7891035
9.024882,9.579839,3.1108046,0.55495644,6.149182
11.547933,7.0402856,1.2005764,4.507647,39.034233
6.661338e-14,7.758587,4.037902,7.758587,775858700.0
8.224109,3.8688297,1.6798857,4.355279,52.95746
14.00315,9.290444,1.1635636,4.7127056,33.65461
16.174355,16.183512,3.0426419,0.009157181,0.05661543
13.14529,9.951273,1.3198589,3.1940174,24.297808
2.8043058,10.992069,1.9296579,8.187763,291.97113
0.0,4.169819,4.1665015,4.169819,416981900.0
2.7632196,4.214403,1.578846,1.4511836,52.517853
15.386829,17.383617,4.690364,1.996788,12.977255
0.0,5.5766363,1.3950483,5.5766363,557663600.0
10.357064,12.2574625,1.5359942,1.9003983,18.348812
0.0,5.1366673,0.9977508,5.1366673,513666750.0
13.077952,18.445213,1.8308369,5.367261,41.040527
7.5207086,5.4859295,1.0852033,2.034779,27.055683
0.0,2.2106423,1.2129529,2.2106423,221064240.0
6.432962,6.0199547,0.9510758,0.41300726,6.4201727
9.444176,5.031181,3.7320724,4.412995,46.727158
0.0,7.636011,1.26063,7.636011,763601150.0
8.425097,7.0983057,2.9874697,1.3267918,15.748087
16.449507,14.730356,2.1341393,1.7191505,10.4510765
26.505901,32.255974,1.4616053,5.7500725,21.693556
13.485267,8.145607,1.0382657,5.3396597,39.596245
41.239113,47.477005,2.732126,6.237892,15.126154
12.943018,13.948116,2.7538538,1.0050983,7.765564
10.769176,11.605725,3.3589492,0.83654976,7.768002
0.0,0.0,1.4600927,0.0,0.0
0.0,3.9013853,0.994767,3.9013853,390138530.0
32.57004,11.3914,1.9179878,21.178642,65.02492
0.0,0.95244575,1.3442036,0.95244575,95244580.0
177.53601,163.69481,1.3038058,13.841202,7.796278
0.0,0.0,1.3879287,0.0,0.0
0.0,0.0,1.2692399,0.0,0.0
25.878565,18.39018,2.8905587,7.4883842,28.93663
5.657549,9.103424,1.1968156,3.4458752,60.907566
0.0,6.9694395,1.3129389,6.9694395,696944000.0
0.0,0.08797431,3.3380206,0.08797431,8797431.0
0.21438967,3.743398,1.4966917,3.5290084,1646.0721
4.3693075,6.637039,1.2209493,2.2677317,51.901398
0.0,0.0,1.7217709,0.0,0.0
62.6391,27.611883,5.309894,35.027214,55.91909
51.201466,17.449474,1.5802339,33.75199,65.919975
14.099337,12.336878,1.2233083,1.7624588,12.500296
8.01017,10.799862,2.679329,2.789692,34.826874
0.0,5.9149933,1.1687965,5.9149933,591499300.0
0.0,1.6505334,1.3479451,1.6505334,165053340.0
25.876093,20.259361,1.3016938,5.6167316,21.706259
12.560932,12.072086,3.130428,0.48884583,3.8917959
5.726972,3.0083866,1.7341133,2.7185855,47.469856
8.446306,6.852785,1.4999799,1.5935211,18.866486
16.284163,12.522173,1.2664402,3.7619896,23.102139
0.0,0.0,1.1212921,0.0,0.0
0.9451136,7.8564243,0.93589866,6.9113107,731.2677
29.203615,12.389544,1.1572015,16.814072,57.57531
0.0,5.404228,1.1699742,5.404228,540422850.0
9.479257,8.437821,5.01527,1.0414352,10.986465
52.808586,59.72176,1.4515834,6.9131737,13.091003
0.0,2.910095,1.1132334,2.910095,291009500.0
14.729891,6.9356556,1.282114,7.794235,52.914413
41.828835,21.962727,1.2096375,19.866108,47.493813
0.0,0.0,1.2152678,0.0,0.0
0.0,0.0,1.0001489,0.0,0.0
64.09761,130.9959,2.7812872,66.898285,104.36939
19.377546,10.195194,4.6452975,9.182352,47.38656
0.0,1.0476773,1.2093757,1.0476773,104767730.0
1.2345293,2.172053,1.6381662,0.93752384,75.9418
28.891388,8.510234,1.217398,20.381153,70.544044
75.67455,70.87354,2.866278,4.80101,6.344286
10.258564,8.379004,1.657418,1.8795605,18.321867
28.13378,21.49405,1.9350991,6.6397305,23.600563
10.127287,8.439666,2.5040267,1.6876211,16.664099
71.22039,109.589035,1.860641,38.368645,53.87312
14.070642,12.350128,1.3982221,1.7205143,12.227688
177.98921,152.68358,1.8389677,25.305634,14.21751
0.0,0.41660905,2.7122595,0.41660905,41660904.0
45.38509,51.378788,1.7569411,5.993698,13.206315
9.750873,10.428407,1.5088881,0.6775341,6.948446
3.1478596,3.384869,1.7993922,0.23700953,7.529228
13.5618725,8.833203,5.334146,4.728669,34.86738
0.0,1.306514,1.0838429,1.306514,130651400.0
0.0,1.4212291,1.2851897,1.4212291,142122910.0
0.0,0.0,1.444203,0.0,0.0
0.0,8.64389,1.3934792,8.64389,864389060.0
0.0,6.266295,1.417716,6.266295,626629500.0
12.492486,9.80036,1.4134002,2.6921263,21.549963
0.08873833,6.861744,4.5190396,6.7730055,7632.559
0.0,0.0,4.7036834,0.0,0.0
36.126686,19.329685,1.2688882,16.797,46.494717
14.893033,5.3028145,1.3888409,9.590219,64.39399
2.8788102,8.20848,1.1718255,5.32967,185.13446
9.391571,6.5805063,1.268574,2.8110647,29.931784
0.0,5.2555485,2.501589,5.2555485,525554880.0
0.0,1.0766656,1.9556113,1.0766656,107666570.0
12.442536,12.694734,2.627087,0.25219727,2.026896
1.317004,0.4919803,4.5479984,0.82502365,62.64398
2.8624377,6.396433,1.2213328,3.5339952,123.46103
10.111907,8.387659,1.0365595,1.7242479,17.051659
0.0,1.1614304,1.0197755,1.1614304,116143040.0
15.08284,9.861127,1.1702676,5.221713,34.620224
47.15268,30.071024,1.3592187,17.081656,36.226265
3.5229533,9.269785,1.3537828,5.746832,163.1254
8.251097,5.5348473,1.461694,2.7162495,32.919857
0.0,7.3222027,1.2654895,7.3222027,732220300.0
0.0,3.4994912,1.5242851,3.4994912,349949120.0
0.0,0.0,2.5527434,0.0,0.0
0.0,0.0,1.291518,0.0,0.0
0.0,5.7608013,1.2454493,5.7608013,576080100.0
12.522713,9.836876,1.0233594,2.6858368,21.447723
0.0,2.0280473,4.575997,2.0280473,202804740.0
10.022353,8.7261915,1.2308223,1.2961617,12.932708
0.0,0.0,3.06252,0.0,0.0
10.039236,21.06215,5.2021427,11.022913,109.79832
0.0,1.0402887,1.2508551,1.0402887,104028870.0
0.0,2.2797568,1.3239927,2.2797568,227975680.0
8.638391,11.393211,2.0364292,2.7548208,31.890442
0.0,0.048219442,1.2273049,0.048219442,4821944.0
24.89156,22.34759,1.8570405,2.54397,10.220211
5.9207716,5.982338,1.6412058,0.061566353,1.0398366
11.971542,3.9611242,5.4665585,8.010418,66.91216
49.59478,49.547424,2.883887,0.04735565,0.09548515
8.862185,5.2215343,1.1147897,3.6406503,41.080734
0.0,0.0,1.7332696,0.0,0.0
84.73691,82.791534,2.3046987,1.9453735,2.2957807
10.316452,20.838741,1.5565035,10.522289,101.99523
0.0,0.34590292,1.0955822,0.34590292,34590292.0
0.0,1.7190378,2.3322608,1.7190378,171903780.0
6.7780123,6.0139456,1.4037292,0.7640667,11.272725
6.8600616,7.683629,4.323207,0.8235674,12.005247
5.0160427,6.064067,1.7473851,1.0480242,20.893446
0.0,1.8911717,1.1943789,1.8911717,189117170.0
0.0,1.3813958,1.1523497,1.3813958,138139580.0
0.0,0.0,1.2068149,0.0,0.0
0.0,1.5675781,1.5227482,1.5675781,156757810.0
0.0,0.0,1.6265863,0.0,0.0
0.0,4.35472,1.6222724,4.35472,435472030.0
6.6324215,12.491541,2.0624187,5.8591194,88.340576
1.1059132,8.443632,1.3360876,7.337719,663.49866
0.0,3.07995,1.1806097,3.07995,307995000.0
7.2532997,6.8446903,1.423216,0.4086094,5.6334276
0.6799193,9.045376,1.7787673,8.365457,1230.3602
40.14928,29.106226,1.4145697,11.043055,27.504986
50.99627,29.198835,4.975176,21.797434,42.743195
0.0,1.2746904,2.452382,1.2746904,127469040.0
10.756264,9.675156,2.9434576,1.0811081,10.050963
19.04391,19.271841,2.0235145,0.22793198,1.196876
22.034132,21.62964,2.383059,0.40449142,1.8357493
9.686731,5.8626637,1.2135895,3.8240676,39.47738
18.59973,14.598391,1.1552294,4.001339,21.512888
9.395739,6.914669,1.7201644,2.4810696,26.406328
0.0,0.098252535,1.2854124,0.098252535,9825254.0
0.0,4.2521496,1.4061389,4.2521496,425214980.0
12.581905,5.8589306,4.131241,6.722975,53.433678
17.562216,10.130633,1.1920866,7.4315825,42.315746
13.5541525,9.606678,4.9972315,3.9474745,29.123728
0.0,3.0167494,1.1270472,3.0167494,301674900.0
0.0,5.789809,1.2266372,5.789809,578980900.0
0.0,4.999989,1.0887566,4.999989,499998900.0
4.112397,7.711074,1.284282,3.5986767,87.508
22.84709,11.14278,1.8175181,11.704309,51.228886
0.0,0.0,4.732146,0.0,0.0
10.315786,7.7407207,1.541116,2.5750656,24.962378
0.0,4.968657,1.2633837,4.968657,496865700.0
9.155181,9.880527,2.7603948,0.7253456,7.9227886
0.0,0.0,1.4507664,0.0,0.0
4.885694,6.6297617,2.0828786,1.7440677,35.69744
0.0,0.0,1.764065,0.0,0.0
0.0,3.7532592,1.262939,3.7532592,375325920.0
