y_true,y_pred,y_std,abs_error,rel_error_%
0.95419025,1.4482157,2.4752223,0.49402547,51.774315
1.2291563,1.0442336,1.9133323,0.1849227,15.044685
18.200472,5.4923096,6.067159,12.708162,69.82326
1.0717522,1.4035025,2.442736,0.33175027,30.954008
0.77949095,2.6619763,3.4498763,1.8824854,241.50189
1.4171962,1.1010411,1.9957296,0.31615508,22.30849
6.642539,3.066915,3.9871058,3.575624,53.829178
0.6359369,2.584916,3.3674667,1.9489791,306.47366
0.9492041,0.91269565,1.9769765,0.03650844,3.8462162
6.4880753,6.6995215,7.255544,0.21144629,3.2589986
1.3489528,1.5730386,2.4404433,0.22408581,16.611835
1.4525224,0.9551872,2.036514,0.4973352,34.239418
0.9229973,1.0530484,1.9212394,0.13005108,14.090082
20.989832,3.9659557,4.6905994,17.023876,81.10535
0.9257183,0.9877142,1.9328152,0.061995864,6.697055
15.470308,8.481789,8.868757,6.9885197,45.17376
1.2467067,0.75680256,1.6470042,0.48990417,39.295864
0.5742811,0.7154386,1.6195209,0.14115751,24.579865
0.44213542,0.9812013,2.0928614,0.53906584,121.92325
1.796979,1.1482537,2.0370057,0.6487253,36.100883
0.4460771,0.4293264,1.4799665,0.016750723,3.7551184
0.056008544,2.2718523,3.0846992,2.2158437,3956.26
0.34332,0.8741975,1.7555417,0.5308775,154.63051
11.795586,5.551228,6.139838,6.2443576,52.938087
0.5656064,0.51410806,1.424511,0.051498353,9.10498
0.34108385,2.6813793,3.4551234,2.3402956,686.13495
2.521056,1.8320878,2.7783644,0.6889682,27.328556
19.477001,3.3922753,4.1216125,16.084726,82.583176
5.4170356,6.2184362,6.8625526,0.80140066,14.794082
24.379723,15.27977,15.323333,9.099953,37.325905
0.22378178,1.2654083,2.1204364,1.0416265,465.46527
0.5546935,0.76972246,1.712496,0.21502894,38.765358
1.1462126,0.942402,1.9635978,0.20381057,17.78122
0.30861548,1.3435967,2.2884321,1.0349813,335.3627
0.42860907,0.6447499,1.555082,0.2161408,50.428425
0.705307,1.1384106,2.2664669,0.43310356,61.406387
1.6934327,1.3963237,2.4321034,0.297109,17.544779
0.9820315,1.1097529,1.9798523,0.12772137,13.005832
2.4544923,1.9645803,2.9663281,0.48991203,19.95981
4.705947,3.7673726,4.894915,0.9385743,19.94443
2.5395327,0.88652575,1.9669758,1.6530069,65.09099
0.97703564,1.0795383,1.9942663,0.1025027,10.491195
13.681907,5.122214,5.723579,8.559692,62.56213
0.37149945,0.58202934,1.5613246,0.2105299,56.67031
0.59242517,0.9327593,2.0460103,0.34033412,57.447617
0.9890793,0.84170496,1.7230651,0.14737433,14.900153
22.561964,35.308315,34.006336,12.746351,56.494865
0.79765177,1.2220402,2.0784502,0.4243884,53.204723
1.6203524,0.78210366,1.7121944,0.8382487,51.7325
1.965835,3.384253,4.1206064,1.418418,72.153465
1.150696,1.5197072,2.3610137,0.36901116,32.068516
0.3198194,0.87838674,1.7600182,0.55856735,174.65086
0.9509434,3.7122169,4.425881,2.7612734,290.372
0.55016196,4.7895765,5.685654,4.2394147,770.57574
9.206976,3.5902286,4.423782,5.6167474,61.005344
18.63261,8.797502,9.308999,9.835109,52.784386
12.9143305,9.427526,10.3722315,3.486804,26.999495
1.4716951,1.066978,1.9461193,0.4047171,27.500065
0.22032839,0.95417845,1.8295561,0.73385006,333.07104
0.6594069,1.0552847,1.9291943,0.39587784,60.035442
0.88423777,0.7401904,1.632511,0.14404738,16.290571
8.007062,8.677416,9.358248,0.6703539,8.372033
0.692029,0.44495094,1.3529645,0.24707806,35.703426
0.21671763,0.2728265,1.196636,0.056108862,25.890308
0.8635508,0.80064905,1.733383,0.062901735,7.2840805
0.8370003,0.921414,2.0028462,0.08441371,10.085266
0.6146317,0.57402503,1.6375693,0.040606678,6.6066685
14.100134,10.396969,10.674506,3.703165,26.263332
1.1324438,1.0122726,1.8914013,0.12017119,10.611669
1.0355444,1.1661339,2.0280168,0.13058949,12.610708
0.9911375,1.2552204,2.1995137,0.2640829,26.644426
18.148788,11.060388,11.304157,7.088401,39.057156
0.45596477,0.92957556,1.8049777,0.4736108,103.87004
9.757845,6.070397,6.697457,3.687448,37.789574
0.60160726,0.43671045,1.4170291,0.16489682,27.409378
1.1213123,0.9394306,1.8216934,0.18188167,16.22043
11.561808,14.487163,14.94989,2.925355,25.301882
1.3764224,1.3769157,2.2318766,0.00049328804,0.03583842
0.32883957,0.53936005,1.4457018,0.21052048,64.0192
0.81186086,0.82918346,1.7939956,0.0173226,2.1336908
0.8368755,0.98241603,2.0213976,0.14554054,17.390942
0.53696305,0.51422143,1.4168458,0.022741616,4.235229
6.178402,4.8167777,5.940125,1.3616242,22.038454
0.9739983,1.0662551,2.1109054,0.092256784,9.471966
18.926378,20.656336,20.282116,1.7299576,9.140457
14.976068,16.093466,16.06587,1.1173983,7.461226
0.39372003,0.4239902,1.3405288,0.03027016,7.688245
0.23482019,0.0,0.9359993,0.23482019,100.0
7.032966,1.9951713,2.858904,5.037795,71.63116
0.96296823,1.142106,2.0117908,0.17913783,18.602673
0.39484847,1.1633685,2.0240963,0.76852,194.63669
1.4059917,1.5729551,2.4619977,0.16696346,11.875139
7.344162,13.057896,13.190171,5.7137337,77.79967
9.832037,13.892023,13.958608,4.059986,41.293438
1.0334122,0.94541645,1.8305645,0.08799577,8.515069
0.57726926,0.28253564,1.207177,0.2947336,51.056526
0.49809366,0.7553979,1.7718449,0.25730425,51.657803
1.503518,1.691112,2.620844,0.18759406,12.477008
2.5068564,3.8513174,4.5560403,1.344461,53.631348
0.3378372,2.721763,3.6010935,2.3839257,705.6433
1.9728959,1.9298527,2.7447693,0.043043137,2.1817236
0.4965097,3.521411,4.2483745,3.0249012,609.23303
0.49262777,0.783715,1.7870222,0.29108724,59.08868
9.333735,9.860318,10.821564,0.5265827,5.6417146
0.94648015,1.4611988,2.300548,0.51471865,54.382404
0.9836294,1.0083988,1.8886452,0.024769366,2.5181603
3.7295706,4.8194275,5.4976835,1.0898569,29.222046
0.4881194,0.33880162,1.2724483,0.14931777,30.59042
0.3175573,1.2579434,2.1650085,0.94038606,296.13113
9.068582,4.312543,5.0442224,4.7560387,52.445232
0.8261327,0.9159627,1.8002661,0.08982998,10.873553
0.25720853,1.0729713,1.9712148,0.8157628,317.1601
1.8019066,1.5878475,2.633153,0.21405911,11.879589
0.35626724,0.38542953,1.33407,0.029162288,8.185509
0.33175415,0.68250763,1.5889822,0.3507535,105.72693
0.83153534,0.7742218,1.6647158,0.05731356,6.8924985
16.768265,15.528629,15.762848,1.2396355,7.3927474
0.6748085,1.0285914,1.8976974,0.3537829,52.42715
0.54365766,3.0081158,3.7803886,2.464458,453.31064
0.60614693,0.80728567,1.8990556,0.20113873,33.183163
0.7702749,0.7739414,1.7065567,0.0036665201,0.47600153
0.67611855,0.56026673,1.6279957,0.11585182,17.134838
0.57989544,0.6523149,1.5612507,0.072419465,12.488365
2.0867314,1.6915753,2.6777353,0.39515615,18.936607
2.3819878,3.5991988,4.3109226,1.217211,51.10064
0.63629717,0.92958105,2.0401294,0.29328388,46.09228
4.911456,1.7969613,2.7470496,3.1144948,63.412865
0.96543014,0.7505778,1.6797013,0.21485233,22.25457
0.80103487,1.4366684,2.456803,0.6356335,79.35155
0.16136155,0.56678975,1.5846224,0.4054282,251.25453
0.35284886,0.5709988,1.4752762,0.21814993,61.825317
0.9894448,1.1736662,2.251105,0.18422145,18.618668
0.8631083,0.73970926,1.8348315,0.12339902,14.2970495
1.1913716,1.9811113,2.7901962,0.7897397,66.288284
21.28555,14.256751,14.279813,7.028798,33.021458
17.161154,16.66203,16.645157,0.49912453,2.9084556
0.43817022,0.3980689,1.3086294,0.04010132,9.151996
21.925116,44.884026,43.011154,22.95891,104.71512
23.33911,12.286147,12.423256,11.052962,47.358116
0.73455006,0.93716526,1.8162746,0.2026152,27.58358
0.6094812,1.4431849,2.2877414,0.83370364,136.78906
0.9444166,0.6673795,1.5692246,0.27703708,29.334204
1.9171604,1.4122887,2.3300276,0.5048717,26.334349
12.760704,8.098051,8.543887,4.662653,36.53915
0.25862247,0.592968,1.5174314,0.33434552,129.27937
0.81742,3.8596702,4.541641,3.0422502,372.1771
0.91353935,1.379348,2.2273042,0.4658087,50.98945
27.90443,24.354578,23.730232,3.5498524,12.721465
4.263378,4.341546,5.262908,0.078167915,1.8334737
0.24718077,5.2670913,5.8773603,5.0199103,2030.866
0.5209229,1.1071348,2.0405567,0.5862119,112.53334
0.06791626,3.1669035,3.913883,3.0989873,4562.9536
20.02206,28.030893,27.173733,8.008833,40.000046
1.000764,1.7519333,2.879783,0.7511693,75.059586
2.0685105,1.5343482,2.4677143,0.5341623,25.823523
3.0482912,2.3590415,3.158843,0.68924975,22.61102
7.3098083,4.0571785,4.7549214,3.2526298,44.496784
1.4668605,1.2932541,2.1545982,0.1736064,11.835236
0.63504356,2.0381398,3.0860112,1.4030962,220.94487
20.188467,4.4389186,5.0838,15.749548,78.0126
1.4550095,1.2298846,2.3242207,0.22512484,15.472397
0.5219013,0.48009032,1.451769,0.04181099,8.011283
0.5237702,3.5402565,4.259895,3.0164862,575.91785
12.787708,21.64783,21.250904,8.860121,69.28623
0.45027712,0.055139482,1.0298826,0.39513764,87.754326
0.759971,0.8189353,1.7808868,0.058964252,7.75875
0.38146552,0.7341747,1.6375685,0.3527092,92.46162
1.2539811,1.0641398,2.036426,0.18984127,15.139086
3.3494346,2.8556576,3.9107134,0.49377704,14.742102
0.68389124,1.054652,2.0862763,0.37076074,54.213406
0.8550203,0.9407197,1.884183,0.08569944,10.023089
1.4308871,1.0151303,2.1247714,0.41575682,29.05588
0.49116042,0.46488136,1.3824116,0.026279062,5.3504033
10.17286,12.141092,12.323719,1.9682322,19.347874
0.48663604,0.7695862,1.6615559,0.28295016,58.144104
1.0258746,1.0618687,2.0244813,0.035994053,3.508621
0.2986319,0.29356682,1.230297,0.0050650835,1.696096
1.4382695,1.4570184,2.5143478,0.01874888,1.303572
0.95404917,1.584924,2.4236126,0.6308748,66.12603
0.9180833,0.92134964,1.8069918,0.0032663345,0.35577756
1.2720817,1.0730484,2.0293515,0.19903338,15.646273
2.432401,2.3068125,3.276321,0.12558842,5.163146
0.724245,1.1543288,2.0196548,0.4300838,59.383743
2.6054747,3.12292,3.8625684,0.5174453,19.859926
0.91968787,1.1404433,2.2686224,0.22075546,24.003304
0.97830176,1.8451638,2.661373,0.86686206,88.60886
8.9454365,7.793398,8.2563925,1.1520386,12.878506
1.4741129,1.2427552,2.1845136,0.2313577,15.694707
12.299331,7.0956,7.5777817,5.2037306,42.309055
1.2662567,1.1097596,2.2181444,0.15649712,12.3590355
0.8467535,1.072586,2.0817204,0.22583258,26.670404
1.2123946,1.1405861,2.2687736,0.07180846,5.922862
1.612811,1.5213358,2.36955,0.09147513,5.671782
0.8959609,0.88299,1.8378688,0.012970924,1.447711
0.5301151,1.5001156,2.5539522,0.9700005,182.97922
0.7379838,3.220696,4.3371167,2.4827123,336.41824
0.7612638,0.88520503,1.7785902,0.12394124,16.280985
0.6726474,1.0246105,1.9801543,0.3519631,52.325054
1.2952037,1.0158153,2.0180502,0.27938843,21.571003
1.5976996,1.8653548,2.6897624,0.26765513,16.752531
0.4679792,2.0332701,2.8447347,1.5652909,334.47876
0.69066596,1.0009143,1.869268,0.31024837,44.920177
1.3674302,1.1520705,2.0863857,0.21535969,15.749227
14.437955,13.104204,13.385523,1.3337507,9.237809
0.8361306,0.9576397,2.0204597,0.121509075,14.532308
0.62354606,0.35153884,1.2757366,0.27200723,43.622635
1.334225,1.1066253,2.1802518,0.22759974,17.05857
16.275255,1.0001981,2.07038,15.275057,93.854485
9.009975,5.3683434,6.4186153,3.641632,40.41778
11.626176,15.486509,15.499827,3.8603334,33.20381
20.79217,31.17009,30.133596,10.37792,49.912636
10.861289,15.818348,15.764892,4.957059,45.639694
0.6999559,1.7597868,2.5880105,1.0598309,151.41396
0.36021614,0.57256424,1.4892924,0.2123481,58.95019
1.1065599,1.4140465,2.2606063,0.30748665,27.78762
0.83152544,1.260427,2.2504444,0.42890155,51.58009
0.19596417,0.40309358,1.3397194,0.2071294,105.697586
9.004999,2.5232081,3.297761,6.481791,71.97991
0.34704837,4.1426606,4.812251,3.7956123,1093.684
0.42876425,0.68289554,1.6603353,0.2541313,59.27063
0.2743374,0.669279,1.7473581,0.39494157,143.96198
0.18307497,0.41849986,1.3383684,0.23542489,128.5948
0.9466478,1.0176027,2.0755336,0.07095486,7.4953804
0.45008802,0.541813,1.4435865,0.09172499,20.379345
19.56102,8.565003,8.959284,10.9960165,56.213924
14.958157,6.1965075,6.7436543,8.761649,58.57439
0.37046844,2.3154094,3.167917,1.944941,524.9951
21.795956,15.974007,15.885626,5.821949,26.711143
13.854471,1.2837391,2.192194,12.570732,90.734116
15.767322,9.21581,9.576546,6.551512,41.551205
0.53156555,1.0795135,2.0836563,0.547948,103.081924
0.96437854,0.9529846,1.8406645,0.011393964,1.1814826
15.84181,8.408245,8.833609,7.433565,46.92371
0.41027337,1.9114125,2.737706,1.5011392,365.88754
0.95662963,1.0643625,1.9324883,0.10773289,11.261713
0.9879442,1.107805,2.0567825,0.11986083,12.132348
1.7274295,1.919241,2.7382393,0.19181144,11.103866
1.5615102,1.5284367,2.5542133,0.033073545,2.1180487
1.2681872,1.3079071,2.3372374,0.03971994,3.132025
0.35695523,0.0,0.94457346,0.35695523,100.0
1.4391223,1.3220756,2.4528267,0.117046714,8.133202
1.4708322,1.3898747,2.2507274,0.08095753,5.5041986
15.503436,13.656698,13.720591,1.8467379,11.911797
0.9606894,1.1960957,2.240297,0.23540628,24.503891
1.1315358,0.95975304,2.0672061,0.17178273,15.181378
0.9506046,0.9445846,1.8247031,0.0060200095,0.6332822
0.15227453,0.42579955,1.3362509,0.273525,179.62624
23.245523,26.295424,25.554466,3.0499,13.120376
0.28180283,0.6057708,1.5027632,0.323968,114.962654
0.80923474,0.72773755,1.6370265,0.08149719,10.070896
1.3145847,1.196543,2.0553298,0.118041754,8.979395
10.441005,10.689437,11.221884,0.24843216,2.3793893
5.7339892,5.322957,5.9654636,0.4110322,7.168346
0.8383404,0.9946382,1.8690975,0.1562978,18.643715
0.45504007,0.5469066,1.4541975,0.09186652,20.188667
0.3885045,4.4938426,5.1924286,4.105338,1056.7029
1.5190651,1.1294835,2.0027885,0.38958168,25.646147
1.075339,1.0874124,2.2061474,0.012073398,1.1227528
4.529554,4.0829663,4.77036,0.44658756,9.859416
0.25356823,3.087122,3.8193178,2.8335538,1117.4719
25.158276,12.863977,12.9946,12.294298,48.86781
1.5147233,2.106735,2.9058628,0.5920117,39.083817
0.4270691,1.3853755,2.231017,0.95830643,224.39142
0.3689142,0.32149792,1.2826275,0.04741627,12.852926
8.645168,5.50761,6.484167,3.1375585,36.292625
0.77242035,0.33547464,1.2545117,0.4369457,56.568386
1.0613585,1.1338265,2.2616024,0.07246804,6.8278575
12.900441,9.276282,9.63962,3.6241589,28.093294
0.7152833,0.83509684,1.7152506,0.11981356,16.750504
18.873108,4.782985,5.558979,14.090122,74.657135
9.929131,10.096538,10.41078,0.16740704,1.6860191
0.23056036,2.3029945,3.1101785,2.0724342,898.8684
20.51483,6.2889404,6.8411794,14.225889,69.34441
0.88224363,1.0984008,2.1179562,0.2161572,24.50085
0.397121,0.35562357,1.2949387,0.04149744,10.449571
1.2699965,1.3410757,2.3248765,0.071079135,5.5967975
17.95498,2.7403958,3.5294924,15.214585,84.737404
24.832237,39.27525,37.774105,14.443012,58.16235
0.25359985,0.7456269,1.6332878,0.49202707,194.0171
0.96443254,1.557168,2.3942897,0.59273547,61.459507
0.6956085,0.6908405,1.5903949,0.004768014,0.6854451
24.25769,7.324608,7.811618,16.933083,69.80501
17.32062,15.192865,15.152272,2.1277542,12.284515
5.4574203,4.9378324,5.6882076,0.519588,9.520762
0.837168,0.8865285,1.9336476,0.049360514,5.89613
0.6560964,0.6763731,1.5709076,0.020276725,3.0905101
0.6063816,0.91813743,1.9419227,0.31175584,51.412483
0.2076779,0.43075445,1.471323,0.22307655,107.41468
1.6110855,1.8655167,2.6901922,0.25443113,15.792528
2.7802427,2.4507923,3.312764,0.32945037,11.849699
0.5879282,0.45845526,1.414902,0.12947291,22.021893
11.925925,9.939219,10.719166,1.9867058,16.658714
7.9418306,7.5641117,8.224845,0.37771893,4.7560687
0.76645595,1.4470587,2.2989197,0.6806027,88.798676
1.8226441,1.1952205,2.317244,0.62742364,34.423813
0.26916957,1.0248189,1.9091552,0.7556493,280.73358
0.8094273,1.1538239,2.024976,0.34439653,42.548172
11.280384,6.4128966,7.183645,4.8674874,43.150017
0.8168901,1.9337265,2.7466102,1.1168364,136.71806
0.9239668,1.3590152,2.40202,0.4350484,47.08485
1.1148596,1.3795269,2.308411,0.26466727,23.739965
0.80888873,0.87060416,1.8270663,0.061715424,7.6296554
16.819477,10.149457,10.429213,6.67002,39.656525
0.5282842,2.1779964,3.2435734,1.6497122,312.2774
1.4507195,1.0190539,1.906153,0.43166554,29.755272
1.5411475,1.10762,2.204816,0.43352747,28.130173
6.7702775,3.4562335,4.166057,3.314044,48.949898
10.925053,10.780012,11.049878,0.14504051,1.3275956
0.055825848,2.4435523,3.2342904,2.3877263,4277.098
0.22218461,0.1612485,1.0885916,0.06093611,27.42589
0.8673719,1.236629,2.0918953,0.3692571,42.571945
0.32176065,0.28281152,1.2121847,0.038949132,12.105001
2.0828893,1.9777448,2.854579,0.1051445,5.048012
0.2298011,0.6835402,1.5778061,0.4537391,197.44861
0.4711108,0.40013564,1.4076135,0.070975155,15.065492
0.9352393,1.1545949,2.0974796,0.21935558,23.454487
0.10587076,0.33189183,1.2718085,0.22602108,213.48773
22.602459,32.93503,31.773016,10.332573,45.71438
0.70504516,0.6341975,1.6087891,0.07084769,10.048675
0.94379216,0.80700827,1.6982096,0.1367839,14.4930105
1.8546146,1.7854271,2.6170979,0.06918752,3.7305605
0.90279335,1.6479738,2.477907,0.7451804,82.54164
0.284873,0.34430656,1.2604434,0.05943355,20.863174
0.66119087,0.8433981,1.7295842,0.18220723,27.557432
0.16173078,1.1396549,2.2677863,0.9779241,604.66174
0.24647492,0.9554385,1.8880514,0.7089636,287.64124
0.67218447,0.9164046,1.8569767,0.24422014,36.33231
7.664614,7.555748,8.528014,0.108866215,1.4203744
0.9124046,0.4108985,1.3668658,0.5015061,54.965317
1.6576216,1.5786948,2.5981379,0.0789268,4.7614484
0.7240915,1.0111132,2.0211253,0.2870217,39.638874
1.1847553,1.209084,2.2780654,0.024328709,2.0534797
3.652844,4.0468254,4.8218393,0.39398146,10.785609
15.561445,15.731483,15.659321,0.17003822,1.0926892
2.5340502,2.0352979,3.0288858,0.49875236,19.682024
0.49961677,0.39641204,1.4210825,0.10320473,20.656778
0.23933631,1.348433,2.2532163,1.1090968,463.40512
17.983393,7.534422,8.377194,10.448971,58.103447
0.77375424,0.55650115,1.4624193,0.21725309,28.077791
0.86151475,1.1327112,2.258896,0.27119642,31.479023
0.38806695,0.8906492,1.7732083,0.50258225,129.50916
0.40461457,0.49567255,1.4742191,0.091057986,22.504871
0.4659135,1.7379835,2.7216716,1.2720699,273.02707
21.15902,14.623404,14.634565,6.535616,30.888084
1.349317,1.2119493,2.074916,0.1373676,10.18053
0.50356394,0.41309318,1.347217,0.09047076,17.966093
0.74304223,1.1025784,1.9906552,0.35953617,48.387043
0.57572484,0.7033198,1.7836187,0.12759495,22.162487
1.433252,2.0981894,2.8972948,0.6649374,46.393612
12.590563,3.7488084,4.759692,8.841755,70.22526
15.418613,7.2069197,7.674587,8.211694,53.258316
21.39988,27.640368,27.56174,6.240488,29.161324
1.31854,1.390835,2.2450867,0.07229507,5.482964
0.6666653,1.0062809,1.9934957,0.33961558,50.942444
12.839203,2.2214067,3.1439886,10.617796,82.69824
0.28131944,1.7819693,2.6083229,1.5006499,533.4327
0.36416975,0.21921803,1.1446854,0.14495172,39.803337
0.8292418,0.7898134,1.7641457,0.039428413,4.7547545
0.7595935,1.7830074,2.603847,1.0234139,134.7318
0.7998614,0.9233246,1.818828,0.12346321,15.435576
25.790077,22.587002,22.08725,3.2030754,12.419798
1.5645033,2.1873617,2.9849143,0.6228584,39.811893
2.498242,1.9726462,2.90384,0.52559566,21.038622
0.6579797,1.0610085,1.9501362,0.40302873,61.252453
6.657237,1.9235816,2.9083374,4.7336555,71.10541
0.22034127,0.5468426,1.4867561,0.3265013,148.17982
0.9616769,1.1537418,2.20997,0.19206494,19.971878
20.294556,16.151917,16.086433,4.142639,20.412563
0.8262844,0.98773456,1.9393594,0.16145015,19.539295
0.26042098,2.2077982,3.3305247,1.9473772,747.78046
0.78935945,1.5310352,2.596803,0.74167573,93.95919
0.8639605,1.1524744,2.1605062,0.2885139,33.39434
14.558262,6.7729564,7.263585,7.7853055,53.47689
0.91301227,0.66425014,1.5563564,0.24876213,27.246307
4.5564885,3.4056811,4.424335,1.1508074,25.256453
1.8517605,1.6077747,2.647341,0.24398577,13.175881
6.2811074,2.584146,3.4482684,3.6969614,58.858433
1.4072818,1.3409057,2.3976314,0.06637609,4.716617
1.6695124,1.3913169,2.3854134,0.2781955,16.663279
0.6248835,1.035296,2.156538,0.4104125,65.678246
0.9892459,1.1301126,2.2576582,0.14086676,14.239812
3.4573817,3.177723,4.252276,0.2796588,8.088745
15.923364,14.345168,14.458199,1.5781956,9.911194
12.143315,9.700332,10.758586,2.4429836,20.11793
0.23322766,0.48329067,1.5211397,0.250063,107.218414
1.0314208,0.92032754,1.9604621,0.11109328,10.770898
0.9543573,0.9072529,1.8776766,0.04710442,4.935721
2.1610043,2.1425166,2.9551764,0.018487692,0.8555139
0.6772232,1.1922932,2.0509784,0.51506996,76.05616
0.5306709,0.28833637,1.2147791,0.24233451,45.66569
22.618448,11.290786,11.505726,11.327662,50.08152
18.120682,1.9224136,2.9291015,16.198269,89.39106
1.1777666,2.3676817,3.1728806,1.1899152,101.031494
8.395631,9.180073,10.116805,0.78444195,9.343455
11.911976,7.9607544,8.407698,3.9512215,33.17016
0.78366613,0.9705312,2.087102,0.18686509,23.844986
1.0724516,0.96093976,1.8503186,0.11151183,10.397842
6.9030313,7.0466537,7.641167,0.1436224,2.08057
14.969459,11.474338,11.746571,3.495121,23.348345
5.6102514,5.1123295,5.7248945,0.49792194,8.8752165
1.0992049,1.171979,2.0782654,0.07277405,6.6206083
0.60375446,0.82802665,1.8227735,0.22427219,37.14626
1.0872535,1.9393098,2.7528572,0.8520564,78.367775
0.5285305,3.52249,4.2344885,2.9939594,566.4686
9.060045,3.7448068,4.4438953,5.3152385,58.6668
0.5747332,0.49106574,1.5160869,0.08366746,14.557617
7.4042125,4.7470217,5.3791213,2.6571908,35.887554
0.63814753,0.63815176,1.5318245,4.23193e-06,0.00066315854
0.54421777,1.3829362,2.2456806,0.8387185,154.1145
0.5777806,1.4242165,2.284866,0.8464359,146.4978
8.386564,13.807608,13.884497,5.4210434,64.639626
0.31530023,1.9492238,3.0275772,1.6339235,518.212
3.9695175,1.8301747,2.978921,2.1393428,53.89428
0.73120487,0.5812737,1.6410015,0.14993119,20.504677
1.4400073,1.7061527,2.639945,0.26614535,18.482222
0.92211807,2.0316348,2.8370748,1.1095167,120.32263
0.8663513,0.9856243,1.8774773,0.11927301,13.76728
0.7567269,1.7103848,2.5378594,0.9536579,126.02405
0.7813829,1.586858,2.4988344,0.8054751,103.083275
0.38575342,0.41521135,1.356226,0.029457927,7.6364655
26.501593,6.882828,7.409853,19.618765,74.028625
11.233622,4.599674,5.438802,6.6339474,59.054394
0.34124836,2.1532269,3.1490905,1.8119785,530.9852
0.78484106,0.9421991,1.8946577,0.15735805,20.049671
0.9582243,0.97050416,1.8518927,0.012279868,1.2815233
0.38706297,0.0,0.80370736,0.38706297,99.99999
0.9789497,1.1000075,1.969678,0.12105781,12.36609
0.96558166,1.0218594,2.1056864,0.056277752,5.828378
11.391667,5.977962,6.565722,5.4137053,47.52338
1.3416984,1.0428572,2.1624548,0.29884124,22.273355
0.84176934,1.2733035,2.230973,0.43153417,51.265133
18.98673,24.296545,24.57034,5.3098145,27.965923
10.634371,7.989642,8.46206,2.6447287,24.86963
0.7663333,0.75417423,1.6589185,0.0121590495,1.586653
0.7584056,0.7132871,1.60662,0.04511851,5.9491267
0.9445238,1.1912112,2.1984656,0.24668741,26.11765
13.401395,15.13937,15.141473,1.7379751,12.968614
0.5816074,0.7308974,1.7655193,0.14929003,25.668522
0.8587811,1.5168889,2.354176,0.65810776,76.632774
1.7958786,1.5546515,2.484817,0.24122715,13.432263
1.0440302,1.2326005,2.2575543,0.18857026,18.061762
1.0391958,1.2896729,2.1660726,0.25047708,24.102972
0.5948687,2.8072283,3.6163433,2.2123597,371.9072
23.89344,48.95177,46.7995,25.05833,104.87535
0.4548954,0.33287388,1.2518355,0.122021526,26.824083
0.457409,1.2843614,2.136891,0.82695234,180.79057
2.514038,2.1908114,3.0884986,0.3232267,12.8568735
1.005897,1.1212368,2.2070422,0.115339756,11.466358
0.17994444,0.31438422,1.2554891,0.13443978,74.71183
5.4859395,4.812598,5.7421107,0.6733413,12.273947
1.1940804,1.6299891,2.467236,0.4359088,36.505817
0.6844388,0.6860286,1.6552203,0.0015897751,0.23227423
0.57176423,0.8713782,1.7919216,0.29961395,52.40166
0.38026932,0.2428339,1.2188091,0.13743542,36.1416
8.185284,7.853875,8.52164,0.3314085,4.0488334
0.51754946,3.9445782,4.6369476,3.4270287,662.1645
2.4579809,1.8397794,2.876312,0.6182015,25.150785
2.7716393,1.1407921,2.268992,1.6308472,58.840527
0.4316528,1.4755447,2.5249946,1.0438919,241.836
3.1333964,1.9301085,2.8107922,1.2032878,38.40203
0.60549706,0.90701485,1.7942675,0.30151778,49.796738
1.3272362,1.3847864,2.3631747,0.057550192,4.336093
0.9631484,0.8875629,1.8544221,0.075585544,7.847757
0.22689165,1.4480565,2.3814433,1.2211648,538.21497
9.028106,7.802101,8.250651,1.2260046,13.579865
0.7757306,0.2874855,1.234458,0.4882451,62.94003
0.36752895,0.7077161,1.6179651,0.34018716,92.56064
0.19510715,0.633927,1.6417037,0.43881983,224.91222
22.436733,19.089537,18.811909,3.3471966,14.918378
1.0354812,0.87272847,1.7825706,0.16275275,15.717595
5.3007345,2.3581038,3.5221102,2.9426308,55.513638
9.506024,6.5042896,7.0435653,3.0017347,31.577183
0.9010921,0.8575423,1.738532,0.043549836,4.833006
2.8829138,2.6208837,3.6926446,0.26203012,9.089072
0.83061254,1.1307125,2.1641314,0.30009997,36.12996
0.08965828,0.26347688,1.2012194,0.17381859,193.86786
17.391792,21.76968,21.602797,4.3778877,25.172148
1.9744506,2.2158864,3.0296564,0.24143577,12.227998
0.36260217,0.30419517,1.224173,0.05840701,16.107738
0.5057877,0.93798864,1.8131862,0.43220097,85.451065
0.31173128,2.0672183,2.8728235,1.755487,563.1411
0.6263042,0.7011275,1.6342655,0.07482332,11.946802
0.87007344,0.6568551,1.5752846,0.21321833,24.505785
17.000454,12.27078,12.538965,4.7296743,27.820871
8.399249,4.6962466,5.340375,3.7030025,44.087303
1.0640924,1.0720193,1.9382827,0.007926941,0.74494857
0.53166854,0.99607146,1.9681102,0.4644029,87.348206
0.8374276,0.7288698,1.6272649,0.10855782,12.963247
4.491597,4.841364,5.5064793,0.34976673,7.787135
10.842293,10.955996,11.221943,0.113702774,1.0486968
1.345292,1.5337071,2.5314536,0.18841517,14.005522
1.2865939,1.3380048,2.2437835,0.051410913,3.9958928
1.4245526,1.0543528,1.931993,0.3701998,25.987095
0.28815472,1.0153265,1.8945603,0.7271718,252.35463
22.340128,12.525082,12.665194,9.815046,43.9346
9.172078,7.196166,7.6789827,1.9759121,21.542688
1.0471237,1.2605224,2.1201806,0.2133987,20.379513
0.41553295,2.4583523,3.5139792,2.0428195,491.61432
0.5744213,1.106724,1.9688424,0.53230274,92.667656
0.48923334,0.3822232,1.2959346,0.107010156,21.87303
0.92872053,0.7339654,1.7692711,0.19475514,20.970263
7.5147996,4.299751,5.447306,3.2150488,42.782894
1.051014,1.0128021,1.8931482,0.038211823,3.6357102
0.18969324,0.5119053,1.5595163,0.32221207,169.85954
0.25763455,0.2730252,1.2106689,0.015390664,5.9738355
24.875269,2.3267334,3.1510158,22.548536,90.6464
1.1147207,2.6787424,3.449896,1.5640217,140.30615
2.7288017,3.693452,4.4000263,0.96465015,35.350685
0.4138888,1.2912714,2.2612433,0.87738264,211.9851
13.42617,13.988403,14.139809,0.562233,4.18759
13.55273,9.574434,9.889271,3.9782953,29.3542
0.97348493,1.1490986,2.277786,0.1756137,18.039694
0.9650269,1.2079735,2.217582,0.24294657,25.175108
0.19200718,2.2073433,2.9990013,2.015336,1049.6149
0.2252209,0.35463437,1.2899241,0.12941347,57.460682
13.986375,6.444123,6.9584217,7.542252,53.925713
2.0648236,1.7056355,2.6458077,0.35918808,17.395582
11.576302,5.4113564,6.0230494,6.164945,53.254875
0.90791166,0.9123337,1.985681,0.0044220686,0.48705935
0.42602444,0.9766327,1.8634632,0.5506083,129.24336
5.8772635,3.6043553,4.335471,2.2729082,38.672897
1.5553362,1.6164086,2.455963,0.06107235,3.9266331
0.12616572,0.29953733,1.2312291,0.17337161,137.41579
15.388939,19.738966,19.66387,4.350027,28.267233
9.333431,8.498366,8.924574,0.8350649,8.947029
1.2130738,1.2267809,2.0900276,0.013707042,1.1299429
12.731758,4.7820764,5.425293,7.9496818,62.43978
0.14494963,7.5488806,8.0116415,7.403931,5107.934
0.88859355,1.3481562,2.1985245,0.45956266,51.71798
0.7541188,1.1741476,2.2046382,0.4200288,55.69796
1.1395664,0.99334,1.8654976,0.1462264,12.8317585
13.009289,4.5966954,5.242094,8.412594,64.66605
16.846014,1.0789299,2.177778,15.767084,93.59534
24.924139,46.163895,44.221832,21.239756,85.21761
0.88140285,1.1320093,2.1839406,0.25060642,28.432676
5.80581,3.8400822,4.963651,1.9657278,33.857944
0.7021819,0.546268,1.481596,0.15591389,22.204203
0.92680633,1.0199623,1.9131227,0.09315598,10.051289
1.2342843,1.6024532,2.4404485,0.36816895,29.828537
6.602731,6.9646854,7.469514,0.3619542,5.481886
1.375819,1.2688336,2.150412,0.10698533,7.7761197
0.6037419,2.2976446,3.0918682,1.6939027,280.56738
0.14202952,1.7551177,2.6926196,1.6130881,1135.7413
1.2755798,1.1431658,2.2028131,0.13241398,10.38069
0.85569805,1.0208089,1.9497153,0.16511089,19.295462
6.057431,4.647202,5.3124557,1.4102292,23.280977
0.2918946,0.7062987,1.6162496,0.4144041,141.97046
9.2731085,4.4193707,5.159069,4.853738,52.34208
1.3359963,1.1351719,2.2630239,0.20082438,15.031807
26.61624,21.387812,21.002768,5.228428,19.643751
4.0578866,3.259121,4.099861,0.79876566,19.684277
1.8410271,0.8841075,1.802258,0.95691967,51.97749
1.7233659,1.4912677,2.4854817,0.23209822,13.467727
9.958893,11.527392,11.725727,1.5684996,15.749739
0.09886562,0.35543725,1.373217,0.25657162,259.5155
25.997572,22.275002,21.789371,3.7225704,14.318916
7.832447,2.7337954,3.9020548,5.098652,65.096535
3.2071438,2.6141677,3.603716,0.5929761,18.489227
12.609169,4.8144817,5.449566,7.7946873,61.817616
10.514594,9.531918,9.969543,0.9826765,9.345835
15.442035,1.9911935,3.024753,13.450841,87.10537
1.9300998,1.1364305,2.264297,0.79366934,41.120636
0.99558514,1.1062698,2.0397418,0.11068469,11.117552
1.0912316,1.1392913,2.2674,0.048059702,4.4041705
0.42073995,1.1029952,1.970651,0.6822552,162.15602
0.17079493,0.20918393,1.147745,0.038388997,22.47666
0.96608853,1.0249076,2.0202808,0.058819056,6.0883713
9.193795,4.489884,5.1553574,4.7039113,51.16398
0.3789659,2.6864657,3.5354502,2.3075,608.8938
0.39857182,0.4073394,1.3916968,0.008767575,2.1997478
1.0009121,0.84574807,1.808979,0.155164,15.502261
0.95495963,0.9908298,1.8915669,0.035870194,3.7562
0.72261345,0.9316509,1.8098766,0.20903742,28.927973
1.3625367,1.4087548,2.3487723,0.046218157,3.392067
1.355377,0.82309103,1.7765998,0.5322859,39.272167
18.536055,15.182741,15.147587,3.3533134,18.090763
0.23141941,0.80356896,1.7017105,0.5721495,247.23488
0.58508265,0.85075724,1.9568129,0.2656746,45.408043
0.7860404,1.2923923,2.1892629,0.5063518,64.41804
6.795606,6.079987,6.637087,0.7156191,10.530614
0.10059952,4.2669787,4.9459224,4.1663795,4141.55
18.849539,14.159902,14.466656,4.689637,24.87932
18.571814,15.8051605,15.781973,2.766653,14.897055
1.4834913,1.3379822,2.234115,0.14550912,9.808559
1.4487306,1.3941023,2.271827,0.054628253,3.770767
0.65885663,1.2116065,2.1186867,0.5527499,83.89532
0.43212298,0.9934951,1.8664781,0.56137216,129.91028
0.7820363,0.20670004,1.1559628,0.5753363,73.569
0.53703815,0.84644437,1.9009004,0.30940622,57.613453
0.7516688,0.7942717,1.758516,0.042602897,5.667775
11.347664,14.005975,14.068104,2.658311,23.426064
20.691616,25.847982,25.148426,5.1563663,24.920076
17.721691,18.912024,19.053867,1.1903324,6.7168107
0.9262509,1.1227214,2.249771,0.19647056,21.211376
0.36390957,1.3171065,2.1723645,0.9531969,261.93234
0.40505594,1.466063,2.3111594,1.061007,261.94086
1.242984,1.3017263,2.1618063,0.058742285,4.7259083
1.0689448,1.1577806,2.0903075,0.088835835,8.31061
17.865032,3.578277,4.288523,14.286755,79.97049
0.435613,2.1486416,3.2040827,1.7130286,393.2455
15.579006,2.8422463,3.6102114,12.73676,81.75592
14.172679,9.479963,10.401505,4.6927156,33.111
1.0857697,1.1898971,2.055334,0.10412741,9.590193
1.4280926,1.060442,2.159121,0.36765063,25.744173
0.849637,0.8408537,1.781577,0.008783281,1.0337687
0.57497305,0.8004037,1.7993835,0.22543067,39.20717
6.1005387,5.30627,6.061552,0.7942686,13.019648
19.32596,8.5644655,9.025133,10.761495,55.684135
1.5196134,1.0520205,2.152666,0.46759284,30.770514
1.0201949,1.3168578,2.1892202,0.29666293,29.079044
0.6786069,0.7788638,1.7412227,0.10025686,14.773923
1.8526431,1.7118275,2.7218473,0.14081562,7.6007957
2.1985843,2.5524151,3.3287973,0.3538308,16.093575
9.655118,1.9464905,2.8289998,7.7086277,79.83981
0.43283266,1.2562373,2.1806793,0.8234046,190.23625
1.3650373,2.6968067,3.4719381,1.3317693,97.56286
1.4628421,1.1188445,2.0001142,0.3439976,23.515703
21.71983,19.576593,19.28431,2.1432362,9.867647
14.042963,10.079432,11.134441,3.9635315,28.224325
0.8650626,0.7757652,1.6603501,0.089297414,10.322653
1.5304883,1.2651131,2.1743593,0.26537514,17.339247
9.110728,8.79235,9.1994705,0.31837845,3.4945445
0.36663732,1.6564369,2.4913201,1.2897996,351.79166
0.54001796,1.0074444,1.880507,0.46742642,86.55757
21.81685,5.6986933,6.262973,16.118156,73.879395
5.5141344,3.136548,3.9187253,2.3775864,43.118034
0.8645405,0.7435366,1.8259605,0.121003926,13.996327
0.21648344,4.5495534,5.196313,4.33307,2001.5709
0.62952393,2.6538324,3.4654593,2.0243084,321.5618
19.126848,5.226893,5.835697,13.899956,72.672485
0.54138297,0.6758592,1.7406373,0.13447624,24.839394
0.7922002,0.8260038,1.7788069,0.033803582,4.2670503
2.9137244,2.3492367,3.376114,0.5644877,19.373407
0.623014,0.73855436,1.6541858,0.115540385,18.545393
0.9578708,1.6618598,2.4932654,0.70398897,73.49519
1.5123206,0.9455005,1.8585217,0.56682014,37.480156
0.8180757,0.80941427,1.7504979,0.008661449,1.0587589
0.7100633,3.788598,4.52715,3.0785348,433.55783
1.018575,1.2079945,2.320697,0.18941951,18.596521
0.8343356,1.0058355,2.0234666,0.17149991,20.555265
0.6818912,1.1108003,1.9801013,0.42890906,62.89993
0.7191983,0.93526113,2.0470533,0.21606284,30.042181
14.09951,8.394527,8.808619,5.7049828,40.462276
16.741684,5.4189854,6.0085883,11.322699,67.63178
0.8397686,0.47038034,1.4007205,0.36938825,43.986908
0.6025865,0.38640907,1.3024819,0.21617743,35.87492
0.24988507,0.5169194,1.421915,0.2670343,106.86285
0.8411639,0.9195912,1.8597957,0.078427315,9.323667
0.908233,1.2119877,2.2228618,0.30375475,33.444584
18.606644,9.976616,10.296499,8.630028,46.381435
0.62335604,0.55177236,1.5458694,0.07158369,11.483596
20.46059,6.826037,7.494377,13.634554,66.63813
0.118833,0.23029311,1.1568692,0.11146011,93.79559
1.4856595,1.2126479,2.2964022,0.27301157,18.376457
0.2563943,0.61180174,1.5451043,0.35540745,138.61754
1.0492153,0.9887749,2.0038574,0.06044042,5.7605357
1.2376673,1.0144467,2.126836,0.22322059,18.03559
17.182041,18.644835,18.696556,1.4627934,8.513501
0.90035886,0.70643353,1.6657641,0.19392532,21.53867
4.203697,3.5853782,4.290177,0.61831903,14.708933
0.19822267,1.3035693,2.180659,1.1053467,557.6288
0.78451324,1.1442554,2.010707,0.35974216,45.85546
2.282214,2.7585244,3.8827522,0.4763105,20.870546
13.56705,12.942997,13.711433,0.624053,4.599769
1.3860227,1.1865909,2.0572689,0.19943178,14.388782
0.21404162,2.0179052,2.8280966,1.8038636,842.76306
0.7960729,1.359256,2.4347699,0.5631831,70.74517
2.7383525,1.3601444,2.4949965,1.3782082,50.32983
10.684285,15.505049,15.465904,4.8207636,45.120132
0.51946694,0.6043538,1.6357654,0.08488685,16.341145
0.41411844,0.45634523,1.4390897,0.04222679,10.196791
1.6872842,1.4174979,2.322711,0.26978636,15.989385
0.60731155,0.43719146,1.3546138,0.17012009,28.011995
1.2233785,1.4947963,2.3414795,0.27141774,22.185915
0.8678649,1.0815809,2.084222,0.21371597,24.625488
18.161697,22.972334,22.56916,4.8106365,26.487814
0.6278264,1.1337936,2.0042746,0.5059672,80.59031
5.3761115,3.8268619,4.961614,1.5492496,28.81729
0.9822296,0.8524089,1.9118209,0.1298207,13.216942
0.8412105,1.1397266,2.2678514,0.29851615,35.4865
1.0673969,0.98802996,2.0806022,0.07936692,7.435559
0.9906751,1.2374561,2.261401,0.24678099,24.910385
0.96877015,0.73018277,1.6653419,0.23858738,24.627863
1.9067214,2.6641133,3.4429739,0.7573919,39.722214
15.895795,10.045226,10.408476,5.850569,36.805763
0.68740535,0.61404467,1.5107255,0.07336068,10.672113
22.795135,11.248448,11.466637,11.546687,50.65417
0.8592397,0.9362576,1.9287839,0.0770179,8.963494
0.8317379,1.0882144,2.0083542,0.25647652,30.83622
0.6579141,1.0734549,2.0030699,0.41554075,63.16034
4.1837444,5.136026,5.776985,0.9522815,22.761465
0.3330699,1.182049,2.0516694,0.8489791,254.89519
1.1315151,1.0781732,2.0201917,0.053341985,4.7142086
0.5020206,1.6441975,2.4841852,1.1421769,227.51595
3.5540714,3.068594,3.805887,0.48547745,13.659755
0.77553976,1.327843,2.3224437,0.5523032,71.21533
1.6058569,0.9473423,2.0039377,0.6585146,41.007057
0.7198212,1.0732305,1.9454432,0.3534093,49.096813
0.49242708,0.3702594,1.2895598,0.12216768,24.809292
0.8617528,0.6498426,1.6057444,0.21191019,24.590601
6.4260025,12.065686,12.275255,5.6396837,87.76349
0.8567621,0.7711874,1.6816832,0.08557469,9.98815
0.90498155,0.99167025,1.8763596,0.0866887,9.579057
1.0295813,0.85739505,1.7376034,0.17218626,16.723911
0.84322023,1.1322396,2.2599142,0.28901935,34.275665
1.3349146,1.6754508,2.5060909,0.34053624,25.509964
0.67517,0.67832386,1.5972816,0.0031538606,0.46712095
0.523375,0.8300587,1.7138965,0.30668372,58.59732
1.4515789,1.9253767,2.7446842,0.4737978,32.64017
19.212866,18.521067,18.592836,0.69179916,3.6007078
0.23948821,4.0025167,4.703704,3.7630286,1571.2792
0.84120506,0.6887808,1.603226,0.15242428,18.119753
0.35204268,0.50365686,1.4093285,0.15161419,43.06699
2.4096892,3.064516,3.842551,0.6548269,27.174746
16.364744,5.0093775,5.627822,11.355367,69.389206
17.245754,13.944379,13.997673,3.3013754,19.14312
0.60440034,0.5980394,1.5994089,0.006360948,1.0524396
23.213133,22.282328,21.798206,0.9308052,4.0098214
0.45062378,1.1164112,2.0264442,0.66578746,147.74796
17.324469,4.630275,5.278226,12.694194,73.27321
1.0880408,1.0864809,1.9735576,0.0015599728,0.14337447
8.932826,1.7934282,2.6890693,7.1393976,79.92317
25.716604,3.1264677,3.9162238,22.590137,87.84261
1.0049244,1.0543683,1.9331915,0.04944384,4.920155
13.170002,17.60411,17.881737,4.4341087,33.668247
18.245384,5.569943,6.152195,12.675442,69.472046
0.9133381,0.9992955,1.9424359,0.08595735,9.411339
0.9531112,1.0008094,1.8899422,0.04769826,5.0044804
0.9520303,1.3059225,2.232144,0.3538922,37.172367
8.1973715,8.55367,8.953655,0.35629845,4.346496
0.40729356,1.8695664,2.7895627,1.4622729,359.02188
2.6954684,3.868291,4.5776844,1.1728225,43.5109
0.63484716,0.8770108,1.769349,0.24216366,38.14519
0.49769285,0.31181628,1.2298309,0.18587658,37.34765
0.41619727,2.4602218,3.265604,2.0440245,491.11914
0.30617714,4.4488654,5.142069,4.1426883,1353.0365
19.46214,13.273475,13.374815,6.1886644,31.798481
0.221468,0.5648856,1.6293734,0.3434176,155.06422
0.7310642,0.71563506,1.7697597,0.015429139,2.110504
7.8582163,5.64647,6.2341776,2.2117462,28.145653
1.2082072,1.3047342,2.1589782,0.09652698,7.989274
0.5159892,0.5085552,1.5473857,0.0074340105,1.4407299
1.2344186,1.3115678,2.306021,0.07714915,6.249837
0.83667374,0.904711,1.7869452,0.06803727,8.131876
2.6913934,2.6076703,3.6631708,0.08372307,3.1107705
0.123631954,2.035594,2.8549736,1.911962,1546.495
3.9428113,4.4652495,5.1238513,0.5224383,13.250401
0.7575162,1.2261906,2.1311858,0.46867436,61.869877
13.001414,6.380689,6.955287,6.620725,50.923115
1.8156893,1.6080537,2.5192852,0.20763564,11.435637
0.87172025,2.2331126,3.0261269,1.3613923,156.17307
0.9256209,0.8034011,1.7283943,0.1222198,13.204088
0.88812935,1.0547347,2.1764724,0.16660535,18.759132
1.0182234,1.0399814,1.9104792,0.02175796,2.1368554
1.8670884,1.5571983,2.547583,0.30989015,16.597507
0.24258813,0.5651245,1.5813727,0.32253638,132.95638
0.71956414,1.3072467,2.1573222,0.58768255,81.67201
0.2287641,2.9238954,3.6695478,2.6951313,1178.1268
6.1933093,3.519888,4.277456,2.6734214,43.166283
0.43311235,0.92630553,1.810569,0.49319318,113.87188
0.7694095,0.7605506,1.6657233,0.00885886,1.1513842
1.5041072,1.3028734,2.157235,0.20123386,13.378957
1.0945634,1.5480201,2.3978224,0.45345676,41.428097
0.655055,0.6003542,1.5007502,0.05470079,8.350565
1.4567021,1.1392319,2.2673378,0.3174702,21.793762
0.4522961,0.51573384,1.5504609,0.06343773,14.025707
1.0642642,0.89366853,1.9007678,0.17059565,16.029446
0.88075715,0.6847708,1.5882467,0.19598633,22.252028
0.29537484,1.482743,2.325385,1.1873682,401.9869
0.8102879,1.1309042,2.097246,0.3206163,39.568195
0.8249145,0.6757213,1.6208988,0.14919323,18.085901
1.1130065,1.8286476,2.6507041,0.71564114,64.29803
0.7343778,1.0562394,2.1413922,0.32186157,43.827793
19.269596,10.967081,11.391035,8.302515,43.08609
0.87158185,1.4957118,2.4437447,0.62412995,71.60887
0.7738925,1.2217131,2.2540178,0.44782054,57.865986
3.474353,2.842314,3.601899,0.63203907,18.19156
1.1688926,1.5809429,2.4225814,0.41205025,35.251335
1.3302498,1.1603706,2.0297604,0.1698792,12.770473
1.613068,0.9890083,1.945068,0.6240597,38.687748
0.49632958,1.0612094,2.1386383,0.5648799,113.811455
0.74622107,0.92943525,1.8051223,0.18321419,24.552267
11.796099,9.81885,10.536202,1.9772491,16.76189
6.3727894,5.097249,5.9178004,1.2755404,20.015415
16.685522,12.80126,12.9568405,3.884262,23.279236
16.0672,8.500063,8.907043,7.567137,47.096798
0.45840904,3.9764624,4.8239756,3.5180533,767.4485
1.0164423,1.1829314,2.305394,0.16648912,16.379595
0.516542,2.724296,3.4971666,2.2077541,427.41037
0.98305064,1.8827527,2.696836,0.899702,91.52143
0.53983986,0.5452663,1.4794745,0.005426407,1.0051882
0.4243126,1.0140843,1.9302999,0.58977175,138.99463
21.221542,6.729867,7.2430058,14.491675,68.28757
0.28104383,3.1475005,3.9473872,2.8664567,1019.93225
11.0043,3.5611444,4.270117,7.443156,67.63861
0.62052685,3.267693,4.0028086,2.6471663,426.59976
6.0208178,5.413928,6.1027226,0.6068897,10.079855
1.8256638,1.583077,2.4512548,0.24258685,13.287598
0.7881345,0.87139475,1.9785237,0.08326024,10.564217
12.078448,7.778536,8.764229,4.2999125,35.599873
0.41467163,1.1834064,2.0447595,0.7687347,185.38396
1.037457,1.2412765,2.2889974,0.20381951,19.646069
0.50262773,0.44904822,1.3949281,0.05357951,10.65988
1.0469854,0.8939314,1.81345,0.153054,14.618542
1.9812479,2.3514838,3.147666,0.37023592,18.687006
9.850393,3.439939,4.149738,6.4104543,65.078156
0.18852443,0.89497757,1.773166,0.70645314,374.72766
2.436145,3.5813727,4.297964,1.1452277,47.00983
12.806014,10.339027,11.08849,2.4669867,19.264282
0.56271935,0.6058701,1.6353141,0.043150783,7.66826
6.5635486,6.2330914,7.0576344,0.3304572,5.0347342
0.76016194,1.5418427,2.3857448,0.78168076,102.83082
0.4900772,1.1941609,2.323314,0.70408374,143.66792
0.6355764,1.9591832,2.8053687,1.3236067,208.25296
0.7474762,0.7272676,1.6162348,0.020208597,2.7035773
1.1725316,1.1986194,2.1932414,0.02608776,2.224909
0.72024375,0.7861774,1.6836587,0.065933645,9.154352
0.5963554,1.196816,2.2393672,0.6004606,100.688385
0.901731,0.67606175,1.5755286,0.22566926,25.02623
0.4843168,0.3153405,1.2575638,0.1689763,34.88962
7.172275,1.175555,2.3058138,5.9967203,83.60974
0.953643,1.8484592,2.6686888,0.8948162,93.83136
3.4288454,3.441505,4.4057765,0.01265955,0.36920735
0.27742887,2.133208,2.9600716,1.8557792,668.9207
1.4979457,0.98969007,1.8916018,0.5082556,33.930176
0.20532244,0.72352374,1.6604127,0.5182013,252.38414
0.6298255,0.7174989,1.6155691,0.087673426,13.920273
0.5539493,0.7289412,1.6194913,0.1749919,31.58988
0.2401805,0.6476408,1.5512346,0.40746033,169.64754
1.5387229,1.1956363,2.3208287,0.3430866,22.29684
23.971886,26.078224,25.872185,2.1063385,8.786703
0.52180326,1.0358212,1.910116,0.51401794,98.507996
13.890344,12.023892,12.219609,1.8664513,13.437041
16.877996,4.5916696,5.3556447,12.286327,72.79494
13.1085825,5.48796,6.0735555,7.6206226,58.134605
0.59688354,2.1515882,2.9481006,1.5547047,260.47034
0.8935318,0.91820514,1.7940687,0.024673343,2.761328
0.77847844,0.6372168,1.7195668,0.14126164,18.145863
18.611673,22.767633,22.35233,4.15596,22.329857
3.4027467,3.6212564,4.3905964,0.21850967,6.4215674
28.6293,18.065706,17.867126,10.563593,36.89784
0.6022987,0.5947324,1.6754344,0.007566273,1.2562327
1.3995844,1.5639517,2.402703,0.16436732,11.744009
0.44020975,0.433045,1.4559474,0.0071647465,1.6275756
1.0013417,1.1506715,2.2074707,0.14932978,14.912969
0.725018,0.7775881,1.6694494,0.052570105,7.250869
19.428171,27.815186,27.006342,8.387014,43.169346
7.8658743,8.29937,8.82556,0.43349552,5.511091
0.32454076,1.5962892,2.4568715,1.2717484,391.86093
0.94070184,0.99620926,2.0103548,0.05550742,5.900639
0.96071917,0.93917143,1.8224597,0.021547735,2.2428756
1.5989095,1.4831653,2.4153037,0.11574423,7.238948
1.1318367,1.0461435,1.9154763,0.08569312,7.571156
2.447276,3.7001166,4.4096932,1.2528405,51.193264
1.1626862,1.3510132,2.288707,0.18832695,16.197573
0.665086,0.900385,1.9191964,0.23529905,35.378742
2.072926,1.7620432,2.7440708,0.3108828,14.997293
0.7293294,0.94885767,1.9621427,0.21952826,30.100014
1.0547639,1.5928278,2.5957336,0.5380639,51.012733
1.25485,0.89024234,1.9865255,0.3646077,29.055878
0.20720789,0.3003211,1.2250034,0.093113214,44.9371
0.99334806,1.465801,2.3747866,0.47245294,47.56167
0.22301447,0.7136748,1.6194313,0.4906603,220.01277
1.4568099,1.3206859,2.1711822,0.13612401,9.34398
0.84521097,1.11151,2.0852222,0.26629907,31.506817
1.23199,1.0603795,1.9464947,0.17161047,13.929535
0.60517746,1.1119158,2.2381966,0.50673836,83.73385
0.8647169,1.1405652,2.0526175,0.27584827,31.900415
0.4367675,0.34492898,1.3302541,0.09183851,21.026865
2.230149,1.6554322,2.538566,0.5747168,25.770332
14.540754,10.240312,10.846083,4.3004427,29.575102
0.85675204,0.95424056,1.8966181,0.09748852,11.378849
0.8614384,1.1408474,2.0191789,0.27940905,32.435173
12.586181,1.9676735,2.94268,10.618507,84.366394
13.535442,9.937687,10.441762,3.5977554,26.580257
0.65108997,0.77637804,1.6615055,0.12528807,19.242819
0.59825516,1.2638273,2.3036335,0.66557217,111.25223
1.6295644,1.3681681,2.4372926,0.2613963,16.040869
3.4004102,2.4585373,3.2979317,0.94187284,27.698801
18.69697,27.374287,26.596577,8.677317,46.410286
0.9172658,0.5173632,1.4823014,0.39990258,43.59724
0.61444527,0.9061694,1.9943849,0.29172415,47.477646
23.414635,3.739596,4.4448996,19.67504,84.02881
0.6346357,0.5361384,1.4650633,0.09849727,15.520287
15.107315,7.532277,7.9973674,7.575038,50.14152
0.46008378,0.9950495,2.107821,0.5349657,116.27571
0.9772196,0.85557365,1.7439148,0.12164593,12.448167
2.3967173,2.3202636,3.2192314,0.076453686,3.1899333
0.48149303,3.0486512,3.8057349,2.5671582,533.1662
1.3635875,1.8709569,2.6924899,0.5073694,37.20842
0.8638254,1.018646,1.9374372,0.15482062,17.922676
0.32937124,1.1274469,2.0154545,0.7980757,242.3028
0.9682302,0.8477254,1.7387264,0.1205048,12.445883
1.3969855,1.2796371,2.2498589,0.11734843,8.400118
3.059291,3.3240075,4.053874,0.26471663,8.652875
0.53524244,1.0798335,2.108543,0.54459107,101.74661
0.120723136,0.98099947,1.8554316,0.86027634,712.6027
0.93163484,0.8048041,1.6903105,0.12683076,13.613785
0.60552186,4.3530517,5.095375,3.7475297,618.8925
0.3427909,1.3676591,2.2177022,1.0248682,298.97766
0.5304642,1.0912423,1.9556515,0.56077814,105.71461
0.27814242,0.48386383,1.39445,0.20572141,73.962616
0.68504655,0.42911214,1.3504708,0.25593442,37.36015
0.5516486,0.43759584,1.352582,0.11405277,20.674894
0.9718309,1.199858,2.109509,0.22802705,23.463654
0.18453526,5.167257,5.78671,4.9827213,2700.1458
1.076423,1.0365174,1.9200636,0.039905667,3.7072475
0.18323696,0.46865594,1.4793102,0.285419,155.76497
1.6925513,1.3303046,2.415755,0.36224663,21.402403
15.208842,18.67224,18.419117,3.463397,22.772259
1.7946498,1.594897,2.478457,0.19975281,11.130462
19.838415,8.233009,8.638248,11.605406,58.49966
1.0525346,1.0794678,1.946873,0.026933193,2.5588892
19.751839,10.771045,11.008921,8.980794,45.468143
0.6658158,0.8740052,1.8630774,0.20818943,31.268324
1.234974,2.0201027,2.8243563,0.7851287,63.574512
0.547248,0.24394837,1.2336624,0.30329964,55.422703
3.4096415,3.0777607,4.1370263,0.3318808,9.733598
1.130801,1.2156808,2.2096558,0.084879875,7.5061727
1.4417672,2.257403,3.0481431,0.8156357,56.57194
0.85055166,1.4230986,2.5414526,0.5725469,67.314766
0.74011195,0.9458306,1.875811,0.20571864,27.79561
0.7043482,1.1868575,2.055453,0.48250926,68.504364
1.7677324,1.1005261,2.1933398,0.6672063,37.743626
1.2845653,1.2614627,2.1196933,0.023102641,1.7984793
0.25474882,0.42218837,1.3789574,0.16743955,65.72731
7.2527323,9.2011795,9.565695,1.9484472,26.86501
0.7267742,1.0644331,2.0000587,0.33765888,46.45994
0.2249524,2.8914118,3.6353822,2.6664593,1185.3439
10.735644,7.3098345,7.8063183,3.4258099,31.910614
0.30602017,2.8942802,3.7289014,2.58826,845.7808
0.7009923,0.9448149,1.8311067,0.24382263,34.782497
0.89934474,1.087302,2.0903296,0.18795723,20.899353
11.3859215,12.044014,12.714765,0.6580925,5.779879
0.63987076,0.9898871,1.8892552,0.35001636,54.701103
1.0371083,1.2426715,2.1675375,0.20556319,19.820803
0.85658014,1.224376,2.1391842,0.36779583,42.937702
26.817707,18.539417,18.309736,8.27829,30.868746
24.420431,17.787832,17.586842,6.632599,27.16004
0.55885434,0.5444342,1.4619315,0.014420152,2.5803058
11.57548,5.8352065,6.968481,5.740274,49.589943
0.9179334,1.2627964,2.1181464,0.344863,37.569504
2.0230203,1.9431176,2.9761124,0.07990265,3.9496713
0.59112895,0.7983639,1.7487407,0.20723498,35.05749
0.8411745,1.0765159,2.1884258,0.23534143,27.977718
1.9853714,1.6284268,2.5484936,0.35694456,17.978731
6.638232,2.3966901,3.2240713,4.241542,63.895653
1.0229797,0.8796543,1.7696843,0.14332545,14.010585
0.41294125,1.535037,2.3758636,1.1220958,271.73254
0.527131,0.5652411,1.605659,0.038110077,7.2297163
15.839783,19.491814,19.896112,3.652031,23.056067
10.008192,1.3681052,2.4406471,8.640087,86.330154
0.9419943,1.1900427,2.3077812,0.24804842,26.332264
0.09074688,0.27286306,1.2198863,0.18211618,200.6859
1.0579733,1.0578613,2.1713178,0.00011193752,0.010580374
6.859074,7.607481,8.0779085,0.7484069,10.911195
0.7861542,0.6960118,1.5906111,0.09014243,11.466253
0.44538292,0.0,0.92489326,0.44538292,100.0
0.45119357,1.5052536,2.5628245,1.05406,233.61592
0.4315922,1.612756,2.7424664,1.1811638,273.6759
1.1373032,1.3967285,2.371679,0.25942528,22.810564
17.057468,5.499494,6.0999446,11.557974,67.75902
0.9318486,1.178498,2.266786,0.24664944,26.468832
7.1198564,11.066316,11.313057,3.9464593,55.428917
11.187833,3.3348074,4.06492,7.8530254,70.19255
0.4932529,0.56410754,1.5479579,0.070854634,14.364768
0.93065304,1.2103171,2.1307735,0.2796641,30.050306
11.330565,11.233794,11.553053,0.09677124,0.85407245
1.2197955,0.9825047,1.870595,0.23729074,19.453323
0.9604044,1.0370145,1.9286547,0.07661009,7.976857
1.5220771,1.3300018,2.19731,0.19207525,12.619286
0.5324811,0.464585,1.3693768,0.06789607,12.750889
0.16264203,0.53321385,1.5064862,0.37057182,227.84505
0.5603871,0.53433573,1.59667,0.026051342,4.6488123
0.2196184,3.210647,4.0302386,2.9910288,1361.9209
1.3239712,1.1414618,2.074701,0.1825093,13.784991
0.64015687,1.1580608,2.0166392,0.5179039,80.902664
0.54549754,2.3477547,3.127293,1.8022572,330.3878
2.217309,2.0646954,2.9195597,0.15261364,6.8828316
0.8002615,0.7796029,1.8418193,0.020658612,2.5814826
0.49067113,3.8436584,4.600883,3.3529873,683.34717
19.898155,6.8298483,7.3493767,13.068307,65.67597
1.5621059,1.2994597,2.3915472,0.2626462,16.813597
0.55682725,0.6392791,1.6632196,0.08245188,14.807443
0.44301617,0.7546624,1.6801429,0.31164622,70.346466
12.241606,4.9766183,5.6195893,7.2649875,59.346684
0.48118484,1.2009449,2.0607164,0.71976006,149.58078
0.5912652,1.1668398,2.2961912,0.57557464,97.346275
0.8436202,1.1336949,2.142916,0.2900747,34.384514
15.031189,10.381912,10.702665,4.6492767,30.930864
0.58235335,0.8050544,1.874683,0.22270107,38.24157
2.9053237,1.1423693,2.2706635,1.7629545,60.680138
13.84908,3.0778708,3.8283894,10.77121,77.775635
0.73925966,1.3088589,2.1624608,0.5695992,77.04996
0.24158424,1.0133398,1.9435518,0.7717555,319.4561
0.77969545,0.8288915,1.835094,0.049196064,6.309651
0.792911,1.1290231,1.9927436,0.33611208,42.389637
4.084692,4.6251907,5.364708,0.54049873,13.232301
0.1494705,4.860615,5.489014,4.7111444,3151.8892
0.75009215,0.995155,1.866062,0.24506283,32.67103
3.1711123,2.8131738,3.567174,0.35793853,11.287476
8.95722,7.9455137,8.445748,1.0117064,11.29487
15.037815,13.704292,14.14744,1.3335228,8.867796
7.60861,4.7495613,5.3823805,2.8590488,37.576492
0.8897232,1.1373668,2.2631235,0.24764359,27.833778
1.2349654,1.1762888,2.0392914,0.0586766,4.7512746
0.46064234,1.9100835,2.738444,1.4494412,314.65652
0.5829019,1.1363952,2.0033474,0.5534933,94.954796
24.020056,18.365616,18.117567,5.65444,23.540493
0.42299202,1.1886761,2.0719914,0.7656841,181.0162
2.6973333,2.9209397,3.707743,0.22360635,8.289904
0.72169983,0.98156726,1.9578958,0.25986743,36.00769
0.8387253,0.7386794,1.832729,0.10004592,11.928329
0.23187074,0.4711965,1.5181279,0.23932576,103.21516
1.0042785,2.0436316,2.8492327,1.039353,103.49251
14.343286,1.5334508,2.5026522,12.8098345,89.30892
6.3894677,4.7531247,5.892948,1.636343,25.610006
1.036086,2.2257292,3.018062,1.1896433,114.8209
0.7086067,1.0484049,2.1706524,0.3397982,47.953003
2.0543523,2.5936444,3.727803,0.5392921,26.2512
2.524099,1.8898923,2.869152,0.6342068,25.126064
18.673079,12.892185,13.019672,5.7808933,30.958439
0.71997976,1.3749132,2.2263095,0.65493345,90.96554
0.416782,1.1085513,1.9870852,0.69176924,165.97868
0.6130719,0.5056429,1.4097319,0.10742903,17.523071
1.4653105,3.0678334,3.8747916,1.602523,109.36406
5.232516,5.621246,6.335593,0.38873005,7.4291234
0.5202384,1.1382868,2.2663362,0.6180484,118.801
0.25477782,0.6287055,1.5404929,0.37392768,146.76619
0.8679028,1.8195517,2.6392915,0.9516489,109.64925
1.3343841,1.3302159,2.1852396,0.004168153,0.3123653
1.0304506,1.0569427,1.9351214,0.026492119,2.5709257
1.1053743,1.0661099,2.016962,0.03926444,3.5521398
0.5951631,0.91340935,1.788948,0.31824625,53.472107
5.063474,1.7799921,2.6828446,3.283482,64.84643
3.6928294,3.7674704,4.7076974,0.07464099,2.0212412
0.9417957,1.1247258,1.9892137,0.18293011,19.423544
0.2558092,1.1343107,1.9968647,0.87850153,343.42062
1.4122609,1.1425335,2.2708125,0.26972735,19.098974
0.693296,0.9521184,1.8262161,0.25882238,37.33216
0.89431244,0.6893451,1.637365,0.20496732,22.918983
0.5424558,1.0583267,1.9263934,0.5158709,95.09917
0.8086426,0.9644989,2.0805943,0.15585625,19.273811
1.9782985,2.0074959,3.0557697,0.029197335,1.4758811
1.9840608,1.8473256,2.739077,0.1367352,6.891684
0.39373735,3.8750439,4.5697727,3.4813066,884.16974
0.44358197,1.724803,2.7243006,1.281221,288.83524
1.0057179,0.9179976,1.888296,0.087720275,8.722156
1.4933695,1.2875268,2.2139983,0.20584261,13.78377
0.5604672,0.5507686,1.5701762,0.00969857,1.7304438
0.8355153,1.494895,2.3375394,0.65937966,78.918915
19.087841,8.11322,8.545599,10.974621,57.495346
0.298906,1.1292663,2.1033523,0.8303603,277.7998
4.1513596,3.0416784,4.1916447,1.1096811,26.730547
0.75533175,0.90076387,1.8068113,0.14543211,19.25407
15.297561,9.173088,9.609822,6.1244726,40.035618
0.426832,0.18283167,1.1262152,0.24400032,57.165424
1.0036066,0.9748032,1.8484052,0.028803349,2.8699841
3.1678362,3.5394716,4.248459,0.37163544,11.7315235
0.97744733,2.5574522,3.33383,1.5800049,161.64604
0.45316932,0.5931425,1.502362,0.1399732,30.887615
2.6390731,1.2112939,2.1353326,1.4277792,54.10154
0.5213889,3.6920233,4.394911,3.1706343,608.1131
0.52680665,0.6982496,1.6594177,0.17144293,32.543804
25.54618,25.154654,24.518932,0.39152718,1.5326251
2.046928,1.481533,2.3564456,0.5653949,27.621632
1.3632859,1.4316804,2.2836847,0.06839454,5.016889
0.5799187,0.91219544,1.8413892,0.33227676,57.29713
1.4634687,0.8754319,1.9343107,0.5880368,40.18103
8.491068,8.610605,9.145077,0.11953735,1.4078012
3.1674652,4.3825445,5.054573,1.2150793,38.36125
1.0781286,1.0874918,1.9583495,0.009363174,0.8684655
0.94074154,2.4469743,3.225495,1.5062327,160.11122
0.6763756,1.091985,2.1761515,0.41560936,61.44653
21.000269,22.537527,22.04143,1.5372581,7.3201833
0.86023164,0.7219031,1.6495367,0.13832855,16.080383
19.495771,14.031774,14.068489,5.463998,28.026579
7.473735,8.221919,8.747796,0.7481842,10.010848
15.211432,4.127403,4.8083386,11.08403,72.86645
1.7868532,1.3370256,2.3020658,0.44982755,25.174286
0.98384327,0.90624833,1.8551831,0.077594936,7.886921
1.1763979,1.3434594,2.4816375,0.16706145,14.201099
23.71224,5.0837564,5.8245063,18.628483,78.560616
1.0109566,2.2293413,3.020909,1.2183846,120.51799
0.36778006,0.36266404,1.2780964,0.0051160157,1.3910531
0.74444646,0.8850467,1.8572619,0.14060026,18.88655
0.6025237,0.7309607,1.627242,0.12843704,21.316513
1.3573785,1.1270487,2.1943753,0.23032975,16.96872
2.208755,2.106191,3.011372,0.1025641,4.643525
0.42344055,0.49765745,1.5206636,0.0742169,17.527113
1.0792737,1.4402392,2.33188,0.3609655,33.445225
2.5927746,1.7614224,2.7812557,0.83135223,32.064194
24.511341,6.7091155,7.2140265,17.802225,72.628525
0.118443035,0.6588391,1.7333302,0.5403961,456.2498
17.066027,3.1310945,3.878619,13.934933,81.65306
20.35348,27.999208,27.161503,7.645729,37.564728
11.518099,7.2554903,7.8732505,4.2626085,37.00792
0.87874675,1.1508231,2.1151206,0.27207637,30.961864
23.554613,20.135988,19.80608,3.4186249,14.513611
1.2481159,1.1462903,2.0751941,0.101825595,8.158345
0.56718117,0.0646998,1.0045543,0.50248134,88.59274
0.9954472,1.1999192,2.1330483,0.204472,20.540718
0.86344194,0.61253166,1.5078768,0.25091028,29.05931
0.90674806,1.3308115,2.1805422,0.42406344,46.767506
13.889063,7.4439163,7.9152193,6.4451466,46.404472
0.6431214,0.5109937,1.437357,0.1321277,20.544752
1.4616938,1.1602302,2.083456,0.3014636,20.624266
0.80637306,1.3405626,2.2001574,0.5341895,66.24596
0.7635418,0.8808334,1.7666796,0.11729157,15.361511
12.198962,5.415988,6.001052,6.7829742,55.60288
8.242327,9.091992,9.762934,0.84966564,10.308566
0.40420282,0.38249588,1.3359227,0.021706939,5.3703084
6.5646667,4.4947977,5.317701,2.069869,31.53045
0.9733413,1.2885413,2.270372,0.31520003,32.3833
0.2537837,1.052886,1.9436482,0.7991023,314.87537
0.53980917,0.41352546,1.3228455,0.1262837,23.394138
5.329865,6.712524,7.3370104,1.382659,25.941727
3.9474218,1.6988578,2.6065884,2.248564,56.962852
1.0604032,1.1032093,2.0540166,0.04280603,4.036769
0.82658195,1.0415411,2.0351627,0.21495914,26.005787
2.5917351,2.5242634,3.5879316,0.06747174,2.6033425
10.360497,4.4966536,5.158808,5.863844,56.59809
0.47304228,1.26602,2.3317804,0.7929778,167.6336
0.44478968,0.44141477,1.3500267,0.0033749044,0.7587641
0.44941497,0.75864875,1.6495228,0.30923378,68.808075
4.2402444,2.2823708,3.0718458,1.9578736,46.173603
1.7517116,2.9557056,3.7063694,1.203994,68.73244
0.8845935,1.1533666,2.2000346,0.26877308,30.383797
0.9375973,0.85398006,1.7380159,0.08361721,8.918243
1.4273325,1.6002936,2.5806518,0.17296112,12.117787
0.92175394,1.148386,2.2641292,0.22663206,24.587046
0.32349527,1.0090361,1.881579,0.6855408,211.91678
2.800709,2.8773248,3.6501782,0.07661581,2.7355862
0.1665277,1.7006707,2.5855923,1.534143,921.25385
1.0050529,0.94926274,1.83013,0.055790186,5.55097
0.43712738,0.7626442,1.7754672,0.3255168,74.46726
2.3534133,1.9964559,2.8397317,0.35695744,15.167647
0.35664773,0.89027786,1.7726943,0.53363013,149.62387
1.3475689,1.3840823,2.301212,0.036513448,2.7095792
2.0952518,1.1005869,2.0423281,0.9946649,47.472332
15.260949,8.797639,9.183593,6.4633102,42.351955
1.5024178,0.8993386,1.9827332,0.6030792,40.14058
4.277806,4.741289,5.3843718,0.46348333,10.834605
23.391462,11.249502,11.575853,12.14196,51.907658
11.340627,6.129316,6.6838846,5.211311,45.952583
0.69269764,1.7038579,2.5287662,1.0111603,145.97426
8.15804,6.1216083,7.264242,2.0364318,24.962267
1.1894903,1.2997909,2.2062244,0.11030054,9.272924
2.0739443,1.9781656,2.7942727,0.0957787,4.618191
0.9486738,1.1640472,2.0256858,0.21537346,22.702583
0.7786131,0.94834673,1.8568941,0.16973364,21.799484
4.0831785,6.416982,6.9912624,2.3338037,57.156544
3.0637774,1.742126,2.8815196,1.3216515,43.137974
0.9111985,1.0854967,1.9981112,0.17429817,19.128452
0.14522496,0.77779806,1.6677954,0.6325731,435.58154
0.15451884,3.7804585,4.4783688,3.6259396,2346.6003
4.504248,1.4487164,2.5935273,3.0555317,67.83666
16.308722,15.033842,15.011752,1.2748795,7.8171635
3.125213,3.63165,4.383289,0.50643706,16.204882
2.6433983,3.3617778,4.0866942,0.7183795,27.176363
0.43876693,2.8166327,3.6000469,2.3778658,541.9428
0.8080444,0.7094698,1.6091847,0.09857458,12.199155
0.5832274,4.2936206,4.9541903,3.7103932,636.1829
0.5174468,0.719502,1.6081901,0.20205516,39.048485
7.205142,3.9622564,4.667156,3.2428856,45.007935
1.3233864,1.1912975,2.1080093,0.1320889,9.981129
0.5962841,0.72076535,1.7997336,0.12448126,20.876165
1.1359435,1.0878317,1.9601395,0.048111796,4.235404
1.7269932,2.3284068,3.1149201,0.6014136,34.824318
0.8243519,0.4929404,1.4310524,0.3314115,40.202675
0.9048371,1.1105375,2.166339,0.20570046,22.733425
13.770372,2.6780605,3.5457363,11.092312,80.55201
6.964395,3.7690115,4.5017805,3.1953835,45.88171
13.093656,2.820094,3.5829537,10.2735615,78.462135
0.47483656,0.3815479,1.3356225,0.09328866,19.646479
0.3873777,0.39983863,1.3316176,0.012460917,3.2167358
1.0156549,1.0683813,2.19166,0.052726388,5.191368
1.2640303,0.97130084,1.8615578,0.2927295,23.158422
0.4989276,0.7670115,1.672737,0.26808393,53.732033
1.1403102,1.085921,2.1172824,0.05438912,4.7696776
12.40757,12.434032,12.794136,0.026462555,0.2132775
0.28120273,1.4529345,2.3155553,1.1717317,416.68576
0.35719746,0.27473423,1.2061082,0.082463235,23.086176
5.614717,6.2401705,6.809622,0.6254535,11.139537
1.0996794,1.051769,2.0365765,0.047910333,4.356755
1.442934,1.3129566,2.3830218,0.12997746,9.007859
0.5024774,1.0543175,2.084331,0.55184007,109.82385
11.682204,11.670075,11.887903,0.01212883,0.103823125
1.1039523,0.9443221,1.8294625,0.15963018,14.459881
0.8857738,0.89373255,1.7824061,0.00795877,0.89851046
0.19918008,0.45406836,1.4691423,0.2548883,127.96877
1.5422636,2.239491,3.0429063,0.69722736,45.20805
1.4568814,1.25068,2.1083531,0.20620143,14.153619
0.8693728,0.42846358,1.3462639,0.4409092,50.715782
1.0559617,0.9478289,1.8664746,0.10813284,10.240223
1.5418736,1.0160282,2.1071637,0.5258454,34.104313
15.083186,9.689044,10.034169,5.394142,35.762615
9.815899,3.2434187,3.9788353,6.57248,66.9575
0.6841324,1.1250718,2.2523131,0.44093937,64.45235
0.59489435,0.6826861,1.575762,0.08779174,14.757534
1.0113863,0.69397175,1.5971143,0.31741452,31.384104
0.35681134,0.5036429,1.4359082,0.14683157,41.15104
2.9183226,2.154439,3.1915004,0.7638836,26.175434
0.753519,0.96689093,2.0831015,0.21337193,28.316729
3.0161426,2.2442236,3.1242635,0.771919,25.592922
18.61815,8.405733,9.200409,10.212418,54.851944
0.35208684,0.8604826,1.746451,0.50839573,144.39497
1.6543171,1.4908628,2.4608855,0.1634543,9.880468
1.8970349,2.6200871,3.3954253,0.72305226,38.114864
0.22802609,0.49780503,1.543074,0.26977894,118.310555
16.512781,13.5175085,13.663263,2.9952726,18.139116
20.72904,19.564964,19.344296,1.1640759,5.6156764
5.1275067,4.721849,5.436203,0.40565777,7.911404
12.568247,12.004314,12.406046,0.5639324,4.486962
0.26815438,1.6885364,2.5245225,1.420382,529.6882
3.4838872,3.685728,4.460351,0.20184088,5.793554
1.174396,1.2880912,2.145879,0.113695145,9.681159
1.0625868,0.86401296,1.8202286,0.19857383,18.687777
0.3111598,0.21306565,1.144404,0.098094136,31.525326
1.4073716,1.2985461,2.4152913,0.108825564,7.7325397
1.0382749,1.1587837,2.2401967,0.12050879,11.606636
12.6840315,6.0527344,6.7012644,6.631297,52.280674
0.4306908,0.5162444,1.4334718,0.08555362,19.864279
1.2629509,1.0677454,1.9769839,0.19520545,15.456299
0.648637,3.43778,4.1575475,2.7891428,430.00058
1.2243042,1.813627,2.6405306,0.5893228,48.135326
1.017518,1.2972715,2.3064463,0.27975345,27.49371
9.595877,3.9074078,4.5894794,5.688469,59.28035
0.46837553,0.4131653,1.3347055,0.055210233,11.7876
0.58530354,0.45252258,1.3804834,0.13278097,22.685831
14.153793,12.064615,12.722366,2.089178,14.760553
1.7761676,1.8683903,2.9096744,0.09222269,5.192229
0.9460644,0.67820394,1.5755109,0.26786047,28.313133
1.5737462,0.88640773,1.8798146,0.6873385,43.67531
1.0071404,0.93647146,1.8154467,0.070668936,7.016791
16.275263,6.419513,7.181177,9.855749,60.556618
0.9142847,0.94615984,1.8220428,0.031875134,3.4863465
0.9369719,1.5302613,2.3694766,0.5932894,63.31987
0.5710159,0.8248545,1.8476695,0.2538386,44.453857
25.194546,18.50112,18.242844,6.693426,26.566963
24.114796,6.8022704,7.323348,17.312525,71.79212
0.3205494,1.5357761,2.3892686,1.2152268,379.10748
0.9002565,0.82043374,1.7422642,0.07982278,8.866671
0.565284,1.217516,2.1473715,0.65223193,115.38127
0.27737477,3.0897536,3.893587,2.812379,1013.9274
0.42775464,0.9252622,2.000431,0.49750757,116.306755
1.5028362,1.7747867,2.8164334,0.27195048,18.095818
0.99639493,0.8821515,1.7673057,0.11424345,11.465679
0.7120102,0.9587406,1.9028528,0.24673039,34.65265
0.2226902,0.4920127,1.4699991,0.2693225,120.940445
0.71504396,3.7118397,4.4175034,2.9967957,419.10648
6.6649055,7.830682,8.520609,1.1657763,17.491264
0.36304015,1.1966112,2.061163,0.833571,229.60849
0.3637534,1.1099827,1.9968064,0.7462293,205.14703
0.5169875,0.3943573,1.3294711,0.12263021,23.720148
4.8757668,3.3714929,4.2910504,1.5042739,30.852047
18.919813,22.675114,22.21485,3.7553005,19.848507
0.47938672,0.65779674,1.7376894,0.17841002,37.216305
12.294422,8.240312,8.649355,4.0541105,32.9752
0.5739854,0.9513409,1.9308529,0.37735552,65.74305
2.0063674,1.261236,2.3790197,0.7451315,37.13834
0.87757903,1.1391902,2.2672863,0.26161116,29.810553
0.34843427,4.4795794,5.2921677,4.131145,1185.6311
0.4226703,2.6462758,3.699918,2.2236054,526.0851
24.527723,8.5790205,8.970373,15.948703,65.02316
0.78723884,1.1052802,2.2312913,0.31804132,40.399597
0.83890647,1.0771992,1.9428989,0.23829275,28.405163
0.32245386,0.75610113,1.6583569,0.43364727,134.4835
8.522261,2.3991542,3.5767963,6.1231065,71.84839
0.64478344,0.9248105,1.8284094,0.2800271,43.429634
1.9930037,2.0128992,2.8260064,0.019895434,0.9982638
17.587421,10.484156,10.734781,7.103266,40.388332
0.50833935,2.0952764,3.1642907,1.586937,312.18063
1.1319374,1.1844494,2.0609827,0.05251205,4.63913
1.5244559,1.41716,2.4657433,0.10729587,7.038306
0.97445005,1.1634758,2.2238264,0.1890257,19.398193
0.5328118,1.0167747,2.1368124,0.48396283,90.83185
0.45243472,0.8641865,1.753241,0.4117518,91.00801
0.362263,0.53127635,1.4521543,0.16901335,46.654877
0.4389091,1.1357028,2.263595,0.69679374,158.75581
0.73460215,1.1521933,2.0119963,0.41759115,56.845894
0.93568647,1.0017252,2.11725,0.06603873,7.0577836
0.6431299,0.50715005,1.429465,0.13597983,21.143448
0.824153,0.81473863,1.7314867,0.009414375,1.1423091
2.5775466,1.3504663,2.1974163,1.2270803,47.606525
0.8956114,0.6797173,1.7609539,0.2158941,24.10578
1.1914448,1.3396959,2.4038303,0.14825118,12.442975
0.7845244,1.1067107,1.9874456,0.3221863,41.06772
2.2299128,2.7266629,3.4910831,0.49675012,22.27666
15.941251,6.6421595,7.170534,9.299091,58.33351
0.46821693,0.41720313,1.3711839,0.051013798,10.895334
0.7655486,0.48453754,1.4620638,0.28101104,36.707146
0.8268372,0.93187034,1.9480164,0.10503316,12.703004
1.2258941,1.0383508,2.1558638,0.18754327,15.29849
0.50477177,0.7104517,1.6046788,0.20567995,40.74712
1.4604421,1.4245038,2.4470084,0.035938263,2.4607797
0.9542949,1.102412,2.228232,0.14811707,15.5211
0.34045053,0.5148325,1.4252105,0.17438197,51.220947
0.8132529,2.3597405,3.1529458,1.5464876,190.16072
0.44871363,0.46466172,1.3729761,0.015948087,3.5541792
0.9800043,0.9665555,2.0591197,0.013448834,1.372324
1.3191465,1.0015383,2.0785475,0.31760824,24.076797
16.18402,30.566328,29.64784,14.382309,88.867355
5.679049,2.0859864,3.1306927,3.5930626,63.26874
7.509227,8.40361,9.151625,0.89438343,11.9104595
0.46229118,0.5512786,1.5087141,0.08898741,19.249212
1.0391557,0.91589797,1.798373,0.123257756,11.861336
0.55633324,0.0,0.8825867,0.55633324,100.0
1.1203358,1.2041161,2.2045043,0.08378029,7.478141
0.5067301,0.44565856,1.3548638,0.061071515,12.05208
1.5576625,1.0666687,2.1674654,0.49099374,31.521189
0.48314834,1.2342455,2.259565,0.7510972,155.45892
2.1730309,3.5979214,4.3190684,1.4248905,65.57157
21.162893,5.604375,6.190897,15.558518,73.517914
0.49873164,1.1711674,2.044442,0.67243576,134.82918
14.581734,10.071266,10.373598,4.5104675,30.932314
0.66301244,0.45886213,1.4114431,0.20415032,30.791325
0.82395804,1.1185241,2.1959414,0.29456604,35.750126
0.41305414,0.84140277,1.8636178,0.42834863,103.70278
1.348638,0.8954021,1.8562008,0.45323598,33.606937
0.5579956,0.9538851,2.0691328,0.39588946,70.948494
0.95607865,0.90891206,1.9897319,0.047166586,4.933337
16.77233,1.8659759,2.6963067,14.906353,88.87467
0.97257113,1.0789473,1.9472805,0.10637617,10.937624
0.77323145,0.8450227,1.7842438,0.07179123,9.284572
0.99030906,1.841867,2.6561887,0.8515579,85.989105
22.625956,15.491137,15.448902,7.134819,31.533781
0.77371347,1.1091976,2.1003735,0.33548415,43.36026
1.4345353,1.1734872,2.0400896,0.26104808,18.197397
0.58971626,1.6081285,2.4371805,1.0184124,172.69531
2.1422179,2.2169898,3.2508266,0.07477188,3.4903958
1.1678416,1.147418,2.0152843,0.020423532,1.7488272
14.198429,16.109243,16.129108,1.9108143,13.457927
0.81875867,0.62763906,1.5333712,0.19111961,23.342606
0.9129896,1.2714729,2.2808254,0.3584833,39.264774
0.38574535,2.1933243,2.9898393,1.807579,468.59387
11.423299,6.04498,6.613282,5.378319,47.082012
1.5507362,1.5676291,2.6231968,0.01689291,1.0893477
13.979437,17.69811,18.077929,3.7186737,26.601027
1.1231865,1.0612037,2.1557372,0.06198275,5.5184736
1.5164666,1.4903543,2.3638856,0.026112318,1.7219185
0.9838092,1.2701502,2.3142538,0.286341,29.105341
12.24275,9.522506,9.8983555,2.7202444,22.219227
0.6283012,0.7069824,1.6398972,0.07868117,12.522843
0.90441054,0.79905224,1.6826919,0.1053583,11.649389
20.096376,16.755049,16.658676,3.3413277,16.626518
21.043943,7.1726007,7.663036,13.871343,65.916084
16.034863,31.201561,30.222424,15.166698,94.58577
7.7590966,4.7323008,5.378042,3.0267959,39.009644
22.722092,23.775932,23.194567,1.0538406,4.637956
19.09899,5.477583,6.1542683,13.621407,71.32004
0.06381147,4.8846006,5.521677,4.8207893,7554.7373
0.67413855,0.8921715,1.7913078,0.21803296,32.342453
0.64831406,0.97245264,1.8467798,0.32413858,49.99715
0.9119448,1.2314336,2.2670333,0.31948882,35.03379
0.8551404,0.99141836,2.0045362,0.13627797,15.936327
0.80998605,1.8061562,2.9528418,0.9961701,122.986084
0.14372961,0.49637076,1.4025948,0.35264117,245.3504
1.0166924,0.8227409,1.8910525,0.19395149,19.076714
18.878088,2.6633246,3.4772615,16.214764,85.891975
0.5534298,0.92170143,1.8441702,0.36827165,66.54352
0.7080791,1.0061605,2.1246104,0.2980814,42.09719
2.1310163,1.7286177,2.6665316,0.4023986,18.882944
2.1033542,2.2711642,3.1989596,0.16780996,7.9782076
12.223943,12.374602,12.582066,0.15065956,1.2324957
0.9288263,1.1247759,2.2516477,0.19594961,21.096476
1.0622888,1.3633101,2.2164807,0.30102134,28.337055
24.90509,33.873627,32.65806,8.968536,36.010857
0.86871445,0.81589866,1.7277939,0.052815795,6.079765
17.153584,22.633814,22.157017,5.4802303,31.948019
0.74305516,1.0276153,1.9955167,0.28456014,38.295963
1.3543004,1.2909503,2.2728581,0.06335008,4.677698
1.3623729,1.4511671,2.4408002,0.08879423,6.517616
0.84451246,1.3541975,2.203894,0.50968504,60.35258
0.99735445,0.8671074,1.7568383,0.13024706,13.059255
0.59879327,1.0427456,2.1646147,0.44395232,74.14117
0.90490264,1.0274968,2.0815485,0.12259418,13.547775
0.790653,2.3490052,3.4007773,1.5583522,197.09686
0.32482922,1.0682633,2.191674,0.7434341,228.8692
1.0258912,1.1739454,2.120965,0.14805424,14.431768
2.2525356,1.6038611,2.4936762,0.6486745,28.797523
0.8424651,0.60762405,1.5072193,0.23484105,27.875462
1.2263724,1.2896032,2.1812818,0.06323087,5.1559277
0.7306686,0.56322074,1.5589378,0.16744787,22.917074
8.630034,3.8094668,4.493178,4.8205676,55.858036
0.48479837,0.36217093,1.2933589,0.12262744,25.294523
10.789354,10.335765,10.7216425,0.45358944,4.2040462
1.0274608,1.196913,2.0568085,0.16945219,16.492327
0.95116127,1.0872931,2.1565523,0.13613188,14.312177
1.4165388,1.3857601,2.2343636,0.030778766,2.1728148
3.2488,3.7263489,4.4410295,0.47754884,14.699237
7.597337,9.474805,9.823888,1.8774681,24.712187
0.90738755,1.0792053,1.9450564,0.17181772,18.935429
0.24658452,2.895839,3.674761,2.6492546,1074.3799
1.0055221,1.0808735,2.1633527,0.07535136,7.4937544
0.4174038,0.5116042,1.4175153,0.0942004,22.56817
0.5353055,0.86559093,1.8158562,0.33028543,61.70036
0.25959414,1.8538744,2.668796,1.5942802,614.1434
0.4831705,3.998888,4.692026,3.5157175,727.63495
0.41667196,0.0048266533,0.94923234,0.4118453,98.84161
0.79899406,1.0343468,1.9053422,0.23535275,29.456131
8.292277,5.173799,5.7848983,3.1184783,37.60702
0.4285056,1.7870996,2.6088421,1.358594,317.05396
1.4222877,1.2854018,2.176883,0.13688588,9.624346
21.98047,6.73004,7.248375,15.250431,69.38173
0.91414547,1.5207365,2.6490324,0.606591,66.35607
4.962757,4.235924,5.064,0.72683334,14.645757
0.4798607,0.43585375,1.4699615,0.044006944,9.170774
1.015257,1.1641519,2.0985632,0.1488949,14.665735
0.78887105,1.069345,2.06259,0.28047395,35.553837
1.483911,1.2262022,2.1351445,0.2577088,17.366861
4.24855,4.6137285,5.3206444,0.36517859,8.59537
2.6711469,1.8670013,2.9376993,0.8041456,30.104881
0.37158605,0.82368386,1.814111,0.4520978,121.66705
19.727718,26.040974,25.341446,6.3132553,32.001957
0.34367555,1.8042524,2.6264906,1.4605768,424.9871
1.4526663,1.576915,2.497813,0.12424874,8.553151
1.5559932,1.5766158,2.6401951,0.020622611,1.3253664
26.679554,11.721197,11.930295,14.958357,56.066742
1.4684289,1.2601614,2.1188462,0.20826745,14.183012
0.9090325,0.774102,1.6768694,0.13493055,14.843314
3.40707,1.1402197,2.2683852,2.2668502,66.533714
5.2863936,1.2305851,2.363988,4.0558085,76.72165
1.4396869,1.8398194,2.6800942,0.40013254,27.793024
0.4710062,0.6501105,1.591689,0.17910427,38.025883
1.8456194,1.351989,2.4699922,0.4936304,26.746056
8.069092,6.245854,6.8086576,1.8232379,22.59533
0.59797394,1.0926199,2.0463078,0.49464595,82.72032
0.38264534,1.9511881,2.7903519,1.5685427,409.92078
1.3895661,1.1343687,2.262171,0.2551974,18.36526
9.738126,11.603564,11.803091,1.8654385,19.156033
2.9603164,3.1204867,3.8667822,0.16017032,5.410581
16.176208,18.807825,19.007528,2.6316166,16.268438
0.84176874,0.8362367,1.9007182,0.0055320263,0.65719074
1.8873049,3.4309344,4.1528845,1.5436295,81.790146
14.783394,5.2200956,5.827183,9.563298,64.68947
0.6357506,0.24000932,1.1678388,0.39574128,62.247883
1.8323559,1.4215825,2.3209755,0.4107734,22.417774
0.72663444,0.5868249,1.4848621,0.13980955,19.2407
0.8434916,0.6879033,1.585304,0.15558833,18.445747
6.970686,6.97914,7.481259,0.008453846,0.1212771
1.3599079,1.1398742,2.2680187,0.22003365,16.18004
0.8818482,0.9028423,1.8159523,0.020994067,2.3806894
0.25794744,0.41501576,1.3460047,0.15706831,60.891594
0.65345573,0.71218836,1.6642982,0.05873263,8.988004
3.984551,5.2860394,5.9455547,1.3014884,32.663364
0.5374729,0.4468023,1.501528,0.090670615,16.869802
0.38282675,0.5841278,1.5182328,0.20130104,52.582806
0.89033085,1.1749775,2.1976125,0.2846467,31.970888
11.707242,13.594528,13.941141,1.8872862,16.120674
0.6157279,0.58593845,1.5181408,0.029789448,4.8380866
4.1593056,4.2366357,4.902629,0.07733011,1.8592073
0.8343955,1.4165871,2.3689086,0.5821916,69.774055
2.108589,1.733175,2.6913784,0.3754139,17.804033
0.7156908,0.8128817,1.8026226,0.09719092,13.580014
0.82517534,0.5880624,1.5410168,0.23711294,28.734856
1.0065237,1.2874234,2.283867,0.28089964,27.9079
1.7082198,1.1793072,2.0954983,0.52891254,30.962793
0.6753168,0.30628517,1.2301617,0.36903164,54.645706
0.9547546,1.1174014,2.2195451,0.16264677,17.035454
24.832638,33.774277,32.58802,8.941639,36.007607
0.4010466,1.1443973,2.0074124,0.7433506,185.35268
11.58095,7.6770306,8.1927395,3.9039192,33.709835
1.1070222,1.3854558,2.3966386,0.27843368,25.15159
0.20520815,0.90713453,1.793543,0.70192635,342.0558
0.88666844,1.057625,1.9805931,0.17095661,19.280783
14.775259,5.756223,6.5295963,9.019035,61.041473
1.3962601,1.1305897,2.2580965,0.26567042,19.027287
0.29624566,3.11581,3.8551722,2.8195643,951.76556
0.40960297,0.4649943,1.4515148,0.05539134,13.523178
1.0354971,1.4525347,2.3717108,0.4170376,40.274147
0.49346328,0.4188556,1.3320327,0.07460767,15.119193
0.552998,0.58317935,1.5817308,0.030181348,5.457768
0.75314415,0.7204311,1.6543486,0.032713056,4.3435316
2.463467,2.3856308,3.1834626,0.07783604,3.1596136
4.8894286,3.92162,4.610729,0.9678087,19.793901
0.77008694,1.2194762,2.0776346,0.44938928,58.35565
0.77380127,1.1388242,2.26675,0.36502296,47.172703
0.37691942,2.8645852,3.842472,2.4876657,659.9993
0.84956104,0.89235127,1.8246264,0.042790234,5.036746
2.7307968,4.001172,4.6893225,1.2703753,46.520313
0.45069492,0.64373374,1.5440722,0.19303882,42.831375
1.0372082,1.5741067,2.5829308,0.5368985,51.763813
0.7659744,0.70604265,1.6417438,0.059931755,7.82425
0.32685676,0.5661745,1.4727715,0.23931774,73.217926
14.243072,4.2526073,4.9129853,9.990464,70.142624
0.47451758,2.0121949,2.8178253,1.5376773,324.05066
0.55219644,1.4602642,2.3412092,0.90806776,164.4465
1.4522824,1.1406236,2.2688134,0.31165886,21.459934
0.33556712,0.7824749,1.6839377,0.44690776,133.17984
0.6847848,1.1130004,1.9868444,0.42821556,62.532864
0.91174966,1.3694801,2.2163277,0.45773047,50.203526
0.30573654,0.9801997,1.8592359,0.67446315,220.60272
0.95723075,1.1943238,2.0516639,0.23709303,24.768639
0.60807186,0.9545808,2.06998,0.34650892,56.98486
0.2996126,0.5249895,1.4387742,0.22537687,75.222755
0.49712637,0.179379,1.1040907,0.31774735,63.916817
25.786142,18.467255,18.280952,7.3188877,28.383028
0.6593424,0.9927068,1.9016631,0.33336437,50.560127
0.56650734,2.624551,3.4145644,2.0580437,363.28632
1.0211955,2.3967395,3.1830544,1.375544,134.69937
0.35030442,0.5963136,1.4974875,0.24600917,70.22726
1.4527603,1.2752113,2.4060504,0.177549,12.221493
0.6982406,0.6274148,1.5248941,0.070825756,10.14346
0.7439096,1.000885,2.1193523,0.2569754,34.543903
1.4056522,1.4044881,2.3720863,0.0011640787,0.082814135
29.24037,1.9576778,2.943159,27.282692,93.304886
0.29515463,2.8941722,3.675147,2.5990176,880.56134
0.7991873,0.56021917,1.5082712,0.23896813,29.901392
0.63789046,0.9278873,1.9222616,0.28999686,45.46186
25.268534,31.728935,30.740152,6.4604015,25.566982
0.42276728,2.0348797,2.8344033,1.6121124,381.32385
11.778286,5.9282465,6.532799,5.8500395,49.668007
0.44451135,0.98639035,1.9099044,0.541879,121.90443
0.9430945,2.3748512,3.4396014,1.4317567,151.81477
0.87361073,1.1515942,2.0181859,0.27798343,31.820057
10.669024,4.4259143,5.0800653,6.24311,58.516224
0.47161707,0.5821091,1.4854742,0.11049202,23.428333
5.2506504,1.7035286,2.5564506,3.5471218,67.555855
0.93952477,1.3970675,2.407663,0.45754278,48.699383
0.45769635,0.27839366,1.2154709,0.17930269,39.175034
1.131093,1.2796152,2.3296885,0.14852214,13.130851
1.1778446,1.1101916,2.2359607,0.06765306,5.7438016
0.94554484,1.0821042,1.9572755,0.13655937,14.4424
3.8053946,2.981064,3.7274687,0.82433057,21.662157
0.91860485,0.78739274,1.7006146,0.13121212,14.283848
0.82798034,0.6425996,1.5429924,0.18538076,22.389513
0.43978134,1.9695103,3.0292497,1.529729,347.83853
0.7887308,1.120858,2.124574,0.33212715,42.109062
0.21717547,1.6408358,2.4688911,1.4236603,655.53455
1.4588106,1.3117981,2.250828,0.14701247,10.077558
0.777287,0.7508246,1.807272,0.026462436,3.4044614
0.6609369,0.94195735,1.9303629,0.28102046,42.5185
1.4291502,0.99356604,1.8764491,0.4355842,30.478544
14.326184,3.641572,4.345295,10.684612,74.581
5.8220744,4.433458,5.0862703,1.3886166,23.850891
15.493032,7.196352,7.692436,8.29668,53.55104
0.3278131,0.48881418,1.3939227,0.16100109,49.113686
24.777401,11.926552,12.131643,12.850849,51.865204
0.46308526,0.48116907,1.4095551,0.01808381,3.9050715
4.886244,4.4948816,5.402539,0.3913622,8.009469
1.1308041,1.9555686,2.767439,0.8247645,72.93611
16.449837,13.6340885,13.703574,2.8157482,17.11718
0.8319207,0.4949648,1.4103758,0.33695588,40.503365
0.9920662,1.8748262,2.692208,0.88276,88.981964
1.3296745,1.0937357,2.2158196,0.23593879,17.744102
8.251209,2.9242213,3.687771,5.326988,64.5601
1.1316984,1.1382554,2.2663016,0.0065569878,0.57939357
3.2248867,2.9511917,3.7661588,0.273695,8.486964
1.0562835,1.025701,1.9307399,0.030582428,2.895286
0.48712564,2.0153294,3.1714747,1.5282037,313.7186
1.0974033,1.0321248,1.9017692,0.06527853,5.948454
4.498982,3.9716554,4.7763786,0.5273266,11.72102
0.82781875,0.92818,1.8404247,0.10036123,12.123575
0.22385518,1.0172184,1.9477731,0.79336315,354.40912
0.8866532,1.1079435,2.1551452,0.22129035,24.95794
1.4856942,1.7650676,2.699542,0.2793734,18.804234
1.2677668,0.8666905,1.92937,0.40107632,31.636442
0.43208542,0.54723287,1.4743015,0.11514744,26.64923
5.6244993,5.529159,6.2103496,0.09534025,1.6950887
11.04184,4.437622,5.1075954,6.6042175,59.810844
0.39543793,4.535626,5.360013,4.140188,1046.9882
1.0238357,1.0441632,1.9134235,0.020327568,1.9854327
2.3047385,3.5035443,4.230193,1.1988058,52.01483
0.4255253,0.13472871,1.0931019,0.29079658,68.33826
0.18662427,0.20696338,1.140485,0.020339102,10.898423
0.32536718,0.57331884,1.4797541,0.24795166,76.20672
0.54788876,1.1327274,2.2604327,0.5848386,106.74405
0.25213623,0.57641304,1.4819156,0.3242768,128.61174
0.75546324,1.1330931,1.9974808,0.37762988,49.986534
0.31179017,1.3711193,2.232943,1.059329,339.75705
5.641126,3.1586676,3.8976822,2.4824586,44.00644
0.7217688,0.7751937,1.838906,0.053424895,7.40194
0.90860665,0.9860686,1.8668625,0.07746196,8.525356
0.66946703,1.2633724,2.125324,0.5939054,88.713165
0.2352861,1.6642752,2.4954777,1.428989,607.34106
1.2664596,1.2841883,2.2704892,0.017728686,1.3998619
1.0048167,0.46746767,1.386,0.537349,53.477318
11.887698,11.58222,11.968759,0.3054781,2.5696993
0.20735279,1.7974784,2.6168346,1.5901257,766.8697
1.1818193,1.3746369,2.2245579,0.19281757,16.315317
0.95807177,0.8920362,1.8107706,0.06603557,6.892549
0.43784013,0.51448,1.4253865,0.07663986,17.504074
0.99755,1.8805714,2.696911,0.88302135,88.51901
11.725336,3.2161613,3.954456,8.509174,72.57083
1.8815974,1.1841502,2.314804,0.6974472,37.06676
0.7069431,0.550194,1.4576219,0.15674907,22.172798
0.76834023,0.4834756,1.3894273,0.28486463,37.075325
0.34909388,0.30370498,1.235606,0.045388907,13.001921
0.5103919,0.6506332,1.6290356,0.14024132,27.477186
4.123702,4.9533944,5.6796203,0.82969236,20.120085
2.3081264,2.5631948,3.3390021,0.2550683,11.05088
0.8878394,0.97036326,1.9350537,0.08252388,9.294911
8.034463,7.148055,8.184429,0.88640785,11.032571
5.384321,3.5064335,4.219329,1.8778877,34.876965
0.5010922,0.4525764,1.3736409,0.048515797,9.68201
0.28054398,0.2824046,1.227392,0.0018606186,0.66321814
0.6446254,0.33780304,1.281806,0.3068224,47.597004
0.2706415,5.142157,5.7759027,4.8715158,1799.9884
3.3092117,2.2857258,3.202618,1.0234859,30.928389
4.506527,1.977025,2.8904154,2.529502,56.12974
0.22560412,2.330524,3.1173398,2.10492,933.01483
0.74738604,0.6893966,1.7339836,0.05798942,7.7589645
0.2656875,0.8658335,1.770546,0.60014606,225.8842
24.957232,36.860497,35.60958,11.903265,47.694656
1.3740534,1.1391511,2.267249,0.23490226,17.095572
0.586028,0.46641922,1.3887223,0.11960876,20.410078
0.5136903,0.69364154,1.7616876,0.17995125,35.03108
17.827417,29.994522,29.084795,12.167105,68.2494
9.508944,11.361134,11.794846,1.85219,19.4784
6.326222,8.749451,9.175767,2.4232287,38.304516
9.819853,5.175678,5.8025203,4.644175,47.293736
5.7291746,2.4689622,3.2738175,3.2602124,56.905445
0.85106164,1.2892511,2.2505012,0.43818945,51.48739
0.87994426,1.0943477,2.2144039,0.21440345,24.365572
20.473915,9.892011,10.18828,10.581904,51.68481
0.18593013,0.90064704,2.0108218,0.7147169,384.40082
1.1835288,1.075181,2.0671139,0.10834777,9.154638
0.54521316,0.14619891,1.0748676,0.39901423,73.185
0.7843874,1.152744,2.017618,0.36835665,46.96106
0.21205415,0.9186505,1.8713424,0.7065964,333.21506
1.3890707,1.9804397,2.7945082,0.5913689,42.572987
0.5980063,1.2349145,2.140648,0.63690823,106.50527
0.76297396,0.63529766,1.5794044,0.12767631,16.734032
6.7761593,3.6473103,4.347705,3.128849,46.17437
0.74885124,1.5660987,2.4343634,0.81724745,109.133484
0.46749833,1.6605229,2.5334485,1.1930246,255.19334
25.874712,14.260348,14.420591,11.614364,44.886932
9.086207,5.654563,6.25523,3.4316444,37.76762
0.5218856,0.51013887,1.5500536,0.011746705,2.25082
0.64710534,0.57051075,1.4769217,0.07659459,11.836495
1.0221661,0.91361225,1.8459504,0.10855389,10.619985
0.7107097,0.7173873,1.6102514,0.0066776276,0.93957174
0.5243722,0.110472254,1.048308,0.41389996,78.93247
0.83769625,1.2060227,2.3369896,0.3683265,43.96898
0.45104527,4.2205286,4.9027414,3.7694833,835.72174
0.60952353,0.20954874,1.1390996,0.3999748,65.620895
0.9415303,0.7301868,1.6238906,0.21134347,22.446804
0.9188359,1.1850376,2.1854634,0.26620173,28.971632
1.1278971,0.80141103,1.7633849,0.3264861,28.946445
0.5729019,2.720145,3.5181446,2.147243,374.80118
6.921323,2.8294775,3.9931042,4.0918455,59.11941
3.2649195,2.840368,3.9334567,0.4245515,13.003428
1.3590109,1.140609,2.2687979,0.21840191,16.070652
6.9065266,4.271545,5.0152807,2.6349816,38.152054
0.55240405,1.6032858,2.4334288,1.0508817,190.23788
0.6198724,1.514596,2.3530416,0.8947236,144.33997
11.644369,2.7728307,3.9414492,8.871538,76.18736
0.73328596,0.20842049,1.1575251,0.5248655,71.577194
0.94148695,1.2581818,2.301111,0.31669486,33.63773
0.7055963,0.71600986,1.6097993,0.0104135275,1.4758477
0.82462937,1.0899081,2.1496384,0.26527876,32.169453
0.6873929,0.9273735,1.874812,0.23998064,34.911713
0.29814252,1.2142563,2.0825927,0.91611373,307.27377
0.96637034,0.7555618,1.6422958,0.21080852,21.814465
1.381767,1.2489121,2.1041896,0.13285494,9.614858
22.15606,13.381952,13.530961,8.774107,39.601387
0.29094604,0.5098125,1.5093793,0.21886644,75.225784
0.118269145,9.515749,9.876113,9.39748,7945.8423
0.7221502,0.97371924,1.9306849,0.25156903,34.83611
0.97888285,1.6358261,2.5284348,0.65694326,67.111534
1.244761,1.4065769,2.4118915,0.16181588,12.999755
1.2647291,1.0965867,2.2168095,0.16814244,13.294739
0.47633556,1.3722775,2.2191648,0.895942,188.09052
0.4147432,2.8953078,3.6608918,2.4805646,598.0965
0.4229123,0.7791072,1.669584,0.3561949,84.2243
0.1990594,0.0,0.8878106,0.1990594,100.0
0.5468506,0.5510154,1.4818898,0.0041647553,0.7615892
2.7138426,1.4238007,2.4521687,1.2900419,47.53562
0.20500281,0.87350047,1.9804765,0.6684977,326.09195
17.222317,15.045126,15.067034,2.1771908,12.641684
1.1386874,1.0102558,1.8825788,0.12843156,11.2789135
0.8675334,0.60454595,1.502963,0.26298743,30.314388
25.399158,2.787896,3.5691416,22.611263,89.02367
1.3985368,1.300719,2.2298322,0.09781778,6.9942946
1.3280828,1.336581,2.3345935,0.008498192,0.6398842
9.456292,6.064653,6.6325946,3.3916392,35.866478
0.8704757,0.62938905,1.5597241,0.24108666,27.695967
0.55758137,0.8457304,1.8454254,0.28814906,51.678387
22.092455,7.4294662,7.8787227,14.662989,66.371025
0.7061435,3.9080453,4.6331673,3.201902,453.435
19.853275,11.845429,12.041904,8.007846,40.33514
0.55327487,0.3308119,1.3106952,0.22246298,40.2084
4.3391576,3.1627169,4.1974874,1.1764407,27.112192
1.1284244,1.2007937,2.1011608,0.07236934,6.4133086
20.654926,15.631105,15.567202,5.023821,24.322628
13.990831,16.54226,16.460712,2.5514278,18.236427
19.455746,14.203765,14.252783,5.251981,26.994497
0.9252661,1.0709748,1.9441028,0.14570874,15.7477665
11.542136,4.8883395,5.501528,6.6537967,57.647877
1.5951496,1.1155705,2.2413812,0.4795791,30.064835
9.412273,6.053138,6.6053524,3.3591356,35.68889
0.52243024,0.6410693,1.5393167,0.11863905,22.70907
0.86391413,0.9214246,1.7976542,0.057510495,6.656969
27.688297,7.299349,7.780225,20.388948,73.63742
0.5748571,2.4856565,3.2569804,1.9107994,332.39554
0.551911,0.4991762,1.5617144,0.052734792,9.554945
0.63512135,1.0442493,1.9114697,0.40912795,64.41729
1.7597407,2.2150924,3.0162857,0.4553517,25.876068
0.8954994,0.72197497,1.612556,0.17352444,19.377392
0.3269587,1.7551978,2.6003797,1.4282391,436.82556
0.85096765,1.052299,2.0932403,0.20133138,23.65911
0.55391836,1.2949715,2.1484962,0.7410531,133.78381
0.9194718,0.9484081,1.8852172,0.028936327,3.1470597
0.75791323,1.7402384,2.5640018,0.9823252,129.60919
0.861064,0.95762205,1.8790631,0.096558034,11.213804
15.019867,6.0313816,6.585163,8.988485,59.84397
0.49450234,0.67500305,1.5670149,0.18050072,36.501488
11.476698,5.230509,5.843323,6.246189,54.424965
0.80190253,0.84596896,1.9373494,0.04406643,5.495235
0.98535776,0.9768199,1.958904,0.0085378885,0.866476
0.81038433,1.1007998,2.1097646,0.29041547,35.836758
23.270393,7.0393114,7.529538,16.231083,69.74993
6.0635285,6.1928797,6.8431435,0.12935114,2.133265
1.5870662,1.1316619,2.2537572,0.45540428,28.694725
5.174303,4.3557944,5.0135994,0.8185086,15.818722
1.0039138,0.85683775,1.9206678,0.14707601,14.650264
0.73554003,1.4656436,2.312454,0.7301036,99.260895
21.53702,17.210993,17.05533,4.326027,20.08647
1.0075002,0.9803915,1.8595978,0.02710867,2.6906862
0.45593435,0.58297384,1.5522351,0.12703949,27.863548
17.079391,7.6176844,8.0756035,9.461707,55.398384
1.358512,1.3488119,2.202835,0.009700179,0.71402967
25.819641,30.033556,29.037296,4.213915,16.320578
0.4508398,0.5295408,1.4357759,0.07870099,17.456532
26.080898,43.231674,41.4921,17.150776,65.75991
0.3141486,1.989341,2.868828,1.6751924,533.2484
2.0478263,1.7967725,2.701157,0.2510538,12.259526
2.300719,2.055222,2.903243,0.24549699,10.670445
1.3088565,1.444458,2.2890801,0.13560152,10.360305
5.817988,4.014119,5.063674,1.8038688,31.005026
1.1727278,1.2021914,2.0668914,0.02946353,2.5123928
0.41886696,1.6650479,2.5028858,1.2461809,297.51233
0.6987457,1.5909259,2.4448435,0.8921802,127.6831
1.479136,1.4397361,2.4338398,0.039399862,2.663708
0.4824761,0.9035791,1.8475716,0.42110303,87.279564
0.36603174,1.4543023,2.3016756,1.0882705,297.31592
0.7416096,0.780092,1.7479373,0.038482428,5.189041
0.34222618,3.6735234,4.4283953,3.3312972,973.4198
1.5419474,1.2324679,2.1376197,0.30947948,20.07069
1.0593616,1.2834458,2.1353183,0.22408426,21.152765
0.63167995,3.6735678,4.7375026,3.0418878,481.55524
0.7009913,1.0377674,1.9080125,0.33677614,48.042843
0.5055342,0.8488381,1.7677282,0.34330392,67.90914
0.78998816,1.1224966,2.2488074,0.33250844,42.090305
0.5128536,0.740309,1.8011839,0.22745538,44.350933
1.3084804,1.0751016,1.9702728,0.23337877,17.835863
0.8952149,1.1098654,2.1875043,0.21465051,23.977541
0.4942508,1.4301186,2.2741451,0.9358678,189.35078
28.242844,27.081028,26.273859,1.1618156,4.1136637
1.3946439,1.1807184,2.048222,0.21392548,15.339075
0.7970802,0.5211569,1.4293351,0.2759233,34.616756
7.11061,2.6277611,3.3991923,4.482849,63.04451
19.641003,26.142221,25.72944,6.501219,33.10024
0.94254315,0.86921966,1.8108793,0.07332349,7.7793245
1.3034216,1.174839,2.1069038,0.1285826,9.865004
20.47264,9.36007,9.68824,11.112569,54.280098
1.2214729,1.2715638,2.2179117,0.05009091,4.1008615
6.649588,6.866682,7.3785753,0.21709394,3.264773
0.7126878,0.9015565,1.7847152,0.1888687,26.500902
0.50436175,1.4069059,2.301012,0.90254414,178.94778
0.24226035,0.10837287,1.0587616,0.13388748,55.26595
0.16581963,0.79263544,1.8917207,0.6268158,378.01062
1.3001839,1.1321499,2.2584743,0.16803396,12.9238615
0.33598146,3.006474,3.7995732,2.6704926,794.8333
0.25472292,2.476771,3.2536163,2.2220483,872.33936
0.92694306,1.3979197,2.4326885,0.4709766,50.809658
1.239512,1.058754,1.9318314,0.180758,14.582997
0.3827877,0.5410602,1.5844897,0.1582725,41.347332
3.3108869,3.2654228,4.0220118,0.04546404,1.373168
14.905334,9.670611,9.98498,5.234723,35.119797
1.1894348,1.1277862,2.2522087,0.061648607,5.1830173
22.187344,18.031685,17.804321,4.1556587,18.72986
0.5010855,2.1800458,3.004884,1.6789603,335.0646
0.330979,1.0675004,1.9561042,0.73652136,222.52814
1.4450605,1.3529375,2.3935513,0.09212303,6.3750296
2.541772,1.7825782,2.816472,0.75919366,29.868677
1.2427698,1.4055176,2.3997126,0.16274774,13.095566
0.9304094,1.1601312,2.168691,0.22972184,24.690407
18.388973,27.377384,26.660608,8.988411,48.87935
2.7715054,2.780798,3.762915,0.009292603,0.3352908
1.1221002,2.3133292,3.1065469,1.191229,106.16066
0.8967782,0.8383446,1.7640139,0.058433652,6.5159535
2.1232147,1.7281516,2.7252417,0.39506316,18.60684
1.5399171,1.150105,2.243482,0.3898121,25.313839
0.41809264,1.6212242,2.583898,1.2031316,287.76675
1.1195759,1.2779596,2.2088437,0.15838373,14.146762
1.0569456,1.4127135,2.5384223,0.35576797,33.660007
6.1539664,3.081398,4.0666137,3.0725684,49.92826
1.055763,1.039223,1.9793807,0.01654005,1.5666443
0.9495368,1.1194615,2.006978,0.16992474,17.89554
0.5099021,0.33554217,1.2520682,0.17435995,34.19479
0.26384267,0.9596242,1.8429345,0.69578147,263.71075
0.9174259,0.7659457,1.701598,0.1514802,16.511436
0.34686133,0.41195002,1.3409207,0.06508869,18.765047
1.436946,1.3644049,2.4330535,0.07254112,5.048284
1.5673678,1.3870947,2.2872915,0.18027306,11.501643
1.0180683,0.7525877,1.6417367,0.26548064,26.076899
1.5419601,1.6175172,2.5748124,0.07555711,4.900069
0.71206045,1.1419413,2.2702076,0.42988086,60.3714
0.9606544,1.2795246,2.3095982,0.3188702,33.19302
1.2670503,1.461262,2.378051,0.19421172,15.327863
0.8671856,1.1988802,2.0844693,0.3316946,38.249554
0.9142441,0.9157065,1.7926158,0.0014624,0.15995727
1.8090389,1.3036087,2.4151525,0.5054302,27.939157
1.4580526,1.0673599,2.1669688,0.3906927,26.795515
0.9906796,0.84203744,1.7268307,0.14864218,15.004062
6.142705,3.4161263,4.143275,2.7265787,44.387264
1.014514,0.9266201,1.8088131,0.08789384,8.663641
1.9792031,1.9602406,2.7740495,0.018962502,0.95808774
1.8881273,1.7554822,2.6202006,0.13264513,7.025222
2.022113,2.2915883,3.0857003,0.26947522,13.326417
0.96308273,1.3091893,2.1661236,0.3461066,35.93737
0.099827856,0.17234296,1.1096857,0.0725151,72.640144
0.8472107,0.8118092,1.6962562,0.035401523,4.1785975
0.557418,0.8998631,2.00715,0.34244514,61.434174
0.22524747,0.32208875,1.2462487,0.096841276,42.993282
4.6848717,3.2485127,3.9763908,1.4363589,30.659515
13.125013,7.4481688,7.9549236,5.6768446,43.252106
17.347996,4.2501755,4.9542046,13.09782,75.50048
1.110954,1.9297531,2.7423055,0.818799,73.702324
4.043182,4.4940796,5.2416945,0.4508977,11.15205
0.5160044,1.0727909,1.9428692,0.5567865,107.903435
0.57174927,1.066479,1.9410914,0.4947297,86.52914
0.9123909,1.1649511,2.0306923,0.2525602,27.681139
0.5376489,0.6685592,1.7130048,0.13091028,24.348656
1.4892436,1.353826,2.258993,0.13541758,9.093044
0.38768423,0.5931716,1.4964588,0.20548737,53.0038
1.4040322,1.170984,2.1545527,0.2330482,16.598494
1.8657782,1.9910293,2.826583,0.12525105,6.7130733
21.743713,5.3855343,5.9737873,16.35818,75.231766
0.8634823,1.021452,1.89506,0.15796965,18.294487
0.4763871,0.8673074,1.7856133,0.3909203,82.05938
0.6813325,0.988657,1.878373,0.30732447,45.106384
1.2994612,1.3102741,2.304142,0.010812879,0.83210474
0.8315127,0.7009829,1.6336517,0.13052976,15.697868
0.83794945,0.8037305,1.8882256,0.034218967,4.0836554
0.8099136,1.0473087,2.0784934,0.23739511,29.311167
1.0408492,1.1741235,2.0563476,0.13327432,12.804382
1.048233,0.8599192,1.7414135,0.18831384,17.964884
4.6606884,8.589093,9.049097,3.9284048,84.28808
15.128482,12.78164,13.463316,2.3468418,15.512738
1.3689977,1.182245,2.0518785,0.18675268,13.641562
0.8125374,1.3100111,2.1621127,0.49747378,61.224728
12.8883505,15.424393,15.429955,2.5360422,19.677011
6.053634,4.7147064,5.362459,1.3389277,22.117752
5.686507,3.4846401,4.4315205,2.201867,38.720905
1.1582638,1.0492175,1.9912858,0.10904634,9.4146385
0.098178394,7.1887617,7.6759467,7.0905833,7222.1426
1.1321125,1.0596595,1.938798,0.07245302,6.3998075
0.33453453,0.4629036,1.3768613,0.12836906,38.37244
23.059431,4.0636916,4.759568,18.995739,82.377304
0.83379614,1.2631876,2.1210155,0.4293915,51.498383
6.2148046,4.847124,5.7549095,1.3676805,22.006815
0.5882623,0.8029094,1.9054594,0.21464705,36.488323
0.87610424,0.98087645,1.9308724,0.10477221,11.958875
0.49586335,0.9517703,1.861267,0.45590696,91.942055
4.9067326,6.917561,7.4267483,2.0108285,40.98101
16.304935,11.651282,11.8382635,4.653653,28.541378
0.38218617,1.7279537,2.5927591,1.3457675,352.12354
0.8790692,1.3415906,2.2165127,0.46252143,52.614906
11.0853815,3.2429686,4.184636,7.842413,70.74554
15.649867,7.964113,8.3879175,7.685754,49.110664
8.108196,6.015201,6.5554123,2.0929952,25.813326
0.8899694,1.2558091,2.1123981,0.36583966,41.10699
0.9544702,1.6058612,2.4384627,0.65139097,68.24634
1.0256833,0.8100151,1.7521164,0.2156682,21.026783
0.637715,0.9447037,1.8191403,0.30698872,48.13886
0.04441246,1.2977092,2.1576295,1.2532967,2821.9485
0.3823412,0.50725734,1.4580756,0.124916136,32.671375
22.688572,18.395899,18.198662,4.292673,18.91998
0.30105472,1.2443771,2.0996947,0.9433224,313.3392
0.7396898,0.2611017,1.2152691,0.47858813,64.701195
0.35239306,0.21124727,1.1553811,0.1411458,40.05351
1.3410513,1.0440824,1.9176838,0.29696894,22.144487
25.835802,11.917423,12.153923,13.918379,53.872448
0.29555872,0.50608575,1.4157572,0.21052703,71.23019
0.87198246,1.0513177,2.1414876,0.17933524,20.566381
1.2524691,1.2308114,2.1218948,0.021657705,1.7292008
0.3335132,3.1433692,3.9874344,2.809856,842.5022
0.5817416,0.8672445,1.7514802,0.2855029,49.077274
17.229305,22.715399,22.728027,5.4860935,31.841642
3.5255554,3.9932203,4.718535,0.46766496,13.265
1.0126426,0.84628475,1.800987,0.16635787,16.428093
0.8945714,1.0071249,2.073436,0.11255348,12.581833
0.4296321,0.64835477,1.5478607,0.21872267,50.909294
15.22005,12.829208,12.942542,2.3908415,15.7085
0.5569426,0.533033,1.4467992,0.023909569,4.293004
17.484825,16.22124,16.151833,1.263586,7.2267585
10.957922,4.6648417,5.334564,6.2930803,57.429504
1.2815666,1.2069349,2.096756,0.07463169,5.8234735
0.8959401,0.79348075,1.6995466,0.10245937,11.435962
0.61610353,1.1590438,2.0781488,0.54294026,88.12484
0.8352183,0.68415034,1.5800185,0.15106797,18.087244
2.7466955,4.3653126,5.040164,1.618617,58.929615
11.582598,7.339097,7.806028,4.2435007,36.636864
0.51412797,2.3098204,3.096355,1.7956924,349.26956
0.771484,1.1652164,2.1270573,0.39373243,51.035717
7.145027,7.2932844,8.20166,0.14825726,2.0749712
10.5938,7.1685038,7.6809406,3.4252958,32.333023
1.9427894,1.4722066,2.5117922,0.47058284,24.22202
3.6753235,2.6155844,3.424097,1.0597391,28.833899
1.1098417,0.9571774,2.0712876,0.1526643,13.755502
0.54620105,3.2114663,4.0365143,2.6652653,487.96414
0.23181762,3.1352816,3.8841243,2.9034638,1252.4777
13.959254,9.649476,9.982209,4.309778,30.873985
1.4685146,2.37354,3.169611,0.90502536,61.628624
0.41160536,1.7400744,2.5853662,1.328469,322.7531
0.94279194,1.068233,2.0593607,0.12544107,13.305277
18.456625,13.9127655,13.9704485,4.5438595,24.619125
12.264397,14.927362,15.156125,2.6629658,21.712978
23.079882,22.952469,22.656029,0.1274128,0.55205137
0.67030525,1.0771289,1.9832915,0.40682364,60.692295
0.93713534,0.82393265,1.7131714,0.11320269,12.079652
15.905115,12.059261,12.2366,3.8458538,24.179981
0.0950161,0.35700053,1.3325686,0.26198444,275.72638
10.459056,9.107038,9.587539,1.3520184,12.926773
0.6474062,0.7438686,1.694031,0.09646237,14.89982
0.8257424,1.0118926,1.9532075,0.18615013,22.543365
23.095142,19.78801,19.577278,3.3071327,14.319602
0.7364152,0.50378716,1.4935987,0.23262805,31.58925
1.1144377,1.2719619,2.2014365,0.15752423,14.134861
1.2604333,1.0560255,1.9288154,0.20440781,16.217264
2.1970878,2.6398191,3.430925,0.44273138,20.15083
0.632374,0.84926546,1.9555774,0.21689147,34.297974
1.6493131,1.4788489,2.3680065,0.17046416,10.335464
0.729239,0.72346044,1.6375204,0.005778551,0.7924084
0.9509565,0.92495525,2.0216649,0.026001275,2.7342234
0.83457226,0.69426215,1.6143376,0.14031011,16.812218
0.908433,0.9014461,1.8763169,0.006986916,0.76911736
1.0074344,0.95040464,2.0532331,0.057029724,5.6608872
0.7845596,0.86125004,1.9637141,0.076690435,9.774966
4.1043677,3.2498446,3.978937,0.8545232,20.819849
0.4155698,0.40336213,1.3326403,0.012207687,2.937578
0.2930451,1.2028496,2.0810516,0.9098045,310.4657
0.7992582,0.9546617,1.9171104,0.15540355,19.443474
0.4765145,0.5830078,1.4964433,0.106493324,22.34839
0.969415,1.0210547,1.907214,0.051639736,5.3268967
22.969904,18.415165,18.17072,4.554739,19.82916
14.9768095,11.189607,11.3928995,3.7872028,25.287113
0.6900952,0.89930403,1.8786299,0.20920885,30.31594
2.4914372,3.4080052,4.1376057,0.91656804,36.788727
0.8874258,1.2180362,2.3478878,0.3306104,37.25499
0.46171388,1.3104942,2.3654919,0.8487803,183.83252
6.501643,8.388321,8.987589,1.8866777,29.018475
0.500025,0.6953238,1.7696459,0.19529885,39.05782
22.950974,12.703163,12.833834,10.24781,44.65087
3.6107557,4.735424,5.4199104,1.1246684,31.147728
6.689162,8.286269,8.80492,1.5971074,23.876047
0.82279557,1.1404691,2.268648,0.3176735,38.609043
1.10084,1.5153747,2.3815908,0.4145347,37.656216
0.4322512,1.1456838,2.1704836,0.71343255,165.05046
0.747157,1.4343789,2.2847495,0.6872219,91.97825
0.25996944,2.8299427,3.7009718,2.5699732,988.5674
1.1611205,1.1839085,2.1241407,0.022787929,1.9625808
0.8883509,1.0128877,2.1119711,0.12453681,14.018876
23.666151,20.913673,20.530605,2.7524776,11.630441
0.9629054,1.1043646,1.9913067,0.14145923,14.690875
0.9350542,1.8964114,2.7111094,0.96135724,102.813
1.7313852,1.0654511,2.172408,0.6659341,38.4625
1.0334013,1.0410099,1.9830338,0.007608652,0.73627275
16.34343,19.122679,19.18062,2.7792492,17.0053
14.353753,5.271504,5.9000635,9.082249,63.274384
0.46240905,0.0,0.759235,0.46240905,100.0
1.3185273,0.9630884,1.8433102,0.35543895,26.957268
19.216955,6.8538823,7.367684,12.363073,64.3342
1.5466022,1.4624655,2.3481886,0.084136724,5.440101
0.8398137,0.69506407,1.5920708,0.14474964,17.235922
7.225535,6.641028,7.26011,0.584507,8.089463
0.43515766,0.7148119,1.6193622,0.27965426,64.265045
0.58642846,0.79566157,1.6883515,0.2092331,35.679222
0.21389937,5.1694555,5.7753806,4.955556,2316.7698
0.9138709,1.5052552,2.3479483,0.59138435,64.71203
5.5202837,6.7547884,7.266102,1.2345047,22.363066
0.8799676,1.3073382,2.264457,0.42737067,48.56664
0.7553707,1.1606328,2.0212212,0.40526217,53.65077
3.7583513,2.5943859,3.5945764,1.1639655,30.970108
0.7254828,0.8871423,1.9965057,0.16165948,22.283018
21.529604,6.1649227,6.7134323,15.364681,71.36537
18.112085,18.687521,19.152569,0.57543564,3.177081
3.582306,2.9940753,3.825203,0.5882306,16.420446
1.5883152,0.9949801,2.1046653,0.59333515,37.35626
5.9084535,9.970055,10.297451,4.061601,68.7422
0.70269495,1.3412616,2.1891272,0.6385667,90.87395
0.40733394,0.41248035,1.3586166,0.005146414,1.2634386
1.1087793,1.2781572,2.3397202,0.16937792,15.276072
24.096634,16.464602,16.36283,7.6320324,31.672607
0.782516,0.7817118,1.7712996,0.00080418587,0.102769256
0.19420676,2.3030465,3.095289,2.1088398,1085.8735
0.5773305,0.4557012,1.3909891,0.12162933,21.067537
6.0247073,7.472356,7.9443507,1.4476485,24.028528
0.43204,1.921308,2.734168,1.4892681,344.70605
0.95992607,1.3633101,2.2123237,0.40338403,42.022404
16.936329,12.041682,12.209018,4.8946466,28.90028
1.1347762,1.0520492,2.1603906,0.082727075,7.290166
15.329027,4.418375,5.060677,10.910652,71.176414
16.478046,5.171427,5.836095,11.30662,68.616264
1.1726723,0.95274866,1.8719507,0.21992362,18.754055
0.911763,0.8655367,1.7489775,0.046226323,5.069993
0.5797965,1.1709771,2.0301504,0.5911806,101.96347
0.76472473,1.0298455,2.0217762,0.26512074,34.66878
0.5113925,2.224641,3.0200422,1.7132486,335.0164
0.36999494,0.46282178,1.3749901,0.09282684,25.088678
16.138187,4.0167937,4.7259936,12.121393,75.11
15.122455,1.0938935,2.160166,14.028561,92.766426
1.5039643,1.4788649,2.3257022,0.025099397,1.6688825
0.7216739,1.0799537,1.9433177,0.35827976,49.645657
0.28539327,1.3800595,2.2746172,1.0946662,383.56415
0.62442213,0.63243115,1.5393715,0.0080090165,1.2826285
1.124736,1.1395407,2.2676654,0.014804721,1.3162842
0.6874573,0.90457475,1.779755,0.21711743,31.582676
0.56831574,1.0617139,2.1848853,0.4933982,86.81762
7.1557918,2.7217898,3.5575047,4.434002,61.96382
5.083176,3.5337973,4.2446423,1.5493789,30.480526
1.1242365,1.0921435,1.976523,0.03209293,2.8546422
0.7108066,1.2670851,2.2508738,0.55627847,78.26017
0.76094,0.71629083,1.6616995,0.044649184,5.867635
1.5908321,1.4229023,2.302468,0.16792977,10.556096
11.298255,8.607801,9.03684,2.6904535,23.813
23.734415,8.116264,8.53919,15.618151,65.80382
0.4571597,1.3291357,2.179656,0.87197596,190.73772
5.5793576,4.2334714,4.913562,1.3458862,24.122602
13.154543,1.4603336,2.4277594,11.694209,88.898636
2.6670034,3.5081954,4.222854,0.841192,31.540718
16.96881,23.77087,23.614735,6.802061,40.08567
0.8466361,0.76133263,1.7010565,0.085303485,10.075579
1.0277369,1.1150346,2.2409613,0.08729768,8.494166
0.49209365,3.789308,4.4875927,3.2972145,670.03796
0.6834211,0.44759947,1.4223274,0.2358216,34.50605
0.48944223,0.87442744,1.7867427,0.3849852,78.65794
0.99927527,0.9858223,1.8573368,0.013452947,1.3462704
0.64731634,3.580501,4.305873,2.9331846,453.13
0.42580843,1.0264385,1.8978649,0.60063004,141.0564
16.541435,10.56586,10.926238,5.9755754,36.124893
0.17002697,3.4466286,4.163942,3.2766016,1927.1069
0.65616673,0.742306,1.835135,0.08613926,13.127648
0.9357858,0.87634194,1.7671664,0.05944383,6.3522906
23.135654,10.893564,11.132742,12.24209,52.914387
0.46961325,0.8229948,1.7215922,0.35338157,75.24949
13.222009,9.102024,9.670975,4.1199846,31.160051
1.3207802,1.6723156,2.5023265,0.35153544,26.615744
0.7619466,1.2883997,2.2699203,0.5264531,69.09317
0.8549701,1.1395829,2.0009809,0.28461277,33.289207
1.3128284,1.1639037,2.0510645,0.14892471,11.343806
1.9741739,1.4909847,2.5838127,0.48318923,24.475515
5.216812,6.467758,6.999034,1.250946,23.979128
21.135998,9.6995945,10.022723,11.436403,54.108654
0.92219937,0.9546112,1.8371485,0.032411814,3.514621
10.434363,9.925854,10.255956,0.50850964,4.873413
0.4435322,0.98502827,2.101313,0.54149604,122.087204
4.070279,2.4452617,3.6007833,1.6250174,39.92398
0.9324153,1.0811014,1.9489037,0.14868611,15.94634
19.378788,9.241901,9.600556,10.136887,52.30919
0.9072229,1.0088089,1.9435034,0.101585925,11.19746
7.8411393,5.825008,6.9290953,2.0161314,25.712225
0.31849897,0.6707685,1.5713402,0.35226953,110.603035
0.85325754,0.7198024,1.6090169,0.13345516,15.640666
4.791731,4.4729023,5.4064994,0.31882858,6.6537247
3.9038053,2.9358692,3.9253368,0.96793604,24.79468
0.3486186,0.53406894,1.5825717,0.18545035,53.19577
0.76056266,1.4835615,2.3308833,0.72299886,95.06106
13.358423,19.989004,19.650414,6.630581,49.635956
1.0438502,0.75208235,1.6588422,0.29176784,27.951122
1.3011127,1.1608288,2.2880156,0.14028382,10.781836
4.8266144,4.4961333,5.145622,0.33048105,6.847057
8.305787,9.615439,10.149485,1.3096523,15.767951
0.3642484,2.0170755,2.857492,1.6528271,453.76373
0.4084661,0.58424866,1.579603,0.17578256,43.034798
20.751278,20.494041,20.128218,0.25723648,1.2396176
0.32693744,0.9980631,1.8836938,0.67112565,205.27647
0.9392783,1.0746326,2.0154777,0.13535434,14.410461
0.6856811,0.72548413,1.7684704,0.039803028,5.804889
0.9468642,1.0132678,1.9959433,0.06640357,7.0129986
0.9645045,1.3327601,2.3420742,0.36825562,38.18081
1.5478442,1.2958438,2.154418,0.25200033,16.28073
0.38519412,0.50755537,1.4169799,0.12236124,31.766123
0.6831027,1.6599374,2.4870682,0.97683465,142.99966
25.971174,14.172088,14.227391,11.799087,45.431473
0.28520715,3.2306166,3.9665513,2.9454093,1032.7263
0.40406513,0.7149193,1.6032327,0.3108542,76.9317
1.1860505,1.0712335,1.9405046,0.11481702,9.680618
0.2954181,3.1690469,3.9175177,2.8736289,972.7328
8.313908,8.407565,8.835287,0.09365749,1.126516
9.714989,6.741665,7.2737784,2.9733238,30.605532
0.49646556,0.635751,1.543979,0.13928545,28.05541
0.24763042,2.2967806,3.1003308,2.0491502,827.5034
0.5290382,0.21022187,1.1459314,0.3188163,60.263382
6.9357967,4.465776,5.117368,2.4700208,35.612648
0.94057167,1.254184,2.290281,0.31361234,33.34274
1.6004431,1.6576288,2.4977815,0.05718565,3.5731134
0.6262902,1.2067251,2.3247848,0.5804349,92.67827
0.7573375,0.737074,1.6401309,0.020263493,2.6756225
9.311655,7.4267416,8.398943,1.8849134,20.242517
0.9977414,0.945552,1.8215394,0.05218941,5.230755
0.8263505,0.843222,1.8664407,0.016871512,2.0416896
0.67260045,1.7504148,2.5995438,1.0778143,160.24585
0.9141697,0.9927654,2.0377598,0.0785957,8.597495
0.61020213,0.41805556,1.3279904,0.19214657,31.489002
0.5905364,0.7008871,1.6025913,0.11035067,18.686514
0.9424957,1.1320937,2.2597659,0.18959796,20.116587
0.7514654,1.0995927,2.1356313,0.3481273,46.326458
26.939909,12.225996,12.39115,14.713913,54.61753
0.47890392,0.61597764,1.514513,0.13707373,28.622385
0.22984792,0.68677366,1.772606,0.45692575,198.7948
0.8355128,1.9349277,2.9314263,1.0994148,131.58563
0.90762633,1.1637878,2.0905707,0.2561615,28.223236
0.5683357,2.30626,3.109619,1.7379243,305.79187
0.44806883,0.5042182,1.4170879,0.056149393,12.531422
0.5914817,1.3942394,2.4678614,0.80275774,135.71979
0.9383641,1.0438077,1.9139843,0.10544366,11.236966
15.2001095,16.637129,16.620974,1.4370193,9.454006
0.54304117,0.33809647,1.2626517,0.2049447,37.740177
0.91236895,0.73553014,1.661233,0.17683882,19.38238
19.536558,5.104915,5.718556,14.431643,73.869934
6.797754,5.055454,5.6723375,1.7423,25.630527
1.0994797,1.0086482,2.046448,0.09083152,8.261318
4.8888283,3.7178726,4.791182,1.1709557,23.951662
0.2371334,0.3930901,1.3358517,0.1559567,65.767494
9.324851,10.9685335,11.343887,1.6436825,17.626904
0.38835597,2.3021524,3.1242232,1.9137964,492.79437
21.501577,12.152853,12.3127,9.348724,43.479248
10.371765,3.8225002,4.5433426,6.549265,63.145134
0.21870413,2.1974065,3.002322,1.9787024,904.7394
1.4202542,1.7959654,2.6188066,0.3757112,26.4538
9.024435,5.469184,6.07987,3.5552511,39.395832
9.433506,5.322461,5.9542813,4.111045,43.579185
1.8368839,1.3009999,2.4332674,0.535884,29.173538
1.5636392,1.5279675,2.5654485,0.03567171,2.2813263
0.90764266,1.1288145,2.2561586,0.2211718,24.367718
0.5705676,0.670033,1.5657153,0.09946537,17.432705
1.9823616,1.0805504,1.9867854,0.9018111,45.49176
0.79433316,0.512509,1.4308598,0.28182417,35.47934
28.282238,6.321667,6.876129,21.960571,77.64793
0.63215756,1.1308575,2.2584546,0.4986999,78.88855
0.54948443,0.57788014,1.4933254,0.028395712,5.167701
1.5421588,1.5422757,2.5641747,0.000116825104,0.0075754263
1.7748446,1.4327259,2.3060272,0.34211874,19.275984
0.84301764,1.121453,2.1401587,0.2784354,33.02842
17.50282,10.659016,10.915806,6.8438034,39.10115
0.92200106,1.0296137,2.059838,0.10761267,11.671642
0.43094313,4.2012343,4.899463,3.7702913,874.893
0.71855664,0.85799754,1.7422543,0.1394409,19.405693
0.48740262,0.7326604,1.6225419,0.2452578,50.319344
0.62295157,0.7854289,1.885487,0.16247731,26.081854
0.24632275,2.7761998,3.5442374,2.5298772,1027.0579
1.051923,1.1269412,2.0483184,0.07501817,7.1315265
3.5228822,3.5221033,4.2350597,0.0007789135,0.02211012
1.4681406,1.1381419,2.246176,0.32999873,22.477325
15.030579,7.112033,7.5879107,7.9185457,52.682907
1.1142597,1.2231803,2.1269374,0.108920574,9.775151
0.4607734,0.58275807,1.4934255,0.12198466,26.473894
6.643304,2.5188718,3.6925428,4.124432,62.08405
0.26343092,0.9158839,1.796347,0.65245295,247.67514
0.52002424,1.3376691,2.1925728,0.8176449,157.23207
0.09990024,4.9050255,5.52956,4.805125,4809.924
0.6961223,0.5389849,1.60099,0.1571374,22.573246
1.5803323,1.4389875,2.393319,0.14134479,8.943992
0.86713135,1.54129,2.5171123,0.6741587,77.74586
1.0167751,1.0007782,1.8779802,0.015996933,1.573301
0.65826696,0.8483738,1.7414185,0.19010681,28.879896
0.91018367,0.8024715,1.7502804,0.10771215,11.834112
9.013235,3.945743,4.8081064,5.067492,56.22279
0.6593781,0.9485252,2.0622811,0.28914708,43.851482
0.76665735,0.8545202,1.7342238,0.08786285,11.460511
3.865372,2.9169855,4.071439,0.94838643,24.535452
1.430901,1.1981878,2.0622766,0.23271322,16.263405
0.76176727,0.8660536,1.972272,0.10428631,13.690048
0.4269607,1.0176613,1.936569,0.5907006,138.35011
0.5550194,1.1039412,1.9718393,0.5489218,98.901375
0.8925399,1.2098668,2.1213622,0.31732684,35.553238
0.27497128,0.6549952,1.5600253,0.38002393,138.20496
5.2638817,2.7957711,3.5765796,2.4681106,46.887653
0.14314936,1.0910268,2.2160633,0.9478774,662.1597
7.147596,4.9093566,5.988261,2.2382393,31.314575
0.6989774,3.0043864,3.7660728,2.305409,329.82596
6.928151,5.675432,6.4090657,1.2527189,18.081577
0.6503385,0.82491016,1.7662163,0.1745717,26.843204
5.4856353,4.6123276,5.3623004,0.8733077,15.919901
1.8925763,1.6372747,2.5586433,0.2553016,13.489633
0.41189215,0.61191475,1.5906825,0.20002261,48.56189
2.670737,2.7097478,3.7858016,0.039010763,1.460674
0.47874567,0.02569248,0.963509,0.45305318,94.63337
1.4417485,1.2068245,2.0640528,0.23492396,16.294378
15.655585,10.435863,10.783464,5.2197227,33.34096
0.61778975,0.77000415,1.674363,0.15221441,24.638546
4.401535,3.5993342,4.6836762,0.8022008,18.225477
19.544334,7.6467943,8.086991,11.89754,60.874626
0.6653462,0.36085007,1.2892052,0.30449614,45.765068
2.223803,1.3818655,2.4938931,0.84193754,37.860256
0.3944087,0.39849913,1.3167882,0.0040904284,1.037104
1.5992723,1.378274,2.4586716,0.22099829,13.818678
25.206587,46.35998,44.43529,21.153395,83.920105
3.859736,3.352059,4.191312,0.5076771,13.153155
0.8550591,0.8714359,1.7810931,0.016376793,1.915282
0.87574697,1.2239449,2.0978675,0.34819794,39.76011
0.70675915,1.3786328,2.2515554,0.6718736,95.06402
0.9870545,1.2728174,2.1273024,0.28576285,28.951069
4.399897,3.8553338,4.5444713,0.5445633,12.376728
0.63860303,1.1028466,2.2285328,0.4642436,72.69674
3.7342815,4.4840846,5.149298,0.74980307,20.07891
0.33069292,0.8611305,1.7557997,0.5304376,160.40186
0.9575606,1.1405969,2.2687852,0.18303627,19.11485
1.9708858,1.8967857,2.9485104,0.07410002,3.7597318
1.027036,0.9969872,1.9714348,0.030048728,2.9257717
0.90962625,1.3806431,2.3461075,0.47101688,51.781364
0.82042444,0.9757935,2.0585303,0.15536904,18.937641
1.0297953,2.0756414,2.8818898,1.0458461,101.55864
0.32117197,3.2903576,4.0576124,2.9691856,924.4846
5.003161,5.4837847,6.108406,0.48062372,9.606401
0.54754585,0.5771042,1.5074605,0.02955836,5.3983355
0.54428136,0.41656697,1.3288491,0.1277144,23.464775
1.7541331,1.4018557,2.246456,0.3522774,20.082706
17.562416,10.158145,10.458083,7.404271,42.15975
0.63898546,1.3828673,2.2370882,0.7438819,116.41609
0.5784633,0.69692695,1.5945249,0.118463635,20.479023
0.7374413,0.88540256,1.7656984,0.14796126,20.06414
1.148949,1.0272553,1.9910424,0.12169373,10.5917425
9.281835,5.6351147,6.2294645,3.64672,39.288784
1.1354241,1.1708956,2.2763064,0.03547144,3.1240695
12.267312,5.969085,6.526078,6.298227,51.34154
2.3230007,1.8872333,2.9312875,0.4357674,18.758816
0.86816293,0.8798075,1.7735255,0.011644542,1.3412853
4.571623,4.576781,5.437729,0.0051579475,0.112825304
0.9258934,1.0081649,2.0853646,0.08227146,8.88563
0.8280639,1.075947,2.0865242,0.24788314,29.935268
8.191858,10.68377,10.979731,2.491912,30.419373
1.047676,1.070483,2.1348083,0.022807002,2.1769137
0.87996185,1.3193965,2.1699395,0.43943465,49.937923
0.8156867,0.7829126,1.6896738,0.03277409,4.0179753
4.6064134,3.382162,4.10411,1.2242513,26.577103
14.335416,4.0039763,4.691541,10.33144,72.06934
0.41890943,2.1777744,2.9724796,1.758865,419.8676
0.8088754,0.5185561,1.435387,0.29031926,35.89172
0.699643,1.4832735,2.3427844,0.7836305,112.00434
8.510357,3.6822586,4.3867393,4.8280983,56.73203
10.206867,8.524488,8.932541,1.6823788,16.482813
10.845095,14.128836,14.313942,3.283741,30.278582
0.8930482,0.66657114,1.5851276,0.22647709,25.360006
0.2106526,4.3556895,5.0295033,4.1450367,1967.712
2.6103752,3.1167278,3.8752093,0.50635266,19.397697
1.2857741,1.2269721,2.3530936,0.05880201,4.573277
2.956593,1.9308136,2.7516086,1.0257795,34.694645
22.710361,18.209959,17.982876,4.5004025,19.816517
0.82196265,0.97979236,1.852611,0.1578297,19.201567
0.621149,1.1548522,2.0980525,0.53370315,85.92192
0.49244136,1.8847251,2.7147396,1.3922837,282.73083
16.624912,21.605574,21.469118,4.9806614,29.959023
1.3479956,1.37356,2.305265,0.025564313,1.8964685
0.8100412,1.1950912,2.0534482,0.38505006,47.534626
0.35172537,0.7875892,1.7413982,0.43586382,123.92164
5.430947,5.9900823,6.717967,0.55913544,10.295359
1.2107728,1.0788374,2.1330926,0.13193536,10.89679
0.7680433,0.61268723,1.51291,0.15535605,20.227512
0.35180348,0.80678344,1.6995536,0.45497996,129.32788
0.87139577,1.4449351,2.2866614,0.5735393,65.81847
0.41105118,1.5580325,2.3928056,1.1469814,279.03613
4.3892474,3.4006057,4.124486,0.98864174,22.524174
5.106686,3.3698702,4.1148047,1.7368159,34.010628
1.1551062,1.3556154,2.39768,0.20050919,17.358507
10.670181,6.2673955,6.8001566,4.402786,41.26252
0.5879691,1.2343628,2.0943708,0.6463937,109.93668
11.339446,4.5792904,5.261381,6.7601557,59.616276
3.3328078,2.4882765,3.2784967,0.8445313,25.339935
0.9691473,1.3686693,2.2192972,0.39952195,41.224068
0.42709652,0.0,0.8114761,0.42709652,100.0
0.49259666,1.1214085,2.2482765,0.62881184,127.65248
3.9852943,4.612734,5.2559805,0.6274395,15.743869
1.0072572,1.2818847,2.1959348,0.27462745,27.26488
3.6264753,3.2150183,4.276937,0.41145706,11.3459215
26.8091,16.081377,16.071062,10.727722,40.01523
18.386347,36.228718,35.04248,17.842371,97.04141
20.452175,10.925943,11.219726,9.526232,46.578087
0.54145354,2.4968915,3.2697892,1.9554379,361.14603
0.90844,1.1705351,2.284914,0.2620951,28.851118
0.8572393,1.2783177,2.1416106,0.42107838,49.120285
0.7611107,1.140691,2.268885,0.37958032,49.87189
16.192749,9.694772,10.017986,6.4979773,40.128933
3.9503453,3.4077206,4.4679585,0.5426247,13.736134
15.222996,17.353758,17.178305,2.130762,13.996996
7.4509025,5.937403,7.086883,1.5134993,20.312965
0.6259729,0.60479546,1.5631771,0.02117747,3.383129
0.42548767,0.37738746,1.3090154,0.048100203,11.304724
1.7047465,1.4851396,2.4916468,0.21960688,12.882084
0.16207865,1.4958365,2.3364604,1.3337579,822.90784
0.88281155,2.2465785,3.2678022,1.3637669,154.47997
20.286957,19.893513,19.609638,0.39344406,1.9393942
1.0809231,1.1938212,2.2181008,0.11289811,10.444602
0.8086294,1.318294,2.305707,0.50966465,63.028214
0.87860584,1.2514129,2.2683086,0.37280703,42.431656
0.36977187,0.12178724,1.0542762,0.24798462,67.06422
1.3619342,1.1502385,2.0701895,0.21169567,15.543752
0.839311,0.7861147,1.6718063,0.05319631,6.338093
0.9781775,0.91720116,1.844562,0.060976326,6.233667
2.2754054,3.7548447,4.4699306,1.4794393,65.01871
0.7157717,1.2314839,2.2020116,0.51571226,72.04983
0.39054486,8.41412,8.823899,8.023575,2054.4565
0.58794403,0.16494462,1.0975633,0.4229994,71.945526
12.41516,6.8001685,7.3485093,5.6149917,45.226894
0.57187873,0.5553632,1.469678,0.016515553,2.8879466
0.93561053,1.2123313,2.283427,0.27672076,29.576492
0.2812067,9.099019,9.470809,8.817812,3135.7048
3.419981,2.580388,3.3577168,0.83959293,24.549637
0.7950767,1.2097955,2.0663807,0.41471875,52.160847
23.270536,5.729044,6.294265,17.541492,75.3807
0.6587359,0.5263485,1.4514478,0.1323874,20.09719
0.42274243,0.4570551,1.3651403,0.034312665,8.116684
0.8579198,1.1385188,2.0022912,0.280599,32.7069
0.20866355,0.44866458,1.3775783,0.24000102,115.01818
13.782581,17.143343,17.022419,3.3607616,24.384125
2.0231097,1.4398038,2.3948164,0.58330584,28.83214
0.20601285,0.25845465,1.1897413,0.052441806,25.4556
1.0594449,1.1435153,2.2415175,0.084070444,7.9353294
11.604187,6.6157417,7.5575004,4.9884453,42.988323
0.268165,1.2338862,2.167032,0.96572125,360.12207
21.825054,27.83192,27.064524,6.0068665,27.522802
0.7148624,0.77571034,1.8299469,0.060847938,8.51184
2.648064,2.3059895,3.3853328,0.3420744,12.917906
0.87202555,1.0134089,2.1304886,0.14138335,16.213213
0.6515766,1.0154922,2.1130571,0.36391562,55.85155
0.805869,0.94563186,1.9358203,0.13976288,17.343126
0.95887655,1.3659029,2.4003835,0.40702635,42.448254
0.3601592,0.2812426,1.2437977,0.07891658,21.911583
0.92107224,0.74541044,1.643229,0.1756618,19.071447
0.3596906,3.3288264,4.167343,2.9691358,825.46936
0.29843453,0.8572794,1.8604628,0.5588449,187.2588
0.15988223,0.48099956,1.4983661,0.32111734,200.84616
12.213311,4.5516114,5.201564,7.6617,62.732372
0.9678618,2.2853506,3.2993455,1.3174888,136.12366
17.751934,12.019956,12.190443,5.7319784,32.289318
2.5070603,2.5159137,3.304229,0.0088534355,0.35314012
0.8616055,0.87652826,1.8269055,0.014922738,1.7319688
0.98374486,0.7724184,1.6866806,0.21132648,21.481838
0.3009876,0.32354242,1.2991292,0.022554815,7.4936028
0.6435002,1.675751,2.517197,1.0322508,160.41188
0.41147557,3.5797138,4.3800044,3.1682382,769.97
3.9772654,3.592589,4.337787,0.38467646,9.671883
0.62349623,0.984944,1.9668065,0.36144775,57.97112
1.581407,1.4084337,2.5409408,0.17297328,10.937936
0.9894683,1.2435782,2.2573276,0.25410992,25.681461
1.1030663,1.1525109,2.1930237,0.049444556,4.4824643
3.8137376,2.5158436,3.3884628,1.297894,34.032074
0.08258167,2.9176402,3.6789532,2.8350585,3433.0361
0.54577434,0.71646583,1.6852925,0.17069149,31.275103
0.8056799,1.0612099,1.973125,0.25553,31.716068
0.35409486,2.7758975,3.5298815,2.4218025,683.9417
2.9035485,3.8545523,4.5459075,0.9510038,32.75316
0.8761073,1.0487685,2.1038308,0.17266124,19.707775
3.7535508,1.3473403,2.4870842,2.4062104,64.10491
0.40783942,1.9319518,3.0353613,1.5241123,373.70404
18.822496,9.207137,9.568036,9.615359,51.0844
21.120514,16.536283,16.517714,4.5842304,21.705109
13.83191,13.933105,14.1933155,0.101195335,0.7316078
0.35848397,0.9524542,2.0303998,0.59397024,165.68948
0.5966237,1.1938946,2.3249705,0.5972709,100.108475
0.9201715,1.1307571,2.2581832,0.2105856,22.885473
23.217695,7.4597244,7.945686,15.757971,67.87052
18.174265,7.59982,8.043224,10.574445,58.183617
6.356163,6.164482,6.8343062,0.19168091,3.01567
0.41935003,0.64828753,1.5461085,0.2289375,54.59342
3.5952792,3.3765268,4.147414,0.21875238,6.084434
19.074272,13.740709,13.789932,5.333563,27.962076
0.85734034,0.40534315,1.3420333,0.4519972,52.72086
8.171274,7.6684055,8.171067,0.50286865,6.1541033
0.20129351,2.8047419,3.5702884,2.6034484,1293.3594
1.0885658,1.2543015,2.2604413,0.16573572,15.225144
4.302982,3.4489365,4.547181,0.8540454,19.847757
1.1690365,1.4070518,2.2585766,0.2380153,20.359953
0.32327932,0.38502246,1.3243201,0.06174314,19.099007
1.4127014,0.9939501,2.0966363,0.41875124,29.641878
1.2859403,1.4410684,2.3983102,0.15512812,12.063399
23.557024,6.661461,7.172662,16.895563,71.72198
10.465608,3.746376,4.445988,6.7192316,64.20297
1.6771576,1.6854362,2.618701,0.008278608,0.49360943
0.6677355,0.897308,1.9048088,0.22957247,34.38075
3.075894,2.403569,3.2692246,0.67232513,21.857876
0.7912083,1.3230326,2.2420163,0.5318243,67.21672
2.1313295,4.1388674,4.8267794,2.0075378,94.19181
0.5777035,0.78860223,1.6788435,0.21089876,36.506405
0.44183573,1.6530218,2.4819393,1.211186,274.1259
7.8420167,1.9898894,3.1593885,5.852127,74.62528
0.73801184,1.892483,2.9961202,1.1544712,156.42989
1.0011783,1.1935039,2.071966,0.19232559,19.209925
0.879983,1.3985507,2.3843968,0.51856774,58.92929
0.9332137,1.1142309,2.087914,0.18101716,19.39718
0.44443098,0.6100317,1.5889025,0.16560075,37.261295
0.88686043,0.97814834,1.855951,0.09128791,10.29338
0.24364439,0.48563448,1.4081587,0.24199009,99.32102
1.0341171,1.027394,2.0420303,0.0067230463,0.65012425
4.5069723,3.8932247,4.712172,0.6137476,13.617736
1.0146244,1.0788453,1.9453728,0.064220905,6.3295255
0.7728077,0.9899688,2.0212126,0.21716106,28.100271
0.092178755,0.70626175,1.7959497,0.614083,666.18713
23.807083,29.894127,28.973618,6.087044,25.568203
0.27312884,0.88969254,1.9134213,0.6165637,225.74097
2.4753466,1.7292519,2.6086895,0.7460947,30.141018
0.6752156,0.6024244,1.5032009,0.07279122,10.780441
0.06333277,0.2509944,1.1799034,0.18766165,296.31052
0.27604976,1.6482484,2.4782007,1.3721987,497.0838
19.17304,27.303524,26.659672,8.130484,42.40581
0.79677176,1.2762218,2.2906358,0.47945,60.17407
20.190416,22.975477,22.431263,2.785061,13.793975
1.7498164,1.5395491,2.5023103,0.2102673,12.016535
13.96055,11.64054,11.864216,2.3200102,16.61833
0.95778143,0.87619674,1.757235,0.08158469,8.518091
0.7154378,0.61560166,1.5411541,0.09983617,13.9545555
2.8515782,2.0892313,2.9321077,0.762347,26.734211
0.78792125,1.4053161,2.409858,0.61739486,78.35743
0.98673946,1.3474305,2.231074,0.360691,36.55382
3.748621,2.8606002,3.8323104,0.88802075,23.689266
3.6082854,2.7273822,3.690784,0.88090324,24.413347
1.2798467,1.0802288,2.203942,0.19961786,15.597013
24.026865,23.785734,23.226791,0.24113083,1.0035884
0.6606994,0.82767594,1.7097528,0.16697651,25.272688
4.46206,4.230717,4.8972864,0.23134279,5.1846633
23.418337,19.896996,19.57124,3.5213413,15.036684
3.2648315,4.706157,5.356529,1.4413257,44.147015
0.9524335,0.8871423,1.974595,0.065291226,6.8552
19.715296,16.735985,16.59285,2.979311,15.111672
17.09819,12.24074,12.435816,4.8574505,28.409151
0.7653758,0.92154336,1.853313,0.15616757,20.404037
1.1694362,1.1988261,2.1807752,0.029389858,2.5131648
1.8098729,1.6746628,2.5419176,0.13521004,7.4706926
0.94677454,1.2606738,2.1972847,0.31389922,33.15459
0.80270463,1.036407,1.9116622,0.23370236,29.114365
0.9006081,0.8877059,1.8096803,0.0129022,1.4326098
0.7427261,0.7350395,1.7652776,0.007686615,1.0349193
0.8577148,1.9104481,2.7249274,1.0527333,122.73699
21.141884,19.801104,19.548706,1.3407803,6.3418207
17.418484,4.8624315,5.5007777,12.556052,72.08465
18.406513,13.514183,13.646774,4.89233,26.579344
1.8757375,2.3303275,3.114112,0.45458996,24.235264
12.833945,18.250263,18.054035,5.416318,42.20306
0.5270694,0.9145342,1.810703,0.38746482,73.51306
5.7035437,3.9852781,5.111209,1.7182655,30.12628
22.087975,10.402696,10.672925,11.685279,52.90335
0.88533443,0.7871722,1.7129333,0.098162234,11.087587
2.0277562,1.5051634,2.39906,0.5225928,25.771973
0.38176185,3.7064543,4.3979926,3.3246925,870.8812
11.357447,3.4805374,4.1857824,7.8769093,69.354576
0.52940124,1.3256421,2.1838593,0.79624087,150.40404
0.38432595,0.012518147,0.9618103,0.3718078,96.742836
0.82491887,2.7080564,3.5037262,1.8831376,228.28154
0.9582883,1.1507235,2.2306442,0.19243515,20.081133
0.34464732,1.0664024,1.9426082,0.72175515,209.41847
9.299088,9.890422,10.257716,0.59133434,6.359058
0.6855504,1.6419473,2.4741256,0.9563969,139.50789
7.7839475,7.6844273,8.187754,0.09952021,1.2785313
16.928936,6.789614,7.308838,10.139322,59.893444
1.4286451,1.1232522,1.9922506,0.30539298,21.376406
1.5223274,1.4006302,2.4193566,0.12169719,7.9941535
1.0219778,1.2553577,2.1111536,0.23337996,22.83611
0.65337664,0.56787145,1.5382242,0.08550519,13.086661
0.94093066,1.2461369,2.2217088,0.30520624,32.436634
0.991757,0.88391685,1.788248,0.10784012,10.873644
0.2207763,0.72685385,1.7995365,0.5060775,229.22638
1.4383835,2.195152,2.9913492,0.7567686,52.612434
0.9520338,0.74569607,1.6481481,0.20633775,21.673365
1.5126214,1.4411669,2.406931,0.071454525,4.723887
0.9521398,0.99584055,1.9489782,0.043700755,4.589741
0.8390946,2.8008235,3.5702283,1.9617288,233.79114
1.737673,1.7642715,2.588416,0.026598454,1.5306938
24.52843,25.776865,25.064505,1.2484341,5.0897427
1.4113923,1.3727894,2.30596,0.03860295,2.735097
21.574356,20.005917,19.6857,1.5684395,7.269925
2.0486894,1.7449551,2.6380627,0.3037343,14.825786
0.8968332,1.1947544,2.1108224,0.29792118,33.219242
16.486568,20.51915,20.392342,4.0325813,24.459797
1.4292023,1.1348445,2.11672,0.29435778,20.59595
0.391265,0.9018692,1.8025489,0.51060414,130.50084
0.5970355,1.1116853,2.2381003,0.51464975,86.20086
0.6956263,0.76056516,1.8312736,0.06493884,9.335305
0.25869712,1.6877651,2.5196831,1.429068,552.40967
1.683679,2.1153874,3.1699839,0.43170846,25.640781
0.6875569,1.0021946,1.8765142,0.31463772,45.761696
15.085651,11.43571,11.64799,3.6499414,24.194788
1.3922102,1.1616387,2.0831552,0.23057151,16.561544
0.64153004,0.7881503,1.7627227,0.14662027,22.854778
0.5181263,0.5651747,1.6423488,0.04704839,9.080486
1.7267674,1.6862769,2.5472877,0.040490508,2.3448732
22.30561,5.622075,6.194846,16.683537,74.79524
0.912199,0.764115,1.7025334,0.14808404,16.233744
1.0899242,1.0873084,2.2086792,0.0026158094,0.2399992
0.6248225,0.95098853,1.8315165,0.32616603,52.201393
13.896936,15.000725,15.18668,1.1037884,7.942674
0.63297737,0.7525835,1.7199999,0.11960614,18.8958
0.5066042,0.44013456,1.3636885,0.06646964,13.1206255
0.16001423,0.5299523,1.4564342,0.36993808,231.19075
0.34906232,1.5772281,2.6414585,1.2281657,351.84714
0.59341633,2.9719188,3.733932,2.3785024,400.81512
13.760344,5.7182684,6.29189,8.042075,58.443855
1.0045052,1.132988,2.0373147,0.12848282,12.790658
0.4070859,0.62281203,1.6706843,0.21572614,52.99278
0.58809537,1.4096317,2.3112025,0.82153636,139.69441
0.18829224,0.66018426,1.5536824,0.47189203,250.61682
0.1652826,0.23910785,1.1727931,0.07382524,44.666065
9.221721,8.704116,9.193847,0.5176048,5.612888
0.9606394,1.1822569,2.0508277,0.22161752,23.069794
0.43688264,0.47218573,1.4609259,0.035303086,8.08068
0.43370876,2.811189,3.5882947,2.3774803,548.1744
4.7801003,7.009042,7.5174904,2.2289414,46.629597
0.47837287,0.7427143,1.6640975,0.2643414,55.258446
5.539825,4.619211,5.448064,0.92061377,16.618103
11.243484,3.0175056,3.7775016,8.225978,73.16218
0.47877604,0.34224382,1.3666781,0.13653222,28.516928
0.81770337,0.892666,1.9120358,0.074962616,9.167459
0.521913,0.4621302,1.3782113,0.059782803,11.454553
0.6537789,1.379632,2.2303314,0.7258531,111.02425
1.0871593,1.0884185,1.9806749,0.0012592077,0.115825504
14.274343,10.030957,10.410912,4.2433853,29.727362
1.8011476,1.7675033,2.6923087,0.03364432,1.8679379
0.49599943,0.42426786,1.3699397,0.07173157,14.462027
19.596548,3.233891,4.0205274,16.362658,83.49765
0.72953695,0.8316337,1.9363898,0.10209674,13.994732
1.0669304,1.186512,2.112663,0.11958158,11.208002
11.936653,5.5088406,6.1499777,6.4278126,53.84937
0.32928592,0.79145217,1.6811483,0.46216625,140.3541
17.36587,12.741425,12.870314,4.624445,26.629503
0.31942973,0.18837225,1.1161994,0.13105747,41.028576
0.67050624,0.98812294,1.9315337,0.3176167,47.369686
0.3447507,2.7640812,3.5591617,2.4193306,701.7623
1.4463918,1.1519871,2.1409624,0.29440475,20.354425
1.9992751,2.1887503,2.9818645,0.18947518,9.477194
0.46752742,0.41221556,1.3258262,0.05531186,11.83072
0.5087585,0.5184052,1.4246724,0.009646714,1.8961283
6.888778,6.913847,7.4217987,0.02506876,0.3639072
1.0734464,1.7285085,2.5509782,0.6550621,61.024204
0.072040856,0.2802969,1.2179043,0.20825604,289.08044
1.3280678,1.4054372,2.255184,0.07736945,5.8257155
0.75283206,0.39768815,1.3682567,0.3551439,47.174385
1.5783638,1.5783391,2.6684122,2.4676323e-05,0.0015634117
3.7945175,5.5194373,6.1150427,1.7249198,45.45821
1.2686155,1.1285236,2.2558808,0.1400919,11.042896
1.2569983,1.1770394,2.0826297,0.079958916,6.3610997
0.6248029,0.6561769,1.7313069,0.031374037,5.0214295
0.8251273,0.8365866,1.7319995,0.011459291,1.3887906
19.633846,5.0616407,5.6982784,14.572206,74.219826
0.9757284,1.1369796,2.2649424,0.16125119,16.526237
1.7541541,1.3899605,2.4590797,0.36419356,20.761778
3.5423133,3.0188327,4.0949626,0.52348065,14.777931
0.26728305,0.878883,1.7848758,0.6115999,228.82106
5.422174,3.7452989,4.844544,1.6768751,30.92625
6.114762,2.8786638,3.6352239,3.236098,52.922714
14.491899,17.157997,17.008596,2.6660986,18.397165
13.619952,13.820323,13.916635,0.20037079,1.4711564
14.868498,10.594828,10.880331,4.27367,28.743118
10.100663,2.6615794,3.634686,7.439084,73.64946
15.195274,4.0663834,4.740458,11.128891,73.23916
10.964434,5.924762,6.46983,5.039672,45.963814
1.8037057,1.6183391,2.5210323,0.18536663,10.276989
9.265568,16.285381,16.23667,7.0198135,75.76237
0.58557045,1.4267058,2.5207024,0.8411354,143.64375
3.299963,3.1830497,3.917865,0.11691332,3.5428677
16.550678,4.7144833,5.3386354,11.836195,71.51486
0.56016797,0.5914273,1.5242735,0.031259358,5.580354
1.2368406,1.0711987,2.1164207,0.1656419,13.39234
0.6646097,1.3375127,2.1912286,0.67290306,101.247856
18.821556,12.885906,12.9842615,5.93565,31.536448
0.8322056,1.5678711,2.4024212,0.7356655,88.39949
0.51651,2.967936,3.7129507,2.451426,474.61346
4.386829,5.777332,6.3780494,1.3905029,31.697224
2.6966865,2.2419696,3.2084937,0.45471692,16.86206
4.0447307,4.454657,5.340933,0.4099264,10.134826
23.444298,9.677124,9.995735,13.767174,58.72291
0.8207462,0.40985787,1.3508812,0.4108883,50.06278
1.2528867,1.2890463,2.3245215,0.036159635,2.8861058
13.366304,5.0124254,5.64063,8.353879,62.49954
0.8432772,1.404635,2.4166942,0.56135774,66.56859
12.56763,9.052223,9.453892,3.5154066,27.971912
1.5260956,1.0791657,2.1975896,0.44692993,29.285841
0.59930694,0.96315753,2.0791705,0.3638506,60.711895
1.0269231,1.1017039,2.1397772,0.07478082,7.2820277
1.8737463,2.066657,2.8863406,0.19291079,10.29546
10.364646,7.4808483,7.9638844,2.8837976,27.823406
0.83667123,1.2085328,2.0693545,0.37186158,44.445362
0.50278336,0.10458476,1.0598865,0.3981986,79.198845
0.57125556,0.82648015,1.7130761,0.2552246,44.67783
0.4320968,0.8992981,1.8174324,0.46720126,108.124214
0.2584799,0.4102803,1.3266655,0.1518004,58.728127
0.35172078,0.41984737,1.3601153,0.06812659,19.369509
1.0222673,1.3121052,2.1619406,0.28983784,28.35245
12.709582,10.958915,11.271635,1.7506676,13.774391
0.54255027,0.7582828,1.843749,0.21573251,39.76268
0.8229435,0.88072085,1.8806863,0.057777345,7.020816
6.5114784,3.5742378,4.417319,2.9372406,45.108658
1.5567096,1.7066286,2.7617354,0.14991891,9.6305
0.3941131,0.8304013,1.9278291,0.4362882,110.70128
1.7769328,2.2199295,3.0365562,0.44299662,24.93041
1.7426267,1.4683192,2.4913807,0.2743075,15.741035
0.9264273,0.8330902,1.7899556,0.09333712,10.074953
25.265041,7.421027,7.9164734,17.844013,70.62729
0.76285416,0.83884823,1.8259025,0.075994074,9.961809
0.98418677,0.91268635,1.7925277,0.07150042,7.264924
2.9269502,2.2159822,3.0111754,0.710968,24.290403
1.0056816,1.1810544,2.2298965,0.17537272,17.438194
0.76795346,0.8011832,1.729043,0.03322977,4.327055
0.8403603,1.4813066,2.321468,0.64094627,76.27042
0.8061061,0.73051155,1.7722173,0.075594544,9.377742
0.8684672,1.1177559,2.077274,0.24928868,28.704443
7.644453,8.22014,8.86591,0.5756874,7.530786
1.1021893,1.881207,2.695192,0.7790177,70.67912
0.4678568,2.481578,3.505495,2.0137212,430.414
0.7203159,0.61276245,1.6338899,0.10755342,14.931425
1.5299382,1.0743768,1.988291,0.4555614,29.776459
25.394388,1.9586864,2.8966248,23.435701,92.28693
0.3672268,2.418292,3.255888,2.0510652,558.5282
0.92773944,1.384413,2.2394168,0.45667356,49.22433
0.8004385,2.1522377,2.9784472,1.3517991,168.88232
0.5777709,0.6373043,1.7108456,0.059533417,10.303983
0.90665925,1.6273437,2.6994002,0.7206844,79.48791
7.4362273,5.1351366,5.7676077,2.3010907,30.94433
20.577293,12.022055,12.18097,8.555239,41.57611
26.535696,2.832923,3.6363866,23.702774,89.324104
17.765377,20.916285,20.540922,3.1509075,17.736227
0.31790364,0.5318967,1.4360315,0.21399307,67.31382
1.0944631,1.0077269,1.8792446,0.0867362,7.925
11.2490835,11.828649,12.201576,0.57956505,5.152109
0.45861378,1.2240772,2.1544597,0.7654635,166.90808
0.97375745,1.130167,2.2416604,0.15640956,16.062477
18.362791,4.466334,5.129741,13.896458,75.67726
0.2551262,2.9283936,3.7761307,2.6732674,1047.8215
0.93052906,1.2755971,2.1308792,0.34506804,37.082996
1.42219,0.9567038,1.9118463,0.46548617,32.73024
0.773599,1.1788073,2.1409662,0.40520823,52.379623
3.6167357,3.3059144,4.388792,0.3108213,8.593973
20.573881,20.749802,20.620483,0.17592049,0.8550671
0.84260964,1.6143479,2.4464264,0.7717383,91.589066
2.0465925,1.7573528,2.7564566,0.28923965,14.132743
1.6921418,1.787426,2.7278185,0.09528422,5.6309834
13.6565275,16.230341,16.459797,2.5738134,18.846764
3.7369435,3.0680285,3.868063,0.66891503,17.900057
1.9089924,1.5784342,2.5281117,0.33055818,17.315845
25.363413,6.1562467,6.7188797,19.207167,75.727844
0.99832255,0.9163418,1.8003637,0.081980765,8.211851
1.4417046,1.1173,2.0158195,0.3244046,22.501461
1.3360804,1.1530423,2.1464024,0.18303812,13.699634
0.82047504,1.1438906,2.2722735,0.32341558,39.418087
1.4709294,1.0987742,2.0990689,0.3721552,25.300684
0.6423121,0.8599092,1.746751,0.21759707,33.877155
0.9964039,1.2442327,2.1021092,0.24782878,24.872322
11.644751,4.0800185,4.7838545,7.564732,64.96259
2.055889,2.6893997,3.4577065,0.6335108,30.814447
0.9118512,1.0418279,1.9229804,0.12997669,14.254155
0.89820045,1.0144639,1.9301004,0.11626345,12.944042
0.4071771,0.3747347,1.3125664,0.03244239,7.9676366
0.57345545,0.83777773,1.7229089,0.26432228,46.092907
0.38790545,1.8520145,2.6731107,1.4641091,377.43967
0.87639976,2.1531131,2.9572759,1.2767134,145.67706
1.293851,1.376683,2.4220502,0.08283198,6.4019713
1.2822541,1.3539665,2.3936455,0.071712375,5.5926805
0.96184766,1.1404965,2.0369477,0.17864883,18.573505
22.408796,2.2883065,3.1675415,20.12049,89.78835
20.271444,3.6640048,4.3619556,16.607439,81.925285
1.6563467,2.5645297,3.3502636,0.908183,54.83049
1.6672245,1.6472507,2.5288725,0.019973874,1.1980314
0.7179082,0.86373186,1.7463409,0.14582366,20.3123
0.7457523,1.7159953,2.536483,0.97024304,130.1026
0.98037386,0.8685447,1.7518461,0.11182916,11.406788
0.51854557,0.944999,1.858415,0.4264534,82.240295
5.711546,8.455437,8.982628,2.7438908,48.041122
0.16376014,0.37322932,1.2951462,0.20946918,127.91219
0.25569272,0.6329324,1.5281513,0.3772397,147.53635
1.2274802,1.336066,2.3440251,0.108585835,8.846239
1.4265468,1.6029768,2.5208044,0.17642999,12.367626
1.4799501,1.1547503,2.277577,0.32519972,21.973696
0.60734344,2.568669,3.3330772,1.9613256,322.93518
4.8354716,3.9438648,4.7659764,0.8916068,18.43888
1.3402661,1.2539854,2.151978,0.0862807,6.4375806
0.71789503,0.87247145,1.8128268,0.15457642,21.531897
0.5842688,0.5583327,1.6057031,0.025936127,4.4390745
0.20920452,2.1678505,2.9708686,1.9586459,936.235
8.460969,3.3999877,4.111779,5.0609813,59.81562
17.416649,11.854403,12.097471,5.5622463,31.936375
0.70030457,0.8445091,1.8644276,0.14420456,20.591692
1.4159632,1.0258465,1.9029598,0.3901167,27.55133
1.1708843,0.9849844,1.8604603,0.18589985,15.876877
1.1985831,1.1771183,2.133974,0.021464825,1.7908499
0.42736772,2.7573836,3.538063,2.330016,545.20166
1.5390127,1.0822675,2.1966727,0.45674515,29.677803
0.33400854,0.60626364,1.5053141,0.2722551,81.51141
17.401445,16.42116,16.311243,0.98028564,5.6333575
0.2664911,0.6326537,1.6918851,0.36616263,137.40146
0.55478626,1.5306628,2.5784,0.9758765,175.90135
0.6340661,1.1713066,2.031781,0.5372405,84.729416
26.275036,6.3010054,6.848751,19.97403,76.019035
0.25306997,0.58771455,1.5108161,0.3346446,132.23402
0.54777473,0.90707815,1.7890904,0.3593034,65.59328
1.3737214,1.2509818,2.245157,0.12273955,8.934822
0.18494888,0.44891086,1.3596052,0.26396197,142.72159
0.46792164,0.5663643,1.4754256,0.098442644,21.038275
0.8925558,0.71600676,1.6161488,0.17654902,19.780167
4.2142878,4.6181593,5.277338,0.40387154,9.583387
14.45474,10.528251,10.781866,3.9264889,27.164024
0.4762267,5.082815,5.764224,4.6065884,967.31
0.90210974,1.199532,2.10461,0.2974223,32.969635
0.14356619,0.6412791,1.7176703,0.4977129,346.67834
0.11727207,0.32846874,1.2614633,0.21119666,180.09119
25.315031,4.3219852,5.005121,20.993046,82.9272
23.548237,22.719805,22.214352,0.8284321,3.5180218
0.74790823,3.0322857,4.051118,2.2843776,305.43555
0.417988,1.344948,2.1973948,0.92696005,221.76715
0.29425183,2.2866974,3.1830072,1.9924456,677.12256
0.9171094,1.1401255,2.2682855,0.22301614,24.31729
0.31313053,1.945482,2.8433335,1.6323515,521.30066
0.6965291,0.9125221,1.864083,0.21599299,31.009901
0.16746895,0.32428363,1.2449921,0.15681468,93.63806
18.180561,8.23825,8.856237,9.942311,54.686493
11.721781,1.6040659,2.5485048,10.117715,86.31551
0.1632023,3.0447998,3.8099418,2.8815975,1765.6599
6.1608396,4.0726776,4.758947,2.088162,33.89411
0.99614143,1.2352979,2.16715,0.23915648,24.008287
2.6529768,2.8800561,3.6334405,0.22707939,8.559419
22.036367,13.447633,13.523278,8.588735,38.975273
3.208566,2.9355228,4.0468655,0.27304316,8.509819
11.669929,4.534374,5.3546314,7.1355543,61.1448
0.59234715,2.2629855,3.096109,1.6706383,282.03702
0.15432273,1.4723926,2.3179305,1.3180698,854.09955
0.5003914,0.62000823,1.5254551,0.11961681,23.904648
0.8114754,0.7788298,1.7463334,0.032645583,4.022991
9.406897,9.810656,10.719412,0.403759,4.2921596
0.618103,0.50295746,1.4335535,0.115145564,18.628864
0.29292265,1.3737085,2.225576,1.0807859,368.9663
1.0565388,0.6774653,1.5839946,0.3790735,35.878803
0.7151009,1.1406662,2.0705614,0.42556536,59.511234
20.94274,8.732096,9.107824,12.210644,58.3049
1.3718365,0.98764825,2.0835328,0.3841883,28.0054
0.7568634,0.9291792,1.8081429,0.17231578,22.76709
0.5960145,0.7340547,1.7846876,0.13804018,23.160542
0.2758238,0.3904686,1.3066256,0.114644796,41.564503
9.107472,8.27814,9.355007,0.82933235,9.106065
0.9615457,0.9057001,1.7869365,0.05584562,5.8079004
0.75702316,0.7896308,1.6742357,0.032607615,4.3073473
0.36316085,0.3222419,1.235966,0.040918946,11.267445
0.99667835,1.1998768,2.3312955,0.20319843,20.387564
0.08593367,0.29744586,1.2785077,0.2115122,246.13423
0.52828497,0.4545658,1.4957913,0.07371917,13.954433
0.7797853,1.072778,2.0835311,0.2929927,37.57351
1.1488265,1.1022696,2.212143,0.04655683,4.0525556
0.16682763,1.2261562,2.08963,1.0593286,634.9838
0.70150626,0.7413324,1.7344278,0.039826155,5.6772346
0.71747065,0.91832507,1.7974983,0.20085442,27.994793
21.724552,17.040098,16.896116,4.684454,21.562948
0.8518426,1.1738,2.1147234,0.3219574,37.79541
0.25095448,3.1576047,3.8992696,2.9066503,1158.2382
0.9732819,2.142323,2.939179,1.1690412,120.11331
3.9554958,4.619959,5.277589,0.66446304,16.798477
25.292877,21.497824,21.330154,3.7950535,15.004436
1.0363895,1.1913033,2.0507736,0.15491378,14.947449
1.0438538,1.0709662,2.1090431,0.027112484,2.597345
0.46551982,0.60225785,1.5132259,0.13673803,29.373194
6.2542644,6.3200054,6.872462,0.06574106,1.0511398
0.63880825,0.3747039,1.361408,0.26410434,41.34329
0.50345767,1.7338521,2.8663793,1.2303945,244.38887
1.6102049,1.0311818,2.1205485,0.5790231,35.95959
0.5495659,0.65955937,1.5520676,0.10999346,20.014606
1.5418826,0.9022777,1.9633585,0.6396049,41.482075
1.8393514,1.205195,2.3288333,0.63415647,34.477177
0.8322267,0.4532851,1.3803759,0.3789416,45.53346
0.96340185,1.6883004,2.519203,0.7248985,75.24363
0.55911154,1.2120287,2.3304791,0.6529172,116.777626
1.4315903,1.2423651,2.244156,0.1892252,13.217832
3.3899133,4.4384356,5.0976925,1.0485222,30.93065
11.3742075,6.5467587,7.065063,4.827449,42.442066
1.3163098,2.4228475,3.2014353,1.1065377,84.06362
0.18638258,0.29574603,1.2321615,0.10936345,58.676865
0.49715585,0.67989504,1.5857663,0.1827392,36.756924
0.87523204,0.7478398,1.6911212,0.12739223,14.555253
0.6017123,1.1522593,2.0102332,0.55054706,91.49673
0.19177589,0.4299432,1.3413181,0.23816732,124.190445
13.397054,7.068433,7.604266,6.328621,47.2389
17.756657,8.350406,8.736146,9.406251,52.9731
0.49719813,0.061650936,1.0162233,0.4355472,87.600334
0.91973865,1.1682959,2.0329309,0.24855721,27.024765
0.44685096,0.2429757,1.1660435,0.20387526,45.62489
4.2895513,3.41917,4.546032,0.87038136,20.290731
0.15451425,2.6291826,3.3982298,2.4746683,1601.5793
1.1510938,1.1311257,2.0170252,0.019968152,1.734711
0.25586346,1.0326414,1.9502931,0.776778,303.59082
1.0671803,1.0828888,1.9556029,0.015708566,1.4719692
0.4619159,1.6947429,2.7086565,1.232827,266.89423
0.89993733,1.1070273,2.0667076,0.20708996,23.011599
0.9756829,1.1744053,2.2213895,0.19872242,20.367521
0.61605626,0.59904265,1.5058451,0.01701361,2.7616973
0.16937038,1.4127567,2.2601902,1.2433863,734.12256
0.6642128,1.1709967,2.283486,0.50678384,76.29841
0.35294822,0.70460117,1.645107,0.35165295,99.63301
0.4496081,0.8593192,1.7735035,0.40971112,91.126274
0.45982528,0.5713142,1.4747461,0.11148894,24.245934
1.812819,1.1389148,2.266987,0.6739042,37.174377
0.2437483,1.759738,2.7180436,1.5159897,621.9488
1.0177406,1.046416,2.0826266,0.028675437,2.8175585
5.0039,4.2762775,5.229177,0.7276225,14.541108
1.5784881,1.3725262,2.3056293,0.20596194,13.048052
0.50259674,0.5282252,1.4854938,0.025628448,5.099207
0.9132319,1.1701858,2.2213597,0.2569539,28.136763
0.603378,0.5366111,1.6009767,0.06676692,11.065521
1.4832518,1.0459936,1.9680167,0.43725824,29.479702
0.50790524,0.67163956,1.5642864,0.16373432,32.23718
1.4168396,2.2530506,3.0451376,0.83621097,59.01945
4.863977,4.1691,5.142289,0.69487715,14.286194
0.36838374,0.37578025,1.2973235,0.007396519,2.00783
1.3723731,1.1620109,2.0316532,0.2103622,15.328354
14.840052,16.355145,16.652004,1.5150928,10.209484
3.2098536,2.52385,3.482131,0.6860037,21.371807
0.21974479,0.13550931,1.0705739,0.084235474,38.33332
0.99645185,1.2152791,2.077774,0.21882725,21.960644
0.7162725,0.48574355,1.497012,0.23052892,32.18453
2.6990705,1.9887612,2.9287713,0.71030927,26.316813
1.5781662,1.1198697,2.2464347,0.45829654,29.039814
0.49613097,1.1256557,2.0186958,0.6295247,126.886795
3.8113472,3.6602526,4.476651,0.15109468,3.9643376
1.1572059,1.510284,2.3563108,0.353078,30.511251
13.071914,11.508536,11.727795,1.5633774,11.95982
1.6820458,1.1902518,2.2818274,0.491794,29.237846
10.753653,3.7173867,4.4535437,7.036266,65.431404
3.1141846,1.6925347,2.8439126,1.4216499,45.65079
7.3579493,5.9511666,6.534606,1.4067826,19.119223
0.625858,0.6297463,1.5539604,0.003888309,0.62127656
0.8791877,1.5583773,2.6389878,0.67918956,77.25194
16.570532,15.030489,14.998719,1.5400429,9.293865
1.451757,1.5838902,2.5881956,0.13213325,9.101609
0.7448046,0.62252486,1.5749884,0.12227976,16.417696
0.94778335,1.1341231,2.2619202,0.18633974,19.660583
0.9308576,1.9901335,2.802443,1.0592759,113.7957
24.892965,2.5729373,3.3857949,22.320028,89.664
0.7165678,0.92801344,1.8033769,0.21144563,29.508112
0.23480038,0.2849463,1.2756495,0.05014591,21.356825
0.5398342,0.6758232,1.5705642,0.13598901,25.190884
0.9714544,1.8297532,2.6487877,0.8582988,88.351944
0.9632186,1.0679996,2.0059004,0.10478097,10.878213
16.103716,18.443407,18.209667,2.3396912,14.52889
9.436645,9.267852,9.631326,0.16879272,1.7886943
0.6846117,1.3881109,2.2502825,0.7034992,102.75887
1.0119156,0.7828312,1.8309511,0.22908437,22.638685
8.443413,5.9823985,7.165833,2.4610143,29.14715
0.9181545,1.0478401,1.9160243,0.12968564,14.124599
0.11425612,0.5237957,1.5709302,0.4095396,358.43997
0.7089455,0.71296906,1.6083802,0.004023552,0.56754035
21.048382,19.362555,19.10753,1.6858273,8.009296
0.94360024,0.68537223,1.579521,0.258228,27.36625
1.0597765,1.3305819,2.3072042,0.27080536,25.553062
26.237595,7.0168314,7.514888,19.220764,73.25658
0.76658064,0.93334675,1.9683609,0.1667661,21.754541
0.990822,1.0515513,1.9183145,0.060729325,6.1291857
0.7625715,1.0339739,1.9062461,0.27140242,35.59042
0.6078876,0.43520778,1.3675776,0.17267984,28.40654
0.086427085,0.16575779,1.0954483,0.079330705,91.78917
25.85775,5.5603905,6.157363,20.29736,78.49623
1.5345683,1.7255354,2.7823374,0.19096708,12.444352
0.93996096,1.1385376,2.266593,0.19857669,21.126059
0.9471062,0.80451524,1.7014694,0.14259094,15.055433
22.199858,12.429604,12.583876,9.770254,44.010433
22.270449,13.321993,13.400164,8.948456,40.18085
0.94960135,1.0021257,1.8742596,0.052524388,5.5312037
0.5394259,0.5310875,1.4342227,0.008338392,1.54579
0.8281782,3.5299482,4.22969,2.70177,326.2305
1.8293376,1.3893557,2.2790105,0.43998194,24.051434
1.3450695,0.95228815,2.0436833,0.39278138,29.201567
0.9689146,1.2634017,2.276397,0.29448712,30.393505
23.671144,5.0647125,5.721978,18.606432,78.60385
1.4334352,1.140238,2.2684042,0.29319715,20.454163
0.8448975,1.143719,2.2720928,0.29882145,35.367775
0.8037418,0.41952273,1.3622808,0.38421908,47.803795
0.9557411,0.90730786,1.8391658,0.048433244,5.0676117
0.586704,1.0578852,1.9283353,0.47118115,80.30985
3.4684536,2.5293212,3.358241,0.93913245,27.076403
2.90517,2.437906,3.235894,0.46726394,16.083876
0.6318823,1.0041883,1.9788195,0.372306,58.920147
8.495769,9.606314,10.508894,1.1105452,13.071745
0.5785792,1.3414588,2.2001452,0.7628796,131.85397
0.89845896,0.825083,1.7937088,0.07337594,8.166866
0.17663242,2.945442,3.6972127,2.7688096,1567.5546
0.22341132,0.664137,1.5978346,0.44072568,197.27097
5.5035963,2.7658398,3.744061,2.7377565,49.74486
27.68073,13.597531,13.667753,14.0831995,50.877266
0.9375188,1.384135,2.5057888,0.44661623,47.63811
1.7117077,2.2262907,3.0400457,0.514583,30.06255
1.0393509,0.94115424,1.822276,0.098196626,9.44788
1.5744644,1.5608294,2.4026282,0.013635039,0.86601126
4.0916677,4.483921,5.1420307,0.3922534,9.586639
0.9984684,0.91831326,1.7968748,0.080155134,8.027809
0.33189052,0.26999354,1.2791755,0.06189698,18.649818
1.2932647,1.5804298,2.4153073,0.28716505,22.20466
22.965647,7.0906496,7.60617,15.874997,69.12498
0.86287755,0.62899494,1.5541196,0.2338826,27.104958
6.4660716,7.278638,7.8371754,0.8125663,12.566614
14.196896,11.385825,11.728517,2.8110704,19.8006
0.66610897,0.9281324,1.8086396,0.26202345,39.336426
0.603601,0.6000215,1.4997222,0.0035794973,0.5930238
0.6413869,0.788514,1.6735057,0.14712709,22.938898
0.8158971,0.725263,1.6189039,0.09063411,11.108521
19.443586,20.36591,19.997036,0.9223232,4.743586
0.8755628,0.511116,1.4613831,0.36444676,41.624287
0.92866856,1.0189943,1.8908933,0.09032577,9.726374
2.9053042,1.1890891,2.3200989,1.7162151,59.07179
0.60856485,0.6825104,1.6689161,0.07394552,12.150804
0.77333814,0.9488727,2.0637143,0.17553455,22.698292
0.2667409,0.664363,1.6739851,0.39762214,149.06682
0.9050184,1.0480909,2.1699345,0.14307255,15.8088
11.937755,6.458086,7.029528,5.4796686,45.902004
0.985753,1.2601738,2.179964,0.2744208,27.838697
0.4940177,0.52477694,1.5891926,0.030759245,6.2263446
5.867825,2.3087351,3.1108596,3.55909,60.65433
23.410288,34.455284,33.271523,11.044996,47.180096
19.314016,4.9033027,5.530077,14.410713,74.61272
0.8771192,1.1044447,2.134269,0.22732556,25.917294
0.20635688,0.4215586,1.3911358,0.2152017,104.28618
2.9230354,2.7003255,3.7797425,0.2227099,7.6191306
6.576692,5.3020377,5.9032717,1.2746544,19.381392
8.608054,12.717964,13.035333,4.10991,47.744938
1.5605552,1.3372948,2.2000768,0.2232604,14.306473
4.7896643,2.4444294,3.2898283,2.3452349,48.964493
1.2141412,1.31622,2.3777363,0.102078795,8.40749
1.1715051,1.1272137,2.034697,0.044291377,3.7807243
0.26049864,0.36032322,1.3986762,0.09982458,38.320576
0.4809274,0.7722652,1.8402071,0.2913378,60.57833
0.68318987,1.0238216,1.8923564,0.34063172,49.859013
3.464067,2.464214,3.6351616,0.9998529,28.863556
0.87315303,0.7049625,1.6771069,0.16819054,19.262436
1.0782067,0.99381626,1.8684937,0.0843904,7.826923
5.1828146,6.899264,7.424408,1.7164493,33.11809
1.5707715,1.2457249,2.2261941,0.32504654,20.693434
1.7214665,1.6814854,2.7017744,0.039981127,2.3225038
10.799872,4.206377,4.8734856,6.5934954,61.051605
0.11240374,0.2438885,1.1694542,0.13148475,116.97542
1.2928965,1.6038833,2.648412,0.31098676,24.053492
10.525661,5.724244,6.2945213,4.8014174,45.6163
12.566016,12.246566,12.406271,0.31945038,2.542177
0.84137,1.0252626,2.1443384,0.18389261,21.85633
8.848562,7.0878506,7.672111,1.7607117,19.89828
0.6732134,0.43755424,1.3465924,0.23565918,35.005123
1.5186821,1.2355645,2.1049113,0.28311765,18.642324
0.60201794,0.6474912,1.5482203,0.045473278,7.553476
1.3851622,1.1827965,2.1284792,0.20236576,14.609535
1.0665418,1.0897112,2.1890268,0.023169398,2.1723855
19.928602,5.4768014,6.1466837,14.451801,72.51789
0.5086957,1.3662155,2.2195814,0.85751975,168.57224
25.026173,6.085615,6.669553,18.940557,75.683
1.0165228,6.237508,6.7850895,5.220985,513.61224
0.20755689,1.4323416,2.300996,1.2247847,590.0959
2.844824,2.531982,3.3957462,0.31284213,10.996889
18.1997,16.003704,15.9791355,2.1959953,12.066108
0.33180812,0.6606188,1.5631304,0.32881066,99.09663
18.027508,14.7296505,14.747879,3.2978573,18.293474
0.5272735,1.3367095,2.4009082,0.809436,153.51352
1.0715716,1.1406446,2.2688355,0.06907296,6.4459496
16.689941,17.57536,18.08212,0.88541794,5.305099
0.23278888,1.1586397,2.0237184,0.9258508,397.72125
18.967836,11.228416,11.467621,7.73942,40.802864
1.1707877,1.1452768,2.0200899,0.025510907,2.1789525
2.2342784,3.9551063,4.6627088,1.7208278,77.019394
0.9903433,1.3245304,2.354676,0.3341871,33.74457
2.8561316,1.3106015,2.447472,1.5455301,54.112705
5.4644957,4.278208,5.342799,1.1862879,21.70901
6.380181,4.674696,5.54041,1.7054849,26.730982
0.5878891,0.84340596,1.8574524,0.2555169,43.46345
2.957778,5.0746775,5.7080793,2.1168995,71.5706
0.8578718,0.76086986,1.6820291,0.09700191,11.307275
1.1151866,1.1275604,2.1177673,0.012373805,1.1095726
1.4302331,1.370698,2.4141445,0.059535146,4.162618
0.59517354,0.7658,1.864438,0.17062646,28.668356
0.64408827,0.5993093,1.4967437,0.044778943,6.952299
0.93337107,0.92232645,2.0277317,0.0110446215,1.1833044
0.83187646,0.6853751,1.6048967,0.14650136,17.610952
0.6330541,1.2887607,2.1413424,0.6557066,103.578285
0.6253943,1.1406567,2.2688484,0.5152624,82.39001
0.40554214,0.48888683,1.4164803,0.0833447,20.551428
0.24150755,1.681752,2.5152016,1.4402444,596.3559
0.4048112,1.6612723,2.4934938,1.2564611,310.38202
1.1612064,1.0235758,2.1333692,0.13763058,11.852379
1.7019924,2.3018804,3.0915673,0.59988797,35.24622
0.3332059,4.4528446,5.103514,4.119639,1236.3644
24.292912,2.694144,3.4869034,21.598768,88.90975
15.536009,18.206217,18.02195,2.670208,17.187222
8.935018,5.6636505,6.2413497,3.271367,36.61288
1.3962475,1.5117362,2.5449357,0.11548865,8.271359
0.9630643,1.2039015,2.1950977,0.24083722,25.007385
0.4366393,0.57127976,1.4760653,0.13464046,30.835625
7.9502354,3.1579747,3.8928683,4.7922606,60.278225
23.037102,26.253624,25.594713,3.2165222,13.962357
0.2678453,0.84445465,1.8711398,0.5766094,215.27702
1.4209286,1.2309332,2.0948582,0.18999541,13.371214
13.585642,2.299907,3.165774,11.285735,83.071045
9.826579,7.82547,8.298622,2.0011091,20.36425
0.3880821,0.38037303,1.308633,0.007709056,1.9864498
0.5953134,0.65216815,1.5485923,0.056854784,9.550396
0.9335947,1.0137937,2.133418,0.080199,8.590344
1.0507269,1.1573949,2.2639008,0.106667995,10.151829
0.4764386,4.285639,4.955314,3.8092003,799.5155
3.697897,2.5249584,3.358314,1.1729386,31.719072
0.25617793,1.5145547,2.4323597,1.2583768,491.21204
0.90318924,0.5815004,1.4813298,0.32168883,35.616993
0.8462123,0.8660079,1.7956973,0.019795597,2.3393178
0.7097908,1.1124132,2.2388625,0.40262234,56.724083
8.664677,5.4834867,6.082068,3.18119,36.714466
0.59522516,0.56164825,1.4938586,0.033576906,5.6410427
1.0135051,0.9484358,1.8290167,0.06506932,6.420226
0.8552063,1.059927,2.1662462,0.20472068,23.938162
0.8079743,1.0719545,2.0354118,0.2639802,32.67186
15.060091,12.09715,12.5966835,2.9629412,19.674126
0.9591613,1.0595305,2.1606297,0.100369215,10.464269
1.950689,1.6903553,2.664025,0.26033366,13.345729
0.4343478,2.3339295,3.320637,1.8995817,437.34113
0.5637511,0.58500993,1.4840881,0.021258831,3.7709603
1.877799,1.2994246,2.2153492,0.5783744,30.800655
0.41019204,0.5140158,1.41624,0.10382375,25.31101
27.891808,13.198265,13.307245,14.6935425,52.680496
15.713241,16.216671,16.332066,0.50343037,3.2038608
0.6434524,1.0818477,1.9581544,0.43839526,68.13173
25.561813,7.5453224,8.018268,18.01649,70.48205
0.56797415,4.1313386,4.824512,3.5633645,627.3815
7.714643,2.6667192,3.4290664,5.047924,65.43302
22.661089,21.61169,21.150858,1.0493984,4.6308384
0.24853486,3.572455,4.303807,3.32392,1337.406
0.6928034,0.7155634,1.6262903,0.022760034,3.2852082
8.651065,6.375027,7.1798773,2.2760377,26.309336
0.6711985,0.88337934,1.7620903,0.21218085,31.612238
0.32285705,3.700873,4.4410434,3.3780158,1046.2883
0.77228427,0.55860996,1.5416365,0.2136743,27.667831
1.0318232,1.2209775,2.3148484,0.18915439,18.332056
1.3090407,1.7992506,2.6189797,0.49020994,37.44803
1.1498067,1.0469105,1.924047,0.10289621,8.949
5.453901,1.8500257,2.790496,3.6038752,66.07885
0.63502884,1.0309236,2.151962,0.39589477,62.342804
1.554627,1.4565773,2.3388536,0.09804964,6.3069563
1.5975093,1.4220545,2.3114069,0.17545474,10.983018
16.671602,13.061033,13.207966,3.610569,21.657
0.31563336,0.5646223,1.4751949,0.24898893,78.8855
1.4868435,1.4056022,2.2781014,0.08124125,5.464008
1.9263585,1.8190377,2.8476865,0.107320786,5.571174
1.282862,1.252737,2.11123,0.030124903,2.3482575
0.40546447,0.7587733,1.6472789,0.35330886,87.136826
9.285527,14.713537,14.741552,5.42801,58.456673
1.2874063,1.6023071,2.4909022,0.31490076,24.46009
4.5112867,7.006871,7.5324154,2.4955845,55.318684
0.40540895,0.6662799,1.7237135,0.26087096,64.34761
0.5679573,0.5138056,1.4519341,0.054151654,9.534459
0.6509426,0.76969266,1.7012935,0.118750036,18.24278
10.543862,7.1665,7.664201,3.3773623,32.031548
1.0256001,1.4218798,2.2682905,0.3962797,38.638813
1.0852823,1.4430146,2.358438,0.3577323,32.962143
0.1538865,0.609802,1.6712894,0.4559155,296.2674
0.89159256,2.1551511,2.9602764,1.2635586,141.71928
0.6116221,1.1143429,1.9821602,0.50272083,82.19468
0.62270296,1.1100676,2.236383,0.48736465,78.26599
0.8847775,0.9726082,1.945501,0.08783072,9.926871
0.6637919,1.7993913,2.61765,1.1355994,171.07762
0.63471323,1.423691,2.2687662,0.7889778,124.30461
0.61274594,1.0653107,2.1887147,0.45256478,73.85847
0.4303507,0.9930042,2.0399642,0.56265354,130.74303
0.3813872,0.5016552,1.4370193,0.12026802,31.53436
0.31841758,0.65919733,1.5604506,0.34077975,107.02291
3.1889474,3.3019514,4.049889,0.11300397,3.5436134
0.9459386,0.79760754,1.683098,0.14833105,15.680833
1.1275061,1.0438905,1.9311142,0.08361566,7.415983
0.30260095,1.8886352,2.775312,1.5860342,524.1339
1.5055473,1.1742096,2.2992315,0.3313377,22.007792
1.233357,1.16172,2.0277312,0.071636915,5.808287
0.64309746,0.59328926,1.5032111,0.049808204,7.745048
23.617147,11.474983,11.672304,12.142164,51.412495
1.2425035,0.9094372,1.8217176,0.33306634,26.806067
0.7346378,1.0495965,2.0370672,0.31495875,42.872658
0.88982475,1.2349968,2.2027104,0.34517205,38.791016
9.179017,2.635055,3.4084916,6.543962,71.29262
0.39019352,1.263557,2.398603,0.87336344,223.82828
0.91110843,1.1656702,2.0289636,0.25456172,27.939785
12.282007,5.732451,6.3820095,6.5495563,53.32643
0.69723165,1.156292,2.018171,0.4590603,65.84043
0.6381925,0.8048569,1.695599,0.16666442,26.115072
0.40141293,0.42920095,1.4336501,0.027788013,6.9225507
0.4301255,0.02361474,0.9636213,0.40651077,94.5098
1.451669,1.3260279,2.1882555,0.12564111,8.654942
0.29442236,0.75910854,1.6498939,0.4646862,157.82979
0.98808384,0.603675,1.5294853,0.38440883,38.904476
0.3083009,0.3086171,1.2417511,0.00031617284,0.10255332
24.738997,4.76174,5.4336214,19.977257,80.75209
1.6535842,2.741469,3.5102596,1.0878847,65.78949
1.0157475,0.84018445,1.8092817,0.1755631,17.284126
0.8527453,0.8260654,1.7625635,0.026679873,3.1287036
0.842206,0.6300746,1.5643877,0.21213138,25.18759
0.53907466,1.0284376,2.148609,0.48936296,90.77833
0.20061862,0.27802664,1.2607318,0.077408016,38.584663
0.9869312,0.8960538,1.7817861,0.090877414,9.20808
0.18927605,9.294354,9.639134,9.105079,4810.4756
5.2738423,4.3814,5.2000475,0.8924422,16.92205
1.4483802,1.7795689,2.6045628,0.33118868,22.86614
2.1533124,1.9805627,2.800063,0.17274976,8.0225115
11.609526,14.109496,14.432566,2.4999704,21.533787
9.589293,12.283556,12.497879,2.6942635,28.09658
0.97452664,1.0229611,1.9061956,0.048434496,4.9700537
6.8341937,4.807701,5.9441633,2.0264926,29.652256
0.76192385,1.0805714,1.9743938,0.31864756,41.821445
0.3844844,0.43474373,1.3844421,0.050259322,13.071876
0.9725322,1.9862003,2.8277576,1.0136681,104.22977
1.1674918,0.9493022,1.96621,0.2181896,18.688747
0.94432735,0.94122934,1.8377225,0.003098011,0.32806537
0.698816,1.5001469,2.3437626,0.80133086,114.66979
0.8172693,0.76007795,1.6507329,0.057191372,6.997861
0.77211124,0.9129994,1.8822389,0.14088815,18.247131
0.34125042,1.1258144,2.090654,0.784564,229.9086
1.5369959,1.426641,2.4081156,0.1103549,7.1799088
0.6654164,1.2324576,2.262786,0.5670412,85.215996
0.91580814,0.78330636,1.6797752,0.13250178,14.46829
0.42836392,1.5053,2.3482907,1.0769361,251.40681
0.5952255,1.1114383,1.9780848,0.51621276,86.72558
9.678691,7.594343,8.062966,2.0843477,21.535429
0.9396038,1.1602547,2.1290278,0.22065091,23.483398
0.75020003,1.0903275,2.1977065,0.34012747,45.338238
0.5836133,0.6521754,1.713572,0.06856215,11.747873
0.45693055,1.9667697,2.7772684,1.5098392,330.4308
0.3522536,1.7984061,2.6836083,1.4461526,410.54303
0.4033598,1.9097865,2.7340188,1.5064267,373.46973
1.1495801,1.1264877,2.253807,0.02309239,2.0087674
0.4788864,0.9090258,1.7875779,0.4301394,89.820755
3.3580885,3.5734997,4.4465218,0.21541119,6.4146967
1.7938079,2.052629,2.9166517,0.25882113,14.428587
0.9018003,0.72733617,1.6840926,0.1744641,19.346203
0.5408199,0.36262938,1.2809342,0.1781905,32.948215
0.9061757,1.1286714,2.2560105,0.22249573,24.553267
1.8262045,1.6927602,2.6986845,0.13344431,7.307194
1.276516,1.1613712,2.0228343,0.11514473,9.020234
16.066093,27.908384,27.093748,11.842291,73.70984
13.346681,1.2239237,2.2696218,12.122757,90.82975
11.92433,10.265593,10.591119,1.6587372,13.910527
6.2320795,4.9890795,5.6363306,1.243,19.945189
0.71377975,1.116672,2.0227356,0.4028923,56.444904
4.4614387,4.5997334,5.365949,0.1382947,3.0997782
0.3688542,1.5600529,2.3945494,1.1911987,322.94568
0.5968307,0.88366187,1.7948577,0.28683114,48.059044
10.077663,10.04531,10.355667,0.0323534,0.3210407
0.13245629,4.3187,4.981514,4.1862435,3160.4717
0.37008694,1.0837696,1.9530925,0.71368265,192.84189
14.519401,15.295301,15.262917,0.77590084,5.3438907
20.23153,20.489506,20.405937,0.25797653,1.2751212
1.5413163,1.275049,2.1428292,0.2662673,17.275318
1.243688,1.117445,2.1666927,0.126243,10.150697
0.46695638,1.6076603,2.5227053,1.1407039,244.2849
1.0751474,1.0259149,2.102088,0.049232483,4.579138
0.8966083,1.0453923,1.9671327,0.14878398,16.59409
0.17680787,1.4104624,2.2563226,1.2336545,697.7373
1.0070102,0.943962,1.827398,0.06304824,6.260934
0.6262614,0.70201385,1.6801392,0.07575244,12.095978
2.4107087,1.1842663,2.314794,1.2264423,50.874763
0.8927599,1.2153144,2.0844047,0.32255447,36.130035
0.80282634,0.4130724,1.3287485,0.38975394,48.54773
0.47045675,0.0,0.9075515,0.47045675,100.0
0.82684535,1.1905868,2.2039,0.36374146,43.991474
0.7257002,0.5024525,1.4500877,0.2232477,30.763075
1.3502929,0.9092436,1.9602417,0.44104934,32.663235
23.246151,11.629297,11.8443575,11.616854,49.973236
1.7405493,1.5520983,2.5141916,0.18845105,10.827102
2.978189,2.7264016,3.4905229,0.25178742,8.45438
1.6118813,1.3630314,2.334288,0.24884987,15.438474
0.2736329,0.8386104,1.7466065,0.5649775,206.4728
0.57682574,0.9453409,1.8514144,0.36851513,63.886734
1.0378686,2.102567,2.910434,1.0646983,102.585075
1.2449592,1.2754853,2.1307406,0.030526042,2.4519713
0.36460608,3.1570272,3.9015446,2.792421,765.8734
5.6707225,7.3927317,7.871024,1.7220092,30.366661
0.72826445,0.8098755,1.8646462,0.08161104,11.206237
16.26929,24.134304,23.542442,7.865013,48.342693
17.670534,11.177673,11.493822,6.492861,36.744
0.9236778,0.83643866,1.7749689,0.087239146,9.44476
0.9239501,0.89361775,1.8252404,0.030332327,3.2828968
0.7537211,1.3006577,2.403969,0.54693663,72.56486
0.83478624,1.6594849,2.4923553,0.8246986,98.791595
0.36541864,0.5125241,1.4221123,0.14710549,40.2567
17.669508,30.223646,29.312445,12.554138,71.049736
0.1177643,0.25379995,1.2319932,0.13603565,115.51518
1.0288361,1.3240554,2.1784918,0.2952193,28.694492
0.87785727,0.82846224,1.9075927,0.049395025,5.626772
1.1845089,0.9909415,1.89222,0.1935674,16.341574
10.536838,11.433827,11.748166,0.8969898,8.512894
23.79904,28.31724,27.518158,4.5182,18.9848
0.20952544,1.4882712,2.3293474,1.2787458,610.3058
9.254255,5.8048863,6.3862495,3.449369,37.273327
0.33004192,3.6977901,4.797609,3.3677483,1020.4002
3.595959,3.8733578,4.653793,0.27739882,7.7141824
2.1372495,1.0693722,2.1929965,1.0678773,49.965027
1.146536,0.9483353,1.8467913,0.1982007,17.286915
0.2897765,2.5112808,3.2969434,2.2215042,766.6268
0.30354056,0.81618595,1.9161673,0.51264536,168.8886
0.37370193,3.2490516,4.3721824,2.8753495,769.4232
0.48530132,2.6471946,3.64334,2.1618934,445.47443
1.1063609,0.7014401,1.6235377,0.40492082,36.599342
0.74132645,1.1604729,2.0207822,0.41914642,56.540062
5.6681805,3.2548227,3.978882,2.4133577,42.57729
0.52075136,0.902702,1.8810674,0.38195062,73.34606
4.1436443,3.2218757,4.355081,0.92176867,22.245361
0.7949447,1.1369739,2.2620409,0.34202915,43.025528
14.869952,18.20838,18.292084,3.3384275,22.450829
7.3087163,2.842994,3.6427603,4.465722,61.10132
1.2031795,0.97379243,1.8541698,0.22938704,19.065073
14.981654,5.2114587,5.823583,9.770195,65.21439
0.59841573,0.7411845,1.6432967,0.14276874,23.857786
1.2846305,1.3871722,2.3262389,0.102541685,7.9821925
1.7473474,1.3787532,2.3698492,0.36859417,21.0945
1.4667817,1.8124211,2.7359672,0.34563935,23.56447
1.5258731,1.1248739,2.251992,0.4009992,26.279984
1.2646585,1.2510383,2.270081,0.013620138,1.0769815
8.755323,9.4747095,10.046335,0.7193861,8.216557
0.7551567,1.028049,1.9905552,0.2728923,36.137177
0.62837744,0.57554245,1.6530306,0.052834988,8.408161
0.25025645,0.15055758,1.0774567,0.09969887,39.83868
12.053217,7.770891,8.226761,4.2823257,35.52849
0.17516759,0.7032089,1.7962605,0.52804136,301.44925
0.78100157,0.5779666,1.4785714,0.203035,25.996746
0.6968032,1.2601848,2.1156619,0.56338155,80.85232
1.1344907,1.3318899,2.2530117,0.19739914,17.399801
1.3976262,1.0570455,2.125937,0.3405807,24.368513
24.560795,2.5744147,3.3968842,21.98638,89.51819
1.3339134,1.1157608,1.9864125,0.21815264,16.354332
0.7970267,1.1356213,2.01278,0.33859462,42.48222
1.555163,1.143949,2.272327,0.411214,26.441858
11.826663,10.651952,11.091137,1.1747112,9.932736
0.74962586,1.1410065,2.0291998,0.3913806,52.21013
0.58214074,1.1170003,2.0093827,0.5348596,91.87805
0.8740678,0.69495,1.5901399,0.1791178,20.492437
10.799631,18.04312,17.951075,7.2434883,67.071625
0.94415826,0.99474096,1.872088,0.050582707,5.357439
7.8427253,4.809174,5.487301,3.0335512,38.67981
0.7664152,0.7388669,1.7172644,0.027548254,3.5944295
1.3968233,1.3301759,2.301027,0.06664741,4.771356
0.71528167,0.823632,1.7383311,0.10835034,15.147925
1.2699233,1.2464476,2.30188,0.023475766,1.8485972
0.49627486,0.5073111,1.5505173,0.011036247,2.2238176
0.5306957,0.8747864,1.928323,0.3440907,64.83767
0.9070615,0.7745446,1.7146401,0.13251692,14.609474
1.2737578,1.3169789,2.2344372,0.043221116,3.3931973
1.0339048,1.1879201,2.0847466,0.1540153,14.896468
0.792285,0.7783669,1.720586,0.013918102,1.7567039
0.8628255,0.7112229,1.647691,0.15160263,17.570486
0.9024139,1.2478609,2.1046863,0.345447,38.280327
20.266428,7.572379,8.077988,12.694049,62.63585
17.903568,24.058464,23.807404,6.154896,34.37804
0.61655647,0.84013283,1.8309767,0.22357637,36.262108
12.834354,6.0440297,6.5841355,6.7903247,52.907413
0.32809368,0.6325892,1.6112825,0.30449554,92.8075
15.325009,11.946921,12.109193,3.378088,22.042976
12.002235,6.3358326,6.896592,5.666403,47.211227
13.249349,13.619094,13.747281,0.36974525,2.7906673
0.9150798,1.0383368,2.151628,0.12325698,13.469534
0.30810866,1.1895392,2.0510967,0.8814305,286.07782
0.42135444,1.5425789,2.3809376,1.1212245,266.10007
0.65416205,4.4807024,5.1239767,3.8265405,584.953
0.66973233,1.6919634,2.7057312,1.0222311,152.63278
1.257104,1.1675973,2.159007,0.089506745,7.1200743
0.96998507,1.1757922,2.2312849,0.20580715,21.217558
1.3578243,2.7229712,3.4873242,1.3651469,100.53929
1.0026292,1.3737898,2.3605185,0.37116063,37.018734
0.5297479,1.1282654,2.2421677,0.5985175,112.98157
3.622848,4.0843806,5.0937495,0.4615326,12.739496
0.37540412,0.11192407,1.049789,0.26348007,70.185715
10.746294,7.131439,7.612776,3.6148548,33.638153
0.31168398,3.4690022,4.188213,3.1573184,1012.98706
0.32529268,0.44290453,1.3545809,0.117611855,36.155704
0.9438372,0.9152813,1.9924104,0.02855593,3.0255141
0.6960584,1.0443573,1.9116702,0.3482989,50.03875
1.6475217,1.3649585,2.2553458,0.2825632,17.150803
0.3422069,1.1342695,2.0132973,0.7920626,231.45723
3.8652859,1.8151891,2.7945118,2.0500968,53.038685
0.8148016,0.8225682,1.8720567,0.0077666044,0.9531897
0.83711654,3.9657273,4.6917143,3.1286108,373.7366
0.8991748,1.4472814,2.292244,0.54810655,60.956615
0.49671653,0.32464156,1.2733816,0.17207497,34.64249
1.1137619,1.0267401,1.9289163,0.08702183,7.813324
0.38265756,0.28575248,1.2257259,0.09690508,25.32423
1.0804366,1.6274486,2.4644015,0.547012,50.62879
1.3186873,1.0655382,1.9987707,0.25314915,19.197056
0.76489437,0.6774688,1.5691416,0.08742559,11.429761
3.6402445,1.9049537,2.7216902,1.7352908,47.669624
0.6206063,0.973701,1.9574822,0.3530947,56.895123
0.919266,0.8504174,1.7388068,0.06884861,7.48952
0.7959969,0.83642817,1.7190559,0.04043126,5.079324
0.5866302,5.1538672,5.755912,4.567237,778.5547
17.30151,24.852236,24.233097,7.550726,43.642006
18.541441,15.26218,15.220304,3.2792606,17.686115
0.7332819,0.94441307,1.9756026,0.21113116,28.792631
1.0441481,0.8510076,1.7347592,0.1931405,18.497425
0.61126757,0.89358807,1.8974082,0.2823205,46.186077
0.9723675,1.6500204,2.483172,0.67765284,69.69102
9.076415,7.330511,8.29124,1.745904,19.235611
0.7646885,1.0131018,2.092768,0.24841332,32.485558
1.4818561,1.3034956,2.164841,0.17836046,12.036287
1.2545822,1.1589706,2.286821,0.09561157,7.6209893
9.152485,4.9860816,5.6132154,4.1664033,45.5221
0.67454064,1.3946435,2.2449849,0.7201029,106.75456
19.965458,9.240063,9.597408,10.725395,53.719757
0.5509053,2.2213151,3.0358443,1.6704099,303.2118
14.082761,5.4967055,6.2149916,8.586056,60.968555
1.6790457,1.389329,2.4580011,0.28971672,17.254845
2.0079436,2.485873,3.2677517,0.47792935,23.80193
0.41600367,0.3228989,1.2581961,0.09310478,22.38076
0.68003273,0.8108647,1.7237643,0.13083196,19.239067
0.6275992,0.4333836,1.365235,0.19421557,30.945797
0.28726846,0.48937118,1.4016058,0.20210272,70.35326
6.270236,8.774002,9.17406,2.503766,39.93097
0.96544015,0.9922104,1.9852189,0.026770234,2.7728527
2.7241948,2.715804,3.6249216,0.008390665,0.30800533
20.402708,17.724756,17.536623,2.6779518,13.125472
1.6278619,2.2300954,3.0253081,0.6022335,36.995373
0.8305798,1.1405923,2.26878,0.31001252,37.32483
0.9028486,0.80356467,1.8290223,0.09928393,10.996742
0.84642345,1.6560812,2.7089458,0.80965775,95.65635
4.218379,1.628916,2.6977563,2.589463,61.385258
4.829894,4.034418,4.723053,0.79547596,16.469843
3.2400706,4.2222633,4.9329453,0.98219275,30.31393
0.6161184,1.6339343,2.5201933,1.0178158,165.1981
0.2966776,1.086158,1.9565032,0.78948045,266.1072
0.54421335,1.9542964,2.7728384,1.410083,259.10483
0.83583844,1.0499098,1.9964702,0.2140714,25.611574
0.7876423,2.1110008,2.9147794,1.3233585,168.01515
0.8970189,0.71876335,1.6561937,0.17825556,19.871996
0.6740111,0.9396864,1.8168725,0.2656753,39.417053
0.39687216,0.705305,1.6532143,0.30843282,77.71591
15.217876,3.6600027,4.3651237,11.557874,75.94932
2.6582441,4.6413627,5.296728,1.9831185,74.60258
2.635638,3.7549605,4.455238,1.1193225,42.46875
1.2184489,1.0429602,2.1621602,0.17548871,14.402632
0.8966436,0.91779983,1.8575503,0.021156251,2.359494
0.8221319,0.9758116,1.9251212,0.15367973,18.692833
1.4922222,1.3216305,2.1862152,0.17059171,11.432058
6.4080095,4.1761637,4.8978667,2.2318459,34.829002
11.159248,12.31248,12.7775135,1.1532316,10.334313
1.140421,1.2388883,2.3102682,0.09846723,8.634288
0.61942476,2.5761793,3.3765268,1.9567544,315.89865
0.32134527,1.4275763,2.2678869,1.106231,344.24997
1.6481663,1.1276457,2.2542279,0.52052057,31.581799
21.64442,43.694725,41.859478,22.050304,101.87524
0.4386128,0.46978164,1.4370813,0.031168848,7.106233
0.9773815,1.2688577,2.2309513,0.2914762,29.822151
2.0471234,2.3758857,3.430492,0.3287623,16.05972
0.5649077,1.0988188,2.0820131,0.53391105,94.51297
0.50371,0.50148857,1.447694,0.0022214055,0.44100884
0.93338513,1.6732934,2.5030005,0.7399082,79.271484
8.491487,8.379606,8.810594,0.1118803,1.3175585
0.55063283,2.270745,3.2954166,1.7201122,312.3882
0.5161584,0.49679628,1.4179411,0.019362122,3.7511976
0.41369742,1.6329238,2.466083,1.2192264,294.7145
1.2910202,1.0847864,1.9572526,0.20623374,15.97448
0.43110958,0.87664986,1.8992103,0.44554028,103.347336
0.90549463,0.81876147,1.7091082,0.08673316,9.57854
1.1307073,0.9376174,1.8172625,0.19308984,17.076908
4.1472826,6.4813056,7.08692,2.334023,56.27837
0.6937027,0.7228321,1.6917918,0.029129386,4.1991167
0.889189,1.1428146,2.2707984,0.25362563,28.523254
0.23899359,0.55716515,1.46083,0.31817156,133.12975
29.54854,10.222312,10.546626,19.32623,65.40502
0.7719488,1.3541203,2.2119994,0.58217144,75.41581
12.459172,13.8019,14.16412,1.3427277,10.777021
17.722261,19.673796,19.64681,1.9515343,11.011767
23.150652,16.03494,15.945391,7.115711,30.736547
0.5785471,1.1406446,2.2688353,0.56209743,97.15672
0.38106963,0.29514036,1.2242366,0.085929275,22.549496
1.8481691,1.839746,2.6593525,0.00842309,0.4557532
0.98367876,1.5858185,2.6046345,0.6021398,61.21305
1.1704096,0.74656403,1.6484936,0.42384553,36.213436
1.062781,1.5276537,2.3662298,0.46487272,43.741158
18.12561,5.0807285,5.7089324,13.044882,71.96934
0.7170566,0.89930844,1.7822343,0.18225187,25.416666
5.6708274,1.1897144,2.320792,4.481113,79.02045
0.8915135,1.1188197,1.9822297,0.22730619,25.496662
0.9352595,1.3530958,2.261037,0.41783625,44.675972
1.2741593,1.0648472,2.1846292,0.20931208,16.427465
0.43390268,0.40700266,1.3886708,0.026900023,6.1995525
0.44357473,2.300368,3.093943,1.8567934,418.59766
3.4117475,2.7935076,3.6034904,0.6182399,18.120916
0.6456525,1.0933924,2.0222194,0.4477399,69.346886
0.8630861,0.5969013,1.5112662,0.2661848,30.84105
0.7588893,0.3414788,1.256428,0.41741052,55.00282
0.8129988,1.0933719,2.0324798,0.2803731,34.486286
0.8270308,1.0959873,2.1787097,0.26895654,32.52074
0.6484513,0.50384104,1.4120114,0.14461029,22.30087
1.0849227,0.8966402,1.9759736,0.18828249,17.354462
21.299873,47.27425,45.280632,25.974377,121.94616
15.636519,10.166874,10.497814,5.4696455,34.979942
0.3581177,0.7267442,1.7145399,0.36862648,102.93445
0.6175932,1.57129,2.610786,0.9536968,154.42151
9.674428,6.0134115,6.587324,3.6610165,37.8422
0.6342472,0.81094885,1.6952263,0.17670166,27.860062
0.63804346,0.6319579,1.5810566,0.0060855746,0.95378685
0.66930515,0.9974421,1.8721336,0.32813698,49.026512
25.859877,14.17208,14.322985,11.687797,45.196644
14.376488,18.104292,17.958881,3.7278042,25.929869
20.442627,11.957745,12.187395,8.484882,41.505833
25.57056,4.185749,4.8852925,21.384811,83.63059
0.8551617,0.69835913,1.599461,0.1568026,18.336018
22.413614,3.3968368,4.204276,19.016777,84.84476
1.3163877,1.5060227,2.4886165,0.18963504,14.405715
0.24504681,0.94365966,1.8281878,0.69861287,285.09366
20.257,6.272051,6.8175707,13.984949,69.03761
1.4006095,1.3481493,2.2071702,0.052460194,3.745526
0.9022822,0.9780507,1.8552665,0.07576853,8.397431
0.98953104,1.6755726,2.5767932,0.6860416,69.32997
0.67318183,0.9132892,1.8638172,0.24010736,35.667534
6.464193,4.0444336,5.14145,2.4197593,37.433277
9.320161,10.388098,10.887251,1.0679369,11.458352
14.774901,14.371998,14.427689,0.40290356,2.7269459
8.472225,4.1440783,4.8249135,4.328147,51.086308
2.234928,2.1676323,3.0497062,0.06729555,3.0110838
23.289349,18.512928,18.304867,4.7764206,20.509035
1.0733056,1.7685673,2.6494658,0.6952617,64.77761
1.1818984,2.028431,2.8317542,0.8465326,71.624825
0.8288625,1.0672145,2.1744416,0.238352,28.756517
22.415789,6.2437277,6.7813053,16.172062,72.14585
0.8813172,0.8251221,1.7115517,0.05619508,6.3762603
0.786331,1.0385973,2.0374186,0.25226635,32.081444
0.45104516,2.906227,3.6696424,2.455182,544.3318
0.24803829,0.41011763,1.3419098,0.16207933,65.34448
0.7905128,1.0533769,2.0636091,0.2628641,33.252354
0.71641064,0.5074638,1.4950826,0.20894682,29.16579
0.50214165,3.1649656,3.9173298,2.662824,530.29333
0.91385514,1.4776053,2.3195417,0.5637502,61.689228
0.8962837,2.023962,3.0252929,1.1276784,125.81712
0.872996,1.1962206,2.1766384,0.32322466,37.02476
5.7528763,3.8022428,4.4994183,1.9506335,33.9071
0.70093447,1.2732058,2.1259997,0.5722713,81.64405
0.25072572,0.46408057,1.3993396,0.21335486,85.094925
0.92822146,1.1911936,2.1463404,0.26297212,28.330751
1.307652,0.97941685,1.9105229,0.32823515,25.10111
25.89332,3.178092,3.9302416,22.715229,87.72621
0.9870592,0.80091953,1.8901527,0.18613964,18.858002
1.8758336,1.7985592,2.8889778,0.07727444,4.119472
14.856141,17.93626,17.983845,3.0801191,20.732967
12.658433,5.9715266,6.5851,6.6869063,52.825703
1.0234771,0.93566394,1.8189718,0.08781314,8.579884
1.2871559,1.764322,2.5867577,0.47716618,37.071358
14.263108,8.30943,8.717035,5.953678,41.7418
0.920054,1.5341339,2.3694777,0.6140799,66.7439
1.1983083,1.4055474,2.4166903,0.20723903,17.2943
11.54355,8.440264,8.871376,3.1032858,26.88329
1.0730714,1.0367656,1.9440308,0.036305785,3.3833523
0.7168963,0.65239596,1.6604567,0.06450033,8.997164
0.4083869,0.5817611,1.5837953,0.17337424,42.453426
0.722315,0.7235689,1.6134564,0.0012539029,0.17359503
0.47693557,0.69534504,1.7269899,0.21840948,45.79434
0.58498764,1.1111407,2.2374804,0.5261531,89.942604
19.97338,8.392091,8.804163,11.581288,57.98362
0.85816914,0.67036486,1.5715399,0.18780428,21.884296
16.756886,5.1029344,5.717863,11.653952,69.54724
0.8769684,1.3543429,2.2381895,0.47737455,54.43464
1.2900565,1.0102804,2.115614,0.2797761,21.68712
0.90458155,3.441152,4.166177,2.5365705,280.4137
0.8068013,0.7019328,1.640541,0.10486853,12.998061
6.7484503,3.8269057,4.5790977,2.9215446,43.29208
0.6633934,0.7015829,1.6751096,0.03818953,5.7566943
1.8440498,1.7530937,2.5928512,0.09095609,4.93241
19.452309,3.276576,4.0347724,16.175732,83.155846
24.725368,11.881314,12.081238,12.844054,51.946865
20.140244,2.385928,3.1688478,17.754316,88.153435
0.4721054,1.1378236,2.265843,0.6657182,141.01051
1.1093425,1.1222839,2.2485485,0.01294148,1.1665901
17.016129,7.5703573,8.010409,9.445771,55.510696
0.57360435,0.8355247,1.8711728,0.26192033,45.662197
0.88313705,0.84639764,1.7338268,0.03673941,4.160103
1.4987042,1.4785779,2.341303,0.020126343,1.3429163
1.5629035,1.1462035,2.2733936,0.4167,26.661915
0.89150417,0.87465835,1.9651616,0.016845822,1.8895955
0.26309046,0.451646,1.3640237,0.18855554,71.66947
14.58942,16.064985,16.166399,1.475565,10.113937
12.874581,5.7421546,6.82387,7.1324267,55.399292
1.3948021,1.1082175,2.073431,0.28658462,20.546616
0.75644094,0.58402956,1.4935455,0.17241138,22.792444
17.306973,8.820837,9.1925,8.4861355,49.033043
15.737468,12.591847,12.726738,3.1456203,19.988098
0.60925275,0.95984435,2.070931,0.3505916,57.54452
0.9603368,0.9349364,2.0187414,0.0254004,2.644947
0.9083092,1.2974083,2.326648,0.38909912,42.837738
1.1339177,1.1688597,2.1741428,0.03494203,3.0815315
0.1586711,0.52356124,1.4383368,0.36489016,229.96638
0.75591695,0.58310044,1.4832951,0.17281651,22.861837
12.813496,11.220277,12.069329,1.5932188,12.433912
1.5093871,1.3571248,2.2063103,0.15226233,10.087692
24.085945,5.691507,6.291424,18.394438,76.37
1.0961775,1.2216973,2.0792317,0.12551987,11.450688
0.7637392,1.1673412,2.112101,0.403602,52.845524
1.1008297,1.1615555,2.1033595,0.06072581,5.516367
0.54940724,0.8571892,1.9482176,0.30778193,56.02073
0.21678743,0.8247442,1.708482,0.60795677,280.43912
1.5639738,1.3862088,2.335509,0.17776501,11.36624
0.6191461,2.6357887,3.4306288,2.0166426,325.71353
2.317033,1.5664601,2.4010246,0.7505729,32.393707
0.5037298,1.0724354,1.9379348,0.56870556,112.898926
0.49950802,0.9161371,1.9822904,0.41662908,83.40788
1.499516,1.2194006,2.288124,0.28011537,18.680384
0.92758065,0.77482474,1.6630988,0.15275592,16.468208
0.22702797,0.63782406,1.7045765,0.4107961,180.94514
1.5292984,1.2467945,2.1131647,0.28250396,18.472782
0.92390984,0.6134547,1.5117491,0.31045514,33.60232
0.8815377,1.1199436,2.1504748,0.23840594,27.044329
0.40659574,1.4712787,2.3133304,1.064683,261.85294
0.38247326,2.1221716,2.9995475,1.7396984,454.85492
2.740731,2.6526365,3.7171204,0.08809447,3.2142692
0.6936069,0.5388169,1.4779071,0.15478998,22.316671
0.888189,1.0595808,2.1825159,0.17139179,19.29677
0.8752667,1.8225617,2.639111,0.94729507,108.22931
0.7972374,0.61744833,1.5335367,0.17978907,22.55151
2.4065182,2.321045,3.109596,0.0854733,3.5517411
0.59525985,0.74454784,1.6989155,0.149288,25.079468
0.94772726,1.009767,1.8801471,0.062039793,6.5461655
1.7567977,2.591923,3.3657799,0.8351253,47.536797
0.9347133,1.0463581,1.9140347,0.111644804,11.944283
1.3390528,1.3740504,2.4535792,0.034997582,2.6136074
23.768612,3.1049862,3.8448615,20.663626,86.93661
1.2297748,1.1110303,2.0909526,0.11874449,9.655791
0.69205683,0.58967197,1.5635308,0.102384865,14.794286
0.8056836,0.88969755,1.9068049,0.08401394,10.427659
0.86770344,0.66702926,1.5600399,0.20067418,23.127047
0.7039272,0.6269828,1.6536711,0.07694441,10.930734
1.0347685,1.1440544,2.2329366,0.10928595,10.561391
0.9513804,1.0117638,2.0927265,0.06038344,6.346929
11.509539,8.961347,9.515644,2.548192,22.139828
0.8314392,3.3456178,4.059242,2.5141785,302.38873
0.16652825,1.1611526,2.023699,0.9946244,597.2706
4.027192,3.07201,3.8657649,0.9551821,23.718313
0.4300141,0.18761468,1.1678774,0.24239942,56.37011
13.907484,9.570121,9.979833,4.3373632,31.18726
22.301474,22.070848,21.601194,0.23062515,1.0341252
0.36694452,1.4746048,2.527531,1.1076603,301.8604
0.6973716,0.7691549,1.6581138,0.071783304,10.293408
5.0498376,4.067961,4.7982335,0.9818764,19.443722
0.44574824,2.2853966,3.3801837,1.8396484,412.7102
1.7861158,1.4899576,2.4329257,0.2961582,16.581131
0.61195683,0.5721804,1.5217285,0.039776444,6.4998775
5.038689,4.5043416,5.2995415,0.53434753,10.604892
0.72406983,1.1368816,2.264846,0.41281176,57.012695
0.17052303,0.0,0.9023112,0.17052303,100.0
0.37451005,1.8915794,2.714055,1.5170693,405.0811
1.2264422,1.0669751,2.152851,0.1594671,13.002415
7.050418,2.0073903,2.8137395,5.043028,71.52807
26.292793,11.33102,11.566916,14.961773,56.90446
0.4526831,0.31832194,1.2385335,0.13436115,29.681063
0.96661365,0.93301344,1.9502686,0.03360021,3.4760745
1.3335952,1.1902881,2.138885,0.14330709,10.745922
0.9053843,0.8526647,1.7965161,0.052719593,5.822897
0.25886586,1.2820942,2.1676853,1.0232284,395.2736
16.754538,23.751791,23.193657,6.9972534,41.763332
0.74917054,1.2925696,2.1419203,0.5433991,72.53343
0.30939767,0.2601508,1.1807177,0.049246877,15.917017
0.89619064,1.3951449,2.244524,0.4989543,55.67502
1.2287433,1.0670612,2.186932,0.16168213,13.158332
0.7175014,0.63265085,1.6815124,0.08485055,11.825837
23.961338,13.076667,13.21688,10.884671,45.425976
0.36506116,1.2539775,2.1090622,0.8889164,243.49794
0.37898716,0.1331546,1.0625141,0.24583256,64.86567
23.725468,47.208622,45.17351,23.483154,98.978676
8.343769,10.785113,11.065853,2.4413443,29.259491
0.339148,1.8847375,2.9985642,1.5455894,455.7271
0.288454,1.6053662,2.7139654,1.3169122,456.5415
18.77964,8.190422,8.613599,10.589218,56.386696
1.8584865,1.6228697,2.6071057,0.2356168,12.677886
0.2551498,0.82414925,1.7112697,0.5689994,223.00601
0.6193536,0.59990907,1.6677698,0.019444525,3.139487
1.269238,1.0796065,1.9792372,0.18963146,14.940576
0.51554096,0.5901928,1.5718416,0.07465184,14.480292
1.2133636,1.1872935,2.1410058,0.026070118,2.1485825
0.6252394,0.781724,1.8245223,0.1564846,25.02795
0.6323682,0.5376928,1.4561731,0.09467542,14.971566
0.45009536,0.5482954,1.6031554,0.09820002,21.817604
2.528361,1.8318219,2.8322814,0.69653916,27.549038
0.7567796,0.694473,1.7424226,0.062306583,8.233122
1.0210665,1.2036273,2.1665986,0.1825608,17.879423
1.6995941,1.5414944,2.6001422,0.15809977,9.302207
0.6508919,1.1565335,2.2855783,0.5056416,77.68442
18.164745,11.023446,11.253923,7.1412992,39.314064
2.966127,4.1854644,4.866292,1.2193375,41.10874
16.915964,13.487718,13.865091,3.4282465,20.266338
0.46703422,5.5629015,6.19396,5.095867,1091.1122
0.88357997,1.2671218,2.163875,0.38354182,43.40771
0.959148,0.8926705,1.7823911,0.06647748,6.9308887
0.4790916,0.72347414,1.8007118,0.24438253,51.009563
6.6663313,2.38691,3.5655344,4.2794213,64.19455
0.43014485,0.12373166,1.051667,0.30641317,71.23488
0.3899741,0.8093965,1.7449348,0.41942242,107.55135
0.8004445,0.8737042,1.7587724,0.07325971,9.152379
0.9114633,0.8581518,1.7443768,0.053311527,5.8490043
0.5925368,2.016952,3.0430245,1.4244152,240.39272
5.9176893,2.2311976,3.2515318,3.6864917,62.296135
1.3410722,1.3098519,2.377485,0.031220317,2.3280118
4.2045426,1.0276394,2.142778,3.1769032,75.55883
1.0966418,1.1078596,1.9751211,0.011217833,1.0229259
1.0226475,1.17255,2.2006004,0.14990246,14.658273
16.40985,10.429367,10.725932,5.980482,36.44447
0.6840167,0.28330442,1.2033988,0.40071228,58.582237
0.41786066,0.2603739,1.1993612,0.15748677,37.688824
0.85435116,0.6773492,1.6111462,0.17700195,20.717705
1.0496587,0.9084481,1.7894229,0.14121056,13.452998
0.98133355,1.567992,2.4162588,0.5866584,59.781754
0.66440517,1.0087953,1.9337838,0.3443901,51.83435
3.463299,2.3709953,3.3775172,1.0923038,31.5394
7.545443,8.570939,9.137457,1.025496,13.590931
0.7218543,1.2332368,2.116757,0.51138246,70.84289
0.93616587,0.782833,1.727448,0.15333289,16.378817
6.9825597,2.1667027,3.2782156,4.815857,68.969795
0.17300178,2.020401,2.851059,1.8473992,1067.8499
11.043691,0.946252,2.018753,10.097439,91.43175
0.8592758,1.0737331,2.197157,0.21445727,24.95791
26.132435,8.827939,9.212802,17.304497,66.21847
14.210318,6.4531746,6.972884,7.757143,54.588104
1.1800458,1.0476623,2.1352134,0.13238358,11.218512
12.9532175,6.547225,7.0686746,6.4059925,49.454834
0.5606796,0.6272172,1.5696092,0.06653756,11.867305
1.2249414,1.2894666,2.2546706,0.06452525,5.267619
1.4062414,1.1406446,2.2688353,0.26559687,18.887003
0.5203602,0.95664907,2.0566862,0.4362889,83.84364
1.0927047,0.7940675,1.6875057,0.29863715,27.33009
16.92912,9.346043,9.727368,7.5830765,44.793095
0.5415894,0.60003495,1.587925,0.058445573,10.7914915
0.811384,0.9724977,1.9082135,0.16111368,19.85665
8.848664,8.088506,8.552089,0.76015854,8.590658
3.5146763,2.219564,3.1951756,1.2951124,36.848694
0.96845865,1.4000556,2.3358643,0.431597,44.56535
1.0009351,1.6938977,2.8123755,0.69296265,69.23153
1.0952091,1.1895194,2.061048,0.09431028,8.611167
1.9662745,3.096377,3.8595123,1.1301024,57.474293
5.54182,6.556762,7.088191,1.0149422,18.31424
18.575386,22.042517,21.57783,3.4671307,18.665188
4.432693,2.416558,3.214693,2.016135,45.4833
26.383308,8.874772,9.303538,17.508537,66.362175
1.5969571,1.528292,2.4591527,0.06866515,4.299749
0.42043495,1.5683541,2.560131,1.1479192,273.03134
0.31670797,0.4176971,1.3373572,0.10098913,31.887146
5.376495,2.7319527,3.4931917,2.6445422,49.187107
0.59797716,0.7107401,1.6801786,0.11276293,18.857397
0.34433162,3.815795,4.6002727,3.4714632,1008.17444
0.4445499,0.0,0.8645333,0.4445499,100.0
0.75097924,1.0512865,2.1735168,0.3003072,39.98875
2.3114913,2.1891074,3.2079158,0.12238383,5.2945833
1.1415083,0.88278294,1.9525583,0.2587254,22.665222
0.8363866,1.0978224,2.0713756,0.2614358,31.25777
0.7340259,1.0085151,2.0662498,0.27448922,37.395035
0.5265644,1.7238021,2.5454412,1.1972377,227.36775
0.5802083,0.3598082,1.2785808,0.2204001,37.986374
0.38806266,0.38501215,1.3660505,0.003050506,0.78608596
20.301643,24.701256,24.521578,4.3996124,21.671213
1.035682,0.64551413,1.551809,0.39016783,37.672554
1.3756989,1.1926472,2.2888806,0.1830517,13.3060875
0.52798325,0.71035075,1.6041402,0.1823675,34.540394
0.9547432,1.0257206,2.1433067,0.07097739,7.4341865
7.022425,2.9596415,3.7097144,4.0627837,57.854427
2.2017734,2.7230213,3.48934,0.52124786,23.674002
1.2003947,1.4993129,2.3399496,0.29891813,24.901653
0.5876452,0.6817368,1.655072,0.094091654,16.011644
0.31751314,1.0828888,1.9516144,0.76537573,241.05325
0.9923476,2.817025,3.9690008,1.8246773,183.87482
1.1148467,0.8615881,1.7614022,0.2532586,22.716898
1.0463873,2.1419492,2.939816,1.0955619,104.699455
0.9618981,1.2859774,2.3239942,0.32407928,33.691643
27.0216,11.573779,11.819133,15.447822,57.168415
1.5853616,1.0936885,2.1781828,0.4916731,31.013311
7.501146,7.675721,8.314846,0.17457533,2.3273156
0.3480693,0.71235466,1.6556177,0.36428535,104.65885
