y_true,y_pred,y_std,abs_error,rel_error_%
9.992176,8.641751,9.0278425,1.3504248,13.514822
6.8516145,4.6076946,5.2428823,2.2439198,32.750237
41.635715,39.650024,37.94667,1.9856911,4.7692013
9.097072,6.6267276,7.143214,2.470344,27.155376
39.238155,40.297043,38.56001,1.0588875,2.698617
3.8314269,4.8823266,5.4968834,1.0508997,27.428417
28.529457,23.88714,23.36823,4.642317,16.272013
38.613213,38.342094,36.75904,0.27111816,0.7021383
10.131597,8.623219,9.1677685,1.508378,14.88786
36.765923,36.882156,35.379227,0.116233826,0.31614554
20.412897,15.915194,15.832712,4.4977036,22.033636
9.675321,9.147045,10.034449,0.5282755,5.460031
15.875248,12.2198925,12.349526,3.6553555,23.025501
42.469753,41.983234,40.1921,0.48651886,1.1455655
3.9234092,5.140828,5.7491426,1.2174189,31.029617
41.886868,42.287502,40.411194,0.40063477,0.9564687
5.320159,3.9340596,4.615527,1.3860993,26.053722
28.849482,30.46889,29.48782,1.6194077,5.613299
25.608797,36.934788,35.886116,11.325991,44.226955
4.8478656,5.876307,6.4452877,1.0284414,21.214315
48.99216,37.686035,36.40143,11.306126,23.077417
19.173351,14.042898,14.09178,5.130453,26.758247
37.642372,37.11647,35.579964,0.5259018,1.3971006
35.372566,31.089787,29.99062,4.2827797,12.107631
30.437775,30.692194,29.63625,0.25441933,0.83586705
37.73937,36.888256,35.35572,0.85111237,2.2552373
5.548533,6.142275,6.6977286,0.5937419,10.700881
43.04542,41.952183,40.15389,1.0932388,2.5397332
33.49669,31.289772,30.231052,2.2069168,6.5884624
44.35025,40.116028,38.533722,4.2342224,9.547235
43.00232,41.8658,40.121185,1.1365204,2.6429281
8.271277,9.141265,9.551752,0.8699875,10.518176
7.508695,5.677035,6.3574586,1.8316603,24.393856
8.790381,6.988663,7.4693456,1.8017182,20.496475
6.0919805,5.0804734,5.6888957,1.011507,16.60391
39.98744,23.644579,23.556246,16.34286,40.869984
10.887459,9.674955,10.097231,1.2125034,11.136698
6.1824236,5.686105,6.2671027,0.49631882,8.027901
10.989715,5.9047313,6.4878874,5.0849833,46.270386
12.742585,11.6348,11.888452,1.1077852,8.693567
17.693617,11.106765,11.454668,6.586852,37.227276
3.5229325,5.6053367,6.1732206,2.0824041,59.109966
39.31496,34.319862,32.988655,4.995098,12.705338
2.5711162,2.376234,3.1885517,0.19488215,7.5796714
27.618105,24.496632,23.991735,3.1214733,11.302272
5.8516293,7.0873766,7.550343,1.2357473,21.118006
43.82874,41.290466,39.500034,2.5382729,5.7913437
20.516796,18.288359,18.01815,2.2284374,10.861527
3.6593661,5.5494766,6.1167307,1.8901105,51.65131
4.7581162,7.909992,8.350319,3.151876,66.242096
12.606079,10.108942,10.380978,2.497137,19.808992
11.184996,7.740526,8.166922,3.4444695,30.795448
40.1181,40.893333,39.10354,0.7752342,1.9323802
40.639847,37.691414,36.14053,2.948433,7.2550297
32.795654,31.280472,30.27656,1.5151825,4.620071
42.74931,42.17395,40.45014,0.57535934,1.3458916
39.64753,41.476074,39.862125,1.8285446,4.6120014
6.9279604,4.3325825,5.004446,2.595378,37.462364
11.391258,9.047108,9.388693,2.3441505,20.578505
5.7227015,5.2118897,5.819213,0.5108118,8.926061
3.3255205,5.3111043,5.8930573,1.9855838,59.70746
35.603527,38.29247,36.82818,2.688942,7.5524597
6.248488,6.41674,6.9421496,0.16825199,2.6926832
13.488437,14.021005,14.039367,0.532568,3.94833
1.9007152,4.688426,5.336772,2.7877107,146.6664
12.86087,15.427572,15.511117,2.566702,19.95745
18.255224,24.857285,24.203999,6.6020603,36.16532
40.573303,40.894352,39.145054,0.32104874,0.79128075
3.677331,4.3164763,4.981071,0.6391454,17.380686
4.988371,4.3526797,4.9968987,0.63569117,12.743462
8.672948,6.904432,7.4435873,1.7685161,20.391176
42.14898,39.503365,37.825512,2.6456146,6.276818
18.695513,16.28567,16.15033,2.4098434,12.889956
39.98345,39.923626,38.23129,0.059825897,0.14962664
32.768806,33.489483,32.27857,0.7206764,2.1992757
5.292082,4.447526,5.098508,0.84455585,15.958858
39.64825,36.043766,34.679985,3.6044846,9.091157
8.450759,10.538115,10.802547,2.0873556,24.700214
4.7503204,3.966682,4.6399107,0.7836385,16.496538
22.34785,19.996437,19.610445,2.3514137,10.521878
12.316796,10.497047,10.775904,1.8197489,14.77453
7.8170056,6.935825,7.416524,0.88118076,11.272613
22.17574,21.804071,21.442354,0.37166786,1.6760111
10.603712,9.403939,9.838302,1.1997728,11.314649
42.855793,41.590157,39.783623,1.2656364,2.9532447
41.57075,39.45127,37.78988,2.1194801,5.098489
1.8345243,4.019068,4.708836,2.1845436,119.07957
4.1077757,4.8818974,5.500153,0.77412176,18.84528
18.365318,21.00582,20.559414,2.640501,14.377649
5.0897293,3.874577,4.5528274,1.2151523,23.874596
17.505976,15.611568,15.50901,1.8944073,10.821489
19.277147,15.114386,15.078032,4.1627617,21.594284
38.49028,38.715202,37.115562,0.22492218,0.58436096
40.055004,40.79085,39.060253,0.7358475,1.8370925
5.642189,4.8761005,5.494891,0.7660885,13.577859
17.50298,14.500815,14.492373,3.002164,17.152304
4.4320793,6.5239835,7.1163397,2.0919042,47.199158
5.8368855,4.181909,4.843915,1.6549764,28.353758
14.633358,13.32371,13.403099,1.3096476,8.94974
39.506805,40.62467,39.039,1.1178627,2.8295445
6.216016,5.428154,6.008695,0.7878618,12.674706
43.470448,42.308327,40.46221,1.1621208,2.6733582
2.7442157,2.0257678,2.9264333,0.7184479,26.180447
26.225262,19.156988,19.104374,7.0682735,26.952156
16.279694,12.979228,13.063631,3.3004656,20.273512
7.9980597,5.8169513,6.375904,2.1811085,27.27047
34.821587,35.476032,34.08313,0.65444565,1.8794252
2.3610213,2.5721264,3.3625858,0.21110511,8.941263
37.270924,38.854942,37.342842,1.5840187,4.250012
33.978752,32.64384,31.477325,1.3349113,3.928665
13.695385,10.339552,10.590294,3.355833,24.503387
43.983273,43.46607,41.758068,0.5172043,1.1759113
6.559124,5.3613067,6.0315905,1.1978173,18.261848
17.324457,23.110403,22.888165,5.785946,33.39756
8.234799,5.030141,5.643285,3.2046585,38.91605
7.879447,7.6130114,8.054272,0.26643562,3.3814
41.832043,40.071438,38.36954,1.7606049,4.208747
14.035548,16.291033,16.174868,2.2554846,16.069801
41.36794,40.831665,39.10045,0.53627396,1.2963517
19.389124,26.758825,26.16085,7.3697014,38.00946
32.567875,31.313747,30.176449,1.2541275,3.8508115
20.353308,20.41223,20.137325,0.058921814,0.28949502
3.9980984,3.2360315,3.9928684,0.76206684,19.060732
14.387774,16.832697,16.717476,2.4449224,16.993055
7.75106,8.963703,9.306091,1.2126431,15.644868
16.717354,22.495062,22.205303,5.777708,34.561142
19.061806,11.067674,11.313924,7.994132,41.937958
3.8625166,3.4251122,4.1621685,0.4374044,11.324337
36.519466,27.888046,27.14634,8.63142,23.635122
2.201162,1.9688971,2.847432,0.232265,10.551926
3.9887936,3.385879,4.100533,0.6029146,15.1152115
7.9783487,6.502066,7.04907,1.4762826,18.50361
32.63244,13.389293,13.528383,19.243145,58.96937
7.040295,7.0181904,7.48596,0.02210474,0.31397462
43.583397,43.313816,41.426003,0.26958084,0.6185402
35.47683,35.34469,34.040737,0.13214111,0.3724716
21.75229,22.344002,21.851543,0.59171104,2.7202241
43.665745,41.873913,40.04222,1.791832,4.1035185
43.652534,41.357136,39.55149,2.2953987,5.25834
22.501255,19.985773,19.596691,2.515482,11.179296
6.8541102,6.7665024,7.2593837,0.08760786,1.2781799
5.73605,4.883189,5.5010343,0.8528609,14.868436
13.632563,6.966514,7.498061,6.6660485,48.897987
41.01785,39.48668,37.82975,1.5311699,3.7329357
43.922188,42.6846,40.96766,1.237587,2.8176806
42.813118,43.542633,41.622406,0.7295151,1.7039522
9.236039,8.629615,8.990299,0.60642433,6.5658484
44.696487,41.727398,40.012085,2.9690895,6.64278
29.377592,30.040941,29.129221,0.66334915,2.2580106
32.3407,27.01458,26.194666,5.3261185,16.468779
10.24885,8.179262,8.578962,2.0695877,20.193365
16.171642,10.361979,10.646471,5.809664,35.925007
43.127457,41.178616,39.397438,1.9488411,4.5187945
5.728299,6.1026726,6.77534,0.37437344,6.5355077
9.328416,6.756876,7.320407,2.5715399,27.566738
12.522617,6.62823,7.1604424,5.8943872,47.06993
34.444202,24.594019,24.002262,9.8501835,28.59751
7.7610064,6.5563245,7.074843,1.2046819,15.522238
45.842678,35.94893,34.63231,9.893749,21.581963
42.47381,41.199295,39.412735,1.2745132,3.000704
8.357184,7.039233,7.768607,1.3179512,15.770278
4.2715726,7.124585,7.6534667,2.8530126,66.79069
43.93618,43.074528,41.169342,0.8616524,1.9611454
40.646873,38.94284,37.319225,1.7040329,4.192285
49.883606,42.055134,40.39461,7.828472,15.693477
16.009222,21.696587,21.28014,5.6873646,35.52555
5.6026807,4.1297097,4.7944627,1.472971,26.290466
7.0566072,6.818806,7.34149,0.23780107,3.3699067
18.039854,19.579409,19.29259,1.5395546,8.534185
4.204779,3.9937644,4.695047,0.21101475,5.0184503
18.10475,19.004084,18.677809,0.89933395,4.9673924
9.555922,13.2577,14.937575,3.7017784,38.73806
3.3365946,4.1365314,4.8171015,0.7999368,23.974646
39.989456,37.569122,36.075943,2.4203339,6.05243
5.5498667,4.495397,5.1317463,1.0544696,18.999908
2.466795,5.3956375,5.9969606,2.9288425,118.73068
1.4359409,2.106295,2.9635532,0.67035425,46.68397
7.886844,7.536025,8.016991,0.3508191,4.4481554
11.428586,14.485649,14.475914,3.057063,26.749268
10.574415,12.215591,12.356548,1.6411762,15.520254
5.618967,4.3088264,4.961283,1.3101406,23.316397
28.468573,27.763891,26.912504,0.7046814,2.4752958
12.218603,14.173712,14.191969,1.9551086,16.001081
7.7554255,8.395396,8.772403,0.6399708,8.25191
11.495418,10.290677,12.597802,1.2047405,10.480181
12.098265,9.391723,9.700764,2.706542,22.371325
38.547512,38.8073,37.165535,0.2597885,0.67394364
6.492321,4.907483,5.576268,1.5848379,24.410961
40.844032,39.74801,38.073875,1.0960236,2.6834362
12.038343,12.816012,14.322828,0.77766895,6.459933
4.12823,5.3346844,5.932108,1.2064543,29.224493
12.186786,10.246078,12.769029,1.9407082,15.924692
6.548098,4.7720213,5.392166,1.7760768,27.123552
6.1413875,4.988734,5.595171,1.1526537,18.76862
28.972124,30.097326,29.255444,1.1252022,3.8837407
33.979603,18.583551,18.498032,15.396051,45.309685
9.21409,10.456504,10.712644,1.2424135,13.483843
11.158545,6.724047,7.24808,4.4344974,39.74082
8.571145,6.69673,7.29046,1.8744149,21.868898
9.1235695,8.50534,8.892061,0.61822987,6.776184
18.700935,20.950531,20.520504,2.2495956,12.029322
19.89723,18.067133,17.809443,1.8300972,9.197748
7.2676415,6.0121584,6.582137,1.2554832,17.274973
41.44139,40.24434,38.610905,1.197052,2.888542
35.043217,29.788645,28.911572,5.254572,14.994549
6.946713,7.168068,7.647459,0.22135496,3.1864705
11.938388,10.345707,10.832498,1.5926809,13.3408375
36.00447,38.538605,37.53974,2.534134,7.038387
38.616188,39.968925,38.391,1.3527374,3.503032
38.6732,38.652767,37.083134,0.020431519,0.05283121
43.368233,43.139694,41.20987,0.22853851,0.5269722
40.425102,41.95709,40.113888,1.5319862,3.7896905
8.318199,8.451071,8.833819,0.13287163,1.5973605
2.0263834,3.5817094,4.2919335,1.555326,76.753784
10.014907,8.937227,9.290819,1.0776796,10.760755
8.768762,4.6982675,5.3573685,4.070494,46.4204
1.1700151,2.0531013,2.933768,0.8830862,75.47649
27.028278,25.918192,25.133055,1.1100864,4.1071296
40.16432,34.865746,33.518627,5.2985764,13.192247
2.1776462,3.8971868,4.632536,1.7195406,78.963264
1.6270903,1.9055235,3.0800996,0.2784332,17.112339
3.4404824,3.2917829,4.0421324,0.14869952,4.3220544
5.093523,7.2619963,7.765327,2.1684732,42.57315
6.1099896,5.784791,6.336196,0.32519865,5.3224096
42.227177,39.099316,37.481083,3.127861,7.4072227
41.766727,42.202793,40.338707,0.43606567,1.0440503
40.257637,42.14197,40.293022,1.8843346,4.6806884
43.563988,43.784348,41.826458,0.2203598,0.50583017
33.023693,28.523855,27.829622,4.499838,13.626089
41.988434,40.912647,39.17551,1.0757866,2.5621023
7.604699,6.001142,6.5538287,1.6035571,21.086397
3.3487031,5.2141724,5.808913,1.8654692,55.707214
39.107002,32.09255,30.937397,7.014454,17.936567
42.65801,41.41137,39.685112,1.2466393,2.9224038
6.5992417,7.5538406,7.989878,0.9545989,14.4652815
8.211973,6.6935983,7.2884235,1.5183749,18.489769
7.5509343,9.080505,9.440829,1.529571,20.256712
6.0878606,5.4702525,6.058454,0.6176081,10.144912
2.2535498,5.740152,6.3163524,3.486602,154.716
22.073954,23.90934,23.5005,1.8353863,8.314715
7.892087,6.7376647,7.5672307,1.1544223,14.627592
7.2722225,4.3027005,4.9608436,2.969522,40.833763
41.6381,42.780903,40.9061,1.1428032,2.7446094
3.7811148,4.611062,5.2734528,0.82994723,21.949802
8.622291,6.7971153,8.170701,1.8251753,21.168102
10.215521,11.6355715,11.806705,1.4200506,13.900913
5.578058,3.4243116,4.136541,2.1537461,38.611042
44.0168,42.326347,40.467243,1.6904526,3.8404713
11.147072,8.622436,8.992563,2.5246363,22.648426
6.3500137,6.487494,7.002848,0.13748026,2.1650388
7.2912455,4.8892527,5.506562,2.4019928,32.94352
38.532574,38.92067,37.366547,0.38809586,1.007189
37.876236,37.410492,35.878002,0.46574402,1.229647
1.4448911,4.1356063,4.797287,2.6907153,186.2227
2.8407128,3.4636312,4.175747,0.62291837,21.928242
41.214462,41.11585,39.42525,0.09861374,0.23926975
7.486672,5.3130345,5.906054,2.1736374,29.033426
12.215594,11.409152,12.645304,0.80644226,6.601744
22.596382,19.754057,19.386618,2.8423252,12.578673
40.406395,36.498074,35.047398,3.9083214,9.672532
44.557415,40.48907,38.83567,4.068344,9.130566
21.973385,18.94406,18.621025,3.0293255,13.78634
12.231802,9.258158,9.580616,2.9736443,24.310762
0.6310746,1.7973397,2.68081,1.166265,184.8062
36.839413,39.204006,37.776016,2.3645935,6.4186516
3.9619706,5.518228,6.088648,1.5562575,39.279884
10.731335,8.687763,10.368645,2.0435715,19.043032
35.635822,31.149364,30.057863,4.486458,12.589742
18.374025,15.633829,15.535691,2.7401962,14.913424
42.345062,44.229843,42.31877,1.8847809,4.451005
40.12906,40.553436,38.79014,0.42437744,1.0575315
40.026314,38.233524,36.662865,1.7927895,4.4790273
42.16531,40.788143,39.019485,1.3771667,3.2661133
28.553698,27.558905,26.705513,0.99479294,3.4839373
11.057892,12.479944,12.659875,1.4220524,12.860067
9.797531,9.983161,10.475358,0.18562984,1.8946594
42.115948,38.144135,36.753483,3.9718132,9.430664
43.79254,41.469612,39.65287,2.3229294,5.304395
36.942932,34.535557,33.198112,2.4073753,6.5164704
3.421696,6.101906,6.632104,2.6802099,78.32987
12.991901,15.000534,14.956203,2.0086327,15.460652
44.34148,42.292675,40.425156,2.0488052,4.6205163
42.421505,43.350693,41.41146,0.9291878,2.1903696
35.50698,35.980145,34.76177,0.4731636,1.3325932
23.62704,24.715605,24.2014,1.0885639,4.60728
2.4033544,3.9849534,4.664177,1.581599,65.807976
2.3107026,3.1345677,3.9253066,0.8238652,35.654316
49.79179,44.18604,42.642723,5.605751,11.258384
10.115463,8.793751,9.153275,1.3217125,13.066257
9.077948,8.810247,9.178382,0.2677002,2.9489067
4.3107886,5.825091,6.4161787,1.5143023,35.128193
35.605858,36.335766,35.069527,0.729908,2.049966
34.53533,31.349983,30.32607,3.1853485,9.223449
8.5412,8.257138,8.708947,0.28406143,3.325779
10.648478,10.229024,11.023483,0.41945362,3.9390948
42.388435,40.833996,39.26484,1.5544395,3.6671312
11.1455965,10.783225,11.015264,0.36237144,3.2512522
40.18012,41.605106,39.863888,1.4249878,3.5464997
13.35791,12.608206,12.709614,0.74970436,5.6124377
10.503583,11.116297,11.64857,0.6127138,5.8333793
9.453442,7.9683504,8.379055,1.4850912,15.70953
3.3568504,6.5929575,7.1143656,3.236107,96.40308
42.282516,42.92903,41.009495,0.6465149,1.529036
22.878351,24.208782,23.640095,1.330431,5.8152394
6.365513,4.442638,5.0892143,1.9228749,30.207699
8.185037,6.9672837,7.5970182,1.2177529,14.877794
24.64571,21.614975,21.113075,3.030735,12.297211
38.87289,37.564827,36.044575,1.3080635,3.3649762
16.684887,10.374693,10.636196,6.310194,37.81982
7.847361,7.843498,8.270666,0.0038628578,0.049224928
7.1080546,8.303426,8.685363,1.1953712,16.817135
1.439664,3.0859895,3.8422189,1.6463255,114.35484
9.999205,4.9809446,5.6538105,5.01826,50.186592
6.74903,5.2671914,5.877849,1.4818387,21.95632
49.794067,41.0795,39.48775,8.714569,17.501219
3.882839,4.788899,5.420087,0.90606,23.334986
2.0896733,2.4769475,3.2867424,0.38727427,18.532764
43.851376,41.414524,39.61826,2.4368515,5.55707
44.359222,41.244553,39.48241,3.1146698,7.0214705
4.9583216,4.703723,5.3330154,0.25459862,5.134774
7.6355486,8.135091,8.542739,0.49954224,6.5423226
12.412164,11.909834,12.057165,0.5023298,4.047077
22.392153,24.58133,23.992836,2.1891766,9.776535
4.98303,5.167095,5.7597904,0.18406534,3.6938438
49.992996,39.74591,38.9049,10.247086,20.497042
44.812603,42.9754,41.607494,1.837204,4.0997486
2.4196146,4.8195076,5.485173,2.399893,99.18493
33.591286,31.281296,30.187042,2.30999,6.8767533
6.757842,4.3714657,5.01575,2.3863764,35.3127
6.98801,5.3238635,5.919246,1.6641464,23.814312
10.69262,8.485341,9.067895,2.2072792,20.643015
8.087969,7.495782,8.004859,0.5921869,7.321825
32.504604,31.764515,30.766743,0.7400894,2.2768757
41.88138,42.291332,40.40597,0.40995407,0.9788457
11.2083435,6.9901814,7.5523133,4.218162,37.634125
42.67776,42.377953,40.72779,0.2998085,0.7024935
44.23956,42.639923,41.01701,1.5996361,3.61585
42.558075,45.050323,43.518982,2.4922485,5.856112
6.710848,9.181513,9.541603,2.470665,36.81599
12.368718,10.190188,11.044321,2.1785297,17.61322
39.3094,38.94507,37.36743,0.3643303,0.92682743
16.757067,19.949678,19.64278,3.1926117,19.05233
38.15237,40.12547,38.528988,1.9730988,5.171628
40.797295,38.215504,36.660522,2.581791,6.328338
5.814035,4.452272,5.097871,1.361763,23.421995
2.5901136,2.2627316,3.0948155,0.3273821,12.639681
22.488298,19.987038,19.665787,2.5012608,11.1224985
21.873741,28.720085,27.874352,6.846344,31.299374
23.421837,21.255701,20.78238,2.1661358,9.248361
40.551983,41.817955,40.16188,1.2659721,3.1218503
41.585346,41.258114,39.444675,0.32723236,0.7868934
43.45628,39.356598,37.74168,4.099682,9.434038
8.279878,7.231037,7.7369003,1.0488405,12.667343
23.613695,22.978752,22.453333,0.634943,2.6888762
29.934492,29.258024,28.36145,0.6764679,2.2598276
39.85872,39.066395,37.40416,0.79232407,1.9878312
6.7673435,5.8810363,6.4290414,0.88630724,13.096827
18.16157,19.579704,19.266832,1.4181347,7.8084373
12.714267,10.101184,10.366402,2.613083,20.552368
12.368012,10.294342,10.569265,2.0736704,16.7664
44.16594,42.26626,40.39411,1.8996811,4.3012357
13.026552,9.569053,9.870533,3.4574995,26.541939
9.644652,9.883058,10.18568,0.23840523,2.4718902
9.76078,10.196669,10.457172,0.4358883,4.4657116
17.627089,19.241589,19.158113,1.6145,9.159199
2.2620249,4.235782,4.9199142,1.9737573,87.25622
10.475793,9.947274,10.463904,0.5285187,5.0451427
41.197132,39.559895,37.890533,1.6372375,3.9741542
20.92108,21.819952,21.32285,0.8988724,4.296491
49.991837,51.08164,49.4241,1.0898018,2.1799595
3.6270297,5.5677786,6.244594,1.9407489,53.507942
17.880243,15.203283,15.147719,2.67696,14.971607
41.627613,41.28333,39.493008,0.34428406,0.82705694
3.8708887,5.068023,5.666456,1.1971345,30.926605
28.03196,27.896566,27.16523,0.13539314,0.48299563
12.100093,10.453115,10.992523,1.6469774,13.611279
35.357044,36.263954,34.856323,0.90690994,2.565005
6.8463483,5.3613276,5.970249,1.4850206,21.690697
6.176762,7.2231092,7.740806,1.0463471,16.940058
40.40505,21.912003,22.376678,18.493046,45.769146
10.222305,7.7979965,9.260616,2.4243088,23.715872
15.522327,16.70255,16.637604,1.1802235,7.6033926
41.9385,40.510788,38.861404,1.4277115,3.404298
39.598316,36.21696,34.919495,3.3813553,8.539139
1.7113223,2.055799,3.0495138,0.3444767,20.12927
5.6652617,4.023693,4.8864274,1.6415687,28.976042
8.553049,8.237239,8.737627,0.3158102,3.69237
9.6599045,9.645006,9.955914,0.0148983,0.15422824
18.18142,20.693424,20.293331,2.5120049,13.81633
19.01045,17.496449,17.29444,1.5140018,7.96405
43.90774,44.51378,42.53428,0.60603714,1.3802512
41.571842,45.155495,43.654236,3.5836525,8.620384
36.79202,37.263134,35.734318,0.4711151,1.2804818
32.654667,32.07417,30.982141,0.58049774,1.777687
38.98766,39.00494,37.379047,0.017280579,0.044323202
5.098839,11.534996,11.816239,6.436157,126.227905
7.6954756,7.9477406,8.368422,0.25226498,3.2780948
37.263985,36.162083,34.725395,1.101902,2.957016
39.617393,39.279255,37.647102,0.33813858,0.85351044
22.743017,19.38004,19.034988,3.362978,14.7868595
7.183455,5.716718,6.2954497,1.4667368,20.418262
3.8086615,9.129106,9.516683,5.320444,139.69328
9.977575,9.761502,10.047113,0.21607304,2.1655867
43.0191,43.625206,41.68407,0.6061058,1.4089226
28.172018,26.986013,26.135967,1.1860046,4.2098675
47.487614,43.614727,41.841675,3.8728867,8.155572
24.987558,23.283873,22.670559,1.7036858,6.818136
16.56758,15.32354,15.2518,1.2440395,7.508879
37.24375,38.86749,37.23072,1.6237373,4.359758
36.011124,37.075714,35.559525,1.0645905,2.9562821
39.577717,41.83407,40.018536,2.2563515,5.701065
33.112526,36.6469,35.83066,3.5343742,10.673829
14.6787615,12.845284,13.334471,1.833477,12.49068
31.88007,20.509317,20.218054,11.370752,35.667274
6.7247386,7.398258,7.852701,0.6735196,10.015551
17.844143,19.464092,19.124498,1.6199493,9.078325
11.443239,9.637945,9.946965,1.805294,15.776075
31.48455,30.592718,29.504627,0.89183235,2.832603
31.990274,28.389267,27.482988,3.6010075,11.256569
0.70643926,1.5773025,2.4985173,0.8708632,123.275024
44.890484,42.9304,41.057858,1.960083,4.3663664
40.471638,41.405346,39.91829,0.9337082,2.3070679
38.896824,40.97487,39.51345,2.078045,5.342454
11.379663,16.82369,16.69258,5.444027,47.839966
3.5483828,5.798122,6.367733,2.2497392,63.40182
11.626884,13.619825,13.718186,1.9929409,17.1408
2.7026176,4.1931906,4.8579926,1.4905729,55.152935
9.90653,10.458146,10.759295,0.5516157,5.568203
35.906136,24.816412,24.262054,11.089724,30.885319
8.746492,7.1596184,8.898319,1.586874,18.142977
25.01382,19.921108,19.68841,5.0927124,20.359594
42.682964,38.570473,37.01209,4.1124916,9.634972
40.36465,40.27458,38.545227,0.09007263,0.2231473
9.607752,8.627705,9.004127,0.9800472,10.200588
4.481925,4.409964,5.0642996,0.071960926,1.6055808
9.506248,9.580885,9.897501,0.07463646,0.78513056
40.40872,41.738667,39.966614,1.3299484,3.2912414
2.9593725,2.9724863,3.8062406,0.013113737,0.4431256
19.333689,15.712765,15.605099,3.620924,18.728573
2.8018167,5.2050157,5.839449,2.403199,85.77289
41.153175,31.953865,30.849064,9.19931,22.353828
2.02609,4.8153467,5.444166,2.7892568,137.66699
36.831543,35.731224,34.384747,1.1003189,2.9874363
44.057537,41.328403,39.535786,2.7291336,6.194476
31.574371,29.995253,29.069689,1.5791187,5.001267
13.828781,10.972566,11.177861,2.8562155,20.654139
4.8498316,4.9146676,5.5394716,0.064836025,1.3368717
12.170677,12.187896,13.473017,0.01721859,0.14147602
1.0751103,1.218647,2.119584,0.14353669,13.35088
37.56732,39.711517,38.124893,2.1441956,5.707608
16.6452,14.161514,14.165062,2.4836864,14.921337
22.778872,22.956575,22.42295,0.17770386,0.7801258
26.520782,29.284302,28.289814,2.7635193,10.420202
7.502602,11.555517,11.816622,4.052915,54.020126
35.11087,36.20592,34.92454,1.0950508,3.1188369
42.14934,41.17568,39.370346,0.97366333,2.3100321
16.250177,14.5731125,14.603857,1.6770649,10.320286
5.604864,7.701169,9.5300255,2.096305,37.40153
4.0741796,11.737756,12.008203,7.663576,188.10109
13.384936,8.503785,8.916246,4.881151,36.467495
27.102316,27.517698,26.662811,0.4153824,1.5326453
7.622179,4.4122205,5.073947,3.2099586,42.113396
3.9186876,5.8148746,6.3767786,1.8961871,48.38832
44.45766,41.286373,40.098732,3.1712875,7.133276
27.34351,24.778881,24.083982,2.5646286,9.379295
9.043744,4.540507,5.197095,4.5032372,49.79395
36.485577,38.17842,36.663303,1.6928444,4.6397634
49.973446,43.33314,41.926376,6.6403046,13.287666
43.281708,43.566746,41.705082,0.285038,0.65856457
9.385975,6.030904,6.6039104,3.355071,35.74558
26.234959,23.20153,22.990644,3.0334282,11.562543
24.949099,21.33159,20.904436,3.617508,14.499554
3.9161549,4.8333282,5.445,0.9171734,23.420254
27.940205,25.485502,24.904778,2.4547024,8.785557
30.287386,34.033924,32.859516,3.7465382,12.369962
2.1469781,2.5717134,3.3579206,0.4247353,19.782936
41.989998,38.361244,36.797165,3.6287537,8.641948
8.185638,5.221503,5.841441,2.9641356,36.21142
2.394748,3.6060863,4.318353,1.2113383,50.583122
8.612202,5.4959855,6.069338,3.1162162,36.183735
10.965588,8.120452,8.522875,2.8451357,25.946041
2.6996238,2.2943468,3.1057832,0.405277,15.012352
8.2129545,10.062446,10.329632,1.8494911,22.519194
41.959454,40.023846,38.324207,1.9356079,4.613044
35.991364,32.898468,31.651459,3.0928955,8.593438
2.2685764,6.619249,7.117178,4.3506727,191.77986
9.809256,11.790988,12.008436,1.9817324,20.202679
7.6090007,8.265317,8.660589,0.6563163,8.625525
37.071735,37.25331,35.718742,0.18157578,0.4897957
39.865757,36.096127,34.696224,3.7696304,9.455811
11.734579,14.751016,14.826575,3.0164366,25.705536
5.546782,5.7554374,6.3199024,0.20865536,3.761737
6.359294,4.4747486,5.115636,1.8845453,29.634504
41.012863,38.3963,36.954994,2.616562,6.3798566
43.08292,40.925697,39.142952,2.1572227,5.0071416
27.485523,25.725727,24.959692,1.7597961,6.4026294
11.193504,8.779312,9.13856,2.4141922,21.567797
26.260353,33.41896,32.389984,7.1586075,27.260134
7.4015126,5.8088675,6.36049,1.5926452,21.517834
30.907476,30.686739,29.697027,0.22073746,0.7141879
4.7594767,3.233986,3.992097,1.5254908,32.051647
23.927656,21.065886,20.974384,2.8617706,11.960096
8.709501,12.8598995,12.95172,4.1503983,47.653683
0.9796537,2.20256,3.2663279,1.2229062,124.83046
43.6309,43.409554,41.81362,0.22134781,0.5073189
44.510696,43.354332,41.573833,1.1563644,2.5979474
9.877297,11.834188,11.989082,1.9568911,19.812008
13.574566,10.567106,10.802922,3.0074596,22.155107
23.639507,24.519821,23.96493,0.8803139,3.7239096
41.03087,39.650352,38.01675,1.380516,3.3645792
40.725082,39.32803,37.6473,1.3970528,3.430448
13.472844,12.734373,14.98036,0.73847103,5.4811816
3.954097,6.0151935,6.611842,2.0610964,52.12559
42.552597,41.182133,39.41138,1.3704643,3.2206361
6.1652327,5.3578353,5.95712,0.80739737,13.095976
41.297916,41.459995,39.657467,0.16207886,0.39246255
10.037456,6.4164324,6.973955,3.6210232,36.07511
40.706142,39.330376,37.70189,1.3757668,3.3797522
6.5320883,9.888485,10.295925,3.3563967,51.383213
12.969423,9.587771,9.91289,3.3816519,26.074034
38.305805,36.510628,35.205704,1.7951775,4.686437
10.039385,7.306485,7.756918,2.7328997,27.221785
2.3397129,2.2012663,3.0276437,0.13844657,5.9172463
41.510445,39.013718,37.373905,2.496727,6.0146956
39.946026,40.477745,38.72964,0.5317192,1.3310941
7.9670186,6.6246767,7.1320896,1.3423419,16.848736
38.908615,38.078957,36.472565,0.8296585,2.132326
37.137466,34.059917,32.780613,3.077549,8.286911
9.889919,10.57275,10.806705,0.6828308,6.904311
7.6114597,6.9138846,7.5042396,0.6975751,9.1648
6.9988666,4.977953,5.5881815,2.0209136,28.874868
41.18065,37.27903,35.79551,3.901619,9.474399
41.307224,35.1004,34.226295,6.2068253,15.026004
44.467026,41.69929,39.915436,2.7677345,6.22424
19.46683,14.730393,14.760103,4.736436,24.330803
31.17882,34.222633,32.998554,3.0438137,9.762441
6.4569745,7.8687296,8.278544,1.4117551,21.864033
10.678323,9.112635,9.449898,1.5656881,14.662304
5.189004,4.269345,4.9279213,0.91965914,17.72323
37.244755,35.657097,34.257282,1.5876579,4.262769
8.315034,7.0394497,7.558255,1.2755842,15.340698
40.549065,36.916893,35.48458,3.6321716,8.957474
33.0684,21.605875,21.320053,11.462526,34.663082
6.8848457,6.064464,6.6398883,0.82038164,11.915759
14.433915,15.723648,15.624076,1.2897329,8.935434
25.948143,19.2856,19.00096,6.6625423,25.676374
44.082783,41.333702,39.730423,2.7490807,6.236178
39.972588,39.797394,38.136898,0.17519379,0.4382848
9.912673,8.988386,10.537392,0.92428684,9.324294
43.418827,39.590782,38.0468,3.828045,8.816556
22.451859,22.567047,22.178932,0.1151886,0.51304704
7.0240006,4.885746,5.5026903,2.1382546,30.44212
7.4429693,6.8570476,7.43248,0.58592176,7.872151
39.9089,39.22908,37.55388,0.679821,1.7034321
0.59261805,1.2142341,2.2020907,0.62161607,104.8932
44.071213,42.885117,41.060078,1.1860962,2.6913173
19.452206,13.545634,14.999814,5.9065714,30.364534
13.942829,16.283432,16.246967,2.3406029,16.787144
37.016697,27.794975,26.917618,9.221722,24.91233
40.18728,39.491333,37.82598,0.69594574,1.7317563
37.58755,31.473873,30.42476,6.113678,16.265167
12.373117,11.259319,12.441024,1.1137981,9.001759
8.553046,7.1689577,7.698936,1.3840885,16.182404
12.09902,11.286663,13.724561,0.81235695,6.7142377
9.347109,7.6291676,8.086002,1.7179413,18.379387
1.1511618,1.7897692,2.7030702,0.6386074,55.475033
5.0884986,6.9450974,7.4385533,1.8565989,36.48618
26.471382,27.086058,26.258495,0.6146755,2.322038
43.779026,42.339725,40.939926,1.4393005,3.2876487
2.2896345,1.3567832,2.2683318,0.9328513,40.74237
9.135872,6.9884233,7.50735,2.1474485,23.505678
4.9398894,5.3984804,5.9869623,0.45859098,9.283426
2.8541322,3.7593393,4.4461093,0.90520716,31.71567
7.301858,6.5392056,7.0724945,0.7626524,10.444635
4.595423,4.9218693,5.5348015,0.32644606,7.1037216
42.73408,41.128975,39.347954,1.6051064,3.7560334
43.78361,41.62638,39.933384,2.1572304,4.927027
47.151314,28.59193,28.123693,18.559383,39.36133
5.056669,5.0856085,5.7241945,0.028939247,0.5722986
18.635517,17.901093,17.661495,0.7344246,3.9409938
37.647858,35.971256,34.573425,1.6766014,4.453378
42.823467,41.193176,39.469315,1.630291,3.8070037
39.218117,36.222,34.829803,2.9961166,7.639624
8.097783,6.690589,7.2254715,1.4071941,17.377523
2.5450897,5.7320304,6.2993717,3.1869407,125.219185
6.6498537,6.060393,6.5962076,0.58946085,8.864267
6.6326885,5.3244543,5.9107833,1.3082342,19.724041
8.902333,5.0943375,5.7176967,3.8079958,42.775257
24.858727,28.904516,28.056341,4.0457897,16.27513
21.140406,25.000935,24.29001,3.860529,18.261375
40.297543,40.218586,38.473225,0.078956604,0.19593404
43.330082,43.185455,41.24706,0.14462662,0.33377877
42.203026,39.83117,38.147724,2.3718567,5.6201105
3.362632,10.008658,11.317081,6.6460266,197.64359
38.955666,38.760643,37.12277,0.19502258,0.500627
42.427116,41.64062,39.940025,0.7864952,1.853756
8.123026,7.2136726,7.705646,0.90935326,11.19476
5.425463,4.523326,5.162563,0.9021373,16.62784
41.71683,37.568054,36.090157,4.148777,9.945091
37.046597,40.946945,39.557476,3.9003487,10.528224
40.690197,32.68301,31.54807,8.007187,19.678417
35.84666,26.43802,25.99349,9.40864,26.246908
3.6355505,5.1788898,5.772012,1.5433393,42.45132
7.8284745,5.674301,6.387777,2.1541734,27.517155
12.302021,13.206179,13.268472,0.90415764,7.3496675
6.0675044,6.1913576,6.7726693,0.12385321,2.0412545
35.091045,32.811005,32.02955,2.2800407,6.4975004
43.00839,41.37759,39.62387,1.6307983,3.7918146
9.211803,6.975623,7.6569414,2.2361803,24.275162
14.876362,11.9567995,12.106689,2.9195623,19.625513
3.6622412,7.1367493,7.642482,3.474508,94.87382
3.0179183,6.0514483,6.6033278,3.03353,100.517296
10.247839,7.3278913,7.7754927,2.9199476,28.4933
27.76963,25.239748,24.63451,2.5298824,9.1102495
9.762633,11.35709,11.54996,1.5944567,16.33224
12.092752,9.72083,10.022595,2.3719225,19.614414
7.3436465,5.1741076,5.7763653,2.169539,29.543076
42.645824,40.506355,38.732124,2.1394691,5.0168314
37.251106,34.183052,32.996956,3.0680542,8.236142
9.04552,8.2578335,8.644231,0.78768635,8.708027
8.31859,7.223754,7.717253,1.0948362,13.16132
39.575146,38.63737,37.02495,0.93777466,2.369605
41.00219,38.44146,36.944702,2.56073,6.2453494
11.771768,8.557139,8.9262085,3.2146282,27.30795
43.154476,40.948154,39.19348,2.2063217,5.1126137
20.16469,14.480366,14.488674,5.6843243,28.189495
14.531587,7.5531864,8.118168,6.9784,48.022285
39.39346,36.687134,35.21916,2.7063255,6.8699875
42.648735,41.770348,40.020374,0.87838745,2.0595863
41.813583,39.176323,37.501827,2.6372604,6.307186
21.428207,30.133024,29.130024,8.704817,40.62317
31.25221,33.13871,31.888596,1.8864994,6.0363708
12.904263,15.262409,15.284274,2.3581467,18.274168
8.623079,9.703874,10.019781,1.0807943,12.53374
7.500064,7.952936,8.3579445,0.45287228,6.0382457
6.951768,5.007687,5.616521,1.9440808,27.965273
16.844255,18.480715,18.188187,1.6364594,9.715237
41.890068,41.362892,39.593132,0.5271759,1.2584747
15.172969,11.742178,13.249668,3.430791,22.611204
16.20065,13.8063545,13.847848,2.3942947,14.779005
16.1686,12.590389,12.693546,3.5782108,22.130615
35.58789,20.352995,20.090641,15.234896,42.809216
32.542194,32.536217,31.325134,0.0059776306,0.01836886
35.981396,33.905403,32.609512,2.0759926,5.7696276
4.0252457,5.0168667,5.62848,0.991621,24.635044
15.116915,12.258948,12.398165,2.8579664,18.905752
5.2671576,3.4030719,4.1146913,1.8640857,35.39073
3.3253963,6.506047,7.036043,3.1806505,95.647255
4.0389023,5.6758976,6.2505646,1.6369953,40.530697
42.800602,41.453526,39.651825,1.3470764,3.1473305
45.72927,42.048008,40.21,3.681263,8.050123
43.29288,42.398952,40.67785,0.8939285,2.0648396
3.033099,3.3265047,4.0562525,0.29340577,9.673465
8.8454275,7.4872303,7.9670124,1.3581972,15.354794
41.971924,39.23803,38.273705,2.7338943,6.5136266
11.281006,8.228216,8.699088,3.0527897,27.061325
8.960523,7.0213566,7.8253984,1.9391661,21.641216
42.274136,40.184086,38.493103,2.0900497,4.944039
9.732193,7.388671,7.9055953,2.343522,24.080103
21.429161,18.41404,18.130375,3.0151215,14.07018
44.765636,39.907394,38.43306,4.858242,10.852615
4.0005617,4.8117237,5.4253154,0.811162,20.276201
9.309277,10.192681,10.807671,0.88340473,9.48951
37.28871,30.40464,29.388657,6.8840714,18.461542
5.8387785,4.4004316,5.048847,1.4383469,24.63438
42.184246,40.276703,38.568893,1.9075432,4.5219326
2.902927,6.5940747,7.1599245,3.6911478,127.152626
24.277605,16.13216,16.58323,8.145445,33.55127
39.736694,37.642933,36.091427,2.0937614,5.2690883
25.317282,37.0538,35.803,11.736517,46.35773
27.095284,36.977844,35.550617,9.882561,36.473362
9.934325,8.4377165,8.872561,1.4966087,15.065026
10.13841,9.894546,10.19746,0.24386406,2.4053483
6.0288053,7.1031666,7.5710616,1.0743613,17.820469
14.7821245,12.030132,12.181197,2.7519922,18.617027
42.61413,40.79653,39.058876,1.8175964,4.2652435
7.958973,5.5456004,6.110344,2.4133725,30.322662
27.187132,28.451315,27.655256,1.264183,4.6499314
3.5858958,5.0259876,5.8607383,1.4400918,40.159893
5.9602127,4.1590934,5.1973615,1.8011193,30.219046
10.721441,11.368753,12.024066,0.64731216,6.037548
7.0984597,5.487155,6.0703454,1.6113048,22.699358
9.003027,8.963225,9.349762,0.039801598,0.4420913
10.588729,9.158179,9.551437,1.4305496,13.510117
37.63973,30.940264,29.93644,6.699465,17.79892
15.029887,13.503332,13.555283,1.5265551,10.156796
43.961086,44.3553,42.384018,0.39421463,0.8967354
8.77015,7.690013,8.202042,1.0801373,12.316063
1.7266431,3.7032275,4.406099,1.9765844,114.47557
4.287078,5.3560514,5.9461193,1.0689735,24.934782
21.68885,18.187471,18.07499,3.501379,16.143682
13.6416235,12.1697445,12.331799,1.471879,10.789618
8.286815,6.763,7.291281,1.5238147,18.388426
18.880337,19.05736,18.750563,0.17702293,0.9376047
14.569894,14.816668,14.76921,0.24677372,1.6937236
10.488064,14.573268,14.627509,4.085204,38.950985
8.878268,9.2887945,9.913228,0.41052628,4.623945
19.618963,24.25249,23.593536,4.633526,23.617588
25.733843,25.324553,24.618608,0.4092903,1.590475
4.4821267,3.6764884,4.437516,0.8056383,17.974464
37.393303,37.62694,36.130768,0.23363876,0.62481445
4.41082,4.184867,4.9166245,0.2259531,5.1227007
6.079009,5.904179,6.475392,0.17482996,2.8759615
1.9329287,5.9570975,6.495035,4.024169,208.19025
16.128477,10.686994,12.181446,5.4414835,33.73836
2.2831461,4.8476715,5.4600124,2.5645254,112.32419
4.358577,5.465402,6.068964,1.1068254,25.394192
4.0912313,3.9503603,4.6275387,0.14087105,3.4432433
15.6005125,11.949644,12.098477,3.6508684,23.402235
42.89144,40.95984,39.240166,1.9316025,4.5034685
43.258797,41.403038,39.630943,1.8557587,4.289899
3.561691,4.6359367,5.277868,1.0742457,30.161114
4.2283087,3.5256138,4.23147,0.7026949,16.618816
6.789186,8.286676,8.706832,1.4974904,22.056995
36.848797,30.612534,29.562725,6.2362633,16.923927
41.172096,39.89622,38.20806,1.2758751,3.098883
30.895876,33.47201,32.27756,2.5761356,8.338121
43.96322,42.658062,40.771915,1.3051567,2.968747
8.112604,6.060182,6.5962434,2.052422,25.299177
42.43455,41.43591,39.65912,0.99864197,2.35337
7.7824006,6.350203,6.894422,1.4321976,18.40303
21.987408,24.36759,23.696901,2.3801823,10.825206
44.71612,42.26238,40.558266,2.453743,5.4873786
6.4353204,7.5064573,7.9592395,1.071137,16.644655
40.885845,38.537956,36.96103,2.347889,5.742547
42.04409,39.446255,37.780388,2.5978355,6.178837
5.308105,5.6033387,6.170896,0.29523373,5.561942
3.084488,4.425305,5.0747256,1.340817,43.469677
15.013799,10.649409,10.8982115,4.3643894,29.069187
38.920708,37.824406,36.264877,1.096302,2.8167577
34.780773,34.807552,33.470818,0.026779175,0.07699419
18.859539,16.273657,16.22581,2.5858822,13.711269
9.749002,6.9809456,7.4531975,2.7680569,28.393232
23.960127,22.57763,22.05617,1.3824978,5.769994
40.283436,39.871628,38.1931,0.411808,1.0222763
43.555496,41.49609,39.76885,2.0594063,4.7282352
37.28283,36.219906,34.8102,1.0629234,2.8509731
1.0502412,1.6710794,2.7671602,0.62083817,59.113865
41.33878,35.453636,34.204155,5.8851433,14.236375
18.95322,18.928051,18.625881,0.025169373,0.13279735
2.478796,4.6557674,5.279555,2.1769714,87.823746
34.141384,35.820904,34.600494,1.6795197,4.919307
6.925493,5.399878,5.9848075,1.5256147,22.02897
1.6878973,4.491108,5.1292243,2.8032107,166.07709
32.3385,33.08238,31.983679,0.7438774,2.3002841
28.229841,22.272232,21.734488,5.957609,21.103941
13.630848,11.848511,12.011878,1.7823372,13.075762
16.505024,16.827446,16.64888,0.32242203,1.9534781
30.312546,32.249638,31.193636,1.9370918,6.3903966
7.108683,6.306772,6.8513703,0.8019109,11.280724
14.658644,14.914896,14.869864,0.2562523,1.7481309
3.769007,5.1987658,5.7901597,1.4297588,37.934628
5.3021073,7.2241774,7.99041,1.92207,36.251057
5.3332443,4.083761,4.7460604,1.2494831,23.4282
10.558825,9.262118,9.768932,1.2967062,12.280782
1.371708,1.4090972,2.448511,0.03738916,2.7257373
10.37857,8.162837,8.55389,2.2157326,21.349113
39.919426,37.56855,36.004604,2.3508759,5.8890524
23.498518,22.125135,21.646526,1.3733826,5.8445497
39.553253,37.384266,35.99094,2.1689873,5.483714
11.195918,9.414388,9.7379675,1.7815304,15.912321
6.8256297,5.398577,5.9852486,1.4270525,20.907265
5.800741,5.4784384,6.0503345,0.32230282,5.5562353
4.0807686,4.369581,5.026979,0.28881264,7.077408
9.250718,8.63229,10.637984,0.61842823,6.6851916
49.92555,43.118168,41.576393,6.8073807,13.635064
11.329985,8.821788,9.298054,2.5081968,22.13769
6.311724,6.2584047,6.789109,0.053319454,0.84476846
41.68785,41.31215,39.506596,0.3757019,0.90122634
28.851463,27.057974,26.20384,1.7934895,6.2162857
4.8000317,3.800096,4.5510426,0.9999356,20.831854
6.9908457,9.38363,9.749381,2.392784,34.22739
7.899809,8.220363,8.865898,0.32055378,4.057741
42.245045,42.5998,40.788918,0.3547554,0.83975625
10.540431,13.97913,14.010166,3.4386988,32.62389
5.402659,3.1734333,3.9460366,2.2292256,41.26164
9.428228,6.984074,7.4627967,2.4441543,25.92379
11.575638,10.502433,10.755128,1.073205,9.271238
6.458759,3.8615513,4.5444775,2.5972075,40.212177
8.307944,5.697395,6.2609415,2.6105494,31.422325
7.5277977,10.533141,10.932023,3.0053434,39.923275
5.822137,5.8760366,6.4176064,0.053899765,0.9257729
40.10756,40.44725,38.77706,0.33969116,0.8469505
36.988445,37.625275,36.092438,0.6368294,1.7216982
40.79588,37.18456,35.692535,3.6113205,8.85217
41.538616,41.533108,39.6987,0.005508423,0.013260969
36.653687,36.551464,35.635387,0.10222244,0.2788872
38.29645,23.766212,24.05677,14.530239,37.941475
42.044064,41.73454,39.898624,0.30952454,0.7361908
5.245033,6.8718433,7.351598,1.6268106,31.016214
6.677804,7.657631,8.113588,0.9798269,14.672892
16.483765,12.705299,12.862341,3.7784653,22.922344
43.43267,41.204426,39.44184,2.2282448,5.1303425
40.28341,40.49179,39.032898,0.20838165,0.51728904
38.482895,32.02251,30.865866,6.4603844,16.787678
39.93025,38.832905,37.223064,1.0973434,2.7481508
34.8562,32.48174,31.340633,2.3744621,6.8121657
3.5847,4.512251,5.157043,0.9275508,25.875269
27.929121,22.803934,22.90636,5.125187,18.35069
33.343445,30.042051,29.26389,3.3013935,9.901176
6.350494,4.306659,4.959839,2.0438347,32.18387
5.2480607,5.78217,6.3524714,0.5341091,10.177266
4.6108503,5.869299,6.4848337,1.2584486,27.293201
4.5978003,5.147829,5.7476625,0.5500288,11.962869
9.923955,6.951061,7.424293,2.9728942,29.956749
40.19753,39.058487,37.43776,1.1390419,2.8336117
8.8848,6.099263,6.6313896,2.7855368,31.351711
14.822577,12.981471,13.079372,1.8411064,12.42096
35.538334,29.20774,28.360134,6.330593,17.813421
21.764215,31.57486,30.497377,9.810644,45.076946
29.137209,27.330963,26.591173,1.8062458,6.1991034
23.468307,19.129656,18.86152,4.3386517,18.48728
49.941784,51.801792,52.39121,1.8600082,3.7243528
36.640747,36.647816,35.168068,0.007068634,0.01929173
4.597384,4.9548864,5.5626736,0.35750246,7.7762146
8.791712,8.3869505,8.899078,0.4047613,4.6038966
4.623681,5.057433,5.6655836,0.43375206,9.381098
6.865792,9.771549,10.107964,2.9057574,42.322247
4.413597,4.5078526,5.1447926,0.09425545,2.1355698
35.392715,35.472786,34.057003,0.080070496,0.22623439
18.561476,11.373249,12.826073,7.1882267,38.726593
8.282894,9.360564,9.675269,1.0776701,13.010792
16.050688,17.384012,17.30185,1.3333244,8.306961
39.351727,38.50848,37.109364,0.84324646,2.142845
6.5285664,4.629158,5.273978,1.8994083,29.093803
4.2378592,3.896977,4.5876784,0.3408823,8.043738
4.598268,4.637828,5.2650576,0.03955984,0.86032045
30.643864,28.7451,27.859938,1.8987637,6.196228
8.559921,5.2485394,5.850316,3.3113818,38.684723
14.444779,13.026,14.46989,1.4187794,9.82209
44.215336,40.72198,39.07219,3.4933548,7.9007764
7.498012,4.8707805,5.4796796,2.6272316,35.03904
38.97175,37.558723,36.02002,1.4130249,3.6257672
42.31107,41.76572,40.255318,0.5453491,1.2889041
40.360138,35.72991,34.32498,4.630226,11.472276
22.060545,21.748627,21.255722,0.31191826,1.4139191
7.488564,7.836874,8.250975,0.34831,4.6512256
4.7085495,15.723627,15.827505,11.015078,233.93782
41.18546,40.412735,38.700302,0.77272415,1.8762063
31.93869,30.863132,29.78441,1.0755577,3.36757
44.3702,40.301216,38.677155,4.068985,9.170535
49.767742,32.334717,31.417866,17.433025,35.028763
11.120995,10.563944,10.817445,0.5570507,5.009001
49.840466,42.082333,40.478786,7.758133,15.565932
7.1946254,6.0614576,6.6181,1.1331677,15.750197
4.55341,5.1279893,5.7318335,0.57457924,12.618658
42.9912,42.377304,40.493668,0.6138954,1.427956
38.414677,37.247192,35.74439,1.1674843,3.0391622
44.68476,43.648575,41.876556,1.0361862,2.3188806
6.7691092,5.0344667,5.651438,1.7346425,25.62586
3.4895666,5.158107,5.7622485,1.6685402,47.815113
6.7676325,4.9314613,5.546242,1.8361712,27.13166
7.490216,8.885016,9.22781,1.3948007,18.621635
7.7748103,8.358513,8.741461,0.58370256,7.5076113
8.534147,7.069268,7.609278,1.464879,17.164913
45.249886,40.971306,39.20785,4.2785797,9.455449
17.87542,20.030771,19.701084,2.1553516,12.057628
22.13946,15.619665,15.564938,6.5197945,29.448751
8.145954,14.260094,14.345357,6.1141396,75.05737
6.962632,4.949452,6.303388,2.0131803,28.914068
3.5206578,3.7248755,4.4235377,0.20421767,5.8005548
39.15227,36.958355,35.460842,2.1939163,5.603548
6.778123,4.063005,4.7398663,2.715118,40.057076
4.5347066,6.7260675,7.212986,2.191361,48.324207
12.816733,12.178995,12.340696,0.6377382,4.975825
7.9226627,6.3039913,6.854045,1.6186714,20.4309
27.19399,27.861465,27.498032,0.66747475,2.4544935
18.98563,14.388913,14.4173355,4.596717,24.21156
11.729676,15.858095,15.805581,4.128419,35.196358
5.438017,6.752038,7.2640743,1.3140211,24.163609
40.325115,41.001194,39.41957,0.6760788,1.67657
22.814184,23.33517,22.714966,0.52098656,2.2836082
11.002509,12.063207,12.215307,1.0606976,9.640506
28.436283,29.536804,28.580727,1.1005211,3.8701298
40.687485,41.33445,39.76175,0.646965,1.5900836
3.90672,4.4310694,5.073768,0.52434945,13.421731
9.302142,13.779571,13.877518,4.4774284,48.133305
7.643011,5.193652,5.829463,2.449359,32.047043
15.589419,17.744356,17.61223,2.1549368,13.823073
42.733032,40.442207,38.71792,2.290825,5.3607826
4.607162,3.1232553,3.9898045,1.4839067,32.208694
13.871832,35.882214,35.26659,22.010382,158.6696
44.132526,43.508156,41.587635,0.6243706,1.4147629
3.027631,2.8479218,3.6422873,0.1797092,5.9356375
40.602222,33.883133,32.616585,6.7190895,16.548574
42.9125,40.67114,39.627487,2.2413597,5.223093
6.334238,4.888637,5.5066013,1.445601,22.82202
28.27929,27.51812,26.66304,0.76116943,2.6916144
40.93704,40.975628,39.186287,0.038589478,0.09426544
13.653246,11.099031,11.295479,2.5542145,18.707745
11.5618,8.652698,9.053676,2.9091024,25.16133
36.962505,37.40447,35.931965,0.4419632,1.1957068
6.002116,5.080982,5.702216,0.921134,15.346821
6.259162,4.513248,5.181658,1.745914,27.893734
8.828903,9.4673395,9.777351,0.6384363,7.2312074
7.3908086,12.022206,12.217214,4.6313977,62.66429
6.36692,4.4896994,5.1412096,1.8772206,29.483967
3.8455367,4.9453135,5.551334,1.0997767,28.598785
35.501358,34.660316,33.608635,0.84104156,2.3690405
21.629549,22.701143,22.137608,1.0715942,4.954307
12.250623,8.325849,8.706451,3.9247742,32.037346
4.30443,3.1149225,3.8568919,1.1895075,27.634495
1.2998031,4.2437167,4.904716,2.9439135,226.48918
1.88446,3.9234962,4.6084347,2.0390363,108.20268
9.141823,10.051342,10.326081,0.9095192,9.948992
32.480003,25.372082,24.659182,7.1079216,21.883993
7.066881,5.1553555,5.7572184,1.9115257,27.04907
49.98862,40.251255,39.091343,9.737366,19.479164
8.3383255,6.5768614,7.113339,1.7614641,21.124914
41.671635,40.415066,38.660294,1.2565689,3.015406
2.8923852,5.906158,6.46999,3.0137727,104.19679
43.172264,44.019726,42.056087,0.8474617,1.9629772
5.9520288,4.2773633,4.928198,1.6746655,28.136045
42.104572,39.67632,37.959435,2.4282532,5.7671957
15.630142,8.747726,9.263219,6.882416,44.03297
16.811033,13.471095,13.51469,3.3399382,19.867537
36.9235,36.0748,34.72485,0.8487015,2.29854
30.961655,33.65727,32.46474,2.6956139,8.706298
7.225888,5.257084,5.8621125,1.9688039,27.246532
10.723014,10.127413,10.38934,0.5956011,5.5544186
10.649856,7.3148212,7.95909,3.3350344,31.315302
6.0880785,6.7293196,7.231567,0.6412411,10.532733
24.51639,23.765373,23.15628,0.7510166,3.0633247
10.542459,9.43718,10.045004,1.105279,10.484072
2.54156,5.6959004,6.2517624,3.1543405,124.11041
0.43570006,1.3674114,2.292845,0.9317113,213.84238
39.065624,36.88222,35.434162,2.183403,5.5890646
2.944742,4.659283,5.3052692,1.7145412,58.223816
41.040585,38.413353,36.810757,2.6272316,6.401545
40.292175,38.68357,37.090866,1.6086044,3.9923494
36.32601,37.544483,36.27574,1.2184715,3.3542674
3.4702957,4.9381866,5.5490713,1.467891,42.29873
13.099511,11.985103,12.137792,1.1144085,8.507253
36.589912,31.180714,30.11348,5.4091988,14.783306
30.58137,31.263206,30.156342,0.6818371,2.2295833
5.4375944,5.316257,5.92938,0.121337414,2.231454
30.141981,28.45791,27.826008,1.6840706,5.5871263
44.964123,40.55417,38.880188,4.409954,9.807717
44.08017,42.499435,40.66918,1.5807343,3.5860438
30.219604,31.104809,30.014687,0.8852043,2.9292386
38.965157,41.36986,39.806,2.404705,6.171424
12.196356,11.70419,11.860205,0.49216557,4.0353494
12.466724,10.725037,11.26963,1.7416878,13.970693
38.754395,34.334637,33.00181,4.419758,11.404533
10.902419,9.889067,10.623759,1.0133524,9.294747
4.3858795,5.496519,6.0814095,1.1106396,25.323074
25.476463,24.5,23.89429,0.9764633,3.8328056
7.078429,5.0778117,5.6819105,2.0006175,28.26358
41.160393,41.4336,39.615845,0.27320862,0.66376585
24.228708,34.656883,33.433254,10.428175,43.040573
41.2197,36.880756,35.42978,4.3389435,10.526383
30.112467,27.780918,27.08226,2.3315487,7.742802
9.680219,6.9310412,7.6615624,2.7491775,28.399954
2.1208575,1.9954603,2.8755953,0.1253972,5.912571
10.927394,13.114027,15.046913,2.186633,20.010565
24.382782,22.013763,21.509247,2.3690186,9.715948
9.3847065,8.252595,8.65063,1.1321115,12.063366
4.0477505,8.80092,9.197463,4.753169,117.42742
9.890245,13.149135,13.325239,3.2588892,32.95054
4.4834104,6.1750717,6.861697,1.6916614,37.731575
29.937933,24.153122,23.831846,5.784811,19.32268
41.771584,41.369972,39.550888,0.40161133,0.9614463
13.116888,11.993563,12.474127,1.1233253,8.563962
38.404938,38.22431,36.64505,0.18062592,0.4703195
40.617233,39.28742,37.653843,1.3298149,3.2740164
36.584087,38.861053,37.338997,2.276966,6.2239246
15.461306,11.703745,11.8699465,3.7575607,24.302998
40.346165,38.92104,37.292133,1.4251251,3.5322444
5.8624487,5.9045115,6.4540777,0.04206276,0.7174947
3.2938597,4.727785,5.37117,1.4339254,43.533283
8.167176,5.972563,6.528801,2.1946135,26.871141
22.18618,20.708263,20.29728,1.4779167,6.6614294
2.1288457,2.7386167,3.5554533,0.609771,28.643269
21.956419,26.97075,26.203987,5.014332,22.837658
43.03562,44.252644,42.48558,1.217022,2.827941
7.146319,5.461242,6.0721703,1.6850767,23.579647
28.328634,26.131365,25.37206,2.1972694,7.756355
40.76641,41.40773,39.609814,0.6413193,1.5731561
9.562068,8.726709,9.09563,0.8353586,8.736171
10.949874,12.91174,13.154146,1.9618664,17.916796
22.588665,26.138973,25.345629,3.5503082,15.717212
41.60896,40.0131,38.320145,1.5958595,3.8353748
7.3272963,7.1405544,7.6956882,0.18674183,2.5485775
21.940615,33.28572,32.14283,11.345106,51.70824
16.60787,16.644444,16.594898,0.03657341,0.22021735
40.779003,38.159332,36.691566,2.6196709,6.4240685
10.3417845,9.816897,10.103605,0.5248871,5.0754013
3.9459586,5.069114,6.0019326,1.1231556,28.46344
4.848083,5.701033,6.2790456,0.8529501,17.593555
41.35344,40.90622,39.12992,0.44721985,1.0814575
18.783537,34.686207,33.77584,15.90267,84.6628
5.9467053,7.1410294,8.580347,1.194324,20.083794
33.11786,34.123966,32.82969,1.0061073,3.03796
4.615445,4.2326756,4.887995,0.38276958,8.293232
43.699566,41.216442,40.294487,2.4831238,5.682262
9.745446,12.177244,12.396019,2.431798,24.953173
14.402289,15.237076,15.164617,0.8347864,5.796206
31.19381,30.291277,29.311695,0.9025326,2.8933067
41.373737,37.464195,35.99219,3.909542,9.449333
10.204263,11.564399,11.742826,1.360136,13.329098
17.844666,14.726861,14.684608,3.1178045,17.471914
39.551025,38.853737,37.208004,0.6972885,1.7630099
39.9836,38.558163,37.053783,1.4254379,3.5650563
25.860497,21.764263,21.263062,4.0962334,15.839733
11.893392,9.324309,10.080543,2.5690823,21.600924
2.1076348,5.275203,5.8638697,3.1675684,150.29019
42.603535,41.23232,39.454533,1.3712158,3.2185495
8.129363,5.3989663,5.972548,2.7303967,33.586845
42.681587,40.120388,38.448307,2.5611992,6.0007124
36.48195,35.959175,34.52422,0.52277374,1.4329655
10.777939,9.275998,9.603316,1.5019407,13.935325
2.8309128,7.433199,7.930112,4.6022863,162.57253
5.9127984,13.4384,13.68951,7.525602,127.27648
49.9872,41.84473,40.47203,8.142471,16.289112
9.606998,11.044598,11.255717,1.4375992,14.964083
32.282875,31.494427,30.440874,0.78844833,2.4423113
29.320276,26.444355,25.815296,2.8759212,9.808643
13.260472,13.481629,13.527658,0.22115707,1.6677918
10.384025,13.390558,13.562622,3.0065336,28.953451
30.692253,33.6674,32.760536,2.9751472,9.693479
22.42277,23.354662,22.768724,0.9318924,4.156009
39.422253,35.453514,34.07158,3.9687386,10.067254
23.101341,19.341974,19.029318,3.759367,16.27337
40.769123,38.100876,36.722355,2.6682472,6.544774
24.168285,21.7504,21.259502,2.4178848,10.004371
32.53352,31.755375,30.775303,0.77814484,2.391825
34.885284,33.603783,32.651943,1.2815018,3.6734738
49.93313,33.284855,33.445526,16.648273,33.34114
6.121151,3.965869,4.6465354,2.155282,35.210403
15.141865,16.204475,16.075407,1.0626106,7.0176997
5.959733,4.2766438,4.9296436,1.6830893,28.241018
1.9236313,6.4066677,6.930997,4.4830365,233.05072
5.112911,5.375517,5.9676514,0.26260567,5.136128
26.21898,24.120262,23.489372,2.0987186,8.004578
12.536331,14.261797,14.267157,1.7254658,13.763721
21.964256,19.472569,19.376778,2.4916878,11.344285
2.6737473,7.325243,7.774546,4.651496,173.96916
11.003643,7.7972317,8.216223,3.2064114,29.139544
15.564379,11.170756,13.440573,4.3936224,28.228704
16.343998,13.024345,13.099997,3.3196526,20.311142
7.0927334,5.1433787,5.758712,1.9493546,27.48383
7.333355,4.997583,5.5979567,2.335772,31.851343
6.4409485,11.1576185,11.434666,4.71667,73.22943
3.5080085,6.5113153,7.0698357,3.0033069,85.61288
4.912069,6.800193,7.3027287,1.888124,38.438465
33.917595,28.73989,27.782537,5.177706,15.265545
34.86567,37.42733,35.973682,2.5616608,7.3472295
4.934161,6.3368635,6.8777494,1.4027023,28.428385
9.15477,8.675208,9.331388,0.4795618,5.238382
3.6818974,2.46612,3.2708087,1.2157774,33.020405
17.756111,14.895057,14.881599,2.8610544,16.11307
41.166996,33.308716,32.061577,7.85828,19.088787
6.7469296,3.8501592,4.600305,2.8967705,42.93465
12.439455,11.630448,11.942455,0.8090067,6.503554
11.286224,10.877022,11.092149,0.40920258,3.6256816
41.756084,40.874153,39.202007,0.8819313,2.1121025
10.403866,12.177474,12.353382,1.7736082,17.047588
4.302889,4.6963086,5.3190007,0.39341974,9.143153
16.171307,14.091877,14.088024,2.0794296,12.858761
10.895865,11.619765,11.786868,0.72389984,6.643803
2.3541799,3.9846287,4.680842,1.6304488,69.257614
6.610036,9.812516,10.1157465,3.2024803,48.44876
41.917088,40.27527,38.55538,1.641819,3.916825
2.0688274,3.481565,4.198695,1.4127376,68.28687
44.637558,42.55552,40.672726,2.0820389,4.664321
4.3472786,5.7934213,6.353179,1.4461427,33.265472
8.356812,7.1857386,7.665103,1.171073,14.013395
9.482258,12.069466,12.266029,2.5872078,27.284721
7.822054,5.9905834,6.7835803,1.8314705,23.414188
37.24868,34.716064,33.595,2.5326157,6.799209
11.530182,10.730293,10.96372,0.7998886,6.937346
2.8675127,6.218676,6.7497826,3.3511634,116.866554
7.5216346,9.327062,9.665244,1.8054271,24.003122
2.470389,4.364127,5.240996,1.8937383,76.65749
39.581444,37.524006,36.02737,2.057438,5.197986
3.8831458,4.771666,5.4042487,0.88852024,22.881453
42.179806,41.62671,39.827835,0.5530968,1.3112833
38.29699,37.66799,36.168068,0.6289978,1.642421
36.97792,26.791147,26.006727,10.186773,27.548258
9.642061,8.315216,8.833092,1.3268452,13.761011
8.927984,7.83854,8.321941,1.0894442,12.202577
14.845868,9.46882,10.73777,5.3770485,36.21916
42.913475,44.05845,42.36443,1.1449738,2.6680984
17.827396,19.034712,18.724644,1.2073154,6.772248
7.091074,5.5663886,6.1324987,1.5246854,21.501472
25.47133,22.96347,22.498137,2.5078602,9.845815
6.726252,7.9130325,8.340149,1.1867805,17.644009
2.8099828,5.6492596,6.425806,2.8392768,101.042496
3.9934406,5.360603,5.962757,1.3671622,34.235195
49.547153,41.784077,40.257244,7.763077,15.668058
20.089811,25.951122,25.197834,5.861311,29.17554
5.9553585,6.32164,6.8795395,0.3662815,6.1504526
42.79741,40.06952,38.382458,2.72789,6.3739605
0.6473936,1.6856301,2.8715672,1.0382365,160.37175
40.297882,38.359566,36.742058,1.9383163,4.809971
43.240654,43.527767,41.577026,0.2871132,0.663989
40.643696,40.022125,38.396492,0.6215706,1.5293161
13.666058,12.827876,12.916019,0.8381815,6.1333084
44.123943,43.34358,41.412872,0.780365,1.768575
6.941224,5.2317047,5.861214,1.7095194,24.6285
6.463434,8.601742,9.005404,2.1383076,33.08315
4.616056,5.4178877,6.011435,0.8018317,17.370495
6.2644954,6.4738874,6.97817,0.20939207,3.342521
13.243491,13.132459,13.192062,0.111032486,0.83839285
39.85186,39.088867,37.42663,0.76299286,1.9145727
8.123535,8.122687,8.515911,0.00084781647,0.010436546
7.633271,5.771467,6.360668,1.861804,24.390644
23.580008,29.977982,28.985336,6.397974,27.133045
3.9533622,4.600578,5.232932,0.6472156,16.37127
39.853504,38.793217,37.146156,1.0602875,2.6604624
32.487244,29.5792,28.608034,2.908043,8.951338
49.641903,41.923428,40.464607,7.7184753,15.548306
37.116737,33.086903,32.740047,4.0298347,10.85719
7.05139,4.527036,5.1790423,2.524354,35.79938
42.407764,42.58259,40.830235,0.17482376,0.4122447
20.111984,18.87399,18.578375,1.2379951,6.15551
34.127045,31.846302,30.706577,2.2807426,6.6830945
9.449555,12.501887,12.617361,3.052332,32.301327
8.81271,5.933987,6.513501,2.8787227,32.665577
5.4975057,5.0093975,5.624608,0.48810816,8.87872
8.912015,12.150172,12.351481,3.2381573,36.33474
39.71232,39.243298,37.565865,0.46902084,1.1810462
11.718873,13.4056425,13.583804,1.6867695,14.393615
4.4774547,4.0550666,4.720599,0.42238808,9.433665
3.4967124,3.9744964,4.656665,0.47778392,13.663804
22.793549,19.825275,19.442646,2.9682732,13.022428
8.485168,9.086912,9.419125,0.6017437,7.091712
4.6450143,2.986209,3.817631,1.6588054,35.711525
3.8245146,4.5849905,5.2153845,0.7604759,19.884245
4.881456,4.0573792,4.735536,0.82407665,16.88178
13.243341,10.657656,11.551062,2.5856857,19.524422
7.3653703,4.1326046,4.797473,3.2327657,43.891422
11.973699,10.891625,11.121291,1.0820732,9.037084
39.109867,41.645657,39.940907,2.5357895,6.483759
4.422541,4.605367,5.2403383,0.18282604,4.1339593
26.18392,34.692196,33.44661,8.508276,32.494278
6.6709967,7.893097,8.339754,1.2221003,18.319605
41.892624,41.884525,40.07138,0.008098602,0.01933181
5.2125835,4.601347,5.2510505,0.6112366,11.726173
4.5257845,6.8203316,7.318452,2.294547,50.699432
41.805393,40.310387,38.59165,1.4950066,3.5761094
8.597124,7.2064266,7.7493086,1.3906975,16.17631
22.466568,19.593845,19.243216,2.8727226,12.786656
44.102203,40.481514,38.860653,3.6206894,8.20977
35.88485,31.181114,30.081623,4.7037354,13.107859
17.812357,15.073257,15.008928,2.7390995,15.377523
32.5258,29.624962,28.76067,2.900837,8.918572
5.634414,4.1110134,4.7766194,1.5234008,27.037428
3.4296281,5.699884,6.2706337,2.2702558,66.19539
5.3630943,5.8158383,6.3613057,0.452744,8.441843
14.928651,8.586369,8.991014,6.3422823,42.48396
34.90157,36.390602,34.966602,1.4890327,4.2663774
9.194162,8.8660345,9.481704,0.32812786,3.5688717
7.686141,10.10885,10.384777,2.4227085,31.52048
5.3728433,3.3363228,4.066402,2.0365205,37.903965
34.19836,29.620361,28.600376,4.577999,13.386604
15.437126,12.9730835,14.440831,2.4640427,15.961797
42.1186,43.728474,41.798824,1.6098747,3.8222418
36.2249,36.904697,35.400314,0.6797981,1.8766046
9.479189,10.105391,10.369402,0.6262016,6.6060677
41.072727,40.311302,38.583595,0.761425,1.8538458
5.147041,5.683981,6.2509847,0.5369401,10.432015
43.099266,44.106667,42.151054,1.0074005,2.337396
4.6789355,4.1073275,4.7722564,0.57160807,12.216626
25.922077,20.688408,20.267445,5.2336693,20.190008
8.137084,7.329829,7.829971,0.8072548,9.920689
28.251831,28.29442,27.708492,0.042589188,0.15074842
3.5370195,4.445759,5.090948,0.9087393,25.692234
8.837545,8.743548,9.097575,0.093997,1.0636098
16.054626,18.72056,18.414204,2.6659336,16.60539
10.066435,9.54536,10.06755,0.52107525,5.1763635
33.618587,31.757217,30.746866,1.8613701,5.536729
20.349966,19.66019,19.33809,0.68977547,3.3895657
32.118336,32.66841,31.443394,0.55007553,1.7126527
49.904675,42.04751,40.533897,7.8571663,15.7443495
32.991463,33.325783,32.13138,0.33432007,1.0133532
7.122362,6.482588,7.6247153,0.6397743,8.9826145
5.8865623,4.438661,5.086411,1.4479012,24.596722
27.376753,28.127413,27.331238,0.75065994,2.7419612
7.587502,5.706039,6.3711276,1.881463,24.79687
40.338554,39.13886,37.514824,1.1996956,2.974067
43.03867,41.720688,39.999332,1.3179817,3.0623198
35.173218,37.217403,35.73995,2.0441856,5.8117676
38.39565,39.3606,37.679108,0.96495056,2.513177
8.449549,6.52151,7.0629873,1.9280386,22.818243
7.7197924,7.6449785,8.240533,0.07481384,0.9691173
8.310537,12.499969,12.689811,4.189431,50.411076
38.779175,37.330273,35.804134,1.4489021,3.7362893
7.747559,3.8655534,4.5653715,3.8820057,50.10618
7.3262663,6.4821134,6.997826,0.8441529,11.52228
0.90752774,1.3820107,2.2716212,0.47448295,52.283024
3.2405694,6.519656,7.0302954,3.2790868,101.18861
6.4602056,4.8641415,5.482498,1.5960641,24.706089
4.454637,4.4083304,5.052502,0.04630661,1.0395148
7.2952676,5.50657,6.103253,1.7886977,24.518602
10.120672,11.9761305,13.115937,1.8554583,18.33335
33.84215,34.267994,32.97377,0.4258423,1.2583191
38.198273,36.369465,34.867657,1.8288078,4.7876716
10.907465,15.525871,15.683203,4.6184063,42.3417
4.07143,3.7962637,4.480818,0.2751665,6.758473
7.9129596,5.9930186,6.5526514,1.919941,24.263247
18.777596,19.189877,18.974333,0.41228104,2.1956007
10.339547,11.170922,11.401319,0.8313751,8.04073
12.88699,13.162847,13.407582,0.27585697,2.140585
12.344794,13.388332,13.472579,1.0435381,8.453264
42.760345,42.55477,40.83204,0.20557404,0.4807586
42.094536,41.721306,39.914577,0.37322998,0.8866471
7.48561,5.002135,5.637345,2.4834752,33.17666
9.673704,7.3472033,7.7968483,2.326501,24.049742
1.4286153,1.5949166,2.6915174,0.16630125,11.64073
37.197235,33.149822,31.98425,4.047413,10.88095
43.287636,40.712738,38.96131,2.5748978,5.9483447
31.239584,28.961552,28.007603,2.2780323,7.292134
38.377285,35.46925,34.258156,2.9080353,7.577491
35.547485,33.450356,32.143482,2.0971298,5.8995166
10.527459,10.157929,10.426667,0.36952972,3.5101511
3.0129635,6.503338,7.011285,3.4903743,115.84523
9.115971,8.032615,8.499143,1.0833559,11.884152
42.622215,41.334793,39.646473,1.2874222,3.0205426
7.9571834,7.225231,7.9752374,0.7319522,9.198634
8.438155,5.943448,6.550899,2.494707,29.564602
41.053234,41.35246,39.74437,0.29922485,0.72887033
4.125775,4.7436657,5.366068,0.61789083,14.976359
5.5233183,5.2108693,5.8082075,0.31244898,5.656907
43.044838,42.496513,40.637516,0.5483246,1.2738452
2.196007,6.2776012,6.8089404,4.0815945,185.86436
1.9842525,5.558614,6.135047,3.5743613,180.13641
27.590515,25.756271,24.97955,1.8342438,6.6480956
3.0795438,2.084784,2.9190452,0.9947598,32.30218
3.977424,4.869634,5.4994907,0.89221025,22.431862
39.100887,36.16489,34.785587,2.935997,7.5087733
2.9294245,6.03173,6.5914073,3.1023057,105.901535
5.405531,3.8936505,4.5776024,1.5118804,27.969137
6.086647,3.7603383,4.6323857,2.3263087,38.21987
2.5406497,4.3945117,5.0492935,1.853862,72.96803
41.94435,41.961792,40.36651,0.017440796,0.041580796
8.967942,8.472779,8.8506565,0.49516296,5.521478
5.5974565,6.26576,6.7823963,0.6683035,11.939415
23.145638,33.37335,32.24891,10.227711,44.188503
43.488346,41.235077,39.47461,2.2532692,5.1813173
44.3181,41.61281,39.806976,2.7052917,6.1042595
39.502007,40.074886,38.34079,0.5728798,1.4502549
9.22658,9.209089,9.560703,0.017490387,0.18956523
18.752121,21.125647,20.677198,2.3735256,12.6573715
41.04259,41.30148,39.725662,0.25888824,0.6307795
5.485206,4.9604893,5.842411,0.52471685,9.566037
6.1434364,7.007654,7.577555,0.86421776,14.067334
9.028598,10.838758,11.061784,1.8101606,20.049189
3.0056849,5.435129,6.0524087,2.4294443,80.82831
1.7731361,2.1331267,3.0076892,0.3599906,20.30248
40.71137,41.70813,39.872505,0.9967613,2.4483612
28.030554,25.070356,24.423794,2.9601974,10.56061
42.966606,42.82608,40.965336,0.14052582,0.32705823
16.771152,17.383871,17.227789,0.6127186,3.6534078
2.401552,2.6330159,3.484787,0.23146391,9.638097
37.189453,38.87618,37.290413,1.6867256,4.5354943
37.608395,36.40724,35.00744,1.2011528,3.1938422
49.942696,37.136196,35.89096,12.8064995,25.642387
30.478909,28.901701,27.925924,1.5772076,5.1747513
15.820147,19.089756,18.817963,3.2696095,20.667377
10.706336,9.020829,9.605392,1.6855068,15.743078
14.700606,11.287712,13.726092,3.4128942,23.216011
40.734856,41.660675,40.011417,0.9258194,2.272794
32.377396,35.78642,34.759117,3.4090233,10.529023
44.137035,42.26627,40.393345,1.8707657,4.2385397
5.646909,9.917609,10.418514,4.2707,75.62898
7.1893015,7.2192163,7.678732,0.029914856,0.4161024
40.050743,40.08327,38.505398,0.032527924,0.08121678
30.724943,30.210436,30.499262,0.5145073,1.674559
7.2104254,6.255371,6.7877717,0.9550543,13.245464
9.135911,8.41836,8.799811,0.71755123,7.854184
42.47716,41.9031,40.05789,0.57406235,1.3514612
32.26848,35.530216,34.32982,3.2617378,10.108124
6.7843294,7.2983675,7.749976,0.5140381,7.576844
7.144361,5.948468,6.5284576,1.1958928,16.738976
6.4771852,6.294562,6.839303,0.18262339,2.8194869
19.027052,22.687845,22.985611,3.6607933,19.23994
36.127663,35.294464,34.04232,0.83319855,2.306262
34.151497,36.03218,34.641037,1.8806839,5.5068855
44.181602,38.07996,37.75144,6.1016426,13.8103695
12.823937,13.497946,13.548714,0.67400837,5.2558613
8.599375,7.7119484,8.5636215,0.8874264,10.319661
3.769942,3.3825102,4.13221,0.38743186,10.276865
5.9045434,4.994801,5.621356,0.90974236,15.407497
8.593437,5.533015,6.1040287,3.0604224,35.613483
36.579845,29.670044,29.141033,6.9098015,18.88964
8.175861,6.2419715,6.8060923,1.9338899,23.653654
6.4272566,5.9156914,6.4596353,0.5115652,7.959309
9.122512,8.106535,8.50427,1.0159769,11.13703
41.222248,38.726284,37.095974,2.495964,6.0548954
49.93471,41.391567,39.932434,8.543144,17.10863
37.575043,31.955784,30.796162,5.619259,14.954764
40.417225,35.34597,33.977993,5.0712547,12.547261
9.524708,7.4648247,8.717952,2.059883,21.626734
34.035774,33.605637,32.377357,0.43013763,1.263781
6.356135,5.666498,6.24376,0.6896367,10.849937
23.471088,10.114408,10.712682,13.356681,56.90695
3.841718,3.9929452,4.670354,0.15122724,3.936448
7.1818013,7.4585733,7.9009247,0.27677202,3.8537967
2.885106,3.4545074,4.1659985,0.56940126,19.735886
10.48025,9.220982,9.652899,1.2592688,12.015636
10.266534,12.293513,12.890926,2.0269794,19.74356
41.689625,38.705765,37.10613,2.98386,7.15732
20.703953,19.598053,19.298927,1.1058998,5.341491
28.601112,25.993082,25.274141,2.6080303,9.118632
4.6835833,4.396524,5.0459194,0.2870593,6.129053
6.76426,4.916404,5.52949,1.847856,27.317934
37.848984,36.089863,34.66473,1.759121,4.647736
7.7892275,7.009388,7.5257816,0.7798395,10.011769
5.452501,5.4313555,6.0092587,0.021145344,0.38781
9.673335,6.3768473,7.0816107,3.2964878,34.07809
10.2807665,14.401849,14.5063305,4.1210823,40.085358
9.3225155,8.891474,9.244535,0.43104172,4.6236634
42.449657,40.78834,39.014687,1.6613159,3.9136145
37.3332,38.77383,37.136,1.4406319,3.8588493
36.55552,32.81322,31.599983,3.7422981,10.2373
3.552131,4.566721,5.198095,1.01459,28.562855
10.329516,8.578968,9.209982,1.7505484,16.94705
49.59614,40.999752,39.466377,8.59639,17.332779
6.5330706,4.6819253,5.31113,1.8511453,28.334997
28.204924,26.069092,25.72833,2.1358318,7.57255
6.0539103,6.119394,6.7284594,0.06548357,1.081674
35.43407,36.93099,35.498978,1.4969177,4.2245154
6.017689,6.788725,7.272478,0.7710357,12.81282
28.271227,26.227789,25.41829,2.043438,7.2279778
31.097448,29.58203,28.600258,1.515419,4.87313
43.893715,41.885067,40.04918,2.008648,4.576163
44.310333,40.138493,38.507378,4.1718407,9.415051
7.068584,4.215123,4.87873,2.8534608,40.36821
19.580067,16.836626,16.658855,2.7434406,14.011395
29.961779,29.346048,28.470673,0.6157303,2.0550525
6.460177,5.007037,5.6120806,1.4531398,22.493809
40.07414,39.111927,37.47867,0.9622116,2.4010787
9.581459,12.511104,12.64658,2.9296446,30.576183
10.114561,6.620388,7.14424,3.494173,34.545967
42.538223,42.382473,40.51766,0.15575027,0.36614195
37.38907,35.758717,34.349716,1.630352,4.3605046
7.6003895,7.894121,8.339277,0.2937317,3.8646927
40.267746,36.460934,35.02777,3.8068123,9.453751
8.93252,8.836094,9.323108,0.09642601,1.0794939
4.6450343,7.601528,8.040918,2.9564939,63.648483
6.684391,4.277566,4.985788,2.406825,36.00665
40.80707,39.368702,37.70273,1.4383698,3.524805
4.1201525,4.967702,5.5778546,0.84754944,20.570827
5.5224714,5.8437862,6.3935328,0.3213148,5.8183155
42.454426,41.14068,39.369705,1.3137474,3.0944886
42.30106,39.59781,37.893307,2.703251,6.3905034
41.87877,41.34715,39.551792,0.53162,1.2694261
39.272774,38.16288,36.611507,1.1098938,2.8261151
43.880188,42.519592,40.645947,1.3605957,3.100706
42.9416,42.210457,40.418564,0.73114395,1.7026472
22.971968,19.61574,19.274939,3.3562279,14.610103
20.861492,18.299896,18.084146,2.561596,12.279064
4.1908755,4.458422,5.09823,0.26754665,6.3840275
6.0371985,7.074541,7.5555673,1.0373425,17.182514
17.069143,18.159082,17.931814,1.0899391,6.3854356
21.729034,15.133476,15.678184,6.595558,30.353662
4.8556256,3.5967736,4.3045382,1.258852,25.92564
6.881965,5.237961,6.1084456,1.6440043,23.888588
37.496376,38.58843,37.289978,1.0920525,2.9124215
2.2775435,4.7501717,5.385393,2.472628,108.565575
7.950464,16.476606,16.44981,8.526142,107.240814
3.5586402,5.691047,6.302738,2.132407,59.92196
3.6231563,5.8095117,6.398635,2.1863554,60.34394
35.813198,33.87538,32.61594,1.9378166,5.4109006
9.999695,9.357166,10.524255,0.64252853,6.4254813
4.1697783,4.591558,5.2208824,0.42177963,10.115157
43.527092,41.681988,39.878624,1.8451042,4.238979
3.5230896,5.89845,6.454788,2.3753603,67.422646
42.171623,39.702995,38.042175,2.468628,5.8537655
4.7284803,5.0468116,5.688331,0.31833124,6.73221
9.99604,10.289646,10.678963,0.2936058,2.937221
10.122687,10.977323,11.509111,0.85463524,8.44277
22.264149,20.282312,19.881866,1.9818363,8.901469
7.3350906,5.1410728,5.738153,2.194018,29.911259
48.69483,24.280369,24.074253,24.414463,50.137688
18.369127,13.033025,13.15348,5.3361025,29.049297
13.017195,12.974923,13.777976,0.042271614,0.32473674
1.6758697,4.1795716,5.783429,2.503702,149.39717
5.8601046,4.782212,5.412549,1.0778928,18.393745
9.761951,7.5421534,7.999571,2.219798,22.739286
5.9546313,8.015603,8.419292,2.0609717,34.61124
8.441827,6.861672,7.4191775,1.5801549,18.718163
22.153353,19.17158,18.861046,2.9817734,13.459694
39.801357,39.721107,38.024746,0.08024979,0.20162575
33.649242,34.38645,33.072163,0.7372093,2.1908646
40.10896,38.557285,36.942097,1.5516739,3.8686466
4.5585165,4.43477,5.0730753,0.123746395,2.7146199
3.883605,6.190462,6.858634,2.306857,59.39989
8.005792,6.0864625,6.637205,1.9193292,23.974258
17.654058,14.776456,14.737567,2.8776026,16.29995
38.289062,37.77312,36.21738,0.5159416,1.3474909
3.9413178,5.482751,6.066346,1.5414331,39.10959
43.34399,42.142384,40.400127,1.2016068,2.7722569
7.72003,6.3773975,6.9901977,1.3426323,17.391542
3.2320266,3.4295287,4.1545877,0.19750214,6.110783
26.166084,27.896746,27.02626,1.7306614,6.6141396
40.092846,36.760452,35.307762,3.3323936,8.311692
43.618237,42.397217,40.521584,1.2210197,2.799333
7.2183137,8.591775,8.989452,1.3734612,19.027454
20.398926,17.925749,17.667439,2.473177,12.124055
26.650248,25.509912,24.749292,1.1403351,4.278891
41.54745,41.632378,39.835247,0.084926605,0.2044087
12.732054,10.185545,10.742623,2.5465088,20.00077
43.140774,41.467285,39.648537,1.6734886,3.8791344
5.8088317,7.822443,8.645724,2.0136113,34.664654
23.991821,23.167904,22.710909,0.8239174,3.4341595
39.6238,37.340637,35.961937,2.2831612,5.7620955
5.778293,5.146617,5.7636876,0.6316762,10.931882
2.6756234,6.5404367,7.119692,3.8648133,144.44534
8.818161,9.393738,9.888623,0.5755768,6.527175
34.9004,33.943806,32.651157,0.95659256,2.7409215
4.60614,6.46167,7.0670476,1.8555298,40.283833
30.01657,32.71891,31.561785,2.702341,9.002831
42.09669,39.542492,37.8359,2.5541992,6.0674586
37.59373,36.167408,34.67862,1.4263229,3.7940447
2.5713577,5.8231125,6.3894515,3.2517548,126.46062
5.8941145,8.618722,9.078054,2.7246075,46.225903
44.87545,42.765488,40.864296,2.1099625,4.701819
6.842506,5.071393,5.677186,1.7711129,25.883982
6.2140584,6.531705,7.057815,0.3176465,5.11174
10.496158,8.667486,10.518995,1.8286715,17.422295
24.04727,18.627218,20.564676,5.4200516,22.539154
18.764357,15.77739,15.677783,2.986967,15.9183035
2.729888,3.7702231,4.5181503,1.0403352,38.109077
15.726387,12.28749,13.708884,3.4388971,21.867052
23.032745,19.163054,18.88765,3.8696918,16.800827
31.844578,33.5798,32.332054,1.7352219,5.4490337
35.67186,35.83167,34.37569,0.15980911,0.4479977
10.323547,9.334939,11.584094,0.98860836,9.576247
39.92499,40.61076,38.849785,0.6857681,1.7176412
12.178805,11.9936495,12.153275,0.18515587,1.5203122
41.21815,38.068485,36.534912,3.1496658,7.6414533
18.083084,15.7451515,15.75907,2.3379326,12.928838
8.746525,9.5243845,9.830591,0.7778597,8.893356
41.67467,40.118996,38.409378,1.5556755,3.7329042
6.3671756,7.802762,8.247506,1.4355865,22.546675
3.421676,5.5087953,6.103593,2.0871193,60.99699
10.595371,10.746817,10.975269,0.15144539,1.4293542
7.0589943,6.8513846,7.335803,0.20760965,2.9410655
38.004692,38.019073,36.440857,0.014381409,0.03784114
10.35803,10.249516,12.744756,0.108514786,1.0476393
12.753992,13.220215,13.279221,0.46622276,3.6555045
43.81385,43.557865,41.88022,0.25598526,0.5842565
9.588403,5.655342,6.2649765,3.9330606,41.018932
35.280922,35.620155,34.20829,0.3392334,0.9615208
23.039333,28.81127,28.040482,5.7719364,25.052534
25.980797,27.136076,26.445396,1.1552792,4.446666
13.470981,11.323652,11.53088,2.1473284,15.940401
39.43816,37.697464,36.166515,1.740696,4.4137354
24.293251,21.83114,21.313717,2.4621105,10.134957
22.255869,18.720194,18.412418,3.535675,15.886484
19.910128,18.528141,18.309547,1.3819866,6.9411244
3.926148,6.078377,6.6466765,2.1522288,54.817825
9.956422,13.1976595,13.342546,3.2412376,32.554245
4.3181143,5.090836,5.717886,0.77272177,17.89489
2.0239115,5.6248794,6.1973057,3.600968,177.92122
6.5542865,6.5052752,7.0312977,0.04901123,0.7477737
7.568261,8.438907,8.844095,0.8706455,11.503904
12.828351,11.933118,13.0045805,0.89523315,6.978552
43.957676,41.91038,40.051334,2.0472946,4.6574225
5.7006507,4.6062655,5.2585926,1.0943851,19.197548
40.674107,39.881382,38.17118,0.7927246,1.9489663
7.57677,6.3839593,6.9223285,1.1928105,15.742995
44.139736,41.541687,39.749813,2.5980492,5.885965
11.213318,9.475594,9.807032,1.7377243,15.496968
41.473568,41.963715,40.37962,0.49014664,1.181829
11.909323,12.127136,14.4370575,0.21781349,1.8289326
34.354656,28.385553,27.440563,5.969103,17.374945
33.59992,36.512684,35.137463,2.9127655,8.668966
8.527805,11.260298,11.453734,2.7324924,32.042152
29.83251,30.531773,29.492153,0.6992626,2.3439617
19.442226,34.775127,33.650208,15.332901,78.863914
27.250315,27.151743,26.301424,0.09857178,0.36172712
12.074052,11.444047,11.637976,0.6300049,5.2178416
21.964113,18.861172,18.561777,3.1029415,14.127325
25.371235,23.203245,22.600113,2.1679897,8.54507
12.977276,10.266774,11.958189,2.7105017,20.886522
32.168243,33.957153,33.104443,1.7889099,5.5611053
21.577564,23.18376,22.624283,1.6061954,7.4438214
11.194562,10.899946,11.114138,0.29461575,2.6317756
3.239348,3.8705292,4.5504866,0.63118124,19.484825
27.397402,26.975706,26.18857,0.4216957,1.5391814
29.756212,28.07399,27.148563,1.6822224,5.653348
3.135444,3.9394274,4.623763,0.80398345,25.641775
41.55735,41.837193,40.005127,0.27984238,0.6733884
12.582247,9.77119,10.060297,2.811057,22.341455
13.709442,17.012657,16.818333,3.303215,24.094452
10.261049,9.767726,12.260302,0.49332333,4.807728
42.404827,40.56161,38.93845,1.843216,4.3467126
25.40779,24.237244,23.582724,1.1705456,4.607034
6.00515,7.1339855,7.591623,1.1288357,18.797794
40.92302,40.92241,39.17576,0.00061035156,0.0014914627
11.85242,11.207353,11.39479,0.6450672,5.442494
49.410305,26.763783,26.241333,22.646523,45.833603
2.3980458,3.60222,4.3210883,1.2041743,50.214817
22.503426,21.405588,20.959991,1.0978374,4.878535
44.712646,42.45621,40.613052,2.2564354,5.046526
9.238595,10.351284,10.608568,1.112689,12.0439205
43.099186,41.500587,39.754356,1.5985985,3.7091153
8.597586,8.828351,9.177387,0.23076534,2.6840715
3.948514,3.7607355,4.4588227,0.18777847,4.7556744
4.260372,4.948328,5.794279,0.68795586,16.147787
2.7028902,3.9164572,4.591268,1.213567,44.898865
7.416783,13.529656,13.712788,6.1128736,82.41948
6.819931,5.2245045,5.8338165,1.5954266,23.393589
44.900394,41.923477,40.166904,2.9769173,6.630047
41.557526,41.507298,39.78567,0.05022812,0.12086408
24.413721,23.916676,23.277206,0.49704552,2.0359268
2.3115962,2.7222478,3.5251598,0.41065168,17.764854
42.36762,39.42358,37.892147,2.9440384,6.948794
40.798763,39.97621,38.294456,0.8225517,2.0161192
40.78619,39.915493,38.2168,0.870697,2.134784
6.1938477,4.6474285,5.3097124,1.5464191,24.967018
29.31201,31.404621,30.349928,2.0926113,7.139092
8.687059,10.725746,10.96352,2.0386868,23.468088
29.184433,28.179155,27.231972,1.0052776,3.444568
3.4361825,4.2627997,4.915595,0.82661724,24.056269
15.522177,15.264709,15.238747,0.25746727,1.658706
36.693905,30.519018,29.493177,6.1748867,16.828098
27.68367,29.112967,28.182865,1.4292965,5.162959
6.854027,5.9340467,6.4963837,0.91998005,13.422475
10.797456,8.613117,10.408493,2.1843386,20.230122
10.354171,10.630119,10.879398,0.27594852,2.6650953
11.490014,9.992616,10.285715,1.4973984,13.032172
3.5503418,5.9833302,6.5381665,2.4329884,68.52829
4.498851,3.9973779,4.678433,0.50147295,11.146689
19.739481,21.136293,20.815996,1.3968124,7.0762367
23.28041,25.19876,24.488848,1.9183483,8.240183
37.04026,33.36686,32.089474,3.6734009,9.917319
8.803064,7.5738544,8.110707,1.2292099,13.963432
11.169607,7.4684324,7.963238,3.7011747,33.13612
24.055532,22.983887,22.566084,1.0716457,4.4548826
6.4495273,4.4530516,5.097027,1.9964757,30.95538
41.560352,40.689346,38.98356,0.871006,2.0957618
19.386208,17.189579,16.98805,2.1966286,11.330883
40.98379,40.05195,38.315346,0.9318428,2.2736862
9.953083,7.1525736,7.6118565,2.8005095,28.137104
44.475296,43.040894,41.155426,1.4344025,3.2251668
2.18836,3.4927416,4.212782,1.3043816,59.60544
36.24559,38.675056,37.33894,2.4294662,6.702791
13.161466,12.630188,12.725922,0.53127766,4.036615
42.143612,40.963852,39.18636,1.17976,2.7993803
5.616544,7.0498695,7.5327106,1.4333258,25.519712
9.803684,9.596176,9.892738,0.20750809,2.1166337
11.487155,14.728406,15.980479,3.241251,28.216307
39.72648,38.091442,36.607468,1.6350365,4.1157346
9.934626,8.650394,10.858657,1.2842312,12.926821
11.979544,10.905534,11.12939,1.0740099,8.965365
7.306241,5.5464425,6.142425,1.7597985,24.086237
43.54455,32.35495,32.803574,11.189602,25.696905
6.1745434,4.1722803,4.830248,2.002263,32.42771
30.366356,29.862226,28.964561,0.5041294,1.6601578
3.708434,4.127854,4.8180532,0.41941977,11.309889
43.760082,41.915558,40.450558,1.8445244,4.2150846
8.62734,6.8719597,7.455585,1.7553806,20.346718
7.781008,7.7908535,8.239239,0.009845734,0.12653546
40.27743,23.320717,22.876022,16.956715,42.099792
2.4401643,3.4477158,4.169107,1.0075514,41.29031
35.33275,33.899788,32.669212,1.4329605,4.055616
32.770916,29.987274,28.95598,2.7836418,8.494246
27.376661,30.562317,29.483364,3.1856556,11.636392
5.8713527,7.3025217,7.7514377,1.431169,24.375456
7.373001,7.295685,7.754766,0.077316284,1.0486406
21.666792,24.40257,23.797386,2.7357788,12.626598
1.6785946,2.7496233,3.5297117,1.0710287,63.805088
9.775771,9.601778,9.975612,0.17399311,1.7798402
48.90141,33.666695,32.785316,15.2347145,31.153936
4.831376,3.979426,4.6668096,0.85195017,17.633696
2.5704951,3.9642973,4.636367,1.3938022,54.223103
43.09751,41.748207,40.01819,1.3493042,3.130817
38.21592,38.02616,36.433983,0.1897583,0.49654254
27.505146,18.394249,18.230345,9.110897,33.124336
14.83759,10.979652,11.189026,3.8579378,26.001108
27.7569,23.05156,22.512318,4.7053413,16.95197
14.553208,15.042116,14.9861145,0.4889078,3.3594503
6.074018,5.996831,6.5465274,0.07718706,1.2707744
3.8526235,3.074759,3.8404129,0.77786446,20.190514
40.491184,39.54893,37.921974,0.9422531,2.3270574
41.06897,39.44205,37.773663,1.6269188,3.9614308
5.9424486,4.2450423,4.8974767,1.6974063,28.564089
6.9377728,7.845934,8.282931,0.90816116,13.090096
4.078011,4.4519973,5.092115,0.37398624,9.1708
8.787753,10.022644,10.296016,1.2348909,14.052408
37.745075,35.63688,34.18064,2.1081963,5.5853543
6.4973307,6.025396,6.9876437,0.4719348,7.2635183
10.457668,9.254272,9.597792,1.2033958,11.507305
3.815889,4.0388937,4.706019,0.22300482,5.844112
14.584664,13.151162,13.276527,1.4335022,9.828833
13.942667,18.164848,17.953981,4.2221813,30.282452
31.941929,30.650604,29.607315,1.2913246,4.042726
19.244242,16.270157,16.130856,2.9740849,15.454414
2.0335479,5.6146507,6.2077255,3.5811028,176.10123
33.618393,30.953373,29.896757,2.66502,7.927268
17.979156,16.286518,16.14095,1.6926384,9.414449
17.27489,15.546724,15.484115,1.7281666,10.0039215
6.7621922,6.527052,7.0577936,0.23514032,3.4772794
4.9357595,3.842249,4.565978,1.0935106,22.15486
43.057816,40.913204,39.22975,2.1446114,4.9807715
9.127616,8.404406,8.801544,0.72321033,7.923321
14.28363,14.164413,14.181317,0.11921692,0.8346402
11.218289,9.520932,9.846996,1.6973572,15.130267
39.260468,33.967083,32.738327,5.2933846,13.482734
43.997913,43.454407,41.71014,0.5435066,1.2353009
43.452644,40.991264,39.28995,2.46138,5.664511
9.1111355,8.991576,10.747244,0.11955929,1.3122326
3.6980157,2.216727,3.0516326,1.4812887,40.05631
23.874994,27.433954,26.720667,3.55896,14.906642
41.68092,39.86134,38.160904,1.8195801,4.365499
34.21329,33.63929,32.46701,0.5740013,1.6777143
37.10338,35.946842,34.52054,1.1565361,3.1170642
35.06428,32.34574,31.159336,2.7185402,7.753018
18.642889,13.533876,13.627692,5.1090126,27.404617
22.874365,21.489313,21.005697,1.3850517,6.055039
12.489268,12.732978,14.134584,0.24370956,1.9513518
42.61606,40.942215,39.179688,1.6738434,3.9277291
49.989803,38.437737,37.36104,11.552067,23.108847
9.592773,7.9820366,8.443367,1.6107368,16.79115
17.725561,16.091513,15.987947,1.6340485,9.218599
6.5350575,5.581948,6.153628,0.95310974,14.584565
44.04547,41.167713,40.394928,2.877758,6.5336075
2.5589037,5.44887,6.022975,2.8899665,112.937675
18.44719,18.804075,18.506853,0.3568859,1.9346356
4.744556,4.4081326,5.0736046,0.3364234,7.090725
24.64873,22.518057,21.952946,2.1306725,8.644147
34.75601,35.778027,34.346413,1.0220184,2.9405518
34.81555,35.97944,34.574486,1.163887,3.343009
44.403103,41.72149,39.959618,2.681614,6.0392485
37.912964,37.619877,36.04829,0.293087,0.7730522
27.812572,34.909035,33.694424,7.0964622,25.515305
4.9945345,4.753896,5.3835654,0.24063826,4.818032
3.5554883,4.93523,5.551975,1.3797414,38.805958
20.075836,17.148773,16.950443,2.927063,14.58003
7.427732,8.606051,8.998682,1.1783195,15.863786
1.776104,7.226266,8.265767,5.450162,306.8605
44.249275,42.489906,40.61317,1.7593689,3.9760401
3.8406217,9.406264,9.760942,5.5656424,144.91513
3.6624913,5.1880584,5.7804613,1.525567,41.653805
6.7806873,8.247562,8.6454735,1.4668751,21.633131
5.306412,4.463372,5.1032476,0.84304,15.887194
39.395695,39.52809,37.83335,0.1323967,0.33606896
36.817562,44.296513,43.380882,7.4789505,20.31354
7.836432,7.132971,7.723105,0.70346117,8.976804
10.96,9.923117,12.43174,1.0368834,9.460615
23.682508,21.736883,21.26972,1.9456253,8.215453
38.50703,39.305767,37.628963,0.7987366,2.0742617
10.410148,9.529382,9.833098,0.8807659,8.460648
26.301825,10.319488,11.027249,15.982337,60.765125
20.175337,22.261948,21.711397,2.0866108,10.342383
5.9189315,7.39375,7.8658657,1.4748187,24.916975
18.799541,15.78426,15.6764145,3.0152817,16.039124
12.020112,9.570234,10.143056,2.4498777,20.381489
3.9184048,5.3337073,5.9222713,1.4153025,36.119354
42.209854,41.990746,40.202766,0.21910858,0.51909345
5.4167,4.359325,5.005765,1.057375,19.520649
7.1156797,4.8118677,5.433037,2.303812,32.376556
43.757,40.821342,39.27494,2.9356575,6.7090006
1.2864922,1.2614558,2.1596582,0.025036454,1.9461023
36.50634,34.416695,33.142548,2.0896454,5.7240615
4.091787,6.125258,6.707596,2.033471,49.696407
24.215591,24.34209,23.67596,0.12649918,0.5223873
10.899114,7.204362,7.7505774,3.6947517,33.89956
6.2519417,5.0063004,6.170641,1.2456412,19.92407
39.2194,39.646305,37.97189,0.4269066,1.0885087
43.93451,41.477673,39.688778,2.4568367,5.592043
5.487317,4.394975,5.0401225,1.0923419,19.906666
3.6290102,4.098494,4.7705503,0.46948385,12.936968
2.3498168,2.5707786,3.4193194,0.22096181,9.403363
5.296575,9.132574,9.585181,3.835999,72.42414
1.047349,2.2004097,3.4821982,1.1530607,110.09326
42.32271,40.25699,38.55621,2.0657196,4.8808775
7.3716435,4.471464,5.119764,2.9001794,39.342373
6.3062296,7.3251143,7.792077,1.0188847,16.156796
44.63261,43.540127,41.709175,1.0924835,2.4477248
6.8639636,5.2598786,5.9030824,1.604085,23.36966
9.639573,11.147979,11.842165,1.5084057,15.648056
40.017517,33.496677,32.327297,6.5208397,16.294964
4.917066,3.5912871,4.455198,1.325779,26.962805
1.1425492,2.4974651,3.3368526,1.354916,118.587105
43.075325,41.50079,39.68692,1.5745354,3.655307
43.946808,40.67726,39.03894,3.2695465,7.4397817
43.092438,42.826374,40.925735,0.2660637,0.6174255
11.171615,17.098848,17.047144,5.9272337,53.0562
24.387783,25.108007,24.472383,0.7202244,2.953218
4.2013383,4.370024,5.025608,0.16868591,4.015052
41.288765,38.508564,36.88829,2.780201,6.733553
41.10641,38.06118,36.54698,3.0452309,7.408165
41.556587,40.715572,39.009827,0.84101486,2.0237823
10.975869,11.021216,11.236527,0.045347214,0.41315374
40.730976,40.0043,38.303444,0.72667694,1.7840892
11.610753,12.49065,14.726543,0.8798971,7.578295
27.944319,23.261112,22.655603,4.6832066,16.759066
3.0845385,4.341165,4.9915795,1.2566266,40.739532
8.322006,7.720644,8.149735,0.6013622,7.226169
44.947247,43.45089,41.548805,1.496357,3.3291404
40.52905,40.596733,38.866028,0.06768417,0.16700163
21.889763,27.84603,27.049984,5.9562664,27.210283
29.342772,27.850471,26.95882,1.4923,5.0857506
3.4112074,5.9727,6.5134,2.5614927,75.0905
6.015786,6.13661,6.663309,0.12082386,2.0084467
44.528526,43.515614,41.710434,1.0129128,2.2747502
10.767099,11.008297,11.513009,0.24119759,2.2401352
9.111585,8.277342,8.670131,0.8342428,9.1558485
6.4940276,6.9358625,7.4256043,0.44183493,6.8037124
11.170401,11.71341,11.886505,0.54300976,4.8611484
6.793525,6.599624,7.1137877,0.19390106,2.854204
38.0343,31.487385,30.356667,6.546917,17.213192
10.0217905,8.310937,8.695275,1.7108536,17.071337
37.77049,35.629673,34.182625,2.1408157,5.6679587
7.6869397,7.6796846,8.263292,0.0072550774,0.09438187
9.776941,8.494377,8.972714,1.2825642,13.118255
4.5326056,5.614015,6.1949573,1.0814095,23.85845
43.73596,41.788464,39.936726,1.9474945,4.452845
32.9307,30.610212,29.54347,2.320486,7.046574
11.473285,9.382929,10.318858,2.0903559,18.219332
38.219093,38.096104,36.502773,0.122989655,0.3218016
8.013273,6.4831605,7.2407217,1.5301127,19.094728
24.556402,23.313835,22.751453,1.2425671,5.0600533
43.48702,43.054775,41.133244,0.43224335,0.9939595
5.933466,4.401087,5.0441933,1.5323792,25.826038
4.531875,3.8169026,4.5289993,0.7149725,15.776527
39.8708,32.526176,31.321571,7.3446236,18.421059
2.8430643,4.6602263,5.2910547,1.817162,63.915615
44.41244,43.27666,41.372284,1.1357803,2.5573473
5.0872407,5.2800837,5.865917,0.19284296,3.7907183
44.765648,41.04991,39.340378,3.7157364,8.300419
31.719559,31.573772,30.770391,0.14578629,0.45961007
24.549574,24.439014,23.774355,0.11055946,0.45035186
20.655062,17.149681,16.963036,3.5053806,16.971048
8.901643,10.503395,10.743325,1.6017523,17.993896
34.963917,33.2872,32.14371,1.6767159,4.795561
4.0314183,4.3697214,5.020009,0.3383031,8.391664
40.007015,40.386696,38.637756,0.37968063,0.94903517
34.775166,35.825138,34.40378,1.0499725,3.0193172
10.139753,11.081555,11.644035,0.941802,9.288215
2.7492146,3.6453547,4.3916864,0.8961401,32.596222
42.62667,42.41332,40.58393,0.2133522,0.50051343
25.042007,24.138487,23.494009,0.9035206,3.6080198
38.193314,38.15457,36.821873,0.038742065,0.10143677
8.497626,7.9060946,8.370688,0.59153175,6.961141
9.166026,9.239557,9.56245,0.07353115,0.8022141
41.091904,36.025948,34.67148,5.065956,12.328356
5.5777855,7.3054533,7.766983,1.7276678,30.974081
5.9845004,4.6669703,5.326251,1.3175302,22.015709
11.806073,9.772073,10.93442,2.0340004,17.228424
30.369526,38.64306,37.437656,8.273533,27.242878
6.320761,4.7630544,5.3944387,1.5577068,24.644293
11.829649,11.994294,12.639201,0.1646452,1.3918012
7.046257,5.86611,6.4198055,1.1801472,16.748568
44.771996,42.11783,40.368652,2.6541672,5.928186
5.9841275,4.7831974,5.412771,1.2009301,20.068592
7.1026845,8.529617,8.904632,1.4269328,20.09005
25.86904,24.009176,23.352848,1.8598633,7.1895337
42.97562,40.1834,38.48822,2.792221,6.497221
3.729834,5.198421,5.799124,1.4685869,39.374054
8.541828,6.951605,7.464728,1.5902233,18.616898
41.69045,37.916847,36.34388,3.7736015,9.051477
9.905086,10.020863,10.588134,0.115777016,1.1688644
24.172564,22.213486,21.688683,1.9590778,8.104551
4.366395,4.6393867,5.2798085,0.27299166,6.252106
19.261677,21.751492,21.247147,2.4898148,12.926262
43.986866,40.894993,39.359783,3.0918732,7.029083
1.1977059,1.6324439,2.8173645,0.43473804,36.29756
12.645931,10.715804,11.7838125,1.9301271,15.262831
36.79788,36.51837,35.293102,0.27950668,0.7595728
42.39988,41.284275,39.488518,1.1156044,2.63115
6.0158343,6.270125,6.8123465,0.25429058,4.227021
5.6319256,4.4684443,5.110176,1.1634812,20.658676
29.417837,39.528748,38.00811,10.11091,34.37
34.915398,34.61128,33.276176,0.3041191,0.87101716
41.7171,42.271687,40.391106,0.5545883,1.3294029
7.596414,5.4629264,6.6756268,2.1334877,28.085459
43.7958,43.697346,41.778427,0.09845352,0.22480129
44.038914,40.625763,39.01521,3.4131508,7.750306
43.047398,40.247124,38.724434,2.800274,6.505095
7.1259465,4.723963,5.3696365,2.4019837,33.707577
27.03646,24.17658,23.717953,2.8598804,10.577866
4.8603754,3.998179,4.6861057,0.86219645,17.739298
11.573554,7.9967804,8.512651,3.5767736,30.904713
42.422623,39.06769,37.47016,3.3549309,7.908354
28.492332,27.495869,26.673012,0.9964638,3.497305
5.0683994,6.5823045,7.0813274,1.513905,29.86949
6.137739,5.277781,5.9084435,0.8599582,14.010993
3.4715917,6.1933374,6.775124,2.7217457,78.40051
10.752654,14.203986,15.788555,3.451332,32.09749
28.128212,29.662485,28.80522,1.5342731,5.4545703
6.554419,4.489374,5.1453323,2.0650449,31.506147
5.9469867,6.708349,7.415324,0.76136255,12.802493
36.952545,38.047615,37.223724,1.0950699,2.9634492
5.9485087,6.7676654,7.259288,0.81915665,13.77079
14.803897,10.935737,11.148421,3.8681602,26.12934
23.740534,22.39105,21.879232,1.3494835,5.6843014
14.057322,11.81692,12.024274,2.2404013,15.937612
4.599916,4.9588447,5.583873,0.35892868,7.80294
1.642546,2.6044347,3.405614,0.9618887,58.560833
6.4441433,6.0539975,6.6143346,0.39014578,6.0542693
5.1863847,5.2849903,5.896375,0.09860563,1.9012402
6.8406496,4.300574,4.955399,2.5400758,37.132084
5.9386115,4.2877855,4.944948,1.650826,27.798182
3.9571373,4.6847463,5.515502,0.7276089,18.387255
7.11332,7.1479034,7.70771,0.03458357,0.48618042
5.2477283,4.703001,5.3286476,0.5447273,10.38025
9.827961,6.118886,6.6962385,3.709075,37.740025
8.184365,9.208451,9.533104,1.024086,12.512712
13.417244,12.126939,13.0264435,1.2903051,9.616768
10.279229,13.516066,15.270905,3.2368364,31.489098
5.380114,4.5654325,5.1978045,0.81468153,15.142459
39.037853,38.655,37.049454,0.38285446,0.98072624
6.214248,4.8723497,5.491729,1.3418984,21.593899
6.768354,6.783978,7.2695017,0.015624046,0.23083967
4.4289575,6.4559755,6.9740033,2.027018,45.767387
4.384726,6.3012056,6.81853,1.9164796,43.70808
3.909937,4.58109,5.210144,0.67115307,17.165318
2.800658,3.0194378,3.801667,0.2187798,7.8117285
18.492678,14.363578,14.348253,4.1291,22.328295
2.9273405,2.8412795,4.1733575,0.086061,2.939904
3.171949,3.8493857,4.5393877,0.6774368,21.357117
36.908764,34.776894,33.39922,2.1318703,5.7760544
41.19052,40.85898,39.183678,0.33154297,0.8049011
41.710186,41.95159,40.14139,0.24140549,0.5787687
11.388991,10.578916,10.810748,0.81007576,7.1127963
29.12417,27.304436,26.484062,1.8197346,6.2481933
12.01186,7.934641,8.3463,4.077219,33.94328
12.784588,13.993386,14.027076,1.2087984,9.455122
14.064778,14.468291,14.455418,0.40351295,2.8689606
27.795404,33.261078,32.18028,5.4656734,19.663946
9.212584,8.395502,8.9586735,0.81708145,8.869189
14.717829,20.421993,20.029629,5.7041645,38.756832
8.7569275,8.967417,9.572054,0.21048927,2.4036887
5.719062,6.9280825,7.4107213,1.2090206,21.140192
42.549126,40.801476,39.050156,1.7476501,4.1073704
12.5423355,10.0739565,10.35041,2.468379,19.680378
3.111812,4.0579543,4.7386236,0.9461422,30.404863
10.249538,7.025138,7.4965677,3.2244005,31.458984
7.9860225,5.4376836,6.0276213,2.548339,31.90999
11.681002,10.796338,11.079503,0.8846636,7.5735245
5.860865,5.9596915,6.600217,0.09882641,1.6862085
8.170842,5.9820623,6.5881157,2.1887798,26.787691
5.901887,7.6627407,8.1143055,1.7608538,29.835436
5.4960127,4.4225492,5.065423,1.0734634,19.531677
33.970383,35.882706,34.582726,1.912323,5.629383
39.035854,33.53226,32.307926,5.5035934,14.098817
8.375186,7.0632105,7.5536203,1.3119755,15.6650305
4.3524137,4.9508166,5.555188,0.598403,13.748761
39.85801,37.656193,36.146004,2.2018166,5.524151
13.490061,16.55773,16.41485,3.067669,22.740217
38.2451,39.53679,37.922295,1.2916908,3.3774023
9.009638,7.737172,8.203998,1.2724657,14.1233835
39.788998,37.35767,35.859783,2.4313278,6.1105533
8.115823,6.8196063,7.343366,1.2962165,15.971473
42.621834,41.446533,39.705177,1.1753006,2.7575083
43.99723,42.652866,40.85062,1.3443642,3.0555654
19.224272,16.19088,16.053541,3.033392,15.77897
22.62596,17.63342,17.76091,4.9925385,22.065533
34.4042,25.556004,24.997776,8.848198,25.718365
5.1678224,6.037925,6.5883775,0.8701024,16.836926
7.5765615,5.0299883,5.639529,2.5465732,33.6112
21.650024,18.970234,18.660799,2.6797905,12.377772
42.139153,43.130257,41.200294,0.9911041,2.3519793
36.117912,35.353077,34.06206,0.76483536,2.1176069
33.466087,33.58313,32.320843,0.11704254,0.34973475
37.410748,39.573418,38.04512,2.1626701,5.780879
41.993458,43.3661,41.432293,1.3726425,3.2687056
39.526485,39.081795,37.42366,0.4446907,1.125045
6.330093,8.53991,8.936836,2.2098174,34.909714
12.329316,12.310018,12.432316,0.019298553,0.15652575
3.1134536,5.403434,5.985241,2.2899802,73.551125
24.222197,22.24689,21.727118,1.9753075,8.154947
12.33223,6.616597,7.1428566,5.7156324,46.34711
1.8818876,3.0184827,3.7995565,1.1365951,60.39655
42.203514,40.745102,39.104534,1.4584122,3.4556653
10.568163,7.735424,8.157535,2.8327389,26.804459
24.520428,28.1202,27.193218,3.5997715,14.680704
26.00962,28.358187,27.547585,2.348566,9.029605
7.174524,4.5319324,5.184339,2.6425915,36.83299
44.72231,39.53631,38.20452,5.186001,11.5960045
4.3924913,3.9733481,4.6493,0.4191432,9.542266
9.369888,10.225777,10.689634,0.85588837,9.134457
4.858307,4.571543,5.2042427,0.28676367,5.9025435
39.549847,40.60155,38.99429,1.0517044,2.659187
7.553377,5.7397385,6.2978783,1.8136387,24.010963
42.183636,39.321148,37.692863,2.8624878,6.785778
35.015636,35.123535,33.743576,0.10789871,0.30814436
4.8407493,4.2900467,4.963035,0.5507026,11.376391
5.7173085,6.990989,7.499778,1.2736807,22.277628
3.9417782,4.0218163,4.689986,0.08003807,2.0305066
41.813156,43.001472,41.080864,1.1883163,2.8419676
14.538411,12.97297,13.073637,1.5654411,10.767622
39.7083,36.939293,35.462185,2.7690086,6.973375
40.527855,41.157402,39.381557,0.6295471,1.5533689
5.0921807,4.0824676,4.753625,1.0097132,19.828697
6.400841,6.66048,7.1616864,0.2596388,4.056323
9.201103,6.0667753,6.615361,3.134328,34.064697
3.4567978,6.157559,6.684225,2.700761,78.12898
16.341202,13.663874,13.711193,2.677328,16.383913
30.728268,28.764553,27.780846,1.9637146,6.39058
42.674084,42.877853,41.036865,0.20376968,0.4775022
44.80814,40.96068,39.18955,3.8474617,8.586524
30.610035,29.93889,28.93644,0.6711445,2.1925635
40.265194,38.703606,37.10712,1.5615883,3.8782585
7.601384,9.662026,10.005432,2.0606422,27.108776
33.156807,33.147896,31.915936,0.008911133,0.026875727
8.023922,7.0045137,7.6956787,1.0194082,12.704614
36.12614,37.077213,35.67428,0.9510727,2.632644
34.842674,24.308084,23.73421,10.53459,30.234734
32.47599,29.940676,28.910501,2.5353146,7.8067355
23.640568,22.685518,22.134514,0.9550495,4.0398755
39.035336,38.895214,37.24794,0.14012146,0.35896057
10.259167,6.32534,6.8843966,3.933827,38.344505
41.49409,38.77886,37.162315,2.7152328,6.5436616
39.617134,37.549824,36.09323,2.0673103,5.2182226
43.854343,41.063747,39.32281,2.790596,6.3633285
21.590506,19.936941,19.666784,1.6535645,7.658757
6.109592,7.1753235,7.6584663,1.0657315,17.443579
36.621017,33.794937,32.526897,2.8260803,7.717099
1.3910477,1.3549819,2.3042,0.036065817,2.5927088
39.09735,36.571507,35.360085,2.5258446,6.460398
24.789162,30.067432,29.04922,5.2782707,21.292656
11.299769,8.429509,8.987335,2.8702602,25.401052
43.994774,41.088406,39.425903,2.9063683,6.6061673
36.32046,30.237064,29.187452,6.083397,16.74923
8.144531,6.6373725,7.178717,1.5071588,18.505163
6.1430345,4.5561604,5.1924963,1.586874,25.832088
4.6995134,6.95978,7.4425745,2.2602668,48.09576
27.428967,22.237274,21.988073,5.1916924,18.927773
3.6693542,4.418678,5.077099,0.7493236,20.42113
3.3107717,7.720745,8.16451,4.409973,133.20076
14.064151,23.218779,22.962194,9.154628,65.091934
5.4900665,4.600949,5.235969,0.8891177,16.195026
3.8106859,5.3142824,5.9096503,1.5035965,39.45737
8.474929,6.451316,7.195649,2.023613,23.87764
20.306068,11.348337,11.689082,8.957731,44.113567
14.707102,15.026384,14.96892,0.31928253,2.170941
2.376364,2.482052,3.288397,0.105688095,4.4474707
37.718235,37.430992,35.97962,0.2872429,0.7615491
18.323326,21.448925,20.978064,3.125599,17.058031
3.2834165,3.8827724,4.590216,0.59935594,18.254032
5.867463,6.690484,7.1985903,0.82302094,14.026862
42.167656,39.322647,37.649982,2.8450089,6.746898
41.684845,40.941936,39.148617,0.7429085,1.7822028
9.005856,12.668533,12.807446,3.6626778,40.669956
10.574427,10.1740885,10.456846,0.40033817,3.785909
1.9410006,5.8614836,6.7268925,3.920483,201.98259
25.726137,31.945915,30.942648,6.219778,24.176882
34.882416,31.69196,30.572948,3.1904564,9.1463175
33.783813,34.935482,33.725887,1.1516685,3.408936
43.98463,43.901535,41.94263,0.08309555,0.18891951
11.0074415,10.381795,10.642254,0.6256466,5.6838512
38.056465,37.931854,36.391212,0.1246109,0.32743686
12.404219,11.750525,13.05837,0.6536932,5.2699265
17.864206,14.432143,14.428995,3.432063,19.211954
22.814293,24.772312,24.141008,1.9580193,8.582423
14.767214,20.230043,19.840038,5.4628296,36.99296
43.190094,41.062355,39.522194,2.127739,4.926451
8.170588,6.632445,7.223434,1.5381427,18.825363
6.0379553,8.459378,8.948021,2.421423,40.103363
43.177853,40.773907,38.996616,2.403946,5.567544
13.2330475,9.716917,10.010834,3.5161304,26.57083
14.515034,14.180855,14.174986,0.33417892,2.3022952
10.924891,9.186691,9.805336,1.7382002,15.910458
5.8672194,4.918849,5.566526,0.94837046,16.163881
42.047676,40.194496,38.497402,1.8531799,4.40733
37.12584,35.19095,33.842236,1.9348907,5.211709
8.254573,10.998735,11.252277,2.7441626,33.24415
7.024683,4.9187965,5.534931,2.1058865,29.978386
42.14562,40.904152,39.119225,1.2414665,2.9456599
6.0410366,5.2940845,5.912031,0.74695206,12.364634
6.6699886,7.8838024,8.318074,1.2138138,18.19814
37.93864,37.113552,35.625603,0.8250885,2.1747973
4.9727607,4.33242,4.982419,0.6403408,12.876968
4.2587233,4.2686663,4.926358,0.009943008,0.23347393
40.296837,36.659344,35.21354,3.6374931,9.026747
18.56975,22.883635,22.313654,4.3138847,23.230711
37.395336,36.64566,35.19465,0.74967575,2.0047307
16.900568,11.357332,11.579143,5.543236,32.79911
8.549429,7.2070227,7.6610937,1.3424063,15.701707
28.527555,27.570583,26.733513,0.9569721,3.3545535
7.6035705,14.848939,15.030703,7.2453685,95.28903
43.502426,41.24405,39.4614,2.258377,5.191382
41.934723,35.509163,34.14998,6.42556,15.322768
15.483841,13.017352,13.102148,2.4664888,15.929438
9.194355,6.7666693,8.158773,2.4276857,26.404089
37.802708,38.610184,37.001156,0.80747604,2.136027
24.25921,22.18337,21.666586,2.07584,8.556915
48.938316,40.61938,39.164238,8.318935,16.99882
40.198753,34.59987,33.538162,5.5988846,13.928005
44.281174,41.286987,39.518158,2.9941864,6.7617593
35.25269,30.237867,29.245474,5.014822,14.22536
9.7893,7.6951485,8.139918,2.0941515,21.39225
9.990168,6.33886,6.916527,3.6513076,36.549015
23.555168,21.156586,20.699114,2.3985825,10.182829
17.92963,16.629448,16.466818,1.3001823,7.251585
3.518529,6.2511024,6.7706504,2.7325735,77.662384
41.1774,39.39204,37.699493,1.7853584,4.3357725
8.761046,8.53476,9.168796,0.22628593,2.5828643
41.87628,41.719433,39.91009,0.15684891,0.37455308
42.041256,38.040977,36.76004,4.0002785,9.515125
7.956206,6.549478,7.074872,1.4067278,17.680887
5.834628,8.681321,9.063741,2.846693,48.789623
17.411655,14.327251,14.312702,3.084404,17.714594
12.198333,15.079861,15.055988,2.881528,23.62231
40.294483,40.76201,39.001705,0.46752548,1.1602716
4.0302434,4.1969705,4.856147,0.16672707,4.136898
42.092075,40.823456,39.236717,1.2686195,3.0139153
36.424877,32.68264,31.747633,3.742237,10.2738495
6.101006,4.427956,5.078882,1.6730499,27.422525
19.615828,17.727024,17.490606,1.8888035,9.628977
17.478224,24.073566,23.482946,6.5953426,37.734627
4.2799187,4.4000196,5.070148,0.120100975,2.806151
9.874076,9.084349,11.037815,0.7897272,7.997986
19.008883,17.19314,16.99381,1.8157425,9.5520735
49.91519,25.538656,25.154118,24.376535,48.835907
22.857574,18.946228,18.693813,3.9113464,17.111818
18.399086,16.225025,16.087414,2.1740608,11.816134
5.4945803,5.9829483,6.544585,0.48836803,8.888177
27.788294,28.050327,27.135647,0.26203346,0.9429635
35.95389,32.41319,31.23417,3.5407028,9.8478985
3.3784125,4.7205477,5.356442,1.3421352,39.7268
28.85685,26.70507,25.921917,2.1517792,7.456736
44.228134,44.472954,42.506367,0.24481964,0.55353826
9.231223,8.743044,9.1103325,0.4881792,5.288348
38.705803,39.403618,37.715626,0.69781494,1.8028691
30.769802,30.206715,29.224144,0.56308746,1.8300003
11.475592,11.333788,11.516775,0.14180374,1.2356987
42.14648,38.999878,37.391613,3.1466026,7.4658732
3.5120714,3.3242507,4.057059,0.18782067,5.34786
12.042168,14.017377,15.105261,1.9752092,16.40244
42.779305,42.190464,40.315125,0.5888405,1.3764611
31.654673,34.70791,33.371178,3.053236,9.645452
11.512389,7.6699104,8.1192875,3.8424788,33.3769
4.3843327,4.5723,5.2021275,0.1879673,4.28725
42.0596,41.831944,40.011154,0.22765732,0.5412731
10.499562,7.0732355,7.5481257,3.4263268,32.633045
37.815075,36.46072,35.07464,1.3543549,3.581521
43.46918,41.433674,39.63143,2.0355072,4.6826444
16.583439,19.773954,19.499262,3.1905155,19.239166
3.7527196,4.9550242,5.571564,1.2023046,32.03822
43.52818,42.474617,40.603615,1.0535622,2.420414
23.457403,24.632631,23.925667,1.1752281,5.010052
39.269238,38.122696,36.729107,1.1465416,2.919694
2.5030036,5.885271,6.4293103,3.3822675,135.12836
21.651884,22.967796,22.411278,1.3159122,6.077587
7.680502,7.499422,7.935684,0.18107986,2.3576567
2.5749319,5.744978,6.31019,3.170046,123.11185
12.442194,10.736946,11.225756,1.7052479,13.705362
21.31953,18.812525,18.504152,2.5070057,11.759197
42.80379,41.75414,39.984848,1.0496521,2.452241
6.2568297,5.188296,5.7847524,1.0685339,17.07788
40.310318,40.853123,39.08255,0.5428047,1.3465652
2.1612802,3.0808182,4.4843926,0.919538,42.54599
12.909878,12.152824,12.527852,0.7570534,5.8641405
5.8139443,6.6114,7.108138,0.7974558,13.716261
43.03486,42.960407,41.053425,0.07445145,0.17300265
3.9078784,4.545884,5.190234,0.63800573,16.326141
34.3753,33.419422,32.27343,0.9558792,2.7807152
38.587914,37.76018,36.27447,0.8277321,2.1450553
5.843468,6.0321283,6.5661097,0.18866014,3.2285645
34.543873,36.120907,34.760582,1.577034,4.5653076
29.815996,29.37945,28.408726,0.43654633,1.4641346
38.007866,40.439026,38.999588,2.43116,6.3964653
20.94741,26.259771,25.472303,5.312361,25.360466
41.001595,39.18623,37.53144,1.8153648,4.427547
4.992408,4.072255,4.7771435,0.92015266,18.43104
13.200026,11.928303,13.057866,1.2717228,9.634245
19.827122,17.57388,17.342987,2.2532425,11.364446
36.378765,34.223896,32.98305,2.154869,5.9234257
37.792267,37.32339,35.858536,0.46887589,1.2406663
4.526576,8.796581,9.2968025,4.270005,94.3319
41.29071,38.988453,37.352623,2.3022575,5.5757275
42.136387,40.90913,39.29823,1.2272568,2.912582
4.029856,4.457939,5.1850786,0.42808294,10.622785
42.718136,36.100708,34.945908,6.617428,15.49091
3.7498298,5.3668623,5.960581,1.6170325,43.12282
2.9547706,5.7172403,6.284346,2.7624698,93.49185
7.0764637,5.018502,5.6322746,2.0579615,29.081778
38.902554,37.8995,36.471535,1.0030518,2.5783699
8.953252,8.231552,8.6222725,0.7216997,8.060755
44.75253,41.434483,39.700874,3.3180466,7.4142103
39.689865,38.556614,36.9265,1.1332512,2.8552659
15.021133,14.976134,14.934272,0.044999123,0.29957208
7.261414,5.860507,6.413067,1.400907,19.292482
39.3687,27.978405,27.207355,11.390293,28.932358
25.48133,25.131311,24.420208,0.35001945,1.373631
34.907677,32.27756,31.084366,2.6301155,7.5344896
35.96657,36.402355,34.95327,0.4357834,1.2116345
42.75193,41.123604,39.409096,1.6283264,3.8087788
21.816942,27.699657,27.01987,5.882715,26.963978
24.421705,22.16929,21.632694,2.2524147,9.223003
8.890708,8.335198,8.843576,0.55550957,6.2482038
7.5288124,5.6836376,6.2483735,1.8451748,24.508179
38.855236,32.585697,32.485725,6.269539,16.135633
5.3866844,4.864834,5.509326,0.5218506,9.687788
31.97755,31.196232,30.221443,0.78131866,2.443335
3.543061,5.447152,6.0231047,1.9040911,53.741417
19.616037,19.613361,19.28894,0.0026760101,0.013641951
26.395166,26.055174,25.368511,0.33999252,1.2880863
3.7639916,6.070237,6.7183337,2.3062456,61.271275
10.509287,9.146233,9.494423,1.3630543,12.969997
18.200283,17.01147,16.897099,1.1888123,6.531834
10.659429,8.698565,10.374889,1.9608641,18.395584
42.495255,33.40828,32.299362,9.086975,21.383505
44.257507,41.31197,39.572594,2.9455376,6.655453
3.2289708,3.9046688,4.5826244,0.67569804,20.926111
1.1815695,0.73601866,1.754156,0.4455508,37.70839
45.649944,40.894844,39.149273,4.7551003,10.416442
4.65069,4.1614842,4.8217216,0.48920584,10.518995
41.240566,41.5431,39.72799,0.3025322,0.73357916
3.0873141,3.6912928,4.394535,0.60397863,19.56324
3.4654198,10.757551,11.102076,7.2921314,210.42563
7.21845,7.9124928,8.331099,0.6940427,9.614843
41.54761,39.01654,37.409107,2.5310707,6.0919766
6.421328,7.6964197,8.150923,1.2750916,19.857132
10.219804,6.4785876,7.028864,3.7412162,36.607513
42.97129,41.510124,39.714924,1.4611664,3.4003317
37.149487,33.529083,32.257393,3.6204033,9.745501
10.690898,7.5226507,8.038058,3.1682472,29.634995
17.524124,17.624378,17.492413,0.10025406,0.5720917
43.992912,43.27411,41.84697,0.7188034,1.6339073
38.92169,37.52712,36.004642,1.3945732,3.583023
39.93876,37.27593,36.08703,2.6628304,6.6672835
43.584,43.159748,41.238026,0.42425156,0.97341126
36.790443,36.000084,34.569412,0.7903595,2.148274
43.971035,42.12393,40.30786,1.8471031,4.200727
4.279958,5.9395285,6.4782443,1.6595707,38.7754
29.566029,22.325815,21.8404,7.2402134,24.488285
35.794994,24.295996,23.830738,11.498999,32.1246
3.2911348,7.0233,7.8942227,3.7321653,113.40056
3.3716793,6.785255,7.361825,3.4135756,101.2426
4.242413,7.790248,9.182639,3.5478349,83.627754
26.250393,25.707891,24.961697,0.54250145,2.0666413
4.915019,7.6798773,8.116658,2.7648582,56.253258
5.8545675,6.821314,7.316665,0.96674633,16.512686
45.117546,42.27541,40.419186,2.8421364,6.299403
49.74308,23.01921,23.03938,26.72387,53.723793
1.0417889,2.7891054,3.579001,1.7473165,167.72269
3.3847542,6.235208,6.8029113,2.8504539,84.2145
7.7616353,8.016676,8.438352,0.25504065,3.2859137
10.881161,10.574572,10.845483,0.30658913,2.817614
42.474052,42.417126,40.541763,0.056926727,0.13402706
5.3831935,7.5010195,7.9784303,2.117826,39.341442
40.522675,39.89858,38.236454,0.6240959,1.5401154
22.336048,20.203785,19.797838,2.1322632,9.546287
4.8156514,4.1426425,4.80333,0.6730089,13.975449
22.485693,22.54058,22.125748,0.05488777,0.24410087
38.778984,37.220154,35.66327,1.5588303,4.019781
23.190271,23.429047,22.850477,0.23877525,1.0296354
37.262558,36.200256,34.79873,1.0623016,2.8508554
7.9480104,6.476094,7.145972,1.4719167,18.51931
40.29898,35.96672,34.529697,4.33226,10.750297
9.271946,8.679708,9.168176,0.5922384,6.387423
5.561821,4.364816,5.019511,1.1970048,21.521814
31.830547,33.69396,33.581963,1.863411,5.8541594
41.35008,40.58436,38.839188,0.76572037,1.851799
12.798545,14.849721,14.819159,2.051176,16.026636
38.263214,32.511982,31.345781,5.751232,15.030709
8.169114,20.766127,20.483519,12.5970125,154.20293
7.457024,4.984556,5.6039786,2.472468,33.156227
28.450401,28.98364,28.055157,0.53323936,1.8742771
7.618422,5.383362,5.9684396,2.2350602,29.337574
4.4661903,4.7547126,5.3747225,0.28852224,6.460142
9.219124,6.8994656,7.4114914,2.3196583,25.161373
39.777477,41.686142,39.912086,1.9086647,4.798355
16.382872,19.27377,19.186157,2.8908978,17.645855
11.269854,10.040607,10.314347,1.2292461,10.907383
9.597262,9.371248,10.035696,0.22601414,2.3549855
6.7043004,5.3764997,5.9632797,1.3278008,19.80521
33.08676,32.003323,32.44376,1.0834389,3.274539
32.59343,34.547657,33.25852,1.9542274,5.995771
8.918285,7.8389597,8.261091,1.0793257,12.10239
15.129131,15.183525,15.199038,0.05439377,0.35953
1.7877312,3.7378073,4.4638534,1.9500761,109.08106
38.245785,39.289455,37.626404,1.0436707,2.7288516
1.1424342,4.7509775,6.4571805,3.6085434,315.86444
19.358248,14.052496,14.408623,5.305752,27.408224
38.652683,37.91774,36.371758,0.7349434,1.9014033
37.433968,37.279522,36.152634,0.15444565,0.41258156
4.5820208,4.331066,5.00038,0.25095463,5.476942
33.66703,31.778076,30.714655,1.8889542,5.6106944
8.595433,5.001497,5.643384,3.5939364,41.81216
49.640976,42.61446,40.988827,7.026516,14.15467
7.757156,10.519802,10.866576,2.7626462,35.614162
20.24364,18.81501,18.543713,1.4286308,7.0571833
5.5669265,4.8027368,5.4258695,0.7641897,13.727319
41.90165,40.702816,39.001064,1.1988335,2.8610651
2.292477,5.3844957,5.971034,3.0920188,134.87677
18.72293,19.732965,19.464622,1.0100346,5.394639
43.033623,42.184822,40.347275,0.84880066,1.9724127
5.6913695,5.5103483,6.0961757,0.18102121,3.1806266
3.8486135,8.064825,8.717856,4.2162113,109.55143
2.7339892,3.2664948,3.9947355,0.5325055,19.477234
8.889175,8.3778,8.8155575,0.5113754,5.752788
44.53964,42.76342,40.87502,1.7762184,3.9879498
28.778696,28.118345,27.34474,0.6603508,2.2945821
13.715338,13.894444,13.904423,0.17910671,1.3058863
6.1451273,7.937414,8.368512,1.7922869,29.165983
13.195998,12.974453,13.051022,0.22154522,1.6788819
7.9538927,8.14975,8.54411,0.19585705,2.462405
22.789255,19.36402,19.01903,3.4252357,15.030046
21.80533,23.01506,22.936558,1.2097301,5.5478644
37.12288,37.90782,36.321804,0.7849426,2.1144443
37.649773,37.45884,35.909588,0.19093323,0.50712985
13.777082,10.107946,12.552789,3.669136,26.63217
11.339399,10.605822,11.10382,0.7335777,6.469282
8.972902,7.8139553,8.401024,1.158947,12.916078
13.652023,14.3250265,14.361928,0.6730032,4.929696
23.40948,20.929085,20.66716,2.4803944,10.595683
8.541729,8.551073,8.917396,0.009344101,0.10939355
43.784515,42.665016,40.853592,1.1194992,2.5568383
37.820057,38.403656,36.78849,0.5835991,1.5430942
15.627212,16.550238,16.391062,0.9230261,5.9065313
13.277016,14.534094,14.538103,1.2570782,9.468078
7.02211,5.2112594,5.800296,1.8108506,25.787842
42.51837,42.82725,40.920406,0.30887985,0.72646207
34.427692,34.086887,32.86691,0.34080505,0.9899155
1.4662044,3.9985495,4.6807017,2.532345,172.71432
7.0432067,6.555429,7.060359,0.4877777,6.925506
7.2490644,7.0887165,7.6369963,0.16034794,2.211981
26.274443,26.570818,25.781345,0.29637527,1.1279984
12.883732,12.088949,13.0909,0.79478264,6.168885
39.163845,37.684402,36.137035,1.4794426,3.7775724
6.482922,8.624767,9.033211,2.1418452,33.03827
6.0773435,7.240101,7.7056437,1.1627574,19.13266
35.44916,36.161163,34.776062,0.7120018,2.0085151
6.8878293,6.132663,6.694909,0.75516653,10.963781
4.218443,5.4809813,6.0649104,1.2625384,29.929016
39.45904,40.356197,38.62415,0.89715576,2.273638
10.984229,10.1698265,10.481829,0.8144026,7.41429
16.481447,13.292736,13.35632,3.1887112,19.347277
10.381943,10.394119,10.668427,0.012176514,0.117285505
14.611482,12.939021,13.026941,1.6724606,11.446208
40.17716,38.742805,37.090534,1.4343529,3.5700705
12.555402,10.865553,11.092686,1.6898489,13.459139
2.0219257,3.5412493,4.2511883,1.5193236,75.1424
35.871506,35.996845,34.566475,0.12533951,0.34941244
39.175503,38.934185,37.267563,0.24131775,0.6159915
28.796175,28.087982,27.170792,0.7081928,2.4593296
39.924675,37.753296,36.208057,2.171379,5.438689
5.4809837,5.8341913,6.3943734,0.3532076,6.444237
26.979404,21.38349,20.934277,5.595915,20.741432
33.97275,34.611855,33.283875,0.63910294,1.8812221
7.0906224,5.9791946,6.8342476,1.1114278,15.674615
11.1064,5.6199036,6.1968217,5.486496,49.39941
43.898468,44.040363,42.060696,0.1418953,0.32323518
7.2584047,9.052739,9.392612,1.7943344,24.720781
28.547958,33.181847,31.988375,4.6338882,16.231943
39.234848,39.827293,38.12317,0.5924454,1.5099978
42.00392,39.555813,37.88339,2.4481087,5.828286
5.7820473,4.5137315,5.1806765,1.2683158,21.935411
22.033014,18.884682,18.57167,3.1483326,14.28916
20.76721,20.902224,20.73608,0.13501358,0.65012866
30.524086,28.052835,27.261683,2.4712505,8.096067
8.849754,7.5924053,8.14716,1.257349,14.207727
3.5913248,3.6394353,4.336914,0.048110485,1.3396306
6.450458,4.2833095,4.940624,2.1671486,33.596817
18.260006,15.266455,15.18539,2.9935513,16.394033
14.668179,11.901173,12.053722,2.767006,18.864004
21.879639,19.275751,18.936333,2.6038876,11.900963
21.644737,14.332964,14.457309,7.3117733,33.780834
5.478017,5.521721,6.107373,0.043704033,0.7978076
29.382683,27.037819,26.175629,2.344864,7.980428
15.207496,12.363507,12.483999,2.8439884,18.701227
40.665382,40.15253,38.432526,0.5128517,1.2611506
7.561899,9.405081,9.736343,1.8431816,24.374586
3.7873244,4.7059183,5.3259754,0.9185939,24.254429
25.163898,27.045553,26.304127,1.8816547,7.477596
35.87362,31.89901,31.687256,3.9746094,11.079477
20.892391,17.70487,17.468126,3.187521,15.256851
5.802937,7.676443,8.107064,1.8735061,32.28548
26.091858,27.301008,26.561085,1.2091503,4.6342053
44.380547,40.686245,39.072666,3.6943016,8.324146
42.435406,39.60987,37.967022,2.8255348,6.658437
43.30926,40.699425,39.020943,2.6098366,6.0260468
41.09925,42.136272,40.282745,1.0370216,2.523213
10.000688,8.485571,9.240686,1.5151167,15.1501255
1.5621933,4.9363265,5.547403,3.374133,215.98691
13.928275,10.198639,12.541549,3.7296362,26.777445
40.622196,38.207333,36.641983,2.4148636,5.9446898
15.659128,15.476721,15.567272,0.18240738,1.1648629
41.7275,41.093826,39.28386,0.6336746,1.5186019
27.883377,28.940922,28.203255,1.0575447,3.7927425
2.490651,2.4989252,3.308176,0.008274317,0.33221504
21.483078,20.179306,19.852142,1.303772,6.0688324
7.7100563,6.101861,6.655136,1.6081953,20.858412
38.117317,35.196747,33.788277,2.9205704,7.6620564
44.791294,38.974983,37.352467,5.816311,12.98536
42.357914,40.969612,39.210968,1.3883018,3.27755
5.1900697,4.389425,5.1510267,0.8006449,15.426476
35.219685,25.941608,25.438097,9.278076,26.34344
11.728649,13.470709,13.560954,1.7420597,14.853028
24.116796,24.88983,24.263472,0.77303314,3.2053723
7.130344,5.53573,6.124263,1.594614,22.363773
8.812668,9.054692,9.386355,0.24202442,2.746324
4.8184237,5.2376685,5.8363523,0.41924477,8.70087
7.2591853,8.457126,8.843558,1.1979403,16.502407
4.2580957,5.5201483,6.112793,1.2620525,29.638895
44.448856,42.425037,40.606876,2.023819,4.5531406
6.802244,9.481215,9.825912,2.6789703,39.383625
38.057945,26.450603,25.852732,11.607342,30.499128
3.0111485,2.7874265,3.5520363,0.22372198,7.429789
12.8317175,9.852972,10.468747,2.9787455,23.213926
44.427017,41.555687,39.81384,2.8713303,6.4630275
20.521852,18.0548,17.808155,2.4670525,12.021587
11.6115465,11.956438,12.104893,0.34489155,2.9702466
42.81882,39.776817,38.123863,3.0420036,7.1043615
3.743964,3.3368545,4.0957146,0.4071095,10.873755
3.8890543,3.4217772,4.135262,0.46727705,12.015185
6.370717,7.255563,7.7081556,0.88484573,13.889264
2.0623004,3.024341,3.789061,0.96204066,46.648907
40.44244,41.114323,39.35412,0.6718826,1.6613306
23.253569,23.173124,22.62871,0.080444336,0.34594405
1.8149333,3.7178946,4.423978,1.9029613,104.850204
11.175947,11.403946,11.931548,0.22799873,2.0400841
31.041294,20.615734,20.50916,10.42556,33.5861
44.17056,41.258778,40.46068,2.9117813,6.5921316
43.664062,41.954025,40.14821,1.7100372,3.9163494
3.221082,3.9489465,4.8765507,0.7278645,22.596895
6.9265757,6.835865,7.4316616,0.09071064,1.309603
10.259531,9.302045,10.13494,0.95748615,9.33265
4.299103,7.279416,8.07454,2.9803133,69.32408
5.241455,4.1405835,4.810579,1.1008716,21.003168
6.7750964,7.125742,7.684828,0.35064554,5.175506
2.5249836,1.4667554,2.3478167,1.0582283,41.9103
6.7166286,3.658535,4.3645163,3.0580935,45.530186
18.852795,21.97216,21.466797,3.1193657,16.545906
7.897249,5.95385,6.551752,1.9433994,24.60856
0.89501303,1.3128982,2.3531463,0.41788512,46.690395
34.729206,31.032013,29.908264,3.6971931,10.645775
38.683723,41.441414,39.786037,2.7576904,7.1288133
42.477722,42.94096,41.02259,0.46323776,1.0905428
15.256075,12.984128,13.071236,2.271947,14.89208
4.1853576,4.5712843,5.2169647,0.38592672,9.220879
8.866545,6.8033214,7.318181,2.0632234,23.269756
2.1916564,1.290225,2.1827059,0.9014313,41.130142
18.84598,18.059097,17.829891,0.7868824,4.175333
34.05512,32.03377,31.343243,2.021347,5.935516
36.2388,35.515015,34.10428,0.7237854,1.9972664
4.0716767,3.5887551,4.33779,0.4829216,11.860509
9.075165,8.092795,8.868416,0.9823694,10.82481
4.4369636,6.204614,6.7690787,1.7676506,39.839195
6.0078464,4.7592435,5.3917074,1.2486029,20.78287
22.929848,23.259186,22.788244,0.32933807,1.4362855
24.47,18.650301,18.364742,5.8196983,23.782993
15.018475,18.363676,18.142714,3.3452015,22.273909
14.5616455,18.482725,18.22348,3.9210796,26.92745
39.47529,38.231457,36.629482,1.2438316,3.150912
16.933046,14.455234,14.436776,2.4778128,14.633
21.304413,16.421808,16.330235,4.8826046,22.918278
11.57069,11.335184,12.909103,0.23550606,2.0353675
49.48223,43.431965,42.057762,6.0502663,12.227149
40.38984,37.955585,36.3496,2.4342537,6.026896
40.85576,38.694756,37.22391,2.161003,5.2893476
40.34976,39.276123,37.628723,1.0736351,2.6608217
10.0086975,7.7494164,8.666005,2.2592812,22.57318
3.220569,5.5561624,6.456744,2.3355935,72.52114
13.7829485,11.391709,13.679469,2.3912392,17.349257
44.050262,42.57656,40.75534,1.4737015,3.3455
42.701797,43.639847,41.690437,0.9380493,2.1967444
37.09633,36.970657,35.485504,0.12567139,0.33877042
9.631405,7.767908,8.189872,1.8634968,19.34813
32.01957,30.696873,29.626396,1.3226967,4.130901
42.91194,43.59934,41.646465,0.687397,1.6018782
8.104054,5.0493975,5.666969,3.054657,37.692947
38.476845,36.575035,35.14408,1.9018097,4.942738
32.26057,27.510935,26.638222,4.7496357,14.722727
10.410754,6.096144,6.6672497,4.31461,41.44378
22.765654,23.19668,22.72835,0.43102646,1.893319
8.733683,7.9842043,8.395966,0.74947834,8.58147
1.3486146,2.3520474,3.1882317,1.0034329,74.40472
9.480108,7.330392,8.0223875,2.1497164,22.676073
5.4859805,4.339551,4.996043,1.1464295,20.89744
42.206738,39.51706,37.86763,2.6896782,6.3726277
38.62318,37.042747,35.50078,1.5804329,4.0919285
5.601991,4.7556996,5.3837733,0.84629154,15.1069765
44.957596,37.099842,35.6134,7.8577538,17.478146
23.037643,22.916445,22.369661,0.121198654,0.5260896
39.119164,33.82866,32.560318,5.2905045,13.524073
8.188712,9.25893,9.593397,1.0702181,13.06943
30.4376,31.577568,30.45853,1.1399689,3.7452655
42.335354,42.886444,41.02538,0.55109024,1.3017259
18.441896,14.007717,14.64262,4.4341793,24.044054
29.457628,30.397013,30.078854,0.93938446,3.1889346
11.94652,9.803016,10.094108,2.1435041,17.9425
4.3588214,5.8030376,6.3623767,1.4442163,33.133183
4.6490192,5.3906865,5.992632,0.7416673,15.953198
24.15986,26.571732,25.803776,2.411871,9.982967
9.798829,8.596048,8.973534,1.2027807,12.274739
1.3353323,2.2521293,3.0703077,0.91679704,68.656845
9.386212,6.2764163,6.844584,3.109796,33.131535
23.275198,22.649992,22.129961,0.625206,2.6861467
6.723656,8.316117,8.701898,1.5924611,23.684452
8.024525,6.8418756,7.3986063,1.1826491,14.737934
0.72851264,0.36591017,1.3253515,0.36260247,49.77298
44.174076,41.051094,39.297752,3.122982,7.069717
5.2737184,4.873716,5.583209,0.40000248,7.5848284
13.128743,9.66528,9.983958,3.4634628,26.380764
20.542425,17.763561,17.525642,2.778864,13.527438
3.381625,3.0306973,3.782862,0.3509276,10.377484
14.237994,12.98871,13.083263,1.2492838,8.774296
42.766464,39.720524,38.04615,3.0459404,7.1222644
19.268627,14.959052,14.938644,4.309575,22.36576
43.205612,43.674652,41.733017,0.46903992,1.0855995
8.141504,6.2923975,6.8839607,1.8491068,22.712101
34.200184,31.140644,30.072481,3.0595398,8.945974
3.7027187,4.9442563,5.5491796,1.2415376,33.53043
3.5846288,5.288453,5.9052124,1.7038243,47.531403
31.823572,31.762154,30.628136,0.061418533,0.19299698
6.872069,11.588905,11.861503,4.7168365,68.637794
17.025026,17.600029,17.441557,0.5750027,3.3773966
18.58588,19.64258,19.339493,1.0566998,5.6854973
24.178532,24.37693,23.717419,0.19839859,0.8205568
8.539838,6.5168114,8.287021,2.0230265,23.689283
43.297516,40.664753,38.882355,2.632763,6.080633
8.547009,6.3693595,6.8802586,2.17765,25.478502
20.621645,17.870564,17.622002,2.7510815,13.340747
43.189384,42.462616,40.680046,0.7267685,1.682748
10.553546,11.411779,11.598344,0.85823345,8.132181
7.5057774,5.7347035,6.713568,1.7710738,23.59614
43.027195,41.51068,39.69668,1.5165138,3.5245473
40.376102,39.321606,37.67106,1.0544968,2.6116853
18.383862,22.794945,22.243998,4.411083,23.994324
6.891066,4.821366,5.4547033,2.0697002,30.034544
4.5501595,6.316515,6.8353686,1.7663555,38.81964
8.739877,10.507705,10.788774,1.767828,20.227152
1.4126451,5.003854,5.6196527,3.5912087,254.21875
6.330215,6.6275425,7.123224,0.29732752,4.6969576
31.151243,27.81463,27.016283,3.3366127,10.711009
14.477547,14.796912,14.757257,0.3193655,2.2059367
42.44515,41.075825,39.35006,1.3693237,3.2261019
42.424217,40.264328,38.57572,2.1598892,5.0911703
42.7053,41.120068,39.449207,1.5852318,3.712026
18.92538,15.801508,15.691345,3.1238728,16.50626
40.516125,37.431744,35.912956,3.084381,7.612725
20.245958,18.502617,18.271,1.7433414,8.610812
18.267563,16.504847,16.583525,1.7627163,9.649434
43.37718,42.78303,40.88798,0.5941467,1.3697219
6.396252,6.4014,6.9120736,0.005147934,0.0804836
10.861,6.551289,7.1121435,4.309711,39.68061
40.109306,38.25754,36.662674,1.8517647,4.6167955
39.037594,35.459755,34.043392,3.577839,9.165111
21.021893,20.696415,20.262758,0.3254776,1.5482793
11.23799,13.68029,13.780246,2.4422998,21.732533
39.457985,28.854301,28.205444,10.603683,26.873354
12.198806,12.847615,14.02243,0.64880943,5.3186307
39.336697,38.28858,36.77308,1.0481148,2.6644707
39.91719,40.720566,38.987183,0.80337524,2.0126047
7.985415,6.5016866,7.0047374,1.4837284,18.580479
35.972385,36.063267,34.64109,0.09088135,0.25264198
41.157845,39.762684,38.047077,1.3951607,3.3897808
7.181982,5.0629263,5.675368,2.1190557,29.505167
6.2938585,3.9838662,4.6711607,2.3099923,36.702324
3.375884,5.8936315,6.435009,2.5177474,74.58038
5.756065,4.808222,5.4592834,0.9478431,16.46686
6.515252,4.683766,5.324941,1.8314862,28.11075
2.067505,4.6483192,5.287071,2.5808144,124.82748
49.992706,38.54991,37.734245,11.442795,22.88893
6.7793784,7.581749,8.012195,0.80237055,11.835459
4.4447465,4.6694775,5.3008986,0.22473097,5.056103
6.889746,4.585009,5.250329,2.304737,33.4517
1.8879071,5.7461367,6.316371,3.8582296,204.36543
39.897743,34.671013,33.41655,5.2267303,13.100316
5.3494463,5.8492007,6.4060884,0.49975443,9.342171
44.38526,43.65062,41.72602,0.734642,1.6551486
9.27806,8.634734,9.124493,0.6433258,6.93384
41.56836,38.99649,37.336758,2.571869,6.187083
5.8543553,5.3442187,5.970358,0.5101366,8.713797
16.096964,11.854133,12.022275,4.242831,26.35796
42.000233,39.79246,38.10334,2.2077713,5.2565694
6.3697243,4.4867144,5.1708126,1.8830099,29.561874
40.85498,36.427902,35.266457,4.4270782,10.83608
49.905293,19.78457,20.093098,30.120722,60.355766
5.0935545,4.034316,4.844857,1.0592384,20.795664
41.5295,40.328365,38.60603,1.2011337,2.8922422
18.140652,18.620434,18.427256,0.4797821,2.6447897
23.149881,22.57022,22.010794,0.5796604,2.5039456
41.74871,40.661427,38.930527,1.0872841,2.6043537
6.7905126,5.2224574,5.8321166,1.5680552,23.091852
11.141795,8.533215,9.098518,2.6085806,23.41257
45.7966,31.713387,31.088318,14.083214,30.751657
15.666178,12.316899,12.449159,3.3492785,21.379042
43.14759,40.598656,38.85963,2.548935,5.9074793
11.909056,9.16578,9.606627,2.7432756,23.035208
11.555383,14.197709,16.17988,2.6423264,22.866629
7.075777,6.784173,7.275166,0.29160404,4.121159
41.015198,39.179897,37.57337,1.8353004,4.474684
15.89301,18.70467,18.451986,2.8116598,17.691172
2.6461205,3.454822,4.205982,0.8087015,30.561777
1.7197807,3.5161705,4.2450156,1.7963898,104.45458
4.553109,12.834221,13.154463,8.281112,181.87816
38.318,38.50928,36.87883,0.19128036,0.4991919
37.360973,30.36253,29.298553,6.9984436,18.731962
4.1960907,7.906271,8.336602,3.7101803,88.41993
2.7572544,2.4910161,3.375178,0.2662382,9.655918
38.703136,40.540657,38.83294,1.8375206,4.7477303
7.317948,4.5250835,5.1606693,2.7928643,38.164585
5.55419,4.3181634,4.981929,1.2360268,22.253952
39.229008,38.795277,37.35877,0.43373108,1.1056386
7.3263526,7.668625,8.11754,0.34227228,4.6717963
2.2000234,1.4396005,2.3612525,0.76042295,34.564312
42.918568,42.05049,40.327057,0.8680763,2.0226126
36.286865,35.729736,34.38177,0.5571289,1.5353459
3.6086943,4.637903,5.271744,1.0292089,28.520258
36.567524,34.43562,33.774506,2.1319046,5.830049
38.388935,37.133377,35.585503,1.255558,3.2706246
49.074276,37.839497,36.455074,11.234779,22.893417
21.220669,18.654917,18.379845,2.565752,12.090816
13.247901,11.988109,12.164282,1.2597923,9.509373
21.736149,26.759903,25.973572,5.023754,23.11244
8.963341,7.8483906,8.298434,1.1149502,12.439002
41.460182,40.451855,38.781616,1.0083275,2.4320383
3.3382761,5.5133057,6.1087046,2.1750295,65.15427
12.63042,11.951954,12.197554,0.67846584,5.371681
42.80477,41.697357,40.017876,1.1074142,2.5871282
7.899848,14.375333,14.42752,6.475485,81.969734
6.497964,4.521028,5.1632104,1.9769359,30.42393
40.51253,39.933094,38.219006,0.57943726,1.4302667
11.284648,13.843821,13.8742695,2.5591726,22.678356
41.012703,39.38787,37.738434,1.6248322,3.9617777
20.219576,21.917336,21.44596,1.6977596,8.396614
22.435413,18.412508,18.27881,4.0229053,17.931051
38.843853,38.544506,37.01674,0.29934692,0.7706417
5.985197,4.3008637,5.0239267,1.6843333,28.141653
11.136365,10.82929,11.0432625,0.30707455,2.7574039
31.282824,31.682842,30.579939,0.4000187,1.2787167
26.06224,26.125206,25.427485,0.06296539,0.24159624
24.704103,21.723404,21.22947,2.9806995,12.065604
16.192917,13.485272,13.527541,2.7076445,16.721165
2.1870887,2.311251,3.1249459,0.1241622,5.6770535
2.5159922,5.8894596,6.4351416,3.3734674,134.081
6.5478992,3.9226737,4.6264286,2.6252255,40.092636
13.667436,14.812437,16.228924,1.1450014,8.377587
20.136036,17.367994,17.168028,2.7680416,13.746706
10.179339,11.815331,14.378181,1.635992,16.071693
8.333308,7.1026506,7.61674,1.2306576,14.767936
13.20619,22.774849,22.631622,9.568659,72.455864
6.63981,6.2499084,6.7840867,0.38990164,5.872181
42.769836,40.558884,38.848545,2.2109528,5.1694207
11.871879,11.084257,13.608658,0.7876215,6.6343455
7.6918874,5.360689,5.9809685,2.3311982,30.307234
24.89223,24.501726,23.922695,0.39050293,1.5687745
43.80037,43.067497,41.48396,0.732872,1.6732097
32.39938,33.33449,32.215485,0.935112,2.8862033
16.91176,18.940361,18.636482,2.0286007,11.995208
41.352463,43.059147,41.16389,1.7066841,4.1271644
41.29738,41.14908,39.391525,0.14830017,0.3591031
41.58675,41.289234,39.497704,0.29751587,0.71541023
31.477968,23.694998,23.311863,7.7829704,24.725136
41.85523,39.76549,38.114513,2.089737,4.992774
40.54231,41.14906,39.348686,0.6067505,1.496586
2.9031603,5.9374266,6.4973655,3.0342662,104.515976
38.510853,36.50264,35.076088,2.008213,5.214668
32.872803,29.998978,29.44692,2.873825,8.742257
17.110754,14.089829,14.089228,3.0209246,17.655123
42.219418,42.13575,40.29882,0.083667755,0.19817364
28.584898,29.662237,28.665937,1.0773392,3.7689104
10.272283,9.06164,9.557506,1.2106428,11.785529
15.26375,11.496458,11.6687355,3.767292,24.6813
42.322865,40.435925,38.670414,1.88694,4.4584413
21.193945,18.469265,18.19751,2.72468,12.855935
42.693794,43.559757,41.624477,0.865963,2.0283113
20.275635,17.258125,17.060183,3.0175095,14.8824415
28.810902,29.078438,28.125257,0.26753616,0.9285935
30.675476,31.558739,30.589455,0.88326263,2.8793771
42.97797,40.68809,38.966274,2.2898788,5.328029
9.400084,4.527611,5.1831446,4.872473,51.83436
10.896159,9.630752,10.092193,1.2654076,11.613336
37.612106,35.74317,34.30877,1.8689346,4.968971
13.628511,11.699502,11.897118,1.9290094,14.15422
40.783463,38.517082,36.960224,2.2663803,5.557106
11.057119,14.449453,16.189972,3.392334,30.680088
40.838886,23.92216,23.567945,16.916727,41.423088
4.9093266,4.7586303,5.4299183,0.15069628,3.0695918
8.543454,7.572009,8.018522,0.9714451,11.370636
23.704678,27.417582,26.575428,3.712904,15.663171
9.386478,10.604961,10.841153,1.218483,12.981257
19.794992,22.816751,22.39267,3.021759,15.26527
4.1743865,4.282418,4.9348307,0.10803127,2.5879557
7.0228667,5.1276526,5.7309113,1.8952141,26.986332
3.6058564,3.1931744,3.9283195,0.41268206,11.444772
43.351734,39.744804,38.417763,3.6069298,8.320151
12.69197,10.89234,11.112182,1.7996302,14.179281
30.421963,30.1392,29.130432,0.28276253,0.9294684
3.4251683,2.8435624,4.0546,0.5816059,16.98036
16.010117,15.081743,15.032717,0.92837334,5.798667
32.803337,29.910114,29.21938,2.8932228,8.819903
9.0503,8.456582,8.917738,0.5937176,6.560198
49.954254,47.28364,46.46231,2.6706123,5.3461156
3.8129816,6.914628,7.422796,3.1016464,81.34438
8.851532,6.5168743,7.0905914,2.3346577,26.375746
3.7602165,5.363333,5.955617,1.6031168,42.63363
44.297314,41.05376,39.38845,3.2435532,7.3222346
44.452057,39.079063,37.43374,5.3729935,12.087164
1.9023579,4.1028223,4.7641,2.2004642,115.67036
10.949574,8.50516,8.885058,2.4444141,22.324284
7.376557,6.4184146,6.959776,0.9581423,12.9890175
23.416727,24.724882,24.068554,1.3081551,5.586413
13.8811455,11.214095,11.404547,2.6670504,19.213476
28.771679,17.898691,17.761818,10.872988,37.790592
6.294246,6.271288,6.8426304,0.022958279,0.36475024
32.113487,30.225931,29.208267,1.8875561,5.8777676
23.088957,20.160488,19.757055,2.9284687,12.683416
46.41473,40.640263,38.984497,5.7744675,12.441024
27.653673,22.92832,22.385456,4.7253532,17.087616
6.5515714,4.8345265,5.4725103,1.7170448,26.208138
42.70468,39.73905,38.161938,2.9656296,6.944507
43.71481,39.9909,38.692352,3.7239113,8.518649
19.153812,22.758982,22.217356,3.6051693,18.822203
36.92575,36.2335,34.77643,0.6922493,1.8747061
37.80892,30.972584,29.97097,6.836338,18.081282
6.001653,7.1428585,7.643469,1.1412053,19.014849
37.96191,38.487415,36.85824,0.52550507,1.3842956
43.237526,43.586185,41.638245,0.34865952,0.80638176
44.93536,39.387802,37.980045,5.547558,12.34564
41.95194,41.56568,39.73845,0.38625717,0.92071354
4.0749598,3.2905755,4.0140862,0.78438425,19.248882
6.9453135,4.47447,5.11608,2.4708433,35.57569
38.464104,34.517937,33.26732,3.946167,10.25935
16.223711,18.330694,18.073254,2.1069832,12.987061
6.9558535,7.6291876,8.294005,0.6733341,9.680108
39.113403,37.751144,36.207016,1.3622589,3.482844
41.872566,41.69974,40.049213,0.17282486,0.41274008
6.2237935,7.5028553,7.9384823,1.2790618,20.55116
9.410078,6.00707,6.5608587,3.403008,36.16344
6.9169493,8.363417,8.783138,1.4464674,20.911928
16.845488,17.149025,17.073933,0.30353737,1.8018912
43.30299,40.59836,38.91363,2.7046318,6.245832
16.47431,17.688162,17.46234,1.2138519,7.36815
3.3374317,6.480007,7.0623007,3.1425755,94.16149
3.1282697,5.231014,5.83949,2.102744,67.21748
39.96877,37.234253,35.796967,2.7345161,6.841632
29.599195,28.112028,27.207428,1.4871674,5.0243506
3.673012,5.4177537,6.0135274,1.7447417,47.50166
44.47255,42.302193,40.48765,2.1703568,4.8802166
7.6558404,4.6337895,5.2758303,3.0220509,39.473797
8.398271,8.168012,8.66727,0.23025894,2.7417424
4.909594,3.8745055,4.639169,1.0350885,21.082975
1.8227462,4.7329745,5.6944265,2.9102283,159.66174
6.717227,4.8953433,5.5853243,1.8218837,27.122557
24.142403,23.781965,23.152748,0.3604374,1.492964
3.7332366,4.823087,5.4359856,1.0898507,29.193186
40.634842,37.995544,36.580383,2.6392975,6.4951587
8.789428,7.241168,7.693476,1.5482597,17.615023
14.762572,10.830393,11.049128,3.9321795,26.63614
11.046227,12.682374,12.774966,1.6361465,14.811813
8.984342,11.6489935,11.866046,2.6646519,29.658844
6.3685565,5.131466,5.725374,1.2370906,19.424976
42.363533,42.01589,40.202293,0.3476448,0.8206228
12.27359,15.132135,15.075424,2.8585453,23.290213
5.1553125,5.911714,6.47464,0.75640154,14.672273
3.918351,6.0701737,6.623668,2.1518228,54.916542
8.777821,6.9320436,7.4368763,1.845777,21.027737
41.450996,38.672947,37.12731,2.7780495,6.7020087
42.496803,38.657524,37.086403,3.8392792,9.034278
35.452312,35.817604,34.383076,0.3652916,1.0303745
10.611767,8.912643,9.260372,1.6991234,16.011692
13.869364,15.9928875,15.864084,2.1235237,15.310895
30.276754,27.862394,26.966278,2.41436,7.974303
3.7559671,5.2110343,5.801945,1.4550672,38.740147
8.273309,5.430135,6.015779,2.843174,34.36562
35.908737,34.748142,33.412003,1.1605949,3.2320683
3.2950072,3.3101096,4.0527782,0.0151023865,0.45834154
11.213367,8.754243,9.117381,2.4591246,21.930296
10.352244,11.538152,11.979928,1.1859074,11.455558
10.050371,11.652968,12.384856,1.6025972,15.945652
12.360099,12.53972,13.703205,0.17962074,1.4532306
39.88933,40.280937,38.54901,0.39160538,0.9817296
30.132936,30.144524,29.119888,0.011587143,0.038453415
4.930948,4.11961,4.7923594,0.81133795,16.453997
11.067122,8.253905,8.6647215,2.8132172,25.41959
18.680351,28.923025,28.048893,10.242674,54.83127
40.099323,38.542774,36.914474,1.5565491,3.8817341
26.054892,23.213259,22.613182,2.8416328,10.906331
39.506325,33.974304,32.73675,5.5320206,14.002872
44.365715,36.184566,34.81263,8.181149,18.44025
6.5211244,4.47706,5.1177,2.0440645,31.345276
6.103176,4.3086157,4.9611216,1.7945604,29.403713
8.820263,7.348262,7.847781,1.4720011,16.688856
41.84003,40.652267,38.912266,1.1877632,2.8388202
11.109438,13.353849,15.372393,2.2444115,20.202745
5.6452827,3.6820855,4.372379,1.9631972,34.775887
42.411583,41.014317,39.23416,1.3972664,3.2945397
1.3572054,2.4465134,3.4200492,1.089308,80.2611
30.551933,32.086693,31.124447,1.5347595,5.0234447
9.433602,6.399796,6.907006,3.0338063,32.159576
44.866047,44.22776,42.269806,0.6382866,1.4226495
43.777256,43.45394,41.816933,0.32331467,0.7385448
11.974688,12.327451,12.45747,0.35276318,2.945907
7.021429,5.4070244,6.1155796,1.6144047,22.992537
7.0211124,4.2960863,4.947683,2.7250261,38.811886
0.84879434,3.6796627,4.40375,2.8308682,333.5164
5.9761815,4.4810133,5.184186,1.4951682,25.018787
17.555656,15.558208,15.465494,1.997448,11.377803
41.57884,42.398373,40.50783,0.8195343,1.971037
39.795547,40.033237,38.541317,0.23768997,0.5972778
11.953487,12.464645,12.573363,0.511158,4.2762246
0.9513646,1.6560774,2.8369331,0.7047128,74.0739
2.5820487,2.761147,3.5666237,0.17909837,6.936289
44.63113,40.046516,38.491043,4.584614,10.272233
44.124825,41.928955,40.094982,2.1958694,4.9764943
22.364765,23.946903,23.340673,1.5821381,7.074244
41.419632,40.0724,38.465878,1.3472328,3.252643
37.48523,39.496548,38.03461,2.0113182,5.3656287
11.840266,9.088047,11.025599,2.7522192,23.244572
36.77113,38.664276,37.22738,1.8931465,5.148459
7.83415,7.070057,7.5737476,0.7640929,9.753362
4.6290603,3.6090636,4.3104844,1.0199966,22.034637
42.658073,40.72748,39.161407,1.9305916,4.5257354
27.857624,26.92558,26.123957,0.932045,3.3457446
43.634544,41.30522,39.591625,2.3293228,5.338254
23.57809,21.935593,21.424572,1.642498,6.9662046
6.2327986,4.5301714,5.172239,1.7026272,27.317219
13.38882,10.986884,11.196284,2.4019356,17.939861
43.688824,41.90187,40.082546,1.786953,4.0901833
15.265303,15.941893,15.9833355,0.67658997,4.432208
34.785236,34.68003,33.522743,0.105205536,0.30244306
37.373768,38.02635,36.437466,0.65258026,1.7460917
34.541477,30.694748,29.585604,3.8467293,11.136551
30.402315,30.705276,29.680023,0.30296135,0.9965075
23.05233,21.231464,20.776802,1.8208656,7.8988357
27.334755,20.987585,20.764286,6.34717,23.220146
4.0131464,3.0965757,3.9261885,0.91657066,22.839203
10.245264,11.386703,11.57696,1.1414385,11.141132
4.8455706,3.5523272,4.2583075,1.2932434,26.689188
9.072267,6.972798,7.4591794,2.0994687,23.141611
42.74915,40.172558,38.476418,2.5765915,6.0272346
10.09872,10.783079,11.445315,0.68435955,6.7766967
6.694716,6.2292314,6.756062,0.46548462,6.9530153
3.7892177,3.640882,4.5469217,0.1483357,3.9146786
4.3744483,3.873166,4.552697,0.5012822,11.459324
26.141714,21.405262,21.097382,4.736452,18.118368
3.4920604,5.1778617,5.771884,1.6858013,48.27526
4.696509,4.6462393,5.2691298,0.050269604,1.0703611
16.889116,15.689842,15.60424,1.1992741,7.100869
3.450376,7.361883,8.358944,3.9115071,113.36466
0.6248834,0.9787551,1.898202,0.3538717,56.630035
49.43433,38.677345,37.365025,10.756985,21.76015
16.515703,14.436144,14.430452,2.0795593,12.591407
7.6561303,6.3109097,7.0304275,1.3452206,17.570503
37.900528,36.049164,34.57483,1.8513641,4.8847976
27.14204,29.797382,28.807024,2.655342,9.7831335
5.5600057,5.3814387,5.961006,0.17856693,3.2116323
43.284576,41.60791,39.783417,1.6766663,3.8735883
7.9690685,8.486385,8.8631525,0.5173168,6.4915595
31.181288,25.537155,24.800528,5.6441326,18.101025
14.801019,15.309151,15.238408,0.508132,3.4330878
35.53377,35.409023,34.03147,0.12474823,0.35106948
43.624523,42.58732,40.855385,1.0372047,2.3775728
8.20544,7.871359,8.282879,0.3340807,4.071454
10.568678,9.922483,10.307489,0.64619446,6.114241
34.103565,34.405083,33.263958,0.3015175,0.8841231
20.602741,18.342691,18.09365,2.2600498,10.969656
3.6251295,2.1988566,3.168148,1.4262729,39.344055
48.818756,49.152428,48.071426,0.33367157,0.6834905
2.7635477,6.449485,7.0464735,3.6859372,133.37701
31.164042,30.111654,29.084923,1.0523872,3.376928
6.716835,4.074234,5.0179396,2.642601,39.34295
12.01713,11.065909,11.950751,0.9512205,7.915539
8.749611,5.4726634,6.0742903,3.2769475,37.452496
4.9090037,5.940498,6.4786606,1.0314941,21.012291
37.77387,40.63934,39.930542,2.865471,7.585855
4.9117446,3.855391,4.6243544,1.0563536,21.50669
36.17707,35.529747,34.125668,0.6473236,1.7893201
30.271318,27.620094,26.730446,2.6512241,8.758204
25.498556,22.573313,22.007675,2.9252434,11.472193
5.931331,4.7578654,5.3926663,1.1734657,19.78419
2.9882634,4.5418973,5.182518,1.5536339,51.991196
5.4382553,5.086065,5.694065,0.3521905,6.4761667
19.667715,18.039268,17.786018,1.6284466,8.279796
4.68004,3.262567,3.9882457,1.4174728,30.287622
41.26866,40.67772,38.919804,0.5909424,1.4319398
42.535477,42.063614,40.212013,0.4718628,1.1093394
4.423471,4.830356,5.485729,0.40688515,9.198323
11.589762,11.578486,11.743582,0.011275291,0.09728666
29.69316,30.006355,29.01456,0.31319618,1.0547756
12.874741,12.449717,12.662667,0.42502403,3.301224
34.817795,29.84811,28.815102,4.9696846,14.273404
4.3121448,4.4899163,5.135234,0.17777157,4.122579
42.835033,40.273674,39.2735,2.5613594,5.97959
7.1932344,5.170266,5.7642984,2.0229683,28.123209
32.943974,35.528316,34.18972,2.584343,7.8446608
13.991216,15.317474,15.355809,1.3262587,9.479224
6.5077972,5.429583,6.022553,1.0782142,16.568035
2.6274452,4.6425014,5.2832294,2.0150561,76.692604
36.25723,32.86421,31.60958,3.3930206,9.358191
6.182444,5.3123775,6.052393,0.87006664,14.073183
7.231067,5.4253025,6.005279,1.8057647,24.972311
13.9280815,10.259301,10.555516,3.6687803,26.340887
2.5782282,4.0291905,4.7051377,1.4509623,56.2775
13.618769,14.142812,14.803129,0.5240431,3.8479476
44.188217,39.606144,39.16535,4.582073,10.369446
10.507561,10.318378,10.722022,0.18918228,1.8004396
21.192797,18.390493,18.300663,2.8023033,13.222905
5.2148557,4.239383,4.923823,0.97547245,18.705645
6.6728225,7.657387,8.163613,0.9845643,14.75484
5.7091346,6.6185403,7.148559,0.9094057,15.928958
19.501343,26.50707,25.855656,7.005728,35.924335
6.1259804,4.656587,5.3054185,1.4693933,23.986256
5.0695376,4.241261,4.8967533,0.82827663,16.338308
9.678501,9.572805,9.871637,0.105695724,1.0920671
27.669949,28.187588,27.341341,0.51763916,1.870763
0.7313222,3.3834424,4.108246,2.65212,362.64728
6.491358,5.6303406,6.2131186,0.8610172,13.264054
41.159492,38.670364,37.072495,2.489128,6.0475187
8.3476,8.631222,9.012133,0.2836218,3.3976448
2.9922338,3.996108,4.670354,1.0038743,33.549328
4.928756,3.9227686,4.596912,1.0059876,20.410578
22.512884,15.509645,15.458616,7.0032387,31.10769
10.552256,11.289371,11.493326,0.7371149,6.9853773
11.426141,9.380924,11.307869,2.0452166,17.899452
35.52322,35.60029,34.20179,0.07706833,0.21695198
21.917786,21.392883,21.000431,0.52490234,2.3948693
4.8157725,4.377867,5.021986,0.4379053,9.093147
40.386112,40.34081,38.58789,0.045303345,0.112175554
8.07088,6.7626243,7.373914,1.3082557,16.209578
28.771965,28.97107,28.084145,0.19910431,0.692008
7.797304,8.354673,8.895168,0.55736923,7.14823
20.951292,17.132153,16.996841,3.8191395,18.228659
4.6350393,5.4898105,6.0690746,0.85477114,18.441507
5.6468897,4.4871006,5.2601986,1.1597891,20.538548
42.208565,43.575886,41.63472,1.367321,3.2394397
7.821666,4.2776647,4.950119,3.544001,45.310055
39.875122,35.056213,33.680595,4.8189087,12.085
10.44046,9.198332,10.883688,1.2421284,11.897257
6.205929,7.6110344,8.039405,1.4051056,22.641342
44.51163,43.269127,41.487125,1.2425041,2.7914145
12.661953,10.870706,11.090019,1.7912474,14.146691
1.8629287,1.5062022,2.5802212,0.35672653,19.148695
28.293125,27.897331,27.011446,0.3957939,1.3989049
3.4834175,5.8807836,6.4352455,2.397366,68.82224
4.0476193,5.3042054,5.9004807,1.2565861,31.045065
42.033016,42.97907,41.081207,0.94605255,2.2507367
39.44729,37.95905,36.409245,1.4882393,3.772729
32.81862,32.9115,31.700779,0.09288025,0.28301084
6.4220057,5.2673917,6.060892,1.154614,17.979025
29.684656,27.403755,26.780407,2.280901,7.6837707
5.7020187,6.377389,6.886204,0.6753702,11.844405
0.6541531,1.5824726,2.729038,0.92831945,141.91165
12.380404,10.0877,10.368118,2.2927046,18.518818
42.65997,41.413483,39.63593,1.2464867,2.9219117
3.8857398,4.827776,5.442437,0.94203615,24.243418
6.732738,4.425677,5.081875,2.3070612,34.266315
44.588875,43.15345,41.24727,1.4354248,3.2192442
21.25786,16.649248,16.511948,4.608612,21.679567
8.170406,8.558801,8.925384,0.38839436,4.7536726
7.456054,6.439244,6.951399,1.0168104,13.637381
3.984426,6.8540564,7.368229,2.8696303,72.02117
3.5564868,3.0642662,3.8090098,0.49222064,13.84008
44.751064,43.53057,41.580826,1.2204933,2.7272944
10.570779,10.443444,11.072192,0.1273346,1.2045904
13.824486,13.060808,14.709998,0.7636776,5.524094
4.925998,4.0600305,4.758849,0.86596775,17.579538
40.563354,38.099514,36.546196,2.4638405,6.074055
43.21863,41.183422,39.38286,2.0352097,4.7091026
6.0927157,7.0696526,7.543416,0.9769368,16.034504
18.647411,23.874338,23.304028,5.226927,28.030308
40.731876,40.74763,38.990868,0.0157547,0.03867904
3.2654362,5.7866535,6.3510523,2.5212173,77.209206
9.671737,9.030026,9.597001,0.6417103,6.6349025
3.9044018,5.8476424,6.4219294,1.9432406,49.770508
44.217484,40.77894,39.16121,3.4385452,7.776438
9.733598,9.859101,12.336129,0.12550354,1.289385
2.443568,5.0725126,6.1027594,2.6289446,107.58631
10.719553,6.04207,6.630744,4.677483,43.63506
5.7991943,6.354774,6.8834114,0.55557966,9.580291
10.896056,7.153061,7.6110754,3.7429953,34.351837
32.195744,31.734493,30.594936,0.4612503,1.4326438
16.452597,14.2563505,14.253468,2.1962461,13.348933
1.2586466,4.6033244,5.290019,3.344678,265.73608
28.635195,25.370447,24.733953,3.2647476,11.401172
18.694967,17.133566,16.946495,1.5614014,8.351988
5.1712627,4.419621,5.079992,0.75164175,14.534975
34.30998,26.089977,25.305838,8.220001,23.958048
3.9515944,4.341322,5.0232267,0.3897276,9.86254
35.815773,36.268887,35.37923,0.45311356,1.2651229
44.420563,41.362457,39.641552,3.0581055,6.8844366
2.125766,4.6790557,5.4636965,2.5532897,120.11151
7.3283987,7.8951006,8.312234,0.5667019,7.7329564
1.9421697,4.0811634,4.748767,2.1389937,110.13423
3.7971365,6.157238,6.6822233,2.3601015,62.15477
15.117101,12.556846,12.66909,2.560255,16.936152
3.975681,4.6587124,5.2860746,0.6830313,17.180235
44.979473,43.787453,41.94795,1.1920204,2.6501431
2.4852965,5.7979703,6.3463964,3.3126738,133.2909
43.21333,41.453617,39.657906,1.7597122,4.0721517
4.41605,5.079785,5.687648,0.6637349,15.030059
38.160492,37.719635,36.166737,0.44085693,1.1552706
41.067356,39.393543,37.9217,1.6738129,4.0757747
2.3258133,4.275137,4.931009,1.9493237,83.81256
16.514318,20.256298,19.871332,3.7419796,22.659002
26.38949,24.841463,24.141777,1.548027,5.866074
4.535261,4.433791,5.082863,0.10146999,2.2373571
43.002945,43.822407,41.862076,0.8194618,1.9055947
7.2465305,4.824341,5.4392653,2.4221897,33.425507
4.849996,4.4042664,5.0610266,0.44572973,9.190311
10.831342,8.602016,9.767668,2.2293253,20.58217
20.96193,32.009083,31.016033,11.047153,52.701035
8.0710535,11.843304,12.124495,3.7722502,46.738014
2.0531552,2.8409398,3.7156842,0.7877846,38.36946
4.069951,6.2564645,7.199958,2.1865134,53.72333
40.83738,39.959805,38.295,0.8775749,2.14895
14.656492,18.405844,18.173822,3.7493515,25.581507
25.063164,26.931139,26.34704,1.8679752,7.45307
14.541396,14.478004,14.501989,0.063391685,0.43593946
44.08028,42.341595,40.49563,1.7386856,3.9443614
42.991516,41.70023,39.89132,1.2912865,3.0035844
9.531478,9.394364,9.931333,0.13711357,1.4385343
44.256523,41.414505,40.64666,2.8420181,6.4216933
11.055717,13.086641,13.224447,2.0309238,18.369896
38.56178,37.92429,36.3617,0.6374893,1.6531637
38.337524,35.836647,34.42551,2.5008774,6.523315
7.9109564,7.010644,7.511714,0.9003124,11.380576
19.402725,15.239332,15.209453,4.163393,21.457773
8.247079,8.598629,9.037657,0.3515501,4.2627225
8.337855,6.39214,6.9366426,1.9457154,23.335922
49.985092,42.031322,40.463085,7.9537697,15.912283
3.922934,3.7118473,4.7182894,0.21108675,5.3808384
17.189135,19.921926,19.57664,2.732792,15.898367
10.844945,11.123559,12.154688,0.27861404,2.5690682
4.782188,4.690968,5.3279176,0.0912199,1.907493
2.0588017,5.015636,5.6227474,2.9568343,143.6192
37.047245,37.09752,35.58159,0.050273895,0.13570212
8.642833,7.308466,7.833276,1.3343668,15.438998
14.139048,10.510029,11.087849,3.6290188,25.666643
35.291664,27.919256,27.008999,7.372408,20.88994
3.9740372,3.6093106,4.315136,0.36472654,9.177734
7.49614,6.826539,7.3516717,0.66960096,8.9326105
29.397076,25.721031,24.955276,3.6760445,12.504796
31.39397,29.231194,28.225096,2.162777,6.8891478
5.4664173,6.3995085,7.380871,0.93309116,17.069519
37.54138,37.927334,36.381435,0.385952,1.0280708
4.7997904,4.995158,5.5981665,0.19536781,4.0703406
8.062468,6.2942076,6.8351107,1.76826,21.931995
21.796547,20.172262,19.79047,1.6242847,7.4520273
6.023933,4.4765334,5.117602,1.5473995,25.68753
7.1464596,5.7150407,6.3353467,1.4314189,20.029762
40.655235,41.106815,39.53384,0.45158005,1.110755
20.628864,17.431082,17.266296,3.1977825,15.501496
44.511494,43.2495,41.403316,1.2619934,2.835208
41.918102,42.67831,40.779182,0.76020813,1.8135557
36.917778,37.141994,35.612255,0.22421646,0.6073401
7.7938733,8.509093,8.886743,0.71522,9.176695
40.67038,38.417507,36.880478,2.2528725,5.539345
12.8730545,13.550109,13.64475,0.6770544,5.25947
41.977707,40.981354,39.20006,0.99635315,2.3735292
3.9371557,7.359105,7.8686337,3.4219494,86.91425
13.315326,9.740415,12.226582,3.574911,26.848095
41.076298,35.5563,34.254078,5.5199966,13.438398
37.114582,32.0505,30.912771,5.064083,13.644457
42.261784,38.88653,37.27592,3.3752518,7.986534
8.025101,7.188195,7.6583505,0.8369055,10.428598
5.5233684,7.6590548,8.106901,2.1356864,38.666374
9.304123,8.220303,8.7596,1.0838203,11.648818
19.288054,13.94104,14.795594,5.3470135,27.721893
30.71133,27.363255,26.602543,3.3480759,10.901761
37.69775,38.62235,37.070297,0.9245987,2.4526627
6.0194454,6.9771695,7.5646496,0.9577241,15.910503
12.2727375,12.673449,12.785309,0.40071106,3.2650504
4.8710427,2.6311347,3.5304825,2.239908,45.984158
9.17672,7.7278156,8.202169,1.448904,15.788911
6.605769,5.867155,6.4402914,0.7386141,11.181348
22.393919,24.083157,23.72281,1.6892376,7.5432873
6.7270293,6.958793,7.434247,0.23176384,3.445263
6.9482546,5.801228,6.5873995,1.1470265,16.508125
5.447351,4.6040525,5.278721,0.84329844,15.48089
6.409969,6.504941,7.029123,0.09497213,1.4816318
4.10228,8.237576,10.3435545,4.1352954,100.8048
0.7426707,3.3960052,4.1195884,2.6533344,357.2693
42.936592,40.84495,39.1613,2.0916405,4.871464
8.593671,7.485237,7.92855,1.1084337,12.898256
10.697383,10.659743,11.791056,0.037639618,0.3518582
10.536641,7.968419,8.371851,2.568222,24.3742
41.608902,40.86293,39.10271,0.7459717,1.7928175
44.354492,43.42381,41.61334,0.93068314,2.0982838
40.279617,38.918545,37.28871,1.3610725,3.3790603
39.894974,41.092068,39.281628,1.197094,3.0006135
38.24918,33.052048,31.878239,5.197132,13.587564
6.043154,6.4374576,7.004687,0.3943038,6.524802
18.383932,17.827242,17.58439,0.5566902,3.0281346
26.070652,21.306189,20.848507,4.7644634,18.275198
43.95984,41.002136,39.29661,2.9577026,6.728193
4.7636447,3.650939,4.534755,1.1127057,23.358284
7.0392075,4.078912,4.7512884,2.9602957,42.05439
29.219809,31.473858,30.360228,2.2540493,7.714114
30.499609,26.0654,25.336657,4.43421,14.53858
26.763796,28.36089,27.605806,1.5970936,5.9673653
21.774956,19.729,19.383993,2.0459557,9.395912
32.145115,21.235298,21.698078,10.909817,33.93927
12.971187,12.240636,13.277848,0.73055077,5.6321044
42.165703,41.369186,39.590538,0.7965164,1.889015
35.170025,35.806606,34.402985,0.6365814,1.8100113
42.647617,38.7823,38.224865,3.8653183,9.063386
4.526555,3.7905264,4.4749393,0.7360287,16.260239
14.781445,15.655691,15.552029,0.8742466,5.914487
11.192936,13.093283,13.527723,1.9003468,16.97809
39.753178,39.899906,38.19259,0.14672852,0.36909884
3.5075595,4.641208,5.2832465,1.1336486,32.320152
4.849546,4.7960057,5.4161205,0.05354023,1.1040256
3.9620647,6.5521946,7.312283,2.5901299,65.37324
14.033727,14.106831,14.1202135,0.073103905,0.5209158
39.889393,37.21044,35.79346,2.6789513,6.7159495
10.325601,9.120982,9.674264,1.2046185,11.666328
7.30743,6.556121,7.119855,0.7513089,10.281439
40.076992,41.20942,39.70879,1.1324272,2.8256292
25.918062,25.641598,24.903479,0.27646446,1.0666865
10.752792,6.750053,7.2815123,4.0027394,37.225117
10.321042,7.1305285,7.5924006,3.1905136,30.912708
44.77583,42.54905,40.671726,2.22678,4.973174
41.04725,40.29545,38.598324,0.75180054,1.8315492
3.0243664,4.5329905,5.169179,1.5086241,49.88232
44.598648,42.68563,40.801994,1.9130173,4.2894063
41.782104,40.894222,39.21844,0.88788223,2.12503
26.009243,23.841066,23.194681,2.1681767,8.336177
43.541466,43.249943,41.362595,0.29152298,0.66952956
37.193954,35.82524,34.427288,1.3687134,3.679935
3.0164928,7.1048565,7.597969,4.0883636,135.53368
39.10934,39.12621,37.54206,0.016868591,0.043131873
8.421313,7.5651855,7.997753,0.85612774,10.166203
42.91375,42.111454,40.31283,0.8022957,1.8695539
2.5680025,3.5712614,4.3051395,1.003259,39.06768
14.305066,12.876666,13.427787,1.4284,9.985273
9.292001,8.691083,9.048562,0.6009178,6.4670444
5.5238924,4.754672,5.3805747,0.76922035,13.925332
14.613187,17.053118,17.00746,2.439931,16.696775
27.652729,19.032911,18.951954,8.619818,31.17167
7.7931876,6.1877446,6.726022,1.605443,20.600594
3.1562,4.440385,5.158675,1.2841849,40.68769
38.956635,37.298473,35.78012,1.6581612,4.2564282
3.5093863,3.8360887,4.529631,0.32670236,9.309387
9.3981285,8.359631,8.8678665,1.0384979,11.050051
13.471791,9.023502,9.561506,4.448289,33.019283
6.378257,4.07848,4.74354,2.299777,36.056515
40.92649,41.08678,39.38056,0.16028976,0.39165285
39.472927,38.58486,37.012848,0.88806534,2.2498088
30.211906,31.121017,30.02874,0.909111,3.009115
36.723774,38.161358,36.58272,1.4375839,3.9145865
3.0639303,3.4399137,4.4718866,0.37598348,12.27128
1.6213133,2.7298903,3.502164,1.108577,68.37525
13.700991,15.252289,15.19533,1.5512981,11.322526
26.111935,27.024954,26.188484,0.9130192,3.496559
12.1235285,10.807934,11.0383,1.3155947,10.851582
5.166413,4.814173,5.4334373,0.3522396,6.817876
0.920274,2.1148493,3.0336967,1.1945753,129.80649
13.955846,18.119926,17.874985,4.1640806,29.837536
7.4177275,5.309396,5.890492,2.1083317,28.422878
18.554052,17.495653,17.833843,1.0583992,5.70441
16.01886,15.090883,15.051275,0.9279766,5.7930255
17.400263,14.359355,14.342957,3.0409079,17.476217
16.582737,13.745571,13.764055,2.8371658,17.109154
15.24754,15.979017,16.475893,0.7314768,4.797343
49.766037,42.19065,40.657654,7.575386,15.221999
26.975077,28.208082,27.44124,1.2330055,4.5709066
5.264306,3.999876,4.6759343,1.26443,24.018932
35.289215,35.272648,33.884636,0.01656723,0.046947006
5.0802655,4.427833,5.0687246,0.65243244,12.842486
4.8578625,4.283367,4.938609,0.5744953,11.826093
41.306194,37.23895,36.661587,4.0672455,9.846575
4.0141788,7.3894186,8.397183,3.3752398,84.08295
5.128263,4.2345724,4.896405,0.8936906,17.42677
4.7139225,3.6525812,4.3750625,1.0613413,22.515034
43.447655,40.932186,39.155018,2.5154686,5.7896533
2.4545867,5.9462624,6.4941196,3.4916756,142.25107
9.517284,6.7031903,7.2482066,2.814094,29.568245
3.5297291,4.919419,5.5422006,1.3896897,39.371
21.962406,26.417717,25.610031,4.455311,20.286077
3.6531992,8.036854,9.120692,4.3836546,119.99495
14.004082,14.385355,14.370639,0.38127327,2.7225866
40.947582,40.927017,39.32136,0.020565033,0.050222825
7.144981,6.3730507,6.8819675,0.7719302,10.803811
4.776717,4.916529,5.524023,0.139812,2.9269474
0.6900671,1.7599554,2.6562707,1.0698884,155.04121
21.986177,21.008862,20.592615,0.9773159,4.445138
7.905383,7.196868,7.700191,0.70851517,8.96244
16.165482,15.696238,15.592357,0.469244,2.902753
4.129022,5.240722,5.835552,1.1117,26.924051
1.8303986,2.6965835,3.4897795,0.86618495,47.322205
44.45774,42.825996,41.029755,1.6317444,3.6703267
4.4688497,6.97081,7.4469953,2.5019603,55.986675
3.6194837,4.5190735,5.1576395,0.8995898,24.854092
14.035908,9.442874,9.775926,4.593034,32.723454
4.0843554,4.001743,4.686853,0.082612514,2.0226574
3.0941486,3.83668,5.351296,0.7425313,23.99792
1.4566035,1.4236941,2.3497636,0.032909393,2.259324
4.523865,4.7558584,5.3817544,0.2319932,5.1282077
42.80844,40.081017,38.433323,2.7274246,6.371231
26.27947,25.204506,24.572819,1.0749645,4.0905104
5.0941777,6.6511636,7.1535015,1.5569859,30.564026
7.3752837,8.07037,8.487791,0.695086,9.424532
38.954403,34.0777,32.80062,4.8767014,12.518999
38.37826,35.018684,33.684044,3.3595772,8.753854
3.564798,5.265263,5.8699737,1.700465,47.701576
33.22006,29.997936,29.142551,3.2221222,9.699327
30.437769,30.61784,29.560215,0.18007088,0.5916034
2.64983,1.7093074,2.66042,0.9405227,35.4937
34.904366,34.91126,33.55857,0.006893158,0.019748699
7.6575184,5.344479,6.0686836,2.3130393,30.206121
8.592479,6.944459,7.4467826,1.6480198,19.179794
22.611408,27.79159,26.92326,5.1801815,22.909592
8.045543,7.6693153,8.106224,0.37622738,4.6762214
28.729433,27.551886,26.673393,1.1775475,4.098749
26.10398,27.380917,26.688889,1.2769375,4.891735
10.429439,11.020523,11.746033,0.5910845,5.667462
6.5821486,11.21743,11.457066,4.6352816,70.42201
5.923218,6.418082,6.949422,0.49486446,8.354656
39.712822,39.72614,38.042698,0.013317108,0.03353352
5.1502743,4.687417,5.3117967,0.46285725,8.9870405
39.500835,37.796368,36.243526,1.7044678,4.315017
5.751971,4.201056,4.8858166,1.5509148,26.96319
11.82551,9.330327,10.019719,2.495183,21.100002
22.029213,26.802307,26.019787,4.773094,21.667112
16.476109,15.0048485,14.9696245,1.4712601,8.929658
20.378866,24.229795,23.57277,3.8509293,18.89668
36.001423,34.41328,33.042583,1.5881424,4.411332
10.533188,8.146742,9.685116,2.386446,22.656445
7.1725655,4.641489,5.2662926,2.5310764,35.2883
30.718416,25.693499,25.591982,5.0249176,16.357998
6.553617,7.6344976,8.079204,1.0808806,16.492887
4.277694,5.73611,6.332073,1.458416,34.093506
15.971276,20.515257,20.128012,4.5439806,28.450956
9.997463,9.598953,11.224556,0.39850998,3.986111
6.8022594,8.178934,8.589841,1.3766747,20.238491
5.4412255,4.6713414,5.299777,0.7698841,14.149094
42.00071,41.730415,39.888042,0.2702942,0.6435467
37.991978,27.864864,27.111288,10.127113,26.655926
40.722,39.939163,38.23862,0.7828369,1.9223931
30.227802,22.693403,22.175472,7.534399,24.925394
10.162901,7.3166275,7.7878704,2.8462734,28.006506
29.12314,27.252684,26.483997,1.8704567,6.422579
12.181788,9.270879,9.593854,2.9109097,23.895586
10.064862,7.646487,8.081772,2.418375,24.027899
26.263235,24.798206,24.101337,1.4650288,5.578249
35.218796,28.8326,27.886227,6.386196,18.132921
41.589252,41.490376,39.723167,0.09887695,0.2377464
41.344418,39.068535,37.449345,2.2758827,5.5046916
43.042103,40.5908,38.87018,2.4513016,5.695125
2.3197427,5.2903004,5.8899713,2.9705577,128.05548
10.863763,9.902302,10.395508,0.96146107,8.850165
27.348352,32.56494,31.448627,5.216589,19.0746
6.6433606,6.135193,6.75426,0.50816774,7.649257
7.1037145,7.542966,7.9901333,0.43925142,6.1834044
35.829563,29.380861,28.386263,6.448702,17.99827
7.7734504,5.775802,6.3406467,1.9976482,25.698347
4.6451125,3.0451493,3.825501,1.5999632,34.444016
7.694788,6.3297653,7.3388247,1.3650227,17.739574
5.2906013,7.3677626,7.82913,2.0771613,39.261345
6.391586,8.053807,8.463924,1.6622214,26.0064
16.87502,15.594084,15.539267,1.2809353,7.5907197
37.07683,31.831379,30.683584,5.245453,14.147522
17.512506,19.644312,19.273436,2.1318054,12.173046
8.884099,8.5651,9.080244,0.3189993,3.5906768
43.529102,40.4003,38.683952,3.1288033,7.187842
3.1198528,5.4092703,6.005993,2.2894175,73.38223
11.755086,10.778049,10.996801,0.9770365,8.311606
4.4438224,4.6849675,5.3205004,0.24114513,5.426525
44.25128,41.92837,40.28184,2.3229103,5.249363
18.539042,15.459473,15.416379,3.0795689,16.611261
30.587803,31.17958,30.056751,0.5917778,1.9346856
2.2430544,4.8152485,5.432927,2.572194,114.67374
44.377014,43.020275,41.11117,1.356739,3.0573013
37.676174,37.633102,36.073406,0.043071747,0.11432091
10.548877,7.6096935,8.175616,2.9391832,27.862524
41.91464,39.6814,38.00415,2.2332382,5.3280625
41.179462,41.181007,39.495422,0.0015449524,0.0037517545
3.8495364,4.8105254,5.427089,0.960989,24.963758
13.573781,8.669168,9.055244,4.9046125,36.132988
3.6845398,4.15087,4.922122,0.46633005,12.656399
19.657637,16.597717,16.471546,3.0599194,15.566059
4.558105,4.136746,4.797502,0.42135906,9.244172
42.10743,37.623028,36.105614,4.4844017,10.649906
0.4736587,1.3586371,2.4320352,0.8849784,186.83884
2.00457,7.7500925,8.18911,5.7455225,286.6212
5.8859305,8.011641,8.559671,2.12571,36.115105
6.947226,5.561634,6.1573095,1.385592,19.944536
39.573437,37.82843,36.310238,1.7450066,4.40954
44.02621,41.780426,40.0341,2.2457848,5.1010175
8.187423,6.59229,7.1444106,1.5951328,19.482721
34.66911,30.567759,29.513159,4.101351,11.829986
48.837833,43.794876,42.187057,5.0429573,10.325923
35.349636,36.053963,34.631172,0.7043266,1.992458
8.11131,5.178454,6.074156,2.932856,36.15761
6.548138,4.152126,4.8308487,2.3960123,36.59074
39.9318,39.704964,38.00947,0.22683716,0.5680614
1.5445721,1.8685191,3.0789804,0.32394695,20.97325
49.82607,46.815727,45.18626,3.0103416,6.0417004
41.282253,41.80932,40.361984,0.5270653,1.2767358
2.4433095,6.7009883,7.2119846,4.257679,174.25868
5.199259,4.9205847,5.533347,0.27867413,5.359882
38.879055,38.317978,36.74259,0.5610771,1.4431347
3.146451,4.534899,5.218682,1.3884482,44.127438
10.30089,9.080257,9.677558,1.2206326,11.849777
10.032696,9.6005125,10.580553,0.43218327,4.3077483
40.88486,35.841312,34.44513,5.0435486,12.33598
25.199677,23.843092,23.254145,1.3565845,5.383341
6.8667254,4.720433,5.3815484,2.1462922,31.256416
41.765034,40.72202,38.982765,1.0430145,2.497339
21.317509,17.756006,17.66022,3.5615025,16.706936
9.451619,10.920477,11.150569,1.4688578,15.540805
10.937221,9.87251,10.332996,1.0647106,9.734746
5.179803,4.2909446,4.9537067,0.8888583,17.16008
10.680022,11.279497,13.588812,0.5994749,5.613049
6.244383,5.1975455,5.8046427,1.0468373,16.764463
35.915257,33.081825,31.946842,2.8334312,7.889214
4.0825853,5.9748206,6.5524507,1.8922353,46.348946
17.54924,19.965714,19.788227,2.4164734,13.769675
10.479965,9.291152,9.62031,1.1888132,11.343675
28.831045,26.274296,25.52031,2.5567493,8.868042
49.992928,34.46084,33.398563,15.532089,31.068575
9.411318,9.311525,9.647312,0.09979248,1.0603454
9.467727,9.849875,10.13373,0.38214874,4.0363307
8.266675,6.948934,7.4816113,1.3177409,15.940398
8.754677,7.1381655,7.7756557,1.6165113,18.464546
44.399754,43.22194,41.61834,1.1778145,2.65275
6.9366794,4.8713355,5.492326,2.0653439,29.774246
28.13744,28.402008,27.53851,0.26456833,0.9402715
3.8414738,4.387367,5.351843,0.54589295,14.210508
38.987576,36.161312,35.019547,2.8262634,7.249139
19.01023,22.249334,21.830976,3.2391052,17.03875
4.848849,4.648706,5.292933,0.20014286,4.1276364
8.141992,9.783137,10.071871,1.6411457,20.156563
39.286312,36.227592,34.94018,3.0587196,7.7857127
6.1770425,5.5523634,6.123597,0.6246791,10.112916
39.502674,40.320736,38.589115,0.8180618,2.0709023
24.717688,22.116365,21.590366,2.6013222,10.524132
8.348011,6.367461,6.9358163,1.9805498,23.72481
3.0809777,3.5811625,4.3102813,0.5001848,16.234612
6.3385696,6.4738946,7.0276394,0.13532495,2.1349447
24.667774,34.743004,33.44628,10.07523,40.843693
24.322777,29.40755,28.529867,5.084774,20.905401
9.274279,7.185959,7.68114,2.0883198,22.517328
4.7420373,4.0308475,4.7135878,0.71118975,14.997557
9.645879,7.9993286,8.435582,1.6465502,17.069986
3.7900114,5.7395043,6.3145237,1.9494929,51.437653
10.050358,7.4074783,7.8685236,2.6428795,26.296373
10.656314,11.938164,12.081066,1.2818499,12.029017
40.83066,39.275375,37.748463,1.5552864,3.809114
42.494156,39.931046,38.25406,2.5631104,6.0316772
13.6977625,17.643623,17.449192,3.9458609,28.806608
39.57581,35.867367,34.41941,3.7084427,9.370479
1.7916926,2.9867725,3.7667236,1.1950799,66.70117
41.831215,42.64297,40.742958,0.81175613,1.9405512
35.32682,33.167797,31.922607,2.1590233,6.11157
40.94888,38.81217,37.207684,2.1367111,5.2179966
11.323934,10.3918705,11.38196,0.9320631,8.230913
40.477608,39.6482,37.984543,0.82940674,2.0490508
40.704388,41.301388,39.50139,0.5970001,1.4666727
42.58698,43.24264,41.348927,0.65566254,1.5395845
45.522026,38.95067,37.348545,6.5713577,14.435555
4.7886844,3.7144456,4.4721785,1.0742388,22.432858
7.8991303,8.2599,8.774072,0.36076975,4.5672083
10.878783,10.269106,10.5224,0.6096773,5.6042786
4.9842095,3.794755,4.4973245,1.1894546,23.864458
49.4485,44.764458,44.016144,4.684044,9.472569
23.868567,23.592241,23.230965,0.27632523,1.157695
35.007576,34.50516,33.357433,0.5024147,1.4351599
26.555052,26.564054,25.744448,0.009002686,0.03390197
36.69175,33.47854,32.18183,3.213211,8.757312
3.5554535,3.471572,4.1853995,0.08388162,2.3592381
10.266897,10.344128,10.929279,0.07723045,0.7522278
13.117663,15.006083,14.96826,1.8884192,14.396003
22.376423,23.818228,23.237629,1.4418049,6.4434104
37.254852,37.523502,35.960365,0.26865005,0.7211143
19.824629,7.316907,7.8350782,12.507722,63.091835
28.083078,26.55483,25.82706,1.5282478,5.4418817
40.79918,40.523983,38.77554,0.27519608,0.67451376
6.755026,7.5149097,7.960391,0.7598839,11.249164
2.6770742,2.1370254,3.051961,0.54004884,20.1731
8.2334585,6.8636627,7.385226,1.3697958,16.636944
25.402203,27.28651,26.6685,1.8843079,7.4178915
1.9646218,6.2632813,6.7822814,4.2986593,218.8034
7.5212345,5.897467,6.4838667,1.6237674,21.589108
5.9441133,6.1262155,6.6535816,0.1821022,3.0635722
9.934866,11.650031,11.826371,1.7151651,17.2641
3.0825634,4.1151447,4.793377,1.0325813,33.49749
3.8515596,5.0926733,5.6972046,1.2411137,32.223663
17.757223,14.483238,14.467183,3.273985,18.437483
43.31272,43.2766,41.389618,0.03612137,0.08339667
42.38072,41.527428,39.730522,0.85329056,2.0133934
42.747036,41.133408,39.338688,1.6136284,3.774831
4.122534,3.753625,4.655889,0.36890888,8.948596
5.962366,4.3874493,5.0368557,1.5749168,26.414293
27.464226,26.04102,25.399048,1.4232063,5.182037
8.972589,10.730654,10.998887,1.7580652,19.593735
38.65557,37.04069,35.605453,1.6148796,4.1776114
3.8445218,6.562685,7.286207,2.7181633,70.70224
8.502869,6.2489996,6.7859745,2.253869,26.50716
13.16576,9.902895,10.746864,3.262865,24.782959
27.388227,27.143463,26.284906,0.24476433,0.89368445
5.3036203,4.5377283,5.1740966,0.765892,14.440928
41.871372,39.667522,37.96225,2.2038498,5.263381
40.251698,40.602505,38.840584,0.3508072,0.87153393
41.444874,40.73369,39.38854,0.71118546,1.7159793
5.3442397,5.8319254,6.471414,0.48768568,9.125445
6.6981254,6.2226934,6.7438693,0.47543192,7.0979843
15.838582,16.16103,16.079004,0.32244778,2.0358374
9.8910885,8.679495,9.083002,1.2115936,12.249346
4.04912,5.9124384,6.4806633,1.8633184,46.017864
3.0676997,3.880228,4.567889,0.8125284,26.486568
37.644627,37.156185,35.639294,0.48844147,1.2975065
9.09426,7.9624786,8.478595,1.1317816,12.44501
31.044664,30.663193,29.615353,0.38147163,1.2287832
43.269405,44.01039,42.053005,0.7409859,1.7124938
4.1951413,6.9829054,7.4521275,2.787764,66.45221
11.698435,10.014997,12.52698,1.6834383,14.390286
3.750576,3.016409,3.8918495,0.7341671,19.574783
1.7584642,9.811829,10.143414,8.053365,457.97717
13.885024,11.909335,12.192802,1.9756889,14.22892
13.156529,15.212582,15.1511345,2.0560522,15.627619
8.329644,8.604874,8.980135,0.27522945,3.3042161
17.305801,18.037535,17.79757,0.7317333,4.2282543
42.70326,42.18752,40.388893,0.51573944,1.2077285
41.93193,39.975704,38.399868,1.9562263,4.6652427
8.744543,11.381178,11.567586,2.6366348,30.151773
8.565674,7.847313,8.261571,0.7183609,8.386508
8.575489,10.56009,10.812866,1.984601,23.142715
4.817975,5.124124,5.7155156,0.306149,6.3543086
10.091608,11.194725,11.406803,1.103117,10.931033
33.840267,33.57988,32.294697,0.26038742,0.7694603
10.785109,11.861092,12.03729,1.075983,9.9765625
14.832271,12.970459,13.047336,1.8618116,12.552439
9.325306,6.719117,8.31558,2.6061888,27.947487
5.3654966,4.7968197,5.4408507,0.56867695,10.598776
20.921873,22.462925,21.949295,1.5410519,7.3657455
8.147709,6.8571095,7.359585,1.2905993,15.840028
37.63026,38.111225,36.518906,0.48096466,1.2781327
37.323837,34.703457,33.423206,2.6203804,7.0206614
7.7167015,5.5911827,6.198329,2.1255188,27.544395
39.45346,39.805943,38.09865,0.35248184,0.8934117
39.199005,38.018085,36.43851,1.1809196,3.0126266
12.712135,12.799687,14.453997,0.08755207,0.6887283
43.567055,41.272038,39.479126,2.2950172,5.2677813
6.9440017,8.938523,9.365603,1.9945216,28.722942
7.882412,6.416846,6.993253,1.4655662,18.592863
32.22254,32.66562,31.626602,0.4430771,1.3750532
21.902729,27.399342,26.56133,5.4966125,25.09556
1.7903842,2.6593523,3.464436,0.8689681,48.53529
6.5957165,5.7465124,6.298247,0.84920406,12.875085
20.234732,20.508816,20.108843,0.2740841,1.354523
36.10208,38.617455,37.11341,2.5153732,6.967391
21.125507,18.756897,18.617195,2.3686104,11.212088
43.066948,43.381252,41.465088,0.31430435,0.7298041
6.7326584,5.731418,6.3084283,1.0012403,14.871395
49.887478,42.30699,40.6242,7.5804863,15.1951685
6.4047894,7.4112816,7.869027,1.0064921,15.71468
5.8275876,4.445434,5.0889916,1.3821535,23.71742
33.86852,35.344913,34.008377,1.4763947,4.3591948
24.537321,24.364891,23.716501,0.17243004,0.7027256
15.262919,10.623154,13.018935,4.6397657,30.39894
40.3218,39.811226,38.10227,0.51057434,1.2662488
45.40763,40.879063,39.268227,4.5285683,9.973144
13.071727,13.818803,13.93142,0.74707603,5.715205
39.871044,37.969955,36.433834,1.9010887,4.7680936
42.36336,40.208973,38.547657,2.1543884,5.0854993
44.013824,43.82794,41.86412,0.18588257,0.4223277
42.58181,19.078772,21.484892,23.503038,55.195023
1.8485656,3.4499016,4.182207,1.601336,86.62587
2.8638039,5.3062897,5.8976536,2.4424858,85.28817
18.834425,19.191166,18.894833,0.35674095,1.8940899
3.5666,4.1216197,4.792074,0.5550196,15.561588
15.54105,16.659616,16.484,1.1185665,7.1974964
40.977917,40.544502,38.823895,0.43341446,1.0576781
23.28683,22.01013,21.486378,1.276701,5.482502
21.78141,16.305538,18.25754,5.475872,25.140118
17.39333,14.160672,14.165299,3.2326574,18.585615
12.724749,12.633747,12.743519,0.09100151,0.7151537
10.57246,12.335461,13.192259,1.7630005,16.675404
16.720463,20.318598,19.974201,3.598135,21.51935
40.53474,40.27092,38.54413,0.26382065,0.6508507
32.668316,31.547634,30.450495,1.1206818,3.4304852
3.8352983,5.0424485,5.6479583,1.2071502,31.474741
5.8436213,6.71885,7.217229,0.8752289,14.977509
5.2844415,5.633251,6.194262,0.34880972,6.6006927
9.028034,11.703124,11.871618,2.6750898,29.630922
19.575472,14.679298,14.775911,4.8961735,25.011778
3.8261623,3.8925276,4.584492,0.06636524,1.734512
8.835843,6.653656,7.433375,2.182187,24.696987
43.46719,41.62313,39.79451,1.844059,4.242416
35.347584,33.910572,32.654415,1.4370117,4.065375
25.871254,28.459131,27.629951,2.5878773,10.002906
16.841007,18.918467,18.677113,2.0774593,12.335719
39.734493,37.858448,36.384407,1.8760452,4.7214527
3.9143298,3.7866201,4.4744434,0.12770963,3.262618
3.9237385,3.728496,4.4658165,0.1952424,4.9759283
13.573355,15.764095,15.678759,2.1907406,16.140009
44.345024,40.12437,38.6522,4.2206535,9.517761
41.393246,39.479122,37.815857,1.9141235,4.6242414
40.924404,37.658237,36.220936,3.2661667,7.9809756
44.656555,43.44438,41.610397,1.2121735,2.7144356
5.8987913,5.8021474,6.379897,0.096643925,1.6383682
43.840088,42.505264,41.02627,1.3348236,3.0447557
2.3691807,5.88502,6.444856,3.515839,148.39896
43.80606,41.36761,39.585056,2.4384499,5.566467
43.277504,41.528282,39.760654,1.7492218,4.041873
6.0540333,4.1197968,4.7848988,1.9342365,31.94955
11.046887,14.104346,14.102261,3.0574589,27.677107
34.055023,35.18165,33.822624,1.1266251,3.3082492
22.355465,17.413034,17.30807,4.9424305,22.108377
30.50188,32.613857,31.502827,2.1119766,6.9240866
36.227566,34.216347,33.01958,2.011219,5.551626
41.631104,40.701046,38.949196,0.9300575,2.2340448
39.67759,39.46128,37.793236,0.2163086,0.54516566
36.797256,38.432858,36.850426,1.635601,4.4448996
44.068085,41.599804,39.83067,2.4682808,5.6010623
7.134076,6.547403,7.0622034,0.58667326,8.223536
19.822275,16.530113,16.368717,3.292162,16.608395
11.430978,10.047091,10.769682,1.3838873,12.106465
43.879944,44.28156,42.310684,0.40161514,0.915259
7.9708943,9.377523,9.715377,1.4066291,17.647066
15.484498,19.958406,19.661678,4.4739084,28.892822
43.43877,41.78577,39.962265,1.6529999,3.805356
6.1106434,5.014798,5.6313076,1.0958452,17.933384
10.179186,6.872866,7.4251614,3.3063197,32.48118
32.823017,27.902437,27.051662,4.92058,14.991248
43.404037,42.76933,40.95124,0.6347084,1.4623257
8.797554,9.860256,10.144838,1.0627022,12.079518
45.405758,40.803688,39.06521,4.60207,10.135432
11.69212,13.449899,13.550354,1.7577791,15.033878
23.761423,20.023706,19.653831,3.7377167,15.730188
16.25189,17.789202,17.573505,1.5373116,9.459278
44.06612,42.079334,40.420204,1.9867859,4.508647
13.106077,10.420966,10.699948,2.685111,20.487526
7.8177476,5.4216614,6.006958,2.3960862,30.649317
44.732075,43.17295,41.296623,1.559124,3.4854722
19.802048,14.443635,14.682531,5.3584127,27.05989
10.229345,11.9240465,12.228718,1.6947012,16.567055
41.298218,39.42678,37.78969,1.8714371,4.5315204
41.08065,41.427654,39.712845,0.34700394,0.8446895
7.4826775,5.886522,6.4363728,1.5961556,21.331345
7.201473,6.865769,7.3418937,0.33570433,4.6616063
39.87344,36.355736,34.898506,3.517704,8.822173
18.385868,15.347517,15.2723875,3.038351,16.52547
10.757914,11.643237,12.076162,0.8853235,8.229509
32.10943,27.742723,26.913424,4.366705,13.599448
5.593168,4.133279,4.7934165,1.4598889,26.10129
40.095387,34.79068,33.48623,5.3047066,13.230216
1.8058281,2.2725108,3.1125274,0.46668267,25.84314
3.4598072,4.271373,4.921212,0.81156564,23.45696
26.298065,33.701145,32.464424,7.40308,28.150663
3.2119875,5.6919312,7.5408583,2.4799438,77.20901
43.172733,41.797195,40.003048,1.3755379,3.1861265
6.823308,7.082197,7.5560904,0.2588892,3.794189
39.966625,37.73826,36.16047,2.2283669,5.575569
10.464722,11.256835,11.446644,0.7921133,7.5693684
9.385552,7.7370424,8.401444,1.64851,17.564337
40.153603,40.435223,38.707973,0.28162003,0.7013568
20.721272,23.026806,22.425203,2.3055344,11.126413
38.87346,39.27601,37.617157,0.40254974,1.0355388
20.21129,28.092907,27.329721,7.8816166,38.99611
4.3007646,5.4480014,6.03965,1.1472368,26.675182
43.021454,41.15958,39.594185,1.8618736,4.3277793
44.42691,42.518192,40.692196,1.9087181,4.296311
42.472576,39.78903,38.164017,2.683548,6.3183074
40.04859,30.343632,30.266966,9.70496,24.232962
11.782323,12.684018,14.363016,0.90169525,7.65295
41.536163,40.048687,38.311165,1.4874763,3.5811598
9.983503,7.3741074,7.9485826,2.609396,26.137077
9.495299,9.762069,10.060329,0.2667694,2.8094893
8.912872,8.215468,8.627247,0.6974039,7.8246813
14.597507,10.964166,12.997559,3.6333418,24.890152
5.766147,8.103094,8.692014,2.336947,40.528744
4.1367407,3.2827134,4.0078115,0.8540273,20.64493
40.342907,39.6302,37.97825,0.7127075,1.7666241
40.068607,44.14994,42.46216,4.081333,10.185862
8.664257,8.545803,9.123978,0.11845398,1.3671567
5.9838233,6.4226837,6.9398026,0.43886042,7.3341136
36.307858,34.66363,33.296337,1.6442261,4.5285683
34.559654,33.57228,32.295628,0.98737335,2.8570116
22.611002,27.29107,26.875458,4.680069,20.698195
8.80994,7.09072,7.865981,1.7192202,19.51455
7.8184543,7.9912157,8.419014,0.17276144,2.2096624
5.7991514,5.4460955,6.02588,0.35305595,6.0880623
6.0527973,3.8827806,4.570951,2.1700168,35.85147
4.76938,4.546642,5.178931,0.22273827,4.670172
40.165054,39.58223,38.081974,0.5828247,1.4510741
7.054776,4.851223,5.470791,2.2035532,31.234913
44.317383,40.42028,38.775475,3.8971024,8.79362
7.5396686,7.6885633,8.111869,0.14889479,1.9748187
1.3761804,5.063764,5.7178817,3.6875837,267.95786
5.001941,6.887863,7.38156,1.885922,37.7038
2.570528,4.203637,5.186967,1.6331091,63.532047
6.8861866,4.705811,5.3396378,2.1803756,31.663033
7.537032,5.732284,6.351382,1.804748,23.945076
38.13342,37.48423,35.96481,0.649189,1.7024149
9.111409,6.129961,6.6577744,2.9814482,32.72214
37.95462,38.12442,36.56185,0.1697998,0.44737583
49.74056,41.62834,40.259026,8.112217,16.30906
11.321319,11.6186495,12.3554535,0.29733086,2.6262918
5.9606695,4.7609134,5.3828106,1.1997561,20.127876
0.48573357,1.989681,2.980545,1.5039475,309.62396
6.569964,4.8507366,5.47924,1.7192273,26.167986
4.217604,4.589212,5.2190676,0.37160778,8.810874
10.909973,11.195952,11.779681,0.28597927,2.6212647
40.06278,40.255,38.530067,0.1922226,0.47980344
36.50858,38.01668,36.575027,1.5081024,4.1308165
16.448954,15.400578,15.82588,1.0483761,6.3735123
2.2952883,2.6211061,3.4146435,0.32581782,14.195072
12.259877,8.3856325,9.098486,3.8742447,31.601007
18.071764,15.391851,15.304465,2.6799126,14.829281
5.5015664,4.1949124,4.877759,1.306654,23.750582
15.642277,12.409769,12.51937,3.2325077,20.6652
4.5359025,6.4379063,7.0057173,1.9020038,41.9322
5.91677,6.944815,7.421919,1.0280452,17.375109
6.0675726,7.255851,7.708737,1.1882782,19.58408
10.929415,9.873513,10.150877,1.0559015,9.6610985
8.728096,7.3948326,7.9441814,1.3332634,15.275536
43.920177,42.650898,40.79126,1.2692795,2.8899689
8.256972,6.1017413,6.7763753,2.155231,26.101954
11.28254,6.831689,7.404377,4.4508514,39.44902
29.709204,24.123533,23.48871,5.5856705,18.801144
5.9600267,5.9794593,6.5163307,0.019432545,0.32604796
40.615524,28.894487,28.009483,11.721037,28.858513
8.118635,7.539068,8.053267,0.57956696,7.138724
4.7215295,5.671626,6.3073444,0.9500966,20.122644
40.46934,40.040333,38.437424,0.42900848,1.0600827
40.30102,39.598564,37.93041,0.7024574,1.7430264
8.799451,7.4138784,7.9220347,1.3855724,15.746124
34.28077,32.998234,31.817196,1.2825356,3.7412684
49.4579,39.78194,38.236954,9.675961,19.564034
41.313953,40.949596,39.28853,0.364357,0.88192236
43.77759,43.62159,41.658802,0.15600204,0.35635138
32.457027,35.79842,34.66742,3.3413925,10.29482
19.662403,17.917936,17.672491,1.7444668,8.872094
38.66582,37.781662,36.239662,0.8841591,2.2866683
26.187077,27.711922,27.067698,1.5248451,5.8228917
4.253896,5.878724,6.442681,1.6248279,38.196228
3.8279607,4.987454,5.59291,1.1594932,30.290102
26.426853,25.002192,24.431553,1.4246616,5.3909616
16.201984,14.672627,15.873194,1.529357,9.439319
3.0936623,3.427742,4.147836,0.33407974,10.798843
42.966072,41.971626,40.139023,0.9944458,2.3144908
11.63007,10.692635,11.288969,0.93743515,8.060443
25.438608,23.40219,22.79154,2.036419,8.005229
44.84369,40.179657,38.577106,4.664032,10.400643
29.636002,29.764372,28.787458,0.12837029,0.43315655
6.8270936,4.9867783,5.7747645,1.8403153,26.956059
4.7565417,4.1737275,4.8370686,0.5828142,12.252898
5.4141107,4.7165446,5.3769455,0.69756603,12.884223
43.592457,43.010326,41.23565,0.58213043,1.3353926
42.220966,41.57994,39.75452,0.64102554,1.5182636
20.217447,18.3324,18.055683,1.8850479,9.323867
8.229195,5.896323,6.4402823,2.3328714,28.34872
18.626238,15.327059,15.248997,3.299179,17.712536
10.856323,11.809793,13.111982,0.95347023,8.782625
39.086544,35.205154,33.94416,3.8813896,9.930245
43.82273,40.57724,38.87403,3.245491,7.4059534
17.404194,16.787123,16.626171,0.61707115,3.5455313
28.747662,28.911947,28.024601,0.16428566,0.57147485
44.1351,41.394123,39.610218,2.7409782,6.2104273
39.545525,40.53614,38.781853,0.99061584,2.505001
49.98769,49.803593,48.33416,0.18409729,0.36828524
38.222214,43.516006,43.12413,5.2937927,13.850042
40.678497,38.361275,36.7311,2.3172226,5.696431
3.0092304,6.053194,6.608639,3.0439637,101.15422
21.8458,26.394136,25.614063,4.548336,20.820185
14.180948,25.258884,24.678865,11.077936,78.11844
7.9835715,6.834731,7.3580804,1.1488404,14.390056
15.268967,19.052143,18.774271,3.7831764,24.776897
8.183122,6.648891,7.238733,1.5342307,18.74872
43.807327,35.25565,33.966934,8.551678,19.521112
5.117389,4.58812,5.250789,0.5292692,10.342564
49.92229,41.31917,40.031918,8.603119,17.23302
11.97756,15.316071,15.304029,3.3385105,27.873043
31.426521,25.5513,24.886913,5.8752213,18.695105
5.87387,4.551842,5.1930256,1.3220277,22.50693
6.5114365,6.280238,6.824067,0.23119831,3.55065
4.0899324,7.237467,8.46067,3.1475344,76.95811
40.97909,38.853973,37.217133,2.1251183,5.1858597
11.217541,11.409445,11.589999,0.19190407,1.7107499
42.144184,40.52741,38.84943,1.6167755,3.8362956
42.67186,41.69755,39.943127,0.974308,2.2832565
16.79482,19.600813,19.248135,2.8059921,16.707485
7.9992647,6.02128,6.563071,1.9779849,24.727085
0.874866,2.4630318,3.6426175,1.5881658,181.53246
20.530706,18.036903,18.347965,2.493803,12.146699
19.382498,18.345697,18.097336,1.0368004,5.349158
4.645352,4.580355,5.2253065,0.06499672,1.3991776
11.879735,9.86456,10.16193,2.0151749,16.963129
9.171208,8.60981,8.983586,0.5613985,6.1213145
34.02375,36.686234,35.29332,2.6624832,7.8253665
20.807623,19.340961,19.143518,1.4666615,7.048673
7.7648263,7.4302015,7.957285,0.33462477,4.309495
9.361327,11.2188,11.904335,1.8574724,19.841976
3.0790322,5.4767475,6.0478787,2.3977153,77.87237
6.5583286,5.4921827,6.0745363,1.0661459,16.256367
39.761505,38.359676,36.755516,1.4018288,3.5255928
10.284507,9.627103,9.943742,0.65740395,6.3921776
23.483904,22.975672,22.506433,0.5082321,2.1641722
8.010417,10.151645,10.422272,2.1412277,26.73054
5.145491,4.3304033,4.9831567,0.8150878,15.8408165
15.214875,13.178523,13.262039,2.0363522,13.383956
1.4350209,4.3840785,5.043694,2.9490576,205.50624
11.38412,13.0176325,13.232874,1.6335125,14.349046
36.080437,32.71756,31.528307,3.362877,9.320499
33.670586,33.95108,32.665222,0.2804947,0.83305556
3.959924,5.772392,6.3318653,1.8124678,45.770267
38.00975,42.26659,41.39987,4.2568398,11.199336
39.63422,39.63135,37.94879,0.0028686523,0.007237817
31.98595,27.196184,26.605398,4.7897663,14.974594
8.323976,9.517053,10.622448,1.1930771,14.33302
43.985508,41.692024,39.877464,2.2934837,5.2141805
40.31474,37.648396,36.106777,2.6663437,6.6138186
11.429246,12.301881,12.95816,0.8726349,7.6351047
40.795536,41.15101,39.3378,0.35547256,0.8713516
6.1920996,7.491452,7.99103,1.2993526,20.984041
4.6155415,4.480592,5.124225,0.13494968,2.9238105
11.021954,9.622057,12.095827,1.3998966,12.700984
44.374363,34.493996,33.566074,9.880367,22.265936
6.5327296,4.2636957,4.9530983,2.269034,34.733322
42.101254,38.79801,37.287937,3.3032417,7.845946
22.115576,34.193775,33.006874,12.078199,54.613995
32.938534,33.16378,31.914476,0.22524643,0.68383867
27.917574,22.953892,22.438261,4.963682,17.779776
31.863361,30.987307,29.9814,0.87605476,2.749411
16.184252,12.32225,12.451914,3.8620014,23.86271
7.825697,7.1349688,7.7288833,0.6907282,8.82641
5.1754394,4.9374647,5.613287,0.23797464,4.5981536
6.675926,9.999403,10.338207,3.3234768,49.78301
22.415722,20.37631,19.967333,2.0394115,9.09813
42.718647,41.998077,40.130646,0.7205696,1.6867801
16.785988,10.640106,10.877909,6.1458817,36.613163
44.891594,39.871696,38.360275,5.0198975,11.182266
12.617985,9.976247,10.269012,2.641738,20.93629
34.39391,36.722103,35.303604,2.3281937,6.769203
3.1609077,3.924096,4.6121297,0.76318836,24.144594
22.862518,20.80701,20.359175,2.0555077,8.990731
3.5476692,3.5931253,4.3149905,0.04545617,1.2812967
40.72972,41.029263,39.38363,0.29954147,0.7354371
11.071396,11.275744,11.510364,0.20434856,1.8457345
11.188931,12.986465,13.444481,1.797534,16.065289
33.194775,34.50909,33.28429,1.3143158,3.9594057
9.055072,7.749811,8.361815,1.3052607,14.414691
25.214859,22.152433,21.737747,3.0624256,12.145321
41.118504,35.455723,34.290783,5.662781,13.771855
23.675528,22.037281,21.531002,1.6382465,6.9195776
18.42119,16.737823,16.579409,1.6833668,9.138208
2.083364,1.2088647,2.1006691,0.8744993,41.97535
42.943134,39.09058,37.47389,3.8525543,8.9712925
4.074635,3.8678288,4.5536513,0.20680618,5.075453
7.4215665,6.757703,7.366713,0.66386366,8.945062
34.82593,34.935684,33.628365,0.109752655,0.31514636
8.855009,6.187245,7.446003,2.6677642,30.127178
18.647522,21.508673,21.015394,2.8611507,15.34333
7.5391655,7.664032,8.091504,0.124866486,1.6562375
2.1973393,6.421935,6.9293795,4.224596,192.25961
3.79909,3.2217083,3.968099,0.5773816,15.197892
10.837289,9.569837,9.9214325,1.2674522,11.695289
28.523308,28.845163,28.860462,0.32185555,1.1283948
6.7007647,5.2476306,5.854102,1.4531341,21.686092
13.52337,13.700008,13.731446,0.1766386,1.306173
5.345011,6.282067,6.844363,0.9370556,17.531404
44.52463,41.47883,39.733086,3.045803,6.8407154
10.252339,7.979476,8.598018,2.2728634,22.169218
34.361977,31.578384,30.660965,2.7835922,8.100792
4.535617,4.1905584,4.8567615,0.34505844,7.607751
