,R2_log,MAE_log
Kp,0.986592710018158,0.027270492166280746
Ki,0.9662052989006042,0.05269823595881462
Kd,0.9457244277000427,0.33527833223342896
