Target,MAE,R2
Kp,0.4707997767478841,0.48919461199348535
Ki,0.14499023876775533,0.3577269819551734
Kd,0.2644426062052447,-0.433772585380932
