,R2_log,MAE_log
Kp,0.9720098972320557,0.03965671360492706
Ki,0.9445884227752686,0.07508879154920578
Kd,0.9450207948684692,0.3271947503089905
