,MAE,MSE,R2
Kp,61.795568,5757.331143,0.214366
Ki,60.391641,5484.941687,0.294472
Kd,52.269717,4395.891493,0.420510
