,MAE,MSE,R2
Kp,0.143851,0.035656,0.398053
Ki,0.024940,0.001523,-2.590607
Kd,0.691990,0.868866,0.792375
