Kp,Ki,Kd,ISE,Overshoot,SettlingTime,RiseTime,Cost
14.733088680165672,0.39514687704073914,15.234339652965058,13.672185905838957,0.015236172271759413,390.8096161833465,176.362586261935,1.1835681767630803
9.433852610767744,0.02720421071373913,17.251487081229136,6.463933906284492,0.20923791733727812,434.38561080146314,195.50309139943522,1.295497246029361
15.269113748495197,1.229943951534075,19.948054138860684,6.28501474820253,0.39549832449925015,342.08108843864034,108.08316080312127,0.857468539971258
16.485139949812734,0.39519759851821235,19.60312778561895,9.855849377658199,0.05088301353783872,440.7150613234827,212.41069071832692,1.369050607970272
