Kp,Ki,Kd,ISE,Overshoot,SettlingTime,RiseTime,Cost
3.346355464551839,0.030370002232866823,1.1178632151469121,14.048499244674744,0.5290949452712601,145.22389581552338,21.640846682581994,0.4184536619735473
3.346355459017994,0.030370000679113985,1.1178632176175491,14.048499225477132,0.5290949439839918,145.22389552487903,21.640846809140097,0.4184536619952164
3.3463554545518392,0.030370002232866823,1.1178632151469121,14.048499243205912,0.529094945307732,145.22389591448623,21.6408466788977,0.41845366200270895
3.346355449017994,0.030370000679113985,1.1178632176175491,14.048499224008298,0.5290949440204639,145.22389562384188,21.640846805455812,0.4184536620243782
3.3463554482660562,0.030369997660263225,1.117863222417852,14.04849918817729,0.5290949414829054,145.22389496017402,21.64084705503507,0.41845366203731843
