Kp,Ki,Kd,ISE,Overshoot,SettlingTime,RiseTime,Cost
8.597383950914924,0.0708338936171744,1.8055172675765923,21.557003882067075,0.21309771890389637,315.4067262947302,91.86674003490329,90.12011436253432
8.066998681572283,0.02854544419859728,1.2546025109887053,20.14852162407485,0.24119343022275483,284.5568248103168,100.62734646782847,85.14448159130356
9.645779978396508,0.06752500372003123,1.4121093414796562,21.47408739752428,0.225317261229772,334.45484302199947,134.50635076394107,102.42693716844379
8.341793560320308,0.022248590856900563,1.215371282101622,20.21095691836565,0.22625384357500397,287.55676365501995,110.72323561071508,87.78563338920827
7.228245572934297,0.015313406807933916,1.2766851318560763,19.97757480574167,0.2682535839100404,271.94525348030226,75.32649486509952,77.49903030815904
10.0,0.01,2.0,21.76086369965898,0.12684648458052725,346.8414628817766,133.18922735085278,104.73585282330558
9.99999999,0.01,2.0,21.760863695676402,0.12684648485196767,346.84146261706263,133.18922707471717,104.73585271359693
10.0,0.01,1.99999999,21.7608636814812,0.12684648577987798,346.8414626882844,133.18922767735134,104.7358528428756
