,MAE,MSE,R2
Kp,10.134140,269.093926,0.306090
Ki,5.841379,96.859241,0.182753
Kd,9.004431,209.945584,0.691147
