Kp,Ki,Kd,ISE,Overshoot,SettlingTime,RiseTime,Cost
31.493440894839296,4.3172551023032995,31.16498416294328,1.5436201945074488,0.12033336018159577,605.5499905674201,114.50898504242488,0.9169804120000393
27.39333983446328,4.309095493843664,28.193509610429043,1.4807733753665262,0.34359453467570555,575.0494760519563,81.00406681930428,0.7895495061066748
27.02936683548605,2.666821712080484,29.91302278870619,1.7129265595451686,0.10945415101264241,494.6932619099123,142.18249840985044,0.9984696099539577
29.610466095547803,6.101036637142833,34.0759050804531,0.9592958615166916,0.5379751650833674,708.894679773421,60.41779833309176,0.7982248417843864
11.909645701966156,0.3864277789473576,7.999698609739568,19.146314508809933,0.023207809413267805,301.1923065007494,131.45950681796123,0.9572929985095724
1.7343160095310708,0.06669526561950079,37.25970728576124,0.3938435146370638,0.6818644928187793,679.3147804767144,326.6804621463864,2.146479650534762
40.881597028067176,13.017397133522767,70.0954748209577,0.17069053331463893,2.936192778330119,1303.2752209735484,62.96122595562847,1.701772113847306
20.435985923368946,0.7943514268456155,25.12904949210853,6.477551108239934,0.028534043085474886,432.876588440619,231.00883515255532,1.4271976140662543
17.61849030837967,0.21466604915079301,4.5789391104969255,21.29638130681693,0.013440105347281545,468.53134532191916,260.1359960635578,1.698028539116696
