,MAE,MSE,R2
Kp,0.024746,0.003798,0.988407
Ki,0.020153,0.002687,0.813294
Kd,0.209338,0.220639,0.987027
