,MAE,MSE,R2
Kp,62.596748920038976,15068.771740090428,0.15720629041803946
Ki,38.933470089572864,7856.294508820611,0.03041761924122588
Kd,50.70389542924941,8724.949979051058,0.6086669642639341
