Kp,Ki,Kd,ISE,Overshoot,SettlingTime,RiseTime,Cost
37.82497825671332,6.520619066099881,11.839280772723336,70.28907948524446,1.982407305506362e-06,338.0920056719666,0.2225091952921951,0.3458817431273818
37.82497825671332,6.520619066099881,11.839280772723336,70.28907948524446,1.982407305506362e-06,338.0920056719666,0.2225091952921951,0.3458817431273818
37.82497826671332,6.520619066099881,11.839280762723336,70.28907952064817,1.983212388173561e-06,338.092005482461,0.22250919559414734,0.3458817433239187
37.82497826671332,6.520619066099881,11.839280762723336,70.28907952064817,1.983212388173561e-06,338.092005482461,0.22250919559414734,0.3458817433239187
37.82497825671332,6.520619066099881,11.839280762723336,70.28907951110583,1.9842615749110504e-06,338.09200558133085,0.2225091853588645,0.34588174356061807
