Kp,Ki,Kd,ISE,Overshoot,SettlingTime,RiseTime,Cost
6.3044149574985475,2.0874329868971273,3.2905295000607557,0.008864573593956565,0.001787489763142136,20.989594793375446,7.443099963780954,0.048223653958332696
9.246319158469301,2.4547158915079494,3.3736514368573784,2.93900869050365,0.00033590071706485203,0.485265477949414,1.0369588739258313,0.027553967466647452
