,R2_log,MAE_log
Kp,0.9803406000137329,0.03770798072218895
Ki,0.9814358353614807,0.04601645469665527
Kd,0.9634386301040649,0.2571983337402344
