,MAE,MSE,R2
Kp,67.342821,6441.251080,0.104633
Ki,70.102655,6769.184461,0.078982
Kd,80.994742,10745.149903,-0.403673
