,MAE,MSE,R2
Kp,39.06810845308052,2699.963614109084,0.6315684493469109
Ki,52.803552464117296,4390.807104399712,0.43521026644593896
Kd,41.94245639963781,2950.558847288342,0.6110413181940431
