,R2_log,MAE_log
Kp,0.6794691681861877,0.46453896164894104
Ki,0.18691349029541016,0.6819196343421936
Kd,0.6490464210510254,0.6718028783798218
