,R2_log,MAE_log
Kp,0.5604011416435242,0.06651441007852554
Ki,0.09851014614105225,0.007914405316114426
Kd,0.3894125819206238,1.2726655006408691
