,MAE,MSE,R2
Kp,0.362244,0.216679,0.577158
Ki,0.134359,0.034283,0.562694
Kd,0.261029,0.090237,-0.065721
