,R2_log,MAE_log
Kp,0.945147693157196,0.0677555575966835
Ki,0.9644651412963867,0.12658637762069702
Kd,0.8119529485702515,0.8200310468673706
