,MAE,MSE,R2
Kp,73.670042,7301.124387,0.003703
Ki,74.935348,7480.655279,0.037763
Kd,75.231111,7514.264829,0.009429
