y_true,y_pred,y_std,abs_error,rel_error_%
0.66890347,0.6440176,1.6057334,0.024885893,3.7204013
1.3312005,1.4698946,2.3185196,0.13869417,10.418729
17.323566,2.1655796,2.9550483,15.157987,87.49923
0.6091748,0.60504794,1.5503784,0.004126847,0.6774487
4.6363134,2.2390237,3.0323591,2.3972898,51.70681
0.815335,0.93797207,1.8313333,0.12263709,15.041313
0.77927285,1.0371835,1.9120107,0.25791067,33.096325
20.118357,18.858284,18.568813,1.2600727,6.2632985
7.848412,7.4687414,7.910735,0.37967062,4.8375473
4.3527665,5.588947,6.168913,1.2361803,28.399876
0.06263914,0.16813618,1.1769619,0.10549704,168.42032
1.5231068,0.9953321,1.8633186,0.5277747,34.651196
13.341914,12.94027,13.0806265,0.40164375,3.0103908
1.6024072,1.5214715,2.3708837,0.08093572,5.0508833
7.267589,8.629938,9.016102,1.362349,18.745544
0.6443298,0.4272149,1.3482913,0.2171149,33.696236
0.92708963,0.77941155,1.6670651,0.14767808,15.929213
0.919246,0.82161963,1.7331307,0.09762639,10.620268
1.524093,1.5898674,2.4285915,0.06577432,4.315637
45.414005,29.284245,28.287983,16.12976,35.51715
8.854174,10.2234,10.656798,1.3692265,15.464191
0.29352704,0.37514317,1.3501076,0.08161613,27.80532
0.8966625,1.1216514,1.9848161,0.22498894,25.09182
6.038687,7.7040386,8.122,1.6653514,27.578037
0.19723357,0.31159294,1.2447603,0.114359364,57.98169
2.7488062,3.1378088,4.0945377,0.38900256,14.151691
3.22962,1.5846071,2.4166632,1.6450129,50.93518
11.882294,13.545263,14.13892,1.6629696,13.995359
0.43092135,0.4901319,1.3981103,0.05921057,13.7404585
0.05876692,0.12802292,1.1142651,0.06925601,117.84863
0.67596054,0.8423383,1.7391895,0.16637778,24.613537
3.318969,3.5090117,4.33082,0.19004273,5.7259564
32.223263,13.204275,14.310343,19.018988,59.02254
2.2734003,1.7217994,2.5433218,0.55160093,24.263256
18.847544,18.870579,18.563118,0.02303505,0.12221778
2.5420628,2.7776136,3.542094,0.23555088,9.266131
3.478616,2.2954586,3.0797799,1.1831574,34.012302
1.0780467,0.938846,1.8398696,0.13920069,12.912306
4.852018,4.235999,4.9714994,0.6160188,12.6961355
0.9698443,0.9051243,1.8273784,0.064719975,6.6732335
0.74395025,0.7253587,1.6159434,0.018591523,2.4990277
2.2198339,0.64476335,1.5386952,1.5750705,70.95443
10.925558,11.479302,11.644568,0.5537443,5.068339
8.6018095,10.451589,10.748426,1.8497791,21.504534
3.1111603,0.9026599,1.7798871,2.2085004,70.98639
0.552021,0.6345569,1.6699758,0.08253586,14.951579
0.96228015,1.0489955,1.9273843,0.08671534,9.011444
0.4442664,0.6689167,1.5613877,0.2246503,50.56657
12.332672,16.378597,16.230667,4.045925,32.806557
0.6362627,0.61332273,1.516254,0.02293998,3.6054258
0.21943843,0.43412519,1.3470132,0.21468675,97.83462
41.246765,17.122463,16.948095,24.124302,58.487743
0.49851212,0.624133,1.5167801,0.12562087,25.199162
5.7210865,6.6343594,7.1268783,0.91327286,15.963277
0.73184717,0.7313907,1.6702853,0.00045645237,0.0623699
1.3719406,1.1452551,2.0078132,0.22668552,16.522984
6.3749022,6.784401,7.275832,0.4094987,6.423607
0.5489439,0.57337666,1.4740865,0.024432778,4.45087
2.861672,2.756466,3.6798506,0.10520601,3.6763828
0.7915319,0.8266287,1.7054449,0.035096765,4.43403
2.9300013,2.9319613,3.7098985,0.0019600391,0.06689551
2.1325755,2.4067147,3.186666,0.27413917,12.85484
1.117312,0.9488257,1.8343406,0.16848624,15.079605
0.071264066,0.35208154,1.3829266,0.28081748,394.052
6.0708075,5.5695515,6.1638885,0.501256,8.256825
2.5239851,1.4040155,2.2684906,1.1199696,44.373066
3.3234828,2.0650158,2.861049,1.258467,37.86591
0.36924177,0.4372577,1.3500054,0.06801593,18.420433
23.23017,12.666226,12.7611065,10.563943,45.4751
0.5346296,0.49811187,1.4009963,0.03651771,6.8304696
1.7017086,2.3281174,3.4048905,0.6264088,36.81058
0.17849399,0.25989372,1.2104831,0.081399724,45.603622
0.7935941,0.85281837,1.7319422,0.059224248,7.462788
19.355814,20.379755,20.304214,1.023941,5.2900953
2.0483441,1.7168589,2.5502615,0.33148527,16.183086
22.382202,22.06928,21.54593,0.31292152,1.3980819
1.9409418,4.198703,5.044321,2.257761,116.32296
1.296881,1.3008392,2.1471524,0.0039582253,0.30521116
0.5727635,0.7062788,1.6085486,0.1335153,23.31072
1.7046803,1.6743324,2.496444,0.030347943,1.7802718
0.7734724,0.62627125,1.5207658,0.14720118,19.031212
1.1397499,1.5144427,2.361267,0.3746928,32.875004
18.595133,20.061962,19.743254,1.4668293,7.8882427
11.021139,9.723363,10.048852,1.2977762,11.775336
0.33385146,0.26150194,1.1982303,0.07234952,21.671171
0.5344375,0.5511054,1.5759351,0.016667902,3.118775
3.9487276,1.5262365,2.364188,2.422491,61.34865
21.885454,18.20432,17.946993,3.6811333,16.82
0.7585619,0.65886235,1.557869,0.09969956,13.143232
43.04371,31.423626,30.336391,11.620083,26.996008
3.238611,3.0147843,3.7577064,0.22382665,6.9111924
13.615095,14.366468,14.355728,0.7513733,5.518678
5.6349583,4.8699646,5.481721,0.76499367,13.575853
7.386851,7.768284,8.188976,0.381433,5.163676
18.50573,23.617002,23.013695,5.111273,27.619947
0.50626904,0.6113293,1.5374153,0.10506028,20.751867
0.7339515,0.7699133,1.7393456,0.035961807,4.8997526
1.1294664,1.2865679,2.1387846,0.15710151,13.909357
2.046092,2.4873536,3.2564027,0.44126153,21.566065
1.298103,0.9806237,1.8488792,0.31747925,24.45717
3.350041,1.8590832,2.6749775,1.4909577,44.50566
2.407463,3.000617,3.7408998,0.59315395,24.638132
18.892351,19.522896,19.162685,0.63054466,3.337566
16.361288,11.889938,12.032529,4.4713497,27.328836
11.812639,12.841419,12.979491,1.02878,8.709146
7.1726747,8.526401,8.892617,1.3537259,18.873377
1.2710057,1.3218272,2.1742558,0.050821424,3.9985204
0.7276443,0.6091585,1.5055954,0.11848581,16.28348
0.8397934,0.8899349,1.770257,0.050141513,5.9706964
4.854027,6.8222075,7.2999196,1.9681807,40.54738
9.029821,10.52356,10.836565,1.4937382,16.542276
0.49060503,0.41002887,1.4444786,0.08057615,16.423834
5.8210735,7.658477,8.081368,1.8374033,31.56468
27.524895,19.199116,18.884323,8.325779,30.248177
1.7155144,1.7860265,2.6385438,0.07051206,4.110257
1.4975783,1.6742365,2.5099976,0.17665827,11.796263
3.5272233,2.7817445,3.5317986,0.74547887,21.135006
0.7842914,0.7762054,1.729318,0.008085966,1.03099
7.89802,9.114011,9.466751,1.215991,15.396152
0.8803362,0.81311893,1.6939635,0.06721729,7.6354113
82.67245,30.01502,31.258837,52.657425,63.694046
0.862716,0.919405,1.7994871,0.056688964,6.570988
1.4638603,1.1031349,1.9764285,0.3607254,24.642065
0.6865564,0.851879,1.741081,0.1653226,24.079975
4.5759044,4.6791463,5.304187,0.10324192,2.256208
7.3983274,9.466512,10.143293,2.0681844,27.954756
0.7242218,0.7717825,1.7141469,0.04756069,6.5671444
1.048971,1.1312234,1.9891708,0.08225238,7.8412447
0.37059787,0.47943753,1.4841789,0.10883966,29.36867
2.7127001,3.11451,3.8465998,0.40180993,14.812176
0.4595736,0.45057824,1.3568172,0.008995354,1.9573262
29.01691,17.138088,16.989658,11.878822,40.937584
0.5983194,0.5343853,1.5250564,0.06393409,10.685612
11.109318,11.20369,11.421471,0.094371796,0.84948325
2.656527,3.851779,4.9802094,1.195252,44.993027
2.5214767,3.0116768,3.743378,0.49020004,19.44099
0.93210703,1.0658941,1.9291209,0.1337871,14.35319
3.2321138,4.9432373,6.050106,1.7111235,52.941315
0.58556265,0.5188215,1.4189918,0.06674117,11.397785
0.87374145,0.77209616,1.7371371,0.10164529,11.633337
15.654619,10.457236,10.724997,5.197383,33.200314
4.453316,4.3214498,4.969053,0.13186646,2.9610844
17.875496,19.128155,18.816101,1.2526588,7.007687
2.8942962,3.8609867,4.538497,0.96669054,33.39985
1.0055311,0.8932512,1.7771333,0.11227989,11.166228
0.6716078,0.5664165,1.490126,0.10519129,15.662607
0.6841862,0.6840775,1.6092864,0.00010871887,0.015890246
0.8082678,0.5956682,1.5097781,0.21259958,26.303112
0.68040353,0.74292195,1.7783805,0.06251842,9.188432
4.789525,4.0580745,4.7619977,0.73145056,15.271881
11.254786,13.772325,13.829704,2.517539,22.36861
0.8242357,0.7274927,1.641169,0.09674299,11.737297
0.78218925,0.5170629,1.4264735,0.26512635,33.89542
3.0947218,3.110448,4.151391,0.01572609,0.50815845
2.9264085,3.4547892,4.1596465,0.52838063,18.0556
3.2879725,3.0414653,3.7753062,0.24650717,7.4972396
0.73512363,0.54464996,1.4438479,0.19047368,25.910427
3.7250907,3.8451648,4.6877303,0.120074034,3.2233856
4.4063015,4.738319,5.4563417,0.33201742,7.5350595
1.1768324,0.77440727,1.6747695,0.40242517,34.19562
1.5769333,1.5513825,2.4285533,0.025550723,1.6202793
14.891581,8.605161,8.968653,6.28642,42.21459
2.982914,3.1892867,3.9148784,0.20637274,6.918494
2.0005069,1.5326161,2.368543,0.46789074,23.388609
76.73989,68.33599,64.98434,8.4039,10.951149
61.655575,19.19897,18.869995,42.456604,68.86093
6.1004186,7.2226524,7.6979656,1.1222339,18.396015
1.8375543,1.7278163,2.5746496,0.10973799,5.9719586
0.81942564,1.0444446,1.9123063,0.22501892,27.460566
0.94407666,1.3352175,2.1799617,0.39114082,41.431046
1.7319622,1.645133,2.477111,0.086829185,5.013342
1.3929622,1.4203713,2.3063366,0.027409077,1.9676827
8.290907,11.22972,11.455604,2.9388132,35.44622
3.6247852,4.323722,4.9724455,0.6989367,19.282154
0.5991162,0.52097094,1.4265132,0.078145266,13.043424
19.972555,15.533867,15.485481,4.4386883,22.223938
1.8039169,2.115143,2.9095128,0.31122613,17.252796
2.859296,2.5172396,3.328102,0.3420565,11.962962
1.1410915,1.2708182,2.1191006,0.12972677,11.368657
27.107409,20.15319,19.754787,6.954218,25.654308
0.79231775,0.97186375,1.8491338,0.179546,22.660858
2.479968,3.1763425,3.898717,0.6963744,28.079975
0.33683726,0.26590437,1.1948926,0.070932895,21.058506
1.2154791,1.5484331,2.3938015,0.33295393,27.392815
3.9355628,4.635693,5.26526,0.7001302,17.789837
1.887585,1.8913865,2.7021747,0.003801465,0.20139305
1.2156457,1.2210889,2.0880568,0.0054432154,0.44776332
1.0371404,0.73257816,1.7811567,0.3045622,29.365572
0.74476504,0.651137,1.54998,0.09362805,12.571487
0.7637832,0.52416563,1.442925,0.23961759,31.37246
64.021324,24.664265,23.983131,39.35706,61.474926
1.4475754,1.504771,2.3488402,0.057195544,3.951127
4.7189693,5.486863,6.070713,0.7678938,16.27249
2.226562,2.44516,3.2160816,0.21859789,9.817732
0.98699075,0.7692541,1.6535981,0.21773666,22.06066
0.8830943,0.7448604,1.628927,0.1382339,15.653357
2.1873806,2.2576845,3.0645475,0.07030392,3.214069
0.8641322,0.57830715,1.5030346,0.28582507,33.076546
13.163119,16.867811,16.706657,3.704692,28.144482
1.728867,1.5049875,2.3384776,0.22387958,12.949497
0.90046924,1.0196412,1.8875914,0.11917192,13.234424
6.4705606,6.3846726,6.9657,0.08588791,1.3273643
0.52569234,0.56975126,1.5676886,0.04405892,8.381123
0.9090929,1.1336162,2.021679,0.2245233,24.69751
3.114264,3.2523203,3.9766588,0.13805628,4.4330306
4.7173376,3.4723854,4.176268,1.2449522,26.390993
0.9741504,1.0459661,1.9426832,0.07181573,7.3721395
4.4164095,5.7324133,6.30591,1.3160038,29.798046
40.683735,26.227516,25.603313,14.456219,35.533165
1.5179919,2.1657338,2.9594057,0.6477419,42.670975
23.0225,21.403046,20.957125,1.6194534,7.0342207
0.65701586,0.652282,1.5580039,0.0047338605,0.7205093
0.74951357,0.7241032,1.6510794,0.025410354,3.3902462
7.7380514,9.497393,9.812493,1.7593412,22.73623
0.8096003,1.0112636,2.0760987,0.20166332,24.908998
1.8319091,2.1176019,2.9238734,0.2856928,15.59536
48.12493,43.161167,41.47305,4.963764,10.314329
2.2295246,2.9934735,3.7289417,0.7639489,34.265102
1.0621839,0.97242,1.8410969,0.08976388,8.45088
0.63915217,0.75723004,1.6438236,0.118077874,18.47414
10.072713,11.584798,11.7823925,1.512085,15.011695
28.388124,26.697113,25.95175,1.6910114,5.956756
1.4019891,1.607692,2.4371781,0.2057029,14.672218
12.031077,10.550227,11.01734,1.4808502,12.308542
0.5727534,0.70528615,1.6703893,0.13253272,23.139576
0.4231411,0.481701,1.3853474,0.058559895,13.839331
1.1431098,1.4465532,2.285481,0.30344343,26.545431
0.64942104,0.543095,1.4632181,0.10632604,16.372437
0.68743646,0.5291858,1.4337068,0.15825069,23.02041
5.9163885,5.8954544,6.4995494,0.020934105,0.35383248
2.8560338,1.9295635,2.7428293,0.9264703,32.439053
0.8855226,0.88763607,1.8025751,0.0021134615,0.23866828
0.97857314,0.89012015,1.9178305,0.088452995,9.038977
1.9418397,2.036498,2.836702,0.094658375,4.874675
0.70702195,0.64910305,1.546884,0.057918906,8.191953
3.493396,4.2995434,4.9508905,0.80614734,23.076323
2.3712118,2.9066834,3.9722905,0.5354717,22.582195
0.49116895,0.52455604,1.5416887,0.033387095,6.7974763
0.7271623,0.81845486,1.698906,0.09129256,12.554633
0.56128085,0.6967114,1.6343901,0.13543057,24.128843
0.6269537,0.5284867,1.4896352,0.09846699,15.705623
5.9034195,4.4360733,5.0838513,1.4673462,24.85587
2.5845442,1.5481114,2.4817336,1.0364327,40.10118
5.0824084,5.990074,6.5243254,0.9076657,17.858969
13.783479,11.601584,11.759019,2.1818943,15.829779
1.5062764,1.2322004,2.083535,0.27407598,18.195597
1.9393998,1.8424613,2.6542602,0.09693849,4.998376
1.2632968,1.2852554,2.3054636,0.02195859,1.7381971
1.6741788,1.1314356,1.9910518,0.5427432,32.418472
0.7704017,0.74899244,1.6330092,0.021409273,2.7789752
19.230268,21.024763,20.637497,1.7944946,9.331615
1.4134414,1.461724,2.3049798,0.048282623,3.4159622
26.628283,23.417057,22.830725,3.2112255,12.059454
14.39207,16.654902,16.492088,2.2628317,15.722768
1.2922833,1.3725078,2.2287169,0.080224514,6.2079663
3.8404055,3.2836418,3.9990482,0.55676365,14.497522
4.5009527,6.3975945,6.9049253,1.8966417,42.13867
0.9562456,0.7318846,1.6328957,0.224361,23.462696
4.3051147,4.2015204,4.8699865,0.1035943,2.4063077
0.961529,1.0387881,1.9037613,0.07725906,8.035022
14.653047,13.880389,13.97098,0.7726574,5.2730155
3.2594233,6.2288394,7.059676,2.9694161,91.1025
1.061029,1.1262908,1.9853305,0.06526184,6.150807
0.31655875,0.47978058,1.3909953,0.16322184,51.56131
14.770174,14.153058,14.145101,0.617116,4.1781225
2.4278882,1.9395046,2.759356,0.48838353,20.11557
0.7425428,0.6111622,1.642303,0.13138062,17.693338
1.5823098,1.7211895,2.5616348,0.13887966,8.77702
1.2584025,0.946257,1.8178523,0.31214547,24.8049
32.67036,19.015905,18.701424,13.654455,41.79463
2.4976904,2.6472578,3.4120092,0.14956737,5.988227
15.982122,15.42626,15.401046,0.5558624,3.4780264
0.7437384,0.5551764,1.4527613,0.18856204,25.353273
0.96643513,1.1280744,1.993364,0.16163927,16.72531
30.473951,27.20081,26.379642,3.2731419,10.740786
3.7782195,5.9505253,6.9242167,2.1723058,57.495487
7.2805276,2.726721,3.7946076,4.5538063,62.54775
3.0637784,2.656565,3.412354,0.40721345,13.291217
55.429897,24.784893,24.125317,30.645004,55.286057
15.47685,19.389439,19.081081,3.912589,25.280268
0.60791606,0.72503746,1.6183124,0.1171214,19.266048
14.774345,18.602758,18.325684,3.828413,25.912573
1.7905426,1.8148386,2.7340667,0.024296045,1.3569096
0.22171555,0.36095303,1.2741086,0.13923748,62.80005
0.81307024,1.0106122,1.883195,0.19754201,24.295813
1.0824631,0.8328042,1.7271354,0.24965894,23.063967
4.411401,4.790138,5.475157,0.37873697,8.585412
9.690747,8.583776,8.958038,1.1069708,11.422967
19.64586,4.405555,5.0508738,15.240306,77.57515
3.4783764,3.3763146,4.0842977,0.10206175,2.9341779
9.679523,12.022452,12.159592,2.342929,24.205002
4.991952,3.9092746,4.588666,1.0826774,21.688457
19.006763,16.378014,16.219778,2.6287498,13.830603
37.146793,23.383572,22.798363,13.763222,37.0509
8.325115,8.213816,9.170101,0.111299515,1.3369126
4.0722337,3.9159331,4.599367,0.15630054,3.8382018
13.020063,7.333642,7.7868567,5.6864214,43.6743
60.259476,14.999966,14.970598,45.25951,75.10771
3.9089792,4.219775,5.0005803,0.31079602,7.950823
1.2671041,1.3129272,2.1724405,0.045823097,3.616364
0.6717422,0.6706852,1.6089439,0.0010570288,0.15735632
0.9308138,0.6622422,1.5521015,0.26857162,28.853422
3.6458344,2.9254317,3.6738229,0.7204027,19.759611
3.876423,4.84197,5.4583397,0.9655471,24.9082
72.10062,20.096157,19.696981,52.00446,72.12762
1.0518755,0.7172854,1.612674,0.33459008,31.808905
3.2830842,3.5303283,4.2282276,0.24724412,7.530849
5.878361,7.636528,8.066257,1.7581668,29.909132
4.1104407,3.9471726,4.675526,0.16326809,3.9720337
0.63851655,0.5131947,1.4167306,0.12532187,19.627035
2.8236666,2.7155359,3.4888585,0.10813069,3.8294427
48.535496,4.262971,4.919632,44.272526,91.2168
0.522832,0.5175041,1.4271495,0.0053278804,1.0190426
25.23574,22.607857,22.355373,2.627884,10.4133415
4.4578757,5.991479,6.5357695,1.5336032,34.402107
3.6360908,3.945191,4.663658,0.30910015,8.500892
5.4144983,6.611193,7.120531,1.1966949,22.101675
2.1210492,1.7175465,2.5629954,0.4035027,19.023731
5.385697,3.9872074,4.904493,1.3984895,25.966734
25.244205,22.340168,21.864634,2.9040375,11.503778
15.717939,8.026665,8.428307,7.6912746,48.933098
47.585663,3.8329048,4.5136194,43.752758,91.94525
64.67885,11.775234,11.922488,52.903614,81.794304
28.540838,7.756568,8.1723995,20.784271,72.82292
0.5488656,0.49885097,1.524055,0.050014645,9.112366
1.0253339,0.91711414,1.8185949,0.10821974,10.554585
6.109741,6.272767,6.8118286,0.16302586,2.668294
1.6736369,1.3733437,2.2157838,0.3002932,17.942553
0.8341062,0.60606325,1.5091662,0.22804296,27.3398
6.2618318,4.765438,5.3828835,1.4963937,23.89706
5.66456,5.5954986,6.1553545,0.06906128,1.2191818
3.0179806,3.1059375,3.9997597,0.087956905,2.9144292
0.53477997,0.5303472,1.4823042,0.004432738,0.82889
5.7905197,4.964627,5.7258487,0.8258929,14.262847
6.6662636,6.908326,7.382847,0.24206257,3.631158
2.1910496,1.9390416,2.7440128,0.25200796,11.5017
1.0341388,1.192591,2.0543003,0.15845215,15.322136
0.21636602,0.49308774,1.5442216,0.27672172,127.89519
6.3446527,6.7331333,7.2436666,0.38848066,6.122962
47.38964,19.212109,18.910973,28.177532,59.459263
1.9327928,2.1451836,3.017358,0.21239078,10.988803
19.611757,22.314611,21.780745,2.7028542,13.781804
21.125278,4.9073296,5.5125184,16.217949,76.77035
2.6983469,2.6399555,3.502267,0.058391333,2.163967
1.073641,0.6745491,1.5743265,0.39909184,37.171818
1.1281981,0.8685937,1.7557325,0.25960445,23.010538
6.9303613,8.5575,9.086933,1.6271386,23.47841
0.92245764,0.8625494,1.7812018,0.05990821,6.494413
0.92402816,1.3096986,2.334261,0.38567042,41.737953
18.482307,40.53308,39.79716,22.050774,119.30747
5.1581397,6.782998,7.2629457,1.6248584,31.50086
1.591847,1.7273273,2.612473,0.1354804,8.510894
1.464406,1.2259836,2.0803268,0.2384224,16.281168
0.94243294,0.7177166,1.6346681,0.22471637,23.84428
3.2171295,3.0471911,3.794702,0.16993833,5.2822967
0.73359054,0.54393125,1.5752975,0.1896593,25.853563
11.7233,10.982575,11.231682,0.74072456,6.3183966
11.401018,13.940003,13.952806,2.5389853,22.269812
4.1675715,5.1541533,5.763217,0.9865818,23.672823
1.4946455,1.3493714,2.1934576,0.14527404,9.719632
0.7340188,0.6763395,1.567566,0.057679296,7.858013
37.440395,31.372643,30.27284,6.067753,16.206432
0.62367904,0.45529646,1.3783857,0.16838259,26.998276
0.7040481,0.7969214,1.6772991,0.092873275,13.191326
1.1247993,0.9687779,1.8492652,0.15602136,13.87104
26.724503,26.492817,25.982664,0.23168564,0.86694086
10.487014,8.242215,8.624945,2.2447987,21.405508
5.706596,4.9550376,5.561648,0.7515583,13.169993
3.5768275,4.4060245,5.0444064,0.82919693,23.182468
1.1976749,1.5093896,2.345258,0.31171477,26.026659
23.812357,27.159946,26.405756,3.3475895,14.058203
27.374643,16.343401,16.194098,11.031242,40.297302
0.9402845,0.597033,1.5112674,0.34325147,36.505066
8.323911,10.643603,10.90165,2.3196926,27.867823
0.47966316,0.567616,1.5266386,0.08795282,18.336372
19.274113,14.213668,15.4802,5.060445,26.255138
3.824681,3.7620807,4.553781,0.062600374,1.6367476
1.3470451,1.2076149,2.0626218,0.13943017,10.350817
10.207388,8.711689,9.062474,1.4956989,14.653101
1.0742952,0.9678173,1.8377904,0.10647786,9.911415
0.6343985,0.5459882,1.44938,0.08841032,13.936086
59.74052,39.488136,38.122368,20.252384,33.90058
0.88224494,0.7482487,1.6326438,0.13399625,15.188101
56.3662,39.14996,38.427605,17.21624,30.543554
4.9313655,5.982839,6.5176897,1.0514736,21.322159
2.1158774,2.3727157,3.1507843,0.25683832,12.13862
1.0182968,0.7125026,1.6085528,0.30579424,30.02997
7.2067847,8.016474,8.4191265,0.80968904,11.235094
0.27091497,0.42422706,1.3316629,0.15331209,56.590485
11.838881,15.123322,15.662491,3.284441,27.742834
0.8006801,0.6096996,1.5215274,0.1909805,23.852283
1.2032084,1.5045853,2.4088855,0.30137682,25.047764
3.2104802,3.6865382,4.3772264,0.476058,14.828249
0.5816464,0.54743505,1.4458611,0.034211338,5.88181
1.0802162,0.84427977,1.7596815,0.2359364,21.84159
0.64707196,0.58376074,1.4956049,0.06331122,9.784263
0.63800657,0.7087984,1.5982649,0.07079184,11.095785
6.0266314,5.192249,5.838479,0.83438253,13.844924
1.0702753,0.8168675,1.696954,0.25340784,23.676884
0.6343124,0.5735178,1.4820876,0.060794592,9.58433
1.6012132,2.3894215,3.1683283,0.78820825,49.22569
36.943226,17.566845,17.331606,19.37638,52.449078
0.80772847,0.6938466,1.5906332,0.113881886,14.0990305
9.807144,9.170966,9.519358,0.636178,6.4868836
1.5944654,1.819454,2.644387,0.22498858,14.110597
13.450548,11.589512,12.808235,1.8610363,13.836138
1.1238416,1.102314,1.963257,0.021527648,1.915541
4.8420725,4.184084,5.013414,0.65798855,13.588986
0.50442463,0.5013299,1.415752,0.0030947328,0.6135174
2.0550418,0.9814755,1.8543338,1.0735663,52.240604
5.9979534,5.439065,6.0102158,0.55888844,9.317986
0.47216293,0.4663888,1.3752866,0.0057741404,1.2229127
5.0587864,6.98039,7.9355474,1.9216037,37.98547
6.6200805,9.337517,9.649972,2.7174363,41.048386
1.1148103,1.2737765,2.1502028,0.15896618,14.259481
0.5597001,0.6341367,1.5332913,0.074436605,13.299375
0.5500461,0.50977385,1.411306,0.040272236,7.3216114
1.4072328,2.011437,3.0454361,0.6042042,42.935623
1.7137567,1.956629,2.8994963,0.24287236,14.171927
1.3545611,1.6003237,2.4268315,0.24576259,18.143337
12.401227,11.282604,11.638154,1.1186228,9.020259
0.5064875,0.5873431,1.4845896,0.08085561,15.963989
46.22653,37.704967,36.184326,8.521561,18.434351
0.5393202,0.62641704,1.651719,0.08709687,16.149382
1.1151274,0.9785166,1.8479453,0.13661087,12.250696
29.085287,23.314247,22.861755,5.77104,19.841785
1.0374941,0.86325085,1.7423033,0.17424321,16.794622
2.8868077,2.8226452,3.5729134,0.06416249,2.2226105
0.545763,0.63995826,1.5313963,0.09419525,17.259369
0.82196534,0.97043896,1.9722592,0.14847362,18.063246
3.8606648,5.057405,5.654719,1.1967402,30.998291
0.6521815,0.6454338,1.537464,0.0067477226,1.0346388
1.2495046,1.3384876,2.226912,0.08898306,7.121467
0.65757096,0.66717076,1.5754976,0.009599805,1.4598888
1.2498164,1.2381725,2.097827,0.011643887,0.9316478
0.54818773,0.64775133,1.6812073,0.0995636,18.162317
2.4477189,2.6341612,3.3937097,0.18644238,7.616985
6.014099,7.1986704,8.208889,1.1845713,19.69657
3.600473,4.177372,4.84466,0.57689905,16.02287
1.16886,1.3102996,2.1664827,0.14143968,12.100652
53.61369,35.63122,34.96276,17.982468,33.540813
0.6062186,0.5248344,1.4330053,0.08138418,13.4248905
9.169127,7.410281,7.855185,1.7588463,19.182264
7.0829563,7.9836044,8.385592,0.9006481,12.715709
51.61506,23.259192,22.706497,28.355867,54.9372
7.0918884,8.759533,9.131622,1.6676445,23.514816
6.3310466,5.063879,6.062098,1.2671676,20.015137
0.9699001,0.7826959,1.6658875,0.18720418,19.30139
0.6636719,0.58426785,1.505539,0.079404056,11.9643545
0.49002004,0.67722785,1.5719228,0.18720782,38.204113
2.4977655,3.7601414,4.93386,1.2623758,50.540203
49.581764,24.06704,23.415966,25.514725,51.459896
0.60549057,0.60363543,1.5164433,0.001855135,0.30638546
0.5175124,0.487227,1.4069566,0.030285388,5.8521085
9.974246,9.788669,10.07436,0.1855774,1.8605657
1.2448385,1.2289443,2.1075249,0.015894175,1.2768062
1.7825391,2.990733,4.014504,1.2081938,67.77937
1.1869588,1.2976122,2.1731982,0.1106534,9.32243
1.9369322,1.6770327,2.499936,0.2598995,13.4181
6.5111704,4.1315875,4.798953,2.379583,36.54616
1.986055,2.1259222,2.9606826,0.13986719,7.0424633
4.371254,5.4893,6.0763507,1.1180458,25.577232
0.5866596,0.5058787,1.5392492,0.08078092,13.769642
6.0666275,7.9950085,8.393219,1.928381,31.786705
0.80339915,0.80547047,1.8496466,0.002071321,0.25781968
3.702687,3.8673887,4.5489655,0.1647017,4.448167
6.245832,8.990907,9.975023,2.7450747,43.95051
3.743512,5.2734017,5.854165,1.5298898,40.86777
3.1142714,3.7391992,4.430875,0.62492776,20.06658
5.6190357,4.072738,4.8147507,1.5462976,27.518913
1.1032532,1.086137,1.9609408,0.017116189,1.5514288
1.2175286,0.9739976,1.8427744,0.24353099,20.002077
2.082881,2.0698009,2.8687265,0.01308012,0.62798214
1.0186292,0.8289057,1.7164912,0.18972349,18.625374
0.9044168,0.6856524,1.5946486,0.21876442,24.188452
1.2678446,0.82934177,1.9025775,0.4385028,34.58648
18.657248,6.8063636,7.289511,11.8508835,63.51893
2.2581723,2.137049,2.9337013,0.121123314,5.3637767
2.2592025,2.515844,3.2831936,0.25664163,11.359833
0.9267903,0.8890431,1.7632757,0.037747204,4.072896
7.214902,6.4967732,7.023675,0.7181287,9.953408
0.5425785,0.65520036,1.5930076,0.112621844,20.756783
1.790922,1.9887912,2.7919703,0.19786918,11.048453
14.376788,13.748591,13.777723,0.6281967,4.3695207
17.687572,19.684776,19.3386,1.9972038,11.291566
0.8656796,0.587378,1.6247394,0.2783016,32.14834
0.8994486,0.95839715,1.8306267,0.058948576,6.553857
1.0505828,0.92040026,1.7962098,0.1301825,12.391457
6.356417,5.517285,6.087435,0.8391323,13.201341
2.167477,2.2033765,3.1456606,0.03589964,1.6562871
0.8252024,0.7023418,1.5926852,0.12286061,14.888543
0.6719318,0.66126037,1.584605,0.010671437,1.5881726
0.90212566,1.1178327,2.11068,0.215707,23.91097
3.1795459,3.5976973,4.2926607,0.41815138,13.151293
10.016208,11.006825,11.246849,0.99061775,9.890148
2.2916267,3.700108,4.398338,1.4084814,61.462074
2.9815543,3.2850227,4.003181,0.30346847,10.178197
1.0245646,1.0392177,1.9498525,0.014653087,1.4301769
5.401251,6.8242087,7.3225627,1.4229579,26.34497
3.3801866,4.4322286,5.1642246,1.052042,31.123785
11.086762,11.533251,11.707339,0.44648838,4.0272207
0.6668566,0.5580516,1.4592577,0.108805,16.316101
5.5769944,6.452762,6.959505,0.8757677,15.703219
9.871138,12.460264,12.573467,2.5891266,26.229263
1.0934721,1.0142348,1.8901834,0.07923734,7.246398
0.4831034,0.5444317,1.4527228,0.061328292,12.694652
6.6687503,4.7165284,5.3759065,1.9522219,29.274178
10.199785,10.130435,10.406752,0.06935024,0.67991865
0.8723747,0.7149161,1.606096,0.1574586,18.049423
1.6868742,1.6777458,2.5851417,0.009128332,0.5411389
0.9057826,0.9914614,1.9440627,0.085678816,9.459093
0.8891452,1.0087795,1.8770143,0.11963433,13.454983
3.4826138,4.598543,5.225504,1.1159294,32.04287
45.724323,43.663322,42.121338,2.0610008,4.5074496
0.88784873,0.7384267,1.6698812,0.14942205,16.829676
0.62718207,0.5453069,1.4474721,0.081875145,13.054446
1.3524882,1.5608947,2.395814,0.20840657,15.409122
0.89849895,0.76732683,1.7268043,0.13117212,14.599029
4.1790967,5.017191,5.648591,0.83809423,20.054436
1.1654882,0.8633653,1.9115653,0.30212295,25.922438
1.3996345,1.4881136,2.3391619,0.08847916,6.3215904
1.1390896,0.5567018,1.4642652,0.5823878,51.12748
16.654875,15.550949,15.9694805,1.1039257,6.628244
4.6131687,4.1679916,4.8483925,0.44517708,9.650137
0.4834799,0.47860992,1.3866962,0.0048699677,1.0072742
5.2330446,3.0052161,3.7814488,2.2278285,42.57232
4.796617,5.5704885,6.4084253,0.7738714,16.133694
3.0789173,3.5843248,4.2821226,0.5054076,16.415108
0.527737,0.52900493,1.4324701,0.00126791,0.24025413
0.9396481,0.61343384,1.5071476,0.32621425,34.71664
0.18080686,0.28910458,1.2294819,0.10829772,59.896908
0.5026194,0.46966565,1.3859806,0.03295374,6.5564003
47.00781,6.899769,7.376196,40.10804,85.32208
2.3510926,2.6974244,3.4665394,0.34633183,14.730676
3.7996535,5.6044974,6.5579276,1.8048439,47.50022
6.586277,8.564821,8.936077,1.9785442,30.040405
1.7695297,1.5607924,2.4002962,0.20873725,11.7962
1.5776528,1.7503407,2.5709743,0.17268789,10.945874
0.7058147,1.0084345,1.8762345,0.3026198,42.875248
0.76187307,0.5287355,1.4806113,0.23313755,30.600576
0.650071,0.70720065,1.6050345,0.05712962,8.788212
1.0590745,1.0845463,2.0808244,0.025471807,2.4051006
0.7590908,0.6814761,1.5704901,0.077614665,10.224689
9.510756,10.147251,10.41886,0.6364956,6.6923766
0.8626788,0.60679686,1.5009372,0.25588197,29.661324
8.063755,5.808167,6.355828,2.255588,27.971931
0.582173,0.70187116,1.7264804,0.11969817,20.560583
1.7390708,1.9393282,2.743555,0.20025742,11.515197
1.4071225,1.1059971,1.9667547,0.3011254,21.400085
0.8173222,0.84060156,1.8821976,0.023279369,2.8482487
2.9201086,4.8377523,5.4503217,1.9176438,65.67029
0.77978677,1.122338,1.98483,0.3425513,43.928844
0.49297857,0.42406067,1.3394471,0.0689179,13.9798975
43.553326,35.70358,36.938366,7.8497467,18.0233
4.538227,5.375284,5.954278,0.8370571,18.444584
1.3169525,1.4783216,2.3872955,0.16136909,12.253221
0.36692497,0.54466164,1.44892,0.17773667,48.43951
11.441949,5.8966155,6.4364643,5.5453334,48.464935
1.2228892,1.2447925,2.3236604,0.021903276,1.7911088
0.8178207,0.7683991,1.7299055,0.04942161,6.0430856
9.168022,11.142888,11.336354,1.9748659,21.540806
0.6608162,0.7212254,1.6316097,0.06040919,9.1416025
0.666858,0.7057859,1.6182731,0.038927853,5.8375025
8.881984,6.2179523,7.049,2.6640315,29.993652
8.653945,7.850931,8.273567,0.8030138,9.279164
1.9424143,1.9678519,2.8067229,0.025437593,1.3095864
1.4260223,1.8722377,2.6882515,0.4462154,31.290913
17.597887,19.225769,18.885391,1.627882,9.250441
0.60553914,0.5744469,1.4954861,0.031092227,5.1346354
18.725513,18.56874,18.369736,0.15677261,0.837214
1.5500005,1.5794849,2.4235203,0.029484391,1.9022181
0.8285314,0.91907537,1.8179023,0.090543985,10.92825
0.7175899,0.6553893,1.5672071,0.062200606,8.667988
0.850502,0.79120827,1.6840297,0.059293747,6.9716177
10.898254,1.3959706,2.2410946,9.502284,87.19088
3.659254,4.165552,5.1172233,0.50629807,13.836101
5.925318,7.969227,8.398168,2.043909,34.494503
0.67541265,0.56158936,1.4598546,0.113823295,16.85241
0.5962679,0.6709188,1.5980014,0.07465094,12.519699
0.40169778,0.51775706,1.4693162,0.11605927,28.892187
41.331715,20.550373,20.146175,20.781342,50.27941
14.904372,15.595287,15.510545,0.6909151,4.6356535
0.09763951,0.19167112,1.1847949,0.09403161,96.30488
10.935036,11.295291,12.526643,0.36025524,3.2945044
1.6295936,1.7011895,2.558576,0.07159591,4.393482
1.546964,2.811338,3.5576196,1.2643739,81.7326
0.8975603,0.90825987,1.8138444,0.01069957,1.1920726
50.387726,21.751713,21.278416,28.636013,56.831326
0.78082156,0.52350867,1.4342997,0.2573129,32.95412
3.0320885,2.8815272,3.7620804,0.15056133,4.965598
0.8826249,0.9787073,1.9560603,0.09608239,10.8859825
10.750366,5.671709,6.2256327,5.078657,47.241714
2.1466467,2.1385725,2.9456842,0.008074284,0.37613472
16.332537,18.351114,18.072184,2.0185776,12.3592415
3.1460323,2.2896342,3.075393,0.8563981,27.221529
1.040353,0.91516066,1.7924974,0.12519228,12.033635
14.091038,16.407766,16.251562,2.3167286,16.441149
2.068878,2.6278796,3.3871136,0.5590017,27.01956
7.562455,5.3459606,5.9518733,2.2164946,29.309193
0.569191,0.6638459,1.5572712,0.09465492,16.62973
0.3536724,0.40295735,1.3553292,0.049284965,13.935203
1.4859039,1.5382962,2.377246,0.052392364,3.5259593
1.7784175,2.0220845,2.82937,0.243667,13.70134
11.759324,13.029114,13.339835,1.2697897,10.798152
1.0119144,0.9366939,1.8116574,0.075220466,7.433481
3.5351691,5.250025,6.2044187,1.7148557,48.508446
3.4477735,2.118419,2.921391,1.3293545,38.5569
1.7456499,1.8929064,2.6999338,0.1472565,8.435625
2.564962,2.924401,3.6847248,0.35943913,14.01343
0.5443738,0.5491929,1.4482948,0.004819095,0.8852548
23.51162,25.424435,24.77744,1.9128151,8.135616
76.80903,56.430374,54.09514,20.378654,26.531588
10.614757,9.449125,9.760188,1.1656313,10.981234
16.964674,19.081745,18.780039,2.1170712,12.479292
21.90558,7.407733,7.8744116,14.497848,66.18336
24.547901,27.021719,26.196835,2.4738178,10.077512
5.676348,6.63415,7.130572,0.9578018,16.873556
9.30197,11.9357395,12.084411,2.63377,28.314114
1.1216632,1.1458058,2.011914,0.024142623,2.152395
40.518116,37.267166,35.872902,3.2509499,8.023447
1.8300374,2.5785618,3.3495438,0.7485244,40.902138
1.2015386,0.96090055,1.8301382,0.24063802,20.027489
0.89192724,1.0190163,1.8850414,0.12708902,14.248811
25.117987,12.470129,12.572742,12.647858,50.353786
0.9244567,1.0176253,1.9025191,0.09316862,10.078202
0.8267645,0.8599329,1.7489704,0.033168375,4.0118284
30.92929,18.732412,18.420404,12.196878,39.43472
1.8873187,1.9113784,2.75605,0.024059653,1.274806
0.7080323,0.679073,1.5741078,0.028959334,4.0901146
0.79898447,0.6658958,1.5726738,0.13308865,16.657227
1.9643912,2.1754978,2.9808772,0.21110654,10.746664
1.7361193,2.4073598,3.1793537,0.67124057,38.663273
0.36282486,0.45314458,1.38805,0.09031972,24.893476
9.2428255,11.212657,11.916643,1.9698315,21.312006
3.25107,3.6764297,4.376028,0.42535973,13.083684
2.1953928,2.1206357,2.93221,0.0747571,3.405181
1.3714392,1.4961901,2.3488498,0.12475085,9.096346
3.0761216,2.692455,3.464945,0.38366652,12.472411
0.6720377,0.5889447,1.4988554,0.08309305,12.364344
1.2510489,1.9631855,2.7726912,0.7121366,56.923164
2.323779,1.8321035,2.6582303,0.49167562,21.15845
3.1348395,3.190321,3.9370208,0.055481434,1.7698333
1.2092239,1.0727339,1.9356776,0.13648999,11.287404
0.6868585,0.5325713,1.4319551,0.15428716,22.462729
36.70925,29.35723,28.475697,7.352022,20.02771
3.5907073,3.800006,4.489787,0.20929861,5.8288965
1.77549,1.8123426,2.6244967,0.0368526,2.0756297
1.5462061,1.4254029,2.2643065,0.12080324,7.812881
1.4735973,1.2018776,2.0570707,0.2717197,18.43921
0.65066105,0.5945096,1.6244867,0.05615145,8.629908
0.5057395,0.44012907,1.4665333,0.06561044,12.973168
1.1744388,1.100528,1.9638035,0.07391083,6.293289
1.4228638,1.1521468,2.009659,0.27071702,19.026207
7.738534,7.758853,8.944546,0.020318985,0.26256892
1.399105,1.7202034,2.7718062,0.32109845,22.950275
4.6542587,5.4260783,6.002223,0.7718196,16.583084
0.52106035,0.60202205,1.5929563,0.080961704,15.537875
26.20892,21.388548,20.912977,4.8203716,18.392103
1.0164002,0.89180887,1.7797801,0.12459135,12.2581
4.146329,4.6724153,5.344979,0.52608633,12.688004
0.5505491,0.5168786,1.4184549,0.033670485,6.115801
5.775951,8.730321,9.082263,2.95437,51.1495
10.415782,12.133757,12.316764,1.7179747,16.493958
35.161526,19.8082,19.459793,15.353325,43.665127
1.0428172,1.0259254,1.9201704,0.016891837,1.6198272
5.3864493,3.5752053,4.271477,1.811244,33.62594
5.075932,5.739218,6.2937126,0.6632862,13.067279
1.1602466,1.1188042,1.9843054,0.041442394,3.5718608
1.5959846,2.711939,3.4677718,1.1159545,69.92264
1.0050178,1.0399742,1.9198617,0.034956455,3.4781928
9.151892,10.963184,11.166441,1.8112926,19.791456
1.6166055,1.5395443,2.4448743,0.07706118,4.766851
4.2621093,5.422439,5.994083,1.1603298,27.22431
1.0968337,1.479836,2.3143506,0.38300228,34.918903
0.5125245,0.43879664,1.3480498,0.073727846,14.385234
0.78747123,0.78879726,1.8107255,0.0013260245,0.16839021
1.7959907,1.4396644,2.3111103,0.35632634,19.8401
1.997262,1.519856,2.5323884,0.47740602,23.903023
0.61000896,0.59008884,1.6629838,0.01992011,3.265544
6.128974,6.007524,6.5782595,0.12144995,1.9815706
0.52517205,0.43277368,1.4662236,0.092398375,17.593925
7.3082232,8.27849,8.699169,0.9702668,13.276371
1.9458073,2.0680568,3.0627959,0.122249484,6.282713
3.0399284,2.2173598,3.0125897,0.82256866,27.058817
5.7035074,6.6686554,7.1572833,0.965148,16.922009
1.6245167,1.7446651,2.6473982,0.12014842,7.3959484
1.3776854,2.0082583,2.8130233,0.6305729,45.77046
1.4650277,1.6229286,2.4562976,0.15790093,10.778016
6.406117,8.611033,8.972015,2.2049165,34.418922
3.2675567,3.7549157,4.439956,0.48735905,14.915091
1.5994478,1.5471196,2.3840828,0.05232823,3.2716434
23.24927,7.876129,9.194627,15.37314,66.123116
0.6194378,0.6292484,1.5258709,0.009810567,1.5837857
11.435944,11.684526,12.105927,0.24858284,2.1736977
3.1401107,3.88374,4.6930113,0.7436292,23.681623
0.49216408,0.49316192,1.5473347,0.0009978414,0.20274568
0.5751894,0.5801451,1.5345848,0.004955709,0.86157864
2.249429,2.6804395,3.446721,0.43101048,19.160883
81.99863,60.529976,57.797874,21.46865,26.181719
1.7518017,1.7047181,2.5373316,0.047083616,2.687725
7.13669,8.383977,8.75561,1.2472868,17.477104
4.2534356,4.5796165,5.206824,0.32618093,7.668647
0.9522318,1.0082343,1.8915529,0.056002438,5.8811765
5.504387,6.211046,6.752032,0.7066593,12.838111
0.6446237,0.53813493,1.4527254,0.106488764,16.519524
0.48691177,0.4439996,1.3705165,0.042912185,8.813134
40.99933,42.184914,40.426346,1.185585,2.8917181
2.0866687,2.1225216,2.922385,0.03585291,1.7181889
1.0685236,1.2886572,2.2706892,0.22013354,20.601654
0.7256688,0.8337214,1.7126244,0.10805261,14.890074
0.7286574,0.7272053,1.6622739,0.001452148,0.1992909
0.99236387,0.8296732,1.7105112,0.1626907,16.394258
0.8686505,0.6736927,1.5787072,0.1949578,22.443754
1.7784338,1.6371739,2.4889424,0.14125991,7.942939
2.164755,1.945847,2.7498555,0.21890807,10.112371
11.987211,10.983164,11.221174,1.0040474,8.375988
3.7709913,2.723692,3.4804626,1.0472994,27.77252
6.372963,9.583815,9.881633,3.2108517,50.3824
0.81466585,0.8272929,1.712244,0.012627065,1.5499686
3.0124376,3.0148644,3.7544065,0.0024268627,0.08056143
7.246641,7.918727,8.420569,0.67208576,9.274445
0.59232986,0.51227903,1.4624226,0.080050826,13.514569
10.299358,8.40824,8.778643,1.891118,18.361513
4.4375076,4.0207763,4.691054,0.41673136,9.391112
1.2872752,1.5246811,2.3614993,0.2374059,18.442513
11.78906,8.04618,8.654997,3.7428799,31.748758
3.9767191,2.9360912,3.674127,1.040628,26.168003
11.682565,11.302844,11.494452,0.3797207,3.2503195
1.1791413,1.1890092,2.1150289,0.009867907,0.8368723
2.9079428,3.7093372,4.396645,0.80139446,27.558813
0.94349664,0.897838,1.7780732,0.045658648,4.839301
2.5899098,2.6177914,3.4016795,0.027881622,1.076548
1.5517927,1.1315465,1.9902319,0.42024624,27.081339
5.3604803,3.610279,4.3126535,1.7502012,32.65008
8.249408,9.035301,9.370633,0.78589344,9.526665
0.32509053,0.27120656,1.1963704,0.05388397,16.575068
2.2335765,2.00785,2.8160331,0.2257266,10.106061
2.510534,1.4018581,2.249562,1.108676,44.16096
2.494028,2.476668,3.300399,0.01736021,0.69607115
20.311981,16.65653,16.558956,3.6554508,17.996525
2.8415866,3.241457,3.9599493,0.3998704,14.072082
7.2328334,6.8603454,7.3365364,0.37248802,5.14996
0.07497643,0.39541668,1.4209625,0.32044023,427.38794
9.391597,9.462582,9.791399,0.07098484,0.75583357
2.2234166,2.2446675,3.0302377,0.021250963,0.9557797
1.3122282,2.111254,2.9099293,0.7990258,60.890766
1.6219194,1.7429276,2.631634,0.12100816,7.4607997
1.5018299,1.130105,1.9946688,0.37172484,24.751463
2.0321505,3.66854,4.3574967,1.6363895,80.52502
30.332441,32.011955,31.022066,1.6795139,5.5370216
2.3197088,2.5476766,3.3287754,0.22796774,9.827429
23.907684,26.580141,25.79073,2.6724567,11.178233
2.5580947,3.0802064,3.9959426,0.52211165,20.410177
4.2690935,5.3505597,5.925635,1.0814662,25.332455
4.714778,5.1666946,5.7559156,0.4519167,9.585111
0.7975253,0.6449522,1.5356562,0.15257311,19.130817
4.4315305,5.809692,6.3592277,1.3781614,31.098995
0.6329443,0.55025446,1.4500802,0.08268982,13.064313
13.965921,11.7672415,11.915104,2.19868,15.743178
1.5541984,2.0121624,2.8166673,0.45796406,29.466255
1.346587,1.503144,2.3424735,0.15655708,11.626214
1.2281075,1.8794782,2.6872318,0.65137076,53.03858
0.9881188,0.870083,1.7862291,0.11803585,11.945512
1.4079571,1.4198661,2.2586956,0.011909008,0.84583604
1.7218337,1.8021381,2.622784,0.080304384,4.6638875
8.387229,10.422654,11.16355,2.0354252,24.268148
0.8539684,0.8089682,1.757693,0.045000196,5.269539
1.7981858,1.6796331,2.5105705,0.118552685,6.592905
0.728068,0.81272805,1.6929604,0.08466005,11.628042
0.8665947,0.64951384,1.5414404,0.21708083,25.04987
3.0184362,4.319745,4.966797,1.3013089,43.112022
1.0321856,0.9799882,1.8945497,0.052197337,5.056972
2.0327036,3.0465531,3.7767186,1.0138495,49.876896
8.167767,5.9245887,6.515476,2.243178,27.463787
0.7921274,0.93160295,1.8111435,0.13947558,17.607721
0.6269519,0.5194355,1.4200106,0.10751635,17.14906
1.0864211,1.0215106,1.9799192,0.06491053,5.974712
0.8510653,0.9997432,1.9100267,0.14867795,17.469627
1.5538541,1.7074177,2.5404375,0.15356362,9.882756
1.4424845,1.3665802,2.22812,0.07590425,5.2620497
0.71043897,0.59433115,1.5011735,0.11610782,16.343111
62.19967,19.305048,18.956892,42.894623,68.96278
1.8858625,2.047236,2.8473635,0.1613735,8.5570135
0.48666212,0.56328523,1.472427,0.07662311,15.744622
35.8547,12.152555,12.283477,23.702143,66.1061
4.653513,2.144456,2.9347646,2.509057,53.91748
0.74744993,0.8084978,1.7041047,0.061047852,8.167483
1.1754593,0.8606746,1.7373859,0.31478465,26.779715
1.0232052,1.4281824,2.2699854,0.4049772,39.579277
6.004264,5.7023444,6.346374,0.30191946,5.0284176
0.7888619,0.63732946,1.5747918,0.15153241,19.208992
4.9588118,7.015214,7.4801106,2.0564022,41.469658
0.4968815,0.484833,1.419236,0.012048513,2.4248261
2.8487074,2.2224524,3.0155885,0.62625504,21.983831
3.5563936,3.918243,4.694447,0.3618493,10.174613
41.7906,44.13977,42.346596,2.3491707,5.6212897
0.5694692,0.7198262,1.7869837,0.15035701,26.40301
0.08217601,0.19614281,1.1646723,0.1139668,138.68622
1.6376667,1.3541305,2.1978076,0.2835362,17.313425
1.8365018,2.0473025,2.8516884,0.21080065,11.478379
3.2498772,2.831727,3.604203,0.4181502,12.866646
0.77451766,0.9523034,1.9290011,0.17778575,22.954384
0.55193686,0.45426276,1.36751,0.0976741,17.696608
2.2591481,2.5783033,3.346014,0.31915522,14.127237
0.608307,0.46035945,1.5003897,0.14794755,24.321198
90.80812,64.841484,62.62307,25.966637,28.595058
0.9375056,1.1893089,2.0525932,0.25180328,26.858856
99.2723,60.612152,57.68528,38.66015,38.943542
7.8578863,8.184693,8.589968,0.32680702,4.1589684
0.6266097,0.91500163,1.9302012,0.28839195,46.024178
3.2081077,3.8779626,4.5787764,0.6698549,20.880062
1.6713753,2.061151,2.8588188,0.38977575,23.320662
2.3376186,2.3819873,3.2711072,0.044368744,1.8980318
0.7181355,0.56399035,1.462498,0.15414512,21.46463
21.879322,15.029011,14.967517,6.8503113,31.309523
11.605301,10.329453,10.594412,1.2758474,10.993661
18.400589,8.777897,9.126403,9.622692,52.295567
0.7603493,0.71575,1.6641482,0.044599295,5.8656325
1.9691178,1.9522841,2.894613,0.016833663,0.8548835
2.8743756,3.998177,4.6749496,1.1238015,39.09724
6.134362,4.51696,5.2684298,1.6174021,26.366262
6.3169875,9.104604,9.430102,2.7876163,44.128887
0.5984068,0.49800792,1.3987882,0.10039887,16.777695
3.21941,3.3625793,4.3329067,0.1431694,4.4470696
23.156841,22.455502,21.948027,0.7013397,3.0286503
0.47466013,0.44546247,1.4526607,0.029197663,6.151278
0.94830465,0.61119366,1.5145353,0.337111,35.548805
7.719978,5.423507,6.025423,2.2964706,29.747114
5.560276,6.619303,7.4494286,1.0590272,19.046307
4.0345807,3.8683953,4.5966606,0.16618538,4.1190248
13.087152,11.216038,12.300814,1.8711138,14.297334
4.598146,2.1345258,2.9264722,2.4636202,53.578556
8.086644,9.495313,10.35246,1.4086685,17.419693
7.8319902,7.5835514,8.108754,0.24843884,3.1721034
1.127405,0.7308526,1.6348906,0.39655244,35.17391
0.5227662,0.4655508,1.3703877,0.057215363,10.944733
32.84918,27.965096,27.159222,4.884083,14.868203
31.777925,24.092943,23.511782,7.6849823,24.1834
3.647228,3.3040676,4.141315,0.3431604,9.4088
1.8211207,1.6523588,2.5149324,0.16876197,9.26693
1.817683,1.9338264,2.8779125,0.116143465,6.3896437
2.1919448,2.3106854,3.0985954,0.11874056,5.4171324
0.7023027,0.8833283,1.7615423,0.18102562,25.77601
1.1684272,1.6332042,2.462555,0.464777,39.778
6.5083694,5.5831084,6.1605835,0.925261,14.216479
4.373697,4.206989,4.8901014,0.166708,3.8116038
0.71528256,0.74990296,1.6367509,0.034620404,4.8401017
16.686504,16.553381,16.397661,0.1331234,0.7977908
0.5924807,0.5534456,1.46055,0.03903514,6.5884237
0.19963484,0.43684226,1.3521222,0.23720743,118.82066
2.8151565,3.2222657,3.9422824,0.40710926,14.461337
4.5126467,5.4364667,6.0296736,0.92382,20.4718
12.20006,14.072599,14.341124,1.8725395,15.348609
1.113554,0.90987337,1.8074633,0.20368063,18.291042
0.21480925,0.22343202,1.1817042,0.008622766,4.01415
1.4910594,1.2872951,2.1381335,0.20376432,13.665741
9.212665,13.004889,13.077942,3.792224,41.16316
0.6761112,0.7831361,1.7075796,0.10702491,15.829483
0.616253,0.88944864,1.771287,0.27319562,44.33173
3.9048185,4.0642257,4.7267504,0.15940714,4.082319
6.301108,6.1731186,6.7034225,0.12798929,2.0312188
2.3949165,3.8141499,4.4962473,1.4192333,59.260246
0.5921361,0.59741056,1.493794,0.0052744746,0.8907538
0.8613852,1.1903799,2.0498645,0.32899463,38.193672
18.192013,19.412746,19.098373,1.2207336,6.710273
0.9207844,0.74925816,1.6554891,0.17152625,18.628275
9.483633,11.276169,11.458361,1.7925358,18.901361
5.1794853,5.161932,5.7509108,0.01755333,0.33890104
5.7239423,4.613181,5.3044133,1.1107612,19.405527
0.65204597,0.9559339,2.0164893,0.30388796,46.605297
4.1066456,3.053617,3.8392887,1.0530286,25.642061
1.1590216,1.0778913,1.9704386,0.081130266,6.999892
1.009563,0.7445822,1.629626,0.2649808,26.24708
8.875769,7.639471,8.064089,1.2362976,13.928907
5.9429984,5.5561147,6.439681,0.38688374,6.509908
50.49457,25.171875,24.506409,25.322697,50.149345
0.63183004,0.5123265,1.4126755,0.11950356,18.913877
3.5367,3.5288763,4.251365,0.007823706,0.22121485
0.9552171,1.369277,2.215441,0.41405988,43.3472
2.197682,2.0890613,2.9031382,0.10862064,4.9425097
6.9982443,8.332691,8.740828,1.3344469,19.06831
4.48687,4.8302484,5.5703297,0.34337854,7.6529636
1.2632313,1.229578,2.090693,0.03365326,2.6640615
0.7010747,0.61637664,1.5338571,0.08469808,12.081178
5.560676,6.6296396,7.12112,1.0689635,19.223625
0.8667977,0.8027532,1.6984355,0.064044476,7.3886304
0.53451145,0.5632769,1.6318557,0.02876544,5.3816323
0.09821084,0.5378543,1.5664971,0.43964347,447.6527
1.7692934,1.4526193,2.2895203,0.3166741,17.898338
7.6920915,11.497441,11.667835,3.8053498,49.470936
0.4030473,0.3893105,1.3112352,0.013736784,3.4082315
4.0750165,4.3335843,4.9796457,0.2585678,6.3451967
0.46893394,0.44559494,1.4888725,0.023339003,4.9770346
1.2820133,1.016408,1.8947718,0.26560533,20.71783
16.896152,14.608991,14.572889,2.2871618,13.536584
10.81408,12.278894,12.414228,1.4648142,13.545434
0.7868397,0.49951887,1.4058682,0.28732085,36.515804
2.38252,1.9271872,2.7409523,0.45533276,19.111393
1.5282433,2.0811384,2.8814068,0.55289507,36.17847
1.3784122,1.1271286,2.0097883,0.25128365,18.229935
1.0699813,0.55019677,1.4480833,0.51978457,48.578846
0.54504085,0.54976165,1.4648962,0.004720807,0.8661382
1.1090037,1.1445982,2.0060046,0.035594583,3.2096
0.53935015,0.46544224,1.4001437,0.07390791,13.70314
1.265598,0.94200563,1.8429556,0.32359242,25.56834
6.1418276,5.6057367,6.1646385,0.53609085,8.728523
1.2635566,1.3155036,2.1893167,0.051946998,4.111173
0.9025014,0.8813654,1.7613952,0.021135986,2.3419337
2.4608667,4.056026,4.7429137,1.5951593,64.82104
1.8709513,2.7495322,3.500642,0.8785809,46.95905
0.4799786,0.4639405,1.3872526,0.01603809,3.3414178
5.143729,5.601996,6.1900764,0.45826674,8.909232
26.389105,13.071443,13.537405,13.317662,50.46652
0.64593524,0.7119967,1.6073878,0.06606144,10.227254
7.004166,8.307559,8.719288,1.3033929,18.608824
0.5050327,0.4761714,1.3856131,0.028861314,5.714741
0.5182615,0.56253254,1.4703184,0.044271052,8.542222
6.814439,4.7968354,5.418862,2.0176034,29.60777
0.6874877,0.6312926,1.5390304,0.05619514,8.173985
0.8555572,0.98461735,1.8788793,0.12906015,15.084924
5.2106314,5.78392,6.6851754,0.57328844,11.002283
31.060791,27.20017,26.341637,3.8606205,12.42924
0.4839674,0.5350529,1.4348942,0.051085502,10.555567
8.851246,6.8318663,7.3083467,2.0193796,22.814636
12.975673,16.321636,16.202358,3.3459635,25.786436
10.96703,11.135496,11.485424,0.16846657,1.5361185
13.1096945,14.785554,14.740147,1.6758595,12.78336
0.3632076,0.5638224,1.4626527,0.20061478,55.234188
2.620937,1.3664012,2.2189574,1.2545359,47.86593
0.78220195,0.63484466,1.5333459,0.14735729,18.838778
0.83005226,0.8223729,1.7990552,0.007679343,0.9251638
5.80045,5.279577,5.8753047,0.52087307,8.979874
0.8913698,0.95392835,1.9661716,0.06255853,7.0182467
1.1816236,1.1027567,1.9708387,0.07886684,6.674447
74.123955,18.067875,17.809046,56.05608,75.62478
0.5194306,0.46823975,1.3745592,0.051190823,9.855181
7.625152,7.8004513,8.213289,0.17529917,2.2989597
1.4644536,1.5545743,2.393535,0.09012067,6.1538773
1.3393693,1.350903,2.2197022,0.011533737,0.86113197
0.9944042,0.85841084,1.7388566,0.13599336,13.675864
2.9888496,2.8210573,3.9428675,0.16779232,5.613943
0.40688804,0.5272627,1.431591,0.12037465,29.584219
3.6094484,1.6222465,2.4529133,1.9872019,55.055557
2.2515159,1.8447046,2.6670704,0.40681124,18.068325
16.536524,17.895096,17.65531,1.358572,8.215585
13.628725,11.206201,11.394029,2.4225245,17.775137
1.03424,0.96684253,2.0084834,0.067397475,6.5166183
0.97709227,1.4667783,2.306694,0.489686,50.11666
1.1806289,1.633138,2.4624827,0.45250905,38.327797
0.93111134,1.0837452,1.9864775,0.1526339,16.392658
25.890835,18.246078,18.125,7.6447563,29.526882
1.1697016,1.537426,2.3680012,0.36772442,31.437456
3.1603587,2.6414285,3.4008644,0.5189302,16.41998
0.5127506,0.58435917,1.578122,0.07160854,13.9655695
0.31534192,0.5313722,1.441853,0.21603027,68.506676
0.5823138,0.41042328,1.4513882,0.1718905,29.518534
0.74260706,0.58451974,1.5175364,0.15808731,21.28815
1.0906346,1.3398066,2.3626697,0.24917197,22.846514
4.93191,6.314019,6.82519,1.3821092,28.023813
1.0615574,0.8911065,1.7686962,0.17045093,16.056686
0.6951043,0.5768682,1.6062686,0.118236125,17.009838
0.4681278,0.6040354,1.5200615,0.13590759,29.032156
3.2642517,3.5133324,4.2174606,0.24908066,7.630559
1.0067806,1.2385881,2.1486254,0.23180747,23.024626
0.60320556,0.5317794,1.4338576,0.07142615,11.841097
20.769083,20.035906,19.681244,0.7331772,3.5301375
6.082395,8.487716,8.859746,2.4053206,39.545616
0.26014313,0.24547768,1.1841785,0.014665455,5.637456
14.192142,16.927555,16.788397,2.7354136,19.274141
12.697341,8.219253,8.601573,4.4780884,35.26792
1.2274076,1.1492186,2.0640855,0.078189015,6.370257
2.0255811,2.0266137,2.826703,0.0010325909,0.050977513
0.9707895,0.985947,1.8624063,0.015157521,1.5613602
8.932429,10.673286,11.85701,1.7408571,19.489178
2.7799132,3.413846,4.1469584,0.6339328,22.804052
0.5938866,0.5111214,1.4145811,0.08276522,13.936198
5.2298007,4.5827427,5.287651,0.647058,12.372518
2.4634387,2.9156709,3.6664734,0.45223212,18.357758
4.446548,4.4199677,5.1274533,0.026580334,0.59777457
1.8554937,1.8932915,2.7179585,0.03779781,2.0370755
0.7483885,0.8028084,1.7570025,0.054419875,7.2716074
3.3283703,4.0994716,4.797867,0.77110124,23.16753
1.0092238,1.2175121,2.0755608,0.20828831,20.638466
4.8792763,4.0996118,4.766573,0.7796645,15.979102
3.2281373,3.0904117,3.9391694,0.13772559,4.266411
6.116349,8.900402,9.244672,2.7840528,45.51821
7.395736,7.1490498,7.6118045,0.24668646,3.3355227
1.2346574,1.0558476,1.9204088,0.17880976,14.48254
0.5450494,0.5920043,1.5015638,0.04695487,8.614791
73.50525,35.352898,34.057533,38.15235,51.904255
1.636441,1.7298543,2.5480547,0.09341335,5.708324
43.75994,38.696953,37.120422,5.0629883,11.569916
1.730468,1.7174616,2.5613859,0.013006449,0.7516145
0.94951123,0.91185665,1.7844075,0.03765458,3.9656801
27.511568,6.973859,7.4407563,20.537708,74.65117
0.20797767,0.18472306,1.1645775,0.023254603,11.181299
0.3101435,0.38782915,1.3323716,0.077685654,25.048292
4.685654,3.931233,4.6021204,0.75442123,16.10066
1.4537612,1.1852875,2.0411234,0.26847374,18.467527
0.69397384,0.60557103,1.5038066,0.08840281,12.738637
0.5350777,0.47731966,1.3815806,0.057758033,10.794327
4.8912654,4.7856274,5.4445868,0.10563803,2.159728
0.56505203,0.7525673,1.641396,0.18751526,33.185486
3.313322,4.1216235,4.7824345,0.80830145,24.3955
0.5747783,0.51717734,1.4215152,0.057600975,10.021424
34.02904,39.44316,37.890167,5.4141197,15.910292
0.15744966,0.15107115,1.0858799,0.0063785166,4.0511465
3.0085294,5.4154763,6.0241513,2.406947,80.0041
1.0843234,0.79520726,1.6906351,0.28911614,26.663275
0.43153095,0.33011347,1.2488987,0.10141748,23.501787
1.27385,1.0091846,1.8838587,0.26466537,20.77681
0.15819657,0.52167964,1.5763086,0.36348307,229.76674
15.073538,12.76784,12.879727,2.3056974,15.296326
0.14985302,0.3765161,1.3895345,0.22666308,151.25693
4.9079022,2.7112658,3.5203066,2.1966364,44.757137
4.039746,5.8250813,6.370284,1.7853355,44.194256
1.9165263,2.1365457,2.9277399,0.22001934,11.48011
1.6152301,1.5684905,2.3981967,0.04673958,2.8936794
0.5245004,0.59962845,1.4980731,0.07512802,14.3237295
0.7150598,1.0461607,2.170482,0.33110088,46.303944
38.375027,13.287966,13.538776,25.08706,65.373405
22.461859,24.483772,24.031803,2.0219135,9.001541
10.788761,5.49769,6.0656595,5.291071,49.042435
0.59203607,0.5794505,1.4797382,0.01258558,2.125813
0.60679644,0.61943626,1.5382531,0.012639821,2.0830412
10.317237,13.593115,13.625402,3.275878,31.751505
1.663036,1.6452787,2.4841585,0.017757297,1.0677638
1.2918909,1.5494363,2.38778,0.25754547,19.935545
1.3591747,1.0570731,1.9206192,0.3021016,22.226841
13.440757,13.852887,13.890515,0.41213036,3.0662735
2.3454905,1.9044945,2.7133615,0.44099593,18.801865
2.5194077,2.0452964,2.8533795,0.47411132,18.818365
1.0029655,1.1023726,1.9662704,0.099407196,9.911328
19.711512,16.984274,16.908737,2.7272377,13.83576
2.6890345,4.034907,4.701909,1.3458724,50.050396
11.414358,14.632878,14.611641,3.2185202,28.197119
66.79243,22.396233,21.851759,44.396194,66.46891
4.1100388,4.5526204,5.2056713,0.44258165,10.768308
15.0016,17.36038,17.139593,2.35878,15.723522
0.67494553,0.6508672,1.5562418,0.02407831,3.5674448
5.680096,4.7086535,5.3328824,0.9714427,17.102575
1.2703116,0.85348535,1.7311442,0.41682625,32.812912
12.288126,8.731787,9.10154,3.5563393,28.941265
3.0094151,3.1230736,3.8660693,0.11365843,3.7767613
0.57613796,0.58441496,1.5071312,0.008276999,1.4366349
30.608084,27.66822,27.38121,2.9398632,9.604859
4.967671,5.5041895,6.0978303,0.5365186,10.800203
4.5664735,3.648727,4.345017,0.91774654,20.09749
0.89280367,0.9785187,1.9978979,0.085715055,9.600661
1.5434561,1.2669923,2.2070482,0.27646375,17.911993
0.7592006,0.85183764,1.729669,0.09263706,12.201922
1.121583,1.2704372,2.1239727,0.14885426,13.2718
1.5812773,1.5814412,2.4125872,0.00016391277,0.010365847
0.99733675,0.6707678,1.5692627,0.32656896,32.7441
1.6697098,1.839778,2.6551495,0.17006814,10.185492
2.9587836,3.1855793,3.9180157,0.22679567,7.665166
0.8172994,0.55549455,1.4656633,0.26180488,32.03292
4.8927865,7.408201,8.058254,2.5154147,51.41068
0.31751388,0.33840662,1.2727032,0.02089274,6.5801024
0.81832504,0.8728,1.7676431,0.05447495,6.656884
0.5011249,0.61311424,1.6302704,0.11198932,22.347586
1.1366774,1.2469583,2.1234043,0.11028087,9.702039
0.48939455,0.50860107,1.4166301,0.019206524,3.924548
13.731249,8.9892435,10.282581,4.7420053,34.534405
1.7888706,1.8545585,2.6685162,0.065687895,3.6720316
20.223974,5.1551337,5.749111,15.06884,74.50979
1.3132986,1.3513536,2.1983402,0.038055062,2.8976703
13.103764,10.408581,10.657199,2.6951828,20.568005
3.46911,3.1304622,3.8654013,0.33864784,9.761807
2.9087193,2.9507277,3.6915734,0.0420084,1.4442233
1.4085345,1.443717,2.4027128,0.035182476,2.497807
12.638359,15.558619,15.629276,2.9202595,23.106318
0.5483633,0.5579692,1.4930894,0.009605885,1.7517372
16.387894,18.594284,18.31644,2.2063904,13.463538
4.650069,4.37427,5.021679,0.27579927,5.931079
3.214108,5.0066686,5.6053867,1.7925606,55.771633
0.7702938,0.7030015,1.5920837,0.06729227,8.735923
52.368195,23.879843,23.238094,28.488352,54.400105
5.559089,6.9136925,7.3945894,1.3546033,24.36736
25.879318,26.823248,26.070267,0.9439297,3.6474288
0.5767034,0.6345006,1.6347672,0.057797194,10.021996
8.324913,9.220195,9.539193,0.8952818,10.754249
14.264885,5.9534245,6.49975,8.3114605,58.26518
0.90380377,0.6212959,1.5179542,0.28250784,31.257652
1.3721194,1.6542556,2.4814315,0.2821362,20.562073
2.5998263,2.4853628,3.258413,0.11446357,4.402739
2.691851,3.4844065,4.187466,0.7925556,29.442772
2.3488169,3.5271297,4.680965,1.1783128,50.166225
2.2101393,1.030592,1.8985418,1.1795473,53.369816
1.2308867,1.4964867,2.3324058,0.26559997,21.577938
0.99120677,0.5771984,1.4726005,0.41400838,41.768112
1.3030745,1.1474953,2.013432,0.15557921,11.939395
3.5259778,3.1823478,3.9481077,0.34363008,9.745667
6.408451,7.5543165,8.087459,1.1458654,17.880537
67.540565,4.0056543,4.6809187,63.534912,94.06926
17.22627,4.555679,5.185341,12.670591,73.55388
1.071577,1.0024569,1.8842809,0.06912005,6.450311
0.846967,0.88815165,1.7671449,0.041184664,4.8626056
8.149418,9.312551,10.102015,1.1631327,14.272586
2.7130775,2.8562891,3.6213987,0.1432116,5.2785664
1.2750365,1.3137429,2.16121,0.03870642,3.035711
0.92772067,1.1031125,2.1309512,0.1753918,18.905668
6.1226535,7.683057,8.113968,1.5604033,25.485735
6.4271336,8.550579,8.91206,2.1234455,33.038765
0.63853884,0.56568074,1.4706956,0.072858095,11.410128
0.22831261,0.31569988,1.2402925,0.087387264,38.27527
0.5196088,0.46408328,1.3672805,0.05552551,10.686023
8.848462,11.146595,11.59148,2.298133,25.972116
5.4746923,6.935174,7.4114933,1.4604816,26.676962
0.5548392,0.5036454,1.407412,0.051193774,9.226776
1.5077714,1.4410698,2.278887,0.06670153,4.423849
13.98253,13.438332,13.511146,0.54419804,3.8919857
10.698904,13.523869,13.57522,2.8249645,26.404243
22.798748,16.655537,16.5003,6.1432114,26.94539
4.4579988,3.4897122,4.2276955,0.9682865,21.720205
2.1556456,2.8587143,3.6006298,0.70306873,32.615227
2.4512045,2.3048944,3.0873845,0.14631009,5.968906
3.5985842,3.5510464,4.353566,0.047537804,1.321014
7.3982086,9.437276,9.742226,2.0390673,27.561634
9.363813,10.29177,10.747607,0.9279566,9.910028
1.578736,1.1830842,2.0375438,0.3956517,25.061296
9.065637,6.8812046,7.358702,2.184432,24.095737
3.2300017,4.1535726,4.8144517,0.9235709,28.59351
0.83473647,0.8096105,1.7100563,0.02512598,3.0100493
10.486981,12.029843,12.164182,1.5428619,14.712164
0.88561386,0.8451189,1.804731,0.04049498,4.5725317
2.1397936,2.16246,2.9577532,0.022666454,1.0592823
2.1310687,3.0745869,3.8031898,0.94351816,44.274414
44.50074,46.7608,45.010582,2.2600594,5.0787005
0.5277136,0.6013912,1.5040144,0.0736776,13.961663
0.25755954,0.46866307,1.3760306,0.21110353,81.963005
0.7550793,0.57476866,1.4733946,0.18031067,23.879698
0.6670286,0.7077923,1.6014225,0.040763676,6.111233
8.08518,7.346756,8.081082,0.7384243,9.1330595
0.3513508,0.3591362,1.2781248,0.00778538,2.2158422
4.599667,6.154972,6.7021337,1.555305,33.813427
0.38170785,0.5217912,1.4436219,0.14008337,36.69911
1.9674323,2.1552851,2.9719443,0.18785286,9.548123
17.852606,13.92498,13.95158,3.9276257,22.000294
0.48912746,0.45643473,1.4900154,0.03269273,6.683888
1.123445,1.408813,2.2685697,0.28536797,25.40115
4.192917,5.236266,5.830437,1.0433493,24.883615
6.29017,7.059781,8.235681,0.7696109,12.235136
8.2938385,6.9892383,7.463694,1.3046002,15.729752
0.5176714,0.46341977,1.3827599,0.05425164,10.479938
2.7469099,3.3204002,4.0411835,0.5734904,20.877655
5.304645,11.349477,11.689362,6.0448318,113.95355
0.88049614,0.8700088,1.9090618,0.010487318,1.1910691
3.370866,4.0927215,4.7585254,0.7218554,21.414537
7.030307,4.8347263,5.453329,2.1955805,31.230223
6.0562334,5.18893,5.7888,0.8673034,14.320838
0.60705817,0.6624571,1.6798637,0.05539894,9.125804
0.7768079,0.6475965,1.540302,0.12921143,16.63364
0.6017314,0.64626,1.5434186,0.044528604,7.4000797
1.7870741,1.9571393,2.7772467,0.17006516,9.516402
0.70694005,0.8474306,1.724376,0.14049053,19.873047
0.6552212,0.6963097,1.5910722,0.041088462,6.27093
0.68391687,0.71425104,1.6012808,0.030334175,4.43536
15.921936,16.281713,16.20233,0.35977745,2.2596338
1.098803,0.9137999,1.7909514,0.18500316,16.83679
0.6667591,0.69239426,1.6033113,0.025635183,3.8447444
0.57627827,0.61362803,1.5111787,0.03734976,6.481202
2.9938228,3.9097505,4.5831594,0.91592765,30.593916
0.57374877,0.5995753,1.5419536,0.025826514,4.501363
15.519917,11.1088085,11.868174,4.411108,28.422241
18.7724,16.94712,16.760841,1.8252792,9.7232065
12.993159,15.495565,15.421691,2.5024061,19.259413
4.401221,3.1205034,3.9331121,1.2807174,29.099138
1.8005955,1.8327773,2.7378416,0.03218174,1.7872831
0.48251873,0.4525965,1.3571329,0.029922247,6.201261
1.8916092,2.9290197,3.6664166,1.0374105,54.84275
0.5643447,0.51055205,1.4282914,0.053792655,9.531879
10.708832,9.740547,10.027806,0.9682846,9.041925
2.3791413,2.5487266,3.3207154,0.16958523,7.128001
4.655413,4.9031963,5.5093384,0.24778318,5.3224745
0.47350243,0.5830629,1.480243,0.10956046,23.13831
0.64929664,0.50147057,1.4152352,0.14782608,22.76711
0.8281669,0.6149998,1.5168525,0.21316713,25.739634
0.68051654,0.7553879,1.6741683,0.07487136,11.002136
24.49283,11.706008,11.862387,12.786822,52.20639
2.629313,2.0875432,2.9274135,0.54176974,20.604992
1.9229445,1.858849,2.6987503,0.0640955,3.3331952
0.6423145,0.62389493,1.5267724,0.018419564,2.867686
1.1490631,1.1699643,2.037799,0.020901203,1.8189778
1.8912516,2.2250347,3.0304995,0.33378315,17.648796
0.67143756,0.7342787,1.7202003,0.06284112,9.35919
4.6489472,5.0283437,6.0152516,0.37939644,8.160911
2.0700433,3.1293192,3.8644376,1.0592759,51.171677
0.22420737,0.20956136,1.1550684,0.014646009,6.532349
0.46987206,0.46949467,1.3844966,0.0003773868,0.08031693
0.7777309,0.6925603,1.5962296,0.08517057,10.951161
8.5939045,8.389375,8.774761,0.20452976,2.3799398
0.68861926,0.6663662,1.5567726,0.022253036,3.2315443
1.5570986,1.7181048,2.74687,0.16100621,10.340141
24.428885,14.380155,15.598237,10.04873,41.134624
0.78345764,0.65809906,1.5533122,0.12535858,16.000685
0.8934372,1.0521095,1.9330266,0.15867227,17.759756
10.859898,7.439623,8.434198,3.4202747,31.49454
0.5148785,0.559844,1.4804053,0.044965506,8.733227
15.826895,11.395793,11.781205,4.431102,27.99729
0.72246647,0.7593441,1.685332,0.036877632,5.1044073
0.42086032,0.46450245,1.3709546,0.043642133,10.369743
3.5171285,4.0574393,4.732745,0.54031086,15.362272
20.627003,21.805174,23.325665,1.1781712,5.7117906
5.450739,6.2846665,6.8526163,0.83392763,15.29935
1.1106366,1.2388532,2.1033983,0.12821662,11.544427
1.0089341,0.7045158,1.5982118,0.30441833,30.17227
1.6638128,1.7644756,2.5958285,0.10066283,6.0501294
7.64074,10.120308,10.738384,2.479568,32.451935
1.4237392,1.1175714,1.9786916,0.30616784,21.504488
0.72628856,0.6440488,1.5517035,0.08223975,11.323288
1.1403958,1.3597641,2.2048252,0.21936834,19.236158
1.2386215,0.79619217,1.6907626,0.4424293,35.719494
6.9054556,4.501013,5.1403556,2.4044428,34.819466
2.6391227,3.2591677,4.2661877,0.62004495,23.494358
57.61238,41.402897,39.779755,16.209484,28.135418
11.688682,15.256979,15.2357025,3.5682974,30.527802
1.2544237,1.160155,2.02114,0.09426868,7.5148997
0.878396,0.76156235,1.6456068,0.11683363,13.300793
4.7371764,6.052055,6.600708,1.3148785,27.756588
56.42082,28.312508,27.380184,28.10831,49.819042
1.6772679,1.4968216,2.3318756,0.18044627,10.758345
3.970053,3.66897,4.3916836,0.30108285,7.5838494
0.8047914,0.7399126,1.6420369,0.06487876,8.061563
1.3633513,1.5052955,2.3710372,0.14194417,10.411415
28.37076,33.146957,31.933062,4.7761974,16.83493
5.0318255,6.5138893,7.0328074,1.4820638,29.453798
1.6569594,2.02168,2.819989,0.3647207,22.011444
2.159059,2.4167,3.266521,0.25764084,11.933015
0.67965055,0.80964017,1.6925611,0.12998962,19.12595
1.2652582,1.4735804,2.3154695,0.20832217,16.464794
0.5440883,0.56030107,1.4793551,0.016212761,2.9798033
12.506182,14.41539,14.388751,1.9092083,15.266117
19.583035,6.425158,6.937599,13.157877,67.190186
1.264494,1.4374747,2.2758415,0.17298079,13.679843
0.5362559,0.60511625,1.627563,0.06886035,12.84095
0.49667928,0.49411613,1.5283589,0.0025631487,0.51605713
0.52640605,0.5644753,1.4675363,0.03806925,7.231917
0.90829736,1.1476948,2.181472,0.23939747,26.356728
3.0163293,2.7746477,3.5821233,0.24168158,8.01244
0.78200877,0.6651021,1.6961108,0.11690664,14.949531
1.4287575,1.4631381,2.3035653,0.034380555,2.4063253
1.0334121,0.85093427,1.7423565,0.18247783,17.657799
80.17625,10.648063,10.872402,69.52818,86.71918
1.2564346,1.245698,2.1027145,0.010736585,0.85452795
5.5390897,4.9514756,5.573824,0.58761406,10.608495
3.250107,3.5454707,4.2464943,0.29536366,9.087813
2.1027153,1.6234822,2.4563544,0.47923303,22.791151
0.63619953,0.73412204,1.6191813,0.097922504,15.391791
10.256119,11.798431,11.95054,1.5423126,15.037975
15.413471,2.8498623,3.5950046,12.563609,81.51058
0.52042353,0.47504413,1.3898768,0.0453794,8.719706
4.5730114,3.7938614,4.4812384,0.77915,17.038008
1.0064795,0.69928086,1.5878356,0.30719864,30.522097
1.2628909,1.4802313,2.3250372,0.21734035,17.20975
1.0897245,0.97925925,1.8544396,0.11046529,10.1369915
19.87912,19.660408,20.993286,0.21871185,1.1002089
2.8406348,2.842459,3.9770603,0.0018241405,0.06421594
30.87388,31.89391,30.926497,1.0200291,3.3038576
1.3233806,1.3341284,2.1826444,0.01074779,0.8121466
1.1640657,0.9749272,1.931327,0.18913853,16.248096
23.458214,23.718277,23.102596,0.26006317,1.108623
4.1816635,4.520223,5.15358,0.33855963,8.096291
4.5785217,5.348142,5.978737,0.7696204,16.809364
0.93299145,0.92287123,1.8195884,0.010120213,1.0847058
1.5387354,1.3784885,2.221829,0.16024685,10.414191
3.4988587,4.938503,5.542467,1.4396441,41.146107
0.64544225,0.64124024,1.6639991,0.0042020082,0.65102774
0.61610657,0.65565586,1.5476699,0.03954929,6.419229
1.390178,1.4850926,2.3226066,0.094914675,6.82752
3.1022437,4.8632684,6.0939455,1.7610247,56.766167
13.07781,13.795853,14.704833,0.7180424,5.4905396
6.475415,6.7351947,7.2243786,0.25977945,4.0117807
0.3912852,0.5884552,1.5061464,0.19716999,50.39035
0.7862216,0.88396394,1.7620003,0.09774232,12.431904
3.8293657,5.0099053,5.6188354,1.1805396,30.828594
0.7061135,0.6449342,1.555779,0.06117934,8.664236
0.5295597,0.5986625,1.4945803,0.069102824,13.049109
5.756417,5.66138,6.2363605,0.09503698,1.6509746
1.5438932,1.9886985,2.7907422,0.44480526,28.810623
0.6322336,0.65409493,1.6608597,0.021861315,3.4577906
1.7622249,1.9095521,2.718618,0.14732718,8.360294
1.2957116,1.2875273,2.1370373,0.008184314,0.6316462
13.511877,10.473506,10.720783,3.038371,22.486668
1.04373,0.8539432,1.801647,0.18978679,18.183514
12.163311,6.918624,7.3877583,5.244687,43.118908
5.8587914,4.0354915,4.7218785,1.8232999,31.12075
0.7528228,0.67250896,1.573159,0.08031386,10.668362
1.1911925,1.3539402,2.3123,0.16274774,13.66259
2.0208347,1.6707501,2.4962347,0.35008454,17.32376
23.655176,25.989588,25.287611,2.3344116,9.868503
2.1720998,2.36629,3.1604104,0.19419026,8.940208
0.8628138,0.8811598,1.7710472,0.018346012,2.1263003
39.940197,8.008355,8.407075,31.931843,79.949135
6.445994,8.024132,9.016993,1.5781379,24.482458
1.4769968,1.2934685,2.143242,0.1835283,12.425776
16.187267,17.512966,17.796246,1.3256989,8.189763
19.533043,15.0325985,14.981708,4.5004444,23.04016
1.1025953,1.0566173,1.9323357,0.04597807,4.169986
0.66885626,0.701386,1.6082094,0.03252971,4.863483
26.909143,30.452799,30.625828,3.5436554,13.168964
1.6915252,1.7512527,2.5789917,0.05972743,3.5309808
0.5574306,0.5716816,1.596477,0.014250994,2.5565503
1.042093,1.0551918,2.0937223,0.013098717,1.2569623
7.4658594,9.810725,10.806615,2.3448658,31.407846
4.890434,3.5375261,4.2628384,1.3529077,27.66437
0.83489966,0.88968194,1.7675601,0.05478227,6.5615396
0.8647212,0.8725027,1.7853329,0.0077815056,0.8998861
3.52227,2.801677,3.5754213,0.720593,20.458199
1.2907315,1.7980103,2.611325,0.5072788,39.30165
0.7003399,0.71359575,1.6009547,0.013255835,1.8927716
0.5606651,0.6496171,1.5483798,0.088952005,15.865445
0.84275335,0.8516531,1.7535057,0.008899748,1.0560324
1.0169262,1.2281435,2.0925853,0.21121728,20.77017
5.585037,7.4881344,8.234823,1.9030972,34.074924
1.6635851,1.6452997,2.4803138,0.018285394,1.0991559
4.519339,3.1173587,3.8710947,1.4019804,31.021803
7.040158,8.412607,8.794701,1.3724494,19.494581
3.446558,3.6826806,4.5341024,0.23612261,6.850969
2.2765965,1.6011331,2.6787794,0.67546344,29.669878
4.295586,4.265531,4.9164295,0.030055046,0.69967276
0.28161976,0.24417877,1.1985627,0.037440985,13.294872
1.6618837,1.8051877,2.637499,0.14330399,8.622985
3.8364449,3.9558969,4.826408,0.119452,3.1136117
2.6928961,2.32874,3.1083121,0.36415625,13.522848
1.113575,1.3020186,2.1593597,0.18844366,16.922405
0.19430111,0.30864677,1.2294874,0.114345655,58.849716
1.078146,0.9696779,1.8446183,0.108468056,10.06061
7.318643,12.214656,13.514216,4.896013,66.89782
8.389596,9.952655,10.613714,1.5630589,18.630919
6.851702,6.145961,6.680471,0.7057414,10.300235
0.62122005,0.7555233,1.6472154,0.13430327,21.619276
3.2062201,4.0726337,4.7508354,0.8664136,27.022898
0.9520995,1.121326,1.9826455,0.16922647,17.774033
1.1774067,0.86289,1.7590547,0.31451666,26.712662
2.3562872,2.2283993,3.0219471,0.12788796,5.4275203
0.58514506,0.5061078,1.411221,0.07903725,13.507291
0.9221395,0.90646863,1.795786,0.015670896,1.6994061
29.32137,31.617928,30.502598,2.2965584,7.8323708
5.456026,4.380657,5.1824703,1.0753689,19.709745
15.949051,6.2446437,6.7679067,9.704407,60.846294
1.1025064,1.0329602,1.9492557,0.06954622,6.3080106
5.6912065,5.424407,6.0018964,0.26679945,4.6879244
1.2171911,1.3012457,2.148184,0.08405459,6.905619
1.2410859,1.4333179,2.2995656,0.19223201,15.489018
0.9871065,0.7558658,1.6436809,0.23124069,23.426113
0.4943805,0.52956486,1.444414,0.035184354,7.116857
0.54002774,0.5931033,1.4872715,0.053075552,9.828301
1.5387384,1.3635962,2.223422,0.17514217,11.382194
0.7031544,0.6958308,1.7243681,0.007323563,1.0415299
1.0241596,0.72260904,1.6081859,0.3015505,29.443703
0.3555293,0.3442341,1.2795311,0.011295199,3.1770093
1.3573109,1.4006863,2.4025302,0.043375373,3.1956844
0.621953,0.8932402,1.8043028,0.2712872,43.6186
8.530361,6.2412825,7.2282248,2.2890787,26.834488
0.578053,0.4851158,1.3881977,0.0929372,16.077627
1.6363487,1.4565747,2.3148253,0.17977405,10.986293
0.3773686,0.5280969,1.4315729,0.15072832,39.941933
1.0117892,1.1554725,2.0379617,0.14368331,14.200914
9.816224,10.517317,11.028835,0.7010927,7.142183
5.2535567,3.4799075,4.1825476,1.7736492,33.760925
1.0386306,0.9565015,1.8336272,0.08212912,7.907442
0.56504726,0.68151903,1.59652,0.11647177,20.612747
2.0004435,2.1819067,3.0054302,0.18146324,9.071151
0.4906627,0.57509685,1.4708965,0.08443415,17.208185
1.2524649,1.4087913,2.258077,0.15632641,12.481501
1.7616261,1.5803607,2.4178126,0.18126547,10.289667
13.266709,13.366093,13.413384,0.099383354,0.7491183
1.2394916,1.0430365,1.9184725,0.19645512,15.849653
0.9562112,0.6204996,1.5208259,0.3357116,35.10852
41.34033,21.820507,21.540108,19.519821,47.217384
45.540356,32.208572,31.176144,13.331783,29.274658
0.47246173,0.4440025,1.3845155,0.028459221,6.0236034
0.8143613,0.8529929,1.7616208,0.038631618,4.7437935
1.0427231,0.89293003,1.7671373,0.14979303,14.365562
2.2092466,2.627606,3.602254,0.41835928,18.93674
31.114948,10.250658,10.527453,20.86429,67.05552
1.9325917,2.0728493,2.8739212,0.1402576,7.2574873
2.4103363,2.375816,3.1740756,0.03452015,1.4321715
0.824002,0.60607326,1.50554,0.21792877,26.447601
5.188177,3.9587545,4.6905403,1.2294226,23.696619
2.0995412,2.7881596,3.5353892,0.6886184,32.79852
6.581027,6.698132,7.2226167,0.11710501,1.7794336
1.4738424,1.7125089,2.5310843,0.23866653,16.193491
2.636595,2.5583098,3.3246222,0.07828522,2.9691787
59.384098,37.784817,36.346825,21.599281,36.372166
19.591047,15.448124,15.936133,4.1429234,21.147022
9.788954,10.595611,11.050588,0.80665684,8.24048
2.3368032,2.0390022,2.8371425,0.29780102,12.74395
27.812632,30.579027,29.522198,2.7663956,9.946544
6.19604,8.339796,8.75292,2.143756,34.59881
0.75928754,0.5931941,1.4887668,0.16609341,21.874903
0.55207354,0.61144555,1.5193207,0.059372008,10.754365
9.43523,12.079625,12.344063,2.6443949,28.026817
12.450458,4.89614,5.5028095,7.5543175,60.67502
1.4066709,1.5347922,2.41965,0.12812126,9.108119
1.7869796,1.9727957,2.8322384,0.18581617,10.398338
2.9312487,2.0163844,2.8173056,0.9148643,31.210735
0.9277153,0.72586167,1.6157265,0.20185363,21.758144
1.082324,0.82199776,1.7027953,0.26032627,24.052526
5.636742,6.4648995,6.9662447,0.8281574,14.692129
0.70648575,0.7398877,1.7629455,0.033401966,4.727904
0.23949279,0.1653397,1.1016111,0.074153095,30.962559
18.210558,19.906937,21.233395,1.6963787,9.315359
3.936656,4.5167627,5.149972,0.58010674,14.736028
1.4627614,1.5114868,2.373902,0.048725367,3.3310537
3.7395117,3.5440407,4.2491693,0.19547105,5.227181
0.7320164,0.75075567,1.7492423,0.018739283,2.5599542
30.40083,31.502098,30.397474,1.1012688,3.622496
5.0869646,4.909023,5.5156765,0.1779418,3.4979956
0.6503052,0.6828824,1.5767995,0.032577217,5.009527
1.7662673,1.7920523,2.6408377,0.02578497,1.4598566
1.3451215,1.2461691,2.108034,0.09895241,7.356392
17.105707,27.059895,27.18427,9.954187,58.192204
2.5495749,1.8319001,2.6471407,0.71767473,28.1488
0.09588966,0.14101933,1.0920691,0.04512967,47.06417
11.114233,15.074345,15.01026,3.9601116,35.630993
1.1206819,0.81569123,1.6952064,0.30499065,27.214739
0.41119823,0.3210615,1.2639828,0.09013674,21.920507
0.5523741,0.4879685,1.4249796,0.06440562,11.659782
25.00517,26.56259,25.755264,1.5574188,6.228387
3.7551613,5.043423,5.6417665,1.2882619,34.30643
1.4947627,1.1928804,2.0488453,0.30188227,20.196
0.96930665,0.999236,1.877572,0.02992934,3.087706
4.2170134,5.500018,6.071031,1.2830048,30.424488
0.39394486,0.38492838,1.2984055,0.009016484,2.288768
2.5065176,2.3803716,3.2848547,0.12614608,5.0327225
0.53931916,0.4112546,1.3305414,0.12806454,23.745596
7.6015906,8.839959,9.183046,1.2383685,16.290913
1.5167623,1.5093691,2.383275,0.0073931217,0.48742786
1.6146442,1.9017408,2.7099805,0.28709662,17.780798
10.675036,13.293295,13.355541,2.6182585,24.526926
0.8902343,0.65922856,1.5532484,0.23100573,25.948868
1.8670017,1.7197406,2.5413775,0.14726102,7.887568
4.6606445,3.7005215,4.439411,0.96012306,20.60065
3.1387682,4.2024083,4.8614025,1.0636401,33.887184
1.686564,2.4935257,3.524688,0.8069618,47.846497
1.788767,1.2644088,2.1143806,0.52435815,29.313944
0.47643372,0.507563,1.4134331,0.03112927,6.533809
0.5948285,0.49543324,1.3967931,0.099395245,16.7099
0.6573835,0.7685368,1.6751611,0.111153305,16.908442
3.1247144,2.4266334,3.2199683,0.698081,22.340635
4.70918,6.970656,7.4393215,2.261476,48.022713
0.5809606,0.4635801,1.3684213,0.11738047,20.20455
4.279962,5.8811564,6.4231954,1.6011944,37.41142
36.70409,11.637608,12.061062,25.066483,68.29343
3.3291588,4.2950206,4.94364,0.9658618,29.012188
0.7372257,0.51753485,1.4184678,0.21969086,29.799673
1.5091993,1.5449839,2.4045122,0.035784602,2.3710985
1.4516371,1.2758965,2.1313207,0.1757406,12.106373
0.3114003,0.5813681,1.4873326,0.2699678,86.69478
0.9564161,0.88260746,1.7692828,0.07380861,7.7172074
1.0845438,1.1841612,2.044771,0.09961736,9.185186
2.5308506,2.585904,3.5065775,0.055053234,2.1752858
20.810064,25.63087,26.3378,4.8208065,23.165745
4.470975,4.4456654,5.085647,0.025309563,0.566086
0.5014774,0.54850936,1.5676728,0.04703194,9.3786745
20.737268,18.233006,17.964096,2.504263,12.076147
0.61297625,0.67309535,1.5634935,0.060119092,9.807736
3.133311,3.3263884,4.1259303,0.19307733,6.162086
0.5532222,2.0906918,3.3175323,1.5374696,277.91177
0.46336976,0.53284,1.4389764,0.06947026,14.992402
7.5306544,4.5811133,5.2174416,2.949541,39.167126
0.5284689,0.36842263,1.2828885,0.16004628,30.284899
12.601197,14.570792,14.6172695,1.969595,15.630221
0.635505,0.41983223,1.3402255,0.21567279,33.93723
0.60194683,0.5043484,1.4100668,0.09759843,16.213797
1.6515418,1.8499651,2.6647959,0.19842327,12.014426
1.6337316,1.7190325,2.5378244,0.08530092,5.2212324
6.8936944,4.8039236,5.4187117,2.0897708,30.314236
1.2114049,1.3911092,2.233101,0.17970431,14.834372
0.7236121,0.6699023,1.5724695,0.053709805,7.4224577
12.3923435,12.916457,12.994244,0.52411366,4.2293344
4.2547703,4.5369134,5.17083,0.28214312,6.6312184
3.6443372,4.3785415,5.022116,0.7342043,20.14644
0.8796524,0.7106466,1.6019287,0.16900575,19.21279
5.5813704,6.3743386,6.9552097,0.7929683,14.207412
58.360672,55.327145,52.86394,3.0335274,5.1978965
4.814636,4.0063133,5.0810795,0.8083229,16.788868
0.21098557,0.17189968,1.131038,0.039085895,18.525387
2.2527578,2.6168063,3.378537,0.36404848,16.160124
20.513578,18.321304,18.050552,2.192274,10.686942
34.365345,13.873554,13.881176,20.49179,59.629234
20.952187,22.76134,22.251091,1.8091526,8.634672
10.025757,10.840775,11.049824,0.8150177,8.129239
0.80528635,0.77406406,1.6845865,0.031222284,3.8771653
1.4678066,1.28093,2.1437182,0.18687654,12.731686
3.521919,6.310877,6.825482,2.7889578,79.18858
0.70703965,0.6547184,1.5676615,0.052321255,7.400045
3.5244055,5.8504934,6.3962846,2.326088,65.99944
16.97031,13.059025,13.156537,3.9112854,23.047813
1.6660162,1.7890637,2.638237,0.12304747,7.3857303
0.47308785,0.6072477,1.5056598,0.13415986,28.35834
1.8822956,2.709395,3.4652693,0.8270993,43.94099
0.9834183,0.99482346,1.8678789,0.01140517,1.1597476
1.670272,1.5541961,2.4912584,0.11607587,6.9495196
1.4444185,1.4292898,2.4644687,0.015128732,1.0473925
29.581602,23.164434,22.675406,6.4171677,21.693106
3.6558862,4.75096,5.3805704,1.0950737,29.953714
1.0402861,0.6265627,1.5322198,0.41372335,39.77015
0.58033895,0.49868146,1.4212598,0.0816575,14.070656
0.50872946,0.38954937,1.3040867,0.11918008,23.427008
7.982743,10.491476,10.737717,2.5087333,31.426958
2.443989,2.255758,3.0610473,0.18823099,7.7017937
3.368776,3.7163272,4.4079504,0.3475511,10.316836
12.482315,13.1360445,13.234091,0.65372944,5.2372446
5.5259724,8.25331,8.635172,2.7273378,49.354897
19.71828,11.734124,12.105564,7.9841566,40.49114
1.0452721,1.0008266,1.8875864,0.044445515,4.2520523
0.51399356,0.63820136,1.6696236,0.124207795,24.165243
5.168429,5.312886,5.987011,0.14445734,2.7949953
3.252527,3.955009,4.6335697,0.702482,21.598038
0.13106547,0.14701255,1.1345235,0.015947074,12.167257
2.3463008,1.3267891,2.1725245,1.0195117,43.451874
0.9007378,0.97531116,1.865708,0.07457334,8.279139
0.8647428,0.9326432,1.8097209,0.06790036,7.8520875
0.82159007,0.6928209,1.5865016,0.12876916,15.673164
1.0516001,0.7775128,1.6742722,0.2740873,26.063835
6.8698945,4.088278,4.7540174,2.7816167,40.48995
3.62886,3.9333425,4.6155467,0.30448246,8.390582
1.3575886,1.2934422,2.1454818,0.0641464,4.7250247
4.804233,5.4845147,6.0714927,0.68028164,14.160048
0.80071944,0.6879599,1.6519665,0.11275953,14.082277
12.259075,16.060629,15.938406,3.8015537,31.010118
2.8013327,2.9428592,3.6863403,0.14152646,5.0521116
0.6894636,0.67477524,1.5666643,0.014688373,2.1304057
38.143944,33.51449,32.26168,4.6294556,12.136804
0.94276696,1.1362131,2.1156979,0.1934461,20.518972
24.566605,22.107224,21.761,2.459381,10.011075
4.645541,6.2787514,6.799534,1.6332102,35.15651
31.245384,8.451601,8.81903,22.793783,72.95088
32.419193,27.06338,26.334707,5.355814,16.520504
0.44603217,0.4989853,1.4435924,0.052953124,11.872042
18.374874,13.440473,13.721504,4.9344015,26.85407
24.919352,15.0190735,14.951034,9.900278,39.72928
1.5843798,2.063495,2.9721363,0.47911513,30.239918
3.032557,3.0688224,3.8577785,0.036265373,1.1958678
0.38993886,0.3000465,1.2216878,0.08989236,23.052937
0.45952523,0.5814543,1.4846116,0.12192905,26.533703
0.460872,0.41674197,1.4621686,0.044130027,9.575334
7.8627124,10.151212,10.420397,2.2884994,29.105722
2.2979207,2.5622914,3.3297865,0.26437068,11.504779
39.49055,25.755316,25.037125,13.735235,34.781067
1.2343245,0.85579205,1.7402158,0.3785324,30.667173
1.6196634,1.6115284,2.451865,0.008134961,0.5022625
0.27631998,0.3226904,1.239067,0.046370417,16.78142
5.649099,7.3608847,7.8095455,1.7117858,30.301926
8.345802,5.977105,6.693544,2.3686972,28.381899
0.973476,0.8652364,1.7494961,0.10823959,11.118876
0.4350599,0.44197288,1.3517044,0.0069129765,1.5889711
0.4942501,0.5555583,1.5756226,0.061308235,12.404294
16.887758,16.60064,16.502449,0.2871189,1.70016
1.5495497,1.6898379,2.5351667,0.14028823,9.053484
9.015449,11.883529,12.0247345,2.8680801,31.81295
0.70041525,0.8427141,1.727058,0.14229882,20.316349
0.969978,0.84573543,1.7385292,0.124242544,12.808801
7.306057,7.270015,7.728028,0.036042213,0.49331963
1.5368683,1.7969482,2.6181421,0.26007986,16.922716
0.6306276,0.6238997,1.5181544,0.0067278743,1.0668538
0.7034382,0.92040956,1.7981001,0.21697134,30.844406
4.8851314,4.595987,5.2298026,0.28914452,5.918869
8.508505,9.980925,10.804888,1.4724197,17.30527
0.786806,0.60962474,1.510032,0.17718124,22.51905
0.4987925,0.593752,1.51964,0.09495953,19.037882
11.001111,12.068799,12.342567,1.067688,9.705275
0.8602217,0.92976475,1.8059472,0.06954306,8.084319
0.6359387,0.7353008,1.6215013,0.099362075,15.624474
0.9887444,1.1609068,2.031724,0.17216241,17.412228
0.26395607,0.4892652,1.3910103,0.22530913,85.358574
0.6497266,0.6318883,1.5490184,0.017838359,2.7455175
3.9586434,7.1156387,7.926928,3.1569953,79.74942
0.93391204,0.88211274,1.8560891,0.051799297,5.546486
1.9057369,2.1935954,2.9838707,0.2878585,15.104838
6.2716146,7.663145,8.087763,1.3915305,22.187756
0.99929833,0.9597963,1.8715377,0.039502025,3.9529762
0.5915384,0.7821621,1.691068,0.19062364,32.225067
0.10745287,0.19104467,1.155025,0.083591804,77.79392
0.49655864,0.47209537,1.377765,0.024463266,4.926562
20.248291,20.80685,20.386105,0.5585594,2.758551
1.3733239,1.7063961,2.5319743,0.3330722,24.252996
7.1292434,10.623093,10.852828,3.4938493,49.007294
33.133232,22.35507,21.831116,10.778162,32.529762
5.300168,5.05885,5.739229,0.24131823,4.5530295
0.20260903,0.21133722,1.1673324,0.008728191,4.3078985
1.5191237,1.413193,2.2550008,0.105930686,6.9731445
4.8522286,5.0163846,5.6887255,0.16415596,3.3831043
1.8643986,1.5251133,2.3654232,0.33928525,18.198107
5.804401,6.4884505,7.024115,0.6840496,11.785016
16.611189,16.904016,16.713543,0.2928276,1.7628335
0.8103145,0.9665786,1.9666982,0.15626413,19.28438
0.6641173,0.6430173,1.5532203,0.021099985,3.1771474
0.9363418,0.94490707,1.8150808,0.008565247,0.9147564
1.5077093,1.5429552,2.3772748,0.035245895,2.3377116
4.5218368,5.0494885,5.6731977,0.5276518,11.66897
0.741533,0.8241329,1.7155509,0.08259994,11.139078
2.8399668,3.807856,4.4904304,0.9678893,34.08101
5.2423368,7.449404,8.167044,2.207067,42.100822
6.774737,7.749625,8.1735735,0.9748883,14.390054
0.33382022,0.24843803,1.1762094,0.08538219,25.5773
1.1065317,0.9703944,1.8392967,0.13613737,12.30307
1.5149252,1.3669403,2.209881,0.14798498,9.768468
13.197645,11.881014,12.022223,1.3166313,9.976259
9.301729,12.400111,12.525777,3.098382,33.309742
3.7900276,3.310392,4.054213,0.47963572,12.655203
0.5153455,0.5787213,1.5968587,0.06337577,12.297724
20.275743,27.909605,27.678993,7.6338615,37.65022
1.3958786,1.4260614,2.2700667,0.030182838,2.1622825
6.6848865,7.6092052,8.062556,0.9243188,13.826993
0.20339653,0.25257596,1.2009069,0.049179435,24.179092
2.726624,2.923733,3.6620593,0.19710898,7.229049
4.390213,4.9080515,5.5399165,0.5178385,11.795293
1.1026764,0.9045429,1.788455,0.19813347,17.968414
0.35534087,0.41750336,1.3487726,0.06216249,17.493763
1.3701512,1.3910682,2.2447457,0.020917058,1.5266241
2.4077177,4.3726873,5.013951,1.9649696,81.6113
23.16574,11.798566,11.951776,11.367173,49.068897
1.7583911,2.5092888,3.2764215,0.75089765,42.70368
6.8182874,9.789541,10.068646,2.9712539,43.577717
4.01277,3.5884008,4.2880263,0.42436934,10.575471
0.8753611,1.0662596,1.9488673,0.19089854,21.807976
0.8144545,0.9314313,1.8043473,0.1169768,14.362595
3.5973294,4.3848147,5.026554,0.78748536,21.890833
0.24550015,0.4651199,1.3760558,0.21961975,89.45809
9.536528,9.801007,10.082735,0.26447964,2.7733326
0.9396313,1.0568459,1.9237132,0.11721462,12.474534
1.7758824,1.866595,2.6835155,0.09071267,5.108033
6.017554,8.800567,9.160712,2.7830129,46.248245
0.84158325,1.0276241,1.8958223,0.18604088,22.106058
1.280145,1.1037066,1.9902626,0.17643845,13.782692
6.931268,9.527449,9.858837,2.5961804,37.456066
3.5344107,3.4714813,4.200177,0.06292939,1.7804776
0.7547734,0.8919687,1.7760838,0.13719535,18.177025
2.8184888,2.9519982,3.708773,0.1335094,4.736914
0.9395313,0.86771214,1.8288599,0.071819186,7.6441503
1.7485756,1.9260538,2.7437449,0.1774782,10.149873
0.57235146,0.42244345,1.3541175,0.149908,26.1916
1.9796146,1.8433759,2.6978066,0.1362387,6.8820815
1.8270115,1.9634614,2.7693467,0.13644993,7.468477
2.34389,1.7760777,2.5928092,0.5678122,24.225206
0.60637677,0.4618393,1.3716469,0.14453748,23.836248
0.74864846,0.81906855,1.6991332,0.07042009,9.406295
2.0739167,2.1384547,2.9465842,0.064538,3.1118898
6.403637,4.9165344,5.5502925,1.4871025,23.22278
4.27084,3.0876412,3.816515,1.1831989,27.704126
19.043365,15.538204,15.45762,3.5051613,18.406206
23.20502,15.669552,15.562673,7.535469,32.473442
0.7834307,0.7517644,1.7339588,0.03166628,4.0420012
1.1964113,1.1712894,2.0333223,0.025121808,2.0997636
2.657752,2.8503726,3.6069393,0.19262052,7.247497
0.29679126,0.6102768,1.5135423,0.31348556,105.62493
0.91663504,1.0191166,1.9951698,0.1024816,11.180197
1.6471647,1.4345121,2.2872984,0.21265256,12.910219
5.1634173,6.766147,7.2491827,1.6027298,31.040098
6.159209,6.8722467,7.34946,0.71303797,11.576778
0.557039,0.43990898,1.3575975,0.11713004,21.02726
2.3672323,2.267533,3.0508673,0.09969926,4.211638
6.528372,9.941197,11.357944,3.4128256,52.276825
1.0648179,1.6050448,2.4329536,0.54022694,50.734207
1.0653968,1.2594991,2.127162,0.19410229,18.218779
10.235722,7.529936,7.9608693,2.7057858,26.434734
14.712591,20.804432,22.40012,6.0918407,41.40563
0.8747277,0.70303833,1.6395257,0.17168939,19.627752
2.2349799,2.845542,3.5908751,0.6105621,27.31846
6.0787287,6.377663,6.900334,0.29893446,4.9177136
1.2086968,1.2969596,2.19357,0.0882628,7.3023105
1.0422876,1.345149,2.1891243,0.30286145,29.057379
2.0360289,2.02125,2.823269,0.014778852,0.72586656
5.024562,5.9851284,6.538874,0.9605665,19.117418
0.6538834,0.5301528,1.5961075,0.1237306,18.922426
6.417869,7.6048965,8.042071,1.1870275,18.495663
32.817616,33.267082,32.031517,0.4494667,1.3695898
0.7321273,0.6795094,1.5953219,0.052617908,7.186989
1.4802173,1.1297357,2.0168426,0.35048163,23.677715
11.45509,6.212998,6.729344,5.2420917,45.76212
5.2065825,3.6131282,4.304627,1.5934544,30.60461
13.900636,9.71319,10.405756,4.1874456,30.12413
1.0867492,1.4128006,2.2520814,0.32605135,30.002449
23.151163,24.551474,23.896559,1.4003105,6.0485535
3.9472766,3.9591646,4.6669936,0.011888027,0.30117035
2.1399071,3.3148556,4.0289016,1.1749485,54.906513
0.60305595,0.58875716,1.4957087,0.014298797,2.3710563
25.566324,25.28132,24.565838,0.28500366,1.114762
6.594155,9.007613,9.346832,2.4134583,36.599964
3.6684415,3.3042827,4.082939,0.36415887,9.9268
4.6637697,3.52393,4.2249193,1.1398396,24.440308
0.8489778,0.9569689,1.8337998,0.1079911,12.720133
0.5219063,0.6845249,1.575172,0.16261858,31.158577
0.88815635,0.8832692,1.7704152,0.0048871636,0.55025935
4.7292967,6.3114834,6.8233657,1.5821867,33.45501
0.462678,0.5907843,1.4963754,0.12810633,27.68801
6.031916,5.1883097,5.7763014,0.8436065,13.985713
11.177945,9.681027,10.136911,1.4969177,13.391707
2.667858,2.46937,3.318874,0.198488,7.4399767
2.5144975,2.3559546,3.133073,0.15854287,6.3051515
7.0957417,6.0531178,6.8902183,1.042624,14.693657
0.6702077,0.58206856,1.4779603,0.08813912,13.151015
1.2417045,0.8613522,1.7541761,0.38035226,30.631464
0.49403122,0.45931435,1.3641627,0.034716874,7.027263
0.8348249,0.2739635,1.2190356,0.5608614,67.18311
73.65347,27.220692,26.381771,46.43278,63.042217
6.41656,8.22438,9.283249,1.8078194,28.174276
0.97161484,0.618461,1.6628604,0.35315382,36.347103
6.0618744,5.612801,6.2452006,0.4490733,7.4081597
1.1367611,1.6914458,2.684453,0.55468476,48.795193
3.9632356,4.333142,4.9828305,0.3699062,9.33344
1.0163522,0.7873229,1.6786375,0.2290293,22.534443
25.768036,29.092691,28.143763,3.3246555,12.902246
9.521856,8.16809,8.554868,1.3537664,14.2174635
13.553504,17.316217,17.117779,3.7627134,27.761923
4.4960413,4.250561,4.901104,0.24548006,5.4599156
3.3273141,1.9526162,2.755913,1.3746979,41.31554
31.256704,34.809277,33.75339,3.5525723,11.365793
0.60813403,0.50783026,1.4094213,0.10030377,16.493694
5.6826525,7.7598763,8.71343,2.0772238,36.553772
1.117412,1.0370224,1.9019431,0.08038962,7.194268
0.7371317,0.7257247,1.6154472,0.011407018,1.547487
0.24923664,0.1708775,1.1021483,0.07835914,31.439655
3.8311985,5.0582094,5.6751027,1.227011,32.026817
6.737923,2.4796457,3.249398,4.2582774,63.19866
0.6278775,0.44730648,1.3581626,0.18057099,28.758953
2.6130013,3.7609072,4.4506087,1.1479058,43.93055
0.6386634,0.96993256,1.9250764,0.33126915,51.86913
8.368621,8.926872,9.397076,0.5582514,6.670769
2.6511226,2.723351,3.4763792,0.07222843,2.724447
0.6135414,0.6726924,1.6607379,0.059150994,9.640912
0.4016874,0.5948465,1.4913203,0.19315907,48.08691
48.79276,18.832998,18.891903,29.95976,61.40206
0.33502188,0.38279516,1.3076059,0.04777327,14.259747
1.8601807,1.6642101,2.4923635,0.19597065,10.535033
1.2424464,1.4177284,2.2713873,0.175282,14.107812
0.94786066,0.88243365,1.7654258,0.065427005,6.902598
2.3790936,2.8816662,3.629337,0.50257254,21.124538
2.3045478,2.4029977,3.1759737,0.098449945,4.2719855
0.8882413,0.9563681,1.8273014,0.0681268,7.6698527
0.52242607,0.40493307,1.434585,0.117493,22.489882
0.33993945,0.5578046,1.4579632,0.21786514,64.0894
0.70957494,0.73322546,1.6310496,0.023650527,3.3330555
2.0383677,2.4436262,3.2259293,0.40525842,19.881516
2.7599723,2.8729627,3.6342804,0.11299038,4.0938954
0.7239894,0.72779083,1.618504,0.0038014054,0.5250637
6.3906984,8.941829,9.5986,2.5511303,39.91943
0.5049303,0.6993444,1.6084367,0.19441408,38.50315
1.8207358,2.0018883,2.8361678,0.18115246,9.9494095
13.686187,10.919099,12.104646,2.767088,20.218107
1.6975213,1.6079628,2.4864297,0.08955848,5.275839
3.4025443,2.99928,3.7564874,0.40326428,11.851845
2.5212727,3.150527,3.8744192,0.62925434,24.957806
3.1110775,4.2383733,5.1873417,1.1272957,36.234898
0.8131768,0.8057411,1.7247534,0.007435739,0.9144062
2.2257977,2.6579661,3.440344,0.43216848,19.416344
2.397553,2.5714724,3.4457798,0.17391944,7.25404
2.8479657,2.5210333,3.2870908,0.32693243,11.479507
4.1733627,5.7911034,6.3389845,1.6177406,38.76348
35.850056,24.975964,24.271633,10.874092,30.332148
2.3851175,2.1329937,3.2930844,0.25212383,10.570709
0.96740246,0.8714956,1.7508223,0.09590685,9.913852
5.763636,7.013525,7.479307,1.2498889,21.68577
2.1023731,1.8546126,2.6651084,0.24776053,11.784803
61.735214,59.703415,56.949028,2.0317993,3.2911513
5.6327004,3.8563719,4.5705585,1.7763286,31.536003
1.2015454,1.3019695,2.1538363,0.10042417,8.357918
19.005573,16.464718,16.308239,2.5408554,13.369001
1.8079573,1.5979629,2.4254148,0.20999444,11.61501
16.904661,16.08379,15.978157,0.82087135,4.8558874
0.53662723,0.58807373,1.5312614,0.051446497,9.5870075
0.47898394,0.42312524,1.3323756,0.0558587,11.661916
0.8204707,0.8787887,1.7591733,0.05831802,7.1078734
3.7369297,4.4167166,5.074563,0.6797869,18.191055
0.5809719,0.72481704,1.6134627,0.14384514,24.759398
0.5763201,0.52132976,1.4291235,0.05499035,9.541633
1.6509901,1.942802,2.9593234,0.29181182,17.67496
0.25411376,0.22012554,1.1563352,0.033988222,13.375199
2.6727781,2.697432,3.4701753,0.024653912,0.9224077
0.49575874,0.42483652,1.3387798,0.070922226,14.305795
11.506789,14.092229,14.437423,2.5854397,22.46882
7.5782814,8.96395,9.314964,1.3856688,18.284737
9.288549,12.811283,12.90555,3.5227337,37.925552
1.0046196,1.0409355,1.905069,0.036315918,3.6148925
2.7084477,3.089808,3.8162003,0.3813603,14.0804
3.1220179,2.3990436,3.1950004,0.7229743,23.157276
0.8041012,0.7435738,1.6559013,0.060527444,7.5273414
1.8723267,1.9752293,2.7829142,0.10290253,5.4959707
0.91634345,0.6214925,1.5203688,0.29485095,32.176903
6.248129,7.093997,7.666422,0.8458681,13.537942
0.85474336,0.83860123,1.7161365,0.01614213,1.8885353
2.2247512,2.0162141,2.8170583,0.2085371,9.373502
4.734415,4.2091794,4.9495993,0.52523565,11.093993
1.0509456,0.93076825,1.8084763,0.12017739,11.435166
30.358461,27.79201,26.925991,2.566452,8.453828
2.2197351,2.0869367,2.8819869,0.13279843,5.982625
0.80347073,1.017477,1.887403,0.2140063,26.635235
16.132015,14.190279,14.180634,1.9417362,12.036538
5.6717033,5.832382,6.3778176,0.16067886,2.8329914
1.1103797,0.86182714,1.7384927,0.24855256,22.384464
1.5437739,1.348458,2.2051945,0.19531584,12.651842
15.885329,18.158663,18.138527,2.2733335,14.3109
0.7302325,0.95323515,1.8316244,0.22300267,30.538584
1.6563036,1.7985766,2.6254098,0.14227295,8.589787
4.813052,5.7964096,6.342754,0.9833574,20.431057
0.17046832,0.24834651,1.186839,0.07787819,45.68485
1.3288034,0.97770953,1.8479744,0.3510939,26.421808
0.52168137,0.63721144,1.5373273,0.11553007,22.145716
0.25621322,0.40219325,1.327523,0.14598003,56.975998
1.8552998,2.4573457,3.2338238,0.6020459,32.450058
0.7721095,0.61461556,1.5095313,0.15749395,20.397879
15.170254,16.397568,16.244469,1.227314,8.090267
2.9874265,3.836101,4.515772,0.84867454,28.408215
28.8765,3.46775,4.1712174,25.408749,87.9911
6.8755145,7.668517,8.392787,0.7930026,11.53372
1.274842,1.1499348,2.0187597,0.124907255,9.797861
1.9621667,1.7186885,2.5402057,0.24347818,12.408639
0.634815,0.4310954,1.4817661,0.20371959,32.091175
1.3726432,1.4926915,2.3964238,0.120048285,8.745774
0.6175536,0.50442207,1.4238262,0.11313152,18.319305
1.1563084,0.93904734,1.8412485,0.21726108,18.789198
75.57887,23.172905,22.591915,52.405968,69.33944
51.955357,13.613713,13.641508,38.341644,73.79729
2.4563851,2.4114058,3.2066474,0.044979334,1.831119
34.46381,31.995918,31.11333,2.4678917,7.160821
7.383699,8.297685,8.685448,0.9139857,12.378427
16.623796,9.06056,9.396998,7.563236,45.496445
3.7138488,4.551905,5.1828656,0.8380563,22.56571
0.5915404,0.64852417,1.5887235,0.05698377,9.633115
1.3010412,1.2673583,2.127972,0.033682942,2.588922
55.73467,36.36394,35.000626,19.370728,34.755257
0.118625514,0.19619446,1.1551585,0.07756894,65.38976
11.23227,10.790563,11.28604,0.4417076,3.9324875
0.5158933,0.3176746,1.3524435,0.19821867,38.422417
2.6033869,1.7344983,2.5536032,0.8688886,33.375317
1.0689933,0.8956413,1.7757375,0.173352,16.21638
0.5479694,0.6180028,1.5166248,0.07003337,12.780525
1.8863416,1.7259381,2.5534384,0.16040349,8.503416
7.092456,9.985861,10.253637,2.893405,40.79553
0.55408764,0.53372,1.441067,0.020367622,3.6758847
0.805521,0.8159199,1.7919148,0.010398865,1.2909489
0.7514249,0.83896184,1.7353563,0.08753693,11.649458
5.6782737,8.278831,8.660855,2.6005569,45.798374
8.283475,6.7940545,7.300885,1.4894204,17.980623
1.3084964,1.2615101,2.1246455,0.046986222,3.590856
4.8327436,7.3147106,8.213753,2.481967,51.357307
0.5786407,0.5507165,1.5374259,0.02792418,4.825824
4.978963,6.485391,7.0114903,1.5064282,30.255863
5.737232,8.469011,8.836729,2.731779,47.614933
0.7481457,0.95249546,1.8259684,0.20434976,27.314165
1.725168,1.7350452,2.5568297,0.009877205,0.5725358
4.4219737,4.237622,4.9564657,0.18435192,4.1689963
6.6345367,6.887818,7.5900383,0.25328112,3.8176157
5.320329,4.6453743,5.2711616,0.6749549,12.686337
33.349655,34.67438,33.381134,1.3247261,3.9722333
1.692857,1.9036567,2.7178507,0.2107997,12.452304
0.56837267,0.5131202,1.4224571,0.055252492,9.721174
0.59739435,0.6671299,1.6819779,0.06973553,11.673282
0.911657,0.71587276,1.60556,0.19578421,21.475643
4.9042993,6.73324,7.2173066,1.8289409,37.292603
0.6553777,0.6883694,1.5872345,0.032991707,5.033999
89.432045,70.59322,67.710945,18.838821,21.064957
0.83901966,0.62749565,1.5299208,0.21152401,25.210854
0.91890925,0.6883242,1.5856961,0.23058504,25.093342
1.2164108,1.1209521,1.9896432,0.09545863,7.8475647
1.8419363,1.9208748,2.7497764,0.078938484,4.285625
0.33190823,0.5497743,1.4612476,0.21786606,65.64045
0.60136527,0.60642266,1.5209054,0.0050573945,0.8409855
55.90385,54.024006,51.83789,1.8798447,3.362639
0.91356635,0.7738811,1.6562295,0.13968527,15.290107
0.5939301,0.48715863,1.390905,0.1067715,17.977114
13.598928,16.877766,16.704435,3.2788372,24.110998
0.5274334,0.72202337,1.715671,0.19458997,36.893753
0.19589984,0.1797501,1.1503516,0.016149744,8.243878
26.193123,26.952024,27.0518,0.7589016,2.8973315
1.1784288,1.1934798,2.067232,0.015051007,1.2772098
3.0543683,3.7447786,4.4316163,0.6904104,22.604033
1.2192298,0.9719598,1.8647236,0.24726999,20.280836
1.0944662,1.1254027,2.0044665,0.03093648,2.8266273
19.432426,14.640946,14.64448,4.79148,24.657137
1.9195902,1.7865033,2.621477,0.13308692,6.93309
4.062266,4.2316833,4.9323797,0.16941738,4.1705146
1.8251486,2.0728755,3.0496464,0.24772692,13.572972
0.14056426,0.44651446,1.4650099,0.3059502,217.6586
95.462456,61.60909,58.727917,33.853367,35.462494
6.184526,7.848032,8.25712,1.663506,26.897875
2.018049,2.8956203,3.6370788,0.87757134,43.486126
0.8098075,1.0272679,1.8920597,0.21746045,26.853354
4.872073,6.1429152,6.6760755,1.2708421,26.084215
7.629562,8.623049,8.9965,0.9934869,13.021545
0.5134642,0.50181854,1.4049002,0.011645675,2.2680597
1.3617749,1.5269685,2.3971345,0.16519356,12.1307535
3.5387447,4.55677,5.188307,1.0180252,28.767973
7.8082747,8.348101,8.732559,0.5398259,6.9135103
1.8665673,1.3381369,2.2010136,0.52843034,28.310276
1.6297745,1.5829694,2.476585,0.046805024,2.8718712
3.3626642,4.3189363,4.968982,0.9562721,28.437931
8.108611,10.095164,10.379318,1.9865532,24.499302
1.3554958,1.3991551,2.2614994,0.04365933,3.2209122
0.5991414,0.37805736,1.3008966,0.22108406,36.900146
1.4669142,1.7172236,2.5396075,0.25030947,17.063675
0.9226596,1.0807054,1.9757627,0.15804583,17.129375
30.560667,29.993664,28.987759,0.56700325,1.8553367
6.4368176,6.7631702,7.553878,0.3263526,5.0700927
0.62081486,0.7387445,1.7497151,0.11792964,18.995943
0.32877183,0.4255122,1.3513299,0.096740365,29.424772
1.6601977,1.6988499,2.5246742,0.03865218,2.3281674
0.79667115,0.5423033,1.4425232,0.25436783,31.928837
2.3382058,3.1371717,3.8683386,0.79896593,34.170044
1.1702055,1.5141864,2.3461165,0.3439809,29.394915
1.4021858,1.5241652,2.3898273,0.121979356,8.699229
1.153049,1.21,2.07356,0.056951046,4.93917
0.7235706,0.5801611,1.4796549,0.14340949,19.819696
0.8506703,0.9487077,1.8223072,0.09803742,11.524727
6.11124,6.1212254,6.6586704,0.009985447,0.16339478
1.2917467,1.3225441,2.1685896,0.030797362,2.384164
9.107981,11.025505,11.2781315,1.9175243,21.053232
0.81924564,0.6855836,1.6136024,0.13366205,16.315258
93.94449,23.764156,23.13158,70.18033,74.70404
1.2475411,1.8023536,2.6152408,0.55481255,44.47249
80.023445,43.79651,41.919388,36.226936,45.270405
0.97283816,1.0641737,2.0316627,0.091335535,9.388564
3.4206417,4.5835595,5.2117715,1.1629179,33.997066
3.300632,6.0896945,6.6477995,2.7890625,84.50086
0.93696785,0.96104157,1.9884739,0.02407372,2.5693219
2.864426,2.9709,3.7123125,0.10647416,3.7171204
2.3181765,2.223681,3.020331,0.094495535,4.0762873
1.1592637,1.1188707,1.9866245,0.040392995,3.4843664
1.1930254,1.6589601,2.4820325,0.46593475,39.05489
8.4157505,6.2671423,6.8107367,2.1486082,25.530798
1.4837549,1.9881806,3.0201159,0.50442576,33.99657
3.1606288,3.5906024,4.286483,0.4299736,13.604053
2.1513433,2.5617156,3.3245363,0.41037226,19.075163
1.6436379,1.8403125,2.6668906,0.19667459,11.965809
2.3559513,2.7961648,3.5489302,0.44021344,18.685167
1.3045423,1.4159214,2.4531455,0.11137915,8.537795
0.83418083,1.067934,2.0921075,0.2337532,28.021887
0.85670406,0.67460895,1.564426,0.18209511,21.25531
4.212341,5.1715565,5.76346,0.95921564,22.771557
3.1884315,3.615603,4.3638363,0.42717147,13.397543
22.45209,21.299238,20.836166,1.1528511,5.1347165
0.869751,1.0990584,1.9760157,0.22930741,26.36472
0.6916203,0.7032511,1.6212437,0.011630833,1.681679
1.4927118,1.7343102,2.5552979,0.24159837,16.185198
17.235798,9.6740675,9.965681,7.5617304,43.87224
2.8867815,2.8247483,3.574954,0.062033176,2.1488698
0.12928,0.4964421,1.5342475,0.3671621,284.00534
20.593458,11.764307,11.91212,8.829151,42.873573
0.10129806,0.10318796,1.0635413,0.0018899068,1.8656892
1.3931682,1.14006,2.1818738,0.25310826,18.167818
0.58470666,0.6936108,1.627992,0.10890412,18.62543
0.9403519,0.83213174,1.7142837,0.10822016,11.508474
71.97125,42.387554,42.71499,29.583698,41.10488
0.53708297,0.59320307,1.6093509,0.056120098,10.449056
10.706147,12.158778,12.430338,1.452631,13.568195
1.3146292,1.0709934,2.128403,0.24363577,18.532661
5.905274,5.3195,6.0081725,0.58577394,9.919505
1.1509382,1.0836568,1.9598218,0.067281365,5.8457847
4.6627097,5.1384645,5.7550297,0.47575474,10.203396
0.42483035,0.52978575,1.431582,0.104955405,24.705252
0.6429271,0.5532459,1.470635,0.08968121,13.948892
2.5949335,2.5528166,3.3248312,0.04211688,1.6230427
41.24537,26.384405,25.64898,14.860964,36.030624
1.3999122,1.6480072,2.4729342,0.24809492,17.722178
0.706359,0.63171816,1.5301313,0.07464087,10.566987
0.5656203,0.63328326,1.5703132,0.067662954,11.96261
1.3549883,1.1599708,2.017652,0.19501758,14.392566
1.5682827,1.5772917,2.4325747,0.009009004,0.57445025
0.8271909,0.8288578,1.7753452,0.0016669035,0.20151377
14.987517,17.910093,17.67939,2.922576,19.500067
3.7260842,4.4004025,5.4769073,0.6743183,18.097237
3.1046193,3.191011,4.043201,0.08639169,2.7826822
0.8836663,0.8362781,1.8210199,0.047388196,5.36268
30.180984,25.565788,25.324024,4.615196,15.291736
2.4396493,2.5006356,3.2750812,0.06098628,2.4997969
7.2068396,9.78242,10.779815,2.5755806,35.738003
2.0158412,2.1140432,2.911326,0.09820199,4.871514
7.8159766,6.235111,6.7546077,1.5808654,20.226076
1.3576035,1.5977755,2.4462786,0.24017191,17.690872
8.910423,11.431898,11.609652,2.5214748,28.298037
0.6423188,0.8636993,1.7481822,0.22138053,34.465836
15.495144,16.600555,16.873016,1.1054115,7.133922
1.8823433,2.1255877,2.9343643,0.24324441,12.922425
9.262323,10.636629,10.861794,1.3743057,14.837592
0.8265874,1.0000634,1.8859929,0.17347604,20.987019
10.782168,11.541662,11.710041,0.7594938,7.0439806
25.873093,24.515757,23.858353,1.357336,5.24613
0.9581223,0.86576235,1.7479764,0.09235996,9.639684
18.688519,24.553923,25.288935,5.865404,31.385067
2.7934606,2.6957772,3.4992778,0.09768343,3.4968607
6.384395,6.7088747,7.2139645,0.32447958,5.082386
13.882803,13.376453,13.63171,0.50634956,3.647315
1.3951504,1.957506,2.7599752,0.5623555,40.307877
6.410933,5.5010457,6.0749054,0.9098873,14.192744
4.343385,6.3766975,6.8844237,2.0333123,46.814
1.4680645,1.6576359,2.4879425,0.18957138,12.913014
2.5632386,3.7116308,4.489893,1.1483922,44.80239
22.593029,19.921467,19.669636,2.6715622,11.824719
0.7088368,0.77341235,1.6746969,0.06457555,9.110073
28.71149,33.1497,31.988605,4.4382095,15.457955
1.2421464,1.8166888,2.6295247,0.5745424,46.254
1.2018085,1.1240475,2.0023363,0.077760935,6.470327
5.7491965,6.4166284,6.921668,0.66743183,11.609132
98.61347,56.988934,54.252464,41.62454,42.209785
41.301697,25.715591,24.947828,15.586105,37.737206
0.7684638,0.71314394,1.6007127,0.055319846,7.198757
1.4308567,0.967317,1.8365802,0.46353972,32.395958
3.695158,3.7162404,4.403116,0.021082401,0.57054126
1.2562352,1.2946758,2.1529553,0.038440585,3.059983
1.2785387,1.1644645,2.0215693,0.11407423,8.9222355
18.47091,19.2628,19.018959,0.7918911,4.287234
2.7586408,2.8031027,3.5498714,0.044461966,1.6117345
18.310795,19.767784,19.909079,1.4569893,7.9569964
4.7302456,6.3795896,6.893714,1.649344,34.868042
1.1562634,1.1471796,2.0180767,0.009083748,0.78561234
20.057209,14.224092,14.239204,5.8331175,29.0824
1.8548291,1.2921393,2.1553142,0.5626898,30.336475
1.2592838,1.1575522,2.0290506,0.10173154,8.078524
0.53759956,0.40406913,1.3258312,0.13353044,24.83827
0.25254938,0.53270566,1.4486947,0.28015628,110.93129
9.632272,16.10464,17.354477,6.4723673,67.19461
14.064595,11.265573,11.630268,2.7990227,19.901197
1.9812137,2.0769765,3.0147467,0.09576285,4.8335443
17.22607,21.34838,21.058855,4.1223087,23.93064
1.336527,1.5042722,2.3370805,0.16774523,12.55083
8.5069685,11.065818,11.313328,2.5588493,30.07945
3.2343557,5.2859435,5.870429,2.0515878,63.431114
20.470299,22.556807,22.050188,2.0865078,10.192855
0.9117696,1.0050998,1.8951304,0.093330145,10.236155
0.6014834,0.6207435,1.5164263,0.019260108,3.2021015
6.9486637,5.5670004,6.252961,1.3816633,19.883871
0.4608105,0.52834404,1.4298126,0.06753352,14.655377
2.3163996,2.2816517,3.0772185,0.03474784,1.5000796
7.2845078,4.5874734,5.215971,2.6970344,37.02425
2.0549808,1.7964818,2.6216326,0.2584989,12.579141
0.77589005,0.6606132,1.6576681,0.11527687,14.857372
2.6139982,3.6221333,4.3158207,1.0081351,38.566784
1.0988303,0.9790499,1.8529199,0.11978042,10.900721
0.5982271,0.7229816,1.6463685,0.12475449,20.854034
7.9578834,10.856735,11.063733,2.8988519,36.427425
1.4333324,1.1734779,2.0309613,0.25985456,18.129398
0.22284193,0.2569294,1.1967068,0.034087464,15.296701
5.078828,4.7352285,5.738641,0.34359932,6.765327
3.5775855,4.144677,4.829929,0.5670917,15.851241
4.0474277,4.8375106,5.4473333,0.79008293,19.520618
1.3582511,1.8652861,2.8906915,0.507035,37.32999
0.36737105,0.377437,1.2986782,0.010065943,2.7399936
2.2492168,1.8723171,2.6811044,0.37689972,16.756931
10.3682165,11.67475,11.873602,1.3065338,12.6013365
1.3093888,1.297133,2.1479158,0.012255788,0.9359931
0.8512869,0.98383045,1.8608062,0.13254356,15.569788
3.1166785,4.3443584,5.195203,1.22768,39.39065
27.850424,13.279755,13.329609,14.570669,52.317585
3.211984,3.8294487,4.51628,0.6174648,19.223782
2.1249032,2.3069992,3.2144427,0.182096,8.569614
7.4043345,8.708788,9.087481,1.3044534,17.61743
2.4385145,2.324513,3.111038,0.11400151,4.6750393
0.4463449,0.3458964,1.2658993,0.10044852,22.504686
3.7180557,3.561613,4.2832184,0.15644264,4.2076464
5.586825,5.694555,6.6677127,0.10772991,1.9282851
0.20627962,0.29585108,1.2312082,0.08957146,43.422348
11.787672,13.384189,13.48472,1.5965166,13.543951
0.8512894,0.7597066,1.645218,0.091582775,10.758124
4.763638,4.447309,5.0840764,0.316329,6.640492
1.0591271,1.1013501,1.976884,0.042222977,3.9865825
5.3173313,5.9292555,6.558484,0.6119242,11.508107
6.822557,6.8476753,7.6756716,0.025118351,0.36816624
9.703098,4.417712,5.0579534,5.285386,54.47112
5.865165,6.198713,6.7296877,0.3335476,5.686926
1.254751,1.3411572,2.1876802,0.08640623,6.886325
2.596698,1.9335074,2.7385054,0.6631906,25.539766
0.4668255,0.51655316,1.4500194,0.04972768,10.652306
0.17456217,0.51325536,1.5405288,0.3386932,194.0244
3.9352944,3.3498187,4.08766,0.5854757,14.877558
0.9276156,0.816628,1.6989728,0.1109876,11.964828
9.145478,10.906797,11.407776,1.7613192,19.258907
2.2493403,2.721915,3.4800978,0.4725747,21.00948
1.5158694,1.8714242,2.6845112,0.35555482,23.455505
0.6813038,0.7107191,1.5971236,0.02941531,4.3175025
0.92572296,0.5285431,1.4397213,0.39717984,42.904827
8.560912,11.349859,11.533055,2.788947,32.577686
2.1687944,3.0810719,3.8095312,0.91227746,42.063805
0.6154952,0.7477977,1.6658549,0.13230252,21.495296
1.1572411,1.178257,2.0554934,0.021015882,1.8160331
12.000188,11.267596,11.46483,0.7325916,6.1048346
0.5721318,0.70840096,1.6022197,0.13626915,23.81779
2.6470892,2.4442873,3.2165864,0.20280194,7.6613183
1.8634013,1.8177109,2.6301098,0.045690417,2.4519901
3.9153514,4.6921415,5.3134007,0.77679014,19.839603
0.35669178,0.31294438,1.2977486,0.043747395,12.264762
3.6980217,3.5150156,4.2271905,0.18300605,4.9487557
1.141063,1.2518017,2.1083205,0.110738754,9.704877
0.5484697,0.6850867,1.57951,0.136617,24.90876
5.724823,6.777691,7.2623153,1.0528679,18.391273
15.747927,13.567138,13.610211,2.180789,13.848103
9.567922,11.04506,11.254078,1.4771385,15.438447
10.098155,8.2397785,8.64598,1.8583765,18.40313
1.566436,1.454045,2.294554,0.112390995,7.1749496
7.765783,9.046234,9.386309,1.2804513,16.488375
2.962856,2.6069186,3.366392,0.35593748,12.013324
2.6188169,2.9895518,3.9958472,0.37073493,14.156582
14.492845,18.274412,18.005413,3.7815676,26.092653
0.6613439,0.44832334,1.3531533,0.21302053,32.210255
4.504372,4.2884045,4.940593,0.21596766,4.794623
15.936871,13.44858,13.486923,2.4882908,15.613421
0.5047643,0.39476994,1.3193696,0.10999438,21.791235
1.6921381,1.8048463,2.7823975,0.11270821,6.660698
8.736123,4.2636113,4.914458,4.472512,51.195614
0.41548142,0.37456873,1.2947044,0.040912688,9.847055
5.5333858,6.470887,6.979884,0.93750143,16.942636
6.2707777,7.5602674,7.9946976,1.2894897,20.563475
1.4825511,1.6997592,2.54819,0.21720815,14.650971
1.2987654,1.3671982,2.2108514,0.06843281,5.269066
1.6378412,1.3603904,2.2641206,0.2774508,16.94003
4.7085648,3.623033,4.3790007,1.0855317,23.054407
1.3785481,1.3508317,2.2076163,0.027716398,2.0105498
3.022992,3.131238,3.9093077,0.10824609,3.58076
1.0410486,0.9846026,1.8560449,0.056446075,5.42204
0.9734874,0.92388976,1.7984209,0.04959762,5.0948396
0.64597523,0.6119714,1.5163031,0.034003854,5.263956
0.45163018,0.65243435,1.5441673,0.20080417,44.462082
1.4130783,1.527539,2.363778,0.11446071,8.100097
0.5411075,0.9010843,1.8230749,0.35997683,66.52594
10.024202,10.675879,10.8958435,0.6516762,6.5010276
1.0106434,1.3654726,2.2095628,0.3548292,35.109238
0.5239087,0.54084194,1.4498091,0.016933262,3.232102
1.9064145,2.1520102,2.9535894,0.2455957,12.882597
1.0197268,0.6613877,1.7069631,0.35833907,35.140697
1.0695859,1.2364988,2.1581993,0.16691291,15.605377
4.250477,4.994662,5.594015,0.744185,17.50827
3.2475095,2.1629806,2.998705,1.0845289,33.395714
1.1511204,1.292558,2.1457002,0.14143753,12.286944
0.8251523,0.752792,1.6394705,0.07236028,8.769324
2.1776404,2.6134224,3.6254835,0.43578196,20.011658
2.1854014,2.3426814,3.1980727,0.15727997,7.1968455
0.5871142,0.70841753,1.6401093,0.12130332,20.66094
1.2821488,1.4620345,2.3714437,0.17988563,14.030012
1.2790229,0.9419608,1.8127614,0.33706212,26.353094
0.8664259,0.82783043,1.8553659,0.038595438,4.4545574
1.0316446,1.1999125,2.0575633,0.16826797,16.310654
7.3263793,11.885793,12.281643,4.5594134,62.232834
5.440566,5.023277,5.7862997,0.41728926,7.6699605
1.8664669,2.0885663,2.8953762,0.22209942,11.899457
25.511393,22.628422,22.064842,2.8829708,11.300719
4.4236083,3.9411983,4.615261,0.48240995,10.90535
4.675212,3.2184277,3.9372313,1.4567842,31.159748
89.24387,50.5871,48.53378,38.656773,43.315884
2.910762,3.3213167,4.2071185,0.41055465,14.104713
1.0211426,1.4348414,2.2743268,0.4136988,40.513325
1.172315,1.046454,1.9142497,0.12586105,10.736113
11.540814,15.446508,15.364172,3.905694,33.842445
3.9631238,4.4635596,5.1257887,0.5004358,12.627308
3.7043326,5.0708284,5.6655045,1.3664958,36.889122
1.5127062,1.5638034,2.3990653,0.051097274,3.3778718
5.2364655,5.263138,5.8524246,0.026672363,0.50935817
1.8121562,1.8730202,2.6826525,0.06086397,3.3586493
5.4392576,6.228954,6.7469687,0.7896962,14.5184555
0.3331324,0.345237,1.260921,0.012104601,3.6335707
3.5818622,4.4698386,5.106721,0.8879764,24.790915
5.058863,5.617692,6.226129,0.55882883,11.04653
54.165325,47.69561,45.565086,6.469715,11.944385
0.28822464,0.31517315,1.2310711,0.026948512,9.34983
5.5230975,5.8791556,6.4428535,0.35605812,6.4467106
3.2537336,3.0019708,3.7575662,0.25176287,7.7376604
5.7175426,13.2080145,13.467651,7.490472,131.00859
0.8879444,0.80353117,1.6886619,0.08441323,9.50659
1.4188541,1.9923017,2.798527,0.5734476,40.416245
12.842588,11.553212,11.7872925,1.2893763,10.039847
3.52236,3.7704034,4.452287,0.2480433,7.041963
2.350351,2.310163,3.1506836,0.040188074,1.7098753
5.4264846,6.3507657,6.866843,0.9242811,17.03278
2.7264428,3.2254152,3.946739,0.49897242,18.301224
2.6175563,2.2374954,3.023369,0.3800609,14.519685
21.601257,22.72499,22.55914,1.1237335,5.202167
0.915508,0.7099683,1.6801696,0.20553964,22.450886
3.21615,2.4082725,3.1840436,0.80787754,25.119396
0.32202277,0.37946013,1.2993863,0.05743736,17.83643
0.9701466,1.0763316,1.9635806,0.10618502,10.945254
1.1310121,1.4895089,2.5300567,0.3584968,31.69699
17.07404,15.760031,15.654025,1.3140087,7.6959457
1.327058,1.3740125,2.2216063,0.046954513,3.5382414
0.7361275,0.71065474,1.6044605,0.02547276,3.4603734
0.9287425,0.9316852,1.8028669,0.0029426813,0.31684574
19.445156,17.11451,16.92499,2.3306465,11.9857435
1.4768987,1.1681402,2.0237896,0.3087585,20.905869
0.6189153,0.536795,1.4523699,0.0821203,13.268423
3.4097874,3.4759684,4.3307743,0.066180944,1.9409112
7.588795,3.266243,3.982542,4.322552,56.959663
5.172408,6.3890634,6.89633,1.2166553,23.522028
0.6928173,0.53092587,1.4312072,0.1618914,23.367115
0.25568694,0.48824763,1.3928689,0.2325607,90.955246
0.8174402,0.60757697,1.5019898,0.20986325,25.673222
22.521963,28.75491,29.162237,6.2329464,27.674969
0.8822544,0.6792736,1.5902638,0.20298082,23.007063
6.1227727,7.3108873,7.757531,1.1881146,19.404846
0.50651675,0.64017344,1.6088351,0.13365668,26.387417
1.3771398,1.2245224,2.0806708,0.15261745,11.082205
8.686466,11.158764,11.363965,2.4722977,28.461489
1.0210682,0.94364965,1.819187,0.077418566,7.582115
5.138095,5.454686,6.629823,0.31659126,6.161647
16.435728,15.061964,15.044984,1.373764,8.358401
2.976747,2.906772,3.685296,0.06997514,2.350725
0.67841434,0.8021295,1.682796,0.12371516,18.23593
0.4388118,0.57752514,1.4761255,0.13871333,31.61112
0.6410916,0.544899,1.4431713,0.0961926,15.004501
2.3594286,2.5258775,3.2976506,0.16644883,7.054624
4.8356895,4.5011773,5.4964848,0.33451223,6.917571
2.3854847,1.9274392,2.7325363,0.45804548,19.20136
0.7571726,0.93273413,1.8049632,0.17556155,23.186462
7.193484,2.4964564,3.2634273,4.697027,65.295586
0.47380614,0.61072326,1.50569,0.13691711,28.897285
1.0298591,1.0513637,1.9286218,0.02150464,2.088115
1.98034,1.5349321,2.3676267,0.44540787,22.491484
9.081516,12.549078,12.654502,3.4675617,38.18263
1.6855822,1.5016272,2.348117,0.18395495,10.913438
1.6232383,1.5293562,2.3640473,0.093882084,5.783629
1.3058916,1.568011,2.397856,0.2621194,20.072063
2.2202141,2.224302,3.0111225,0.004087925,0.18412301
8.710576,10.678462,11.391424,1.967886,22.591917
5.836559,7.5897303,8.0151615,1.7531714,30.037758
0.8269285,0.7168573,1.6039654,0.11007118,13.310846
9.226106,6.4942627,7.3468647,2.731843,29.609924
1.1195706,0.62672853,1.519609,0.49284208,44.020634
5.1380734,5.1982503,6.1583176,0.06017685,1.1711948
1.3610092,1.2809579,2.145543,0.0800513,5.8817606
3.0680423,2.9252524,3.6697938,0.14278984,4.654103
0.5022279,0.42110246,1.3645179,0.08112544,16.153112
1.0445048,1.2967951,2.1442432,0.25229037,24.154066
52.927433,25.208635,24.527056,27.718798,52.371326
0.97938496,0.926002,1.7976826,0.053382933,5.450659
0.16269378,0.19035186,1.1567913,0.027658075,17.000082
2.0117705,1.7069345,2.5324788,0.30483603,15.152625
1.9843837,2.6734586,3.4285684,0.6890749,34.72488
0.72805756,0.53871226,1.4373218,0.1893453,26.006914
7.805019,4.680967,5.3048725,3.124052,40.026196
7.563793,9.592468,9.923061,2.028675,26.82087
0.59550375,0.7683766,1.6691371,0.17287284,29.029682
2.0222547,2.470981,3.5217953,0.44872618,22.1894
1.6791517,1.8708999,2.6888962,0.19174826,11.4193535
0.82233405,0.71206176,1.6845596,0.11027229,13.409671
29.420378,21.930408,23.735762,7.4899693,25.45844
26.062624,8.456035,8.829606,17.60659,67.55494
0.8997176,1.1395922,2.0033016,0.23987454,26.66109
9.181316,8.648068,9.007748,0.53324795,5.807968
20.66838,26.144764,25.406422,5.476383,26.49643
0.21870957,0.5452497,1.5731512,0.3265401,149.30307
3.9627438,3.692131,4.4597425,0.27061272,6.8289227
6.6184454,9.935311,10.209902,3.316866,50.115482
75.87571,51.716496,49.707222,24.159214,31.840511
0.44790003,0.53112066,1.4447632,0.08322063,18.580181
3.6530123,4.6360216,5.261018,0.98300934,26.909555
0.7181739,0.5310166,1.4410416,0.18715733,26.060167
7.3715715,9.036973,9.375845,1.6654015,22.592216
8.666511,10.011985,10.476625,1.3454742,15.524982
6.0027957,5.4800806,6.0494037,0.5227151,8.70786
0.6041723,0.5982754,1.4964006,0.0058968663,0.976024
8.105487,7.157735,7.6116133,0.947752,11.692721
0.09316972,0.18915737,1.1246656,0.09598765,103.024506
0.56787944,0.6017034,1.4985211,0.033823967,5.956188
16.68167,14.086372,14.289225,2.5952969,15.557777
1.7884206,1.9221711,2.728023,0.13375056,7.478697
0.9321257,1.0159214,1.8855759,0.08379567,8.989738
1.0705359,1.0205283,1.9197972,0.05000758,4.671266
85.40936,10.911443,11.125932,74.49792,87.22453
2.2180383,2.1637912,2.9884257,0.05424714,2.4457262
68.324326,13.89806,13.930018,54.426266,79.65869
6.656457,8.724321,9.573099,2.0678644,31.06554
2.6785195,2.3083286,3.1073272,0.37019086,13.820726
0.2717138,0.21534495,1.177957,0.056368843,20.745668
5.2717686,7.8212566,8.231057,2.549488,48.361153
1.6101234,1.5129611,2.3496861,0.09716225,6.0344596
3.112079,3.2001162,3.9221807,0.08803725,2.828889
0.54371655,0.5029808,1.4094417,0.04073572,7.492088
0.8075083,0.6120709,1.5060705,0.19543737,24.202522
82.75186,46.32965,44.286167,36.42221,44.013767
0.9264631,0.7215358,1.6346704,0.20492733,22.119318
1.0497853,1.1061718,1.9696822,0.05638659,5.37125
2.0068047,2.7490942,3.6559892,0.74228954,36.988632
0.53854924,0.76247334,1.7583516,0.2239241,41.579132
71.84374,23.029922,22.440308,48.81382,67.94443
0.24025017,0.35023597,1.2779697,0.1099858,45.779697
0.5131564,0.44220316,1.3523201,0.07095325,13.826827
1.0424078,0.7675071,1.8488078,0.27490067,26.371702
32.010418,31.442368,30.333744,0.5680504,1.7745798
0.87820035,0.71823776,1.6068399,0.1599626,18.214819
6.283521,6.6179085,7.142052,0.3343873,5.3216543
3.16799,2.98624,3.728223,0.18175006,5.737078
13.021978,16.27652,16.3906,3.2545414,24.99268
3.8981228,3.0584898,3.788195,0.839633,21.53942
10.306047,4.4456167,5.083572,5.8604307,56.864002
0.54532313,0.4326853,1.3446386,0.11263785,20.655249
1.1509069,1.2493105,2.112966,0.09840357,8.550089
36.344746,29.564375,28.584446,6.7803707,18.65571
0.791336,0.85070693,1.7278972,0.059370935,7.5026207
0.6405038,0.4719755,1.4112025,0.16852832,26.311838
0.6184422,0.5972185,1.5570092,0.021223664,3.4317944
0.65162814,0.6740755,1.5762808,0.022447348,3.4448094
0.66441745,0.40259847,1.4450015,0.26181898,39.405796
1.5613432,1.3862374,2.227578,0.17510581,11.2150755
0.29676273,0.4771617,1.3878882,0.18039897,60.78896
0.38954502,0.43546382,1.3927709,0.045918792,11.787802
3.7775202,2.4893224,3.2599666,1.2881978,34.101677
0.6572199,0.5688969,1.5019736,0.088323,13.438882
14.539863,18.45301,19.239948,3.913148,26.913239
0.6025734,0.5279577,1.4281491,0.07461572,12.382843
0.699428,0.6647793,1.5766351,0.034648716,4.9538646
1.0885353,1.0504138,1.926936,0.038121462,3.5020878
1.1018288,1.1258914,1.9852036,0.024062634,2.1838813
1.6940933,1.9449778,2.7492251,0.2508844,14.809362
3.1951497,1.7739642,2.5898588,1.4211855,44.479465
0.35814425,0.5022496,1.4105486,0.14410535,40.23668
6.8521614,7.3414955,7.7849264,0.4893341,7.14131
4.5194354,3.18716,3.9618065,1.3322754,29.478802
52.160347,22.235308,21.828478,29.92504,57.371243
0.7012268,0.68815386,1.6804366,0.013072908,1.8642911
7.8986273,10.549728,10.785408,2.651101,33.564075
2.3224943,2.5846186,3.3469145,0.2621243,11.286326
0.53059834,0.7047926,1.6088779,0.17419428,32.82978
4.4127736,4.4699965,5.1047115,0.057222843,1.2967546
0.26376924,0.40799883,1.335681,0.14422959,54.680218
2.8142006,3.7283587,4.7344365,0.9141581,32.483757
1.0084351,0.8194585,1.7066594,0.18897665,18.739594
1.8026992,1.8379996,2.6845543,0.035300374,1.9581954
0.5280684,0.61705875,1.5233846,0.08899033,16.852045
2.3137975,2.4901898,3.2583468,0.17639232,7.623499
18.98625,6.21434,6.730893,12.77191,67.26926
3.9481962,5.40601,5.98077,1.457814,36.923546
1.0493335,0.91987693,1.7981048,0.12945652,12.337024
1.0030735,1.1179998,2.0852084,0.11492634,11.45742
0.70240325,0.5371711,1.4351947,0.16523212,23.523827
0.52129316,0.45685813,1.3993237,0.064435035,12.360614
0.92728835,0.9629581,1.849742,0.035669744,3.8466723
6.5133104,6.596713,7.1824837,0.08340263,1.2804953
1.0012417,0.7403959,1.6387831,0.26084578,26.052229
2.895341,3.1868234,3.912931,0.29148245,10.067293
0.73494977,0.73736525,1.6244833,0.0024154782,0.32865897
10.206654,13.032653,13.157684,2.8259993,27.687813
1.0725372,0.71243715,1.5984253,0.36010003,33.574596
0.8213034,0.6553434,1.5859151,0.16596001,20.206905
0.8834886,0.87083817,1.747075,0.01265043,1.4318725
0.56171596,0.6075405,1.5252581,0.045824528,8.157953
0.4857569,0.52761924,1.449227,0.04186234,8.617961
3.2086618,3.4804206,4.182496,0.2717588,8.469537
0.7922737,0.56473935,1.4621778,0.22753435,28.71916
2.359176,3.7370129,4.420905,1.377837,58.403313
0.90180045,0.7336912,1.631588,0.16810924,18.641512
0.8950607,0.6622127,1.5534295,0.23284799,26.01477
0.41459936,0.5265646,1.4334188,0.11196524,27.005646
18.46314,15.636328,15.633684,2.8268127,15.310574
1.2450812,1.2888505,2.2380757,0.04376936,3.515382
0.93686736,0.89018476,1.8089525,0.046682596,4.9828396
10.757968,11.116124,11.355974,0.3581562,3.329218
9.594047,11.501127,11.68337,1.9070807,19.87775
1.9064435,1.603554,2.47733,0.30288947,15.8876705
3.4097798,4.3310513,4.9797893,0.92127156,27.018507
0.38351423,0.5330585,1.4375224,0.1495443,38.993156
3.4773118,3.4821858,4.1856623,0.004873991,0.14016548
10.459592,12.500322,12.6142645,2.0407305,19.510612
10.876745,15.096497,16.235939,4.2197514,38.796085
1.7099823,1.8015196,2.6300461,0.09153736,5.3531175
8.942628,10.282454,10.528776,1.3398256,14.982459
1.9017627,2.0634122,2.8776484,0.16164947,8.499981
8.263241,5.7592845,6.3228507,2.5039563,30.302351
1.1519217,1.2515748,2.1011295,0.099653006,8.651022
0.61271185,0.8335514,1.7890306,0.22083956,36.042973
0.4831487,0.41627744,1.3263493,0.066871256,13.84072
0.6330847,0.84949994,1.7621274,0.21641523,34.184246
0.814308,0.90239835,1.7759763,0.08809036,10.817819
4.875388,5.5079293,6.075075,0.6325412,12.974171
0.62081254,0.5036241,1.5339341,0.11718845,18.876625
1.0603647,1.411838,2.2552238,0.35147333,33.146454
0.3002075,0.46038976,1.3692105,0.16018227,53.357185
2.810151,2.9900475,3.7321055,0.17989635,6.4016614
5.140531,6.116121,6.6497746,0.97558975,18.978384
1.2601507,1.0117979,1.8795018,0.24835277,19.708181
0.6480864,0.6107458,1.5129488,0.03734064,5.7616763
1.5142279,1.303199,2.1503232,0.21102881,13.9363985
0.59649426,0.8845016,1.7601736,0.28800732,48.283333
1.6864779,1.931983,2.8007398,0.2455051,14.557268
1.1705704,0.9938973,1.8608593,0.17667305,15.092903
0.6599982,0.7306969,1.7507958,0.07069874,10.71196
1.1037196,0.8002837,1.6805264,0.30343592,27.49212
1.1741732,1.4839375,2.326222,0.30976427,26.38148
2.5391366,2.804332,3.5673494,0.26519537,10.444313
2.187472,2.4274664,3.2056189,0.23999429,10.971307
0.5595827,0.4711974,1.4421158,0.088385314,15.794862
6.358453,3.1149793,3.8422709,3.2434735,51.01042
0.26519758,0.24404205,1.177932,0.021155521,7.977268
0.85617334,0.8282167,1.7234925,0.027956665,3.2653043
1.642627,1.8075116,2.6203704,0.16488457,10.037858
4.135635,20.947016,20.782463,16.81138,406.5006
1.8843129,2.5220916,3.2904532,0.63777876,33.846756
0.5545371,0.44812685,1.3535779,0.106410265,19.189024
22.269146,21.710157,21.268103,0.5589886,2.5101483
1.374,1.3958786,2.2435796,0.0218786,1.592329
0.6402857,0.64879024,1.5501046,0.0085045695,1.3282461
0.5412225,0.64958024,1.548245,0.10835773,20.02092
4.3229756,4.155003,4.9513593,0.16797256,3.8855774
0.48786363,0.489484,1.3989178,0.0016203821,0.33213833
8.257784,7.2669907,7.7264757,0.9907932,11.998295
2.1526067,2.4468696,3.2398627,0.2942629,13.670072
0.63967246,0.5129888,1.4392023,0.12668365,19.804457
1.1080105,1.2774987,2.1540565,0.16948819,15.296622
7.527881,8.145096,9.2330885,0.6172147,8.199049
0.102190115,0.15925403,1.128355,0.057063915,55.840935
0.61803466,0.7297863,1.760383,0.111751616,18.081772
0.8182325,1.0266886,1.8922408,0.2084561,25.47639
3.793605,3.015718,3.7528658,0.7778871,20.50522
0.9833556,1.1861694,2.0903797,0.2028138,20.624664
3.0443141,3.3307605,4.166159,0.28644633,9.4092245
4.4249363,5.5917497,6.1587377,1.1668134,26.369043
0.54609895,0.4600223,1.3811206,0.08607665,15.762098
4.9320707,5.5085034,6.625929,0.5764327,11.687438
1.0679957,1.0590281,1.932121,0.008967519,0.83965874
19.26105,20.959137,20.539242,1.6980877,8.8161745
0.6485161,0.7981534,1.6930988,0.14963728,23.073795
4.928895,4.757617,5.8298206,0.171278,3.4749777
1.7216126,1.9825609,2.785854,0.2609483,15.157202
0.6885219,0.54890025,1.4558648,0.13962168,20.278465
0.88771534,0.9750111,1.8669336,0.08729577,9.833757
7.855654,7.585928,8.83378,0.2697258,3.4335246
0.15750381,0.21811548,1.1693035,0.060611665,38.482666
4.926845,5.5267024,6.0950356,0.59985733,12.175283
1.4060674,1.0404379,1.9112139,0.36562943,26.003693
0.86444914,0.7176999,1.6201767,0.14674926,16.976044
0.6308568,0.74407566,1.653428,0.113218844,17.946836
1.2541372,1.0776498,1.9403635,0.17648733,14.072411
1.6516019,1.5325387,2.6019895,0.11906326,7.2089562
0.9539051,0.7499442,1.6680105,0.2039609,21.381676
0.5360897,0.53778994,1.4924927,0.0017002225,0.3171526
1.4962274,2.9320767,3.8366644,1.4358493,95.964645
8.2350235,5.2246842,5.932758,3.0103393,36.55532
2.0779219,2.2826834,3.0848594,0.2047615,9.854149
2.7312968,2.5809221,3.4316123,0.15037465,5.505614
1.3839266,1.4719281,2.3068297,0.08800149,6.358826
0.48664513,0.5586227,1.5143856,0.071977586,14.790569
0.52983016,0.62234235,1.5189621,0.09251219,17.460726
1.0977497,1.1752844,2.056803,0.077534676,7.063056
0.68881184,0.5590228,1.4726019,0.12978905,18.842455
54.39913,49.933823,47.66571,4.465309,8.20842
1.8172135,1.8648977,2.6846197,0.047684193,2.624028
70.06312,53.155327,50.776386,16.907791,24.132227
0.7397715,0.89775705,1.7734492,0.15798557,21.355997
0.8144762,0.6710875,1.5599546,0.14338869,17.605019
1.1798891,0.7463809,1.6402516,0.43350816,36.741432
91.15498,37.30503,35.806118,53.849953,59.075157
4.049219,6.589631,7.305609,2.540412,62.73832
0.18225835,0.5490837,1.5875654,0.36682534,201.26668
3.4898064,1.1555316,2.015019,2.3342748,66.888374
2.0569868,2.5239592,3.294856,0.46697235,22.701767
6.160655,7.145975,7.6034245,0.9853201,15.993756
13.323092,15.84136,15.719831,2.5182676,18.901525
0.5411305,0.72292733,1.6196709,0.18179685,33.595753
8.128872,8.537511,9.728228,0.40863895,5.027007
78.27252,58.401817,55.613724,19.870705,25.386564
0.5098474,0.38207498,1.4212419,0.12777242,25.060913
20.575407,20.576658,20.22179,0.0012512207,0.0060811467
0.6334394,0.61584795,1.6426827,0.017591476,2.7771363
2.7448356,2.438369,3.2088525,0.30646658,11.165207
0.95754635,0.88938475,1.777156,0.06816161,7.118361
2.6107628,2.7039607,3.6749513,0.09319782,3.5697544
6.876754,8.572451,8.93788,1.6956968,24.658392
5.163982,6.916919,7.417902,1.7529373,33.945457
0.5724629,0.4204468,1.4674686,0.1520161,26.554752
7.0268154,9.559648,9.870483,2.5328321,36.045235
1.0843502,0.9166286,1.791908,0.16772163,15.467478
2.5857074,2.501132,3.2712805,0.084575415,3.2708812
2.9620059,3.0746489,3.8028822,0.112643,3.8029299
2.3183794,2.6616175,3.4230375,0.34323812,14.805088
11.884721,8.073664,8.662339,3.811057,32.066864
7.709782,6.8183346,7.321478,0.89144754,11.5625515
10.600153,12.669624,12.757878,2.0694714,19.523033
0.8988707,1.4348507,2.2731326,0.53598,59.62815
3.7571502,3.996347,4.6738853,0.23919678,6.3664417
1.517607,1.824384,2.6509297,0.306777,20.214521
2.0233285,1.2165897,2.0693433,0.80673885,39.87187
2.8580742,3.710658,4.399705,0.8525839,29.830713
0.7244647,0.54019153,1.4402795,0.18427318,25.435772
4.738086,6.622032,7.1145763,1.883946,39.76175
1.6602101,2.2173843,3.0091143,0.5571742,33.560463
1.0484858,1.3163359,2.1758702,0.26785016,25.54638
1.4677693,1.4195201,2.2617834,0.048249125,3.287242
19.522318,22.857649,22.32199,3.335331,17.084707
1.0506566,0.77422583,1.6564451,0.27643073,26.310284
0.7961115,0.6062356,1.5033388,0.1898759,23.850416
1.952818,3.2312741,3.9486136,1.2784561,65.46724
60.80736,42.153503,40.353264,18.653858,30.676973
1.7234805,1.7531962,2.6743836,0.029715776,1.7241725
0.6543124,0.7076931,1.6069958,0.053380728,8.158294
3.3647034,2.6609042,3.4243965,0.70379925,20.917128
1.1109207,0.94595087,1.8383758,0.1649698,14.849828
4.3456736,4.990872,5.5935235,0.64519835,14.846912
1.7009276,1.4617414,2.30747,0.23918617,14.062101
0.98627305,0.6871191,1.5761869,0.29915392,30.331755
11.655196,12.839568,13.438412,1.184372,10.161751
0.87652814,0.6976085,1.5856929,0.17891967,20.412313
0.6059252,0.6315497,1.5241085,0.025624514,4.2289896
19.421108,20.477915,20.081944,1.0568066,5.441536
17.952797,9.726659,10.74283,8.226138,45.82093
4.4164658,4.510376,5.1511407,0.09391022,2.126366
50.608326,39.90716,38.2539,10.701164,21.145067
1.4458725,1.6434145,2.4895906,0.19754195,13.662474
1.0950806,1.2649736,2.1420171,0.16989303,15.514204
0.71975267,0.830379,1.8488313,0.11062634,15.3700485
90.51427,21.947594,21.600088,68.56667,75.75234
4.670759,6.429874,6.9333653,1.7591147,37.662285
0.9808072,1.1049902,1.9649848,0.12418306,12.661312
0.8163953,0.7977207,1.7786162,0.018674612,2.2874472
0.54482526,0.49826983,1.4055934,0.04655543,8.54502
0.62480754,0.6936456,1.6108787,0.06883806,11.017483
0.42705703,0.41031983,1.3336893,0.016737193,3.919194
0.6065438,0.5381161,1.4671079,0.06842768,11.281573
0.3696133,0.5751145,1.5015138,0.2055012,55.598972
0.79265374,0.6739147,1.5642021,0.11873907,14.979942
1.2863672,1.1693702,2.0269926,0.116997,9.095148
0.59917593,0.56700265,1.4885252,0.032173276,5.3695874
5.1903744,2.0680692,2.86681,3.1223052,60.155685
1.2045149,1.1469069,2.0209367,0.05760801,4.782673
0.35133114,0.53081703,1.4296929,0.17948589,51.087383
8.996792,6.279961,6.841591,2.7168307,30.197773
0.7276403,0.6622646,1.5620924,0.065375686,8.984616
2.5236328,2.6388621,3.577307,0.11522937,4.566012
1.1021134,1.0853825,1.9469122,0.016730905,1.5180748
0.40587488,0.5569017,1.4724183,0.15102682,37.21019
0.94651395,1.0706587,1.9727185,0.12414473,13.115996
0.5304124,0.72075975,1.6233242,0.19034737,35.886677
21.345516,21.795792,21.702774,0.45027542,2.1094613
1.4040935,1.3212891,2.1677048,0.08280444,5.8973594
2.2029727,2.0374556,2.914926,0.16551709,7.5133514
2.2162256,3.252058,3.9769495,1.0358324,46.73858
0.82248837,1.0957389,1.9590827,0.27325052,33.22242
3.136123,2.8579876,3.609241,0.2781353,8.868763
53.56282,36.048786,34.668182,17.514034,32.69812
0.9312751,1.0150983,1.8845049,0.083823204,9.000907
3.3435657,2.948875,3.7309308,0.39469075,11.804486
0.9951282,0.76534486,1.6478024,0.22978336,23.09083
2.4669592,2.494123,3.304041,0.027163744,1.1011022
11.372684,13.3059225,13.60979,1.933239,16.99897
0.7691445,0.60086894,1.5018786,0.16827554,21.878273
1.5227334,1.6579263,2.4808774,0.13519287,8.878302
1.2504834,1.1699543,2.0261016,0.080529094,6.4398375
8.434559,11.545517,11.715315,3.110958,36.883472
1.3243911,1.3485205,2.2034893,0.02412939,1.8219233
0.49613625,0.52247524,1.4285969,0.026338995,5.3088226
0.4437401,0.5965065,1.4961851,0.15276638,34.426994
0.6064705,0.72748184,1.73087,0.12101132,19.953371
0.23670068,0.22315377,1.1968118,0.013546914,5.7232256
10.481471,9.595095,10.014451,0.8863764,8.456602
0.74020165,0.70391285,1.5911503,0.036288798,4.9025555
7.8604126,7.281658,7.8737373,0.5787544,7.362901
4.8050222,4.762356,5.516678,0.042666435,0.887955
8.848098,6.9713955,7.4407816,1.8767023,21.210234
37.783382,14.750749,15.0167675,23.032635,60.959694
0.46773392,0.62441885,1.5209007,0.15668494,33.498734
1.4190373,1.3646758,2.2191422,0.05436158,3.8308775
1.1574892,0.69481313,1.5826454,0.46267605,39.972385
2.180597,2.1399179,3.044109,0.040679216,1.8655082
1.295047,1.6044929,2.433684,0.30944586,23.894566
0.65776896,0.46503875,1.512775,0.19273022,29.300594
15.309371,18.326916,18.058956,3.0175447,19.710443
29.760574,40.21269,39.419765,10.452114,35.120674
3.6153526,5.108932,5.7014046,1.4935794,41.312138
0.5962657,0.5608429,1.4654284,0.035422802,5.940775
27.744595,27.698624,26.846867,0.045970917,0.16569324
5.4591446,4.459789,5.1034865,0.9993558,18.306087
2.7626886,2.0762937,2.9168017,0.68639493,24.84518
6.0384626,8.198714,9.165172,2.1602516,35.77486
18.721214,19.470695,19.648418,0.7494812,4.0033793
0.43365848,0.49730808,1.4099942,0.063649595,14.677356
0.23404945,0.53626275,1.4438925,0.3022133,129.1237
33.77701,36.664818,35.79975,2.887806,8.549619
16.587523,17.716469,17.475153,1.1289463,6.805997
1.2278637,1.0141971,1.9366426,0.21366656,17.40149
4.3485746,6.1399617,6.6641765,1.7913871,41.19481
3.5597832,3.069477,3.8674052,0.49030614,13.773482
10.692191,13.984009,14.025894,3.2918177,30.787119
2.1716175,2.2723393,3.0576375,0.100721836,4.638102
6.88773,10.008816,10.27554,3.1210856,45.3137
0.49635282,0.49225515,1.3981799,0.0040976703,0.825556
0.5454502,0.482312,1.3906418,0.06313822,11.575432
23.16309,10.872899,12.048518,12.290191,53.059376
0.62910074,0.63391805,1.5761412,0.004817307,0.7657449
10.832666,12.641515,12.73547,1.8088484,16.69809
2.1428747,2.3149352,3.2450738,0.17206049,8.029424
5.0128174,5.493842,6.066284,0.48102474,9.595896
2.6043015,3.0391922,3.8486123,0.43489075,16.69894
1.9472798,1.731323,2.5503643,0.2159568,11.0901785
8.291124,3.4075627,4.2007914,4.8835616,58.901077
3.063322,3.042313,3.7920275,0.021008968,0.685823
1.2505416,1.2573957,2.1226506,0.0068541765,0.54809666
0.6059485,0.49141353,1.393123,0.114534974,18.901766
2.6026993,3.1757283,3.8967583,0.57302904,22.01672
0.76571566,0.7399906,1.7565153,0.025725067,3.3596108
0.5122165,0.52789736,1.430924,0.01568085,3.0613713
2.3594224,3.8814478,4.5587955,1.5220253,64.508385
9.918935,9.430597,9.736832,0.48833752,4.923286
1.0191337,1.0899208,2.0428543,0.07078707,6.9458084
1.1955647,1.1281984,2.005393,0.06736636,5.6346893
0.4825791,0.44063187,1.3510796,0.041947246,8.692305
1.2952429,1.3099751,2.167257,0.014732242,1.1374115
0.6445489,0.47537565,1.5141488,0.16917324,26.246767
0.42058644,0.3594326,1.2705208,0.06115383,14.540134
0.5779679,0.42009747,1.3475851,0.15787041,27.314737
1.3549497,1.8931718,2.7023354,0.5382221,39.72266
5.487745,8.108724,8.50099,2.6209788,47.76058
3.982312,4.090851,4.7600703,0.108538866,2.725524
8.270464,9.029728,9.3634,0.759264,9.1804285
10.126125,6.430724,6.9410257,3.6954012,36.493736
7.327579,6.0143046,6.75839,1.3132744,17.92235
1.4996132,1.534437,2.4937358,0.034823775,2.3221838
2.3160467,2.2968981,3.1076136,0.019148588,0.826779
0.6666027,0.82112205,1.7280929,0.15451938,23.180132
0.53695774,0.49780226,1.4027996,0.039155483,7.2920976
1.0279458,1.1881495,2.049991,0.1602037,15.584841
5.2465367,4.5291104,5.224586,0.7174263,13.674283
1.2605646,1.4317746,2.2714295,0.17121005,13.582014
3.7655659,3.2188134,3.972221,0.54675245,14.519795
10.081302,9.9110155,10.196627,0.17028618,1.6891289
2.3192487,2.4456215,3.2234926,0.12637281,5.4488688
0.96099895,1.125931,2.0869389,0.16493207,17.162565
0.22064655,0.2039583,1.1515958,0.016688243,7.563337
20.70671,28.384418,28.76599,7.6777077,37.078354
0.7325562,0.5166341,1.4297924,0.21592212,29.47516
6.479623,3.6168427,4.3313465,2.86278,44.18128
40.27665,33.60076,32.40616,6.675888,16.575083
1.3804702,1.3275311,2.174172,0.052939057,3.834857
1.2203622,1.1567056,2.0221438,0.06365657,5.2162027
1.2020146,0.8268322,1.9205512,0.3751824,31.2128
23.264528,23.65671,23.066235,0.3921814,1.6857483
2.4266202,2.0852742,2.879586,0.34134603,14.066726
10.842243,9.45642,9.972433,1.3858232,12.781702
18.196693,17.679502,17.482407,0.51719093,2.8422248
2.7021737,3.711434,4.397565,1.0092602,37.349937
5.113372,5.995556,6.545442,0.882184,17.252491
2.9319925,3.9015079,4.5757995,0.9695153,33.066772
1.0189881,0.85599196,1.7341791,0.16299617,15.995886
2.5956292,2.5114708,3.2812834,0.08415842,3.242313
1.1205086,1.2917755,2.220102,0.17126691,15.284749
1.0443422,0.9569746,1.8349566,0.087367535,8.365796
0.8227552,0.45519385,1.5047673,0.36756137,44.67445
2.2284925,2.1906345,2.9865134,0.03785801,1.698817
0.48807988,0.48592553,1.4027504,0.0021543503,0.441393
1.1680093,0.68610275,1.5742167,0.48190653,41.258793
2.270117,1.8604696,2.684642,0.40964746,18.045212
1.281897,1.8520465,2.6636791,0.57014954,44.477016
2.374438,1.9643552,2.7761781,0.41008282,17.270731
1.4568024,1.7160456,2.6066113,0.25924325,17.79536
0.712005,0.633814,1.5452585,0.07819104,10.981811
0.5024949,0.49569106,1.402576,0.0068038106,1.3540059
1.9567751,2.9801543,3.7139153,1.0233792,52.29928
6.335116,8.40128,8.984871,2.0661645,32.61447
0.7114656,0.6447084,1.5551928,0.0667572,9.383054
0.7188215,0.6221076,1.527233,0.0967139,13.454509
5.310292,3.7799726,4.463083,1.5303192,28.817987
0.62945735,0.5737984,1.4838679,0.055658937,8.842368
1.9645077,1.851563,2.7897944,0.11294472,5.7492633
1.9964931,1.8899298,2.7274494,0.10656333,5.3375254
1.1388855,0.83171976,1.710922,0.30716574,26.97073
0.80828667,0.90000474,1.7881302,0.09171808,11.347222
0.685416,0.6686952,1.5650611,0.016720772,2.4395072
0.5525054,0.6482837,1.5774828,0.095778346,17.33528
2.0298061,2.3235729,3.1037133,0.29376674,14.472651
4.77083,5.46743,6.036499,0.69659996,14.601232
13.917808,4.160898,4.828921,9.756909,70.10378
1.2177527,1.2023122,2.0692093,0.015440464,1.2679474
1.5291215,1.8858368,2.7088428,0.35671532,23.328121
0.8645189,0.72718096,1.6181751,0.13733792,15.886052
0.38393193,0.49087813,1.4025453,0.1069462,27.85551
22.109367,25.003458,24.308313,2.8940907,13.089884
2.9230273,2.4289114,3.2024498,0.49411583,16.90425
1.0747396,1.0345728,1.8998078,0.040166736,3.737346
0.47831148,0.6251328,1.5246236,0.14682132,30.695755
2.0194533,1.8526144,2.6860588,0.16683888,8.261586
0.94153535,0.79852605,1.6927047,0.1430093,15.188947
12.19471,7.1752195,7.643105,5.0194902,41.161213
4.308889,5.7831297,6.353593,1.4742408,34.21394
0.9027194,0.8568218,1.7329637,0.045897603,5.084371
91.418304,39.69631,38.331707,51.721996,56.577286
1.9238738,1.9031515,2.8571038,0.02072227,1.0771117
1.3071396,1.3115516,2.1634004,0.004411936,0.33752596
0.41638237,0.44379422,1.443436,0.027411848,6.583335
6.308266,7.258607,7.7074556,0.95034075,15.065007
1.2544466,1.6770213,2.5087337,0.42257464,33.686142
12.150933,11.862591,12.008281,0.28834248,2.3730068
3.6529145,4.3698378,5.0134983,0.71692324,19.62606
0.8555472,0.6747438,1.5674392,0.18080342,21.133074
10.213176,8.821708,9.188931,1.391468,13.624245
0.5190525,0.48137727,1.3870504,0.03767523,7.258463
1.8641549,1.7319968,2.5761678,0.13215816,7.089441
0.5339474,0.5497105,1.6194263,0.015763104,2.9521828
2.6188166,2.5571847,3.359219,0.061631918,2.3534262
5.4388933,5.385834,6.24757,0.0530591,0.9755496
1.0846981,0.9700738,1.880925,0.11462426,10.567389
4.5024323,4.0845685,4.761842,0.41786385,9.280847
33.629234,12.411416,12.517473,21.21782,63.093376
0.7396082,0.6074226,1.5110934,0.13218564,17.872387
2.4445903,3.1850576,3.9060042,0.7404673,30.290037
0.41544336,0.33212093,1.245259,0.083322436,20.056269
0.54446,0.70644116,1.6071142,0.16198117,29.750792
0.6020241,0.3975912,1.3228353,0.20443287,33.957592
0.66363174,0.5676935,1.483502,0.095938265,14.456552
0.8194312,0.6368638,1.6715335,0.18256736,22.279768
1.9051777,1.5500612,2.4014719,0.3551165,18.639547
10.858746,13.060825,13.124967,2.2020798,20.27932
8.448734,8.63138,8.998571,0.1826458,2.1618125
1.1868854,1.4480424,2.285303,0.26115704,22.003561
0.5211927,0.57872283,1.4776094,0.057530105,11.038164
3.0374606,3.3428588,4.063528,0.30539823,10.054393
6.445591,7.3132353,7.763492,0.8676443,13.461052
4.504781,7.350301,7.9561105,2.84552,63.16667
3.7519813,1.4282804,2.2668047,2.323701,61.932636
3.236187,2.9284136,3.9007828,0.30777335,9.51037
4.868316,6.3519516,6.8601065,1.4836354,30.47533
7.251513,9.675584,9.960762,2.4240708,33.428486
3.4659204,8.374813,9.637698,4.9088926,141.63316
25.521358,19.058048,18.725632,6.4633102,25.325104
0.6538552,0.50841343,1.4152464,0.14544177,22.243727
0.31005904,0.2786734,1.2037418,0.03138563,10.122469
5.5487537,7.0639114,7.526522,1.5151577,27.306273
0.5560946,0.48484886,1.3874046,0.07124573,12.8118
4.639367,3.8045588,4.571556,0.83480835,17.994013
20.2855,21.579481,21.510284,1.2939816,6.37885
8.175766,9.3945875,9.707903,1.2188215,14.907736
0.8641741,0.9825187,2.0210073,0.118344545,13.694526
0.7823022,0.5460247,1.4819928,0.23627752,30.202845
13.497981,17.880756,18.359009,4.3827753,32.469856
2.5754628,2.249765,3.0453598,0.3256979,12.646189
8.314794,11.567598,11.729491,3.2528048,39.120693
16.721912,20.887945,20.452559,4.166033,24.913614
3.386363,5.862749,6.4519043,2.476386,73.1282
1.1322492,1.1088111,1.9841961,0.023438096,2.0700474
0.937716,0.7324171,1.6210521,0.2052989,21.893505
3.3445833,4.2014656,4.859006,0.85688233,25.620003
43.708168,41.1277,39.406113,2.5804672,5.903856
4.019128,5.7967176,6.343558,1.7775898,44.228245
67.65211,38.292835,36.74304,29.359272,43.397427
3.7212787,3.081408,3.8168025,0.63987064,17.194914
1.4493843,1.1207414,1.9807472,0.32864296,22.67466
4.7971106,3.3298597,4.327123,1.4672508,30.586138
2.350383,2.8602948,3.6355512,0.5099118,21.694838
12.043724,9.794816,10.119972,2.248908,18.672863
2.3007143,2.2641683,3.0687063,0.036545992,1.5884628
2.5068204,2.1711886,2.969019,0.33563185,13.388748
1.6906321,1.4786818,2.3132546,0.2119503,12.536749
2.6333876,3.8244066,4.504811,1.191019,45.227642
10.54928,12.840327,12.964511,2.291047,21.717567
0.46238816,0.35365766,1.2851675,0.108730495,23.514982
0.7044055,0.6949401,1.5877109,0.009465396,1.3437426
2.039144,2.3884506,3.2269561,0.34930658,17.130058
1.0029868,0.9062612,1.7849624,0.09672558,9.643754
0.90882736,0.9228747,1.8356636,0.014047325,1.5456538
0.4567798,0.39337346,1.4413989,0.06340635,13.881163
19.155258,10.473249,10.707915,8.682009,45.324413
4.2043805,6.1536794,6.676204,1.9492989,46.36352
18.205547,21.027441,22.809395,2.8218937,15.500186
0.6545378,0.5202497,1.440226,0.13428807,20.516474
6.199972,6.427256,6.9348497,0.22728395,3.6658866
6.2455344,5.694301,6.252027,0.5512333,8.826038
0.6165584,0.5615686,1.4757545,0.054989755,8.918824
0.7058789,0.8972268,1.7895663,0.1913479,27.107752
0.63149947,0.40121624,1.3268404,0.23028323,36.4661
2.818479,2.7753642,3.5832138,0.0431149,1.5297222
0.6955934,0.6868273,1.704319,0.008766115,1.2602354
1.0081546,1.1286938,2.0355394,0.12053919,11.956419
0.6656529,0.72202504,1.616486,0.056372166,8.468703
0.10139148,0.18347567,1.1591357,0.082084194,80.95769
3.436868,4.647868,5.2877264,1.2110002,35.235577
8.842941,10.896962,11.134594,2.054021,23.227802
3.265384,3.2478848,4.007683,0.017499208,0.5359005
73.86662,6.2339997,6.75456,67.63262,91.56046
21.06856,2.685625,3.4476485,18.382935,87.25292
0.7603751,0.8116728,1.7923192,0.051297724,6.746371
0.78163844,0.73117495,1.641037,0.050463498,6.456117
1.4567277,1.2035217,2.0578365,0.253206,17.381836
0.6993237,0.747432,1.6365817,0.04810828,6.879258
8.4800205,10.50554,10.744214,2.0255194,23.885784
53.084885,52.51317,50.15674,0.5717163,1.0769851
1.158849,1.6613877,2.4858758,0.5025387,43.36533
6.4155183,7.3639154,7.808366,0.94839716,14.782861
0.9352533,1.0357528,1.9004242,0.10049945,10.745693
16.174225,13.156997,13.474489,3.0172281,18.654545
4.183016,3.2944446,4.0095115,0.88857126,21.24236
0.34890923,0.5107628,1.4125735,0.16185358,46.38845
8.3457,11.532797,11.708386,3.1870966,38.188484
0.42592403,0.5240333,1.4439487,0.098109275,23.034454
0.96541786,0.8511119,1.7493863,0.11430597,11.840052
2.0996087,2.4754872,3.5018256,0.37587857,17.902315
15.495957,17.819366,17.58215,2.323409,14.993647
23.466005,8.981121,9.320013,14.484884,61.727097
7.8107824,6.7730694,7.2710657,1.037713,13.285647
14.731596,3.2179518,3.939699,11.513644,78.15612
2.9615874,3.3766456,4.0905657,0.41505814,14.014718
0.84471905,0.7551373,1.6603837,0.08958173,10.604914
0.93759364,0.7357143,1.6323308,0.20187932,21.531645
5.186745,6.4119864,6.916376,1.2252412,23.622543
0.53891224,0.49225962,1.4609818,0.046652615,8.656811
3.8550415,4.7105217,5.3311133,0.8554802,22.191206
0.94570357,0.90530384,1.795873,0.04039973,4.2719235
5.189047,6.5077863,7.0267277,1.3187394,25.413906
0.67344886,0.67365456,1.5633017,0.00020569563,0.030543616
1.2464297,1.2090554,2.2812037,0.037374258,2.998505
2.1363192,2.4510317,3.2449067,0.31471252,14.731531
0.55952865,0.6591052,1.552599,0.09957653,17.796503
0.6608255,0.6108247,1.5267813,0.050000787,7.566413
3.6903992,4.2587986,4.91005,0.5683994,15.402112
0.8925794,0.96737933,1.843769,0.074799955,8.380202
1.241228,1.1389041,1.9998795,0.10232389,8.243763
0.6531991,0.6653235,1.5590038,0.012124419,1.8561599
0.7750623,0.6904255,1.6094041,0.08463681,10.92
4.141914,5.7342668,6.284649,1.5923529,38.44486
5.2545567,5.042457,5.6740484,0.21209955,4.036488
2.1893737,3.0713382,4.19451,0.88196445,40.283867
0.6025398,0.5412866,1.4588279,0.06125319,10.165833
1.6085894,2.44433,3.2245603,0.83574057,51.954872
3.5954502,3.6442132,4.34936,0.048763037,1.3562429
4.2758894,5.272923,5.8542714,0.9970336,23.317574
39.61758,19.268888,18.936615,20.348692,51.36278
0.28591985,0.27602145,1.2049595,0.009898394,3.4619472
9.276149,4.6347575,5.2605195,4.6413913,50.03576
0.48381788,0.42707878,1.3411148,0.056739092,11.7273655
0.5910483,0.5550474,1.4552453,0.036000907,6.0910263
1.507282,2.2761927,3.3502312,0.76891065,51.01306
1.670424,2.1633198,2.9528253,0.49289584,29.50723
3.3464975,3.1718879,3.9678326,0.17460966,5.217684
0.74470985,0.49847803,1.5385104,0.24623182,33.06413
16.19063,17.435629,17.219269,1.2449989,7.689626
0.46306735,0.42041665,1.4527831,0.0426507,9.210474
1.9261472,2.996991,3.7311478,1.0708437,55.595108
0.592733,0.41682824,1.3511193,0.17590478,29.6769
1.9805512,2.2363179,3.1929371,0.25576663,12.913912
1.8379531,1.5220065,2.3556304,0.31594658,17.190132
0.6806145,0.49874523,1.4203401,0.18186924,26.72133
0.89472944,1.150418,2.171134,0.2556886,28.577198
47.30831,18.12499,17.852673,29.183321,61.68751
2.2050607,2.1667027,3.0880644,0.038357973,1.7395427
0.9993035,0.8783101,1.7569431,0.120993435,12.107776
0.6397703,0.6270282,1.5230217,0.012742102,1.9916682
1.8441185,1.6419632,2.4738433,0.20215523,10.96216
0.60405123,0.6332942,1.6166112,0.029242992,4.8411446
8.9527855,8.591947,9.148864,0.3608389,4.030465
0.49521053,0.59202445,1.6186502,0.09681392,19.550053
14.499729,17.362635,17.14259,2.8629055,19.744545
6.8404694,4.0345526,4.737002,2.8059168,41.01936
7.377756,8.334464,9.259852,0.95670795,12.967464
15.198949,18.49303,18.219109,3.2940817,21.67309
2.4473853,3.2471929,3.9642954,0.79980755,32.680084
3.600416,5.445766,6.4289155,1.84535,51.253803
25.775862,28.564224,27.649384,2.7883625,10.817727
1.09053,1.3331337,2.178474,0.24260366,22.246399
13.81551,12.173667,12.301552,1.6418428,11.884055
0.59810245,0.61131346,1.5081246,0.013211012,2.2088208
6.670353,8.730109,9.08153,2.0597563,30.87927
1.3261603,1.1321819,1.9911845,0.19397843,14.627072
8.578661,11.125906,11.686962,2.547245,29.692804
9.231469,12.002702,12.144315,2.7712326,30.019411
20.255014,15.310896,15.241188,4.9441185,24.409357
0.6688338,0.75417364,1.6377308,0.085339844,12.7595
0.8082907,0.79627895,1.710857,0.012011766,1.48607
16.702335,13.536406,14.469596,3.1659298,18.955013
0.91193134,0.7759417,1.661475,0.1359896,14.912264
5.192786,7.1549587,7.6126046,1.9621725,37.786507
3.6085083,3.950852,4.625658,0.34234357,9.487122
1.3713953,2.235083,3.0499334,0.86368775,62.978756
6.2635846,8.627014,8.988119,2.3634295,37.73286
1.1197466,0.76657677,1.65036,0.3531698,31.540154
2.3921711,2.5357215,3.3020248,0.1435504,6.0008416
0.5938196,0.49345246,1.3967593,0.10036716,16.90196
0.5347458,0.45202023,1.3644023,0.082725585,15.470076
0.8607614,0.7755456,1.7504637,0.08521581,9.90005
0.584649,0.4595837,1.483457,0.12506533,21.391521
26.131191,23.188004,22.599043,2.9431877,11.263122
2.8976061,3.1575375,3.9273489,0.25993133,8.970554
5.532896,6.252022,6.8027096,0.71912575,12.997275
30.185127,27.47692,26.629202,2.708208,8.971994
22.047743,21.41233,20.965605,0.6354122,2.881983
20.062857,14.183171,15.282363,5.8796854,29.306324
1.6132724,1.3885872,2.2408671,0.22468519,13.927294
3.9570959,3.9069595,4.600753,0.050136328,1.266998
2.1333885,2.300503,3.0844433,0.1671145,7.833289
2.532378,2.8961623,3.6465588,0.3637843,14.365325
1.1946986,1.9157131,2.7236342,0.7210145,60.351162
0.6758904,0.52197945,1.4322954,0.15391093,22.771582
11.468533,2.05849,2.8573823,9.410043,82.05097
2.0762527,2.3788378,3.15994,0.30258512,14.573617
0.4243433,0.52982426,1.4638393,0.10548097,24.85746
9.593751,8.169568,8.577073,1.4241829,14.844902
1.2586274,1.0677173,1.9460502,0.1909101,15.168119
0.26292208,0.44893852,1.3793381,0.18601644,70.74965
0.58346224,0.4578307,1.3660922,0.12563154,21.532078
31.637327,32.311462,31.283535,0.6741352,2.1308222
10.127242,8.908813,9.25102,1.2184286,12.031199
3.9790921,3.9060407,4.582421,0.07305145,1.8358824
1.9744341,1.9178681,2.724013,0.056566,2.864922
2.3197658,2.9581926,3.697428,0.6384268,27.521173
0.409572,0.5192592,1.529544,0.10968721,26.780935
2.2547565,2.318406,3.1004965,0.063649654,2.822906
18.820633,18.084326,17.820202,0.73630714,3.9122336
1.25127,1.0214736,1.8865789,0.22979641,18.365053
27.81324,20.929733,20.658604,6.883507,24.74903
2.1193929,1.8280926,2.6894138,0.2913003,13.744516
1.8621566,1.3261287,2.194017,0.5360279,28.785328
1.5681995,1.5638492,2.4081852,0.0043503046,0.2774076
0.52905685,0.43806663,1.3690178,0.090990216,17.198572
1.579983,1.4508259,2.2999551,0.12915707,8.174586
6.400865,7.0225306,7.486517,0.6216655,9.712211
37.682255,27.994564,27.153273,9.687691,25.708893
0.4672562,0.50143445,1.4206357,0.034178257,7.314672
0.47795668,0.46233875,1.5027357,0.015617937,3.267647
0.5424426,0.79589057,1.7191437,0.25344795,46.723457
0.691217,0.74513614,1.6324506,0.053919137,7.8006086
5.7748327,8.287387,8.769869,2.5125542,43.50869
1.3614879,1.3894458,2.2399046,0.027957916,2.0534825
6.4131064,4.719799,5.3499026,1.6933074,26.403854
0.891286,0.8004981,1.7313167,0.09078789,10.186168
0.6183983,0.43064883,1.3533688,0.18774948,30.360607
0.49164307,0.44719258,1.3660899,0.04445049,9.041212
0.58365417,0.42030758,1.3550253,0.16334659,27.986881
4.6143064,6.208262,6.732991,1.5939555,34.543774
3.487117,4.0918164,4.8022337,0.6046994,17.340954
0.5386746,0.7868593,1.66852,0.24818468,46.07321
1.3441285,1.1981289,2.0726671,0.14599955,10.862023
0.9567043,1.1297097,2.0321004,0.1730054,18.083477
0.83035934,0.7567973,1.6864256,0.073562026,8.859059
4.9912987,6.0270023,6.563075,1.0357037,20.750183
1.1145667,1.4329801,2.2849226,0.31841338,28.568356
1.1605102,0.9938842,1.8628911,0.16662598,14.357993
1.1060752,1.1133165,2.00581,0.0072413683,0.65469044
12.022938,10.651548,10.880915,1.3713894,11.406443
1.6935446,1.8531384,2.6638925,0.15959382,9.423656
1.5362128,1.3705988,2.2333658,0.16561401,10.780669
21.988037,22.81606,22.271072,0.828022,3.765784
0.44483477,0.42852065,1.3410207,0.01631412,3.667456
0.5676594,0.5675523,1.4758993,0.00010704994,0.01885813
3.647482,4.041853,4.7079773,0.39437103,10.812145
5.025883,3.864759,4.59968,1.1611242,23.10289
33.638565,27.725958,26.88841,5.912607,17.576872
8.501905,10.06859,10.993228,1.5666847,18.427454
2.8601794,3.0814404,3.8157797,0.22126102,7.735914
10.652568,4.8182497,5.433635,5.834318,54.769127
1.0409086,1.413125,2.272607,0.37221646,35.758804
1.9609982,1.667249,2.4945242,0.2937492,14.979576
4.3950644,1.6741934,2.5053399,2.720871,61.90742
0.88686377,1.0235794,1.943328,0.13671559,15.415625
52.619434,52.70882,50.671646,0.08938599,0.16987257
95.800354,52.105614,50.44569,43.69474,45.610207
0.09344443,0.45329306,1.4865417,0.35984862,385.09372
4.208615,4.9700713,5.5788474,0.7614565,18.092804
1.7135383,2.0463643,2.8598223,0.33282602,19.423319
86.299934,53.553883,51.04146,32.74605,37.94447
2.0013618,2.1429794,2.938095,0.14161754,7.0760584
6.6435533,8.40183,8.778398,1.7582765,26.465906
0.704473,0.696774,1.6072915,0.0076990128,1.0928755
1.2408144,1.2233934,2.0779746,0.017421007,1.4039978
0.6296975,0.6912224,1.5879629,0.061524928,9.770553
0.47819152,0.58763885,1.4893386,0.10944733,22.88776
3.5904422,4.0223145,4.6935797,0.43187237,12.028389
9.074487,4.882101,5.4907985,4.1923857,46.1997
3.5441444,4.3550806,5.0086703,0.8109362,22.881014
42.716442,40.817265,39.44591,1.8991776,4.4460106
2.2147477,2.4588406,3.2324617,0.24409294,11.021253
0.89004534,0.7897483,1.6728959,0.100297034,11.268755
1.2621375,0.95577073,1.8487291,0.3063668,24.273647
3.6046028,3.95439,4.64933,0.34978724,9.703904
25.703516,27.76802,26.8986,2.0645046,8.031993
9.691046,9.685821,10.167131,0.0052251816,0.053917624
0.88988394,0.75365674,1.6765989,0.13622719,15.308422
0.8129114,0.72227526,1.6505588,0.090636134,11.149571
5.26592,7.31314,7.761747,2.0472198,38.87677
0.82493913,0.61195374,1.5096138,0.2129854,25.818317
0.46688917,0.49099204,1.4145648,0.024102867,5.1624384
3.9810774,2.5465844,3.3164587,1.4344931,36.032787
14.491629,10.208381,10.462696,4.283248,29.556705
2.715453,2.9752934,3.7127488,0.2598405,9.568955
0.26317117,0.3786847,1.2986736,0.11551353,43.89293
0.070186764,0.0,0.9515685,0.070186764,100.0
0.7748181,0.81041646,1.7009556,0.035598338,4.5944123
0.98125905,0.844643,1.7888123,0.13661605,13.922526
0.62908715,0.5827261,1.4916708,0.04636103,7.369571
6.538064,7.8006973,8.219296,1.2626333,19.312037
4.1609516,4.9462447,5.5501437,0.7852931,18.872921
1.3766416,1.999001,2.8041801,0.6223594,45.208527
16.153444,16.142027,16.016182,0.011417389,0.070680834
4.579732,4.437134,5.0887036,0.14259815,3.113679
1.1576043,1.0960462,1.9640695,0.061558127,5.3177176
0.095487416,1.9833388,3.2002466,1.8878515,1977.0682
0.17280899,0.2785713,1.2279437,0.10576232,61.201862
1.3703865,1.1624296,2.0690007,0.20795691,15.1750555
18.795612,21.93836,21.433931,3.1427479,16.720646
1.3241096,1.5617812,2.3932428,0.23767161,17.949543
8.788431,12.312484,12.433055,3.5240526,40.09877
45.70715,28.324049,27.403606,17.3831,38.03147
0.754442,0.5118499,1.5538496,0.2425921,32.155167
1.3696687,1.2664442,2.1163373,0.103224516,7.5364585
0.7903669,1.2373405,2.0925474,0.44697356,56.55267
0.4471285,0.49089068,1.4220694,0.043762177,9.787383
43.14016,17.853973,17.626326,25.286186,58.614033
2.8051047,3.4381166,4.1571016,0.6330118,22.566423
0.9563139,0.81531286,1.7039611,0.14100105,14.744222
4.146544,5.1047606,5.6987414,0.95821667,23.108803
0.32333308,0.497735,1.4000435,0.17440191,53.938778
1.6706693,1.9036436,2.8226807,0.23297429,13.944966
3.0892851,3.6562204,4.346292,0.5669353,18.351667
0.945431,0.8791735,1.75376,0.06625748,7.008177
0.524748,0.34083465,1.3818187,0.18391338,35.047943
4.2371116,3.9375224,4.6346884,0.29958916,7.0705986
1.1260846,0.8368565,1.7163166,0.28922808,25.6844
0.236977,0.3281103,1.2685807,0.09113331,38.456604
7.57494,10.467616,10.715406,2.8926759,38.18744
0.4349793,0.5624678,1.46165,0.12748852,29.309103
0.65922815,0.7783326,1.8102343,0.119104445,18.067257
28.956486,20.1436,19.745417,8.812885,30.434927
2.8416216,2.118055,2.9279037,0.72356653,25.463154
1.1857384,1.2610533,2.119615,0.07531488,6.351728
3.099366,4.656647,5.7948227,1.5572813,50.245155
9.048156,8.774,9.1527195,0.27415562,3.0299613
0.5970282,0.5010177,1.4049631,0.096010506,16.081402
0.5050241,0.5802524,1.610913,0.07522833,14.895989
18.514122,4.2202134,4.872425,14.293909,77.20544
47.497936,40.955658,39.245323,6.5422783,13.773816
2.3751235,4.2415156,4.891949,1.8663921,78.58085
2.2891123,2.026547,2.8606017,0.26256537,11.470183
0.78688115,0.8272861,1.7549365,0.040404975,5.134826
1.7696245,3.0657506,3.79733,1.2961261,73.243004
4.6700587,5.944595,6.5066867,1.2745361,27.29165
4.6398797,6.0826917,6.609774,1.442812,31.09589
0.4269511,0.34240106,1.2583368,0.08455005,19.803217
1.4357991,0.9185208,2.0072608,0.5172783,36.027206
1.4295733,1.182122,2.0379102,0.2474513,17.309452
0.9144403,0.67449987,1.5921118,0.2399404,26.239048
12.470863,10.229977,10.49359,2.2408867,17.968979
2.239667,2.0165474,2.8198495,0.2231195,9.962173
2.6675227,5.0114236,5.6113906,2.343901,87.86808
10.656806,12.645939,12.73906,1.9891329,18.665375
0.99882823,0.95033026,1.9518496,0.048497975,4.855487
15.5345545,16.145943,16.358364,0.6113882,3.935666
9.571832,7.483922,7.939866,2.0879097,21.813063
45.39864,41.034092,39.445908,4.3645477,9.61383
0.5028311,0.46278706,1.3848784,0.04004404,7.963716
0.19370763,0.16711017,1.1363956,0.026597455,13.730721
27.062477,29.02045,28.072937,1.9579735,7.235012
4.668981,3.5159845,4.218218,1.1529965,24.69482
1.0032989,0.80607617,1.6866941,0.19722271,19.657423
0.69101304,0.56053615,1.5064204,0.13047689,18.881973
0.6678582,0.78910124,1.6736965,0.12124306,18.154013
18.870935,7.144266,7.5992875,11.726669,62.141434
1.0339162,0.97456694,1.8572865,0.0593493,5.7402425
1.1692152,1.4049242,2.379527,0.23570895,20.159588
0.17693748,0.34742597,1.3418515,0.17048849,96.35522
3.0762103,9.233888,9.582771,6.1576777,200.1709
2.4094877,2.1735473,3.0612016,0.23594046,9.792142
28.77029,20.522923,22.014977,8.247368,28.666267
0.95146704,0.49353504,1.3954636,0.457932,48.129044
0.73179626,0.57294285,1.4713624,0.15885341,21.707329
1.0244209,0.88082397,1.7821612,0.14359689,14.017372
1.3950363,1.8632228,2.6720212,0.4681865,33.560883
24.305399,30.11856,29.105305,5.813162,23.917162
0.53585356,0.5282506,1.431532,0.0076029897,1.4188559
4.4025807,7.8110685,9.02478,3.4084878,77.42023
2.0520504,2.068069,2.8640914,0.01601863,0.7806158
0.4492103,0.59719265,1.4952252,0.14798236,32.94278
39.726234,40.67416,39.848156,0.94792557,2.386145
4.5491223,4.562324,5.192186,0.013201714,0.29020354
5.4320397,8.907233,9.577371,3.4751935,63.97585
2.8440654,3.1344361,3.8992283,0.2903707,10.209705
44.224163,12.433984,12.548747,31.79018,71.884186
0.5642469,0.55251265,1.4614558,0.011734247,2.07963
1.3712492,1.4247355,2.279953,0.053486347,3.9005563
1.2590213,1.6779552,2.4992867,0.41893387,33.274567
1.1856614,1.1512904,2.1434104,0.03437102,2.8988898
0.73802143,0.52265966,1.4328753,0.21536177,29.180964
0.94492435,0.9771974,1.8660718,0.032273054,3.4154115
1.5168684,1.2495224,2.100606,0.2673459,17.624859
0.71215016,0.55973244,1.4597384,0.15241772,21.40247
0.8129649,0.8233497,1.7021753,0.010384798,1.2773981
0.05813375,0.3451398,1.3772535,0.28700605,493.69952
1.4803268,1.5746734,2.417679,0.09434664,6.3733654
0.21437795,0.14213495,1.0982277,0.072243005,33.698895
15.814579,2.8485289,3.5931203,12.96605,81.98795
2.0472605,1.7923632,2.6085813,0.25489736,12.450655
7.185769,8.929599,9.4557085,1.7438297,24.267822
7.355978,6.48527,6.9953423,0.870708,11.8367405
4.236939,4.2372336,5.021788,0.00029468536,0.0069551477
13.991058,17.8195,17.636515,3.8284416,27.36349
2.5449224,3.2520165,3.9702435,0.7070942,27.78451
3.0523975,3.299232,4.016451,0.24683452,8.086578
7.0230126,8.257083,8.676612,1.2340703,17.571808
47.417446,10.82594,11.039702,36.591507,77.16887
2.0834923,3.4031658,4.4357467,1.3196735,63.339493
3.2386384,2.8499544,3.6209526,0.38868403,12.001465
0.9686395,1.013675,1.9282206,0.04503548,4.6493545
0.7301794,0.41376945,1.3331711,0.31640998,43.33318
15.052684,5.5611005,6.125368,9.491583,63.055748
1.1300691,1.5378094,2.3734636,0.40774024,36.081
8.013525,10.522392,10.769286,2.5088673,31.307909
4.776314,5.2766213,5.8576818,0.50030756,10.474763
7.5206704,5.0501485,5.6728845,2.470522,32.849754
2.2313633,2.0087924,2.8085074,0.2225709,9.97466
1.1508448,1.2513423,2.1031423,0.100497484,8.732496
1.2939144,1.067637,1.9311235,0.22627747,17.487823
0.77731043,0.97173035,1.9691956,0.19441992,25.011875
1.369444,1.1090043,1.9723736,0.26043975,19.01792
22.388857,14.255452,14.607918,8.133405,36.327915
2.6127062,2.7621245,3.5146306,0.14941835,5.7189116
27.64468,19.544956,19.369883,8.099724,29.299395
1.471631,1.6532083,2.6667693,0.1815772,12.338501
8.891327,10.170823,10.702713,1.2794962,14.390385
0.24163729,0.4993215,1.5379686,0.2576842,106.64091
4.3488755,4.423928,5.1011577,0.07505226,1.7257855
8.57217,10.980139,11.18146,2.4079685,28.090534
4.969384,4.3660107,5.0085487,0.6033735,12.141817
4.196056,5.314505,5.898828,1.1184492,26.654776
0.70664966,0.52307856,1.4274784,0.1835711,25.977667
0.6512034,0.40408638,1.3247149,0.24711701,37.947746
0.902765,0.93367517,1.8557059,0.030910194,3.4239469
1.8480271,1.7332051,2.5584426,0.11482203,6.213222
15.88176,11.417151,11.588039,4.464608,28.111546
5.023761,6.888792,7.3674,1.8650312,37.124207
0.708109,0.6531364,1.5517111,0.05497265,7.763303
0.79041576,0.7239975,1.6117473,0.06641829,8.402956
4.7064824,5.812704,6.380775,1.1062217,23.504213
46.696457,23.318478,24.245895,23.37798,50.06371
1.9361303,1.9962969,2.8064754,0.060166597,3.1075697
0.7147186,0.5981883,1.5086318,0.1165303,16.304361
3.0272052,2.231749,3.0194824,0.7954562,26.276915
2.0482354,4.0753775,4.739937,2.027142,98.97017
12.006305,14.651582,14.617386,2.645277,22.0324
10.008041,11.722398,11.896057,1.7143564,17.12979
19.516209,15.192862,15.207595,4.323347,22.152597
2.0574527,2.0115924,2.8513293,0.04586029,2.2289839
0.5784466,0.39483646,1.3139796,0.18361017,31.741938
1.5128667,1.6582193,2.49302,0.1453526,9.607759
3.735116,4.1252694,4.805081,0.3901534,10.445551
0.78700656,0.6264465,1.5185494,0.16056007,20.401363
21.548222,20.38469,20.356743,1.1635323,5.3996673
70.45535,38.174095,36.632977,32.281258,45.818035
5.2928967,5.398108,6.0027723,0.10521126,1.9877821
0.9926389,0.7468504,1.7393738,0.24578851,24.761122
2.7815151,3.029221,3.783728,0.24770594,8.905432
8.709502,9.909484,10.41643,1.1999817,13.777844
0.87931037,0.8262774,1.7163898,0.053032994,6.0312033
3.264985,4.6683807,5.7339964,1.4033957,42.98322
4.7763953,5.3191776,6.406987,0.5427823,11.363848
6.889413,5.6565075,6.2737145,1.2329054,17.895653
0.9233953,1.3376195,2.187263,0.41422427,44.858826
0.9524161,0.58250844,1.5154073,0.36990768,38.83887
0.67902684,0.68873715,1.7731638,0.009710312,1.4300336
2.3292937,2.5880773,3.350861,0.25878358,11.109959
3.7235096,4.8592834,5.474826,1.1357739,30.50278
0.85705715,0.7600622,1.73041,0.09699494,11.317207
0.5222896,0.43544325,1.3673793,0.08684632,16.628002
0.90560585,0.8829988,1.757455,0.022607028,2.4963431
4.2639313,4.8938355,5.502065,0.62990427,14.772852
4.975579,9.3532505,9.67383,4.3776717,87.98317
1.447447,1.926564,2.731102,0.47911704,33.100838
11.053341,9.3096695,9.656309,1.7436714,15.775063
39.925457,19.822187,19.46789,20.10327,50.35201
1.1015561,1.0617542,1.9257901,0.039801836,3.6132374
0.3185448,0.23818536,1.1862247,0.080359444,25.227045
3.4463797,3.1681728,3.8966753,0.27820683,8.072437
61.295742,56.748234,54.37721,4.5475082,7.4189625
27.377298,20.503668,20.120468,6.8736305,25.107044
29.876663,25.413765,25.463911,4.4628983,14.93774
1.0978599,0.95838535,1.831184,0.13947451,12.704218
14.155198,15.582371,15.486298,1.4271727,10.082322
0.81210613,0.7548393,1.7927935,0.05726683,7.051644
3.6256278,4.2085505,4.862778,0.5829227,16.077843
17.09665,13.524973,13.574979,3.5716763,20.89109
1.3581814,1.1195197,1.9922913,0.23866165,17.57215
0.94800675,0.86607826,1.7580346,0.08192849,8.642184
0.28428468,0.35630736,1.3431057,0.07202268,25.334702
0.39652172,0.5357255,1.4390856,0.13920376,35.106213
77.62208,35.883507,34.504047,41.73857,53.77152
2.8519812,2.4215527,3.2251053,0.4304285,15.092263
1.3123511,1.6269774,2.4524684,0.31462634,23.974249
1.0291961,1.1682427,2.0364177,0.13904655,13.510209
0.9283541,0.87267864,1.893206,0.055675447,5.9972215
5.053503,3.7606006,4.445672,1.2929025,25.584284
1.7638712,1.7725499,2.7185695,0.008678675,0.4920243
9.49369,10.0376,10.32856,0.54391,5.729174
0.6546778,0.6147578,1.5279596,0.039920032,6.097661
4.233488,3.937388,4.6083965,0.29610014,6.994236
7.13861,8.048457,8.472029,0.90984726,12.7454405
88.489174,38.698174,37.118496,49.791,56.267902
0.9986903,1.0339162,1.9787598,0.035225928,3.5272124
3.1151009,3.3376784,4.050405,0.22257757,7.145116
0.56312567,0.6325332,1.5683131,0.06940752,12.325405
0.67298526,0.9800471,1.8517058,0.30706185,45.62683
0.7147731,0.82013834,1.7086685,0.10536522,14.741072
0.73084986,0.93322957,1.8108904,0.2023797,27.69101
2.3783786,1.7639925,2.5953488,0.6143861,25.832138
2.7047665,2.7281287,3.4820528,0.02336216,0.8637403
10.548446,10.972375,11.907307,0.4239292,4.0188785
0.65138984,0.6020154,1.5046427,0.04937446,7.5798635
2.9976351,3.1945262,4.082095,0.19689107,6.568213
0.6807652,0.51828194,1.4187775,0.16248327,23.86774
2.1299486,2.339578,3.1172886,0.2096293,9.841988
0.6988088,0.6896769,1.7060741,0.009131908,1.3067821
6.5336447,5.9432197,6.482688,0.590425,9.036687
25.730276,20.113033,20.99089,5.617243,21.831259
0.5471784,0.4306195,1.3501046,0.11655888,21.301805
2.6898549,2.066507,2.8841693,0.62334776,23.17403
2.0938113,1.8238099,2.6386065,0.2700014,12.895212
0.833346,0.7468301,1.6414346,0.0865159,10.38175
1.6395956,1.5799508,2.4172091,0.05964482,3.6377761
9.971642,12.535113,12.640047,2.5634718,25.707619
0.80774724,0.7916173,1.7031281,0.01612997,1.9969082
11.877929,12.786149,12.872997,0.9082203,7.646285
1.5212498,1.788235,2.6033926,0.26698518,17.550383
1.4781271,1.3541186,2.206133,0.12400854,8.389572
33.602173,32.799267,31.66692,0.80290604,2.3894467
1.1791407,1.0286064,1.8935338,0.15053427,12.7664385
2.7772422,2.9985588,3.7521012,0.22131658,7.968933
0.7105849,0.63683105,1.5357845,0.073753834,10.379313
5.3373466,6.5512366,7.0493526,1.2138901,22.743324
2.2662477,1.4783933,2.3141305,0.78785443,34.76471
0.57491386,0.49934804,1.4044915,0.075565815,13.14385
10.37791,14.052499,14.054207,3.6745892,35.4078
9.122262,8.792228,9.141018,0.33003426,3.6178994
2.536406,2.8953314,3.6506858,0.35892534,14.150941
0.6385463,0.7209184,1.653524,0.08237213,12.899947
0.70079607,0.56753564,1.4769843,0.13326043,19.01558
0.94255656,0.7639091,1.6580234,0.17864746,18.9535
1.3827707,1.5129821,2.4136317,0.13021147,9.416707
9.683832,11.315067,11.511028,1.6312351,16.844933
0.9810888,0.6480793,1.5398157,0.33300954,33.942852
1.6147723,1.449233,2.3005688,0.16553926,10.2515545
1.2444171,1.1733115,2.0358114,0.0711056,5.7139683
6.9168634,7.6193514,8.042298,0.70248795,10.156163
3.3428135,2.4891548,3.2563756,0.8536587,25.537132
7.6077747,7.9641857,8.504704,0.35641098,4.6848254
12.438141,11.981697,12.144558,0.4564438,3.6697106
0.60759753,0.8016056,1.6998122,0.19400805,31.930355
0.95026475,1.034123,1.9209648,0.08385819,8.824719
1.0919434,1.2873268,2.1450167,0.19538343,17.893183
0.12178038,0.18770266,1.1289093,0.065922275,54.1321
2.0261145,1.9764445,2.7821066,0.04966998,2.4514894
8.3802185,5.0969048,5.696661,3.2833138,39.179333
18.91904,16.623095,16.466005,2.2959461,12.135636
1.2499783,1.1145151,1.9783062,0.13546324,10.837247
1.2804127,0.89460635,1.7690071,0.38580632,30.131403
6.025739,5.3475842,6.4351816,0.67815495,11.254302
0.9016159,0.99058676,1.8620355,0.08897084,9.867931
0.3101169,0.1825301,1.118947,0.12758678,41.141514
0.98799837,0.9314593,1.8029819,0.05653906,5.722586
1.7873443,1.9384708,2.7515206,0.1511265,8.455365
1.6526291,1.5483022,2.38517,0.10432696,6.3127875
3.268816,2.7631755,3.5719054,0.5056405,15.468613
1.0068561,1.3966222,2.2420793,0.3897661,38.7112
0.5041185,0.4721663,1.521938,0.031952202,6.3382325
0.2690917,0.32968494,1.3291807,0.060593247,22.517694
1.665216,2.0151281,2.8143268,0.34991217,21.013021
7.512701,9.363428,9.6860075,1.8507271,24.634644
1.9823407,2.0456417,2.8978672,0.06330097,3.1932435
0.30889532,0.31839725,1.2485408,0.009501934,3.0761015
6.058465,8.406931,8.782133,2.348466,38.763382
6.285568,7.601116,8.038616,1.315548,20.929659
1.8808948,1.873883,2.6841924,0.007011771,0.3727891
0.5589096,0.50581706,1.5381334,0.05309254,9.499307
23.147469,23.71361,23.105656,0.5661411,2.4458015
3.9828835,4.6789317,5.3027105,0.69604826,17.475988
1.9025372,2.0478318,2.8486307,0.14529455,7.6368837
2.7678108,2.3100927,3.1211944,0.45771813,16.53719
3.9572082,5.143908,5.736086,1.1866999,29.98831
1.1004682,1.4260657,2.2768831,0.32559752,29.587183
0.7830382,0.86787546,1.7608999,0.08483726,10.83437
42.546665,37.024796,35.61752,5.5218697,12.978384
1.3884809,1.4906299,2.3573987,0.10214901,7.3568897
0.96541333,0.71348035,1.6011803,0.25193298,26.095867
0.6686004,0.6508616,1.5551014,0.01773876,2.6531184
5.1553307,3.0362859,3.7709708,2.1190448,41.103954
58.87708,12.857701,12.9462805,46.01938,78.16179
0.656315,0.52059126,1.4232479,0.13572377,20.679668
2.4327667,3.1412501,3.876371,0.70848346,29.12254
0.8709088,0.7947494,1.6987768,0.07615942,8.744822
20.638418,15.658241,15.620317,4.980177,24.130613
61.398808,37.073193,35.60433,24.325615,39.619034
1.0226977,1.357841,2.2000434,0.33514333,32.770515
0.72711694,0.89060247,1.7813073,0.16348553,22.484076
12.949843,4.7097487,5.340836,8.240095,63.630848
0.8604915,0.8911793,1.7654778,0.030687809,3.5663116
2.120553,2.1948545,3.020846,0.07430148,3.5038729
0.8510119,0.637607,1.5335417,0.2134049,25.076605
0.59526724,0.59370756,1.5045868,0.0015596747,0.26201254
5.529987,6.466875,6.9729133,0.9368882,16.941961
25.816183,21.673714,21.220512,4.1424694,16.046019
7.5723443,6.7663765,7.3889446,0.8059678,10.64357
1.1851939,1.1241047,2.0059202,0.061089158,5.15436
0.2609767,0.18970822,1.1252699,0.071268484,27.308369
9.832006,9.5062065,9.9322405,0.32579994,3.3136668
0.44477907,0.5636798,1.4816135,0.118900746,26.732542
1.4255751,1.1495523,2.0303788,0.2760228,19.362206
0.4454636,0.5247762,1.423898,0.07931262,17.804512
1.755967,1.7232852,2.5544229,0.032681823,1.8611866
0.3016565,0.53495073,1.4393678,0.23329422,77.3377
0.63972145,0.57298315,1.6047338,0.06673831,10.432402
2.4588428,2.8150935,3.60796,0.35625076,14.488554
24.478378,24.768988,24.091576,0.29060936,1.1872084
2.8650072,2.0236223,2.8610213,0.8413849,29.367636
2.664057,2.8328974,3.592281,0.16884041,6.3377175
0.3548449,0.34192502,1.2603648,0.012919873,3.6409917
7.6722775,8.574762,9.065273,0.9024849,11.762934
0.534485,0.512995,1.5454979,0.021489978,4.020689
1.4253433,1.4863367,2.3435485,0.060993433,4.27921
2.95242,4.598588,5.2239547,1.646168,55.75657
1.6847047,1.9405341,2.7505596,0.25582945,15.185418
28.189468,5.702942,6.257214,22.486526,79.76924
9.179476,7.2427063,7.710055,1.9367695,21.098911
1.3281828,1.1820922,2.046599,0.14609063,10.999286
0.97551864,0.7626741,1.6467092,0.21284455,21.818604
2.3560057,2.8749702,3.6231987,0.5189645,22.027304
0.8965809,0.8380697,1.7157235,0.058511198,6.526037
13.516719,3.656486,4.352867,9.860233,72.948425
2.3382413,2.408367,3.1903687,0.07012558,2.9990737
0.81434625,0.64500535,1.5631856,0.16934091,20.794706
3.0219843,3.6484938,4.344985,0.6265094,20.731724
88.211044,58.07813,55.27055,30.132915,34.160027
1.0478282,0.6695355,1.5691614,0.37829268,36.10255
29.128126,19.317928,19.013258,9.810198,33.679466
29.159372,30.47568,29.515871,1.3163071,4.5141816
1.1853187,1.260211,2.1270585,0.07489228,6.3183246
8.359398,7.415843,7.855406,0.9435549,11.287354
2.3520846,2.7041643,3.4568336,0.35207963,14.968833
11.003113,12.07757,12.204178,1.0744572,9.765029
0.49207672,0.60480714,1.6187477,0.11273041,22.909113
0.6577311,0.47949615,1.4008375,0.17823496,27.098454
41.720375,33.151314,31.941582,8.569061,20.539272
2.1123195,2.2563264,3.1081684,0.14400697,6.8174806
5.176485,6.4151983,6.9234076,1.2387133,23.92962
1.2017386,1.2394087,2.1028347,0.037670135,3.1346364
3.2966323,4.6304417,5.7087126,1.3338094,40.459755
0.77274406,0.98921704,1.8663555,0.21647298,28.013542
1.4896488,1.950145,2.757691,0.4604962,30.913069
15.355685,6.486107,7.123998,8.869578,57.760876
1.0395491,1.0149426,1.9014641,0.024606466,2.3670325
0.21129707,0.28743076,1.2778444,0.0761337,36.031593
5.93308,7.9982605,8.710659,2.0651803,34.807896
0.51927537,0.5356749,1.4529275,0.016399562,3.158163
0.783297,0.5103015,1.4564192,0.27299553,34.852108
12.244146,14.205407,14.202215,1.9612608,16.017946
1.8413854,2.0516002,2.8523672,0.21021485,11.416124
0.4204767,0.56820726,1.4771148,0.14773056,35.134064
0.96027035,0.9008635,1.8016831,0.059406817,6.1864676
2.2055552,2.2664373,3.0693212,0.06088209,2.7603974
0.38553894,0.38112172,1.2961307,0.004417211,1.1457237
5.0451555,5.1050997,5.6976066,0.059944153,1.1881527
55.847095,46.58423,44.860443,9.262867,16.58612
76.93035,60.47528,57.675972,16.45507,21.38957
2.4982493,2.1199052,2.9307222,0.37834406,15.144367
2.033555,1.9021044,2.7237864,0.13145065,6.4640813
16.517548,18.609959,18.316532,2.092411,12.667807
0.7179181,0.65766037,1.5795106,0.060257733,8.393399
0.5503329,0.5863546,1.4920883,0.03602171,6.5454397
0.28626946,0.46547976,1.3880175,0.1792103,62.601963
1.6802795,1.2348406,2.095848,0.44543886,26.509806
1.1450993,1.3545041,2.1997912,0.20940483,18.287046
0.8634423,0.74752605,1.6467603,0.11591625,13.424898
0.750568,0.89975405,1.790456,0.14918607,19.876425
0.5976324,0.49795774,1.5411774,0.09967467,16.678257
1.1606897,1.0114679,1.9008672,0.14922178,12.856302
1.0487782,0.7627983,1.6558598,0.28597987,27.267908
2.4885058,2.9135232,3.703025,0.42501736,17.079218
0.53164065,0.52184117,1.432867,0.00979948,1.8432527
2.3536115,2.0534434,2.8608863,0.30016804,12.753509
1.3958627,1.4749184,2.3211906,0.07905567,5.6635704
1.6942754,2.5868034,3.4886312,0.89252806,52.679043
1.3607435,1.322506,2.1733491,0.03823757,2.8100498
13.393624,16.777554,16.602291,3.3839293,25.265224
1.9823272,1.9020543,2.921793,0.08027291,4.049428
2.3959453,2.5488272,3.3595974,0.15288186,6.3808575
4.6320486,4.8672905,5.4890046,0.23524189,5.0785713
4.996069,4.786741,5.4093266,0.20932817,4.1898575
1.0118418,0.9431299,1.8525267,0.06871188,6.790773
1.1903596,1.0354393,1.9179639,0.15492034,13.014584
0.564351,0.70284915,1.7209812,0.13849813,24.541132
0.29580995,0.267037,1.2278826,0.02877295,9.726836
0.1986236,0.45756212,1.3655843,0.25893852,130.36644
0.973853,0.65777755,1.5476274,0.31607544,32.456177
3.3799584,4.0452776,4.707999,0.6653192,19.684242
2.9119184,2.8096154,3.5761793,0.10230303,3.5132518
1.4261302,2.4840686,3.251969,1.0579385,74.182465
2.9247968,3.0602732,3.791469,0.13547635,4.631992
7.7339125,11.173162,11.360299,3.43925,44.46973
2.3522897,2.8829188,3.6239307,0.53062916,22.557985
3.348078,3.4116616,4.1201525,0.06358361,1.8991078
2.2574184,2.0976148,2.9128585,0.15980363,7.0790434
2.0541315,2.2235584,3.0086894,0.16942692,8.248105
1.0502663,1.0574057,1.9279068,0.0071394444,0.6797747
4.2717023,1.9600856,2.7668915,2.3116167,54.114647
3.6452029,4.426874,5.0662394,0.7816713,21.443834
5.1603146,4.1841445,4.95257,0.97617006,18.91687
0.6189754,0.5087453,1.4123738,0.11023009,17.808475
10.616164,10.744887,11.462559,0.12872314,1.2125202
0.9430338,0.89297163,1.8112409,0.05006218,5.3086305
0.5426469,0.47527203,1.3783649,0.067374855,12.415966
0.6940948,0.7239895,1.6163046,0.02989471,4.307007
1.4224524,1.441052,2.3076699,0.01859951,1.3075664
2.5450802,2.5324106,3.3079243,0.012669563,0.49780604
0.7989962,0.878863,1.7593411,0.07986677,9.995888
0.362531,0.37275958,1.3704741,0.010228574,2.8214343
3.1600864,3.3666282,4.080059,0.20654178,6.535954
0.4168516,0.46893606,1.3793482,0.052084446,12.494721
2.2982044,2.2674115,3.0593977,0.030792952,1.33987
4.4455004,3.2633114,3.9843926,1.182189,26.592936
1.4813026,1.2406275,2.1043282,0.24067509,16.24753
8.557952,11.463626,11.877452,2.905674,33.95291
7.555104,4.4928503,5.1289744,3.0622535,40.53225
13.437847,15.495651,15.40966,2.057804,15.313496
4.3593965,5.0103955,5.6107316,0.65099907,14.933238
3.1392891,3.1649914,3.8896518,0.025702238,0.81872797
0.4920315,0.5066519,1.4087403,0.014620364,2.9714284
0.73422307,0.6509768,1.6769916,0.08324629,11.338011
0.30944043,0.55887103,1.4585575,0.2494306,80.60699
1.0644261,1.3514509,2.3651793,0.28702486,26.965223
0.5975872,0.6992371,1.6480093,0.10164988,17.010048
3.2045364,4.66605,5.286891,1.4615135,45.607643
7.2193,6.8570924,7.3532133,0.3622074,5.0172095
5.83457,6.7605667,7.242898,0.9259968,15.870866
3.0059724,3.8128395,4.493938,0.8068671,26.842134
1.5308082,1.7429383,2.7701898,0.21213007,13.85739
4.6476517,5.5438395,6.478106,0.8961878,19.282593
1.4127477,1.3719721,2.2144613,0.040775657,2.886266
0.85310304,0.77455497,1.659851,0.078548074,9.207337
0.5286188,0.47911292,1.3866122,0.04950589,9.36514
1.5406789,1.825526,2.6536994,0.28484714,18.488419
0.43600774,0.31365624,1.2384341,0.1223515,28.061771
4.591585,4.692949,5.3353224,0.10136366,2.2075963
0.304439,0.4802955,1.3843001,0.1758565,57.764114
0.928118,0.94407964,1.9740441,0.015961647,1.7197864
0.5130051,0.5486499,1.4462558,0.03564483,6.948241
11.215122,2.237685,3.0224884,8.977437,80.04761
5.252032,3.3283496,4.043784,1.9236822,36.62739
0.8565394,0.8686447,1.9228413,0.012105286,1.4132783
6.547685,8.384581,8.756088,1.8368955,28.05412
0.6771854,0.8251041,1.7182391,0.1479187,21.84316
4.0020385,5.7332664,6.2834086,1.7312279,43.25865
0.56553966,0.65586424,1.681046,0.09032458,15.971396
2.0331445,2.400064,3.1864264,0.36691952,18.046898
2.2377307,2.5501013,3.3129132,0.31237054,13.959254
0.9487044,0.9093387,1.8861581,0.03936571,4.149418
8.103064,9.20477,9.526474,1.1017065,13.596173
2.032861,1.9690037,2.773907,0.06385732,3.1412535
5.90894,5.1584907,5.879862,0.7504492,12.700234
1.318452,0.9264823,1.7992277,0.39196968,29.729538
9.60635,7.843133,8.289043,1.763217,18.354704
1.1696984,1.0522523,2.0980551,0.117446065,10.040713
0.96053296,0.8504553,1.7423488,0.11007768,11.460062
3.2989635,4.3026037,4.949028,1.0036402,30.422894
1.0256871,0.9511634,1.8285755,0.07452369,7.2657332
6.8379917,7.046562,7.515522,0.20857048,3.0501716
11.710029,9.121124,9.480577,2.5889044,22.108438
1.094923,1.1149027,1.9865419,0.019979715,1.8247598
0.22662918,0.49684158,1.4159899,0.2702124,119.23107
0.8456379,0.8665775,1.7563455,0.020939589,2.4761884
0.8708578,0.77736175,1.6626507,0.093496025,10.736085
98.84162,15.138529,15.0700035,83.703094,84.68406
0.8555781,0.5738697,1.4696279,0.28170842,32.92609
1.3766475,1.2761497,2.1252475,0.10049772,7.3001785
1.5837489,1.5338473,2.4191787,0.049901605,3.1508532
1.3826808,1.5318422,2.40367,0.14916146,10.787845
0.99130225,0.53793466,1.4365418,0.4533676,45.734547
1.4245824,1.5424712,2.3737106,0.11788881,8.275325
1.633953,1.0114961,1.885198,0.6224569,38.095154
3.5820923,3.1471496,3.8713174,0.43494272,12.142141
14.199118,10.520851,10.750321,3.6782665,25.904896
23.81234,20.811993,20.850237,3.0003471,12.599968
5.3201385,5.221669,5.8417377,0.09846926,1.8508778
3.2382987,4.4489756,5.085993,1.2106769,37.386204
4.44592,5.7789497,6.85437,1.3330297,29.983215
1.279262,1.141609,2.0055974,0.137653,10.7603445
0.5346821,0.45063096,1.4879391,0.08405113,15.719833
3.3393643,2.8801954,3.6243033,0.4591689,13.75019
97.928665,67.78421,65.293594,30.144455,30.782055
0.67990655,0.60526884,1.6265426,0.07463771,10.977642
1.1555256,1.1747041,2.0347037,0.01917851,1.6597219
0.5966729,0.5705929,1.4666606,0.026080012,4.3709064
0.9660698,0.97674906,1.8522619,0.010679245,1.105432
0.7010418,0.64010644,1.5464141,0.060935378,8.692118
7.5475483,6.753032,7.236483,0.7945161,10.52681
0.9629345,0.7778071,1.6595871,0.18512738,19.225334
6.626216,5.1703014,5.7609234,1.4559145,21.972034
1.0408666,0.7816756,1.6646634,0.25919104,24.901464
0.6747445,0.72209775,1.6131554,0.047353268,7.0179553
0.87400764,0.9118117,1.7900239,0.037804067,4.3253703
6.256081,5.930691,6.4740415,0.32539034,5.2011843
0.5563048,0.42511988,1.3485273,0.13118494,23.581486
2.5537846,3.1593313,3.890809,0.6055467,23.711739
0.7707311,0.87055147,1.7524132,0.099820375,12.951388
5.79122,5.1209645,5.7119207,0.67025566,11.573652
15.480872,7.9417753,8.354193,7.539097,48.699432
48.871746,8.872955,9.213388,39.99879,81.844406
14.984743,16.967157,16.789536,1.9824142,13.229551
10.363682,12.799138,12.887327,2.4354563,23.499914
5.124631,5.9035463,6.4755917,0.7789154,15.199444
15.455069,10.325392,10.596037,5.129677,33.190903
1.637368,1.5326204,2.3676019,0.104747534,6.3973117
11.584696,10.752582,11.098022,0.8321142,7.182875
1.1024672,0.9536027,1.8267243,0.14886451,13.5028515
1.6097071,1.8406148,2.6535025,0.23090768,14.344701
0.16169152,0.23344988,1.1838038,0.07175836,44.379795
0.5483492,0.5066644,1.4569268,0.041684806,7.601873
1.3997161,2.1068494,3.1017287,0.7071333,50.519768
6.060985,5.4397283,6.0148087,0.6212568,10.250096
1.7944642,1.5221756,2.3575616,0.27228868,15.173815
21.603094,15.175732,15.112535,6.4273624,29.752047
2.0128582,2.1818728,3.06776,0.16901469,8.396751
13.35676,16.361998,16.2163,3.0052376,22.499748
18.225967,17.379122,17.160192,0.8468456,4.6463685
2.665804,3.0131855,3.7647521,0.3473816,13.031026
1.2734157,1.3620195,2.2507002,0.088603854,6.957968
0.50416034,0.6246468,1.5174472,0.12048644,23.898438
1.0361937,1.1164744,1.9935311,0.08028066,7.74765
0.95126307,0.8618729,1.7699975,0.08939016,9.396997
2.5304682,2.4350193,3.206856,0.09544897,3.7719886
3.081844,1.3294308,2.17722,1.7524133,56.86249
23.745588,17.62936,17.493717,6.116228,25.757324
9.698681,6.2572265,6.7781563,3.4414544,35.483738
33.635647,31.955925,30.927837,1.6797218,4.993874
1.8281863,1.9741912,2.9419973,0.14600492,7.9863257
0.5864234,0.52328837,1.4455261,0.06313503,10.766117
1.3907905,1.5318637,2.3708456,0.14107323,10.143385
0.72526604,0.969481,1.9947648,0.24421495,33.672466
0.7413784,0.7970669,1.8118622,0.0556885,7.5114813
1.4273069,1.3123055,2.164265,0.11500144,8.057233
12.261172,7.876445,8.560525,4.3847275,35.761078
0.9226291,0.8480941,1.7266263,0.07453501,8.078546
10.727458,11.94615,12.087755,1.2186918,11.360491
6.9387803,5.3617873,5.965678,1.576993,22.727236
1.3289783,1.071836,1.9339739,0.2571423,19.348871
1.0922425,1.1670971,2.0428665,0.07485461,6.8532963
4.886997,3.6835275,4.371234,1.2034698,24.625956
3.6419294,3.5465546,4.2741165,0.09537482,2.6187994
0.89552337,0.68688715,1.5774876,0.20863622,23.297686
1.2667307,1.1756546,2.0306897,0.09107602,7.189848
1.4682012,1.1700284,2.0255706,0.2981727,20.30871
0.66471326,0.5737487,1.4858513,0.090964556,13.684781
0.29119843,0.33478877,1.266424,0.043590337,14.96929
6.179717,7.5848465,8.013284,1.4051294,22.737762
47.683407,28.177763,27.345045,19.505644,40.906563
2.1091385,2.2660499,3.068701,0.15691137,7.4395957
43.204254,43.50096,42.804474,0.29670715,0.68675447
2.8063936,3.4278975,4.135463,0.62150383,22.145996
0.45527253,0.61267984,1.5105615,0.15740731,34.574306
1.7269725,1.3553064,2.2846673,0.37166607,21.52125
5.839752,6.1643615,6.691458,0.32460928,5.5586143
0.7869824,1.0223877,1.9091551,0.23540533,29.912401
1.6144831,1.5513003,2.3838463,0.06318283,3.9135022
0.81115586,0.73610115,1.6384866,0.075054705,9.25281
2.6176503,3.2476668,3.9723094,0.63001657,24.068018
0.4743145,0.47505355,1.3787577,0.000739038,0.1558118
10.667493,10.35936,10.605257,0.30813313,2.8885243
9.80401,8.940881,9.289047,0.8631296,8.803842
0.50474983,0.49664193,1.4174064,0.008107901,1.6063206
7.715609,7.901512,8.4083,0.18590307,2.4094412
8.321659,8.953361,9.291885,0.63170147,7.591052
1.2995292,1.5163977,2.3529005,0.21686852,16.688238
3.1914492,4.1497936,4.8068604,0.95834446,30.028503
13.563616,14.763605,15.425514,1.1999893,8.847119
11.772554,13.964031,13.968846,2.1914768,18.615133
1.02225,0.81449056,1.729125,0.2077595,20.323746
0.8592862,0.691609,1.5965903,0.16767716,19.51354
1.4805739,1.6490898,2.479766,0.16851592,11.381798
7.168018,9.235074,9.56577,2.0670562,28.837206
4.00088,3.9886608,4.7123294,0.012218952,0.30540663
0.88453484,0.6981646,1.5919403,0.18637025,21.06986
1.3951298,1.3462534,2.2120755,0.048876405,3.5033588
0.76703876,0.5833827,1.6111739,0.18365604,23.943516
1.4268719,1.3010309,2.174596,0.12584102,8.819364
0.49736068,0.5432645,1.5633328,0.04590383,9.2294855
4.85244,4.6234,5.4162636,0.22903967,4.720093
11.667439,10.65156,10.894419,1.0158796,8.706964
1.4761455,1.2220643,2.0750675,0.25408125,17.21248
9.509945,7.995412,8.45621,1.514533,15.925782
1.433524,1.2046862,2.0593543,0.22883785,15.963308
45.58946,47.42684,45.341843,1.8373833,4.030281
0.98624384,1.2249918,2.2641892,0.23874795,24.207802
0.7842844,0.98304594,1.853319,0.19876152,25.34304
3.7737644,1.1616819,2.0175786,2.6120825,69.216896
16.8641,14.3103485,14.538699,2.553751,15.143121
0.80030197,0.69758725,1.7263186,0.10271472,12.834496
0.5411108,0.4152713,1.330931,0.1258395,23.255774
0.5377144,0.54316163,1.4783924,0.005447209,1.01303
0.3442627,0.34487218,1.2663395,0.0006094873,0.17704135
7.1365075,10.56881,10.802869,3.432303,48.094994
0.7078473,0.7616987,1.7670562,0.053851426,7.6077743
1.0338442,0.9137075,1.79992,0.12013674,11.620391
3.2124548,2.6348844,3.4668894,0.57757044,17.9791
2.0824964,1.6984742,2.5199988,0.38402224,18.440474
1.1835768,0.8183998,1.7141668,0.36517704,30.853683
0.53228235,0.48022628,1.5153729,0.052056074,9.779786
1.4453945,1.5691173,2.4016964,0.12372279,8.559793
5.0077925,5.90046,6.442865,0.8926673,17.825565
0.5659887,0.47916842,1.383008,0.086820304,15.339582
1.5884496,1.5766406,2.4045465,0.011808991,0.74342877
3.6734998,1.7554846,2.5831869,1.9180152,52.212204
1.7542199,1.6303194,2.455659,0.12390053,7.062999
0.5422287,0.533931,1.4558421,0.008297682,1.5302919
1.4667121,1.5289948,2.3812053,0.06228268,4.2464147
0.8809641,0.793949,1.6770886,0.08701509,9.877257
1.8799132,2.9924154,3.7272315,1.1125022,59.178383
0.3013437,0.33832717,1.2741661,0.03698346,12.27285
0.757811,0.89251316,1.8701173,0.13470215,17.775164
3.7859528,4.2865863,4.935573,0.5006335,13.223447
2.2416942,2.239245,3.0306957,0.002449274,0.109259956
13.687932,14.13228,14.184172,0.44434834,3.246278
2.899045,2.2767563,3.0745063,0.6222887,21.4653
1.676913,1.8100374,2.62245,0.13312435,7.938656
0.4725089,0.5645,1.4631243,0.09199107,19.468641
2.4250193,2.9422417,3.6845899,0.5172224,21.32859
37.72013,28.797619,27.839035,8.922512,23.65451
0.7131149,0.89868927,1.7912668,0.18557435,26.023066
0.38023534,0.5130756,1.4171622,0.13284025,34.93632
0.72939265,0.82211983,1.7262586,0.092727184,12.712931
1.1383809,0.9471636,1.8176719,0.1912173,16.797304
11.345971,12.487145,12.593481,1.1411743,10.057969
14.570882,13.270794,13.356509,1.3000879,8.922506
0.7382534,0.7091229,1.7451212,0.029130518,3.9458697
59.51149,15.243317,15.177744,44.268173,74.385925
9.056032,9.902567,10.174004,0.8465347,9.347744
0.48584378,0.4236127,1.3477862,0.062231064,12.808863
1.1249558,1.1753833,2.0792844,0.050427556,4.4826255
8.553728,8.592136,9.040367,0.03840828,0.44902384
1.1093651,0.9162587,1.8008623,0.19310641,17.40693
1.5807701,1.8776457,2.7089415,0.2968756,18.78044
11.658834,14.498495,15.877466,2.8396606,24.3563
2.171953,2.4657402,3.278506,0.29378724,13.526408
0.6852835,0.6498171,1.56872,0.035466373,5.175431
8.16527,9.170357,9.497689,1.0050869,12.309292
2.0435553,2.4615548,3.5239134,0.4179995,20.454523
0.6912276,0.917856,1.9994799,0.22662836,32.786358
1.3323945,2.0934515,2.890654,0.761057,57.1195
4.15184,3.5706296,4.2659264,0.5812106,13.998868
0.5027236,0.35082266,1.2710832,0.15190092,30.215595
4.5723667,4.319527,5.015132,0.25283957,5.529731
0.51701087,0.43187323,1.4669492,0.085137635,16.467281
1.8961967,1.9327624,2.7592676,0.03656566,1.9283686
0.7144085,0.5965619,1.508201,0.11784661,16.49569
0.8101972,0.591601,1.4957933,0.21859616,26.980612
14.763423,17.483698,17.280552,2.720275,18.425774
10.548485,9.462742,9.773084,1.085743,10.292881
21.78075,23.252321,22.673302,1.471571,6.756292
0.48861772,0.43637428,1.4355688,0.05224344,10.692089
0.88835764,0.6450207,1.5431019,0.24333692,27.391773
2.7660806,1.0707777,1.9414957,1.695303,61.288998
20.903458,16.75724,16.992374,4.1462173,19.83508
0.8393012,0.6660726,1.5566335,0.17322862,20.639626
1.2899685,1.2612329,2.1192484,0.028735638,2.2276232
0.6020632,0.6760472,1.6764652,0.07398403,12.288416
0.5319289,0.50266564,1.4226842,0.029263258,5.5013475
1.1162299,0.9936874,1.9160632,0.1225425,10.978249
0.53833705,0.5633024,1.4600819,0.024965346,4.6374936
0.81529385,1.0141051,2.0221741,0.19881123,24.385223
23.301407,21.770023,21.403358,1.5313835,6.5720644
1.0583444,1.1220651,2.0092013,0.0637207,6.020791
6.100201,8.462575,8.829537,2.3623738,38.726162
9.6122875,9.574267,9.888222,0.038020134,0.39553678
2.2332814,2.0864797,3.1992655,0.14680171,6.573364
6.0600142,4.75739,5.380875,1.3026242,21.495398
1.061454,1.8892522,2.7241662,0.8277981,77.98719
24.557974,15.848019,15.728904,8.709955,35.466915
0.56904805,0.45176157,1.3629754,0.11728647,20.610996
3.5046644,3.4517279,4.173476,0.052936554,1.51046
0.72446525,0.7892648,1.6752805,0.06479955,8.944466
1.0492439,1.224561,2.1324022,0.17531705,16.708893
2.0624528,2.2380865,3.2481828,0.17563367,8.515766
7.378169,7.2706814,7.7188354,0.10748768,1.4568341
0.6642468,0.6264955,1.5199467,0.037751317,5.6833267
0.5103893,0.57881916,1.4803747,0.06842983,13.407378
7.4859657,8.586149,8.967072,1.1001835,14.696614
0.23734577,0.13621287,1.0924952,0.1011329,42.609943
14.41423,11.671357,11.873499,2.7428732,19.028927
1.9227748,2.1384284,2.9292865,0.21565366,11.215752
0.7511882,0.59634256,1.4934119,0.15484565,20.61343
1.0478227,0.9205997,1.7929819,0.12722301,12.141655
0.4427428,0.47313538,1.3836011,0.030392587,6.864615
0.80503,1.0411458,1.9111152,0.23611581,29.330065
0.386352,0.33875147,1.297693,0.047600538,12.32051
22.30252,23.336586,22.737469,1.0340652,4.63654
0.20902589,0.48628357,1.5254148,0.27725768,132.64275
0.84111243,0.80922675,1.7000284,0.031885684,3.7908943
13.306078,12.031207,12.191905,1.2748709,9.581117
1.5320091,2.0602858,3.1703665,0.5282767,34.482605
2.8021128,2.580126,3.495163,0.22198677,7.922121
1.0582917,1.0674884,1.9305309,0.009196758,0.86901927
27.678425,29.788446,28.946104,2.1100216,7.6233444
1.9576896,2.0481515,2.9580054,0.09046185,4.620847
7.6877046,9.39952,9.705498,1.7118154,22.266924
5.759012,7.3664637,8.258909,1.6074514,27.91193
0.4956932,0.59953594,1.499747,0.103842735,20.948994
8.07553,6.143777,7.3717957,1.9317532,23.92107
4.4219484,6.3520346,6.866146,1.9300861,43.647865
1.3911902,1.1078451,1.968445,0.2833451,20.367102
2.173979,2.0882614,2.88301,0.08571768,3.9428935
3.0495098,4.3974066,5.0388722,1.3478968,44.200443
0.45230198,0.4287359,1.3428148,0.023566067,5.210251
0.17183346,0.5192287,1.5516564,0.34739524,202.16974
0.90755653,0.76854503,1.6597453,0.1390115,15.317117
3.9401798,3.856862,4.5872602,0.08331776,2.1145673
3.5079718,4.6261115,5.251439,1.1181397,31.87425
18.486492,20.93343,21.089634,2.4469376,13.236354
5.125009,4.0560718,5.0371203,1.0689373,20.857277
3.4018013,4.3358603,4.9841614,0.9340589,27.457773
1.6369802,1.4906464,2.357019,0.14633381,8.939254
0.5629259,0.46193206,1.3722885,0.10099381,17.940872
0.550827,0.44955218,1.4116402,0.10127485,18.385963
0.61186683,0.5782925,1.5118647,0.033574343,5.487198
5.314784,7.275548,7.724183,1.9607639,36.892635
6.7116323,7.566366,8.385665,0.85473394,12.735113
0.8074059,0.95881784,1.8312747,0.15141195,18.752892
2.2416306,1.94421,2.7569592,0.2974205,13.268043
0.29115728,0.5132545,1.4161749,0.22209725,76.28085
2.6613908,2.6945806,3.4688704,0.033189774,1.2470838
2.9553442,3.6396055,4.3328285,0.6842613,23.153355
1.4839958,0.99392414,1.8747562,0.49007165,33.02379
4.850168,5.346637,5.9272065,0.49646854,10.23611
1.5941907,2.4201922,3.191715,0.8260015,51.813217
0.77243334,0.9358102,1.9375987,0.16337687,21.150934
5.376873,5.8934608,6.4383583,0.51658773,9.607587
2.608682,1.1483443,2.0058656,1.4603376,55.979904
2.1475601,2.0077858,2.8279216,0.13977432,6.5085173
2.0744781,1.9355505,2.7421975,0.1389277,6.696995
3.0778413,1.1631498,2.0249119,1.9146914,62.208908
22.906933,30.935604,30.916924,8.028671,35.049088
2.2635303,3.2409763,3.961524,0.9774461,43.182373
1.418163,1.3275254,2.1742997,0.090637565,6.391196
0.5774598,0.44177258,1.3552647,0.13568723,23.497261
0.520969,0.62430584,1.5261123,0.10333687,19.835512
1.7838528,1.7913029,2.6301637,0.0074501038,0.41764116
0.9846964,0.8675411,1.7463716,0.11715531,11.897608
0.72333115,0.71787417,1.641886,0.005456984,0.75442404
23.815649,22.073532,21.58931,1.7421169,7.3150096
0.21770635,0.34483224,1.2829564,0.12712589,58.393288
1.0296626,0.6197207,1.5127542,0.4099419,39.813225
1.171399,1.6587081,2.4861045,0.4873091,41.60061
1.6720651,1.7153201,2.543046,0.04325497,2.586919
0.62617886,0.55026364,1.4659084,0.07591522,12.123568
12.034934,17.80983,18.992281,5.7748957,47.98444
0.8254511,0.88117826,1.7679601,0.055727184,6.751119
2.8446922,2.8180122,3.5650048,0.026679993,0.9378868
0.9086967,0.9569477,1.8378428,0.048250973,5.3099093
1.4535624,1.2229598,2.0756884,0.23060262,15.864653
0.42912665,0.486574,1.3967848,0.057447344,13.387037
0.5440726,0.688928,1.6881762,0.14485538,26.624273
23.591196,25.87813,25.117228,2.286934,9.694015
2.352938,2.3801327,3.1658916,0.027194738,1.1557779
0.7603291,0.6003144,1.50688,0.16001475,21.045458
2.4285164,2.1135895,2.911621,0.31492686,12.967871
0.77444255,0.6910163,1.6855407,0.08342624,10.772424
1.572042,1.3016026,2.1603324,0.2704394,17.203064
3.0588844,4.105553,4.781312,1.0466688,34.21734
2.5766804,2.6906834,3.4746437,0.11400294,4.4244113
1.119356,1.1733882,2.084275,0.054032207,4.82708
2.148446,3.0640998,3.7938533,0.9156537,42.619347
5.2224154,5.963586,6.647536,0.7411704,14.192101
0.68924475,0.77691936,1.6713662,0.08767462,12.720389
1.0318947,1.3097839,2.1585987,0.27788925,26.930002
0.48951825,0.37504697,1.3021305,0.11447129,23.384478
1.6635537,1.8146558,2.6267126,0.15110207,9.083089
1.6723288,1.7079492,2.530696,0.03562033,2.1299837
0.5854743,0.59811354,1.4929211,0.0126392245,2.1588008
52.238247,29.382471,28.39153,22.855776,43.752953
5.6404977,5.5433683,6.1105256,0.097129345,1.7219995
1.064509,0.89792097,1.773899,0.16658807,15.649285
11.105583,8.454947,8.822366,2.6506357,23.867596
1.2005527,1.2341838,2.0948114,0.033631086,2.8013003
0.18447958,0.42428353,1.3526161,0.23980395,129.98944
2.4196303,2.6613817,3.4220738,0.24175143,9.991256
0.82728213,0.9826089,1.8508626,0.15532678,18.775553
2.4538062,1.9773927,2.8053374,0.4764135,19.415287
0.96321625,0.93035114,1.8079414,0.032865107,3.4120176
4.451211,5.5790524,6.1399326,1.1278415,25.337858
30.839684,15.992098,15.8839855,14.847586,48.144417
