y_true,y_pred,y_std,abs_error,rel_error_%
8.771583,6.4999714,4.5850744,2.2716112,25.897392
1.7016611,4.876397,1.4570975,3.174736,186.56688
0.0,0.31278348,1.3104706,0.31278348,31278348.0
9.841949,10.871892,2.7294223,1.0299425,10.464822
0.0,0.1791346,2.2750344,0.1791346,17913460.0
0.0,0.0,3.0394945,0.0,0.0
0.0,0.0,1.8240019,0.0,0.0
0.0,6.388422,2.1865416,6.388422,638842240.0
8.729761,12.5165205,1.7112001,3.7867594,43.377583
0.0,0.0,1.8852707,0.0,0.0
5.7461953,11.622505,4.5962405,5.87631,102.26436
14.918719,5.0276213,1.1982825,9.891098,66.29991
0.0,11.709855,2.8843713,11.709855,1170985500.0
20.287344,17.444193,2.1829355,2.843151,14.014408
0.0,11.4821825,2.0189447,11.4821825,1148218200.0
2.8362432,5.4731255,2.4107368,2.6368823,92.970955
14.541107,8.845749,1.336916,5.6953583,39.167294
0.98251706,6.4153557,3.3015125,5.4328384,552.95105
4.9010334,7.9650803,1.6006496,3.0640469,62.518387
0.0,0.022589445,1.7587879,0.022589445,2258944.5
0.0,0.0,2.0246305,0.0,0.0
8.768844,14.372999,2.833825,5.6041555,63.909855
0.0,3.2482653,1.7135454,3.2482653,324826530.0
0.0,3.0207953,1.4007952,3.0207953,302079520.0
8.647792,6.8318396,2.4217358,1.8159523,20.99903
3.579613,9.85798,4.607651,6.278367,175.39235
0.0,1.9803152,1.4718357,1.9803152,198031520.0
0.0,3.5018375,4.725966,3.5018375,350183740.0
2.7544637,5.269164,1.5242006,2.5147004,91.29546
2.1648467,11.957548,4.048871,9.792702,452.3508
1.1490346,4.5734215,2.0849028,3.424387,298.02295
0.0,17.930237,2.9745488,17.930237,1793023700.0
827.85657,196.11507,2.8959653,631.7415,76.3105
10.679123,8.8240185,1.8623619,1.8551044,17.371317
0.0,12.194289,1.4355158,12.194289,1219429000.0
25.899075,26.901085,2.2507155,1.0020103,3.868904
0.0,2.409278,1.3542279,2.409278,240927790.0
15.03394,12.419639,3.7282732,2.6143017,17.389332
3.709217,29.817665,2.8837764,26.108448,703.88025
8.9693985,8.790738,3.677371,0.1786604,1.9918883
7.8778,3.915504,1.3687123,3.962296,50.29699
0.0,1.4095097,1.4214686,1.4095097,140950960.0
0.0,2.356782,1.3177879,2.356782,235678190.0
0.0,0.0,2.554769,0.0,0.0
0.0,0.9199197,1.8883094,0.9199197,91991976.0
0.0,9.753943,5.754616,9.753943,975394370.0
0.0,0.0,1.8952949,0.0,0.0
3.614721,5.7960434,1.2520378,2.1813223,60.345524
19.396181,15.910066,1.531866,3.4861155,17.973206
8.0486145,5.6223373,1.7996997,2.4262772,30.145277
0.0,4.522584,1.5740583,4.522584,452258400.0
0.0,0.0,1.2775216,0.0,0.0
0.0,1.0859712,1.1565709,1.0859712,108597120.0
14.176707,15.836762,1.3880291,1.6600552,11.709738
3.7327964,6.4058514,5.166141,2.673055,71.60998
9.270578,9.757571,1.7469075,0.48699284,5.253101
19.754404,12.327531,1.5050671,7.426873,37.59604
19.847387,3.6751976,1.2826174,16.17219,81.48271
23.583395,19.278044,2.149232,4.3053513,18.25586
0.0,2.2130926,1.2773588,2.2130926,221309250.0
0.0,0.0,2.5195148,0.0,0.0
9.407877,9.94776,1.5039648,0.53988266,5.7386236
3.4741368,8.354385,1.9032897,4.8802485,140.4737
10.612923,8.927755,5.430529,1.6851673,15.878447
29.75794,24.069914,2.0730207,5.6880264,19.114313
23.954395,12.8624115,2.180181,11.091984,46.304585
0.0,3.2097044,1.3081616,3.2097044,320970430.0
5.981798,3.6258492,1.4048246,2.355949,39.385296
0.0,0.0,1.3818799,0.0,0.0
4.7977524,1.9758103,1.3852504,2.821942,58.818005
0.0,8.924333,5.7748013,8.924333,892433300.0
5.530942,8.111585,2.3571239,2.5806427,46.658287
5.38344,2.8512945,1.6246837,2.5321455,47.035828
0.0,0.8151765,3.482748,0.8151765,81517650.0
16.043385,20.12876,2.237918,4.085375,25.464544
0.0,10.371859,1.7912154,10.371859,1037185900.0
19.879099,33.619274,3.284087,13.740175,69.118706
5.026334,3.3864589,1.1269321,1.6398749,32.625668
3.2053308,4.624193,1.9613034,1.4188623,44.265705
0.0,4.983737,1.1409453,4.983737,498373700.0
0.77335894,1.5793984,1.4065078,0.80603945,104.225784
0.0,0.0,1.9407259,0.0,0.0
25.831968,12.46693,2.0606554,13.365038,51.738365
0.0,7.775465,2.1743813,7.775465,777546500.0
10.438109,6.832078,2.7210712,3.6060314,34.546787
10.509902,9.183753,5.594586,1.326149,12.618091
35.69054,11.707548,2.2454863,23.982992,67.19706
0.0,0.07069564,1.8245419,0.07069564,7069564.0
9.623895,5.2505064,1.7140986,4.3733883,45.44302
0.0,7.457095,2.1334023,7.457095,745709500.0
28.989845,20.501986,1.2625327,8.48786,29.278734
0.0,0.0,1.1213771,0.0,0.0
0.0,0.0,1.293965,0.0,0.0
6.903469,16.0259,1.7979156,9.122431,132.14272
33.72671,11.852767,1.4666631,21.873943,64.85644
3.3958151,3.012375,2.6466038,0.38344002,11.291546
3.9080997,3.9324312,4.916049,0.02433157,0.6225934
0.0,5.677043,1.1275294,5.677043,567704260.0
0.0,0.2182653,1.3683974,0.2182653,21826530.0
0.0,5.5075536,1.342879,5.5075536,550755400.0
0.0,2.739577,1.5756631,2.739577,273957700.0
0.0,3.7644215,2.2709315,3.7644215,376442140.0
0.0,4.7466974,1.3256326,4.7466974,474669730.0
0.0,2.4628248,1.3730234,2.4628248,246282480.0
0.0,7.249736,2.3828394,7.249736,724973600.0
0.0,0.0,1.4833243,0.0,0.0
8.591534,6.5085125,1.6273232,2.0830212,24.245045
3.4338539,2.4774346,1.1129738,0.9564192,27.852648
2.5079749,4.8002377,1.4196769,2.2922628,91.39895
0.0,0.0,1.2870636,0.0,0.0
0.0,0.0,2.2921374,0.0,0.0
10.775808,9.552301,5.77047,1.2235069,11.354201
0.0,0.0,1.0455142,0.0,0.0
0.0,0.0,1.4999455,0.0,0.0
0.0,1.4562523,3.0337486,1.4562523,145625230.0
2.324901,4.753579,1.4575968,2.428678,104.463715
5.4715343,1.9038341,1.364547,3.5677001,65.20475
9.807795,10.316042,3.085473,0.5082474,5.182076
0.0,12.575587,2.0419972,12.575587,1257558700.0
3.1592188,6.2546215,1.240785,3.0954027,97.98001
0.0,7.9580736,5.685063,7.9580736,795807360.0
0.0,5.321473,1.4575922,5.321473,532147330.0
7.6380434,12.485094,2.0411704,4.8470507,63.459324
9.952046,2.6154478,1.9920129,7.3365984,73.7195
0.0,0.0,1.6601048,0.0,0.0
109.88004,119.26247,1.9817181,9.382423,8.538787
2.6269906,3.9241047,5.1938443,1.2971141,49.376427
0.0,2.0000482,1.3028934,2.0000482,200004820.0
10.768882,9.200829,4.169734,1.5680532,14.5609665
14.230086,10.187655,1.2188112,4.042431,28.407635
6.6724467,5.1981797,1.5137155,1.474267,22.094849
0.0,0.0,2.6477354,0.0,0.0
11.712084,10.647301,4.3153143,1.0647831,9.091321
8.674841,17.49012,2.386879,8.815279,101.61891
13.5618725,11.946333,5.75986,1.6155396,11.912363
0.0,3.7274065,1.5209868,3.7274065,372740670.0
0.0,2.2768128,1.2751358,2.2768128,227681280.0
0.0,10.804696,5.766317,10.804696,1080469600.0
0.0,1.7957187,1.5891485,1.7957187,179571870.0
10.60888,9.984257,4.1326604,0.6246233,5.88774
0.0,0.0,2.5263221,0.0,0.0
0.0,0.61882734,1.1590306,0.61882734,61882736.0
21.253458,12.66839,1.9961215,8.585068,40.393745
0.0,0.0,1.1089461,0.0,0.0
11.293397,5.168497,1.5107831,6.1249,54.234344
9.068011,11.4447565,2.7773001,2.3767452,26.210215
5.5713177,8.249706,2.9142942,2.6783886,48.0746
5.100312,6.279154,2.0699131,1.1788416,23.113125
5.959739,10.853243,5.727402,4.8935037,82.10936
38.023834,55.54713,1.9280338,17.523296,46.08503
0.0,6.841796,2.0760934,6.841796,684179600.0
3.8942516,9.60562,2.8603303,5.7113686,146.66151
8.635888,6.7063074,2.1221838,1.9295807,22.343744
0.0,5.4641314,5.6987867,5.4641314,546413100.0
11.90146,9.405979,1.1515201,2.4954805,20.967852
13.939366,13.039041,1.122686,0.9003258,6.458872
12.58564,4.317422,1.9567804,8.268218,65.69565
0.0,0.17986321,4.583705,0.17986321,17986320.0
0.0,0.0,2.8818233,0.0,0.0
13.934006,12.659269,2.5979779,1.2747364,9.148384
20.214647,13.634552,2.390382,6.5800953,32.551125
0.0,9.278508,1.3927721,9.278508,927850800.0
0.0,0.0,1.8711454,0.0,0.0
26.867485,12.95102,1.3188245,13.916465,51.796677
0.0,0.0,2.6396935,0.0,0.0
0.0,0.0,1.0610244,0.0,0.0
0.0,7.3149176,2.005188,7.3149176,731491800.0
4.370116,7.7374296,2.8768663,3.3673134,77.05318
0.0,0.6984062,1.5847147,0.6984062,69840620.0
0.0,0.4419291,1.1527337,0.4419291,44192908.0
13.109314,8.344806,1.2159871,4.7645082,36.34445
3.1948879,5.3802595,3.298573,2.1853716,68.40214
0.0,0.0,1.6697261,0.0,0.0
0.0,0.0,1.2715287,0.0,0.0
8.426297,2.9562063,1.7481327,5.470091,64.9169
0.0,8.329665,2.4374127,8.329665,832966460.0
0.0,4.4139853,1.2768749,4.4139853,441398530.0
38.44794,33.460213,2.6481934,4.987728,12.97268
0.0,2.8889892,1.1558071,2.8889892,288898900.0
0.0,5.726921,1.3469145,5.726921,572692160.0
0.0,2.2629437,1.7161031,2.2629437,226294370.0
0.0,0.0,0.988458,0.0,0.0
9.945097,9.29794,1.7210912,0.6471567,6.5072937
0.0,0.4686048,2.0086298,0.4686048,46860480.0
12.038421,12.93342,1.2560638,0.8949995,7.4345264
0.0,0.0,1.4204264,0.0,0.0
4.4043355,8.930781,1.7441101,4.526446,102.77251
16.384737,9.187536,5.776931,7.197201,43.92625
7.3484383,7.2744627,1.1933364,0.07397556,1.0066842
5.082841,7.3803368,2.7687054,2.2974958,45.20102
0.0,0.0,1.4770579,0.0,0.0
3.745677,5.167205,1.3080282,1.4215279,37.95116
6.319133,18.17054,1.6913855,11.851407,187.548
3.9757888,5.75334,1.869602,1.7775509,44.709393
6.0241756,3.134273,1.1930518,2.8899026,47.971752
0.0,3.9932897,1.3736421,3.9932897,399329000.0
14.311185,11.28482,2.826935,3.0263653,21.146854
23.691435,8.860785,1.9607153,14.83065,62.59921
26.279202,19.191784,1.9463884,7.0874176,26.969685
9.167863,6.3012667,1.4250668,2.8665962,31.267878
7.4427166,5.996542,1.4978217,1.4461746,19.430737
7.5100956,8.6438875,2.501342,1.1337919,15.096905
11.075531,10.477665,4.3137994,0.59786606,5.3980803
0.0,0.0,2.7175312,0.0,0.0
1.0621748,8.067789,1.2606307,7.0056143,659.5538
28.600826,20.577164,1.3625557,8.023663,28.053955
11.444632,8.702483,2.477355,2.7421484,23.960129
0.0,0.0,1.7067978,0.0,0.0
0.0,3.7774396,2.9203565,3.7774396,377743970.0
0.0,2.0561223,1.2075046,2.0561223,205612220.0
0.0,0.0,1.7209271,0.0,0.0
5.078174,4.9012837,1.9600859,0.17689037,3.483346
5.790382,7.283757,1.5388557,1.4933753,25.790617
0.0,0.0,1.3308553,0.0,0.0
10.56873,9.306973,5.766552,1.2617569,11.938585
2.0344656,6.5411787,1.8886796,4.506713,221.51828
0.0,0.0,3.0135536,0.0,0.0
0.0,0.0,1.3676165,0.0,0.0
0.26154253,4.4970274,1.0847365,4.235485,1619.425
0.56879836,3.0788202,1.2720604,2.510022,441.28503
0.0,10.846421,2.0942252,10.846421,1084642000.0
0.0,10.140018,2.0301306,10.140018,1014001860.0
0.0,4.632093,1.0383126,4.632093,463209280.0
14.361692,10.224875,4.16482,4.136817,28.804523
0.0,4.0104737,5.337479,4.0104737,401047360.0
0.0,2.3498557,1.8796477,2.3498557,234985570.0
0.0,1.5413221,1.2030213,1.5413221,154132220.0
8.418187,9.050365,1.5719328,0.6321783,7.5096726
9.850401,7.031148,1.3898939,2.819253,28.620691
0.0,7.5222015,2.9088469,7.5222015,752220160.0
0.0,0.0,2.0907686,0.0,0.0
9.107212,12.89771,2.4294455,3.7904978,41.620834
17.504965,14.98253,5.512996,2.5224352,14.409827
0.0,0.0,1.5745006,0.0,0.0
9.092281,7.4717607,1.2642009,1.6205206,17.823036
0.0,1.1521547,1.3649431,1.1521547,115215470.0
63.792297,29.442734,5.4779963,34.349564,53.84594
10.380107,6.3123646,5.03967,4.0677423,39.187866
0.0,1.552084,1.2743202,1.552084,155208400.0
8.747964,3.8850608,3.2872674,4.862903,55.58897
0.24621357,0.0,4.262782,0.24621357,100.0
0.0,0.0,1.7729627,0.0,0.0
0.0,1.0448725,4.058617,1.0448725,104487250.0
0.0,3.3297768,1.0965742,3.3297768,332977660.0
0.0,3.7946389,1.3511032,3.7946389,379463900.0
14.110515,5.940694,1.1300268,8.169821,57.898815
0.0,4.8535137,1.2836856,4.8535137,485351400.0
7.2081094,11.5894575,5.615919,4.381348,60.7836
0.0,1.5599513,1.2807915,1.5599513,155995140.0
0.0,1.9040523,1.7819209,1.9040523,190405230.0
0.0,9.462557,2.6221106,9.462557,946255700.0
12.087339,6.5604196,1.3097805,5.52692,45.724865
0.0,14.603042,2.054381,14.603042,1460304300.0
0.0,0.0,1.484855,0.0,0.0
2.593622,7.5679884,1.6044523,4.974366,191.79225
23.704742,16.625233,1.2176393,7.0795097,29.865374
0.0,0.46795464,1.3215249,0.46795464,46795464.0
8.645705,7.5965576,2.5476744,1.0491476,12.134899
16.832315,15.443165,1.6014662,1.3891506,8.252879
0.0,3.3524902,1.1159364,3.3524902,335249020.0
0.0,11.068596,3.0521252,11.068596,1106859600.0
43.16132,71.32448,2.6998813,28.163158,65.25092
7.0403824,2.2853339,1.9291291,4.7550488,67.53964
13.122373,6.5714607,1.3602539,6.550912,49.921703
0.0,3.8000216,1.574225,3.8000216,380002180.0
22.271511,18.515833,2.19451,3.7556782,16.86315
11.942518,10.838505,5.7304306,1.1040134,9.244394
0.24261355,5.046257,2.491672,4.803643,1979.9567
0.0,2.3866363,1.342511,2.3866363,238663620.0
0.0,0.0,1.5835426,0.0,0.0
18.108599,13.387216,1.4592825,4.721383,26.072603
0.0,8.416637,2.3446946,8.416637,841663740.0
7.7467017,4.430397,1.035032,3.3163047,42.809246
0.0,2.4116976,1.9809768,2.4116976,241169780.0
0.0,11.8550825,2.0665758,11.8550825,1185508400.0
72.41518,79.5413,2.779327,7.1261215,9.840647
57.806454,26.981941,5.179476,30.824512,53.32365
10.990675,6.361623,1.4767222,4.629052,42.117996
0.0,0.0,1.7004728,0.0,0.0
46.49873,15.748226,2.0785205,30.750504,66.13192
0.0,3.010174,1.5630622,3.010174,301017400.0
11.007607,17.246431,1.8925203,6.238824,56.677383
0.0,0.0,3.108906,0.0,0.0
12.746414,6.2943263,1.4300405,6.452088,50.618847
0.0,2.4968967,1.7251552,2.4968967,249689660.0
9.624181,11.677108,2.1455193,2.052927,21.330927
4.944123,7.194151,2.227301,2.2500281,45.509148
35.549984,22.46292,1.8537283,13.087065,36.813137
0.0,2.7460933,2.0365016,2.7460933,274609300.0
20.491526,12.487105,1.2543375,8.00442,39.0621
10.959371,12.53514,1.6175432,1.5757694,14.3782835
20.274643,15.94153,1.2077888,4.3331127,21.37208
0.0,0.0,1.4463245,0.0,0.0
0.0,8.683538,2.146029,8.683538,868353800.0
0.0,0.0,4.840926,0.0,0.0
0.0,0.0,1.9537202,0.0,0.0
0.0,5.5858717,1.5693947,5.5858717,558587140.0
0.0,13.074239,1.8891122,13.074239,1307423900.0
0.0,0.0,2.3381476,0.0,0.0
3.9688613,4.5703115,1.5807934,0.6014502,15.154225
7.8613024,8.108557,2.4238281,0.24725437,3.1452088
6.4930367,4.5100846,1.1659594,1.9829521,30.53967
0.0,0.0,1.9168373,0.0,0.0
0.0,0.0,1.4651219,0.0,0.0
0.0,0.0,1.3562876,0.0,0.0
4.817167,8.53592,2.1236124,3.7187533,77.19794
16.039608,11.699403,1.1831112,4.340205,27.059296
0.89660317,8.411446,1.4421433,7.5148425,838.1459
13.596028,15.864102,2.621638,2.268074,16.681887
9.628972,6.0341134,1.3535348,3.5948586,37.333775
7.6722775,10.972297,1.9791187,3.3000193,43.01225
0.0,0.0,1.9423066,0.0,0.0
6.7540684,3.1407998,2.0107198,3.6132686,53.49766
4.3881545,6.7424593,4.367091,2.3543048,53.651367
0.0,0.0,1.6890079,0.0,0.0
40.264854,40.705154,2.4676516,0.4403,1.0935094
0.0,6.8530445,1.6391078,6.8530445,685304450.0
34.51995,22.60282,2.9178662,11.917131,34.522446
40.322308,27.650358,4.1975484,12.671949,31.426647
0.0,3.5776615,2.410785,3.5776615,357766140.0
0.0,0.0,1.3246733,0.0,0.0
0.0,0.0,1.4871699,0.0,0.0
0.0,0.0,1.0768285,0.0,0.0
0.0,0.0,1.3797133,0.0,0.0
11.352184,10.474973,5.668095,0.8772116,7.7272496
0.0,0.0,2.5249515,0.0,0.0
10.589375,27.87936,2.1519282,17.289986,163.27673
2.1519203,6.0157785,1.5183624,3.8638582,179.55397
12.385687,7.125268,2.106986,5.260419,42.471756
0.0,0.0,1.0991853,0.0,0.0
0.0,0.32201838,1.3623052,0.32201838,32201840.0
17.219809,15.422822,1.7017207,1.7969866,10.435578
7.8878603,8.013891,3.337957,0.12603092,1.5977834
65.25173,50.77437,4.3209453,14.477364,22.186941
0.0,0.4461558,1.5983863,0.4461558,44615576.0
3.9893076,7.2761154,1.5557951,3.2868078,82.390434
0.0,3.2529752,1.5464675,3.2529752,325297500.0
10.596257,4.735823,5.7816668,5.860434,55.30664
11.234885,15.987635,2.0814757,4.7527494,42.303497
0.0,11.57598,1.951584,11.57598,1157598100.0
4.8511834,10.136616,2.9471703,5.2854323,108.9514
0.0,0.88549876,1.5502456,0.88549876,88549870.0
0.0,0.0,0.99271137,0.0,0.0
40.76692,41.441216,3.398093,0.67429733,1.6540307
4.303158,8.348489,2.2044964,4.045331,94.00843
9.966728,10.128754,2.0324109,0.16202545,1.6256634
107.08966,105.65193,2.395485,1.4377289,1.3425468
11.124519,9.767405,2.130072,1.3571148,12.199312
3.768623,10.658441,5.1619287,6.889817,182.82056
216.50209,179.5212,2.2237554,36.980896,17.08108
0.0,0.0,1.1715585,0.0,0.0
0.0,4.8342175,2.48403,4.8342175,483421760.0
7.154196,6.1099358,2.1240704,1.04426,14.59647
7.019224,10.452095,1.9942905,3.4328709,48.9067
15.402045,18.60294,1.4942384,3.2008944,20.782269
10.878585,10.473184,5.761732,0.40540123,3.726599
4.4306874,15.29272,2.233965,10.862032,245.15457
0.0,0.0,1.0054585,0.0,0.0
0.0,14.422367,1.5179993,14.422367,1442236700.0
12.870892,5.45996,0.9667073,7.4109316,57.579006
10.17219,6.8192663,1.5738136,3.3529234,32.961666
0.0,3.7662666,1.5850264,3.7662666,376626660.0
11.649742,9.1052,1.4772407,2.5445423,21.842049
0.0,1.5215454,1.0990067,1.5215454,152154540.0
6.561846,11.594524,2.3822982,5.0326786,76.69608
0.0,4.3906393,4.1497416,4.3906393,439063940.0
0.0,0.0,1.269717,0.0,0.0
0.0,0.0,1.6489472,0.0,0.0
5.13315,9.785064,1.3853999,4.6519136,90.62493
0.0,4.636649,1.5119289,4.636649,463664930.0
0.0,0.11811614,2.2481568,0.11811614,11811614.0
0.0,0.0,1.0603501,0.0,0.0
8.207352,7.6296463,2.5158727,0.5777054,7.038877
0.0,5.0720825,1.9811063,5.0720825,507208260.0
7.2780685,7.5039253,3.6501658,0.22585678,3.1032517
135.45767,210.74063,3.230081,75.28296,55.57674
52.808586,53.473434,2.9621608,0.6648483,1.2589777
8.105559,4.122633,2.2339845,3.9829264,49.138203
0.0,0.0,1.5326533,0.0,0.0
10.946975,2.8169467,1.7918819,8.130028,74.26735
9.089605,4.7320237,1.2911125,4.3575816,47.940273
0.0,1.4334319,3.1301792,1.4334319,143343180.0
4.7526183,3.9406548,1.2588866,0.81196356,17.084553
0.0,5.7531214,4.6322317,5.7531214,575312100.0
0.0,3.4507675,1.4309218,3.4507675,345076770.0
0.0,6.449213,1.2512575,6.449213,644921340.0
6.1833405,8.33466,1.7467536,2.151319,34.79218
26.06257,17.861464,1.3867244,8.201107,31.466993
0.0,5.012294,1.4406077,5.012294,501229380.0
0.0,0.0,4.5611444,0.0,0.0
7.2284846,9.134409,2.5753736,1.9059243,26.36686
0.0,5.624192,3.6862698,5.624192,562419260.0
0.0,0.0,1.5609876,0.0,0.0
0.0,0.89881384,1.2399492,0.89881384,89881384.0
14.3859625,12.610383,3.3261416,1.7755795,12.342445
9.159825,8.446853,2.0663183,0.71297264,7.7836924
11.692736,4.6445155,1.222991,7.04822,60.278625
33.55378,23.164198,2.7313814,10.389582,30.963966
0.0,5.85007,1.7373282,5.85007,585007040.0
6.027259,4.503847,1.8896549,1.5234118,25.275366
0.0,0.49327874,1.2017602,0.49327874,49327870.0
0.0,0.0,1.3331048,0.0,0.0
10.080817,5.6433125,2.0765326,4.437505,44.0193
22.440126,22.397905,2.2445543,0.04222107,0.18814987
0.0,5.0513754,1.882564,5.0513754,505137540.0
151.60315,185.15881,4.2527933,33.555664,22.133883
10.7110615,2.9282582,1.7004133,7.7828035,72.66136
44.82081,30.292913,2.8284059,14.527895,32.413284
5.641777,3.0971446,2.2798345,2.5446324,45.103386
1.563591,2.1138978,1.7733822,0.5503068,35.19506
0.0,3.8992581,1.3147624,3.8992581,389925820.0
6.008836,4.0188828,1.855711,1.989953,33.117115
96.40139,104.753624,2.4143252,8.352234,8.664018
0.0,4.566159,1.1822886,4.566159,456615870.0
0.032135002,0.6271827,2.631519,0.5950477,1851.712
0.34253728,2.153881,1.8214455,1.8113438,528.80194
4.2483726,2.4385562,1.318217,1.8098164,42.600224
18.70897,20.024351,5.104162,1.315382,7.0307565
0.6037378,6.0225115,5.0151854,5.4187737,897.53766
0.0,1.6488391,1.3797153,1.6488391,164883900.0
7.832538,7.795226,3.0540721,0.03731203,0.47637215
10.841154,4.197127,1.3345785,6.644027,61.285236
0.0,1.4877799,2.0390706,1.4877799,148777980.0
8.544987,7.335023,5.40793,1.2099638,14.159926
11.318771,4.295038,1.1943828,7.023733,62.053844
0.0,3.863858,3.238906,3.863858,386385800.0
6.3572116,2.9344351,1.3151076,3.4227765,53.840847
0.0,0.31534934,1.9426581,0.31534934,31534936.0
0.0,4.474059,1.0520196,4.474059,447405920.0
1.7723787,6.004772,5.6044226,4.2323933,238.79735
0.0,4.685824,1.1033282,4.685824,468582400.0
0.0,3.830325,0.9923232,3.830325,383032500.0
4.535519,7.0699854,3.5329213,2.5344663,55.8804
3.364663,2.7000327,4.495866,0.6646302,19.753248
7.27673,4.495942,1.3946415,2.780788,38.2148
6.988375,6.6094766,5.5220056,0.37889862,5.4218416
0.0,7.502673,1.2709264,7.502673,750267300.0
50.225826,18.666546,5.655219,31.55928,62.834766
0.0,0.0,1.7926279,0.0,0.0
0.0,3.2921598,1.681626,3.2921598,329215970.0
1.239749,3.0513983,5.364161,1.8116493,146.13034
14.470339,4.8136177,1.6274567,9.656721,66.73459
37.28163,20.578321,1.2903012,16.70331,44.80306
0.0,0.0,1.513953,0.0,0.0
0.0,0.0,1.899554,0.0,0.0
0.0,0.0,1.9193164,0.0,0.0
79.981316,64.8295,4.608783,15.151817,18.944197
0.41107643,3.6563725,1.3359983,3.245296,789.46295
7.8600616,3.3147836,2.235868,4.545278,57.82751
0.0,3.1518636,1.6195583,3.1518636,315186370.0
0.46121016,11.111374,5.759893,10.650164,2309.178
0.0,7.1632547,1.5494642,7.1632547,716325500.0
3.5696104,4.3472104,2.3585572,0.77760005,21.783892
7.0931635,3.4803567,2.3172758,3.6128068,50.933643
37.67983,17.829723,1.4557991,19.850105,52.680984
17.260183,11.016532,1.9116855,6.2436514,36.173725
31.920576,31.86841,4.8064895,0.052165985,0.16342433
0.0,3.1729503,2.9602015,3.1729503,317295000.0
1.2470633,7.083359,1.3603927,5.8362956,468.00317
20.345675,10.352379,1.8296431,9.993296,49.117546
0.0,0.34277034,2.6907797,0.34277034,34277036.0
0.0,0.0,1.8061349,0.0,0.0
6.9847283,9.223325,5.7707496,2.2385964,32.049873
15.017244,9.490858,1.3104073,5.5263863,36.800266
12.173936,12.103815,5.744279,0.07012081,0.5759913
0.0,8.683676,1.9071465,8.683676,868367550.0
94.67884,92.64332,3.7358851,2.0355225,2.1499233
0.0,1.198591,1.3403128,1.198591,119859100.0
0.0,0.0,1.6315821,0.0,0.0
46.045746,34.107166,2.3857896,11.93858,25.927649
7.641802,7.0998173,1.8513371,0.54198456,7.092366
0.0,5.423805,1.4648237,5.423805,542380500.0
0.0,0.0,1.5560862,0.0,0.0
3.4544632,7.0170746,2.007303,3.5626113,103.13068
12.6008415,12.360478,1.7118104,0.24036312,1.9075164
22.720266,7.8858347,5.7796884,14.834432,65.291626
0.0,0.04485011,1.3100616,0.04485011,4485011.0
16.193535,11.976819,1.4024343,4.216716,26.039501
0.04357358,5.807744,1.9417742,5.7641706,13228.591
0.0,2.97869,1.5807463,2.97869,297869000.0
35.234066,26.992043,2.089613,8.242023,23.3922
0.65375817,0.0,3.2060924,0.65375817,100.0
0.0,5.2216387,1.1571398,5.2216387,522163870.0
0.0,0.0,1.383997,0.0,0.0
0.0,1.7656252,2.0513287,1.7656252,176562530.0
13.302552,10.9514675,5.767352,2.3510847,17.673937
0.0,2.388593,1.3655558,2.388593,238859300.0
15.633155,7.2935123,1.1590568,8.339643,53.34587
0.0,1.3076448,1.3719665,1.3076448,130764480.0
11.862383,12.142698,2.4476697,0.2803154,2.3630614
3.4441729,5.54603,1.299566,2.1018572,61.02647
3.317075,5.6487684,2.451547,2.3316934,70.29366
6.4283724,9.467985,4.6937943,3.0396128,47.28433
0.0,3.9653656,1.3067772,3.9653656,396536580.0
2.763725,16.074316,2.1608984,13.310591,481.61777
30.815928,8.742857,2.0698216,22.07307,71.62878
0.0,0.0,1.777237,0.0,0.0
5.09852,11.129735,3.7212062,6.031215,118.29346
0.0,3.1313996,1.5896009,3.1313996,313139970.0
45.00874,67.0265,3.0054162,22.017757,48.918846
0.0,10.462649,1.732683,10.462649,1046264900.0
9.739012,5.3368673,1.3649209,4.4021444,45.20114
0.75815046,5.6441317,1.5446287,4.885981,644.46063
46.478516,18.322506,1.487368,28.15601,60.57855
10.584854,5.569496,1.5540692,5.015358,47.3824
6.041179,5.8526773,1.317531,0.18850183,3.1202822
54.318123,36.97629,2.3229165,17.341831,31.926418
4.301083,11.643895,1.5872535,7.342812,170.72006
7.148259,3.724036,1.3069115,3.4242232,47.902897
25.773624,26.708958,3.6164281,0.93533325,3.6290326
0.0007872806,3.4959972,3.899562,3.49521,443959.88
3.6092944,6.3695307,1.4716192,2.7602363,76.475784
0.0,1.3450351,1.3293977,1.3450351,134503500.0
0.0,5.076685,3.2636044,5.076685,507668480.0
9.701282,14.623061,2.805081,4.9217796,50.733295
8.349968,4.7590504,1.5846984,3.5909176,43.005165
0.0,5.6616163,1.0970715,5.6616163,566161600.0
13.088282,11.475964,4.1422043,1.612318,12.318791
18.947176,20.978361,2.0518827,2.0311852,10.720253
18.16399,10.032978,5.77515,8.131012,44.764458
3.0592089,4.502535,1.5657213,1.443326,47.179714
26.409998,7.4309816,1.3419015,18.979015,71.86299
172.7499,220.65527,2.7657313,47.90538,27.731062
34.622154,28.156086,1.7896569,6.4660683,18.6761
7.073697,2.880501,2.0188866,4.1931963,59.27871
11.301189,10.115685,2.2142603,1.185504,10.490082
76.24027,72.2823,3.2302082,3.9579697,5.191442
0.0,0.0,1.3358998,0.0,0.0
10.836503,5.4338784,1.9518957,5.4026246,49.855793
10.777371,4.0816965,1.1239969,6.695675,62.127163
4.440892e-14,7.8255014,2.3064485,7.8255014,782550140.0
9.254502,5.1064053,1.905429,4.148097,44.822475
0.0,0.0,1.3437991,0.0,0.0
0.0,0.0,2.0836334,0.0,0.0
83.49414,90.11821,3.687467,6.624069,7.9335737
9.473018,9.572502,1.6847389,0.09948444,1.0501875
22.781748,18.22717,2.1176996,4.554577,19.99222
0.0,5.329961,1.093969,5.329961,532996100.0
0.0,1.5304812,1.5989053,1.5304812,153048130.0
4.952222,6.802044,2.9612744,1.849822,37.35338
1.380672,3.096778,1.7661468,1.7161059,124.29498
14.124603,11.958107,4.8535967,2.1664963,15.338457
0.0,3.6074018,1.3663315,3.6074018,360740160.0
0.0,0.0,1.8626912,0.0,0.0
11.2962055,4.111662,1.4928604,7.1845436,63.601387
22.73278,15.191091,1.35667,7.54169,33.175396
7.851514,8.230766,5.415998,0.37925243,4.83031
5.3862395,4.505912,1.3202194,0.8803277,16.344013
17.190475,6.287529,1.1532464,10.902946,63.424347
12.315279,8.067919,5.7464275,4.24736,34.48854
0.0,5.0429068,1.5062509,5.0429068,504290700.0
0.0,0.840539,1.6891298,0.840539,84053896.0
8.485426,5.591823,1.8406612,2.8936028,34.100857
0.0,2.908776,5.2782674,2.908776,290877600.0
0.0,0.0,1.3394802,0.0,0.0
6.759901,8.454736,3.619364,1.6948347,25.071886
9.890977,6.257004,1.3426844,3.6339731,36.740284
0.0,1.8981397,1.6840498,1.8981397,189813970.0
14.911236,11.555565,5.7572494,3.355671,22.50431
12.29182,12.126971,4.0453563,0.16484833,1.3411223
16.534803,12.60091,1.343846,3.9338932,23.791594
2.2918344,2.0930583,3.082158,0.198776,8.673228
5.9526925,7.6966686,2.1674995,1.7439761,29.297266
80.71399,65.87991,3.0185885,14.834076,18.378569
19.761042,21.059828,1.4798478,1.2987862,6.572458
22.303923,19.381014,2.2531679,2.9229088,13.10491
0.0,0.40572906,1.4606955,0.40572906,40572908.0
0.0,10.716014,1.5815382,10.716014,1071601500.0
2.2904773,5.721716,2.7572825,3.4312387,149.80453
16.545158,12.022401,2.985382,4.5227575,27.335836
0.0,0.0,2.6118255,0.0,0.0
11.504853,8.005117,1.825273,3.4997358,30.419647
9.565886,7.8703747,2.5790546,1.6955109,17.724558
10.43538,9.527794,1.3723196,0.9075861,8.697202
0.0,2.201123,1.6573105,2.201123,220112300.0
55.229355,45.270443,4.554368,9.958912,18.031918
0.0,0.0,1.7205298,0.0,0.0
0.67781705,1.8785496,0.989245,1.2007325,177.14699
7.028008,6.877159,2.446289,0.15084887,2.1463957
4.0829787,12.402842,2.5572305,8.319862,203.76942
0.0,0.0,1.8745418,0.0,0.0
23.010727,15.311255,1.9915863,7.6994715,33.460358
7.215226,10.817813,3.5696094,3.6025867,49.930336
114.89099,144.92923,4.7240148,30.038239,26.144989
0.8211149,7.454877,2.298435,6.633762,807.89685
0.0,0.5648849,1.1404872,0.5648849,56488492.0
8.433207,10.331187,2.0091906,1.8979807,22.506039
0.0,5.7565317,1.7237676,5.7565317,575653200.0
3.2826588,7.1256495,2.1852844,3.8429906,117.06945
25.462795,21.648039,2.0525784,3.8147564,14.981688
6.3622947,10.338895,4.071652,3.9766002,62.502605
0.0,0.959224,1.6376102,0.959224,95922400.0
0.87397337,5.481988,2.1336915,4.6080146,527.24884
0.0,0.0,1.6317422,0.0,0.0
27.20739,5.409842,1.3826568,21.797548,80.11628
11.101351,6.8033323,1.4469086,4.2980185,38.716175
0.0,4.503397,1.4975599,4.503397,450339680.0
1.0724555,4.6035542,1.5411965,3.5310988,329.25366
47.45445,34.60412,2.3141322,12.85033,27.079296
0.0,2.3485012,1.762535,2.3485012,234850130.0
6.4880223,3.817028,2.5154076,2.6709943,41.16808
2.0467074,6.8254576,2.2223375,4.7787504,233.48479
0.0,3.9044483,1.5277379,3.9044483,390444830.0
167.42885,174.1481,2.7340841,6.7192535,4.0131993
2.3332772,3.0555408,1.3644428,0.7222636,30.954897
70.80103,65.95098,3.9831529,4.850052,6.850256
0.0,0.0,2.341395,0.0,0.0
0.0,3.9360719,1.2738817,3.9360719,393607170.0
8.373709,9.769664,1.8057617,1.3959551,16.67069
1.5806118,4.4545994,1.1987376,2.8739877,181.82755
0.0,3.018874,3.0613153,3.018874,301887400.0
0.0,1.6088364,4.5117755,1.6088364,160883630.0
0.0,0.0,1.3929555,0.0,0.0
0.0,9.977768,1.7645986,9.977768,997776800.0
0.0,0.0,1.8828273,0.0,0.0
0.0,6.977454,1.766588,6.977454,697745400.0
0.0,0.0,1.5307281,0.0,0.0
0.0,8.401969,1.859529,8.401969,840196900.0
6.7780123,6.553721,1.761439,0.22429132,3.3091018
0.0,3.1920571,1.9198788,3.1920571,319205730.0
0.0,1.9418073,1.4214412,1.9418073,194180720.0
10.812448,3.8454988,1.191588,6.9669485,64.43452
0.0,1.5486923,1.3160926,1.5486923,154869230.0
0.0,0.0,1.3927584,0.0,0.0
0.0,2.8496907,2.4466562,2.8496907,284969060.0
16.362595,8.338522,1.4255131,8.024073,49.039124
0.0,0.0,1.4833533,0.0,0.0
5.7999988,7.9247503,2.5384738,2.1247516,36.633656
5.904058,6.141958,1.869027,0.23790026,4.029436
5.2325835,5.768921,2.4885936,0.5363374,10.249953
13.713283,16.890686,2.2544935,3.1774035,23.170263
0.0,2.5705335,1.4150779,2.5705335,257053340.0
7.851629,4.438877,2.824182,3.4127517,43.465527
141.06863,159.92062,3.6061318,18.85199,13.363701
0.0,0.0,1.8466346,0.0,0.0
0.0,0.0,2.679909,0.0,0.0
11.5310755,14.814159,2.2017555,3.283084,28.471619
20.69873,17.586811,1.8649486,3.1119194,15.034349
8.319862,7.374941,1.190986,0.9449215,11.357417
0.0,0.5934522,1.5198835,0.5934522,59345224.0
44.901775,28.674997,2.4255624,16.226778,36.13839
6.430957,12.254254,2.2427282,5.8232975,90.55103
7.666635,6.2847404,1.0558002,1.3818946,18.024786
9.469458,3.1793914,0.9783745,6.2900662,66.42478
0.0,4.513123,3.061699,4.513123,451312320.0
4.2663274,11.568378,1.1922138,7.302051,171.15543
3.2911844,4.713089,1.6075276,1.4219046,43.20343
9.452612,4.4223537,1.8432219,5.030258,53.215538
0.0,0.19023657,1.4902326,0.19023657,19023656.0
9.193442,10.486043,5.7353616,1.2926006,14.06003
11.574542,9.864562,5.716534,1.70998,14.77363
6.3442082,2.4862041,2.2041156,3.858004,60.811436
6.8369417,5.9959393,1.4860723,0.84100246,12.3008585
112.14011,128.96138,2.9916272,16.821274,15.000231
0.0,9.855482,5.745186,9.855482,985548200.0
8.520998,12.601104,1.4946373,4.080106,47.882957
9.529959,13.98668,4.1409516,4.4567213,46.765377
0.0,9.335125,1.8827058,9.335125,933512500.0
6.310286,8.000501,2.0797696,1.6902146,26.785072
0.0,0.0,2.0289223,0.0,0.0
7.4102974,4.5729747,0.96879053,2.8373227,38.288918
0.0,4.0716,1.1223463,4.0716,407160000.0
0.0,0.0,2.5895386,0.0,0.0
0.0,0.0,1.4302292,0.0,0.0
9.967001,8.629998,1.777617,1.3370028,13.414293
0.0,0.0,1.4210426,0.0,0.0
0.0,3.8013947,1.6772217,3.8013947,380139460.0
11.161369,8.535006,1.7354091,2.6263638,23.530838
0.0,0.86499286,1.4312857,0.86499286,86499280.0
6.304348,7.0981827,1.6561862,0.7938347,12.59186
0.0,0.020344019,1.2475281,0.020344019,2034401.9
30.520765,21.78748,3.7257664,8.733286,28.614244
0.0,0.0,0.9843161,0.0,0.0
0.0,2.0524898,1.9311396,2.0524898,205248980.0
9.228042,3.7743814,1.8901721,5.45366,59.09878
12.883462,10.830734,4.8933663,2.0527277,15.933044
9.757812,14.066306,2.930124,4.3084946,44.154312
0.0,5.7432327,5.764953,5.7432327,574323260.0
5.6794553,4.5914583,5.784139,1.087997,19.156713
21.614395,19.523464,2.0814886,2.090931,9.673789
11.594327,9.35136,5.7685776,2.2429667,19.34538
0.0,0.0,2.6092343,0.0,0.0
0.0,6.1941056,5.6776757,6.1941056,619410560.0
34.375713,7.0352745,1.4849821,27.340439,79.53417
0.0,1.5966897,1.4934295,1.5966897,159668980.0
5.3402643,9.766223,3.7979202,4.4259586,82.87901
0.0,0.20444608,1.3137791,0.20444608,20444606.0
0.115016595,5.592432,2.0898736,5.4774156,4762.283
0.0,0.58352304,1.4196823,0.58352304,58352304.0
13.155097,8.789768,1.7709907,4.365329,33.18355
0.0,0.0,1.9239587,0.0,0.0
0.0,7.461814,5.7235255,7.461814,746181400.0
6.233423,7.6706724,1.4359024,1.4372492,23.05714
133.40646,178.29016,2.311237,44.883698,33.644318
36.590843,26.886208,4.219273,9.704636,26.522034
11.153847,12.20302,5.7592764,1.0491734,9.406382
7.697907,5.859949,3.0082612,1.8379579,23.876074
13.583331,13.592961,1.6588484,0.009630203,0.070897214
0.0,0.9559994,3.0248094,0.9559994,95599940.0
0.0,10.358676,2.1495962,10.358676,1035867600.0
0.0,0.9767206,1.3902198,0.9767206,97672056.0
9.482247,6.11833,1.4469106,3.3639174,35.47595
19.346403,6.1235747,1.956604,13.222828,68.34773
8.4505415,14.028894,1.8821616,5.578353,66.01178
0.06262266,5.8750668,2.1598675,5.812444,9281.695
1.6821837,4.507264,2.96547,2.8250804,167.94124
0.0,0.0,1.4909389,0.0,0.0
29.116398,9.876537,1.3239084,19.23986,66.079124
6.5004134,6.66768,4.0139093,0.16726637,2.5731652
0.0,0.41952276,1.0791146,0.41952276,41952280.0
10.418678,9.430286,2.303918,0.9883919,9.48673
10.389218,5.676082,1.131324,4.713136,45.36565
12.259607,11.360896,1.537648,0.8987112,7.330669
31.886436,24.47459,2.3426287,7.411846,23.24451
7.0868278,7.2281456,1.4835352,0.14131784,1.9940917
0.0,0.0,2.460521,0.0,0.0
33.881287,23.272928,1.2946149,10.608358,31.310375
0.0,2.3866272,1.0060501,2.3866272,238662720.0
0.0,3.2474418,1.5120046,3.2474418,324744160.0
21.738132,15.718114,1.1785432,6.0200186,27.693356
0.0,0.0,3.0139327,0.0,0.0
9.641389,6.38729,4.2402434,3.254099,33.75135
3.130687,8.793526,1.3171371,5.662839,180.88167
14.400185,7.293418,1.2782596,7.1067667,49.351917
0.0,4.4599695,1.0743955,4.4599695,445996960.0
81.22247,65.339264,3.0150852,15.883209,19.555191
0.0,1.0455394,1.2375742,1.0455394,104553944.0
0.0,7.4753313,1.8357397,7.4753313,747533100.0
8.276871,9.463954,3.0200949,1.1870832,14.342175
0.0,0.0,1.0938174,0.0,0.0
5.4174,5.5301857,1.5027665,0.112785816,2.0819178
11.831438,10.469469,1.8329318,1.361969,11.511441
13.088071,7.5502157,1.3121419,5.537855,42.312233
20.41083,7.140689,1.705874,13.270141,65.01519
0.0,0.0,1.5171119,0.0,0.0
8.239966,7.777403,1.6421173,0.4625635,5.613658
20.820944,22.012259,2.0324924,1.1913147,5.721713
25.979385,12.82711,1.186651,13.152275,50.625813
0.0,9.003035,5.416085,9.003035,900303500.0
0.0,11.590482,2.520437,11.590482,1159048200.0
0.0,0.0,1.1766449,0.0,0.0
0.0,0.0,1.7057885,0.0,0.0
7.464287,7.827194,5.28005,0.3629074,4.8619165
0.0,9.99776,2.1280904,9.99776,999776000.0
5.111056,7.6018057,1.2647085,2.4907498,48.73259
0.0,3.491125,1.9248834,3.491125,349112500.0
19.288363,26.825237,2.6581497,7.536875,39.074726
15.368333,13.19453,1.8824707,2.1738033,14.144692
0.0,0.32449937,1.219899,0.32449937,32449936.0
0.0,2.2453365,3.3886158,2.2453365,224533660.0
0.0,0.0,2.133429,0.0,0.0
0.0,6.883355,1.6772888,6.883355,688335500.0
33.290962,25.332111,4.838652,7.958851,23.90694
0.0,2.4195445,1.4840853,2.4195445,241954450.0
0.0,0.0,1.2511295,0.0,0.0
0.0,3.5878296,1.2287828,3.5878296,358782940.0
0.0,0.87618375,1.3042607,0.87618375,87618376.0
5.2028503,3.819836,1.1549966,1.3830144,26.58186
0.0,0.0,1.2450281,0.0,0.0
0.0,2.718725,1.5275081,2.718725,271872500.0
1.5037955,6.360505,1.3853903,4.8567095,322.96344
0.0,1.0646122,1.6557589,1.0646122,106461220.0
13.072477,11.473554,3.7508638,1.5989237,12.231221
0.0,2.5141876,1.4339684,2.5141876,251418770.0
0.0,0.0,1.9110643,0.0,0.0
124.18996,162.13219,2.356563,37.94223,30.551771
11.150291,11.163177,3.0709028,0.012885094,0.115558356
0.0,0.71684766,2.3163211,0.71684766,71684770.0
0.0,2.8299632,1.1470076,2.8299632,282996320.0
9.338835,4.084099,1.034042,5.254736,56.267574
0.0,6.7610474,1.1482441,6.7610474,676104770.0
9.945511,10.020515,3.8780668,0.07500458,0.7541551
0.0,0.0,1.484273,0.0,0.0
44.376503,31.072348,2.4511638,13.304155,29.980179
0.0,0.0,1.928873,0.0,0.0
6.944202,2.565105,1.0431582,4.379097,63.0612
13.58777,13.876264,5.1314883,0.28849316,2.1231825
0.0,0.0,1.8860192,0.0,0.0
0.0,3.8555655,1.5872108,3.8555655,385556540.0
6.472364,9.731342,2.5129669,3.2589784,50.35221
8.432077,5.8485794,1.835961,2.583498,30.638926
0.0,0.0,1.3804623,0.0,0.0
0.0,3.3537226,0.99689305,3.3537226,335372260.0
0.0,2.2357998,2.0238392,2.2357998,223579980.0
0.0,5.6580744,1.6510252,5.6580744,565807400.0
0.0,1.2685587,1.1855993,1.2685587,126855870.0
2.4800951,3.9682367,3.1145363,1.4881415,60.003403
13.8002405,4.270543,1.6584189,9.529697,69.05457
0.0,1.7525752,1.3603506,1.7525752,175257520.0
62.488365,67.30038,2.6636567,4.8120117,7.700652
6.3598633,6.435033,3.1889603,0.07516956,1.1819367
0.0,0.0,1.3124717,0.0,0.0
4.4827714,2.5820863,3.0705025,1.9006851,42.399776
11.269298,3.0400262,2.3496513,8.229271,73.02382
31.040863,39.157776,2.4342246,8.116913,26.14912
0.0,0.0,2.7688818,0.0,0.0
12.466429,9.530416,5.773749,2.9360132,23.551357
1.3133656,9.876182,2.9586627,8.562816,651.97504
8.060236,5.585929,1.4734559,2.474307,30.6977
2.9259639,7.132263,1.3174427,4.2062993,143.75774
6.4523315,12.42541,2.2338006,5.9730787,92.57241
8.384675,8.214847,4.507711,0.16982841,2.0254622
7.42362,6.464879,1.7436962,0.9587412,12.914739
6.8844175,8.98391,1.3442909,2.099492,30.496292
10.403704,9.466741,5.7725186,0.9369631,9.006053
0.0,1.1958494,5.1228228,1.1958494,119584940.0
0.0,2.9497178,1.6468152,2.9497178,294971780.0
0.0,0.0,2.231102,0.0,0.0
0.0,0.0,2.1312537,0.0,0.0
9.621532,9.139551,5.0339427,0.48198128,5.0094023
0.0,0.0,1.9355396,0.0,0.0
0.0,0.52976394,1.4312177,0.52976394,52976396.0
18.440083,15.920959,2.39953,2.519123,13.661127
9.573361,4.4765906,0.9798803,5.096771,53.23909
0.0,0.0,1.1154885,0.0,0.0
0.0,9.604559,1.7426392,9.604559,960455900.0
0.0,0.0,1.2294214,0.0,0.0
1.469562,5.9240284,3.5286632,4.4544663,303.11523
11.282514,14.05655,4.243565,2.7740364,24.587042
0.0,3.768595,1.2882183,3.768595,376859500.0
32.941742,24.086887,2.7951946,8.854855,26.880348
6.1768303,5.1723986,1.2839909,1.0044317,16.261282
7.1868176,3.1177318,1.1006697,4.069086,56.618744
30.101261,20.4958,3.8501604,9.605461,31.910496
0.0,0.8171432,1.7851222,0.8171432,81714320.0
11.924473,8.605424,4.421627,3.319049,27.833925
4.8708043,7.1661377,2.1758256,2.2953334,47.12432
27.247059,27.533535,2.2994213,0.28647614,1.0514021
5.701228,14.871522,5.5978746,9.170294,160.84769
25.513998,18.736385,2.0844343,6.7776127,26.564291
0.0,0.0,4.586299,0.0,0.0
0.0,0.6387372,1.5031941,0.6387372,63873720.0
104.123055,122.48311,3.7153301,18.360054,17.633034
10.851368,14.250515,2.2021072,3.399147,31.324594
10.459202,10.2841835,2.744777,0.17501831,1.673343
0.0,0.9975319,1.5236924,0.9975319,99753190.0
0.0,6.66191,2.4130015,6.66191,666191000.0
0.0,2.5889177,2.3679078,2.5889177,258891790.0
30.783249,23.89455,2.532882,6.8886986,22.378077
17.583157,16.297255,3.2092748,1.285902,7.313261
0.0,4.521583,3.3827443,4.521583,452158300.0
4.708283,6.2242994,2.4385738,1.5160165,32.198925
0.0,2.6934922,1.4408691,2.6934922,269349220.0
0.0,1.860085,1.8350892,1.860085,186008500.0
47.15268,30.846802,1.9412442,16.305878,34.58102
17.513403,23.5993,1.6662487,6.0858974,34.749943
0.0,2.1260548,1.5607628,2.1260548,212605470.0
0.0,8.017034,1.3740419,8.017034,801703360.0
7.0940557,4.3256006,1.4732683,2.768455,39.024994
8.881784e-14,3.9143176,1.3827244,3.9143176,391431780.0
0.0,0.0,1.435925,0.0,0.0
0.0,6.851898,1.7142371,6.851898,685189800.0
0.0,0.0,2.4022477,0.0,0.0
14.91711,13.304034,2.6520112,1.6130762,10.813597
5.2310967,7.137247,3.1582935,1.9061503,36.438828
0.0,0.0,1.5214056,0.0,0.0
0.0,4.0902166,1.6082875,4.0902166,409021660.0
0.66218936,6.169997,3.1575408,5.5078077,831.7572
0.0,3.302542,1.5924457,3.302542,330254200.0
0.5580219,10.83088,1.5019794,10.272859,1840.9419
32.325657,20.955181,1.8933989,11.370476,35.17477
0.0,3.9274607,1.574357,3.9274607,392746080.0
14.923136,5.436824,1.3912408,9.486312,63.567818
0.0,1.8330996,1.6979393,1.8330996,183309970.0
0.0,10.669826,1.9794959,10.669826,1066982500.0
12.781195,12.33899,1.5788635,0.44220448,3.4598055
0.0,5.773363,1.3881115,5.773363,577336300.0
23.570772,17.678724,1.3570538,5.892048,24.997263
55.835495,37.82238,4.4836073,18.013115,32.261047
0.9276688,8.665132,5.6955175,7.737463,834.076
7.8421955,15.846578,2.5910325,8.004382,102.06813
15.747873,10.339807,2.813025,5.4080667,34.34157
10.234654,2.7048779,1.33907,7.5297766,73.57138
34.733208,16.650389,1.4300492,18.082819,52.062046
56.528072,33.73131,4.2591605,22.79676,40.328213
0.0,5.2032356,2.2346256,5.2032356,520323550.0
8.133139,4.1032057,1.0284526,4.029933,49.54954
11.836278,15.667089,1.6482942,3.8308115,32.365
0.0,0.4747131,1.4906677,0.4747131,47471308.0
10.019142,19.593956,2.322352,9.574814,95.56521
0.0,9.264361,2.045798,9.264361,926436160.0
0.0,1.1053631,3.0040267,1.1053631,110536320.0
12.378056,9.431549,1.8173848,2.9465065,23.804276
6.8778996,7.3631,2.0674062,0.4852004,7.0544853
0.0,4.60485,1.4455601,4.60485,460485000.0
6.2259626,5.909219,1.8612134,0.31674385,5.0874677
12.29322,6.868494,5.778987,5.4247255,44.127785
8.731186,6.7463923,5.3118753,1.9847937,22.732235
0.0,1.4353374,1.3222572,1.4353374,143533740.0
0.0,2.9391026,1.3201501,2.9391026,293910270.0
10.776158,6.658448,1.766468,4.11771,38.211296
0.0,6.608204,1.0812864,6.608204,660820350.0
4.416737,9.317939,5.7731056,4.9012017,110.968834
13.656745,9.726036,2.348824,3.930709,28.78218
0.0,7.6330137,1.4061911,7.6330137,763301400.0
55.52182,17.449913,1.6566434,38.071907,68.57107
0.91355824,5.6199064,1.4808586,4.7063484,515.16675
41.88652,26.148592,2.3739421,15.737928,37.572777
0.0,3.664287,1.272406,3.664287,366428700.0
20.17322,15.579453,1.87255,4.593766,22.771606
9.21522,5.308133,1.7351432,3.9070873,42.398197
5.090407,4.0607815,2.7621074,1.0296254,20.22678
3.0086515,7.377445,1.2183831,4.3687935,145.20769
8.052303,4.1581745,3.0344093,3.8941288,48.36043
21.508554,16.613644,2.8399858,4.894911,22.757973
0.0,0.0,1.6047262,0.0,0.0
11.424142,8.927333,2.4717283,2.496809,21.85555
0.0,2.9854534,1.4374372,2.9854534,298545340.0
25.837706,18.085625,1.7834162,7.752081,30.002975
0.0,2.6460447,1.1456499,2.6460447,264604460.0
6.371403,5.4479704,3.0826497,0.9234328,14.493399
11.9645,14.043489,2.030352,2.078989,17.376312
0.0,0.0,4.85876,0.0,0.0
0.0,1.9324672,1.7794669,1.9324672,193246720.0
0.0,0.0,2.261684,0.0,0.0
7.97668,2.1191387,1.633748,5.857541,73.43332
5.07094,6.0954714,2.716857,1.0245314,20.203974
0.0,2.5592787,2.0007157,2.5592787,255927870.0
6.7585073,7.260112,2.0471044,0.50160456,7.4218245
0.0,4.63459,2.1237903,4.63459,463459000.0
21.674326,21.879204,4.572713,0.20487785,0.94525594
0.0,1.4496082,1.7208779,1.4496082,144960820.0
4.1585507,4.7876873,1.3072617,0.62913656,15.128746
10.383185,9.98073,1.3296279,0.40245533,3.8760295
0.0,0.0,1.5039883,0.0,0.0
0.0,3.3016822,2.4217212,3.3016822,330168220.0
29.736263,15.732653,1.3017744,14.003611,47.092705
0.0,3.9835382,1.358604,3.9835382,398353820.0
35.677525,14.726235,1.9541131,20.95129,58.724056
18.678093,5.454527,1.2131785,13.223566,70.797195
12.274962,9.997818,4.6539416,2.2771444,18.551132
0.0,0.0,1.6990398,0.0,0.0
9.926161,12.09364,5.5756135,2.1674795,21.836031
10.633518,5.0771446,1.3443241,5.5563736,52.253387
0.0,0.0,1.2848752,0.0,0.0
7.5226927,3.967769,1.7341249,3.5549238,47.256
0.0,0.0,1.5442638,0.0,0.0
6.6800604,7.634343,2.050446,0.95428276,14.285541
14.750556,10.372467,2.9468753,4.378089,29.68084
6.5772934,3.9769077,1.2610619,2.6003857,39.5358
43.186176,50.027267,2.800103,6.841091,15.840928
0.45411196,5.6626053,1.6017389,5.208493,1146.9623
0.0,1.5171509,2.3155355,1.5171509,151715090.0
21.864075,17.204863,2.062177,4.659212,21.309898
0.0,0.0,1.7737796,0.0,0.0
0.0,8.619773,1.4131161,8.619773,861977300.0
9.283945,9.00123,5.7690554,0.28271484,3.0452015
0.0,0.8225157,1.7133845,0.8225157,82251570.0
0.0,2.5320566,1.6450816,2.5320566,253205660.0
2.6482508,5.294794,1.8721792,2.6465433,99.935524
0.0,0.0,3.6984124,0.0,0.0
0.0,2.193629,1.2839321,2.193629,219362900.0
0.0,10.259646,1.5813905,10.259646,1025964600.0
4.7114053,6.7978086,5.3391366,2.0864034,44.2841
0.0,4.2447996,1.8014957,4.2447996,424479940.0
9.241979,12.344689,5.7578425,3.1027107,33.57193
13.086661,14.112714,3.5238447,1.0260525,7.840445
5.824854,7.7655993,4.738772,1.9407454,33.31835
0.0,0.0,1.4282842,0.0,0.0
11.322385,5.277895,1.238112,6.04449,53.385307
12.187227,11.304669,5.726328,0.88255787,7.241662
8.30389,6.228451,2.0067725,2.0754395,24.99358
0.0,0.0,1.7973357,0.0,0.0
0.0,0.0,3.0594003,0.0,0.0
6.1247435,2.1273503,1.2680078,3.9973931,65.2663
0.0,5.7352915,2.3392193,5.7352915,573529150.0
0.0,1.0939391,1.0377007,1.0939391,109393900.0
8.6651125,7.0747356,2.3301146,1.5903769,18.353794
0.0,6.880597,2.1016788,6.880597,688059700.0
0.0,1.9212711,1.3676479,1.9212711,192127100.0
13.870652,14.793344,5.0031476,0.92269135,6.652112
0.0,6.042348,1.9942536,6.042348,604234800.0
2.1592085,4.062271,2.4866967,1.9030626,88.13705
107.775925,139.40932,4.2250915,31.633392,29.351076
0.0,5.130844,1.7720088,5.130844,513084400.0
7.9605107,4.2618275,1.1161773,3.6986833,46.462887
39.17545,25.359552,2.363243,13.815897,35.266724
0.0,0.0,2.0777042,0.0,0.0
0.07708795,12.384269,3.8989818,12.30718,15965.114
0.0,3.7778823,2.0965917,3.7778823,377788220.0
2.9658751,4.5867805,5.074869,1.6209054,54.651844
0.0,11.294282,2.569782,11.294282,1129428200.0
0.0,4.4346695,1.5760807,4.4346695,443466940.0
16.13235,7.122816,1.3490795,9.009535,55.847626
19.858702,20.081572,1.8974624,0.22286987,1.1222782
0.0,0.0,1.2028232,0.0,0.0
0.0,3.3501604,1.590154,3.3501604,335016030.0
13.449744,5.313001,1.1054353,8.136744,60.497387
0.9522673,2.5860445,1.9983119,1.6337773,171.5671
0.0,6.492305,1.7787497,6.492305,649230460.0
6.0741215,4.5403657,1.2479423,1.5337558,25.25066
0.0,4.3737936,1.7602779,4.3737936,437379360.0
0.0,0.37923837,2.4694133,0.37923837,37923836.0
0.0,2.967587,1.2822613,2.967587,296758700.0
0.0,2.4959588,1.5011644,2.4959588,249595890.0
10.120866,8.710793,4.37719,1.4100733,13.932338
11.965553,7.1378336,2.6829438,4.8277197,40.346817
0.0,2.4359736,1.1442206,2.4359736,243597360.0
0.0,2.3420181,1.6546013,2.3420181,234201810.0
8.066856,5.6556387,1.3864169,2.4112177,29.890425
7.275971,3.5628393,1.6195271,3.7131317,51.0328
4.277091,13.643894,2.4196198,9.366803,218.99939
4.8609114,5.24144,1.3765604,0.38052845,7.8283353
0.65213484,9.566244,1.0688353,8.914109,1366.912
6.9213953,4.3585625,1.3311197,2.5628328,37.02769
2.375323,3.317248,2.6497686,0.94192505,39.65461
1.2933191,7.526952,3.2054322,6.2336326,481.9872
31.820007,29.055124,1.9902158,2.764883,8.689135
11.610537,11.60427,1.9918214,0.006266594,0.053973336
11.1260195,9.562422,1.7177416,1.5635977,14.053523
18.40425,12.80488,1.928235,5.599369,30.424326
5.8139896,4.3817625,5.7824454,1.4322271,24.634153
0.0,9.074349,2.0396256,9.074349,907434940.0
10.664817,7.8739395,5.0072575,2.7908773,26.169014
0.0,0.0,1.8597387,0.0,0.0
21.57813,10.526399,1.357058,11.051732,51.21728
0.0,1.6631293,1.2135959,1.6631293,166312930.0
0.0,6.144842,1.0473552,6.144842,614484200.0
6.8062115,3.1394732,1.4026899,3.6667383,53.87341
10.643775,2.8715518,5.7848315,7.7722235,73.02131
77.59754,221.13713,3.0610943,143.53958,184.97954
0.0,1.3380237,3.2314372,1.3380237,133802370.0
0.0,0.0,1.1102439,0.0,0.0
7.622694,5.7073755,1.2433072,1.9153185,25.12653
2.8438652,4.360788,3.4373329,1.5169227,53.34018
44.121124,17.017742,1.3116693,27.103382,61.42949
2.3563125,6.3568144,2.0679886,4.0005016,169.77806
0.0,2.9217155,2.2755206,2.9217155,292171550.0
1.5388087,5.7642565,1.3514193,4.2254477,274.59213
0.0,0.39621997,1.8993722,0.39621997,39621996.0
0.0,0.0,1.4405388,0.0,0.0
16.544775,9.95172,1.7790039,6.593055,39.84977
0.53381765,6.1713586,1.3036654,5.637541,1056.08
24.984097,10.641721,2.5385623,14.342376,57.40602
0.0,4.858612,1.2830718,4.858612,485861220.0
0.96860045,7.490139,1.8538162,6.5215387,673.29504
0.0,3.267773,1.3184927,3.267773,326777280.0
0.0,0.0,1.9645371,0.0,0.0
0.0,4.187952,1.4206586,4.187952,418795200.0
4.0188856,6.2401237,1.4262763,2.2212381,55.27
38.61287,23.041325,1.5487593,15.571545,40.327343
20.78336,1.8254256,1.3144627,18.957933,91.21689
0.0,0.0,1.7420694,0.0,0.0
0.0,0.0,2.0352304,0.0,0.0
3.2461762,4.6161985,1.675022,1.3700223,42.204185
0.0,5.1165705,5.0626597,5.1165705,511657060.0
13.136792,13.637328,1.9818383,0.50053596,3.810184
14.68353,8.401874,1.7962828,6.2816563,42.78029
7.331322,10.74345,4.544945,3.412128,46.541782
0.0,3.4334114,3.9353805,3.4334114,343341120.0
0.0,1.7883029,1.2553089,1.7883029,178830290.0
0.0,6.0044327,1.2928118,6.0044327,600443260.0
9.74584,6.481135,1.0375278,3.2647052,33.498447
6.430497,7.808058,1.67034,1.3775606,21.422302
0.0,6.634592,1.2733694,6.634592,663459200.0
6.233931,9.377119,1.212673,3.143188,50.42064
8.375249,7.4238167,2.271503,0.9514322,11.360046
98.829765,113.8713,3.805915,15.041534,15.21964
10.619158,8.469373,2.2642486,2.149785,20.244402
0.8846368,4.2835655,2.795851,3.3989286,384.2174
8.990926,6.482604,4.6926866,2.5083218,27.89837
4.7122817,7.6265135,1.9021834,2.9142318,61.84333
6.0401464,3.8459415,1.288421,2.1942048,36.327015
0.0,7.6093607,5.7121,7.6093607,760936100.0
6.350924,8.304956,1.2906811,1.9540324,30.767687
0.0,0.0,1.6730635,0.0,0.0
13.51795,7.6019554,1.6100256,5.9159946,43.763992
0.0,5.718272,1.471607,5.718272,571827200.0
0.0,0.0,1.8951328,0.0,0.0
0.0,2.199071,1.3871019,2.199071,219907090.0
14.508319,13.792127,4.2985406,0.71619225,4.9364247
0.0,0.0,1.7332734,0.0,0.0
4.6445584,3.8545425,1.8490851,0.79001594,17.009495
0.0,9.879289,1.9545972,9.879289,987928900.0
19.180029,14.802751,1.6175414,4.3772783,22.822063
0.0,5.520858,1.5149769,5.520858,552085760.0
0.0,1.5233067,1.199331,1.5233067,152330670.0
0.0,0.0,1.5547643,0.0,0.0
10.777244,14.9793215,1.5564122,4.202078,38.990284
0.0,0.2658708,2.4189236,0.2658708,26587082.0
4.0513787,9.015208,5.6272573,4.9638295,122.52199
0.0,6.4678946,1.4078944,6.4678946,646789440.0
0.0,0.51040936,1.4925072,0.51040936,51040936.0
12.147802,7.3232327,1.426299,4.8245697,39.715576
0.0,5.544183,1.6109204,5.544183,554418300.0
0.0,2.8488655,1.9227874,2.8488655,284886530.0
0.0,0.0,1.179302,0.0,0.0
0.0,10.697754,5.763896,10.697754,1069775400.0
44.243267,10.965192,1.7054323,33.278076,75.21613
0.0,3.3860137,1.0455033,3.3860137,338601380.0
8.065838,5.0383806,1.4780816,3.0274572,37.534317
10.701751,7.149089,1.6117733,3.552662,33.197014
29.00713,20.357666,2.052194,8.649464,29.818405
0.0,0.0,2.3899245,0.0,0.0
0.0,0.0,1.9288008,0.0,0.0
0.0,0.0,1.2657268,0.0,0.0
10.580928,9.823452,2.2212942,0.75747585,7.1588798
0.0,5.7605457,1.2954558,5.7605457,576054600.0
32.614765,23.96003,5.379676,8.654736,26.536251
5.5825744,10.804513,1.723502,5.2219386,93.53997
0.0,5.2982407,0.9831198,5.2982407,529824100.0
12.26737,13.379659,5.3151712,1.1122885,9.067049
0.0,4.1999283,1.384172,4.1999283,419992830.0
0.0,3.9727888,1.3111632,3.9727888,397278880.0
8.731425,3.8720236,1.3575246,4.8594017,55.654163
0.0,6.554394,1.9843867,6.554394,655439400.0
7.1491976,3.1110144,1.4230833,4.038183,56.48443
137.84155,148.46106,2.393051,10.619507,7.7041407
0.0,0.89722276,1.4932891,0.89722276,89722270.0
3.3004045,1.7231016,1.373381,1.5773029,47.7912
6.147794,4.6657357,1.1161141,1.482058,24.107155
10.024208,13.72564,2.051878,3.7014322,36.924934
0.0,3.824313,1.91319,3.824313,382431300.0
3.1788154,13.369622,2.008013,10.190807,320.58508
0.0,0.0,2.4963124,0.0,0.0
0.0,3.9557369,1.3361404,3.9557369,395573700.0
0.0,1.7448704,1.6777351,1.7448704,174487040.0
20.241333,17.18505,5.3113704,3.056284,15.099222
11.672356,9.827851,1.3721806,1.8445044,15.802332
0.0,0.0,2.3520396,0.0,0.0
22.499979,4.530892,1.2228545,17.969088,79.862686
0.0,2.1698685,1.0668561,2.1698685,216986850.0
35.076538,16.2269,1.4036986,18.849638,53.73859
6.869429,7.1473265,1.7953656,0.27789736,4.0454216
52.233467,17.874763,1.3277179,34.358704,65.7791
12.862415,11.445293,3.3320513,1.4171219,11.017541
0.0,3.6065032,1.4014071,3.6065032,360650340.0
0.0,4.3672943,1.5445355,4.3672943,436729440.0
0.0,1.4932544,3.947265,1.4932544,149325440.0
10.524576,5.804188,1.7834145,4.7203884,44.851105
6.661338e-14,2.7551532,1.3771915,2.7551532,275515330.0
5.690881,2.7737021,1.2934431,2.9171786,51.260582
10.836211,8.315997,1.2397146,2.520214,23.257336
85.32698,84.30881,2.5547907,1.0181732,1.1932606
3.5939298,9.36792,1.3835324,5.77399,160.6595
0.0,0.0,1.823831,0.0,0.0
0.0,6.348501,1.4891629,6.348501,634850100.0
0.65012383,6.660242,2.0327182,6.0101185,924.45746
0.0,7.506282,1.6645136,7.506282,750628160.0
10.870481,8.270586,5.764971,2.5998945,23.917015
0.0,6.509862,2.3972583,6.509862,650986200.0
0.0,0.05570197,1.4837326,0.05570197,5570197.0
83.62581,90.36895,5.2033453,6.743141,8.063469
0.0,0.0,1.5633087,0.0,0.0
9.875493,6.7910614,2.7617261,3.0844316,31.233192
3.5498168,9.648509,1.229851,6.098692,171.80301
48.796642,65.365906,2.5535152,16.569263,33.955746
5.2725015,9.103639,5.770069,3.8311372,72.662605
0.0,0.6678741,1.6482861,0.6678741,66787410.0
0.0,0.0,1.9693075,0.0,0.0
10.661889,2.0359619,1.5953871,8.625927,80.904305
10.459366,8.380715,4.635984,2.0786505,19.87358
0.11915446,1.832404,1.0157106,1.7132496,1437.8391
5.3809953,6.050622,1.8768349,0.6696267,12.444291
0.0,5.3123145,1.529451,5.3123145,531231460.0
0.0,1.91535,1.6541754,1.91535,191535000.0
3.5997572,8.468425,1.2172272,4.8686676,135.2499
0.0,3.6079755,1.4934967,3.6079755,360797540.0
0.0,11.550784,2.386147,11.550784,1155078400.0
14.436249,6.428501,1.2902554,8.007748,55.469727
4.009593,6.30828,2.2393296,2.298687,57.329685
15.613926,7.820404,1.2230815,7.793522,49.913914
0.0,7.7113056,1.1697451,7.7113056,771130560.0
5.9344416,4.926856,2.7077777,1.0075855,16.978607
0.0,0.0,4.746598,0.0,0.0
0.0,5.502714,1.5758954,5.502714,550271400.0
0.0,2.2024858,2.0287852,2.2024858,220248580.0
23.927,14.902375,2.9242182,9.024625,37.717327
11.305177,14.675186,5.0253134,3.3700094,29.809437
6.586388,3.2258823,1.6400635,3.3605058,51.02198
0.0,2.463255,1.1378887,2.463255,246325500.0
8.332769,6.2310953,2.322966,2.101674,25.221796
0.0,4.647477,1.3930918,4.647477,464747700.0
4.691104,7.7022133,1.3523823,3.0111094,64.187645
0.0,0.62353563,1.0531539,0.62353563,62353560.0
0.0,2.086831,1.0988643,2.086831,208683100.0
9.903273,11.888655,2.4649065,1.9853821,20.047737
12.444464,9.270334,1.4775634,3.1741295,25.50636
5.997573,5.8809786,2.2750194,0.116594315,1.9440249
0.0,7.8266563,1.6305677,7.8266563,782665660.0
0.0,0.0,4.047183,0.0,0.0
10.401009,11.15392,2.5050023,0.75291157,7.238832
3.7392943,5.8265877,1.4104742,2.0872934,55.82052
8.632096,7.503194,1.8225259,1.1289024,13.077964
0.0,4.9157667,2.069638,4.9157667,491576670.0
8.209236,8.844267,4.50162,0.63503075,7.735564
78.47939,79.97768,3.71006,1.4982834,1.9091424
0.0,0.0,1.4192805,0.0,0.0
8.928708,9.611554,2.3916218,0.68284607,7.647759
7.156148,7.164135,1.2728908,0.007987022,0.111610636
8.992004,9.0938015,1.0589335,0.101797104,1.1320847
21.538773,19.723295,1.3898088,1.8154774,8.42888
0.0,2.5840535,1.0922346,2.5840535,258405360.0
4.827876,7.928541,5.7434735,3.100665,64.224205
734.3988,186.72649,4.4649787,547.6723,74.574234
6.718805,5.6167345,1.7909253,1.1020703,16.402773
0.0,0.0,2.766946,0.0,0.0
125.010056,117.44605,4.62168,7.564003,6.0507154
8.541617,4.657232,2.6094325,3.8843856,45.475998
164.59639,172.84843,2.2405303,8.252045,5.013503
6.5925584,7.8994417,2.6871781,1.3068833,19.823614
4.938916,5.2442036,1.519677,0.30528736,6.181262
0.0,0.3219421,1.7285919,0.3219421,32194210.0
140.12317,151.3447,4.8230457,11.221527,8.008331
0.0,1.3972905,2.0886383,1.3972905,139729060.0
1.1833527,6.5107203,1.5678481,5.327368,450.19272
2.9821024,2.2447646,1.7475783,0.7373378,24.725435
8.814287,6.812106,1.6975315,2.002181,22.71518
127.70854,142.21645,3.0086153,14.507904,11.3601675
25.295218,2.3762002,2.1968365,22.919018,90.60613
0.0,3.2483568,2.7026753,3.2483568,324835680.0
0.0,2.2294693,1.3181216,2.2294693,222946930.0
7.5061955,11.822925,2.2932258,4.316729,57.50888
33.480988,28.05712,1.5739651,5.423868,16.199846
11.728464,12.154395,5.6439247,0.42593098,3.6316006
0.0,3.3281312,3.9441204,3.3281312,332813120.0
0.0,0.0,1.7964739,0.0,0.0
12.634182,5.3591623,1.1894733,7.2750196,57.58204
7.364713,2.7943976,1.5719297,4.5703154,62.056934
0.0,0.0,2.1161118,0.0,0.0
0.0,0.0,1.423407,0.0,0.0
12.420464,5.431725,1.8584743,6.9887385,56.267937
24.975796,22.377989,1.7995296,2.597807,10.4012985
9.844608,9.628625,1.0800598,0.21598339,2.1939256
0.0,0.0,3.1668074,0.0,0.0
2.680953,5.447397,1.2255538,2.7664442,103.18883
0.0,0.0,1.9934175,0.0,0.0
2.7793179,3.7670603,1.322914,0.9877424,35.539024
7.190528,6.003026,4.7870336,1.1875019,16.514809
0.0,1.392159,1.7352542,1.392159,139215900.0
0.0,4.4990826,1.6342307,4.4990826,449908260.0
10.712935,6.3806386,2.535031,4.332297,40.439865
0.0,6.76243,1.3862264,6.76243,676243100.0
0.0,0.5758307,1.4601914,0.5758307,57583068.0
0.0,3.148961,0.95280796,3.148961,314896130.0
10.03318,7.927411,5.2892876,2.1057692,20.988052
4.115557,8.940443,5.771448,4.824886,117.2353
0.939295,4.1532645,1.4309405,3.2139695,342.16827
8.900648,12.532091,5.482186,3.631443,40.79976
19.403734,18.69776,1.7917595,0.7059746,3.6383438
9.281101,10.151266,5.7476745,0.8701649,9.375664
7.8333955,7.0418396,1.2576118,0.7915559,10.104888
6.1882668,7.164733,2.6049464,0.9764662,15.779317
0.0,0.0,1.2292973,0.0,0.0
9.358352,4.998037,1.3085225,4.360315,46.592766
0.0,2.2975163,2.1370492,2.2975163,229751630.0
0.0,0.0,1.6565616,0.0,0.0
0.0,3.4005096,1.7536639,3.4005096,340050980.0
0.0,3.5265663,1.194849,3.5265663,352656600.0
0.0,0.7171469,1.1642814,0.7171469,71714690.0
0.0,1.5362337,1.3986218,1.5362337,153623360.0
0.0,2.0362804,2.4224098,2.0362804,203628030.0
31.51562,16.132542,1.7217792,15.383078,48.810963
11.183595,3.9349487,1.8273586,7.248646,64.81499
0.0,4.675926,1.8296561,4.675926,467592600.0
12.887601,6.1527214,1.3334482,6.7348795,52.2586
5.814732,6.9138956,5.4423313,1.0991635,18.903082
40.18231,47.65361,5.204771,7.471302,18.593512
0.0,2.6252372,2.7380447,2.6252372,262523710.0
0.0,1.1423244,1.7929322,1.1423244,114232450.0
18.460747,15.352513,5.466191,3.1082335,16.836987
0.0,0.0,1.7461933,0.0,0.0
0.0,0.0,1.3265927,0.0,0.0
0.0,0.0,2.2138646,0.0,0.0
0.0,0.0,3.0888057,0.0,0.0
12.616086,6.5821257,1.0476283,6.0339603,47.827515
0.0,0.0,1.0117369,0.0,0.0
4.021553,7.4973307,5.3867044,3.4757776,86.42874
4.9798822,2.9774935,1.2375318,2.0023887,40.20956
5.359701,7.1209564,1.3222513,1.7612553,32.861073
0.0,11.98762,5.7535152,11.98762,1198762100.0
140.57143,189.74074,3.4692993,49.16931,34.97817
5.0756783,15.726508,1.7467153,10.650829,209.8405
10.955211,6.15154,2.2513354,4.803671,43.848274
0.6645774,4.6484847,1.2665223,3.9839072,599.4647
0.0,0.0,1.753479,0.0,0.0
6.5605607,6.7046824,1.1480564,0.14412165,2.1967885
0.0,4.984833,1.48453,4.984833,498483260.0
30.996092,27.93676,2.0296829,3.059332,9.870057
0.0,1.4557717,0.87306786,1.4557717,145577170.0
6.992576,8.083219,4.9256163,1.0906425,15.597148
2.2286463,6.4785147,1.1753458,4.2498684,190.69283
4.51613,4.93065,1.0685301,0.41452026,9.178661
0.0,0.0,1.3136905,0.0,0.0
7.8431053,9.884667,2.710845,2.041562,26.030022
0.0,7.0545893,1.3185446,7.0545893,705458940.0
49.933193,18.810429,2.064808,31.122765,62.328808
6.220077,5.6368666,1.6927292,0.58321047,9.376258
1.4342172,3.1724865,4.5458446,1.7382693,121.19987
11.0781975,6.9295235,1.0865374,4.148674,37.448997
0.0,5.571739,2.497768,5.571739,557173950.0
9.210283,8.385716,2.2251997,0.82456684,8.952676
3.0276341,6.483994,1.8146236,3.4563599,114.16042
0.0,0.0,1.383274,0.0,0.0
112.437836,117.73106,3.7895863,5.2932205,4.707686
12.730259,8.10481,1.8137757,4.625449,36.33429
185.37863,231.3813,2.5164373,46.00267,24.81552
0.0,0.0,1.5104352,0.0,0.0
8.809146,6.596911,2.2641315,2.212235,25.112934
0.84094554,4.3785396,1.4543047,3.537594,420.6686
0.0,0.0,4.8426447,0.0,0.0
2.8672986,5.1403894,1.3814982,2.2730908,79.27639
10.336111,9.494893,5.5832157,0.841218,8.138631
7.435008,11.465675,5.7245116,4.0306673,54.212013
0.0,12.806615,5.081239,12.806615,1280661500.0
46.59843,33.587524,2.0942938,13.010906,27.921339
3.195351,6.879859,1.2305146,3.684508,115.3084
7.509692,13.203464,2.5026054,5.6937714,75.81897
18.75171,18.705614,1.9450145,0.0460968,0.24582718
0.0,1.1852143,0.99887896,1.1852143,118521430.0
0.0,1.8667444,1.7365292,1.8667444,186674430.0
0.43793377,4.989518,1.4227529,4.5515842,1039.3317
5.168268,7.5691805,1.2832568,2.4009123,46.454872
0.0,5.0585756,1.7983792,5.0585756,505857570.0
82.80241,90.400055,1.8487167,7.5976486,9.175638
0.0,6.2689247,1.3271518,6.2689247,626892500.0
45.403683,24.065643,1.8351614,21.33804,46.996273
0.5562768,1.3552117,1.496004,0.79893494,143.62183
24.3315,16.834742,5.4605417,7.4967575,30.810917
1.7516462,5.0441847,5.3751025,3.2925386,187.96826
18.70645,13.885373,1.5044833,4.8210764,25.772268
7.987911,5.7622747,3.4516792,2.2256365,27.862558
3.2245026,6.958459,2.0581772,3.7339563,115.79945
49.201237,96.51207,4.1195707,47.310833,96.157814
13.06833,11.37114,1.3596346,1.6971903,12.987048
0.0,4.4909363,1.9134228,4.4909363,449093630.0
8.881784e-14,5.768583,1.6725224,5.768583,576858300.0
5.7079635,7.313978,1.4225873,1.6060147,28.136387
0.0,12.530584,5.719214,12.530584,1253058400.0
0.0,0.0,3.847617,0.0,0.0
33.230522,22.194855,1.7997601,11.035667,33.20943
0.0,0.21444511,2.0229492,0.21444511,21444512.0
0.0,0.0,2.1856496,0.0,0.0
0.0,4.74142,1.4813337,4.74142,474141980.0
6.5295978,10.936822,2.7639215,4.407224,67.4961
0.0,0.4095924,2.2123456,0.4095924,40959240.0
11.115116,6.5725465,1.1101065,4.5425696,40.868397
4.648475,8.950189,1.6764739,4.3017135,92.54031
0.0,2.9877472,2.1494384,2.9877472,298774720.0
49.25774,33.014923,4.038632,16.242817,32.97516
0.0,7.240657,1.6122856,7.240657,724065660.0
9.81704,12.261767,2.6784606,2.444727,24.902891
32.89531,20.98242,1.6516719,11.9128895,36.214554
7.146362,2.6160998,1.7144011,4.530262,63.392563
0.0,4.717655,2.8662426,4.717655,471765500.0
12.328723,7.9271965,1.4231644,4.4015265,35.701397
4.4156055,2.74113,2.1462862,1.6744754,37.92176
0.0,2.1118577,1.1695151,2.1118577,211185760.0
0.0,7.6903324,2.368599,7.6903324,769033300.0
8.769101,10.725071,5.6973977,1.9559698,22.305248
5.389134,3.8075862,1.1753198,1.5815477,29.346973
6.7899184,4.293043,2.327834,2.4968753,36.773273
0.0,5.878587,4.8053746,5.878587,587858700.0
0.23569492,5.7811365,1.4066298,5.5454416,2352.8052
0.0,0.0,5.470334,0.0,0.0
0.0,1.38168,1.6957356,1.38168,138168000.0
9.757268,12.352131,1.8063293,2.594863,26.594154
0.041769292,3.6302984,1.8435696,3.588529,8591.31
0.74600375,0.3905897,2.993917,0.35541403,47.642395
126.270134,122.205666,2.2475195,4.0644684,3.2188675
27.077612,7.6292486,1.2757773,19.448364,71.82452
6.3846645,4.412434,1.4246017,1.9722304,30.890118
0.0,1.3833961,2.831228,1.3833961,138339620.0
7.3482885,8.099252,2.8389323,0.7509632,10.219566
0.16396362,4.941167,1.1334952,4.777203,2913.5752
0.0,5.180916,1.873834,5.180916,518091550.0
0.0,0.0,2.1725683,0.0,0.0
0.0,0.0,1.1792535,0.0,0.0
13.569499,12.409255,2.0915363,1.160244,8.550382
3.8839445,7.2029276,1.8463805,3.318983,85.453926
49.28442,271.82257,2.5070508,222.53815,451.5385
0.0,12.064363,2.5027704,12.064363,1206436200.0
6.131951,6.8173676,2.1636174,0.6854167,11.177793
0.95288897,5.887647,2.2699485,4.934758,517.87335
3.8371756,2.8153512,1.1559952,1.0218244,26.629595
0.0,3.8426988,3.5381048,3.8426988,384269860.0
0.0,20.315186,2.2262607,20.315186,2031518600.0
0.0,0.55372286,2.062814,0.55372286,55372284.0
1.4718249,9.209334,1.86273,7.7375097,525.70856
12.687068,10.146271,1.2605748,2.5407972,20.02667
50.915962,34.188118,2.5224657,16.727844,32.853832
0.0,4.4592385,1.3877748,4.4592385,445923870.0
0.0,0.0,2.3620741,0.0,0.0
0.0,3.3784173,1.6188858,3.3784173,337841730.0
0.0,1.0852373,1.9128898,1.0852373,108523730.0
0.0,5.1558514,3.3755755,5.1558514,515585150.0
280.53162,244.68007,1.7270702,35.851547,12.77986
0.0,0.0,3.6166341,0.0,0.0
9.267977,8.589636,1.4342052,0.6783409,7.319191
0.0,0.0,1.9184318,0.0,0.0
0.0,0.0,1.9414152,0.0,0.0
6.3616676,3.3468463,0.94907326,3.0148213,47.390423
0.40974972,0.59534,2.4533038,0.1855903,45.29358
146.74352,166.9965,1.8355433,20.25299,13.801625
0.0,0.0,1.0318003,0.0,0.0
9.598216,10.135075,2.472595,0.53685856,5.593316
0.0,0.0,2.7865214,0.0,0.0
0.0,0.0,1.3365393,0.0,0.0
9.869476,3.4405334,1.2494904,6.4289427,65.139656
13.554016,5.1732454,1.1408668,8.380771,61.832382
0.0,0.0,1.2885513,0.0,0.0
8.638391,11.473787,5.4645514,2.8353968,32.823208
10.317704,11.1782055,2.5187492,0.8605013,8.340046
0.0,2.7682807,5.4441543,2.7682807,276828060.0
15.7026415,13.234856,1.2163886,2.4677858,15.715736
3.870257,7.239587,2.6440375,3.36933,87.05701
0.0,0.0,1.7249452,0.0,0.0
12.4133835,10.718706,4.4358873,1.6946774,13.652019
0.0,6.7216806,1.762344,6.7216806,672168060.0
21.420284,18.241894,1.3718609,3.1783905,14.838227
1.1305985,4.906514,1.3231281,3.7759156,333.9749
0.0,3.8371615,2.849543,3.8371615,383716160.0
11.065282,12.287618,2.0659766,1.2223358,11.046585
189.00864,213.01653,2.8506658,24.007889,12.702006
28.137907,12.721393,1.2798895,15.416514,54.78913
1.6622996,9.762437,2.75288,8.100138,487.28506
0.0,5.5756664,1.6807156,5.5756664,557566660.0
16.566553,7.286291,1.3042701,9.280262,56.018063
10.716171,9.686927,2.1246617,1.0292444,9.60459
1.2861845,0.0,2.6219432,1.2861845,100.0
0.0,4.1507874,1.6724882,4.1507874,415078750.0
0.0,0.0,1.2504342,0.0,0.0
16.77263,8.265012,1.870552,8.507619,50.723225
11.552248,5.8994627,1.5467618,5.6527853,48.93234
0.0,0.57547307,1.2663137,0.57547307,57547308.0
7.943726,7.9247303,1.3414643,0.018995762,0.23912911
20.340631,32.07837,3.790862,11.737738,57.705868
0.0,5.0671096,2.2702334,5.0671096,506710980.0
0.0,4.328061,1.3009785,4.328061,432806100.0
15.506958,11.836919,2.3119445,3.6700392,23.667048
0.0,0.0,1.2363722,0.0,0.0
0.0,0.0,1.0895647,0.0,0.0
9.145929,6.4398165,1.2692031,2.7061129,29.58817
0.0,0.0,1.3861349,0.0,0.0
17.5069,20.539257,2.3379405,3.0323563,17.320919
29.505154,16.65238,1.4880289,12.852774,43.561115
37.2089,28.199234,5.0120454,9.009666,24.213741
0.0,0.9616585,1.300917,0.9616585,96165850.0
7.0994573,5.9332438,1.0601918,1.1662135,16.426798
7.3562665,4.0310345,1.1518563,3.325232,45.202713
0.85177326,6.771386,2.1040637,5.919613,694.9752
16.388624,15.29227,2.5676665,1.0963545,6.6897287
0.0,1.5720016,1.2853708,1.5720016,157200160.0
1.0742975,3.625969,1.6370068,2.5516715,237.51999
0.0,0.0,1.0514846,0.0,0.0
126.77536,201.47844,2.467847,74.70308,58.925552
0.0,0.0,1.1941496,0.0,0.0
12.482737,4.94306,1.8193793,7.5396767,60.40083
5.686788,7.8340797,3.2724302,2.1472917,37.759308
4.340052,6.175418,1.1822886,1.8353658,42.289024
0.0,2.2893634,1.6925129,2.2893634,228936340.0
11.262243,6.227665,1.7553679,5.0345783,44.703156
1.0236437,4.722663,1.377555,3.6990192,361.35806
11.292298,12.44297,3.0974667,1.150672,10.189883
125.99677,184.8193,2.9603348,58.822533,46.685745
0.0,0.0,1.749399,0.0,0.0
11.317391,6.611349,5.116252,4.7060423,41.582394
0.0,0.0,1.196441,0.0,0.0
10.490895,4.1584864,1.1146418,6.332409,60.360996
0.0,7.2424555,2.0415227,7.2424555,724245570.0
11.971542,2.6540217,5.7848444,9.31752,77.830574
1.7464335,6.2029924,1.2668084,4.456559,255.18059
27.252443,28.416695,1.6615403,1.1642513,4.272099
10.375684,6.582474,1.7260362,3.7932096,36.558647
0.0,0.0,1.903018,0.0,0.0
7.289535,6.0330973,2.3107924,1.2564378,17.236185
9.279253,4.5947094,1.1871507,4.6845436,50.48406
4.200652,7.9292507,1.6102182,3.7285986,88.762375
0.0,3.771605,1.8974663,3.771605,377160480.0
31.36368,21.684826,1.3900537,9.678854,30.860071
0.0,1.6240052,1.1766206,1.6240052,162400510.0
10.782272,6.9179745,1.8705398,3.8642979,35.839363
0.0,0.0,1.0717062,0.0,0.0
0.0,4.9695683,1.1627274,4.9695683,496956830.0
0.0,0.0,1.5042152,0.0,0.0
10.192825,5.5602665,1.2539322,4.632559,45.449215
0.0,0.0,2.4393477,0.0,0.0
0.0,0.0,3.077435,0.0,0.0
31.033876,49.913773,4.720433,18.879896,60.83641
11.359464,10.675819,2.9202356,0.6836443,6.0182796
0.0,0.0,1.3347285,0.0,0.0
0.0,10.753948,1.6630112,10.753948,1075394800.0
0.0,6.1836185,1.4174213,6.1836185,618361860.0
7.8806214,8.629305,2.2094183,0.74868345,9.50031
0.0,0.0,1.235261,0.0,0.0
0.0,6.6728106,2.4428074,6.6728106,667281100.0
17.313486,15.232698,2.3516045,2.0807877,12.018306
0.0,4.9754868,1.2264452,4.9754868,497548670.0
5.921322,6.823386,1.8168563,0.9020643,15.234172
0.0,5.2565613,1.3072668,5.2565613,525656130.0
0.0,8.924215,1.9316437,8.924215,892421500.0
6.016638,7.530654,2.313347,1.5140162,25.163824
2.6021154,5.799403,1.083431,3.1972878,122.87264
0.0,1.0867774,1.0281614,1.0867774,108677740.0
3.638658,6.0992656,1.3952425,2.4606075,67.62404
0.0,2.4845426,4.1020966,2.4845426,248454260.0
23.93893,18.294575,5.129408,5.644356,23.578144
0.0,3.2809398,2.0657065,3.2809398,328093980.0
0.0,0.0,1.8761177,0.0,0.0
23.101578,10.021588,2.3991895,13.079989,56.61946
10.454666,7.275096,2.1614637,3.1795702,30.41293
10.36502,8.957985,1.3326727,1.4070349,13.574841
0.0,3.1385748,1.6069248,3.1385748,313857470.0
0.0,0.0,2.238862,0.0,0.0
10.91856,12.943337,1.0440519,2.0247774,18.544363
0.0,6.766733,2.3251789,6.766733,676673340.0
0.0,4.2033534,1.1559227,4.2033534,420335330.0
278.31485,178.88591,2.2730303,99.42894,35.72534
7.346004,6.638363,1.9615294,0.7076411,9.633008
1.2518135,7.0892353,5.7581253,5.837422,466.3172
2.6216958,6.710759,2.414409,4.0890636,155.97018
4.747611,10.659997,1.099175,5.912386,124.53391
2.7878866,12.451102,4.0209513,9.663216,346.61435
25.160406,9.801563,1.3520911,15.358843,61.0437
0.0,1.6459773,2.4930305,1.6459773,164597730.0
0.0,0.0,1.9213247,0.0,0.0
6.756948,3.5219858,1.3497953,3.2349622,47.876083
30.522434,8.877591,1.7908517,21.644844,70.91454
46.810993,29.183392,1.5217967,17.627602,37.65697
12.986683,16.815004,1.1426959,3.8283215,29.478825
30.173725,5.6412554,1.7724662,24.53247,81.304085
8.175683,11.142215,1.7204949,2.9665318,36.284817
10.961108,12.8046255,3.5798028,1.8435173,16.818712
0.0,5.579854,1.737259,5.579854,557985400.0
0.0,0.0,1.6458873,0.0,0.0
0.0,3.5119853,1.5088294,3.5119853,351198530.0
0.0,4.852811,1.5202718,4.852811,485281100.0
6.2265654,6.806529,4.002667,0.5799637,9.314343
4.4999127,8.823554,2.8912542,4.3236413,96.08278
0.0,0.0,1.4722685,0.0,0.0
0.0,5.5480995,1.313832,5.5480995,554809900.0
0.0,6.554042,1.943359,6.554042,655404160.0
7.36768,5.6120796,2.5725694,1.7556005,23.828402
173.2815,195.4757,2.8549724,22.194199,12.808176
0.0,0.0,1.1973988,0.0,0.0
12.595483,24.657764,3.3695045,12.062282,95.76672
12.069228,25.065653,2.2808466,12.996425,107.68232
10.146956,9.160542,1.5584831,0.9864149,9.721289
0.0,3.9739609,1.6965307,3.9739609,397396100.0
10.999366,8.601692,5.7747874,2.3976736,21.79829
8.872697,16.881798,1.3828726,8.009101,90.266815
0.0,0.0,1.3490858,0.0,0.0
0.0,0.0,1.8722653,0.0,0.0
30.543386,7.848572,2.0094848,22.694815,74.30353
11.175196,5.8677263,1.4185244,5.3074694,47.4933
5.5865593,5.0093365,1.6264561,0.5772228,10.33235
21.32519,15.5308695,1.4431745,5.79432,27.171247
63.10664,46.472122,2.6265788,16.634518,26.359379
0.0,1.2790362,2.1988273,1.2790362,127903620.0
5.6253057,5.7527995,1.8873223,0.12749386,2.2664344
10.475836,7.0302763,5.119708,3.4455595,32.890545
13.294761,13.208995,2.7080953,0.08576584,0.6451101
8.746486,7.6035795,2.0346859,1.1429062,13.067033
0.0,8.2668,1.4629599,8.2668,826680000.0
0.0,1.1783788,1.8610008,1.1783788,117837880.0
0.18708262,7.782691,2.1577625,7.595608,4060.029
24.617346,15.259154,1.5443089,9.3581915,38.014626
0.0,4.521736,1.2492248,4.521736,452173600.0
9.9983425,5.3665867,1.3843015,4.631756,46.325237
0.0,0.0,1.8840871,0.0,0.0
11.797332,13.053432,1.515639,1.2561007,10.647328
130.59625,133.79163,4.124795,3.1953735,2.4467576
11.366204,7.3609095,1.4230156,4.005295,35.238632
4.543411,2.508705,2.5507293,2.0347059,44.783665
0.0,0.0,3.5121694,0.0,0.0
1.6337553,6.5851555,1.2151194,4.9514003,303.06863
0.0,2.7663395,1.110651,2.7663395,276633950.0
0.0,0.0,2.591561,0.0,0.0
0.0,3.243578,1.2543224,3.243578,324357800.0
9.754655,9.254092,2.2239058,0.50056267,5.131526
65.45557,103.75238,1.8445108,38.296814,58.50811
9.828682,11.863288,4.9777966,2.034606,20.7007
1.8943106,5.699272,1.2185404,3.8049617,200.8626
0.0,5.5481796,1.2866137,5.5481796,554818000.0
4.140029,7.1713676,3.9911191,3.0313387,73.22023
0.0,0.0,2.4889455,0.0,0.0
2.220446e-14,8.223328,2.9522169,8.223328,822332740.0
5.602696,1.7050194,1.5436925,3.8976765,69.56787
0.0,7.7567644,1.6347728,7.7567644,775676500.0
0.0,7.4916487,1.879119,7.4916487,749164860.0
0.0,3.3309255,1.3105739,3.3309255,333092580.0
0.0,8.854577,2.0936482,8.854577,885457700.0
0.0,0.0,2.884836,0.0,0.0
8.101792,11.412106,2.4450517,3.3103132,40.85902
13.809634,8.692092,1.1432667,5.1175423,37.057766
15.702994,13.13513,2.257718,2.5678644,16.352705
29.04313,15.981911,2.250159,13.06122,44.971806
0.0,0.0,2.262775,0.0,0.0
0.0,1.5668001,1.5516765,1.5668001,156680020.0
7.2495265,6.511347,4.518794,0.7381797,10.182454
12.659013,9.5665,1.1340908,3.092513,24.429338
0.0,2.96491,1.1211679,2.96491,296491000.0
12.496541,6.2468834,1.172208,6.2496576,50.0111
0.0,0.0,2.6264555,0.0,0.0
10.5170355,6.9670725,1.83271,3.549963,33.75441
0.0,5.138116,1.9604536,5.138116,513811600.0
80.67779,90.41103,1.8451606,9.733246,12.064344
9.029848,14.566705,1.8426212,5.5368567,61.317272
9.486886,7.6511908,1.9644046,1.8356953,19.349817
9.039055,6.083891,1.0835842,2.955164,32.693283
7.327978,5.143379,1.5074382,2.184599,29.811756
0.0,0.0,1.31946,0.0,0.0
0.0,3.3062809,1.8374159,3.3062809,330628100.0
24.08145,22.939539,1.7044265,1.1419106,4.741868
10.064038,7.722679,5.3397236,2.3413591,23.264608
227.50218,169.00879,2.1645668,58.493393,25.711136
11.3731785,7.2414017,1.1836624,4.131777,36.32913
0.0,3.419623,1.9593462,3.419623,341962270.0
7.0046754,8.183304,2.534131,1.1786284,16.826311
15.368215,2.57873,1.1202574,12.789484,83.22036
0.0,6.0116806,1.9635878,6.0116806,601168060.0
15.621684,6.601288,2.3145735,9.020396,57.74279
11.102718,9.619271,2.0726013,1.4834471,13.361116
3.1376157,6.921235,3.070001,3.7836194,120.589
0.0,2.248528,1.3831043,2.248528,224852800.0
0.0,0.0,1.234141,0.0,0.0
0.0,2.4305973,1.9530734,2.4305973,243059730.0
0.0,0.12834287,1.1288447,0.12834287,12834287.0
13.849591,12.894837,1.7908161,0.9547539,6.893733
0.0,3.736691,1.619245,3.736691,373669100.0
0.0,0.5781696,1.3056442,0.5781696,57816960.0
0.0,0.0,1.5802552,0.0,0.0
0.0,4.5251026,2.0237954,4.5251026,452510240.0
0.0,5.997505,1.3417394,5.997505,599750460.0
0.0,5.3197217,1.2672404,5.3197217,531972160.0
0.0,0.012326002,1.8804153,0.012326002,1232600.2
7.595271,14.048957,1.8236207,6.4536858,84.96979
0.0,3.1763427,1.3225708,3.1763427,317634270.0
9.076304,12.4647875,2.867418,3.388483,37.33329
0.0,0.0,1.6665441,0.0,0.0
0.0,0.0,3.0076234,0.0,0.0
0.0,1.9413135,1.7648185,1.9413135,194131340.0
28.349072,21.423298,2.3307183,6.9257736,24.430338
10.63195,11.568331,4.891918,0.9363804,8.807231
0.0,5.031394,1.4011049,5.031394,503139400.0
10.768323,6.3265247,1.8280485,4.441798,41.248745
8.000374,10.6943865,2.6190636,2.6940126,33.673584
0.0,0.0,1.4285766,0.0,0.0
15.08284,10.696628,1.5201049,4.3862123,29.080812
2.0698376,4.0385127,1.3773708,1.9686751,95.11254
0.0,1.2081437,1.2347536,1.2081437,120814370.0
40.164566,14.678142,1.877795,25.486423,63.454994
41.13041,32.134777,2.1566494,8.995632,21.871002
13.964184,5.578823,1.2610574,8.385361,60.049057
0.0,0.0,1.5400816,0.0,0.0
0.0,0.9170712,1.468254,0.9170712,91707120.0
9.515781,11.329598,4.3569384,1.813817,19.061146
10.796553,6.112028,1.4437236,4.6845245,43.389076
7.1876235,8.802365,1.3061714,1.6147418,22.465588
0.0,3.1249356,1.9256591,3.1249356,312493570.0
6.392445,8.596569,4.184727,2.204124,34.48014
15.925569,14.481114,2.8278098,1.4444542,9.070032
0.0,1.4187003,1.4511194,1.4187003,141870050.0
0.0,0.0,1.2399523,0.0,0.0
9.540207,6.1433563,1.7138515,3.3968506,35.60563
7.0732064,7.1891212,1.842457,0.11591482,1.6387875
0.0,13.056417,5.7526875,13.056417,1305641700.0
0.0,0.507633,1.3450774,0.507633,50763300.0
0.0,4.540556,1.8131278,4.540556,454055600.0
24.033087,14.780989,1.3796849,9.252098,38.497337
164.07968,183.27954,4.5847397,19.19986,11.701546
6.9659257,9.125403,2.7354844,2.1594777,31.000586
0.0,3.6367218,1.2101475,3.6367218,363672200.0
18.944502,9.751535,1.6250248,9.192966,48.525776
2.799482,9.210786,2.320031,6.4113035,229.01749
0.0,0.5575416,1.1813962,0.5575416,55754160.0
2.230687,6.1063614,1.4495393,3.8756745,173.74355
0.0,4.1691527,1.6001812,4.1691527,416915300.0
11.4424925,7.250926,5.778223,4.1915665,36.631584
0.0,0.0,1.51073,0.0,0.0
0.0,0.0,1.8731819,0.0,0.0
10.337409,10.05348,2.895272,0.28392887,2.7466154
23.029657,10.887358,2.9559336,12.1423,52.72462
0.0,2.2502,1.3913587,2.2502,225020000.0
0.0,3.2192287,1.217398,3.2192287,321922880.0
0.0,0.0,4.603916,0.0,0.0
0.0,0.47859263,1.2768115,0.47859263,47859264.0
0.0,5.5248375,1.8546001,5.5248375,552483800.0
0.0,0.009338617,3.5544276,0.009338617,933861.75
0.0,3.6787906,1.550485,3.6787906,367879070.0
5.703379,2.9653912,1.6352131,2.737988,48.006416
0.0,7.927434,1.8800948,7.927434,792743400.0
6.777715,14.776004,1.5341485,7.9982886,118.00863
20.227623,17.191391,2.4444509,3.036232,15.010325
10.932591,17.504648,1.4461346,6.572057,60.114357
1.9082949,8.184018,1.4016833,6.2757235,328.86548
0.0,2.507101,1.1142721,2.507101,250710110.0
0.0,6.091281,1.384546,6.091281,609128100.0
0.0,0.0,1.1566073,0.0,0.0
3.237931,6.138794,2.0825539,2.900863,89.59002
0.0,0.0,1.0100557,0.0,0.0
0.0,0.0,3.1367683,0.0,0.0
26.457373,18.457228,2.4175582,8.000145,30.237867
12.932021,9.57325,1.346467,3.3587713,25.972517
0.0,0.0,4.9681177,0.0,0.0
0.0,1.7516258,1.2049493,1.7516258,175162580.0
9.104705,11.271783,2.3360555,2.167078,23.801737
6.884231,2.0663831,1.5069313,4.817848,69.983826
28.041677,9.468223,3.2128396,18.573456,66.23518
0.0,10.621034,2.0696592,10.621034,1062103400.0
0.0,6.68106,5.473241,6.68106,668106000.0
16.28708,9.780882,5.774397,6.506199,39.94699
12.285129,16.690042,2.5368786,4.404914,35.85566
7.1300764,9.36473,4.449721,2.2346535,31.341228
0.0,0.0,1.4356819,0.0,0.0
3.623149,8.4294615,1.9866364,4.8063126,132.65567
4.4737496,8.512307,1.5285273,4.0385575,90.272316
0.0,0.0,1.3586152,0.0,0.0
54.587402,18.442547,2.03727,36.144855,66.214645
29.020845,15.918599,1.3812413,13.102246,45.147705
0.0,2.989942,0.9991482,2.989942,298994200.0
0.0,2.0201452,2.5159738,2.0201452,202014510.0
11.295488,4.5691395,1.535965,6.726349,59.54899
78.54012,70.300415,3.6502805,8.239708,10.491081
12.342574,3.8337789,1.8929123,8.508795,68.938576
0.0,2.538362,1.3197021,2.538362,253836200.0
8.837252,8.69558,2.551743,0.14167213,1.6031244
0.0,0.0,1.939347,0.0,0.0
0.0,0.0,1.3042204,0.0,0.0
10.280725,7.5579453,1.5063794,2.7227793,26.484312
0.0,4.059878,1.3498477,4.059878,405987800.0
0.0,2.9666328,3.2256434,2.9666328,296663260.0
0.0,0.0,1.9771777,0.0,0.0
7.4697504,7.978504,1.7709181,0.5087538,6.810854
8.710137,7.613796,3.97631,1.0963411,12.586955
0.0,4.458008,1.1263379,4.458008,445800770.0
64.22045,238.90282,2.6702163,174.68237,272.0043
12.430988,7.178046,2.1838708,5.252942,42.256832
0.0,0.33499408,1.6698803,0.33499408,33499408.0
0.0,5.048987,1.8348813,5.048987,504898700.0
11.8823805,7.848653,1.4341407,4.0337276,33.947136
8.619891,7.543582,1.337468,1.0763092,12.486343
7.2940435,7.1985693,1.4437038,0.09547424,1.3089343
0.0,3.9656594,1.1450604,3.9656594,396565950.0
10.49613,7.676317,5.722813,2.8198128,26.86526
0.0,3.111908,1.2331082,3.111908,311190800.0
6.849884,10.4839735,1.1458763,3.6340895,53.0533
0.70677197,4.820238,1.4929819,4.1134663,582.00757
11.587056,11.286914,2.303642,0.3001423,2.590324
0.0,2.8270915,1.3983401,2.8270915,282709150.0
109.76451,113.05399,3.6086998,3.289482,2.996854
0.0,4.4839706,1.2984809,4.4839706,448397060.0
0.0,3.4680407,2.5074487,3.4680407,346804060.0
162.97379,175.20216,4.2732286,12.228378,7.5032797
8.022275,10.399739,3.0300813,2.3774643,29.635786
17.413517,17.300638,1.9562501,0.1128788,0.6482252
0.0,0.87722576,0.89458156,0.87722576,87722580.0
56.85803,48.105488,3.6562836,8.752541,15.393675
0.0,5.4625273,2.0287335,5.4625273,546252740.0
0.0,1.5971074,2.1421566,1.5971074,159710740.0
0.0,8.354163,3.0730042,8.354163,835416300.0
13.71926,10.256722,1.6069301,3.4625378,25.238518
0.0,1.996736,1.1431599,1.996736,199673600.0
0.0,0.0,1.5812994,0.0,0.0
0.0,5.7837415,5.78215,5.7837415,578374140.0
6.727023,5.6414933,1.3838825,1.0855298,16.136852
0.0,0.0,1.1053231,0.0,0.0
4.720199,7.1579294,1.4824934,2.4377303,51.64465
0.0,0.0,2.9717615,0.0,0.0
15.069878,25.169716,2.035529,10.099838,67.02004
0.0,3.0874574,1.5066503,3.0874574,308745730.0
0.0,1.3411701,1.5737554,1.3411701,134117010.0
6.9260535,6.418754,1.530401,0.5072994,7.324509
0.0,5.58582,2.073216,5.58582,558582000.0
6.1284094,7.4032803,2.937016,1.2748709,20.802639
12.636638,9.214518,1.2984838,3.42212,27.080938
6.7136316,7.5590534,1.4313723,0.8454218,12.592614
0.0,0.0,1.9355081,0.0,0.0
0.0,3.9813952,1.4167881,3.9813952,398139520.0
9.052356,3.7779765,1.570063,5.2743793,58.265266
0.0,7.576618,5.7130723,7.576618,757661800.0
3.9952888,10.374794,2.4363003,6.379505,159.67569
0.0,0.0,2.478067,0.0,0.0
6.369032,3.9068205,2.1725564,2.4622114,38.659115
167.52962,188.2137,1.7385908,20.684082,12.346522
14.444356,12.215991,1.9474082,2.228365,15.427236
3.560993,6.7491503,1.8513917,3.1881573,89.53001
1.0937064,2.1588593,1.9066348,1.0651529,97.38929
10.330375,7.948022,1.4864271,2.3823528,23.06163
24.921452,23.151814,1.843404,1.7696381,7.1008625
12.427873,10.646482,2.5653136,1.7813902,14.333831
5.683035,8.966146,1.3944911,3.2831116,57.770393
18.785343,6.260849,1.851286,12.524494,66.67163
87.83053,72.81086,3.9742594,15.019669,17.100737
0.0,3.413974,1.1281687,3.413974,341397400.0
0.0,7.294483,1.1808375,7.294483,729448300.0
42.880253,42.3664,2.6975055,0.51385117,1.1983398
7.5207086,3.997683,1.3807338,3.5230255,46.84433
0.0,0.0,1.7800258,0.0,0.0
0.0,6.47956,1.429851,6.47956,647956000.0
0.0,3.1654737,1.5789595,3.1654737,316547360.0
0.0,4.4307675,1.608738,4.4307675,443076770.0
0.0,0.0,1.3817536,0.0,0.0
13.428858,3.9777336,1.33852,9.451124,70.37921
21.286829,13.3937,2.7166748,7.8931293,37.079872
0.0,0.0,2.4385157,0.0,0.0
0.0,1.687669,1.6709331,1.687669,168766910.0
4.1538644,7.238946,1.96565,3.0850816,74.27016
0.0,0.0,1.2371881,0.0,0.0
2.7221267,7.5470524,2.080958,4.8249254,177.24838
1.9493546,6.2594185,2.0671349,4.310064,221.10208
9.127313,6.5124702,1.3002262,2.6148424,28.648548
8.328871,7.04593,1.8621761,1.2829409,15.403539
0.0,5.481225,1.513219,5.481225,548122500.0
7.2365084,4.4421377,1.0455525,2.7943707,38.614902
0.0,9.606567,1.2126368,9.606567,960656800.0
0.0,5.560755,1.1718743,5.560755,556075500.0
0.0,0.0,1.2708753,0.0,0.0
0.0,0.24592471,4.6098385,0.24592471,24592472.0
10.087887,9.321374,1.9363805,0.7665129,7.5983496
7.3743434,6.9986467,2.086174,0.37569666,5.0946455
10.774252,12.174028,5.7565703,1.3997765,12.991867
13.440865,9.987285,2.8581643,3.45358,25.694628
9.389336,7.0251875,1.44725,2.3641481,25.179077
16.174355,13.591228,4.3004613,2.583127,15.970511
0.0,0.0,1.2515693,0.0,0.0
0.0,4.8982134,1.59109,4.8982134,489821340.0
0.7660662,7.018898,2.0408008,6.252832,816.2261
0.0,4.9984465,3.6138494,4.9984465,499844640.0
21.19171,17.013306,1.8524463,4.178404,19.717163
0.0,0.0,1.2112243,0.0,0.0
0.0,2.7464235,1.2284801,2.7464235,274642340.0
2.1992347,4.0618668,4.3571405,1.862632,84.69455
11.065676,5.170447,1.4632043,5.895229,53.27491
0.0,4.7773848,3.2836142,4.7773848,477738460.0
1.9576918,9.05193,2.697614,7.0942388,362.37772
2.9080856,6.5240526,4.0724115,3.615967,124.34184
14.190332,10.948606,5.7622213,3.2417269,22.844616
0.0,0.3805046,1.2132627,0.3805046,38050460.0
11.592378,9.974679,1.8377864,1.6176987,13.954848
2.2456796,7.251464,1.1217223,5.005784,222.9073
12.656131,12.929293,1.779289,0.2731619,2.1583364
0.0,0.0,1.2455978,0.0,0.0
4.451305,5.3359957,1.4757156,0.88469076,19.874863
9.901636,9.901079,4.3993363,0.0005569458,0.0056247856
11.440935,7.063818,1.3507022,4.377117,38.25839
0.0,1.4872069,1.0865724,1.4872069,148720690.0
44.788036,30.281261,2.1182878,14.506775,32.389843
16.559187,11.538362,3.3172107,5.0208254,30.320484
94.61085,107.347725,3.6914184,12.736877,13.462386
11.133074,7.2752047,4.722711,3.8578691,34.65233
0.0,0.0,2.1054344,0.0,0.0
0.0,2.1233745,1.0241446,2.1233745,212337460.0
0.0,0.80974615,1.555583,0.80974615,80974616.0
4.134086,5.5215664,1.1810023,1.3874803,33.56196
0.0,0.0,3.7844384,0.0,0.0
18.952911,21.4742,4.5205545,2.521288,13.302905
15.261095,12.025793,1.0845554,3.235302,21.199673
0.0,1.5882287,1.4517791,1.5882287,158822880.0
0.71232086,6.138547,1.6302922,5.426226,761.76715
6.2968903,4.4693584,1.7325227,1.8275318,29.022766
6.816488,5.7978983,5.178285,1.0185895,14.943025
7.198295,7.9513483,1.1493334,0.7530532,10.46155
0.0,0.0,1.0448682,0.0,0.0
6.648123,5.790662,2.1273205,0.857461,12.89779
0.0,2.5054543,4.4949555,2.5054543,250545420.0
0.0,3.2848759,2.1563869,3.2848759,328487580.0
5.2532682,5.829488,1.5557528,0.57621956,10.968782
0.0,3.0110261,2.3046591,3.0110261,301102600.0
5.3393464,6.935445,2.513873,1.5960984,29.893143
0.0,4.230193,1.756313,4.230193,423019330.0
5.8590813,3.7751827,2.7469268,2.0838985,35.566986
0.0,4.2869196,3.897949,4.2869196,428691970.0
0.0,4.333068,1.5151852,4.333068,433306780.0
8.6312475,4.953021,1.4291339,3.6782265,42.615234
0.0,5.0614605,1.781082,5.0614605,506146050.0
5.272363,7.3887186,3.3484817,2.1163554,40.14055
9.443412,8.515173,3.1591449,0.92823887,9.829486
358.67923,233.26427,2.7251635,125.41496,34.96577
0.0,6.250531,2.9448705,6.250531,625053100.0
9.289214,9.448911,1.0976312,0.15969658,1.7191614
15.952703,14.668231,2.7612417,1.2844725,8.051754
8.805291,8.560555,2.249187,0.24473572,2.7794166
0.0,0.0,2.4079466,0.0,0.0
33.01253,27.096083,2.2572458,5.9164486,17.921825
0.0,0.0,3.2267423,0.0,0.0
0.0,1.754151,4.573834,1.754151,175415100.0
7.5430527,6.9195633,5.079782,0.6234894,8.265743
0.0,0.0,2.3620336,0.0,0.0
0.0,0.8230225,1.4786164,0.8230225,82302250.0
0.0,3.797378,1.5093797,3.797378,379737800.0
0.0,1.3774706,1.3047044,1.3774706,137747060.0
0.0,0.44425178,1.3529491,0.44425178,44425180.0
0.0,0.0,1.5793085,0.0,0.0
5.2997627,5.275256,1.3125794,0.024506569,0.46240878
2.198324,8.761696,2.4562716,6.5633717,298.56253
0.0,0.92554855,1.1572222,0.92554855,92554856.0
8.0345745,10.433827,1.4251659,2.399253,29.861605
12.328901,10.245558,1.711481,2.0833435,16.898046
15.182288,10.056209,3.077639,5.1260796,33.76355
0.0,0.0,1.5129567,0.0,0.0
0.0,0.0,2.222383,0.0,0.0
1.783687,1.8595035,2.5610256,0.07581651,4.2505503
27.187742,9.9295,2.1217632,17.258244,63.47803
0.0,0.0,1.6003432,0.0,0.0
4.8314586,7.862233,2.1872537,3.0307746,62.73001
0.0,0.0,2.0786936,0.0,0.0
72.96061,75.966606,2.9866292,3.0059967,4.120027
8.345218,8.800357,3.7682927,0.45513916,5.4538918
0.00073964166,5.0505266,2.767786,5.049787,682734.25
7.002201,8.323504,2.1206892,1.3213034,18.86983
6.6074376,4.1707973,1.5175978,2.4366403,36.877235
0.0,2.47987,1.2836528,2.47987,247987000.0
0.0,1.3851626,1.3405561,1.3851626,138516270.0
0.8462355,3.7140498,3.3598514,2.8678143,338.8908
24.199343,5.0460396,1.6992116,19.153303,79.14803
10.215588,6.6457324,1.3079487,3.5698552,34.94518
0.7106601,5.1310196,1.2653418,4.4203596,622.00757
24.207376,17.087967,1.6214986,7.1194096,29.410084
8.496925,0.43086505,1.2549053,8.06606,94.92916
0.0,0.0,2.2583523,0.0,0.0
12.07905,9.656943,1.4140438,2.4221067,20.05213
0.0,8.981978,1.7508963,8.981978,898197800.0
0.0,1.878629,1.1575419,1.878629,187862900.0
0.0,0.0,2.1617765,0.0,0.0
11.148464,11.089021,3.7987678,0.059443474,0.5331988
0.0,0.0,1.1017367,0.0,0.0
0.0,10.10855,2.3274896,10.10855,1010855000.0
10.166139,12.781212,5.5898767,2.6150732,25.723368
0.0,0.0,1.9039955,0.0,0.0
19.441576,14.180095,1.7078687,5.2614813,27.06304
5.054167,4.077364,1.5118091,0.9768028,19.326683
0.0,1.4014083,1.9525151,1.4014083,140140830.0
30.690838,32.32065,1.9634275,1.6298103,5.3104134
9.610184,30.602732,5.0795093,20.992548,218.44066
0.0,0.0,1.4660797,0.0,0.0
0.08159653,5.491951,1.3744888,5.4103546,6630.6187
3.0168092,4.454795,1.5384496,1.4379857,47.665783
6.303422,8.046025,1.3112236,1.7426033,27.645353
7.831114,10.935545,5.695367,3.1044312,39.64227
0.15059501,6.7443132,5.2339244,6.593718,4378.444
5.85388,2.7525718,1.0529854,3.101308,52.978676
0.0,0.1328094,1.3393954,0.1328094,13280940.0
0.0,0.0,2.4045024,0.0,0.0
0.0,11.0065365,2.0242302,11.0065365,1100653700.0
0.0,3.7886958,1.6826284,3.7886958,378869570.0
2.1662886,5.4001446,2.1988723,3.233856,149.28093
9.229457,6.764987,1.4521555,2.46447,26.70222
0.0,0.0,1.5673498,0.0,0.0
21.079224,9.630081,1.2875029,11.449142,54.314823
2.2437913,5.862771,5.724686,3.6189797,161.2886
0.0,0.0,1.3617184,0.0,0.0
2.4021225,10.548193,3.4139392,8.1460705,339.1197
8.168776,12.761231,5.7107973,4.592456,56.219635
8.423337,4.770769,3.235456,3.6525679,43.36248
0.7115466,5.4967775,1.3126621,4.785231,672.5113
0.0,1.2331083,5.595831,1.2331083,123310830.0
9.1243725,8.75402,5.157945,0.37035275,4.0589395
0.0,0.0,1.8613052,0.0,0.0
13.518503,10.37145,5.7753115,3.1470528,23.279594
61.71057,57.237633,2.316,4.4729385,7.2482533
11.910138,7.6161165,1.6811558,4.2940216,36.0535
0.0,0.0,2.3429682,0.0,0.0
0.0,1.7612249,1.2531692,1.7612249,176122480.0
11.138835,10.745429,3.4241645,0.3934059,3.5318408
9.765334,13.728785,1.3947003,3.9634504,40.58694
0.0,5.6518335,1.9020716,5.6518335,565183360.0
0.0,3.4104238,0.9002372,3.4104238,341042400.0
8.228077,4.9578285,1.4880424,3.2702484,39.74499
10.568832,7.9115696,2.8453436,2.6572628,25.142445
0.0,5.260531,1.9068049,5.260531,526053100.0
6.200707,12.027815,3.0530555,5.827108,93.9749
3.1572042,7.1154375,3.6165333,3.9582334,125.371475
0.0,4.493819,1.957845,4.493819,449381920.0
70.89155,65.407776,4.451368,5.4837723,7.7354383
5.7589607,11.251004,3.3218994,5.4920435,95.36518
15.215169,12.625074,4.3587203,2.5900946,17.023108
0.0,7.012397,3.6991773,7.012397,701239700.0
0.0,0.0,1.8977679,0.0,0.0
24.97798,20.610516,5.509764,4.367464,17.485258
0.0,5.8063498,1.3278917,5.8063498,580634940.0
26.207876,11.784003,1.3950852,14.423873,55.036407
0.0,0.0,2.5135114,0.0,0.0
0.0,0.055514574,1.1369815,0.055514574,5551457.5
0.0,0.0,1.7036967,0.0,0.0
0.0,0.0,3.4787385,0.0,0.0
5.116249,6.960886,2.018496,1.8446369,36.054478
0.0,10.854084,1.4088498,10.854084,1085408500.0
0.3302915,4.0740976,1.4208841,3.7438061,1133.4855
0.0,1.903472,1.2807447,1.903472,190347200.0
0.0,9.567848,1.8924291,9.567848,956784800.0
8.376123,4.575831,1.3719249,3.8002925,45.37054
0.0,0.0,3.9788558,0.0,0.0
14.447921,11.646687,2.442307,2.8012342,19.388493
10.899355,22.674196,1.9960982,11.774841,108.03246
0.0,7.4118233,3.2627554,7.4118233,741182340.0
0.0,1.159206,1.1415436,1.159206,115920600.0
31.91974,12.894929,1.5444232,19.02481,59.60202
0.0,1.5552785,1.2394384,1.5552785,155527840.0
3.7800696,4.455001,1.2751641,0.6749313,17.854996
18.45124,41.738785,2.353504,23.287544,126.211266
4.273797,12.428822,2.4943938,8.155025,190.8145
9.455549,7.1769466,1.3424599,2.2786026,24.098045
0.0,4.8497066,1.4078388,4.8497066,484970700.0
0.0,2.0092993,1.2342994,2.0092993,200929940.0
16.839506,11.853684,3.3560946,4.9858217,29.607887
2.168444,9.8359165,1.2829096,7.667473,353.59332
0.0,0.0,1.6656648,0.0,0.0
0.0,0.0,1.3525085,0.0,0.0
0.0,1.8647243,1.1213754,1.8647243,186472430.0
13.079252,6.5361557,1.3756714,6.5430965,50.02653
22.686882,12.346521,1.4277819,10.340361,45.578587
10.446268,8.537372,1.8953763,1.9088964,18.273478
0.0,5.197226,1.0235597,5.197226,519722600.0
4.2684035,12.311606,2.9042056,8.043203,188.43587
7.3584747,9.169389,1.3598416,1.810914,24.60991
249.6659,240.78522,2.4362326,8.880676,3.5570242
0.0,0.0,1.3953278,0.0,0.0
2.400186,1.0256665,2.652752,1.3745196,57.267212
0.0,4.9521227,1.9559804,4.9521227,495212300.0
20.899168,18.594482,2.3419147,2.3046856,11.027643
14.6386595,10.522965,1.71841,4.115694,28.115238
9.9831915,6.5360365,1.8003376,3.447155,34.52959
0.0,3.7396739,1.7062832,3.7396739,373967400.0
103.16147,96.94465,4.335477,6.21682,6.0263004
175.33484,132.74625,2.2744231,42.588593,24.289864
1.930034,7.051816,2.5303884,5.121782,265.37262
0.0,0.0,2.34385,0.0,0.0
4.790805,2.868549,1.3922023,1.9222558,40.123856
0.0,0.0,1.8780098,0.0,0.0
1.2262293,6.840563,1.4085628,5.6143336,457.8535
0.0,1.1814201,2.1440887,1.1814201,118142010.0
1.1120036,4.1564746,2.2463202,3.044471,273.7825
0.0,0.9308946,1.4516195,0.9308946,93089464.0
58.996075,42.56423,2.6202674,16.431843,27.852434
0.0,1.3861219,1.3559747,1.3861219,138612180.0
22.674782,19.522633,2.0032737,3.1521492,13.901563
0.0,1.6106484,1.7416035,1.6106484,161064830.0
12.283335,13.220713,2.2297149,0.9373779,7.6312985
14.332479,12.452448,4.7475576,1.8800306,13.117275
0.0,0.49927998,1.2825588,0.49927998,49927996.0
13.854351,7.734664,1.3442909,6.119687,44.17159
5.612229,3.5303214,2.7756784,2.0819075,37.095913
0.0,1.1958822,1.1083835,1.1958822,119588216.0
13.838773,8.9381695,1.3632904,4.9006033,35.412125
16.814983,8.686331,1.9412109,8.128653,48.34172
70.20308,61.412685,4.534803,8.790394,12.521379
2.0790758,12.782081,1.6539966,10.703005,514.7963
15.644806,12.500391,1.2920562,3.144415,20.09878
25.956867,20.339363,5.0637274,5.617504,21.641687
5.7222013,8.209245,2.366528,2.4870434,43.463055
0.0,1.7042308,1.2021538,1.7042308,170423090.0
0.0,0.0,2.0091605,0.0,0.0
0.0,0.0,1.7097895,0.0,0.0
0.0,0.0,2.4455626,0.0,0.0
54.17787,45.862667,4.310278,8.315205,15.347972
0.0,0.0,1.0653784,0.0,0.0
0.0,1.0102592,1.5122045,1.0102592,101025920.0
0.0,1.5871269,1.9729396,1.5871269,158712690.0
0.0,8.141689,1.9783735,8.141689,814168960.0
19.943832,14.797702,1.4504503,5.1461306,25.803118
9.560688,7.684082,1.6003319,1.876606,19.628357
19.02387,16.651318,1.7874777,2.3725529,12.471452
83.30183,70.45562,3.625448,12.846207,15.421278
8.881784e-14,7.515314,2.8068666,7.515314,751531460.0
0.0,6.058304,2.332572,6.058304,605830400.0
0.0,3.863625,2.213095,3.863625,386362530.0
19.831306,16.85025,1.3220638,2.9810562,15.032072
4.2163897,8.278141,1.5623311,4.0617514,96.33245
0.0,0.0,1.9304821,0.0,0.0
84.56725,71.8615,3.7165594,12.7057495,15.024432
0.0,0.0,1.2242855,0.0,0.0
0.0,0.0,1.7025908,0.0,0.0
9.435778,7.158001,1.5523629,2.2777767,24.13979
0.0,1.3105056,1.2690618,1.3105056,131050570.0
8.255502,3.2650535,3.0303113,4.990448,60.449966
8.347969,7.328349,5.25441,1.01962,12.213987
54.964672,44.28037,2.5700524,10.684303,19.438492
0.0,0.0,1.6063673,0.0,0.0
117.39665,159.65628,3.2351403,42.25963,35.997303
37.970352,10.225376,1.3210723,27.744976,73.07011
17.061918,5.884777,1.5011925,11.177141,65.509285
0.0,1.741952,1.1810312,1.741952,174195180.0
8.203135,9.51032,2.1824453,1.3071852,15.935192
34.73702,14.874741,1.6344204,19.862278,57.178993
0.0,1.8150575,1.844482,1.8150575,181505760.0
0.574086,0.0,2.7019002,0.574086,100.0
14.326082,10.620856,1.9818168,3.705226,25.863497
23.836882,17.516712,1.8070984,6.3201694,26.514248
7.1325345,3.8680038,1.4611517,3.2645307,45.769573
0.0,0.16924739,1.2434937,0.16924739,16924740.0
3.7907038,5.3997955,1.630494,1.6090918,42.448364
0.0,0.0,1.0743849,0.0,0.0
11.289084,8.833145,4.125366,2.4559393,21.754992
9.040105,4.7860374,1.9281708,4.2540674,47.05772
2.5530882,7.238491,1.6551477,4.685403,183.51904
13.317113,6.069915,1.5850872,7.247198,54.42019
11.710563,11.892432,1.4144531,0.1818695,1.5530381
0.0,1.0388087,1.4927558,1.0388087,103880860.0
52.14992,11.830319,1.8467859,40.319603,77.31479
27.827826,23.45238,2.293779,4.3754463,15.723277
6.0985565,6.5070467,1.0305314,0.40849018,6.6981454
0.0,0.0,1.5222828,0.0,0.0
18.659618,2.9571257,1.332186,15.702493,84.152275
0.0,8.195514,5.723713,8.195514,819551400.0
0.0,7.022808,1.5106593,7.022808,702280800.0
0.0,2.409485,1.298619,2.409485,240948510.0
0.0,0.0,1.876346,0.0,0.0
0.0,0.0,1.2426221,0.0,0.0
7.9306674,3.834526,3.0247118,4.0961413,51.64939
8.533911,13.47706,5.346449,4.9431496,57.923615
0.0,0.0,1.417103,0.0,0.0
11.49636,7.0745916,1.471257,4.421768,38.462334
20.53458,16.888636,1.7281759,3.6459446,17.755146
17.107038,16.78356,1.6357391,0.3234787,1.89091
0.0,3.6706443,1.6780636,3.6706443,367064420.0
0.0,2.17902,1.2500436,2.17902,217902000.0
32.029774,23.630392,2.880074,8.399382,26.22367
32.618084,27.480497,2.2924898,5.1375866,15.750731
5.8547263,9.087136,2.3774824,3.23241,55.210266
0.0,0.15272045,3.0044081,0.15272045,15272045.0
6.7920036,5.794803,1.1959069,0.9972005,14.681978
0.0,2.7829576,1.332642,2.7829576,278295740.0
5.1481366,2.9268463,1.573865,2.2212903,43.14746
0.0,2.0821571,1.083063,2.0821571,208215710.0
0.0,4.807582,1.1199918,4.807582,480758180.0
0.0,1.6137393,3.0330184,1.6137393,161373940.0
0.0,3.315019,1.3178451,3.315019,331501900.0
0.0,0.893348,1.2653245,0.893348,89334800.0
5.775434,2.806641,1.8127174,2.968793,51.40381
1.1662637,5.6718216,2.3101673,4.505558,386.3241
17.993025,9.969453,5.773913,8.023572,44.592678
0.0,6.1165667,3.4515834,6.1165667,611656700.0
0.0,2.5226874,1.5964866,2.5226874,252268740.0
0.0,0.0,2.5351548,0.0,0.0
0.813615,6.365575,1.4219604,5.55196,682.38165
0.0,4.5585785,1.5553519,4.5585785,455857860.0
2.9487011,9.932488,5.710652,6.9837875,236.84285
9.144477,10.777774,2.7916574,1.633297,17.861021
8.214933,4.2457643,2.8896348,3.9691691,48.31651
0.0,6.575394,3.9943645,6.575394,657539460.0
13.710281,5.576278,1.3386426,8.134003,59.32776
13.125278,13.453992,5.5232167,0.32871342,2.50443
0.0,3.956459,1.311657,3.956459,395645920.0
74.19003,105.942535,2.0872915,31.752502,42.798878
37.136566,38.342705,2.613552,1.2061386,3.2478464
2.62435,6.217369,1.9599832,3.593019,136.91081
0.0,0.0,1.5517067,0.0,0.0
24.275364,15.3240185,1.5756304,8.951345,36.874195
39.83692,7.939207,1.3732394,31.897715,80.07073
0.0,1.6592007,4.4198394,1.6592007,165920080.0
0.0,4.75033,3.3968909,4.75033,475033000.0
0.0,1.3600323,2.120641,1.3600323,136003230.0
6.756975,7.677952,1.1586667,0.92097664,13.630013
23.753616,16.185392,1.5105716,7.568224,31.861355
3.354234,17.492796,2.268226,14.138562,421.5139
0.0,0.0,1.0331526,0.0,0.0
4.673226,6.3046618,1.0901195,1.6314359,34.91027
22.525972,19.505095,1.6090693,3.0208778,13.410643
0.0,0.18681526,1.2182305,0.18681526,18681526.0
0.0,0.0,1.5949943,0.0,0.0
7.0431247,5.474948,1.5414705,1.5681767,22.265356
0.0,0.9291673,1.1796836,0.9291673,92916730.0
1.2149103,6.876238,2.147564,5.6613274,465.9873
0.0,0.0,1.2154396,0.0,0.0
6.4014645,5.7979546,2.1060658,0.6035099,9.427685
0.0,6.222989,2.3055763,6.222989,622298900.0
0.0,0.0,2.5185695,0.0,0.0
42.250458,81.72042,2.6630163,39.469963,93.41902
3.5293481,7.9496584,1.8134633,4.42031,125.24438
0.0,3.112167,1.2988524,3.112167,311216670.0
0.0,11.234363,2.4657006,11.234363,1123436300.0
10.655977,4.1879,1.5729904,6.468077,60.699055
0.0,3.0975864,2.6229405,3.0975864,309758620.0
0.0,0.6487529,1.4011941,0.6487529,64875292.0
0.0,0.0,1.5846268,0.0,0.0
8.932195,11.193097,1.3888519,2.2609024,25.311834
0.0,0.30430245,2.5621185,0.30430245,30430244.0
12.422286,12.524224,3.8959074,0.10193825,0.8206078
0.0,0.0,1.5089608,0.0,0.0
9.343707,7.0707636,1.539067,2.2729435,24.325928
0.0,0.46113777,3.080352,0.46113777,46113776.0
18.225174,12.890092,5.541385,5.335082,29.273146
0.0,0.0,1.2547944,0.0,0.0
10.902639,6.393586,1.2773162,4.509053,41.35745
0.0,1.9333999,1.5404631,1.9333999,193340000.0
0.0,2.4671974,1.1186523,2.4671974,246719740.0
0.0,9.978877,1.692777,9.978877,997887700.0
12.904285,4.7242155,1.2318655,8.18007,63.39034
10.800733,8.100347,2.3069396,2.700386,25.001879
13.064055,12.036101,5.7408266,1.0279541,7.868568
0.0,0.0,1.2765725,0.0,0.0
0.0,6.24296,1.4096619,6.24296,624296000.0
2.6948075,4.081261,1.194362,1.3864536,51.449074
0.0,3.3971825,1.6891253,3.3971825,339718270.0
7.5046854,3.8948085,0.933548,3.6098769,48.101643
0.0,0.0,4.1057053,0.0,0.0
7.3963084,6.8053017,2.6886804,0.59100676,7.9905643
0.0,7.4499397,1.3670795,7.4499397,744994000.0
5.96337,4.8170547,4.0116725,1.1463151,19.222607
10.609178,9.7591915,1.1483903,0.8499861,8.0118
0.0,0.86182,1.5747259,0.86182,86182000.0
6.7602196,5.0479746,1.3959415,1.712245,25.328245
89.75828,93.6047,4.194999,3.8464203,4.28531
20.443382,14.906845,3.1446385,5.536537,27.082294
0.0,0.0,2.4940321,0.0,0.0
0.0,1.2334805,1.0913681,1.2334805,123348050.0
4.384381,6.1560564,1.2615957,1.7716756,40.4088
5.3020554,4.99514,1.3310093,0.30691528,5.7886095
0.0,4.0800076,2.316702,4.0800076,408000770.0
66.66561,56.119637,4.0879383,10.545975,15.819212
14.705411,5.4284744,1.6305425,9.276937,63.08519
0.0,1.7098165,1.9921086,1.7098165,170981650.0
0.0,0.4710605,1.2107573,0.4710605,47106052.0
0.59574556,4.8200445,1.1703075,4.224299,709.0777
4.4962993,6.7509775,1.9237474,2.2546782,50.1452
6.9097486,8.2045355,1.519581,1.2947869,18.738554
0.0,0.5692911,1.1999844,0.5692911,56929110.0
10.357064,12.156165,2.1008954,1.7991009,17.370762
11.827518,5.451314,2.2979083,6.3762045,53.90991
0.0,0.5197375,1.2568972,0.5197375,51973748.0
1.3567561,7.365658,1.3306754,6.0089016,442.88736
0.0,2.1734836,4.4262223,2.1734836,217348350.0
16.576359,9.514355,1.284276,7.062004,42.602867
0.0,1.9768846,1.2644167,1.9768846,197688460.0
34.246582,33.25403,3.717452,0.9925537,2.8982563
10.075971,6.7146254,1.7083086,3.3613453,33.360012
50.060043,34.375233,3.999155,15.684811,31.331997
14.079385,11.881333,1.7854801,2.1980515,15.611843
12.290927,15.327264,1.1916186,3.036337,24.70389
7.1618595,3.5593069,3.8890548,3.6025527,50.301918
0.0,0.8090503,1.1639553,0.8090503,80905030.0
0.0,10.479284,2.1269815,10.479284,1047928450.0
5.201263,2.3747096,1.5987663,2.8265533,54.343597
9.395739,9.22038,3.081761,0.17535877,1.866365
5.695597,9.50627,1.5320926,3.8106732,66.905594
0.0,1.1679747,1.7606007,1.1679747,116797470.0
0.0,2.0405307,1.2024567,2.0405307,204053070.0
0.0,0.0,1.1480547,0.0,0.0
0.0,2.813872,1.9994836,2.813872,281387200.0
0.0,1.3452277,1.391726,1.3452277,134522770.0
12.088563,14.68446,5.60679,2.5958967,21.473988
0.59340686,5.170247,2.4167967,4.5768404,771.28204
11.621909,11.124076,4.331189,0.49783325,4.2835755
0.0,9.779686,5.706226,9.779686,977968640.0
0.0,0.0,1.6156248,0.0,0.0
0.0,2.6253796,1.5608684,2.6253796,262537970.0
23.177315,11.073869,1.3857874,12.103446,52.22109
18.968254,9.918671,1.3886981,9.049583,47.709103
11.206847,7.2606964,5.249953,3.9461508,35.211964
7.504913,30.772602,2.2636497,23.267689,310.03275
0.0,3.18571,1.1993008,3.18571,318570980.0
0.0,2.0619366,4.6888227,2.0619366,206193660.0
7.7574,6.0140266,1.9108367,1.7433734,22.473682
0.0,0.0,1.0018495,0.0,0.0
30.614237,8.109095,1.777381,22.505142,73.51202
0.0,10.157565,1.8158834,10.157565,1015756540.0
0.0,0.0,3.271624,0.0,0.0
0.0,0.0,1.6295415,0.0,0.0
4.949412,9.479099,1.229547,4.5296874,91.519714
0.0,1.3865709,1.4785687,1.3865709,138657090.0
0.0,7.724948,2.487579,7.724948,772494800.0
10.937817,7.002865,1.3648803,3.9349518,35.975662
227.01111,171.61372,2.2859912,55.397385,24.402939
2.8718233,4.970724,1.2978381,2.0989008,73.086
12.008443,5.6095552,1.353601,6.3988876,53.286575
12.6324215,10.128913,2.6234539,2.5035086,19.818121
0.0,0.0,1.493761,0.0,0.0
0.0,0.0,2.691114,0.0,0.0
0.0,0.0,1.7265135,0.0,0.0
115.89924,123.46,4.4519215,7.5607605,6.5235634
7.393,9.533654,2.1630273,2.140654,28.955149
7.6468563,11.186886,2.618276,3.5400295,46.293922
0.0,3.4886742,1.1332966,3.4886742,348867420.0
0.0,0.0,1.6272604,0.0,0.0
0.0,5.050373,1.3017275,5.050373,505037280.0
7.515442,3.6578581,1.4220428,3.8575838,51.328766
9.016366,4.4692974,0.965977,4.5470686,50.43128
0.0,0.0,1.6046501,0.0,0.0
15.786029,10.057902,1.5062476,5.7281265,36.28605
10.912103,5.0886955,2.1118784,5.823407,53.366497
0.0,4.68892,3.5946531,4.68892,468892000.0
0.8023004,2.489267,4.686633,1.6869667,210.26622
0.0,0.0,1.3235453,0.0,0.0
4.876801,5.027278,1.8140743,0.15047693,3.0855663
9.689939,4.000633,1.4325651,5.689306,58.71354
14.65908,4.522588,5.7842045,10.136492,69.14822
0.0,7.1684933,1.338639,7.1684933,716849300.0
7.2644987,5.382218,1.1300809,1.8822808,25.910679
0.0,10.530984,2.1353378,10.530984,1053098400.0
19.91098,14.195644,1.4294162,5.715336,28.704441
0.0,0.0,1.9065373,0.0,0.0
26.412899,10.640867,1.3080312,15.772032,59.713367
0.0,3.6167545,1.2783425,3.6167545,361675460.0
10.21776,5.714121,1.4947598,4.503639,44.07658
0.0,3.538595,1.7404761,3.538595,353859500.0
0.0,7.763302,1.4888791,7.763302,776330200.0
0.0,1.7867137,1.1701478,1.7867137,178671380.0
9.422185,11.535924,3.0757945,2.113739,22.43364
8.902781,6.1134377,4.458444,2.7893429,31.331144
6.1597004,4.1713915,1.5408307,1.9883089,32.279312
13.061746,13.769292,5.7483068,0.70754623,5.4169345
1.9214504,6.3184056,0.92970717,4.3969555,228.83524
11.867429,6.172159,1.4528791,5.6952696,47.990765
1.9424455,5.9791555,2.5513806,4.03671,207.81586
0.0,3.1317596,1.1248976,3.1317596,313175970.0
7.5988946,10.532836,2.6958423,2.9339414,38.610107
0.0,0.0,4.193843,0.0,0.0
12.341532,5.201894,1.0954256,7.139638,57.850502
9.426577,8.926081,1.95523,0.5004959,5.3094134
4.040992,4.435249,3.87576,0.39425707,9.756443
0.0,3.7347033,1.0984789,3.7347033,373470340.0
7.3299036,4.3084316,1.8985853,3.021472,41.22117
41.28235,5.267371,1.4636416,36.014977,87.240616
10.517224,6.9073534,1.2769519,3.609871,34.323418
0.0,2.8070486,1.1299796,2.8070486,280704860.0
25.196077,15.728311,4.654522,9.467767,37.57635
0.0,9.076668,2.7925777,9.076668,907666750.0
9.844154,10.771589,4.6624894,0.9274349,9.421174
0.0,3.191035,1.3617163,3.191035,319103520.0
0.0,0.079857826,0.970777,0.079857826,7985782.5
1.1325179,2.8351016,2.3253639,1.7025837,150.33614
24.838213,15.600134,1.2970009,9.238079,37.193012
1.1455499,5.989496,2.1285067,4.8439465,422.84903
47.19011,43.512817,4.0675607,3.6772919,7.7925057
1.2615681,7.159893,1.5904982,5.898325,467.53918
24.706572,17.075176,2.6563897,7.6313953,30.888119
1.2345293,0.053022385,2.1866667,1.1815069,95.705055
0.0,1.3743985,0.95371634,1.3743985,137439860.0
0.0,2.2851627,1.4061422,2.2851627,228516270.0
0.0,0.0,1.280002,0.0,0.0
9.201969,4.602189,1.3343211,4.59978,49.986908
2.8247359,1.8185288,4.458125,1.0062071,35.62128
9.020131,4.4939623,0.96457404,4.526169,50.178524
9.647541,9.108372,3.2890468,0.5391693,5.5886707
0.0,4.3981457,1.8247191,4.3981457,439814600.0
0.0,5.829296,3.201376,5.829296,582929600.0
20.300177,6.920949,2.5706773,13.379228,65.90695
0.0,0.0,1.7451264,0.0,0.0
1.1260943,6.04655,1.5083742,4.9204555,436.94876
0.0,0.0,1.916912,0.0,0.0
14.829765,5.808712,1.3603913,9.021053,60.830723
13.171734,13.660129,2.5484476,0.48839474,3.7079
0.0,1.833314,1.2353837,1.833314,183331400.0
8.188524,4.5701995,2.4779513,3.6183248,44.18775
6.6946983,3.720782,2.6280293,2.9739163,44.421963
0.0,0.0,1.1941624,0.0,0.0
6.5571046,3.993156,1.0758786,2.5639486,39.10184
0.0,1.3247631,1.1652213,1.3247631,132476300.0
5.2863107,6.215899,2.2327693,0.9295883,17.584822
6.7585025,2.6105855,1.1553615,4.147917,61.373314
2.7946358,3.5128083,1.6413109,0.71817255,25.698252
0.0,0.0,3.267419,0.0,0.0
6.772042,9.664312,4.1036463,2.8922706,42.70899
8.106939,12.503642,2.5052333,4.396703,54.23382
0.0,10.512803,2.3204737,10.512803,1051280260.0
0.0,0.0,1.6666344,0.0,0.0
0.0,5.9446716,2.4521453,5.9446716,594467140.0
0.0,0.0,1.3325024,0.0,0.0
9.072061,7.6474085,1.2590653,1.4246521,15.7037325
6.188612,5.4156523,1.660598,0.7729597,12.490034
0.0,11.968224,1.8205106,11.968224,1196822400.0
0.0,0.0,4.628647,0.0,0.0
8.153778,6.613338,1.6055378,1.5404401,18.892347
0.0,0.0,1.2698941,0.0,0.0
0.0,0.5626905,2.3261528,0.5626905,56269052.0
37.092422,19.791145,1.7876793,17.301277,46.643696
0.0,2.4874153,1.6108145,2.4874153,248741540.0
3.432579,1.7857819,3.0419266,1.6467972,47.975506
11.302226,6.9560604,1.42861,4.3461657,38.454067
0.0,4.4708233,2.187935,4.4708233,447082340.0
0.0,2.3207302,1.8659691,2.3207302,232073020.0
0.0,0.3591888,1.7612636,0.3591888,35918880.0
10.784394,10.245432,5.7549067,0.53896236,4.997614
0.0,3.1484194,1.4149755,3.1484194,314841950.0
1.110223e-13,3.3568006,1.4582797,3.3568006,335680060.0
12.02001,13.329406,1.2333503,1.3093958,10.893466
1.0874399,6.1027937,1.3056295,5.0153537,461.20743
1.9592817,6.3055506,1.7023449,4.3462687,221.8297
0.0,0.0,2.2489026,0.0,0.0
0.0,5.0427513,1.3416854,5.0427513,504275140.0
0.0,0.6538402,1.1878511,0.6538402,65384020.0
0.0,5.0348434,2.6966395,5.0348434,503484350.0
0.0,5.4966307,1.1438287,5.4966307,549663100.0
7.837648,8.566246,5.2315507,0.7285981,9.296132
10.411465,5.1073856,1.2857425,5.304079,50.9446
0.0,3.2274737,1.7683383,3.2274737,322747400.0
0.0,0.0,2.353699,0.0,0.0
0.0,5.216365,1.7149012,5.216365,521636480.0
10.734706,7.586076,2.9236014,3.1486301,29.331312
0.0,0.0,1.2706795,0.0,0.0
8.915596,7.9909887,1.9419742,0.9246073,10.370672
6.1290946,5.0138574,1.8728932,1.1152372,18.195791
0.0,4.3204503,1.5130645,4.3204503,432045060.0
17.661009,35.869102,2.8629715,18.208094,103.097694
0.0,2.9633431,2.142982,2.9633431,296334340.0
0.22844508,1.9012321,1.3807193,1.6727871,732.2491
4.8611636,11.184994,2.0027606,6.32383,130.0888
12.671258,9.189566,2.1505942,3.4816923,27.477083
4.349312,3.7041926,1.7710791,0.6451192,14.832672
0.0,0.7346883,1.9271858,0.7346883,73468824.0
24.074,21.755766,2.9629009,2.3182335,9.629615
6.6468945,2.7661715,1.6972158,3.880723,58.384003
2.5926015,10.904222,1.5162027,8.31162,320.58994
0.0,0.0,2.539518,0.0,0.0
9.725601,6.9349527,1.4904093,2.7906485,28.69384
0.0,0.0,2.5803163,0.0,0.0
122.3078,121.18566,4.8491983,1.122139,0.9174713
1.1408358,11.194543,3.1910028,10.053707,881.25806
3.3317869,7.3911085,5.7542467,4.0593214,121.83617
0.0,1.6766133,1.5011753,1.6766133,167661330.0
0.0,0.0,1.6631105,0.0,0.0
1.7549263,6.9485683,2.5462635,5.193642,295.94644
0.0,9.096622,5.2647185,9.096622,909662200.0
0.0,0.0,1.4271727,0.0,0.0
10.020047,4.925255,2.6166627,5.0947924,50.845993
56.95505,55.454605,4.9546833,1.5004463,2.6344395
0.0,3.5765088,1.6183944,3.5765088,357650880.0
16.567984,10.647804,1.9173428,5.9201794,35.73265
10.730996,5.772368,1.4478871,4.958628,46.20846
85.13132,74.916466,4.682703,10.214851,11.998935
0.0,4.576871,1.0734844,4.576871,457687100.0
13.173057,9.565515,1.3016309,3.607542,27.385763
0.0,4.6458664,1.9593121,4.6458664,464586660.0
99.955574,118.812874,4.8996406,18.8573,18.86568
14.106635,10.442626,2.5142906,3.664009,25.973658
0.0,4.0697994,1.3275541,4.0697994,406979940.0
11.486474,11.967374,1.9674772,0.4808998,4.1866617
10.020102,8.002442,2.3328831,2.0176592,20.136114
0.0,1.5801632,2.1342103,1.5801632,158016320.0
5.6563687,5.04237,1.6042988,0.6139989,10.8550005
14.41872,11.174591,5.7737904,3.2441292,22.499424
10.135561,13.298106,3.4853208,3.1625452,31.202467
9.6127825,6.016511,2.8148406,3.5962715,37.411346
21.865156,9.269147,3.9974396,12.596009,57.60768
63.965256,44.488663,2.5958247,19.476593,30.448706
0.0,5.2938843,1.9518728,5.2938843,529388400.0
0.0,0.0,3.3294697,0.0,0.0
0.0,3.7035317,1.0813234,3.7035317,370353180.0
6.927503,4.9480906,2.9520779,1.9794126,28.573246
0.0,3.7817457,1.4081511,3.7817457,378174560.0
6.3341923,8.370451,1.8442683,2.0362587,32.147095
10.181335,10.048955,2.215395,0.13238049,1.3002272
0.0,0.0,2.5309167,0.0,0.0
0.0,0.0,1.865829,0.0,0.0
0.0,0.0,2.9680943,0.0,0.0
0.0,1.6517051,1.4543605,1.6517051,165170510.0
0.0,3.578531,1.2707815,3.578531,357853100.0
12.0264635,11.042506,2.1789012,0.9839573,8.181602
0.0,1.0851495,2.023604,1.0851495,108514950.0
85.57008,86.92102,4.260162,1.3509369,1.5787491
7.8163548,5.148955,5.69037,2.6674,34.12588
0.0,0.0,1.6704987,0.0,0.0
1.5980116,6.4723845,1.3414047,4.874373,305.02737
0.0,3.6125972,1.3939643,3.6125972,361259740.0
0.0,3.3534431,1.5445708,3.3534431,335344300.0
0.0,1.8556488,1.5957899,1.8556488,185564880.0
118.7802,139.91235,2.1683717,21.132156,17.790976
0.0,0.0,2.3563764,0.0,0.0
10.356062,11.934397,5.7599926,1.5783348,15.240685
0.0,2.7890933,2.3520489,2.7890933,278909340.0
10.335536,10.30004,5.6383348,0.035495758,0.34343413
21.327559,8.410989,1.5787396,12.91657,60.562817
10.602491,7.445965,1.5098017,3.1565266,29.771555
22.112053,11.148031,5.7498803,10.964022,49.58392
0.0,9.525746,1.5762682,9.525746,952574660.0
0.0,0.0,1.8969169,0.0,0.0
9.665831,12.424731,5.755196,2.7589006,28.542822
0.0,0.0,1.5189319,0.0,0.0
7.8517985,5.063613,1.3675607,2.7881856,35.510155
0.0,1.2836658,1.7587081,1.2836658,128366580.0
13.106673,9.185892,1.6261693,3.9207811,29.914389
9.505507,8.525713,1.317756,0.9797945,10.307651
100.93767,86.01603,2.638575,14.9216385,14.783023
0.0,0.0,2.5523677,0.0,0.0
0.0,3.0357666,1.4327848,3.0357666,303576670.0
0.0,0.8942416,1.8530515,0.8942416,89424160.0
14.947491,15.877055,1.1556306,0.9295645,6.218867
0.0,3.0768888,2.2161262,3.0768888,307688860.0
19.141594,7.8103533,1.2873607,11.331241,59.196953
0.0,5.7990813,1.1742921,5.7990813,579908160.0
7.6130667,4.4669414,1.3435954,3.1461253,41.325333
0.0,0.0,1.1815318,0.0,0.0
0.0,4.6488075,1.3890737,4.6488075,464880740.0
0.0,4.374028,1.801935,4.374028,437402850.0
0.0,0.0,1.5322121,0.0,0.0
0.0,11.43955,2.1531706,11.43955,1143955100.0
11.45531,4.2702856,1.3879198,7.1850243,62.722218
8.867475,2.771339,1.2363923,6.0961356,68.74715
0.0,0.0,1.0027782,0.0,0.0
0.0,3.611669,1.6659786,3.611669,361166900.0
12.679938,12.103759,3.1996999,0.5761795,4.5440245
2.7934897,6.235126,1.9108992,3.4416363,123.20204
0.0,1.8799335,1.7128167,1.8799335,187993340.0
1.9861398,10.350014,2.3764088,8.363874,421.1121
10.913354,14.093586,1.3050473,3.180232,29.14074
19.442564,15.105912,2.6333907,4.336652,22.30494
9.506516,3.8389995,1.811967,5.6675167,59.617176
159.07802,160.23901,3.92295,1.1609955,0.7298277
9.557668,3.2961655,1.6362615,6.2615023,65.51286
0.0,1.8163378,1.8124264,1.8163378,181633800.0
9.73045,10.091607,2.0055914,0.36115742,3.711621
0.0,0.0,5.109461,0.0,0.0
0.0,1.3289773,2.0551708,1.3289773,132897736.0
0.0,0.0,2.1304083,0.0,0.0
18.182676,11.575457,2.2400343,6.6072197,36.337994
0.0,0.63485265,2.6298718,0.63485265,63485264.0
10.976669,10.733104,5.0398426,0.24356556,2.2189386
0.0,9.126499,3.6089387,9.126499,912649900.0
0.0,0.0,1.302014,0.0,0.0
0.0,2.0658064,1.1275835,2.0658064,206580640.0
10.428223,11.191664,4.216133,0.7634411,7.320913
5.7527556,3.3049426,2.0444224,2.447813,42.55027
2.207917,5.2265453,2.9591053,3.0186284,136.71837
7.1504097,7.476177,2.1315603,0.32576752,4.555928
13.757095,7.9598455,1.8115096,5.79725,42.14007
4.0575624,5.7644606,3.093069,1.7068982,42.067085
9.57664,3.5018578,1.0725371,6.0747824,63.433334
0.0,1.2746434,1.3673173,1.2746434,127464344.0
7.91827,6.0158005,2.3915684,1.9024696,24.026329
0.0,0.0,1.4378431,0.0,0.0
10.292462,9.237569,1.5932821,1.0548935,10.249185
0.0,3.6603405,1.0889379,3.6603405,366034050.0
0.0,0.0,2.1969073,0.0,0.0
0.0,0.93895745,1.7832621,0.93895745,93895740.0
22.534187,20.084108,3.774323,2.450079,10.87272
0.0,3.2305253,1.2548301,3.2305253,323052500.0
2.7316658,4.3648705,1.5527953,1.6332047,59.787865
1.0234479,0.55872226,3.8158913,0.4647256,45.407845
0.0,3.1575568,2.0383427,3.1575568,315755680.0
0.0,1.5695426,3.8810852,1.5695426,156954270.0
0.0,2.1165395,1.5051697,2.1165395,211653950.0
12.474407,13.896017,2.471107,1.4216099,11.396212
0.0,1.2270454,1.3700299,1.2270454,122704540.0
0.0,0.57853484,1.4685184,0.57853484,57853484.0
16.434792,11.689816,1.3176858,4.744975,28.871525
0.0,3.859993,2.2009401,3.859993,385999300.0
0.4560523,5.6599517,1.2348865,5.2038994,1141.0752
24.89156,17.60479,2.3317568,7.28677,29.27406
4.2545614,3.6717627,1.247447,0.5827987,13.69821
12.604828,10.108716,2.437236,2.4961119,19.802824
0.0,0.0,2.2736256,0.0,0.0
22.164978,7.881444,1.1893964,14.283534,64.4419
0.0,4.162698,1.592235,4.162698,416269800.0
0.0,2.8568163,1.5548368,2.8568163,285681630.0
0.0,0.19059205,0.93534213,0.19059205,19059204.0
7.8002863,7.0794287,2.222807,0.7208576,9.2414255
8.139523,5.458269,1.8520683,2.6812534,32.941162
0.0,5.3855286,1.0842406,5.3855286,538552800.0
2.2888775,7.605461,5.662758,5.3165836,232.2791
9.767359,8.310001,3.6489186,1.4573574,14.9206915
3.8079102,7.2978697,3.3333023,3.4899595,91.65025
0.0,1.8574053,1.2000242,1.8574053,185740530.0
124.11197,113.89018,2.661683,10.2217865,8.235939
0.0,0.0,2.918435,0.0,0.0
11.448752,6.9976053,1.1316242,4.451147,38.878883
0.0,0.1634376,4.289521,0.1634376,16343761.0
0.0,2.1704252,1.338624,2.1704252,217042510.0
4.0470543,5.1839085,1.6628718,1.1368542,28.090904
10.298504,6.2719927,1.494883,4.026511,39.098022
4.388858,10.332804,2.9670959,5.943946,135.43263
0.0,3.369834,1.0763111,3.369834,336983400.0
11.3256,10.0076275,5.769111,1.3179722,11.637107
0.0,0.0,1.613879,0.0,0.0
565.7429,215.14302,2.0580833,350.5999,61.971596
0.0,0.8946376,1.2592539,0.8946376,89463760.0
6.363631,4.0629654,1.8540971,2.3006654,36.153347
4.8564086,4.803322,1.1361558,0.053086758,1.093128
19.430857,5.6884046,1.4233178,13.742453,70.72489
30.688284,7.1127863,2.4552593,23.575497,76.822464
109.59491,119.6653,4.179698,10.070389,9.188738
178.59045,262.38358,2.4493048,83.79312,46.91915
1.8839846,6.7966833,1.3233854,4.9126987,260.76108
0.0,4.7339907,2.1894677,4.7339907,473399070.0
0.0,1.7792137,4.229038,1.7792137,177921380.0
0.0,12.742237,1.4710573,12.742237,1274223700.0
19.361614,15.023896,4.424115,4.337718,22.4037
0.0,0.0,1.0563095,0.0,0.0
33.011787,24.190586,2.5521505,8.821201,26.721369
0.0,0.0,1.76565,0.0,0.0
0.9516204,6.913563,1.3260174,5.961942,626.5042
15.430671,8.914395,1.5249075,6.5162754,42.229374
5.196671,5.6305456,1.4484264,0.4338746,8.349087
8.729789,3.7797706,1.900455,4.950018,56.70261
406.9942,185.81348,4.4399996,221.18073,54.344933
11.132371,15.33338,2.5038915,4.201009,37.736874
1.176212,10.570369,1.307846,9.394156,798.6789
14.775756,16.686117,3.925103,1.9103613,12.929026
0.0,0.11400962,1.5285716,0.11400962,11400962.0
33.76879,42.712845,2.553249,8.944054,26.486155
0.53721786,5.9934554,1.6679186,5.456238,1015.64716
13.939137,13.195853,2.6183953,0.7432842,5.3323545
3.4780731,14.629198,1.5357625,11.151125,320.61215
16.076048,9.612479,1.7388831,6.4635687,40.206203
0.0,1.7471366,1.5127733,1.7471366,174713650.0
9.686731,5.6998367,1.6784397,3.9868946,41.158306
8.594159,12.177321,5.433882,3.5831623,41.692993
0.40553972,1.2059108,1.7081003,0.80037105,197.35947
0.0,2.1840427,1.4174045,2.1840427,218404270.0
0.0,7.5166445,1.3638031,7.5166445,751664450.0
0.0,0.0,4.09611,0.0,0.0
4.4380145,9.579263,2.2132561,5.141248,115.84568
8.522172,3.7677093,1.6250007,4.7544627,55.78933
4.9957557,10.307534,2.129181,5.3117785,106.32583
8.536198,10.430729,5.768678,1.8945312,22.194088
8.41558,6.390899,1.3986783,2.0246806,24.058718
10.965074,8.444272,1.8180721,2.5208015,22.989372
0.0,1.1638042,1.0531194,1.1638042,116380420.0
0.0,0.0,1.2791338,0.0,0.0
15.581418,18.04504,1.1757385,2.463622,15.811283
3.0389574,12.2871065,1.4712855,9.248149,304.3198
0.0,0.0,1.930702,0.0,0.0
81.003624,60.312218,3.7191615,20.691406,25.543802
13.604358,13.363244,4.022898,0.24111366,1.7723267
34.096943,24.468525,2.454702,9.628418,28.238361
0.0,2.2790651,1.4080156,2.2790651,227906510.0
7.25971,3.8372653,1.7110853,3.4224446,47.142994
0.0,3.2849932,1.8593562,3.2849932,328499330.0
42.168,27.244957,2.180998,14.923042,35.389496
2.55701,6.8684587,1.5310552,4.311449,168.61292
19.896927,19.976496,2.2715185,0.07956886,0.3999053
0.0,10.595621,1.5430517,10.595621,1059562100.0
14.9160185,12.307206,1.4602704,2.6088123,17.490004
0.0,5.040383,4.793779,5.040383,504038300.0
10.031482,9.46077,2.465468,0.5707121,5.6892104
0.0,0.0,3.6171255,0.0,0.0
0.0,3.898127,2.0732522,3.898127,389812700.0
0.0,0.40313458,2.1847897,0.40313458,40313456.0
0.0,5.186222,3.0712113,5.186222,518622200.0
8.293529,4.435418,1.3956218,3.8581104,46.519527
0.68546337,6.509697,2.3044071,5.8242335,849.6783
25.96466,4.147066,5.7842445,21.817595,84.02804
0.0,6.117932,2.009307,6.117932,611793200.0
17.626421,7.1500006,1.667361,10.47642,59.435894
80.47548,70.11468,2.842423,10.360802,12.874483
1.6664191,15.091013,2.2206023,13.424594,805.5953
0.0,3.2325294,1.2837739,3.2325294,323252930.0
0.0,3.3465147,1.5861505,3.3465147,334651460.0
2.7214558,7.5058756,1.2903367,4.78442,175.80371
12.31419,2.8986769,1.2875162,9.415513,76.46068
17.212332,12.158026,1.2653056,5.054306,29.364447
0.0,7.9699945,3.8088675,7.9699945,796999400.0
0.0,4.887229,1.5788954,4.887229,488722900.0
14.414394,12.2236395,5.757926,2.190755,15.198383
0.0,2.984025,1.7910727,2.984025,298402500.0
10.091848,6.8246584,1.8720458,3.26719,32.374546
12.159908,4.6859245,1.4295683,7.473984,61.464146
24.897745,22.795269,2.7470627,2.1024761,8.444445
0.0,1.3587329,1.1072524,1.3587329,135873300.0
0.0,3.0242167,2.3739836,3.0242167,302421660.0
0.0,4.6790295,2.7420485,4.6790295,467902940.0
7.0772886,6.6255007,4.1231294,0.45178795,6.3836303
0.0,2.2165623,1.6222354,2.2165623,221656220.0
0.0,1.7510045,1.1009349,1.7510045,175100450.0
100.16533,103.190674,2.1245162,3.0253448,3.0203514
5.9632974,7.433325,2.0578585,1.4700274,24.651253
11.763965,10.923426,2.0264287,0.840539,7.145031
0.0,0.86831546,1.757142,0.86831546,86831544.0
8.184909,5.3551426,1.7028782,2.8297663,34.57297
0.72411394,6.8874884,4.980605,6.1633744,851.1609
20.500238,18.04361,2.6634629,2.4566288,11.983416
16.46999,6.283556,1.2192563,10.186434,61.848454
0.0043838285,2.4830914,1.9206277,2.4787076,56542.074
8.174402,5.3328958,1.4232635,2.8415065,34.76103
1.2692602,0.0,2.8587554,1.2692602,100.0
4.5256643,5.419909,2.0173423,0.8942447,19.759413
0.0,0.0,1.2111826,0.0,0.0
0.0,0.0,1.7984608,0.0,0.0
12.222964,8.596181,1.9455366,3.6267834,29.67188
0.0,0.018435717,1.949954,0.018435717,1843571.6
8.232138,5.0658,1.3315051,3.1663375,38.463127
1.0773821,6.7692413,1.6150533,5.6918592,528.3046
0.0,0.0,1.9058063,0.0,0.0
12.42753,13.384585,1.3423684,0.9570551,7.701088
0.0,2.1854167,1.4107534,2.1854167,218541680.0
1.9577357,7.0188437,1.185226,5.061108,258.51846
0.0,6.101056,2.0762653,6.101056,610105600.0
4.8275685,7.048403,1.5320042,2.2208343,46.003162
0.0,5.6112194,1.6745979,5.6112194,561121900.0
0.0,0.0,1.838712,0.0,0.0
0.0,3.5392969,1.2144647,3.5392969,353929700.0
0.0,17.010328,3.3097384,17.010328,1701032800.0
14.966026,14.485494,3.3068306,0.48053265,3.2108233
9.728989,5.0367393,1.2259272,4.6922493,48.22957
11.351664,8.579345,3.5612361,2.7723188,24.422136
0.0,0.5072305,1.3862697,0.5072305,50723052.0
0.0,1.1230752,1.8745855,1.1230752,112307530.0
0.0,0.0,1.298176,0.0,0.0
0.0,0.0,1.4587904,0.0,0.0
8.493286,5.533671,1.1763629,2.9596152,34.846527
33.39806,25.187357,2.3432133,8.210703,24.584372
7.2699976,3.8695478,1.6943346,3.4004498,46.77374
10.156115,11.715856,2.8422737,1.559741,15.357656
11.146567,6.4109488,5.7803025,4.7356186,42.484997
0.0,1.0217934,3.45009,1.0217934,102179336.0
72.012276,58.920513,4.472125,13.091763,18.179905
14.152855,11.809053,3.8886702,2.3438015,16.560627
29.214373,27.320505,1.4413178,1.8938675,6.482657
0.0,0.0,1.4371285,0.0,0.0
5.7634654,4.4499226,1.5469208,1.3135428,22.79085
0.0,2.6839886,1.8124323,2.6839886,268398860.0
9.879846,5.8209047,1.5516003,4.058941,41.083042
0.0,5.598462,1.7443398,5.598462,559846200.0
8.480452,5.9591246,2.7156892,2.521327,29.731047
9.889318,7.05616,2.037533,2.8331585,28.648674
13.960144,9.287428,5.727307,4.672716,33.471832
8.230333,10.00914,1.9163477,1.7788067,21.612816
21.331062,14.369049,1.2696913,6.9620132,32.63791
0.0,0.3644302,1.576359,0.3644302,36443020.0
0.0,2.708667,1.7182285,2.708667,270866700.0
4.7938538,4.0373764,1.3452418,0.75647736,15.78015
3.1547465,9.772576,1.2892572,6.61783,209.77373
0.7973509,7.830698,1.4270056,7.033347,882.08936
90.27075,90.28646,3.8904777,0.015708923,0.017402008
2.3031437,1.5935051,1.2737769,0.7096386,30.811737
33.92966,21.027033,3.5480707,12.902628,38.027576
0.0,2.5785632,1.4981362,2.5785632,257856320.0
0.0,5.62219,1.299014,5.62219,562219000.0
45.093563,18.59691,5.542769,26.496653,58.75928
0.0,0.95996845,1.3300066,0.95996845,95996840.0
2.9362023,3.6185668,1.4035138,0.68236446,23.239697
7.345846,7.118847,1.6458826,0.22699928,3.090172
19.821014,11.811069,1.3645539,8.009946,40.41138
5.8037963,2.5500681,1.2440495,3.2537282,56.062065
37.149452,27.926107,2.7487895,9.223345,24.827673
0.0,0.0,3.8557956,0.0,0.0
0.0,3.3246746,1.2148132,3.3246746,332467460.0
9.528374,13.172441,5.632642,3.6440668,38.244373
6.4145646,5.81557,4.181314,0.59899473,9.338042
0.0,0.0,4.2045302,0.0,0.0
35.446804,27.922205,2.2244117,7.524599,21.227863
0.0,6.602439,1.5133243,6.602439,660243900.0
8.5824995,15.453862,2.0177088,6.8713627,80.06249
38.190323,44.935066,2.3776484,6.7447433,17.660872
13.350422,7.8302374,1.6749748,5.5201845,41.34839
9.382498,4.495071,1.1967471,4.887427,52.090893
0.0,9.299614,1.0413483,9.299614,929961400.0
0.0,3.690291,1.471938,3.690291,369029100.0
0.0,1.6124154,1.231026,1.6124154,161241550.0
0.0,0.0,1.5996035,0.0,0.0
0.0,1.3624024,1.5767425,1.3624024,136240260.0
0.0,0.0013267994,1.2375903,0.0013267994,132679.94
0.0,0.0,5.276186,0.0,0.0
26.278675,31.73307,2.2967808,5.4543953,20.755974
32.041874,21.784166,2.3194864,10.257708,32.013443
18.737774,21.14746,2.630427,2.409687,12.86005
34.87475,25.4034,2.4258652,9.471348,27.158182
11.672812,5.13593,1.4183273,6.5368824,56.00092
0.9142266,5.470392,1.4168379,4.5561657,498.36285
0.0,7.721962,2.0966682,7.721962,772196160.0
14.272311,10.558864,1.7784387,3.7134476,26.018543
11.02356,8.132646,1.2314892,2.890914,26.224869
29.865324,31.238976,1.9445958,1.3736515,4.599486
8.9767,6.0099716,1.4345369,2.9667282,33.04921
7.5698314,9.142662,1.9198908,1.5728307,20.777618
11.299616,10.61023,5.7646747,0.6893854,6.100963
0.0,4.456442,1.3383433,4.456442,445644200.0
0.0,0.0,1.2159119,0.0,0.0
0.0,11.480485,5.731592,11.480485,1148048500.0
10.05539,7.4640207,1.3942988,2.5913696,25.77095
14.152597,14.9052725,1.4438735,0.75267506,5.3182817
0.0,0.0,1.358658,0.0,0.0
9.762366,8.055056,2.5119474,1.7073107,17.488697
0.015042067,2.320472,1.325744,2.30543,15326.551
5.923778,4.2518044,2.5829089,1.6719737,28.224787
19.357851,13.624599,2.558822,5.7332516,29.61719
8.741775,11.73046,5.419165,2.9886856,34.188545
1.1484944,0.0,3.7302334,1.1484944,100.0
4.958108,9.117676,1.2837702,4.159568,83.89426
6.661338e-14,6.3778253,4.8271756,6.3778253,637782500.0
0.0,7.2528734,1.2702096,7.2528734,725287360.0
0.0,3.426583,2.0717971,3.426583,342658300.0
0.0,0.0,3.2168746,0.0,0.0
0.0,0.5859971,1.3585554,0.5859971,58599708.0
0.0,0.0,2.060921,0.0,0.0
8.058967,9.538537,4.352226,1.4795704,18.359306
10.70951,8.087498,2.1940603,2.6220121,24.483025
0.0,0.4885242,1.6931404,0.4885242,48852420.0
0.0,1.3827832,1.551853,1.3827832,138278320.0
35.39174,13.583753,1.388762,21.807987,61.618866
0.0,0.0,2.5108504,0.0,0.0
0.0,2.12804,1.4752606,2.12804,212804000.0
0.0,3.9285076,1.3806088,3.9285076,392850780.0
0.0,2.292434,1.3569462,2.292434,229243400.0
199.6956,158.24335,2.5937777,41.452255,20.75772
0.0,1.7649746,1.0159734,1.7649746,176497470.0
6.9069896,3.6959963,1.1126121,3.2109933,46.489044
2.3072407,3.0402665,1.5028851,0.7330258,31.77067
3.1755555,4.933162,2.407114,1.7576067,55.34801
8.827799,7.160693,2.0012324,1.6671057,18.884727
14.374599,10.352445,5.685495,4.022155,27.980988
13.625489,14.918092,1.9701307,1.2926025,9.48665
0.0,0.0,1.2425938,0.0,0.0
0.13202024,10.603258,1.6422287,10.471238,7931.54
0.0,0.0,1.6280766,0.0,0.0
0.0,0.0,1.5186117,0.0,0.0
11.5194645,11.253638,1.917001,0.26582623,2.3076265
12.450927,4.7090883,2.3752587,7.7418385,62.178814
0.0,0.69686735,1.5516747,0.69686735,69686740.0
11.176001,9.389881,3.1627865,1.7861195,15.98174
11.848021,10.5125065,1.5184817,1.3355141,11.272044
11.093803,8.452655,1.6453338,2.6411486,23.807423
0.0,0.0,1.8951443,0.0,0.0
11.617763,5.317624,1.0754566,6.3001385,54.2285
4.4187737,9.705391,5.776489,5.2866173,119.63992
0.0,2.311505,1.9132234,2.311505,231150510.0
2.3386412,6.1479883,1.1042649,3.8093472,162.8872
7.4653726,4.979464,2.3603568,2.4859085,33.29919
0.0,5.457614,1.5099281,5.457614,545761400.0
5.8737926,4.890213,1.4236494,0.98357964,16.745222
0.0,0.7195041,1.4880353,0.7195041,71950410.0
0.9407153,7.483962,1.2531319,6.5432467,695.5607
3.987695,9.372365,3.1836512,5.3846703,135.03215
0.0,0.0,1.255074,0.0,0.0
7.296083,15.682653,2.2812688,8.38657,114.9462
10.387074,11.157397,5.7626143,0.7703228,7.4161673
8.425636,6.8135138,2.1629915,1.6121225,19.13354
0.0,0.33278298,1.6250418,0.33278298,33278298.0
12.519829,13.002114,1.2561632,0.4822855,3.8521733
0.0,0.0,1.0030692,0.0,0.0
0.0,0.63574624,1.7046571,0.63574624,63574624.0
9.746763,6.750122,1.8254114,2.9966412,30.74499
0.0,0.0,1.6281703,0.0,0.0
8.467726,7.8086205,1.3406686,0.6591053,7.783735
2.7930195,2.121036,1.1542747,0.6719835,24.059391
28.008522,24.67231,5.6833696,3.3362122,11.911418
3.5952022,3.4376836,1.2995182,0.15751863,4.3813567
10.078459,7.5088406,2.3549752,2.5696182,25.496143
9.543943,11.469765,5.7641654,1.9258213,20.178465
0.0,0.0,1.3894725,0.0,0.0
9.560574,9.492008,5.7680345,0.06856537,0.7171679
0.0,2.5077407,1.2973449,2.5077407,250774080.0
11.724987,12.41305,2.6402867,0.68806267,5.868345
1.9517943,7.8808765,3.6855567,5.9290824,303.776
3.813231,7.9301834,1.4107865,4.1169524,107.964935
4.276303,7.073634,2.859196,2.7973313,65.41471
3.059391,9.836316,5.0521717,6.776925,221.51222
0.0,0.0,1.4733117,0.0,0.0
7.9629126,10.677564,5.6200757,2.714651,34.091183
4.523061,7.719836,1.7988023,3.1967754,70.67726
10.407672,3.6614842,1.4013499,6.7461877,64.819374
19.470139,16.182262,1.8436685,3.2878761,16.886763
10.996101,11.301803,3.502848,0.30570126,2.7800877
142.53308,131.1302,2.2151535,11.402878,8.000163
4.19442,7.1483946,5.7506127,2.9539747,70.4263
0.0,8.106782,1.2945265,8.106782,810678200.0
0.0,0.0,2.4816885,0.0,0.0
0.0,1.3704021,4.9533753,1.3704021,137040210.0
0.0,9.396003,1.6511915,9.396003,939600260.0
0.0,3.3954666,1.2585222,3.3954666,339546660.0
79.66162,83.61708,2.3542607,3.9554596,4.9653263
1.2283852,9.353689,1.4769812,8.125304,661.4622
0.0,1.3738794,1.1189201,1.3738794,137387940.0
0.0,5.9253526,1.4738785,5.9253526,592535300.0
18.89618,3.645891,1.7963587,15.250288,80.70567
0.0,1.3010386,1.3905414,1.3010386,130103864.0
12.148915,4.580822,2.0847142,7.5680933,62.294395
133.97923,168.29503,2.1429183,34.315796,25.612772
0.0,0.0,1.1153687,0.0,0.0
0.0,0.0,1.335295,0.0,0.0
0.0,1.2421708,1.3877378,1.2421708,124217080.0
4.51923,6.9862547,2.544096,2.4670248,54.589497
195.23068,195.35738,3.4113944,0.12669373,0.06489437
2.773059,6.091325,1.8479067,3.318266,119.66086
0.0,4.867652,0.98961127,4.867652,486765200.0
20.58711,13.892285,1.1086949,6.694825,32.5195
0.0,11.234134,2.5961926,11.234134,1123413400.0
0.0,0.0,1.116958,0.0,0.0
15.240921,4.9896574,1.6049585,10.251264,67.261444
2.3394978,6.6570663,1.9656688,4.317569,184.55109
4.840812,3.0238218,1.3735061,1.8169904,37.534824
10.451046,6.2330933,1.2205821,4.2179527,40.359146
7.0720773,12.123426,5.576643,5.051349,71.42667
14.436789,11.0968485,5.587858,3.33994,23.134924
0.0,0.0,1.6876878,0.0,0.0
0.0,0.0,2.560008,0.0,0.0
0.0,7.3079376,2.1159098,7.3079376,730793800.0
0.0,6.482072,1.624867,6.482072,648207200.0
12.638782,8.257417,1.754088,4.381365,34.66604
308.92743,209.84355,2.4575183,99.08388,32.073513
9.6772,9.143462,1.5859803,0.53373814,5.515419
4.966562,13.087781,1.6263055,8.12122,163.51794
0.0,0.0,1.4916577,0.0,0.0
9.940521,11.603797,1.4618754,1.6632757,16.732279
0.0,0.42038417,1.4304326,0.42038417,42038416.0
9.716108,7.6888046,1.3772047,2.0273037,20.865389
0.0,0.0,1.2735522,0.0,0.0
10.143161,9.393301,1.4920362,0.7498598,7.392762
4.469087,7.310996,1.8318965,2.841909,63.590366
32.251987,14.933644,1.8218486,17.318344,53.696983
21.183851,9.183997,2.0582936,11.999854,56.646233
0.0,4.409073,1.7657915,4.409073,440907300.0
5.5922356,3.2478604,1.3190429,2.3443751,41.921967
0.0,0.5735643,2.439321,0.5735643,57356430.0
18.98179,14.093568,1.4251103,4.8882227,25.752169
19.61913,12.715484,1.662627,6.9036455,35.18834
0.0,5.9618187,1.292265,5.9618187,596181900.0
0.0,5.3839436,1.2735186,5.3839436,538394400.0
7.145242,7.326727,4.401698,0.1814847,2.5399377
0.0,0.0,1.4130892,0.0,0.0
0.0,0.0,1.1356487,0.0,0.0
0.0,3.7217524,1.1098694,3.7217524,372175230.0
576.86804,259.64328,2.4099731,317.22476,54.99087
43.263023,31.374866,2.0702734,11.888157,27.478794
21.243168,19.416405,2.7821858,1.8267632,8.599298
1.986307,2.8746145,2.4616203,0.88830745,44.721558
12.016261,10.624557,2.8367326,1.3917046,11.581843
20.639618,17.262938,2.0940406,3.3766804,16.360188
0.0,0.0,1.5252995,0.0,0.0
0.0,3.5512483,1.8852333,3.5512483,355124830.0
8.50581,5.711672,1.9987485,2.794138,32.84976
5.2011137,7.820695,5.7784014,2.6195812,50.365776
0.0,0.8761896,3.2198257,0.8761896,87618960.0
0.0,2.739336,1.660041,2.739336,273933600.0
5.093338,35.17706,2.8075364,30.083721,590.64844
12.620577,7.9872026,1.6008271,4.633374,36.712856
30.270702,30.046417,1.6716783,0.22428513,0.74093133
9.756024,10.932639,3.4898252,1.1766148,12.060391
11.031001,10.954835,2.015759,0.07616615,0.6904736
7.775929,3.4495096,2.2455118,4.3264194,55.63862
10.625166,6.067254,1.9292012,4.557912,42.897324
0.0,0.0,1.3833312,0.0,0.0
0.0,0.0,2.1411698,0.0,0.0
0.0,0.5328655,1.110182,0.5328655,53286550.0
0.0,6.3223248,2.600203,6.3223248,632232500.0
0.0,1.8591889,3.8637826,1.8591889,185918880.0
12.550982,10.417533,1.8780814,2.1334496,16.998268
0.0,1.8541754,1.3373054,1.8541754,185417540.0
0.0,1.5267301,1.997699,1.5267301,152673010.0
0.0,2.7847755,1.8338951,2.7847755,278477540.0
12.071291,9.356475,2.8032308,2.714816,22.489857
0.0,5.4058933,1.55188,5.4058933,540589400.0
0.0,4.809015,1.0741452,4.809015,480901500.0
15.662565,13.097164,3.4529004,2.565401,16.379189
12.756079,8.84309,1.5892457,3.9129887,30.675482
8.118918,3.6345549,1.9827611,4.4843636,55.23351
9.532326,10.014658,1.2947887,0.48233223,5.0599637
0.0,0.04860568,1.7379763,0.04860568,4860568.0
1.1463434,5.7958593,2.4287264,4.649516,405.5954
0.0,5.466567,1.5906925,5.466567,546656700.0
122.15585,158.55894,2.057495,36.40309,29.80053
34.18548,25.675709,1.7624646,8.509769,24.892937
0.0,5.74597,1.1703124,5.74597,574597000.0
0.0,6.694565,2.3845654,6.694565,669456500.0
11.618412,10.687199,1.1821387,0.9312134,8.014979
0.0,1.0356052,2.0082748,1.0356052,103560520.0
8.752064,7.9795895,2.128389,0.7724743,8.826196
0.0,3.4110606,4.272138,3.4110606,341106050.0
0.0,18.72778,3.9042704,18.72778,1872778000.0
11.414812,6.4612055,5.6265574,4.9536066,43.396305
0.0,0.0,1.3630302,0.0,0.0
0.0,2.0206397,2.3192704,2.0206397,202063970.0
0.0,0.0,2.4814038,0.0,0.0
0.0,7.1398077,1.304472,7.1398077,713980800.0
21.318144,13.577548,1.653285,7.740596,36.309895
3.7899797,1.5447989,4.3844733,2.2451808,59.239918
1.0717663,5.4980683,1.0163977,4.426302,412.99133
7.2333713,3.9751241,1.4992033,3.2582471,45.044655
1.3899411,5.2793493,1.3081843,3.889408,279.82538
0.10602231,8.544068,1.8908935,8.438046,7958.7456
0.0,1.3176439,1.7583203,1.3176439,131764390.0
0.0,0.6229129,1.5084462,0.6229129,62291292.0
0.0,4.3606157,3.195265,4.3606157,436061600.0
7.244526,8.059691,1.2949603,0.8151655,11.252159
1.2500019,4.1637473,1.2180747,2.9137454,233.09927
8.162428,11.806674,2.8166504,3.644246,44.646595
0.0,0.0,2.4282954,0.0,0.0
0.0,2.3752906,2.2089448,2.3752906,237529070.0
142.42834,127.82918,2.4713016,14.599167,10.250184
3.8238282,6.6041713,2.0328689,2.780343,72.71098
6.1163235,8.220723,2.6159582,2.1043997,34.406284
0.0,0.0,1.1880549,0.0,0.0
12.968155,7.8473196,1.438841,5.1208353,39.487774
6.1401405,3.745119,2.379976,2.3950214,39.00597
0.0,0.0,1.6925793,0.0,0.0
0.0,0.0,1.2265292,0.0,0.0
7.446639,7.1430855,1.9679575,0.30355358,4.0763836
7.396043,5.360438,1.4516064,2.035605,27.522894
2.220446e-14,8.436471,4.455517,8.436471,843647100.0
0.0,0.0,2.2262888,0.0,0.0
11.300509,8.197127,3.934829,3.103382,27.462318
8.051829,4.883395,1.9756143,3.1684341,39.350487
0.0,0.0,1.36534,0.0,0.0
15.659567,13.308584,1.2839166,2.3509827,15.013076
0.0,1.4988432,1.2322154,1.4988432,149884320.0
9.402877,15.062063,1.6216345,5.6591864,60.18569
15.166821,16.295788,1.6499989,1.1289673,7.443665
14.148173,7.4646254,1.4955565,6.683548,47.239655
8.875577,2.6572626,5.7848444,6.218314,70.06096
4.3368073,7.564163,2.3519487,3.227356,74.417786
21.891302,18.134378,2.2587328,3.7569237,17.16172
0.0,11.083016,1.7720217,11.083016,1108301700.0
0.0,2.3867266,2.2169588,2.3867266,238672670.0
0.0,7.7907057,1.7453738,7.7907057,779070500.0
0.0,0.0,1.6020961,0.0,0.0
10.563178,13.837861,5.7514877,3.274683,31.000925
12.000232,4.1144686,1.1507862,7.885763,65.713425
0.0,0.0,1.7160708,0.0,0.0
9.48427,10.234971,2.4535756,0.75070095,7.9152217
0.0,0.0,1.2821251,0.0,0.0
0.0,0.0,1.8564554,0.0,0.0
12.210007,5.3716154,1.5103272,6.8383913,56.006447
0.0,1.6985509,1.4941236,1.6985509,169855090.0
0.0,3.4792821,1.2286081,3.4792821,347928220.0
3.7857382,0.73195624,4.53277,3.053782,80.66543
0.0,0.20353746,1.3328824,0.20353746,20353746.0
0.0,4.272753,1.1707312,4.272753,427275260.0
8.035149,13.142849,5.7524323,5.1077003,63.566967
0.0,3.3605459,2.4135506,3.3605459,336054600.0
17.36604,6.615179,1.2060331,10.75086,61.907383
8.252411,7.0951223,2.2719479,1.1572886,14.023642
0.0,0.81415105,1.3717517,0.81415105,81415100.0
0.0,4.511107,1.4352314,4.511107,451110700.0
2.6013825,7.5214205,5.754452,4.920038,189.13167
0.0,7.4196053,1.2583637,7.4196053,741960500.0
38.010033,31.731024,2.3218694,6.279009,16.519346
0.0,3.4065359,1.6049312,3.4065359,340653600.0
59.965523,75.028915,4.907348,15.063393,25.120089
32.55878,13.8654585,1.8448536,18.693321,57.41407
8.894814,3.3937502,1.5292335,5.5010633,61.84574
4.1115594,7.7447014,5.7603254,3.633142,88.36409
0.0,0.0,1.1777774,0.0,0.0
0.0,0.0,2.0386698,0.0,0.0
0.0,1.3043901,1.4824741,1.3043901,130439010.0
20.555258,22.63461,2.5252929,2.0793514,10.115911
3.1723742,2.1234288,4.5818787,1.0489454,33.065
0.0,1.0958245,1.2471137,1.0958245,109582450.0
0.0,0.0,1.7855484,0.0,0.0
0.0,0.0,1.3204874,0.0,0.0
9.725471,6.786044,1.5567578,2.9394264,30.224
25.90292,6.8670797,5.780255,19.03584,73.48916
0.0,6.329094,1.4319972,6.329094,632909440.0
11.503574,13.842367,2.3843143,2.3387928,20.331009
0.0,4.9333134,1.6334071,4.9333134,493331330.0
0.0,0.0,1.6538727,0.0,0.0
0.0,2.2632864,1.600429,2.2632864,226328620.0
8.684817,12.641785,1.3700919,3.9569674,45.561897
12.084342,12.443749,5.598892,0.35940742,2.974158
189.16238,213.54073,2.8128707,24.378342,12.887521
37.923412,26.968643,2.250505,10.954769,28.88656
0.0,0.0,2.6781542,0.0,0.0
9.515617,7.6119986,2.470099,1.9036188,20.005205
8.587857,7.630206,4.1978765,0.95765114,11.151223
0.0,2.9567935,2.0065184,2.9567935,295679360.0
0.0,1.7148256,1.2181373,1.7148256,171482560.0
7.580779,2.941702,1.5150229,4.639077,61.195255
12.072587,12.964195,4.1423593,0.89160824,7.3853955
0.0,2.3989935,1.3104022,2.3989935,239899360.0
0.0,0.0,1.5630841,0.0,0.0
6.6939254,6.6008425,1.9277073,0.093082905,1.3905579
2.2929711,7.3571253,4.079775,5.064154,220.85555
4.440892e-14,6.247158,4.7552867,6.247158,624715840.0
9.631765,8.168766,1.8396231,1.4629993,15.189316
14.888146,15.892442,3.2330496,1.0042953,6.7456036
676.02344,153.1306,5.1099663,522.8928,77.34833
4.744515,5.645362,1.7990217,0.90084696,18.987123
10.689095,6.526985,1.2913961,4.1621094,38.937904
6.767622,10.646032,1.9724118,3.8784103,57.30832
0.0,2.6029348,1.2265619,2.6029348,260293490.0
21.97619,7.127557,1.9881878,14.848634,67.56692
2.0927823,5.086644,1.6029822,2.993862,143.05655
9.058337,14.655687,5.745951,5.59735,61.792244
2.9747586,5.566665,1.877961,2.5919065,87.129974
0.0,2.7395442,1.849707,2.7395442,273954400.0
971.7789,222.30801,2.227274,749.4708,77.123604
0.0,4.7731876,1.1761115,4.7731876,477318750.0
71.22039,120.56325,2.0534916,49.342857,69.28192
0.0,0.0,2.2913744,0.0,0.0
0.0,0.0,1.4471794,0.0,0.0
6.8111258,3.0338564,1.665402,3.7772694,55.45734
0.0,0.0,2.0387895,0.0,0.0
0.0,2.4019768,1.0231217,2.4019768,240197680.0
21.864435,14.349103,4.3428597,7.515332,34.372406
19.115686,6.17651,2.1255875,12.939177,67.68879
7.0787344,7.884758,1.3610221,0.8060236,11.386549
1.0655059,6.511923,1.4505272,5.446417,511.15784
8.451214,2.5052648,1.0822614,5.945949,70.356155
0.0,1.6272619,1.1076674,1.6272619,162726180.0
10.665202,9.598678,5.3914375,1.0665245,10.00004
7.933649,5.505101,1.5046779,2.4285479,30.61073
8.794454,8.410207,3.195674,0.38424683,4.369195
0.0,0.59735346,1.6664399,0.59735346,59735344.0
14.091807,9.966372,1.2366892,4.125436,29.27542
112.767204,115.2035,2.1065693,2.4362946,2.1604638
39.213684,24.49139,1.9295789,14.722294,37.543766
0.0,0.0,2.805697,0.0,0.0
0.0,0.8053329,2.16245,0.8053329,80533290.0
0.0,0.0,1.1170058,0.0,0.0
5.9452105,8.392244,1.9188329,2.447034,41.15975
0.0,0.0,2.5824466,0.0,0.0
0.0,0.0,1.2569579,0.0,0.0
44.176933,40.30223,4.801357,3.8747025,8.770872
12.196614,24.898272,2.476754,12.701657,104.14085
2.2904546,0.0,3.8411865,2.2904546,100.0
9.162273,5.428913,1.9858592,3.7333603,40.747097
0.0,0.0,1.399165,0.0,0.0
0.0,1.6432807,1.8686749,1.6432807,164328080.0
0.0,3.1014457,1.5569698,3.1014457,310144580.0
0.0,0.0,0.9163416,0.0,0.0
23.746159,10.4874735,2.015706,13.258685,55.835075
12.034632,8.208457,1.4464492,3.8261747,31.793034
4.051255,7.4912844,1.445756,3.4400291,84.91268
2.411751,6.695304,1.5255615,4.283553,177.61176
0.06024041,1.4445007,4.8418555,1.3842603,2297.893
0.70400816,5.8517876,2.3628306,5.1477795,731.2102
191.47845,240.97148,3.3335516,49.493027,25.847832
0.0,0.30848384,1.779708,0.30848384,30848384.0
1084.7878,252.26294,2.2654693,832.5249,76.745415
33.081284,23.660358,4.7358947,9.420925,28.478113
26.33722,28.559052,3.4676402,2.2218323,8.436093
8.9166975,6.354825,5.7405353,2.5618725,28.731182
14.150196,20.983414,1.8516738,6.8332176,48.290623
34.30763,14.584812,1.3699394,19.722816,57.488136
24.681952,18.52825,1.3247726,6.153702,24.93199
0.0,0.26643348,1.3600106,0.26643348,26643348.0
10.737914,6.817314,1.523765,3.9206,36.511745
8.742348,5.7645645,2.2722766,2.9777832,34.061596
2.5311942,6.584676,5.081029,4.0534816,160.14107
11.20692,10.344028,1.6664027,0.8628912,7.699629
0.0,0.0,1.3443979,0.0,0.0
22.22848,12.336034,1.5971328,9.892446,44.503475
6.7700863,4.4170494,1.4688352,2.3530369,34.75638
0.0,3.052635,1.459061,3.052635,305263500.0
0.0,2.1324654,1.7528332,2.1324654,213246540.0
99.117546,209.06906,2.7308884,109.951515,110.93042
5.079189,7.382205,2.273688,2.3030162,45.342205
9.513625,8.246676,1.1403952,1.2669487,13.317203
29.668362,13.30086,1.3204108,16.3675,55.168198
0.0,0.5272324,1.2804974,0.5272324,52723240.0
0.0,0.0,1.1916697,0.0,0.0
26.816946,20.250134,1.6916691,6.5668125,24.487549
16.823442,20.45725,2.6698513,3.6338081,21.59967
9.077765,9.650375,2.4734232,0.5726099,6.307829
11.235489,7.652457,1.721977,3.5830317,31.890305
6.998233,12.170668,2.1718311,5.172435,73.91058
10.868796,26.837559,2.0079622,15.968762,146.923
0.0,2.314998,1.2914958,2.314998,231499790.0
0.0,0.0,2.747385,0.0,0.0
0.0,5.486226,1.3141456,5.486226,548622600.0
0.0,0.0,2.2959182,0.0,0.0
31.969496,9.673202,3.362705,22.296295,69.7424
0.0,0.0,2.2810435,0.0,0.0
112.89811,153.37169,3.8871899,40.47358,35.84965
4.858356,4.5757446,1.6624302,0.28261137,5.8170166
75.36554,74.48225,3.8634012,0.88329315,1.172012
94.93364,91.62506,4.512068,3.3085785,3.4851487
31.131922,26.05093,2.3728118,5.0809917,16.320843
0.0,1.1038549,1.8666824,1.1038549,110385490.0
16.445913,15.511692,2.2516975,0.93422127,5.6805677
10.339583,3.9270456,5.7843714,6.4125376,62.019306
0.0,0.0,1.3018799,0.0,0.0
0.0,0.0,1.5635002,0.0,0.0
12.560932,10.297358,3.06224,2.2635746,18.020752
10.475511,6.6162534,2.5778098,3.8592572,36.840755
0.0,2.8165336,1.3192512,2.8165336,281653340.0
0.0,10.267088,1.5090271,10.267088,1026708740.0
43.51983,21.187395,1.2288581,22.332434,51.315536
0.0,0.99920106,1.0716635,0.99920106,99920104.0
10.4879055,17.30122,2.183362,6.8133144,64.96354
0.0,0.0,1.3572316,0.0,0.0
7.7531447,3.1138344,2.0858567,4.6393104,59.837788
4.440892e-14,9.5039625,2.2951517,9.5039625,950396200.0
23.256517,18.49126,1.1090322,4.765257,20.489985
0.0,1.7104075,3.656138,1.7104075,171040750.0
0.0,0.0,1.613831,0.0,0.0
0.0,6.899474,5.123711,6.899474,689947400.0
11.418076,6.0067997,1.338386,5.411276,47.392185
14.665972,14.119639,1.757785,0.54633236,3.72517
8.913948,7.767214,5.7326007,1.1467342,12.864493
0.037379183,9.500836,1.535993,9.463457,25317.453
0.0,0.0,1.3162427,0.0,0.0
18.636436,14.317485,2.4911208,4.3189516,23.174772
10.637365,8.534896,1.4113888,2.1024694,19.764946
8.391917,7.251725,3.7749748,1.140192,13.586788
0.0,5.9506617,1.1778649,5.9506617,595066200.0
0.0,5.6204967,2.0733585,5.6204967,562049660.0
30.286076,21.048557,2.5544024,9.237518,30.500875
0.0,1.7640686,0.9278178,1.7640686,176406860.0
0.0,5.8931885,1.5646709,5.8931885,589318850.0
11.957503,12.520471,5.628474,0.5629673,4.7080674
32.206356,22.91204,1.3463402,9.294315,28.858637
5.4807158,9.744076,5.4066553,4.26336,77.78838
21.450638,12.86012,2.0962546,8.590518,40.047844
4.4911113,4.5942707,2.3171206,0.10315943,2.296969
11.369009,15.4692955,1.2643548,4.1002865,36.06547
0.0,9.060009,2.037475,9.060009,906000900.0
0.0,0.0,1.4888215,0.0,0.0
9.155181,9.076482,3.8694878,0.07869911,0.8596129
0.0,0.34654856,1.6187114,0.34654856,34654852.0
6.703181,11.39035,2.4664633,4.6871696,69.92456
0.0,0.5172119,1.5462332,0.5172119,51721190.0
6.0827036,7.883724,1.4239341,1.8010206,29.608885
0.0,5.6124125,1.4500774,5.6124125,561241300.0
24.192589,10.442378,1.8029159,13.750211,56.83646
0.0,2.416835,1.3768162,2.416835,241683500.0
121.83064,163.97067,3.1141312,42.14003,34.589024
6.921743,3.5474439,2.1285493,3.374299,48.749268
19.43929,22.175396,4.2633824,2.7361069,14.075138
0.32359287,2.2050836,1.0854818,1.8814907,581.4376
4.1544795,5.50362,1.8341119,1.3491406,32.47436
11.251495,11.2222185,5.051481,0.029276848,0.26020405
0.0,0.0,1.823039,0.0,0.0
185.46921,250.38075,4.2618394,64.911545,34.998554
10.029956,5.283058,2.2679117,4.7468977,47.3272
42.36323,28.939812,2.909216,13.42342,31.68649
0.0,0.0,1.6187196,0.0,0.0
6.333268,4.235599,1.5492525,2.0976691,33.12143
27.184057,5.965439,1.9249909,21.218618,78.055374
0.0,0.0,1.0604724,0.0,0.0
5.7820854,4.6682663,2.2012217,1.1138191,19.263277
0.0,5.268074,1.6400554,5.268074,526807360.0
0.0,3.9146533,1.770798,3.9146533,391465340.0
6.982118,10.643455,2.1960254,3.6613364,52.438763
0.0,0.0,2.540069,0.0,0.0
0.0,4.581473,1.3431162,4.581473,458147260.0
3.9492054,8.71365,1.4250944,4.7644444,120.64311
8.312098,4.892743,1.5767461,3.4193544,41.137085
19.383387,15.31841,1.3923392,4.0649767,20.971447
28.458027,5.563958,1.7722138,22.89407,80.44855
7.7595224,6.115655,1.4512128,1.6438675,21.185163
15.105352,11.908314,1.2982899,3.1970387,21.164938
0.0,0.6964452,1.4391001,0.6964452,69644520.0
7.0811515,7.8929663,1.404936,0.8118148,11.464446
8.196542,6.2694135,2.5833848,1.9271283,23.51148
5.5530534,6.8831987,2.4388945,1.3301454,23.953405
0.0,2.4396405,2.3055668,2.4396405,243964050.0
6.6913433,14.29475,3.069411,7.603407,113.6305
32.376106,18.923561,1.710055,13.452545,41.550842
12.801639,5.9617586,1.4509026,6.83988,53.42972
7.840392,11.527209,2.1050463,3.6868172,47.023376
16.09936,9.033217,1.372444,7.066142,43.890827
0.0,1.9116294,1.440207,1.9116294,191162940.0
19.382374,2.4773037,1.0939498,16.90507,87.21878
99.361374,88.08465,2.238269,11.276726,11.349205
18.949978,13.574115,1.9388906,5.375863,28.368704
8.814686,5.9806147,1.3503217,2.8340712,32.151695
0.0,4.1154356,1.9281524,4.1154356,411543550.0
0.0,4.851431,1.4249485,4.851431,485143100.0
8.705054,9.125576,2.5922053,0.42052174,4.8307767
25.649073,11.462996,1.2122388,14.186077,55.308342
0.0,0.0,1.399238,0.0,0.0
0.0,0.0,1.2887645,0.0,0.0
4.7275925,7.6936483,2.2155185,2.9660559,62.739246
16.409916,8.223974,1.3822684,8.185942,49.884117
0.0,1.2079465,5.4509544,1.2079465,120794660.0
0.0,4.5926695,1.2454531,4.5926695,459266940.0
9.43743,6.2920313,3.2136142,3.145399,33.32898
0.0,2.921601,1.2659439,2.921601,292160100.0
7.9586,6.9519005,1.6174878,1.0066996,12.649203
16.551023,15.199221,1.885916,1.3518028,8.167488
22.06404,18.50549,2.3229203,3.55855,16.128279
0.0,0.8751271,1.6983392,0.8751271,87512710.0
4.6636133,8.144451,5.7780366,3.4808378,74.638214
9.430568,7.0392675,4.7442245,2.3913002,25.356907
0.0,3.9767678,1.3248158,3.9767678,397676800.0
0.0,0.0,1.5940714,0.0,0.0
1.6543427,6.789089,2.735576,5.1347466,310.37988
7.4720283,4.981485,2.787224,2.4905434,33.33156
0.0,2.2937074,0.99127704,2.2937074,229370740.0
0.0,10.088727,1.7527233,10.088727,1008872700.0
0.0,5.4633374,1.019057,5.4633374,546333760.0
9.385408,9.136243,5.758668,0.24916553,2.6548183
0.37552056,8.590804,1.7702459,8.215283,2187.7053
0.49020708,1.1899564,1.2220736,0.69974935,142.74567
9.723706,9.020987,1.6059006,0.7027197,7.226871
28.956755,31.209951,3.0385158,2.2531967,7.7812476
0.0,0.0,1.1157894,0.0,0.0
0.0,2.1229649,1.902596,2.1229649,212296480.0
0.0,6.304036,1.7606337,6.304036,630403650.0
0.0,0.076571465,1.7947494,0.076571465,7657146.5
1.803109,1.6185687,3.1704483,0.18454039,10.234566
11.277671,5.824128,1.1968842,5.4535427,48.356995
8.863303,5.1923246,1.9022061,3.6709785,41.417725
0.0,0.14741254,1.2816244,0.14741254,14741254.0
0.0,0.0,1.4643028,0.0,0.0
13.934471,6.1683517,1.8205537,7.7661195,55.733147
0.0,5.341378,1.5829986,5.341378,534137820.0
0.0,1.8003848,2.9800398,1.8003848,180038480.0
0.0,8.322946,2.5865133,8.322946,832294500.0
0.0,3.6068332,2.0683525,3.6068332,360683330.0
0.0,1.6143475,1.5848362,1.6143475,161434750.0
7.321796,5.8950634,1.8183748,1.4267325,19.4861
0.0,0.0,1.6579249,0.0,0.0
0.0,2.87466,1.1308334,2.87466,287466020.0
16.92401,25.524702,2.5992362,8.600693,50.819477
9.758337,7.3822756,1.6124152,2.3760614,24.349041
8.555233,6.3893228,2.4879766,2.1659102,25.316788
5.5894566,11.853028,1.4916635,6.2635717,112.06048
0.0,7.9727554,2.1646972,7.9727554,797275500.0
15.320905,16.099804,3.8338454,0.7788992,5.0838985
17.560305,11.2982,3.1682816,6.262105,35.660572
4.0337486,11.397098,2.5051389,7.363349,182.54358
1.7865359,5.219491,2.692443,3.4329553,192.15709
8.585393,6.89974,1.4524957,1.6856527,19.633963
7.778148,12.307423,4.1188073,4.5292745,58.23076
0.0,2.1265883,1.1527039,2.1265883,212658830.0
10.508472,10.352008,1.9271324,0.15646458,1.4889374
0.0,4.1041183,1.8278575,4.1041183,410411840.0
11.117626,9.272406,5.7303076,1.8452206,16.597254
0.0,0.0,2.3429012,0.0,0.0
0.0,6.6606073,1.935237,6.6606073,666060740.0
14.422349,4.993252,2.4031525,9.429097,65.37837
0.0,0.0,3.0111573,0.0,0.0
11.749902,9.192366,1.5909095,2.5575361,21.766447
0.0,0.0,2.121512,0.0,0.0
4.429958,7.2613945,5.742052,2.8314366,63.91566
12.395431,9.105993,2.5345292,3.2894373,26.537498
0.0,4.882757,1.4841162,4.882757,488275700.0
3.767548,4.856242,1.261579,1.0886941,28.89662
0.0,0.0,1.1834174,0.0,0.0
0.0,0.0,1.4773575,0.0,0.0
20.167767,8.698069,2.1763008,11.469698,56.871437
4.4502025,5.8829308,1.6598686,1.4327283,32.194675
2.805075,5.302608,1.4350407,2.497533,89.03623
0.0,3.258804,1.5286165,3.258804,325880420.0
0.0,0.0,1.3946244,0.0,0.0
0.0,0.0,2.1345427,0.0,0.0
10.50326,13.451141,2.2434232,2.9478817,28.06635
0.0,0.7560775,1.8183239,0.7560775,75607750.0
0.0,0.0,2.4366064,0.0,0.0
5.532848,8.732204,2.2633736,3.1993566,57.82477
0.0,9.022242,2.2869806,9.022242,902224200.0
0.0,4.734829,2.0199502,4.734829,473482900.0
1.3225461,4.887085,3.7544715,3.564539,269.52094
0.0,0.0,1.6065663,0.0,0.0
0.0,4.6875477,1.4208238,4.6875477,468754750.0
0.0,0.0,1.1170263,0.0,0.0
9.3202915,6.9975796,5.0286202,2.322712,24.921022
5.911756,4.9581237,2.6950662,0.95363235,16.131119
0.0,0.0,1.9928912,0.0,0.0
0.8192956,3.8925958,2.253076,3.0733001,375.11493
0.0,0.0,1.209304,0.0,0.0
5.0567617,5.1839523,1.6252848,0.12719059,2.5152578
75.39653,77.96745,2.9745562,2.5709229,3.409869
0.0,0.92155313,1.7265748,0.92155313,92155310.0
0.0,2.5795283,1.6356213,2.5795283,257952820.0
0.0,3.1497104,2.5925486,3.1497104,314971040.0
7.4062705,8.90473,2.1651504,1.4984593,20.232306
11.270949,9.18757,3.8051946,2.0833797,18.48451
109.07105,125.74554,4.169103,16.674484,15.287727
5.2054253,3.7547698,1.6677808,1.4506555,27.868147
8.740708,9.609476,3.7403665,0.86876774,9.939328
0.0,4.0770855,1.7373139,4.0770855,407708540.0
2.6967301,6.9947557,1.2536539,4.2980256,159.37915
0.48082852,3.6018186,1.6343825,3.12099,649.0859
6.4364033,7.1772766,2.8134704,0.74087334,11.510673
8.6238,7.9053125,1.9000133,0.71848774,8.331451
14.706879,8.52458,1.3818502,6.1822987,42.03678
18.291548,16.708487,1.3292506,1.5830612,8.654605
0.0,1.4236711,4.0358586,1.4236711,142367100.0
0.0,0.0,3.0110104,0.0,0.0
17.90454,17.481209,1.8293204,0.4233303,2.3643742
32.01196,20.449429,2.3459377,11.5625305,36.119408
0.0,9.935981,1.7279259,9.935981,993598100.0
7.5324206,7.321664,2.1560497,0.21075678,2.7979953
8.881784e-14,6.5384636,1.8020462,6.5384636,653846400.0
7.688624,5.626299,2.1759055,2.062325,26.82307
16.422377,16.083492,2.1639507,0.33888435,2.0635524
0.0,3.7117984,1.116507,3.7117984,371179840.0
8.328249,7.9582863,1.3719075,0.3699627,4.4422626
0.95269823,3.88935,1.7702194,2.9366517,308.24573
4.407229,9.690289,5.772322,5.2830596,119.8726
9.580263,13.71395,5.1206803,4.133687,43.14795
23.71919,6.3706207,1.6293999,17.34857,73.14149
0.0,0.0,2.1939104,0.0,0.0
8.7914915,6.351767,2.799898,2.4397244,27.750973
24.33234,23.825752,2.0959954,0.506588,2.0819533
3.8407295,7.716501,1.5670017,3.8757718,100.912384
30.88618,35.180397,2.2943506,4.294216,13.903358
13.58551,5.7835064,1.1592181,7.802004,57.42886
0.0,5.4528046,1.5646148,5.4528046,545280450.0
0.0,5.894556,5.7102566,5.894556,589455600.0
0.0,2.2493737,2.3913665,2.2493737,224937360.0
0.0,8.127889,1.5235766,8.127889,812788860.0
6.528483,15.911279,1.5720134,9.382795,143.72092
14.591104,10.998792,1.6340137,3.5923119,24.619879
17.868038,11.954662,2.263567,5.913376,33.09471
10.230895,9.392943,5.165239,0.83795166,8.190404
7.907931,6.9735193,2.7033865,0.9344115,11.816132
0.0,4.083685,1.4410722,4.083685,408368500.0
0.67184675,4.5053997,1.4157767,3.8335528,570.5993
4.3000507,9.052854,1.2664417,4.752803,110.52899
6.302595,17.382338,2.3088384,11.079742,175.79651
0.0,0.32245588,1.1287924,0.32245588,32245590.0
13.795083,8.489986,1.8664321,5.3050966,38.45643
0.0,2.7158225,1.2077668,2.7158225,271582240.0
2.2724924,6.1001496,1.3383839,3.8276572,168.43433
0.0,0.80438685,1.2488285,0.80438685,80438680.0
19.613981,14.352942,2.661557,5.261039,26.8229
4.0758796,5.810616,1.5611696,1.7347364,42.561035
0.0,2.2503226,2.2743866,2.2503226,225032260.0
0.0,0.0,1.4110677,0.0,0.0
0.0,4.0242634,1.1571941,4.0242634,402426340.0
36.11979,30.602264,2.7973058,5.5175247,15.275627
11.818362,7.191861,1.1461359,4.626501,39.14672
146.57031,150.3779,2.6407642,3.8075867,2.5977886
12.858738,10.985941,1.7953439,1.872797,14.564391
7.5445824,3.1929448,1.4024208,4.351638,57.678978
0.0,1.6893883,1.8181309,1.6893883,168938830.0
12.514198,9.796129,2.6307855,2.718069,21.719883
11.754434,7.134843,2.4123352,4.6195908,39.30084
0.40078643,3.9478076,1.9360579,3.5470212,885.01526
8.204943,6.2230787,4.451122,1.981864,24.154514
0.0,0.0,1.6929196,0.0,0.0
7.4566555,4.697336,2.1138494,2.7593193,37.004787
13.860802,10.668904,2.1976264,3.1918974,23.02823
0.0,1.9228821,1.352737,1.9228821,192288210.0
13.682399,5.041689,1.5381211,8.64071,63.152008
101.7198,120.78882,2.066224,19.069016,18.74661
0.0,1.7906427,1.3181056,1.7906427,179064270.0
0.0,0.34645128,1.6314255,0.34645128,34645130.0
0.0,5.970561,1.3228253,5.970561,597056060.0
0.0,5.0197277,1.3059815,5.0197277,501972770.0
7.590113,4.823807,1.0820887,2.7663064,36.446182
10.305663,12.740436,5.644522,2.4347725,23.625578
0.0,1.828287,1.3404979,1.828287,182828700.0
12.834187,11.598416,5.4696903,1.2357702,9.628738
6.1186724,12.935199,2.915436,6.8165264,111.40532
0.0,6.764186,1.4871249,6.764186,676418560.0
9.224881,18.623755,2.1924493,9.398873,101.886116
0.0,0.0,1.0220026,0.0,0.0
0.0,4.082638,1.9321003,4.082638,408263800.0
3.886144,7.9886637,5.7352324,4.10252,105.56789
0.0,12.720663,5.124586,12.720663,1272066300.0
0.0,3.4072099,1.1450754,3.4072099,340721000.0
8.123221,4.4901514,1.2057563,3.63307,44.7245
7.1060433,4.7508855,1.6233824,2.3551579,33.143024
0.0,1.9609945,2.1583123,1.9609945,196099440.0
11.570534,8.28034,2.3248932,3.2901936,28.43597
0.0,12.542915,1.7240016,12.542915,1254291500.0
6.8450313,5.7923927,1.4178734,1.0526385,15.37814
13.174692,12.63679,5.4424005,0.5379019,4.082842
0.0,1.3508737,1.2362411,1.3508737,135087380.0
0.0,0.7617197,1.3938549,0.7617197,76171970.0
0.0,0.0,1.8584137,0.0,0.0
16.634127,11.770676,5.7590857,4.863451,29.23779
0.0,0.16229296,1.30326,0.16229296,16229296.0
0.0,2.973393,1.2432605,2.973393,297339300.0
0.0,0.0,1.2230456,0.0,0.0
8.185955,8.35996,5.487325,0.17400455,2.1256475
0.0,0.0,2.1922204,0.0,0.0
11.289263,5.7319555,1.6646099,5.5573072,49.226482
16.423246,12.650736,4.2369785,3.7725105,22.970552
0.0,0.0,1.3371563,0.0,0.0
6.026089,8.589273,1.3038929,2.5631843,42.534786
70.62936,55.71252,2.4351373,14.916836,21.11988
5.8994446,6.7446547,1.5587622,0.8452101,14.326943
33.32291,35.010963,2.408092,1.6880531,5.0657434
9.100432,11.854982,5.7619066,2.75455,30.268341
6.5983386,7.1909103,2.29423,0.59257174,8.98062
0.0,0.0,0.90444154,0.0,0.0
8.174333,6.6229506,1.556977,1.5513821,18.9787
0.18088461,10.088838,1.5170629,9.907953,5477.4995
26.212032,20.59561,2.4563735,5.6164227,21.426888
7.1352644,6.3082914,1.7536703,0.82697296,11.589941
0.0,3.4925196,1.6123152,3.4925196,349251970.0
7.0617194,9.696892,1.3585211,2.6351724,37.3163
9.464793,3.9409618,2.2252305,5.5238314,58.361877
0.0,0.0,1.3632814,0.0,0.0
0.0,2.4656222,1.3229796,2.4656222,246562220.0
5.662334,6.684823,0.94254947,1.0224891,18.057732
9.7799835,10.259428,2.4691622,0.4794445,4.9023037
0.0,0.0,2.6736462,0.0,0.0
9.809476,6.3261185,1.7039218,3.4833574,35.510128
7.6945047,3.5735447,1.4682767,4.12096,53.557186
30.481998,6.058554,1.4116454,24.423445,80.12416
0.0,0.0,1.2205228,0.0,0.0
0.0,0.0,1.3878394,0.0,0.0
4.670498,6.1717005,4.9752183,1.5012026,32.14224
0.50693077,9.612601,3.0158122,9.105671,1796.2356
0.0,5.6231823,1.7019566,5.6231823,562318200.0
91.46332,92.63964,4.6519322,1.1763229,1.2861145
0.0,5.033735,1.3395954,5.033735,503373470.0
6.6333995,10.368988,5.768203,3.7355886,56.314846
15.0016985,15.667244,1.1858037,0.66554546,4.4364676
0.0,6.473815,5.0081425,6.473815,647381440.0
13.125223,13.039977,5.299456,0.085246086,0.64948297
0.0,5.6567864,1.1175982,5.6567864,565678660.0
0.0,1.4628901,1.1302564,1.4628901,146289020.0
1.4933008,6.5414085,2.23631,5.0481076,338.0503
3.1985502,6.240163,2.0426798,3.0416126,95.093475
0.0,0.0,1.1307862,0.0,0.0
3.2996333,5.097067,1.286713,1.7974336,54.47374
0.0,1.2509148,1.2653079,1.2509148,125091490.0
3.2300742,7.001129,1.7480301,3.771055,116.748245
6.948684,7.607133,1.2093513,0.6584487,9.475876
4.0168614,4.967609,1.3644456,0.9507475,23.668915
42.740368,19.215002,1.4659932,23.525366,55.0425
8.258912,3.4471595,2.375673,4.8117523,58.261333
0.0,5.095461,1.4206022,5.095461,509546080.0
0.0,3.4949908,1.58071,3.4949908,349499070.0
0.0,0.0,0.96088904,0.0,0.0
0.0,0.20507836,1.5479518,0.20507836,20507836.0
0.0,0.0,1.2872881,0.0,0.0
0.0,0.0,1.6559685,0.0,0.0
0.0,0.0,1.2050031,0.0,0.0
0.0,2.8301628,2.0424097,2.8301628,283016260.0
0.0,16.434858,2.1119714,16.434858,1643485800.0
0.0,6.983741,1.4021038,6.983741,698374100.0
0.0,8.397157,3.7504156,8.397157,839715700.0
9.497696,8.240682,1.4025961,1.2570143,13.23494
3.0405233,4.1468534,1.1506038,1.1063302,36.386177
9.764205,9.205347,2.3829463,0.5588579,5.7235374
5.7878175,2.343887,4.6230483,3.4439304,59.503094
23.44737,21.857277,4.5181217,1.5900936,6.7815437
29.532545,17.079527,1.5587732,12.453018,42.1671
0.0,0.5889704,1.3617492,0.5889704,58897040.0
0.0,0.0,1.2174215,0.0,0.0
0.0,2.866089,2.4107933,2.866089,286608930.0
17.288174,15.834727,1.6703526,1.4534464,8.407171
0.0,7.365011,1.3310173,7.365011,736501100.0
0.91275007,7.330311,1.5561794,6.4175606,703.1016
0.27304038,0.0,3.087511,0.27304038,100.0
0.0,2.178542,1.5662024,2.178542,217854190.0
0.0,0.0,2.308077,0.0,0.0
9.204278,10.19381,2.5481067,0.9895325,10.750789
0.0,2.4668982,0.87923515,2.4668982,246689820.0
52.10357,13.446673,1.7527103,38.656895,74.19241
0.0,2.763077,2.1218631,2.763077,276307700.0
0.0,0.0,1.8518536,0.0,0.0
0.0,5.9248037,2.4211147,5.9248037,592480300.0
0.0,3.479288,4.442539,3.479288,347928800.0
6.441865,4.5564985,1.9852784,1.8853664,29.267403
7.6329837,5.605545,1.4409809,2.0274386,26.561548
11.945304,10.027467,4.7785645,1.9178371,16.055157
9.737698,9.801949,4.7170234,0.064250946,0.6598166
10.989389,6.822091,1.2716697,4.1672983,37.92111
0.0,0.0,4.230067,0.0,0.0
0.35915995,4.376549,1.5532914,4.017389,1118.5515
20.538685,13.187283,1.2803037,7.3514023,35.792957
45.131943,32.275547,2.135309,12.856396,28.486244
12.180378,4.6319947,1.551671,7.548383,61.971664
7.808235,7.983329,1.7118922,0.17509365,2.2424228
0.0,2.784576,1.1400958,2.784576,278457570.0
6.1919417,16.896185,2.411202,10.704243,172.87376
1.1852815,5.3968925,1.4225101,4.211611,355.32578
6.757158,4.0028286,0.99943066,2.7543292,40.761654
6.6315184,5.0449286,1.7391946,1.5865898,23.924986
8.6213,5.0340185,2.1728067,3.5872812,41.609516
8.028393,6.779602,2.2574193,1.2487907,15.554679
0.0,0.0,1.2193604,0.0,0.0
0.0,5.5986433,2.2083964,5.5986433,559864300.0
4.085732,7.959543,1.9531564,3.8738112,94.813156
0.0,0.0,5.0876694,0.0,0.0
0.0,0.0,1.2148902,0.0,0.0
0.0,5.90435,1.1047622,5.90435,590435000.0
40.842693,29.248146,3.187893,11.594547,28.388302
31.759403,11.274575,1.4893107,20.484829,64.500046
0.0,0.0,2.4402642,0.0,0.0
10.743454,4.752287,2.2191026,5.991167,55.765743
0.014261015,1.8492178,2.755459,1.8349568,12866.944
8.224643,8.5132265,1.2906338,0.28858376,3.5087695
6.7428594,3.2128077,1.3371156,3.5300517,52.352444
0.0,0.0,1.386505,0.0,0.0
26.07045,18.676245,1.3776228,7.394205,28.3624
6.708256,4.235279,2.3887534,2.4729767,36.864674
0.0,7.0081835,2.149379,7.0081835,700818370.0
0.0,4.827716,1.1464272,4.827716,482771600.0
0.0,5.917898,1.35521,5.917898,591789800.0
0.0,0.0,1.0122156,0.0,0.0
183.44699,197.47942,3.8246741,14.032425,7.6493073
14.213381,13.543708,1.3180238,0.66967297,4.7115674
14.500064,13.616612,3.9871597,0.88345146,6.092742
0.0,4.180915,2.676302,4.180915,418091500.0
4.8418183,6.247816,1.6429806,1.4059978,29.038631
0.0,0.0,1.2268611,0.0,0.0
2.5804036,10.657344,2.4568284,8.076941,313.01074
11.740974,7.8746243,1.3134894,3.8663502,32.9304
6.9521217,9.071763,3.4814608,2.1196413,30.489128
13.752557,12.853118,5.700007,0.89943886,6.5401573
15.880936,12.861214,3.7321398,3.019722,19.014761
10.824676,6.882346,5.1791296,3.9423294,36.419838
28.197165,23.6048,3.0856545,4.5923653,16.286621
32.12412,14.458161,1.8557541,17.665958,54.992817
6.518907,7.710702,1.3360583,1.1917949,18.282127
48.562065,12.971498,2.3719895,35.59057,73.288826
7.8070545,9.055843,1.1477141,1.2487888,15.995646
0.0,0.18361497,1.9804361,0.18361497,18361496.0
9.5964575,12.667451,5.659173,3.0709934,32.001324
0.0,1.7643723,1.5367217,1.7643723,176437250.0
0.0,1.7007444,1.8146551,1.7007444,170074430.0
15.238777,8.351931,3.9460914,6.8868465,45.192905
12.557898,12.6528425,5.667775,0.094944954,0.75605774
9.765414,6.2803764,1.6530554,3.4850378,35.687557
9.148605,7.948492,2.767208,1.2001133,13.117991
10.363795,8.233015,1.4997802,2.1307802,20.559845
0.0,0.19127107,0.91926974,0.19127107,19127106.0
4.740004,10.536193,5.477252,5.796189,122.282364
12.203409,8.408013,1.5104548,3.7953959,31.10111
54.154568,45.478413,3.1339228,8.676155,16.021095
5.3257046,7.7665863,1.525779,2.4408817,45.83209
11.305796,10.371589,2.6463523,0.93420696,8.263081
6.0257807,9.374687,5.7718067,3.3489065,55.57631
0.0,5.8693256,0.98531544,5.8693256,586932540.0
0.0,5.287381,1.2051915,5.287381,528738100.0
7.7536798,4.524472,1.4115117,3.2292075,41.64742
4.3355026,4.658614,1.4704251,0.32311153,7.452689
0.0,0.0,2.3375347,0.0,0.0
1.3254029,5.7309685,1.6408931,4.4055657,332.39447
6.4073424,3.4381359,2.4541738,2.9692066,46.340687
3.9474895,9.551784,2.3899553,5.604294,141.97108
13.114121,7.234597,1.2992387,5.879524,44.833534
0.0,1.8638194,1.1049503,1.8638194,186381940.0
3.813008,8.140902,1.8459202,4.3278933,113.50339
16.615328,10.842979,3.6704888,5.7723484,34.741104
17.634571,11.807311,1.3648467,5.82726,33.044525
15.028497,12.52764,1.4513383,2.5008564,16.640762
0.0,0.0,2.028303,0.0,0.0
23.441559,20.50296,2.0651665,2.9385986,12.53585
5.248352,4.593837,1.2247521,0.65451527,12.470871
6.365401,2.9992435,1.1066132,3.3661573,52.882095
1.166651,5.901984,1.3760172,4.7353334,405.89117
0.0,6.714551,1.8970948,6.714551,671455100.0
4.396345,5.662203,1.8944906,1.2658577,28.793411
0.0,4.4695883,1.1351044,4.4695883,446958850.0
4.119845,4.984274,1.4494189,0.864429,20.982077
11.5864,4.7768784,1.069349,6.8095217,58.771675
0.0,8.979373,1.3739629,8.979373,897937340.0
0.0,0.0,2.300789,0.0,0.0
4.1861353,8.009634,5.7709427,3.8234987,91.337204
0.0,0.0,1.2891618,0.0,0.0
0.0,0.0,1.3350129,0.0,0.0
7.024645,3.654076,2.7806015,3.3705688,47.98205
6.57419,7.819579,3.8487446,1.245389,18.94361
1.4664252,9.966967,2.1735048,8.500542,579.67786
14.388642,11.641828,2.0417044,2.7468147,19.090158
0.0,0.0,2.5676525,0.0,0.0
134.27586,177.30464,4.5362515,43.028778,32.04506
0.0,0.0,2.6125598,0.0,0.0
7.8584256,4.156601,2.359122,3.7018247,47.10644
0.0,0.0,1.4855177,0.0,0.0
11.805245,13.04515,5.70769,1.2399044,10.5029955
13.134208,11.363594,5.7662153,1.7706137,13.480933
0.0,0.78451705,1.5498667,0.78451705,78451704.0
0.0,3.483069,1.2556067,3.483069,348306880.0
10.197834,6.5634413,1.8149095,3.6343927,35.63887
13.737549,9.44322,2.2127213,4.2943287,31.259789
9.959035,9.58433,5.770504,0.3747053,3.7624662
6.79023,8.709812,2.7795734,1.9195824,28.26977
9.885669,7.7840986,1.7418729,2.1015701,21.258755
9.750873,10.258795,2.1360886,0.5079222,5.208992
34.616024,17.0465,2.0355206,17.569525,50.75547
0.0,0.14054394,1.5166498,0.14054394,14054394.0
0.0,6.9999685,1.7022872,6.9999685,699996800.0
8.883609,4.0813675,3.9648972,4.8022413,54.057323
6.982668,7.9340878,1.3732672,0.95141983,13.625448
37.494125,10.606751,2.3588552,26.887375,71.7109
323.26343,201.40791,3.6397917,121.855515,37.695423
10.013312,5.2856326,1.0568222,4.7276797,47.213943
10.1390915,4.873125,1.3595091,5.2659664,51.93726
4.0312076,7.404895,5.6500072,3.3736873,83.68925
7.5854025,4.0418777,2.2482486,3.5435247,46.715054
13.740852,14.50609,5.3497005,0.7652378,5.569071
0.0,1.4478946,1.1139965,1.4478946,144789460.0
12.090811,9.876635,3.8825536,2.2141762,18.312883
0.0,4.489484,3.1487296,4.489484,448948380.0
10.6321745,7.64394,2.1028087,2.9882345,28.105583
0.0,0.0,1.2453988,0.0,0.0
0.0,0.0,1.662394,0.0,0.0
21.824059,21.47366,5.076744,0.35039902,1.605563
0.0,0.0,1.576497,0.0,0.0
0.0,0.83328366,2.602645,0.83328366,83328370.0
0.0,0.792325,1.4623516,0.792325,79232500.0
10.4210825,5.6466694,1.4190729,4.774413,45.814945
0.0,2.488052,2.3856518,2.488052,248805180.0
0.0,2.4111695,1.5910845,2.4111695,241116960.0
3.1960773,4.798785,2.3186622,1.6027079,50.14609
11.459672,9.659675,5.765094,1.7999973,15.7072315
0.0,0.0,1.4551189,0.0,0.0
6.566144,4.4786777,1.1534003,2.0874662,31.791357
2.6176069,2.5565934,1.7557998,0.06101346,2.330887
0.0,9.938688,2.0085492,9.938688,993868860.0
4.754859,5.604152,4.5446787,0.84929323,17.861586
26.120102,12.520114,2.3921077,13.599988,52.06713
2.2442613,5.188884,1.5737178,2.9446225,131.20676
5.6296253,2.5700212,1.1384819,3.0596042,54.348274
0.0,2.69368,1.5230995,2.69368,269368000.0
5.97709,5.597103,1.3745992,0.37998676,6.3573875
0.0,1.6060593,1.634023,1.6060593,160605920.0
8.02128,7.4236374,2.5337465,0.5976429,7.450717
0.0,0.0,1.6127073,0.0,0.0
9.682607,5.755534,5.74037,3.9270725,40.55801
0.0,1.7439263,2.1446354,1.7439263,174392620.0
0.0,0.0,1.6501145,0.0,0.0
0.0,7.874625,5.776302,7.874625,787462500.0
17.35919,18.645372,3.0784316,1.2861824,7.4092307
0.0,0.79404855,1.2965419,0.79404855,79404856.0
0.259544,3.644352,2.8314934,3.384808,1304.1366
11.721954,12.037303,2.810793,0.31534863,2.6902394
10.9715185,13.008687,1.4869505,2.0371685,18.567791
0.0,14.143717,5.4839373,14.143717,1414371700.0
10.446392,4.5559597,1.1619052,5.8904324,56.38724
105.28553,153.38597,1.8129479,48.10044,45.685707
0.0,10.11913,1.4474008,10.11913,1011913000.0
0.0,5.3022203,1.5092901,5.3022203,530222050.0
7.9506307,7.0071774,1.6960207,0.9434533,11.866396
0.0,5.22726,1.7884116,5.22726,522726000.0
5.642783,10.245499,1.3093421,4.6027155,81.56818
7.623027,6.007655,5.555783,1.6153717,21.190687
7.8754334,8.091403,1.3879061,0.21596956,2.7423196
8.500806,13.323237,2.5484536,4.8224316,56.72911
0.0,1.5421302,1.282056,1.5421302,154213020.0
0.0,0.0,4.1733823,0.0,0.0
63.428425,47.985603,4.6682506,15.4428215,24.346846
2.1228225,9.588176,1.081498,7.465353,351.67108
17.344507,13.8643675,2.5046675,3.4801397,20.064795
11.003442,8.135229,1.6094866,2.8682127,26.066504
6.0111446,4.473215,3.134372,1.5379295,25.584637
5.396455,5.2766466,2.293742,0.1198082,2.2201278
0.0,0.0,1.3597041,0.0,0.0
22.829842,23.4826,5.166713,0.65275764,2.8592298
0.0,3.5538309,1.5554309,3.5538309,355383100.0
0.0,1.165879,1.679858,1.165879,116587896.0
0.0,2.3567214,1.6803217,2.3567214,235672130.0
25.79345,13.965178,2.0794556,11.828272,45.85766
0.0,0.0,1.299108,0.0,0.0
22.888048,12.07402,2.4169183,10.814028,47.24749
18.924507,10.393785,1.4619589,8.530722,45.07764
0.0,0.25658965,1.0248783,0.25658965,25658966.0
5.7842975,12.522065,4.2541766,6.7377677,116.48377
0.0,0.0,1.3923639,0.0,0.0
0.0,0.9645572,1.2999454,0.9645572,96455720.0
0.0,0.0,2.5484343,0.0,0.0
0.0,0.0,1.2686319,0.0,0.0
51.201466,13.153358,1.9383347,38.048107,74.310585
0.0,0.0,3.8840346,0.0,0.0
18.421013,8.302538,1.3951529,10.118475,54.92898
0.0,0.0,1.3830065,0.0,0.0
8.293116,7.8425064,1.7891277,0.4506092,5.433533
5.765116,5.215479,2.1153512,0.5496373,9.533846
3.2079637,5.744776,2.8810825,2.536812,79.07858
14.798609,7.8388815,1.426408,6.9597273,47.029606
5.9937854,10.2624235,2.4358065,4.268638,71.217735
0.0,10.404204,1.9747776,10.404204,1040420400.0
0.22037102,6.717951,2.9789321,6.4975796,2948.4727
3.8440168,4.2865534,1.7067548,0.4425366,11.512348
0.0,2.9573073,1.5654862,2.9573073,295730750.0
9.362332,9.165976,2.936216,0.19635677,2.0973063
8.147971,6.251789,2.0336413,1.8961821,23.271832
144.40363,137.95488,3.3458211,6.4487457,4.4657784
1.5819418,5.7596807,1.4345708,4.177739,264.0893
13.742146,8.740732,1.8413066,5.0014133,36.394703
2.5931752,5.4828815,3.2434459,2.8897064,111.43507
0.30247077,5.757839,1.5635417,5.4553685,1803.6019
4.7163835,4.5874443,1.1676675,0.12893915,2.7338564
6.1771092,7.265958,3.9463732,1.0888486,17.627153
0.0,4.054688,1.8248247,4.054688,405468800.0
11.759027,9.744469,1.3769429,2.0145578,17.132011
0.0031209171,2.910612,2.348776,2.9074912,93161.44
14.388851,10.653459,1.3966347,3.7353926,25.960325
6.112282,11.357656,5.6408896,5.2453737,85.81695
4.957846,13.240136,2.1250238,8.2822895,167.05418
0.0,6.9132557,1.3670543,6.9132557,691325600.0
31.060814,15.81157,2.284213,15.249244,49.094795
5.54732,10.24712,3.50276,4.6998,84.72199
0.0,3.7819803,1.7116983,3.7819803,378198000.0
0.0,8.546447,4.3026752,8.546447,854644700.0
0.0,1.5800169,1.2769428,1.5800169,158001680.0
0.0,2.8641553,1.3062298,2.8641553,286415520.0
9.75963,5.921965,2.0091226,3.837665,39.32183
0.0,4.4699473,1.23837,4.4699473,446994720.0
3.9814117,7.245784,1.0725157,3.264372,81.99032
0.0,0.79347,1.10811,0.79347,79347000.0
0.0,7.6940746,1.9779353,7.6940746,769407500.0
0.0,0.0,1.8049144,0.0,0.0
6.719763,2.7719474,1.3023648,3.9478154,58.74933
0.0,5.4049983,1.164645,5.4049983,540499840.0
9.3695,7.389615,1.60459,1.9798851,21.13117
0.0,4.3278694,2.4633365,4.3278694,432786900.0
10.983694,9.383545,1.2806977,1.6001492,14.568407
0.0,1.3389493,1.6956855,1.3389493,133894930.0
27.714539,24.329453,3.0041924,3.385086,12.214117
8.243178,5.6200886,1.5255208,2.6230898,31.82134
1.0174958,7.062935,1.2695074,6.0454392,594.14886
0.0,11.471065,1.8186983,11.471065,1147106400.0
