y_true,y_pred,y_std,abs_error,rel_error_%
1.1969409,1.1852074,2.2765546,0.011733532,0.98029333
0.9496431,1.0513227,1.9270645,0.10167962,10.707141
12.544385,7.051158,7.54188,5.493227,43.790325
1.3117995,1.1460652,2.2080371,0.16573429,12.634117
16.967304,6.4724174,7.028013,10.494886,61.85359
8.538807,1.2166734,2.1494198,7.3221335,85.75125
2.8658457,2.5889208,3.3769684,0.27692485,9.662937
0.63835734,4.612154,5.334143,3.9737966,622.5035
0.31277162,1.1796141,2.049049,0.86684245,277.14868
4.406351,3.2960715,4.0973716,1.1102796,25.197256
0.118443035,0.5259001,1.5986142,0.40745708,344.01102
0.18852443,0.66171515,1.5539063,0.47319072,250.99704
0.4343478,2.2534008,3.2011034,1.8190529,418.801
0.83291596,0.85695386,1.8541577,0.024037898,2.8859932
0.58044666,2.0220854,2.845024,1.4416387,248.36711
1.1007453,1.2197924,2.1510544,0.119047046,10.815131
0.9492113,0.61979234,1.5252484,0.32941896,34.70449
1.047676,1.2020435,2.2691183,0.15436757,14.734284
0.88922447,0.73839545,1.6564343,0.15082902,16.96186
18.195528,18.945396,18.791435,0.7498684,4.1211686
9.009975,6.0434537,7.0591397,2.9665217,32.92486
0.8845935,1.0616825,2.1227622,0.17708898,20.019249
1.7912853,1.765235,2.61277,0.02605033,1.4542814
0.88733447,3.6089535,4.312463,2.7216191,306.71854
0.16131301,0.4483349,1.399749,0.28702188,177.92853
0.723752,1.5451894,2.6341233,0.82143736,113.49708
11.04184,3.7677398,4.4733095,7.2741,65.87761
2.282214,2.8825393,4.001305,0.60032535,26.304518
0.91923696,1.0199158,1.9010289,0.10067886,10.952438
0.16530754,0.30894855,1.3264782,0.14364101,86.8932
0.7157717,0.92832005,1.9148977,0.21254838,29.694996
0.76677704,1.0671506,2.1130314,0.30037355,39.17352
0.04087249,0.57136226,1.6562734,0.53048974,1297.914
0.71508807,0.22710454,1.1490135,0.48798352,68.241035
24.817902,2.4493716,3.255901,22.36853,90.13063
0.786117,0.70683503,1.664695,0.079281986,10.085265
0.13210908,4.1854053,4.8668704,4.053296,3068.1436
0.9088734,0.89302385,1.8565686,0.01584953,1.7438656
0.83078194,1.1599095,2.2299266,0.32912755,39.616596
0.9466478,0.9901267,2.057962,0.043478906,4.5929337
0.66354954,1.0158167,1.892947,0.35226715,53.088295
3.506738,1.6168885,2.4571867,1.8898494,53.89195
17.171112,7.0915575,7.571588,10.079555,58.70065
6.150028,5.388892,6.3243227,0.76113605,12.376139
5.7291746,2.6607082,3.4492798,3.0684664,53.558613
0.42613128,1.0354624,2.1550145,0.60933113,142.99141
8.016566,1.4065216,2.3549192,6.6100445,82.45481
0.4295672,0.8226633,1.7246487,0.39309612,91.50981
0.31801352,1.3704059,2.228202,1.0523924,330.9269
0.74564683,0.70571136,1.6032573,0.03993547,5.3558154
0.8780754,0.8878645,1.7829499,0.00978905,1.1148301
26.35284,33.25647,32.252193,6.9036293,26.196907
2.2077174,2.3000002,3.1008415,0.09228277,4.1800084
0.50253236,0.3139451,1.2318568,0.18858725,37.52738
1.636482,1.3118858,2.388379,0.32459617,19.835
0.7997741,0.28652066,1.2312515,0.51325345,64.1748
0.44484103,0.78724504,1.6742141,0.342404,76.97222
0.22632599,0.71540165,1.6587254,0.48907566,216.09346
0.5963554,0.76958275,1.7896246,0.17322737,29.047674
1.8577274,1.9041638,2.7179213,0.04643643,2.4996364
6.380181,4.609046,5.5129037,1.7711349,27.759947
0.7401637,0.61516047,1.5167944,0.12500322,16.888592
0.8970189,0.7740065,1.717241,0.12301242,13.713471
0.14934267,0.6803646,1.7802722,0.53102195,355.5728
0.42645803,0.20060991,1.1548725,0.22584812,52.95905
0.18571033,0.39827412,1.3673656,0.2125638,114.45987
0.24232166,2.639301,3.405576,2.3969793,989.1726
0.9955159,0.9486226,1.8403918,0.0468933,4.7104526
25.526915,48.643925,46.54552,23.11701,90.55936
1.5668169,1.3991768,2.2505226,0.16764009,10.699406
1.0203171,1.1687052,2.3115773,0.14838815,14.543337
0.26372543,0.4093853,1.3730229,0.14565986,55.231636
0.38318658,1.1436086,2.0050435,0.760422,198.44693
2.9059446,3.8962426,4.894224,0.99029803,34.07835
0.7407698,0.60643554,1.5291117,0.13433427,18.134415
21.00805,4.914893,5.566905,16.093159,76.60472
0.83004063,1.3158748,2.3792226,0.48583418,58.531376
0.94023204,1.300427,2.1526518,0.36019492,38.309155
0.54699194,0.9257965,1.8096408,0.37880456,69.25231
0.964193,0.8649373,1.7433954,0.09925568,10.294171
0.061394013,1.4782548,2.3326297,1.4168608,2307.816
2.7820702,2.509009,3.3175921,0.27306128,9.815039
0.2600281,1.8898122,2.7509413,1.6297841,626.77234
19.596548,3.2629495,4.023695,16.3336,83.349365
0.8386277,0.5075768,1.455791,0.33105087,39.475307
1.4574553,1.0748129,2.1479416,0.3826424,26.254143
0.18801752,0.010238492,0.9503616,0.17777902,94.554504
25.891546,13.243356,13.354915,12.6481905,48.85066
1.0772911,0.8488511,1.732554,0.22844005,21.205044
25.1412,12.224518,12.413937,12.916681,51.376553
0.56428915,0.059285477,0.9935474,0.5050037,89.49378
23.230642,27.82148,27.002602,4.5908375,19.761992
25.997572,17.167116,17.000727,8.830456,33.966465
0.45802015,0.7495382,1.6460276,0.29151803,63.647427
0.24824148,1.1286778,2.0095575,0.88043636,354.6693
1.74671,1.3399038,2.3477836,0.4068061,23.289848
1.8067714,1.5437541,2.626059,0.2630173,14.557309
1.2698023,1.1431646,2.0044055,0.1266377,9.973024
16.793814,7.1102676,7.6024504,9.683546,57.66139
1.1165694,0.96797013,1.8410126,0.14859927,13.308556
0.10762109,3.4912744,4.217585,3.3836532,3144.043
8.380195,1.9939795,2.810038,6.386215,76.20605
22.596691,7.762596,8.228729,14.834095,65.6472
19.405655,6.738489,7.2469597,12.667166,65.27564
3.859736,2.928652,3.8028789,0.9310839,24.122995
22.795135,9.496704,9.836454,13.298431,58.3389
0.91540843,1.0903299,1.9630382,0.17492145,19.10857
1.1848128,1.1336951,1.9959863,0.05111766,4.3144083
0.8816057,1.0845478,1.953886,0.20294207,23.019596
17.751934,9.9403,10.237953,7.811634,44.00441
3.9455047,3.1782742,4.1493464,0.7672305,19.445688
1.5447557,1.1237063,2.254872,0.42104936,27.256695
16.253132,25.00756,24.35267,8.754429,53.863026
19.39748,24.223938,23.940235,4.826458,24.881882
1.6488091,2.0028002,3.0394561,0.35399115,21.469505
0.90290904,0.979149,1.8599079,0.07623994,8.443812
0.08622261,5.885064,6.460292,5.7988415,6725.43
1.0632606,1.1135929,2.1439927,0.050332308,4.73377
0.5929416,1.9933252,2.818984,1.4003837,236.17567
0.53001785,0.39719674,1.307456,0.13282111,25.059744
11.421665,2.6297498,3.8362155,8.791916,76.97578
0.4147089,0.79604197,1.6843495,0.38133305,91.95198
0.8056799,0.88642,1.8209974,0.080740094,10.02136
0.3486915,1.2269294,2.1542108,0.87823796,251.86676
8.285492,12.2823715,12.44871,3.9968796,48.2395
0.5179796,0.603428,1.6592623,0.085448384,16.496475
1.9610512,1.3903306,2.471852,0.5707207,29.102793
2.9035485,2.7498205,3.5092678,0.15372801,5.2944875
0.40540895,0.6294211,1.6849729,0.22401217,55.25585
0.6676806,0.47197327,1.38104,0.19570735,29.311523
0.82798034,0.62223804,1.5252656,0.2057423,24.848694
13.56705,14.63844,15.117046,1.0713902,7.8970017
1.2998955,1.107027,2.166998,0.19286847,14.837228
0.38045922,1.1064041,2.0250862,0.7259449,190.80754
0.6508919,1.1704493,2.3150208,0.51955736,79.82237
7.647698,2.3843086,3.1669793,5.2633896,68.8232
2.325906,2.1839268,2.9810636,0.14197922,6.1042542
0.99667835,1.2704206,2.4203677,0.2737422,27.46545
2.4096892,2.3431742,3.1630569,0.06651497,2.7603133
0.9628372,1.0911889,2.1856756,0.12835169,13.33057
11.392191,13.248318,13.742691,1.8561268,16.292974
19.817806,8.23319,8.648184,11.584617,58.455597
0.27724344,1.613893,2.4670982,1.3366497,482.12128
8.959519,12.476252,12.635685,3.5167322,39.251347
0.9415303,0.8225329,1.7108204,0.118997395,12.638721
1.1983083,1.3350036,2.3294241,0.13669527,11.407353
1.2166886,1.1099362,2.1706946,0.106752396,8.774011
1.0680585,1.2028172,2.1612577,0.13475871,12.617166
0.6616423,0.9989078,2.1084275,0.3372655,50.973988
0.4932529,0.23252648,1.2119093,0.26072642,52.858566
12.988146,5.450228,6.0896277,7.5379176,58.036903
1.148949,1.0856302,2.0700603,0.06331885,5.5110235
0.6101465,0.99564075,1.8831842,0.38549423,63.1806
4.511042,2.0229232,3.2034194,2.488119,55.15619
0.6647274,0.44147006,1.3489877,0.22325733,33.5863
0.5322914,0.21441127,1.1376399,0.31788015,59.719196
0.57339287,0.53621686,1.4456465,0.037176013,6.4835153
4.0503163,3.0778213,4.2047014,0.9724951,24.01035
4.401535,3.5249696,4.604415,0.87656546,19.914995
0.8885201,1.0887761,2.0262668,0.20025599,22.538149
0.8263505,0.9783994,1.9902452,0.15204889,18.400047
20.140244,1.8915749,2.7061458,18.248669,90.60798
7.2527323,7.0971212,7.5888968,0.15561104,2.1455505
0.36307994,0.26948044,1.1955264,0.0935995,25.77931
15.002476,13.436927,13.802155,1.5655489,10.43527
24.528736,28.559698,27.738747,4.030962,16.43363
0.74885124,1.5467598,2.4262779,0.7979086,106.55102
0.9941894,1.0872209,2.1026206,0.093031526,9.357525
4.345553,3.5378184,4.2685237,0.8077345,18.587612
6.649588,5.0842586,5.7024193,1.5653296,23.540249
0.77242035,0.28522068,1.2067848,0.48719966,63.07442
1.244761,1.2505469,2.2810814,0.005785942,0.46482354
11.733808,10.849614,11.185335,0.8841934,7.5354347
15.858222,11.664715,11.881999,4.193507,26.44374
1.3302498,0.80131567,1.6908233,0.5289341,39.762016
0.51954746,2.764806,3.5788882,2.2452586,432.1566
0.85326415,1.0293467,1.9030958,0.17608255,20.636347
0.7403556,0.43534082,1.4380419,0.3050148,41.198414
1.8007047,1.920429,2.7326012,0.11972427,6.6487455
22.409807,8.569643,8.978606,13.840164,61.759403
1.9249989,1.9069581,2.7407455,0.018040776,0.93718374
8.624828,8.847174,9.2222595,0.22234535,2.5779684
0.41548556,0.3499915,1.2784605,0.06549406,15.763258
4.1306233,2.6044285,3.4019403,1.5261948,36.94829
0.59049284,0.40224904,1.3150138,0.1882438,31.8791
3.42983,3.2171297,3.970854,0.21270037,6.201484
0.61778975,0.76585376,1.6792588,0.14806402,23.966734
0.9061757,1.1062539,2.2430112,0.20007819,22.079403
1.0949137,1.0242834,1.9219009,0.07063031,6.450765
1.1081495,1.0216043,1.9710071,0.08654523,7.8098874
19.471405,27.430883,26.831055,7.9594784,40.87778
0.8925983,0.6349952,1.535995,0.25760305,28.85991
0.57791513,0.94851434,1.8416526,0.3705992,64.12693
0.7846224,1.006964,1.8771495,0.2223416,28.337402
0.96117765,1.0732868,1.9409642,0.112109125,11.663726
1.2932647,1.0201292,1.8903267,0.27313554,21.119848
0.70142967,0.90269125,1.899298,0.20126158,28.693052
0.10489891,0.5295825,1.4712802,0.4246836,404.85037
0.2918946,0.7539512,1.650807,0.46205658,158.29568
0.80287635,0.4811332,1.3857837,0.32174316,40.07381
0.592439,1.1000807,1.9734976,0.50764173,85.68675
0.4834627,1.0854461,2.0033383,0.6019834,124.51497
1.4200317,1.0263114,2.1061635,0.39372027,27.726162
2.2525356,1.8564408,2.8438559,0.3960948,17.584398
0.52940124,1.0136907,1.887608,0.48428947,91.47872
0.48927775,0.0,0.7786468,0.48927775,100.0
0.80075234,1.1634519,2.1476803,0.36269957,45.294853
3.887748,3.2285895,3.9933758,0.65915847,16.954763
0.3837383,2.8364496,3.6954145,2.4527113,639.1625
9.060045,3.191606,3.923047,5.868439,64.772736
22.136335,22.656775,22.295582,0.52043915,2.3510628
1.2720817,1.2252476,2.1836278,0.04683411,3.6816905
1.1064583,1.127393,2.0250664,0.020934701,1.8920461
19.32596,6.7625227,7.2947054,12.563437,65.00809
1.0024924,1.0582101,2.1957417,0.055717707,5.557918
0.8663513,1.1695888,2.047319,0.3032375,35.00168
8.157816,7.5499268,8.216692,0.6078892,7.451617
19.455746,10.9569,11.198547,8.498846,43.68296
1.0956215,0.8905448,1.7681246,0.2050767,18.717842
1.895434,1.7832727,2.6104043,0.11216128,5.9174457
0.99764824,2.8220546,3.6156707,1.8244064,182.87071
0.37260452,4.789498,5.4675593,4.4168935,1185.4106
1.7216103,1.6806073,2.508101,0.04100299,2.381665
0.36652678,1.8112338,2.85512,1.4447069,394.16135
2.2359264,1.3968666,2.476389,0.8390598,37.52627
1.1838207,1.2746751,2.1425874,0.09085441,7.674676
4.1560535,4.1462927,4.815347,0.009760857,0.23485878
1.2433996,1.0236793,1.9986956,0.21972036,17.670937
1.1512449,0.97864044,1.8614736,0.17260444,14.992852
1.345292,1.4854794,2.435561,0.14018738,10.420591
11.67662,8.019194,8.611851,3.6574259,31.322643
0.9186923,1.0268354,2.063659,0.10814315,11.771422
0.9118815,1.2083404,2.191639,0.2964589,32.51068
9.742074,7.3848295,7.8647895,2.3572445,24.196537
0.7414476,0.69048035,1.5873487,0.050967276,6.874022
0.513043,8.241462,8.683078,7.728419,1506.3881
0.7201727,0.83247125,1.9438019,0.11229855,15.59328
1.5163158,0.890447,1.9663591,0.6258688,41.275623
2.8798273,2.288643,3.0804076,0.5911844,20.528467
1.3860373,1.2943122,2.3470173,0.09172511,6.617795
1.6023998,1.1816802,2.2591639,0.42071962,26.255594
13.83191,11.737446,12.019867,2.0944643,15.142263
1.6630795,1.1961184,2.3020298,0.46696115,28.0781
10.360497,3.6270938,4.3208222,6.7334037,64.99113
18.595406,6.0748253,6.622922,12.52058,67.33157
0.8230944,0.37378097,1.2849317,0.44931346,54.588326
1.6758982,1.2189867,2.0768642,0.45691144,27.263674
1.018575,1.2030699,2.310569,0.18449497,18.113049
8.17872,3.0818782,3.8320386,5.0968423,62.318333
1.6239611,2.0832825,2.8957188,0.45932138,28.284014
0.37158957,4.3092237,5.0566792,3.937634,1059.6729
0.85687906,0.74455464,1.6325625,0.11232442,13.10855
0.20760134,1.7973425,2.6399102,1.5897412,765.76636
23.747734,16.350428,16.246508,7.3973064,31.149527
1.0270844,0.7928417,1.7162315,0.23424268,22.806566
0.54521316,0.0,0.8642094,0.54521316,100.0
16.536938,6.8828564,7.382775,9.654081,58.378895
0.7409028,1.2322607,2.1573641,0.49135792,66.31881
0.53780955,0.14753671,1.0854489,0.39027286,72.567116
1.7755196,1.4813492,2.3215442,0.29417038,16.568129
0.48530132,2.6615121,3.6229029,2.1762109,448.42468
0.73039585,0.63227713,1.6878989,0.09811872,13.433637
0.87220275,1.7228079,2.5470014,0.85060513,97.52379
0.23413037,0.5300114,1.4398106,0.29588103,126.37448
20.60859,7.327018,7.7928057,13.281571,64.44678
0.6364813,0.31732333,1.2985921,0.31915796,50.144123
1.0607227,1.0473254,2.1468642,0.013397336,1.2630385
0.9779678,1.0474575,2.0217323,0.06948966,7.105516
0.25095448,2.1253672,2.9342487,1.8744127,746.91345
15.558864,19.949274,19.77307,4.3904104,28.218067
0.65562296,0.403376,1.3164506,0.25224695,38.474392
0.56185734,2.6321335,3.4772573,2.0702763,368.47006
1.0944631,0.7670157,1.6534019,0.3274474,29.918545
7.565171,1.4135678,2.317883,6.1516027,81.31479
25.716604,3.996427,4.699266,21.720177,84.45973
0.6528136,0.5943785,1.6644659,0.058435142,8.951276
0.5492118,0.9110799,2.0350094,0.36186808,65.888626
0.31128573,0.98769546,1.8619888,0.6764097,217.29546
20.57253,22.588177,22.578106,2.015646,9.797754
0.25763455,0.28194952,1.2173734,0.02431497,9.437776
0.7843874,1.279331,2.137597,0.49494356,63.099373
0.28212112,1.2654448,2.1364686,0.98332363,348.54663
2.8829138,2.1556435,3.201846,0.72727036,25.22692
0.16550235,0.39446172,1.3164269,0.22895937,138.34206
1.6061606,1.4430897,2.306936,0.16307092,10.15284
0.9174331,1.0303452,2.0377965,0.11291212,12.307396
0.5821921,1.3450081,2.3111422,0.762816,131.0248
0.34189913,0.2354455,1.1674908,0.10645363,31.135975
18.868446,3.3775272,4.0999413,15.490919,82.0996
0.53980917,0.16571699,1.0909514,0.37409216,69.30082
0.350878,1.6100171,2.446773,1.2591391,358.85382
0.35583416,0.21257742,1.1394758,0.14325674,40.25941
20.095226,14.143368,14.186461,5.9518585,29.61827
20.707241,4.859028,5.5383234,15.848213,76.534645
6.8850365,4.327848,5.5110006,2.5571885,37.14125
15.529388,12.811534,13.0644455,2.7178545,17.501364
16.630709,3.2970538,4.0212274,13.333654,80.174904
29.945404,2.406141,3.2066658,27.539263,91.964905
3.1207457,2.7265265,3.787695,0.39421916,12.632211
0.92988354,1.1733243,2.044001,0.2434408,26.179708
1.2073047,1.1848066,2.1817212,0.02249813,1.8635006
1.0039101,0.7056109,1.5992868,0.2982992,29.713737
21.860407,7.5676794,8.077538,14.292727,65.3818
11.123993,6.145247,6.70024,4.978746,44.756824
22.448166,32.9362,31.819963,10.488033,46.721115
0.9512569,1.0704224,1.9711548,0.11916554,12.527166
0.6130719,0.24349011,1.1630584,0.36958182,60.2836
0.5509053,1.6211655,2.4575057,1.0702603,194.27301
0.54577434,0.5860667,1.5568,0.040292382,7.3826084
1.2348005,0.9552667,1.8390002,0.27953374,22.63797
0.6786069,0.7572353,1.730432,0.07862836,11.586731
25.268534,25.801468,25.177095,0.5329342,2.1090825
1.5177041,1.1799405,2.0556486,0.33776367,22.25491
0.2875689,3.493919,4.5478644,3.20635,1114.985
7.585115,8.750815,9.185686,1.1657004,15.368263
0.7372829,0.5516468,1.5780293,0.18563604,25.178402
0.67473495,2.213888,3.0283885,1.539153,228.11224
0.78528947,0.778322,1.7586148,0.006967485,0.88725054
0.6184729,0.7922299,1.8679062,0.17375702,28.094526
0.41147557,4.3665133,5.139606,3.9550376,961.184
27.847876,26.789299,26.048649,1.0585766,3.8012831
21.000269,17.524767,17.344234,3.475502,16.549797
25.090818,17.40189,17.207123,7.6889286,30.644392
23.58435,23.071638,22.54501,0.5127125,2.173952
1.4337614,1.1861432,2.2704155,0.2476182,17.27053
10.100663,2.8486109,3.7846787,7.2520523,71.79778
0.50385684,0.47287428,1.4057875,0.030982554,6.149079
0.71582365,0.6959077,1.5851479,0.019915938,2.7822409
0.65885663,0.8695301,1.7915808,0.21067345,31.975613
14.825759,15.67499,15.637653,0.84923077,5.7280765
22.625763,8.167172,8.582888,14.4585905,63.903217
0.60084516,0.95606256,1.9741702,0.3552174,59.119625
1.5308663,1.4906571,2.5216935,0.040209174,2.6265635
0.57797456,0.6105044,1.6922762,0.03252983,5.6282463
9.079806,7.081663,7.557097,1.9981432,22.00645
0.7830198,0.5027174,1.4048033,0.2803024,35.797615
3.6402445,1.7984378,2.62507,1.8418067,50.595684
0.58498764,1.0877709,2.2274375,0.5027833,85.94768
0.465727,0.73475456,1.6604204,0.26902756,57.765076
25.702852,6.0413017,6.6471667,19.66155,76.4956
0.8099136,1.0421824,2.0954814,0.23226887,28.678228
15.242941,12.832921,13.041219,2.4100199,15.810727
20.654926,12.364536,12.5048,8.29039,40.137592
0.7593211,0.8942245,1.9653736,0.13490343,17.766321
0.92394096,1.0573971,1.9782333,0.13345617,14.444232
0.9049056,0.8314105,1.7727393,0.07349509,8.121852
0.53175193,0.68778455,1.7430462,0.15603262,29.343122
0.93811196,1.0609968,2.069112,0.12288481,13.099162
1.000764,1.0482144,2.1500719,0.047450423,4.74142
0.2947191,2.003963,3.0375206,1.7092439,579.957
16.973461,15.0487995,15.015858,1.9246616,11.33924
1.1087793,1.1865582,2.2644603,0.077778935,7.014826
0.7009913,0.55367064,1.456265,0.14732063,21.016045
0.96736413,1.0344129,2.0792806,0.06704873,6.9310746
0.5975836,0.36963186,1.2988255,0.22795174,38.14558
1.1212504,1.1710818,2.2846951,0.04983139,4.4442697
0.4095021,1.2030363,2.100148,0.7935342,193.78027
14.11776,14.06883,14.137543,0.04893017,0.34658593
0.67260045,1.3819222,2.2449267,0.7093218,105.45961
0.8369588,0.4664653,1.3723459,0.37049353,44.26664
0.39882755,0.3093869,1.2292753,0.089440644,22.425894
14.997981,9.34926,9.764014,5.6487207,37.663208
1.0112301,0.77037656,1.738101,0.24085355,23.817877
2.7288017,2.7704828,3.5342064,0.04168105,1.5274489
0.9787624,0.702162,1.6227133,0.27660036,28.260216
0.51282644,4.481011,5.475793,3.9681845,773.78705
22.76847,20.371092,19.999987,2.397379,10.52938
10.690714,17.135231,17.008142,6.444517,60.28145
0.6492351,0.739951,1.6276056,0.090715885,13.972733
1.445717,1.4460306,2.3101907,0.00031363964,0.021694401
8.422991,6.9330173,7.732394,1.4899735,17.689365
25.418072,28.352167,27.485382,2.9340954,11.543344
0.88982475,0.78445566,1.7611779,0.10536909,11.841556
4.9999495,4.2680745,4.978098,0.73187494,14.637647
1.629298,1.3310404,2.411221,0.2982576,18.305897
0.4926873,1.1027622,2.2438405,0.6100749,123.82597
0.7175014,0.7125728,1.7688353,0.004928589,0.68691
0.9089056,0.91120243,1.7953428,0.0022968054,0.2527001
19.992043,11.987982,12.150017,8.004061,40.036232
0.87079775,1.2690742,2.121993,0.39827645,45.73696
1.2506526,1.0218816,1.8968909,0.22877097,18.29213
24.25186,8.058309,8.921097,16.19355,66.77241
0.26108497,0.78894615,1.6731452,0.5278612,202.17984
12.559963,5.9443784,7.1698875,6.615585,52.67201
5.174303,3.6603537,4.3568287,1.5139494,29.259003
0.8559396,0.7827357,1.668001,0.07320392,8.552464
0.91321737,0.78755915,1.7106682,0.12565821,13.759946
0.4313795,0.12027128,1.0544845,0.31110823,72.119385
0.4397722,0.53249526,1.441158,0.09272307,21.084343
5.538829,3.738225,4.8714414,1.8006039,32.508747
1.0388284,0.87897813,1.8298414,0.15985024,15.38755
11.562563,1.226747,2.304035,10.335815,89.39035
3.9554958,3.8986907,4.5855265,0.056805134,1.4361066
2.2754054,2.6285803,3.4090512,0.35317492,15.521407
0.8945714,1.1457052,2.2150447,0.2511338,28.073086
1.2269772,1.1299765,2.1691477,0.09700072,7.9056654
0.39122164,0.65613806,1.5498269,0.26491642,67.71517
0.42212844,0.34265098,1.2951005,0.07947746,18.827791
0.69723165,0.6266246,1.5230433,0.070607066,10.126773
1.3084804,1.1230547,2.006547,0.18542564,14.171068
8.417086,6.783039,7.2806025,1.6340466,19.413448
23.245523,22.594893,22.097769,0.65063095,2.7989516
0.5742488,0.92359686,1.8465282,0.34934807,60.835663
0.362263,0.48264802,1.4162883,0.12038502,33.231388
1.2256926,1.2048562,2.0872033,0.020836473,1.6999754
0.3842451,0.976105,2.1056714,0.5918599,154.03186
0.80091095,1.3449829,2.1934798,0.5440719,67.93164
0.45344514,0.53615427,1.542426,0.08270913,18.240162
1.6052618,1.1596673,2.0451088,0.44559455,27.758373
0.056008544,2.307417,3.1106136,2.2514083,4019.7588
0.21033102,3.1431794,3.8773386,2.9328485,1394.3965
1.2586203,0.9023955,1.7893181,0.35622478,28.302801
0.5906909,0.6238321,1.6972554,0.033141196,5.610582
9.432931,4.365386,5.013546,5.067545,53.721848
2.046928,1.7017126,2.702725,0.34521532,16.865044
1.8369054,1.7177186,2.5642285,0.11918676,6.4884543
1.5619012,1.4138885,2.2613544,0.14801276,9.476448
0.83052903,0.88634896,1.988831,0.05581993,6.721009
1.8612522,1.1804132,2.2676547,0.68083894,36.579617
3.9852943,3.3637295,4.082571,0.62156487,15.59646
0.38757956,1.7008753,2.6982317,1.3132957,338.84546
0.31790364,0.40785655,1.318372,0.089952916,28.295654
19.115759,20.231567,19.998465,1.1158085,5.8371134
1.460094,0.9254017,2.0050979,0.5346923,36.620403
0.7277641,0.7049128,1.5943877,0.022851348,3.1399388
11.239389,9.798685,10.59416,1.4407043,12.818351
0.9361895,1.2448254,2.1001859,0.3086359,32.967247
18.195942,6.109483,6.668933,12.086459,66.42393
0.43338287,0.5591501,1.4587334,0.12576723,29.01989
2.223803,1.2533944,2.3512263,0.9704087,43.63735
0.72420067,1.80745,2.6247811,1.0832493,149.57861
0.9880449,0.9209963,1.7991645,0.06704861,6.785988
0.9681876,1.0926781,2.0996823,0.1244905,12.858097
1.8658483,1.770144,2.8341649,0.09570432,5.129266
0.9155432,0.9757123,1.8536092,0.0601691,6.5719566
1.4649822,0.93386126,2.0442119,0.5311209,36.25443
0.85378945,0.75388265,1.640285,0.0999068,11.701574
0.40918565,1.2028639,2.330248,0.7936783,193.96533
8.4748,4.384562,5.100055,4.090238,48.263535
0.87590265,1.8784492,2.707178,1.0025465,114.45867
0.17825805,1.7146351,2.6813645,1.5363771,861.8837
0.3120137,0.77910423,1.7249111,0.46709055,149.70193
0.36977187,0.0,0.88145506,0.36977187,100.0
22.618448,9.419633,9.763968,13.198815,58.354206
22.261536,27.421972,27.260141,5.1604366,23.180954
13.170002,17.95316,17.994415,4.7831573,36.318577
0.5581195,0.88181734,1.9949822,0.32369787,57.99795
1.0826145,1.1712782,2.0477502,0.0886637,8.1897745
1.3882389,1.6168559,2.58334,0.22861695,16.468126
1.2125878,1.2727754,2.1384468,0.06018758,4.9635644
0.82047504,1.1301181,2.2729294,0.3096431,37.73949
25.450563,7.8079348,8.29609,17.642628,69.32117
1.4465387,1.0877869,2.0759287,0.35875177,24.800703
1.5317588,1.0811651,1.9783901,0.4505937,29.416754
0.33428738,0.25912768,1.1856344,0.0751597,22.483559
0.8621717,0.61151254,1.5748142,0.25065917,29.072998
0.8007155,0.6544421,1.729961,0.14627343,18.267841
1.2162281,1.6836784,2.648764,0.46745026,38.43442
0.863003,0.4882776,1.3934149,0.3747254,43.4211
0.23278888,0.83291376,1.717899,0.6001249,257.7979
2.2892733,1.8366909,2.831721,0.45258236,19.769695
3.4684536,2.5739012,3.402783,0.89455247,25.791103
1.4756669,1.1751697,2.297946,0.30049717,20.363483
0.45764,1.269419,2.1239893,0.81177896,177.38374
0.999799,1.1038086,2.2449582,0.10400963,10.403053
0.75382245,0.9722159,1.8483541,0.21839345,28.97147
0.5734051,0.5166893,1.5509466,0.056715786,9.89105
8.935018,4.6046305,5.2414856,4.330387,48.465343
5.6352577,4.428351,5.1145406,1.2069068,21.417065
0.42895257,0.6615062,1.6737521,0.2325536,54.21429
0.9352595,1.07446,2.013664,0.13920051,14.883623
0.71956414,0.7774377,1.6619259,0.057873547,8.042861
4.084692,3.7389507,4.4613466,0.34574127,8.464316
0.9718309,1.0407021,1.9670312,0.0688712,7.0867476
0.96403766,0.7991576,1.7420939,0.16488004,17.10307
0.83011544,1.1157148,2.257552,0.28559935,34.404774
28.033918,11.95368,12.140624,16.080238,57.359936
0.53696305,0.37398443,1.2914932,0.16297862,30.351923
0.7175714,1.066329,1.9351112,0.34875762,48.6025
1.4262496,1.5206227,2.358426,0.09437311,6.616872
0.389088,0.18828408,1.139468,0.20080392,51.60887
2.1445022,1.7064323,2.7723997,0.43806982,20.427578
0.9883102,0.93153083,1.8077091,0.056779385,5.745097
14.470333,18.90917,18.742746,4.438837,30.67543
8.011739,8.155894,8.645635,0.1441555,1.7993035
0.98010105,1.1305113,2.2576063,0.15041023,15.3464
1.5309521,2.0000505,2.813274,0.46909845,30.64096
0.75591695,0.4476315,1.3560392,0.30828544,40.782978
20.51483,5.396716,5.9870625,15.1181135,73.69359
0.71090186,0.8591685,1.8776549,0.14826667,20.856138
1.0972536,0.928458,1.8146855,0.16879559,15.383462
1.293851,1.186019,2.2274694,0.107832074,8.334195
0.9663746,1.0967588,2.1916366,0.13038427,13.492105
0.8963092,1.3882816,2.2348428,0.4919724,54.88869
0.42725053,1.8004334,2.6524358,1.3731829,321.3999
0.44514403,1.1759138,2.1515505,0.73076975,164.16478
7.5657473,6.9217057,7.421131,0.64404154,8.512596
0.96558166,1.1443136,2.2300913,0.17873192,18.510284
7.868985,3.2666903,4.017762,4.602295,58.48651
0.7310642,1.2216902,2.2358742,0.49062598,67.111206
0.5948687,2.3322623,3.1493752,1.7373936,292.0634
1.1869785,0.8994657,1.7816871,0.28751278,24.22224
0.5730814,1.9606164,2.7678502,1.387535,242.11832
0.33453453,0.35480738,1.2729154,0.020272851,6.0600176
0.9245151,0.9446275,1.8278621,0.020112395,2.1754534
0.15472312,0.43258116,1.356213,0.27785802,179.58403
0.3882909,0.0,0.89766693,0.3882909,100.0
0.39847463,0.93482816,1.8202066,0.5363535,134.60167
0.9959335,0.9311141,1.8073205,0.064819396,6.5084057
0.82042444,1.0215037,2.1139345,0.20107925,24.509174
1.1822042,1.1477146,2.2197573,0.03448963,2.9174004
0.6813325,1.0430896,1.9295554,0.3617571,53.095524
4.380984,3.625358,4.324322,0.7556257,17.247856
9.426217,7.0927057,8.063307,2.3335114,24.755545
1.1178333,0.9227325,1.9394808,0.19510078,17.453478
1.2757462,0.94921386,1.8284389,0.32653236,25.595402
1.117693,1.0940876,1.9576441,0.023605347,2.1119707
0.9409198,1.1909981,2.2811644,0.25007826,26.578062
0.76285416,0.62114036,1.604593,0.1417138,18.576788
0.86956847,1.1178346,2.2538135,0.2482661,28.550495
0.88354355,0.9741955,1.8588185,0.09065193,10.260041
0.063909546,0.29225224,1.220134,0.2283427,357.29047
0.46921167,0.4318715,1.4951514,0.037340164,7.958064
0.48467106,0.4384133,1.3635156,0.046257764,9.544156
1.611346,0.96219504,1.8442914,0.64915097,40.28626
0.7775124,1.1237209,2.1306062,0.3462085,44.527714
0.5978538,0.6602808,1.7423072,0.062427044,10.441858
6.851747,11.8141985,12.042167,4.9624515,72.42608
0.43825164,0.27309904,1.2019418,0.16515261,37.684425
0.9414146,0.64619565,1.5409425,0.29521894,31.35908
0.2534197,0.34892005,1.3043935,0.09550035,37.68466
0.8813536,0.61940503,1.5365609,0.2619486,29.721169
27.389824,24.883886,24.268417,2.5059376,9.149156
2.8015938,2.3040113,3.205417,0.49758244,17.760693
0.6415295,0.86743,1.9830755,0.22590047,35.212795
0.47473338,1.3324902,2.188048,0.85775685,180.68181
0.8208775,0.81568825,1.7517816,0.00518924,0.6321577
0.63471323,1.1698849,2.0283194,0.5351717,84.317085
2.2209008,2.2491765,3.0841992,0.028275728,1.2731649
1.1231608,0.85620666,1.8590282,0.26695418,23.768118
1.5752066,1.7091496,2.6525395,0.13394296,8.5032
0.9142794,1.002393,2.0565996,0.088113606,9.637492
1.659194,1.3544073,2.2077322,0.30478668,18.369562
9.623516,10.815292,11.2307415,1.1917763,12.384001
0.7523624,0.6250535,1.5223444,0.12730885,16.921213
0.2219758,0.4036975,1.3137292,0.18172169,81.86554
1.4249985,0.9946015,2.055459,0.43039703,30.203331
0.8147618,0.935025,1.8153172,0.12026316,14.7605295
0.8256056,0.25672537,1.1759615,0.5688802,68.904594
0.9913716,1.0121992,2.1452634,0.020827591,2.1008866
9.566483,1.7944603,2.623992,7.7720222,81.24221
2.6973333,2.744068,3.5586038,0.04673457,1.7326213
1.573995,1.4417088,2.3015928,0.13228619,8.404486
8.522261,3.2824273,4.493295,5.2398334,61.484077
13.515938,7.889529,8.324617,5.6264086,41.627956
0.73611563,0.956879,1.9214003,0.22076339,29.990313
0.31563336,0.60152566,1.5119917,0.2858923,90.57735
23.270536,4.666991,5.3072352,18.603546,79.94464
0.8781785,1.1057184,2.2466545,0.2275399,25.910439
1.0177406,1.0337651,2.0798726,0.01602447,1.5745142
0.37968364,0.9539467,1.8366126,0.5742631,151.24777
2.0685105,1.5926208,2.5893505,0.47588968,23.006393
1.2369667,1.1047759,2.1237972,0.13219082,10.686691
0.49922293,0.7519839,1.8167908,0.25276095,50.630875
0.41102672,0.24029803,1.1704047,0.17072868,41.537125
0.81729853,0.71902657,1.684721,0.098271966,12.023998
3.6107557,3.9875374,4.7098646,0.3767817,10.434981
0.41706723,4.284215,4.961934,3.8671477,927.22406
1.6176798,1.4606521,2.4411287,0.15702772,9.706971
0.28625295,1.9642739,2.874237,1.678021,586.20215
2.8182104,2.4453237,3.4079082,0.37288666,13.231328
0.44451135,0.9038209,1.8352398,0.45930952,103.32908
1.1139072,0.8333349,1.8185759,0.2805723,25.188122
0.9780506,1.0777936,1.9802976,0.09974301,10.198144
9.133884,3.6157603,4.334206,5.518124,60.413776
0.6495046,0.69299626,1.7672621,0.04349166,6.696128
10.317975,9.675838,10.034536,0.6421366,6.2234745
1.3833052,1.4141338,2.2591078,0.030828595,2.2286184
1.3388422,1.1847899,2.2179534,0.15405226,11.506379
0.79876125,1.0600352,2.116751,0.26127398,32.709896
26.817707,17.314959,17.187952,9.5027485,35.434605
0.29937845,1.5807414,2.4369195,1.281363,428.00778
0.15988223,0.41690046,1.4499578,0.2570182,160.7547
0.57692844,0.96361685,2.0803926,0.3866884,67.02537
0.81434196,0.85620284,1.783161,0.04186088,5.1404543
12.938806,8.409685,8.812881,4.5291204,35.00416
0.94070184,0.90460634,1.9020633,0.0360955,3.837082
27.135078,9.890832,10.236017,17.244247,63.549652
1.0993298,0.9901178,1.916775,0.10921204,9.93442
0.57360435,0.75702846,1.8010428,0.18342412,31.97746
0.9839355,1.0853965,2.1537797,0.10146105,10.311758
20.343018,6.301001,6.8301563,14.042017,69.02622
1.0258746,0.94293284,1.9178008,0.08294177,8.084981
14.976068,14.490512,14.555344,0.48555565,3.2422106
0.20163105,1.2756889,2.1392062,1.0740578,532.68475
0.93670696,0.870005,1.7534924,0.06670195,7.120898
12.760704,7.221917,7.7244616,5.538787,43.405025
0.6625587,1.220701,2.08634,0.5581423,84.24043
0.37120357,0.0,0.78597265,0.37120357,100.0
0.7206036,1.1317959,1.9952705,0.4111923,57.062202
0.978069,0.90852153,1.9462256,0.069547474,7.1106915
0.74011195,0.76152134,1.6772034,0.021409392,2.8927236
0.83315206,0.95329607,1.8395586,0.12014401,14.420418
0.4348787,0.4824506,1.5131875,0.047571898,10.939118
0.9936912,1.2939818,2.1464627,0.30029058,30.219707
0.647036,0.6692027,1.7658247,0.02216667,3.4258788
24.8863,5.6392236,6.4495482,19.247076,77.34005
1.1818984,1.4200797,2.262175,0.23818135,20.15244
0.7008118,1.0814219,1.976369,0.38061005,54.30988
0.8383404,0.70095253,1.5951668,0.13738787,16.388077
4.4504905,4.9596224,5.836799,0.5091319,11.439906
20.58877,11.105299,11.722974,9.483471,46.06138
22.502937,29.527233,28.627808,7.024296,31.215017
21.984724,5.899526,6.5006323,16.085197,73.16534
27.577475,5.0490212,5.7379003,22.528454,81.691505
0.3885045,6.465017,7.025758,6.0765123,1564.0778
8.866029,10.984961,11.3075905,2.1189318,23.899446
10.696442,3.6383343,4.3628836,7.0581074,65.985565
0.96845865,1.6589899,2.5672245,0.69053125,71.302086
22.930664,11.679269,12.060186,11.251395,49.067028
3.1900399,2.7555234,3.532072,0.43451643,13.621035
0.91353935,0.8826635,1.761364,0.030875862,3.3798065
1.3687508,2.4356341,3.2170372,1.0668833,77.94577
19.339096,14.193148,14.219473,5.1459484,26.609043
5.0348754,1.456346,2.43099,3.5785294,71.07484
0.5405765,0.7544254,1.6738307,0.21384889,39.559414
19.914762,21.045597,20.675058,1.1308346,5.6783733
0.8108823,0.97305644,1.9732066,0.16217417,19.999718
0.34008896,0.15967318,1.0894132,0.18041578,53.049583
1.0530779,0.7792311,1.7070645,0.27384686,26.004425
0.8488248,1.0059109,1.958883,0.15708607,18.506302
6.7702775,2.53892,3.310091,4.2313576,62.499023
1.0907393,1.0926483,2.053353,0.0019090176,0.17502053
0.5059591,0.60354376,1.6632626,0.097584665,19.287067
4.455441,3.9246435,4.6470757,0.5307975,11.913467
3.545308,2.9033098,3.7975514,0.6419983,18.108393
0.888123,0.99066067,2.0221114,0.10253769,11.545438
0.5879282,0.45605204,1.4225433,0.13187614,22.430656
1.1956254,0.9882014,1.9397868,0.20742404,17.348581
6.0746512,4.979062,5.6103487,1.0955892,18.035425
0.75864226,0.56221557,1.549165,0.19642669,25.891874
0.67050624,1.1996365,2.1510236,0.5291302,78.91503
0.93021595,0.47953779,1.3841269,0.45067817,48.44877
1.1708843,0.875309,1.7558908,0.29557526,25.243765
0.25617793,2.1299913,3.0038323,1.8738134,731.44995
0.64197814,0.49360186,1.4061993,0.14837629,23.112358
0.55804276,1.3213799,2.1709824,0.76333714,136.78828
0.8587811,0.89324105,1.7721183,0.03445995,4.012658
10.0574045,4.9944725,5.6327696,5.062932,50.340343
1.2614615,1.086694,2.1823606,0.1747675,13.854366
1.5107669,1.182348,2.2851796,0.32841885,21.738552
0.14351238,2.1427815,2.9598625,1.9992691,1393.0986
0.6063149,0.54436123,1.444794,0.061953664,10.218067
0.5864356,1.107655,2.2490768,0.52121943,88.87923
1.5055473,1.0887315,2.2087295,0.41681576,27.685331
0.5696711,0.50356627,1.4071178,0.06610483,11.604034
1.4661313,0.88922787,1.9774065,0.57690346,39.34869
19.536558,5.16113,5.805699,14.375428,73.5822
0.95884895,0.9151312,1.8735929,0.043717742,4.559398
2.6903746,2.1672695,3.0416753,0.52310514,19.44358
0.76729965,0.75885415,1.6479547,0.008445501,1.1006783
0.5982054,3.460023,4.1746707,2.8618176,478.4005
7.9533877,8.226759,9.111821,0.27337122,3.437167
19.94001,22.913416,22.69993,2.9734058,14.9117565
0.94604933,1.1010718,2.0473647,0.1550225,16.386303
20.507048,10.647546,10.911939,9.859502,48.0786
1.1877519,2.8740196,3.6216445,1.6862677,141.97137
0.92123175,1.120224,2.0350728,0.19899225,21.600672
14.947952,8.516369,8.930778,6.4315834,43.026516
0.9788579,1.259274,2.14674,0.28041613,28.647278
22.950974,10.938663,11.182006,12.012311,52.339005
0.8002615,0.8866881,1.9561036,0.086426616,10.799797
16.128103,15.450069,15.392979,0.6780338,4.204052
4.868505,2.780304,3.5383537,2.088201,42.892036
1.4832919,0.9853271,1.8690841,0.49796474,33.571594
1.0086534,0.8466852,1.9014904,0.16196823,16.057867
0.78933084,0.7230332,1.7313973,0.06629765,8.399222
4.485341,1.5725126,2.7372859,2.9128284,64.94107
1.687406,1.1169496,2.25898,0.5704564,33.80671
0.43992758,0.41728434,1.3582404,0.022643238,5.1470375
1.4433147,1.1107922,2.2381954,0.3325225,23.038809
7.509227,7.64826,8.432036,0.13903332,1.8514998
3.2556372,1.7772579,2.9314418,1.4783792,45.40983
0.23421173,0.5004544,1.4093695,0.26624268,113.67606
8.208739,5.620095,6.188416,2.5886445,31.535225
0.6601017,1.113255,2.1589491,0.4531533,68.64901
5.6818132,6.247874,6.7909546,0.56606054,9.962674
0.99654794,1.0709186,1.9653709,0.07437062,7.4628243
21.614464,8.084374,8.513923,13.530089,62.597385
0.63000184,0.6754111,1.5670977,0.045409262,7.207798
15.890165,7.476795,7.9906907,8.41337,52.94703
10.1861725,1.5527186,2.721464,8.633453,84.7566
0.24703145,0.36466515,1.2820516,0.1176337,47.61892
0.5411894,0.20281482,1.1730877,0.33837456,62.524242
0.6961223,0.67505884,1.7529955,0.021063447,3.0258257
1.5244471,1.0897567,2.2298648,0.43469036,28.514624
1.4014635,1.0781994,2.1229012,0.32326412,23.066181
0.6824553,0.6185932,1.5259407,0.063862085,9.357695
16.46803,10.861205,11.407375,5.606826,34.046726
0.9544754,1.0307643,1.9583603,0.07628894,7.992761
17.103548,6.659859,7.1630917,10.443689,61.061535
0.38176557,1.5689621,2.401977,1.1871965,310.97525
0.42654234,1.1698704,2.1100404,0.74332803,174.26828
0.5083772,1.0770655,1.9644011,0.5686883,111.86345
0.5163308,0.9867219,1.9333303,0.4703911,91.10266
1.1896378,1.0509853,2.0279274,0.13865244,11.655013
9.447782,10.39651,10.905208,0.94872856,10.041813
0.64769745,1.0662928,1.9770757,0.4185953,64.62822
1.1129863,0.9527271,1.9952455,0.16025925,14.399031
3.2325988,3.6752496,4.38814,0.4426508,13.693341
0.82832223,0.9996265,2.0430396,0.17130429,20.680874
0.9645852,0.5623214,1.462358,0.40226376,41.70329
0.98374486,0.7739376,1.6953356,0.20980728,21.327408
0.79626,0.70597374,1.7390989,0.090286255,11.338791
0.70849615,0.48613116,1.3891228,0.22236499,31.38549
9.989695,12.821982,13.25012,2.8322878,28.352097
0.5204856,0.0,0.69501936,0.5204856,100.0
15.440037,5.8158636,6.3686876,9.624173,62.332577
1.2767782,1.5404637,2.3866239,0.26368546,20.652409
0.6025865,0.15789907,1.0872772,0.44468743,73.79645
5.5992136,3.2930713,4.3579273,2.3061423,41.186897
1.3222822,1.2779412,2.376735,0.044340968,3.3533666
0.20739609,1.9796901,2.7867184,1.772294,854.54553
0.3205494,1.1037478,1.9775468,0.7831985,244.33003
1.3843223,1.4268937,2.2685785,0.042571425,3.075254
0.4412506,1.3685203,2.4240496,0.9272697,210.14581
10.766131,5.2381577,5.837468,5.5279737,51.345963
17.278868,3.9369678,4.641282,13.3419,77.215126
1.0492153,0.82827246,1.835031,0.22094285,21.057915
5.1828146,5.693915,6.2695804,0.5111003,9.8614435
1.0084888,1.0721543,1.9422464,0.06366551,6.3129616
0.68176776,0.97482467,1.8947971,0.2930569,42.98486
0.81730986,0.20312415,1.1271129,0.6141857,75.147224
0.16955768,1.611628,2.4734185,1.4420704,850.48956
24.926374,9.521698,9.8703985,15.404676,61.80071
0.618103,0.4177642,1.3401655,0.20033884,32.411884
0.77723694,0.5598916,1.5035487,0.21734536,27.963848
0.21974479,0.14112827,1.0739734,0.078616515,35.776283
1.144463,1.6933241,2.8173912,0.54886115,47.957966
0.3225221,1.1716814,2.0674024,0.8491593,263.28717
10.669126,13.050285,13.169868,2.3811598,22.318228
17.587421,8.720327,9.091812,8.867094,50.417248
0.22984792,0.5962367,1.6817017,0.3663888,159.40486
0.52348715,1.1688588,2.084476,0.6453716,123.28319
0.7029951,0.51195586,1.4143736,0.19103926,27.175047
10.391102,1.1873012,2.1168513,9.2038,88.57386
0.8495558,0.7959728,1.8497763,0.053582966,6.307174
0.827224,0.6976681,1.6101263,0.12955594,15.6615305
15.532716,7.238905,7.7163925,8.293811,53.395756
4.257773,5.047751,5.938954,0.789978,18.553785
2.1439617,1.714468,2.6618953,0.42949367,20.032713
0.32905322,5.7616377,6.377185,5.4325843,1650.9744
0.7254828,0.7882422,1.897647,0.0627594,8.650708
0.54849637,4.015983,4.6935377,3.4674869,632.1805
16.103716,14.597756,14.605151,1.5059595,9.351627
1.3207802,1.0955281,1.9628932,0.22525203,17.054468
0.40937495,8.653222,9.055502,8.243847,2013.7644
1.3323964,1.2062483,2.0701725,0.1261481,9.467761
23.150652,13.557278,13.627466,9.593374,41.438892
6.453711,2.9366565,3.7069747,3.5170546,54.49662
0.97909445,1.0119011,1.8880908,0.032806695,3.350718
8.051875,4.4445696,5.096818,3.6073055,44.800816
0.93616575,1.0755873,2.0613067,0.13942152,14.892824
3.0454786,2.639402,3.4047964,0.40607667,13.3337555
5.949453,4.8962393,5.6387587,1.0532136,17.702696
0.56119776,0.6640017,1.7468486,0.102803946,18.318666
0.9756829,0.9549687,2.0110896,0.020714223,2.1230488
11.51915,5.185085,5.8344536,6.334065,54.987263
2.022113,1.8896403,2.7063642,0.13247275,6.551204
0.84184766,0.7211634,1.6124489,0.120684266,14.335642
0.8115779,1.2977576,2.1502962,0.4861797,59.905487
0.9606544,1.0127985,2.0079322,0.05214417,5.427984
13.319621,7.943206,8.374701,5.3764153,40.364628
0.36348042,0.048240762,1.0142033,0.31523967,86.7281
6.6184435,1.56514,2.5035465,5.0533037,76.351845
1.3077841,1.0640037,1.9331504,0.24378037,18.64072
0.91681033,0.9933698,2.057845,0.076559484,8.350636
1.986562,1.4914241,2.4881055,0.49513793,24.924364
0.7628112,0.9907954,1.8771912,0.22798419,29.88737
0.89431244,0.58910644,1.5567269,0.305206,34.127445
1.1393965,1.1720498,2.084142,0.032653213,2.865834
24.586988,13.498277,13.621835,11.088712,45.09992
2.9822497,2.3229022,3.109831,0.65934753,22.109064
1.9069787,1.3564646,2.302992,0.5505141,28.868393
21.043943,5.840501,6.4046364,15.203443,72.24617
12.436751,5.2637205,5.863949,7.173031,57.676083
1.6876765,1.2362075,2.196603,0.45146906,26.750925
0.8985559,0.679795,1.5714946,0.21876085,24.345827
3.2488,3.2559881,3.9880908,0.0071880817,0.22125344
0.65828335,0.36973548,1.4014492,0.28854787,43.833385
1.1145368,1.1400664,2.1214128,0.025529623,2.2906039
17.436073,9.819064,10.125288,7.617009,43.68535
1.6980157,1.3945112,2.4557934,0.30350447,17.874067
0.17018738,2.6036737,3.388321,2.4334862,1429.8864
0.71959597,0.95042634,2.011756,0.23083037,32.077774
15.570081,10.610248,11.19301,4.959833,31.854897
1.341337,1.0919545,2.232236,0.2493825,18.592085
0.28780693,0.33047584,1.3083602,0.04266891,14.825533
0.8385536,0.544173,1.4432482,0.2943806,35.10576
0.84859025,0.8097141,1.6951604,0.038876176,4.581266
0.6459246,0.5578481,1.5419618,0.08807653,13.63573
0.73947585,1.214674,2.2665172,0.47519815,64.26148
1.4748931,1.4008751,2.2688117,0.074018,5.018533
0.7467852,0.62520003,1.5243274,0.12158519,16.281145
1.2831384,1.1035378,2.240763,0.1796006,13.996978
21.064125,10.696881,11.267348,10.367244,49.217537
4.92668,2.3928735,3.1839333,2.5338066,51.430305
16.99039,17.347227,17.610191,0.35683632,2.1002243
9.90509,14.893601,15.223151,4.988511,50.363106
0.5977707,0.9093951,1.9651992,0.3116244,52.131096
2.1510775,1.8617892,2.7812383,0.28928828,13.448529
15.555099,6.774632,7.2915497,8.780466,56.447514
0.6609234,0.86191547,1.9092,0.20099205,30.410793
1.1158334,0.9322709,1.8095452,0.18356252,16.450708
25.80198,22.434435,21.95488,3.3675442,13.051496
0.46305332,1.6894271,2.5376892,1.2263738,264.84506
18.559862,21.992056,21.517632,3.4321938,18.49256
1.1563371,1.1141827,2.175462,0.04215443,3.645514
0.7475458,1.025563,2.0966527,0.27801722,37.190662
8.065444,2.823872,3.5851846,5.241572,64.988014
0.32655984,1.7233534,2.7515707,1.3967936,427.72977
0.51651,2.521228,3.2993605,2.004718,388.12762
1.3548145,1.0503678,1.918143,0.3044467,22.471466
0.55642,1.1532605,2.2166402,0.59684044,107.26437
14.256546,17.957153,18.049364,3.7006073,25.95725
1.56593,1.0899489,2.155792,0.47598112,30.396065
0.8658234,0.87241304,1.7876425,0.006589651,0.7610849
0.39188302,0.0,0.90157646,0.39188302,100.0
0.54996926,1.7584233,2.914726,1.2084541,219.73122
0.5139818,0.61703897,1.6073709,0.103057146,20.050737
9.057242,4.106009,5.320309,4.9512334,54.666016
0.059046112,5.427648,6.026345,5.368602,9092.219
0.5344341,0.47430786,1.53465,0.060126215,11.250445
0.4276438,1.2177751,2.1722295,0.79013133,184.76389
0.90801513,0.94009113,1.9045128,0.032076,3.5325403
2.1623676,2.3126712,3.1146293,0.1503036,6.950881
22.080887,7.170635,7.7651215,14.910252,67.525604
13.523068,12.833766,13.407326,0.68930244,5.0972342
0.52663445,0.5746223,1.5828456,0.04798782,9.112168
0.8238543,1.3079188,2.3034427,0.48406446,58.756073
0.96579653,1.4404261,2.4935734,0.47462958,49.14385
0.7719488,0.8900672,1.7789805,0.118118405,15.301326
2.0391135,1.9625769,2.7796183,0.076536655,3.753428
7.3087163,3.0788822,3.8720336,4.229834,57.87383
0.41786066,0.0077326903,0.9572432,0.41012797,98.14946
0.5272839,0.4848958,1.4182137,0.04238811,8.038954
1.8697003,1.9578345,2.8092015,0.08813417,4.713813
25.89332,2.891756,3.669207,23.001564,88.83204
1.348638,1.2190034,2.1704807,0.12963462,9.612262
0.6071869,0.7585765,1.6644653,0.1513896,24.93295
15.030095,8.009881,8.439182,7.020214,46.707718
0.66466415,1.6925483,2.5602467,1.0278841,154.64714
10.449055,5.53888,6.606742,4.910175,46.99157
0.9018003,0.7179843,1.6840584,0.18381596,20.383223
0.49671653,0.27982324,1.2342203,0.21689329,43.665405
5.222666,5.2636776,5.9010553,0.04101181,0.78526586
14.671165,6.1205463,6.666708,8.550619,58.281796
1.4622838,1.1563687,2.2267458,0.30591512,20.920364
1.6412067,1.448,2.3083243,0.19320679,11.77224
0.67179483,0.74445367,1.6311865,0.07265884,10.815629
0.42073828,0.15239196,1.0865657,0.2683463,63.779865
0.74555504,1.7742991,2.6122918,1.0287441,137.98366
0.44871363,0.32724994,1.2433152,0.121463686,27.069311
7.111137,3.454235,4.1846237,3.6569018,51.424995
21.658161,6.154378,6.751198,15.503783,71.58402
0.95636815,0.70061505,1.6711483,0.2557531,26.742117
20.419086,3.0610385,3.8072805,17.358047,85.00893
0.49072093,0.08445411,1.0161785,0.4062668,82.78979
0.58871615,0.6540793,1.7285343,0.06536317,11.102663
1.4725147,1.0987496,2.2395363,0.3737651,25.382774
0.80176806,1.2193463,2.1791613,0.41757822,52.08217
0.8855182,1.331958,2.3236065,0.44643986,50.41566
0.9262339,1.1506855,2.0124915,0.22445166,24.23272
0.25967357,0.40315014,1.3154193,0.14347658,55.252666
0.40835503,0.8642316,1.9062972,0.45587656,111.63731
19.307587,6.407409,7.032572,12.900177,66.81403
1.2702571,1.0597298,1.927607,0.2105273,16.573597
0.6027219,0.7169279,1.6350441,0.11420596,18.948364
3.6189098,4.2727866,4.9600983,0.6538768,18.068336
0.77099144,0.84110284,1.7597994,0.070111394,9.093667
0.6301943,1.9045105,2.7518785,1.2743162,202.21004
3.0696878,2.4727795,3.533167,0.59690833,19.445246
0.87973666,0.97579765,1.8813148,0.09606099,10.91929
1.1648237,1.0148952,1.9848647,0.14992845,12.871344
8.630034,3.1414323,3.8705652,5.488602,63.598846
1.0052387,1.1063318,1.9897856,0.10109317,10.056635
1.4334352,1.1146622,2.2565546,0.31877303,22.2384
0.09618593,0.72037864,1.8146036,0.6241927,648.9439
0.24718077,3.719913,4.4244423,3.4727323,1404.9363
17.518682,5.8986,6.449737,11.620083,66.329666
0.48071554,0.3648589,1.2900234,0.11585665,24.100874
0.63760513,1.2247417,2.0819585,0.58713657,92.08467
1.9300998,1.1366258,2.2763166,0.7934741,41.11052
0.6509426,0.6265317,1.5608668,0.024410903,3.7500854
10.814972,4.1753407,4.871294,6.6396313,61.39296
0.31301567,0.13271135,1.070506,0.18030432,57.60233
1.0995951,0.59407604,1.5368465,0.50551903,45.973198
0.7582032,0.47819006,1.4484633,0.28001314,36.93115
1.4469523,1.8894055,2.706888,0.44245315,30.578281
0.80596083,0.29684624,1.2558595,0.5091146,63.168655
0.9536698,0.44534516,1.3580903,0.5083246,53.301952
1.5341691,0.9690156,1.9435298,0.5651535,36.837757
1.0608392,0.78607047,1.6747695,0.2747687,25.901072
1.491426,1.3116531,2.2589924,0.17977285,12.053757
0.8384229,0.55429673,1.5291662,0.28412616,33.88817
16.62978,8.6332035,9.011739,7.9965763,48.085884
0.89860386,0.96674466,1.9091613,0.068140805,7.5829635
1.1713436,1.5131941,2.3581681,0.34185052,29.184479
0.7108066,1.0067811,1.9909368,0.2959745,41.639244
8.953368,2.4233277,3.204873,6.5300407,72.93391
1.6543171,1.0717001,2.0643117,0.58261704,35.217976
0.5054306,0.85529256,1.7915676,0.34986198,69.22058
11.86276,9.93983,11.126444,1.9229298,16.2098
1.8731314,2.1804562,3.0798297,0.30732477,16.407005
8.861051,9.764612,10.465,0.9035616,10.197002
1.5420209,1.4139428,2.284202,0.1280781,8.30586
1.6084335,1.3151948,2.3721917,0.29323864,18.23132
14.70658,3.522427,4.235377,11.184153,76.04863
1.1920927,0.97054195,1.9803877,0.2215507,18.585024
3.8835485,1.5374756,2.4437568,2.346073,60.410545
0.47304228,1.395006,2.465122,0.9219637,194.9009
15.658337,14.968922,15.051239,0.689415,4.402862
0.6560964,0.5490457,1.4507072,0.10705072,16.316309
0.2184121,1.3524461,2.1992092,1.1340339,519.2175
15.968211,17.74005,17.716228,1.7718382,11.096035
0.5578069,2.1539898,3.1518288,1.5961828,286.1533
0.23082083,0.9269042,1.8152,0.69608337,301.5687
0.998404,0.81774855,1.7063386,0.18065548,18.094427
0.17702828,0.235365,1.1866446,0.05833672,32.953335
0.09304056,0.48838928,1.3983742,0.39534873,424.92084
0.98586464,1.1149523,2.2112603,0.12908769,13.093855
25.265041,6.8223825,7.347995,18.44266,72.99675
0.8305164,0.9467149,2.022241,0.11619848,13.991113
0.9101555,0.75566494,1.6458881,0.15449053,16.974081
21.773062,36.401295,35.085938,14.628233,67.185005
1.5190651,1.1353679,2.0060365,0.38369727,25.258778
11.904907,12.115873,12.267187,0.21096611,1.7720937
0.7058865,1.0281539,1.9142298,0.3222674,45.654285
0.8511793,0.82162035,1.7760743,0.029558957,3.4727063
0.97827446,0.8868699,1.7654649,0.09140456,9.343447
0.68898606,0.95451987,2.0816462,0.2655338,38.539795
0.16376014,0.37820458,1.2964,0.21444444,130.95033
11.062269,3.4767423,4.208977,7.585527,68.57117
0.65850323,0.29684687,1.2546983,0.36165637,54.92097
11.345095,11.346877,11.667623,0.0017824173,0.015710907
22.628092,2.2026768,3.0044885,20.425415,90.26574
0.9656127,1.064003,2.1835806,0.09839028,10.189415
9.744948,5.9560666,6.538319,3.7888818,38.88047
6.106186,3.438672,4.1756663,2.6675138,43.685432
1.2679882,0.97366834,1.9592364,0.29431987,23.211563
11.10181,10.65908,11.696051,0.4427309,3.9879162
3.5974123,2.6823494,3.4467082,0.9150629,25.436697
0.78833157,0.57058024,1.4706192,0.21775132,27.621796
1.7660685,1.418397,2.4931078,0.3476715,19.686186
0.6035157,1.0981929,2.0088453,0.49467725,81.96593
1.3962601,1.1406655,2.2806125,0.2555946,18.305658
1.0855904,1.1284416,2.174631,0.04285121,3.9472725
1.1890149,0.90792346,1.9679227,0.28109145,23.640701
16.76444,8.896187,9.2616625,7.8682537,46.934185
0.9069103,0.71494687,1.6092676,0.19196343,21.166748
1.1533691,1.0880272,2.1839576,0.06534183,5.665301
0.35956323,0.89460087,1.8379642,0.53503764,148.80211
6.104766,6.640006,7.215519,0.5352402,8.767579
10.008192,1.3033917,2.3924491,8.704801,86.97675
1.3818378,1.2422509,2.1076314,0.13958693,10.1015415
0.60552186,4.425941,5.159578,3.820419,630.93
8.788031,5.910352,6.4749517,2.8776784,32.74543
0.8385873,0.53592,1.4758573,0.30266726,36.092518
6.7049356,5.1637244,5.882882,1.5412111,22.986217
22.092455,6.1660376,6.7031755,15.926417,72.08985
0.88059735,0.92878175,1.993668,0.048184395,5.471785
0.86532027,0.9043026,1.7833333,0.03898233,4.50496
1.8925763,1.2842283,2.215987,0.608348,32.14391
0.5928225,0.9186876,2.0258448,0.3258651,54.96841
1.1920019,1.7090893,2.583375,0.51708734,43.379738
1.2637225,1.1199455,1.9869224,0.14377701,11.377261
0.44232988,0.6569228,1.6544743,0.21459293,48.51423
6.1757016,7.779398,8.379286,1.6036963,25.96784
0.67305183,1.3058078,2.32944,0.632756,94.01297
1.1256555,1.5660884,2.4442542,0.4404329,39.126793
1.7812864,1.3596904,2.4362884,0.42159593,23.66806
1.1074746,2.030774,3.0593219,0.92329955,83.36982
1.4634892,1.5690365,2.4225736,0.10554731,7.2120323
0.21768327,0.8382188,1.7319512,0.62053555,285.0635
0.57548606,0.82790995,1.8716714,0.25242388,43.86273
14.158137,12.428633,12.565089,1.7295046,12.215622
13.389236,3.9104033,4.5913553,9.478833,70.794426
0.7424121,0.458079,1.3637817,0.28433308,38.29855
1.8036904,1.7380867,2.6181664,0.06560373,3.6371946
26.63558,9.414457,9.811567,17.221123,64.65458
0.83667123,0.8669753,1.7503802,0.030304074,3.6219811
22.413614,5.8992715,6.5249977,16.514343,73.67996
4.911456,1.6698554,2.6082177,3.2416008,66.00081
0.98082894,1.4474719,2.289943,0.46664292,47.57638
23.22405,4.9076505,5.5323844,18.3164,78.86824
0.558213,0.5423447,1.6072522,0.015868306,2.8426974
0.23270224,0.48307222,1.4444736,0.25036997,107.592415
16.756886,4.081298,4.7548122,12.675588,75.64405
0.3525769,2.5220795,3.3049862,2.1695025,615.32745
1.1616406,0.941396,1.8243144,0.22024465,18.959791
1.492991,1.0089195,1.8820497,0.4840715,32.422935
0.8355128,1.7805183,2.7723157,0.9450055,113.10485
0.3521432,0.7923845,1.6811304,0.4402413,125.0177
0.71187854,0.80393183,1.6880729,0.092053294,12.93104
1.4178734,1.2422614,2.1072977,0.17561197,12.38559
0.24436887,5.9989676,6.6623263,5.7545986,2354.882
0.40141293,0.2655639,1.2412101,0.13584903,33.842712
0.72381014,0.95474637,1.9682369,0.23093623,31.905636
0.91172045,1.0612357,2.0744011,0.14951521,16.399239
0.7218293,0.51950717,1.4652948,0.20232213,28.029081
0.850546,0.6524615,1.584357,0.19808447,23.289095
0.3027426,1.0909603,2.2310035,0.78821766,260.35904
0.42990088,2.1212738,2.9572752,1.6913729,393.4332
0.19934508,0.5450716,1.6177757,0.34572652,173.43117
30.660435,1.4816747,2.5292654,29.17876,95.16747
0.57185113,0.53152335,1.4352399,0.040327787,7.052148
4.3310194,3.4303203,4.145175,0.90069914,20.79647
0.96644235,0.65060186,1.544441,0.31584048,32.680737
0.41505638,0.58695734,1.4869009,0.17190096,41.41629
1.3699745,1.113831,2.2556744,0.25614345,18.69695
0.2649817,0.6134615,1.674498,0.3484798,131.5109
4.5564885,5.2398224,6.189883,0.6833339,14.996941
25.194546,14.64327,14.638552,10.551276,41.879204
0.7584056,0.7234205,1.6163263,0.034985125,4.612983
1.8670884,1.5167334,2.5112903,0.35035503,18.76478
0.3274939,0.5260687,1.4361879,0.19857478,60.63465
1.4386939,1.0852413,1.9892294,0.35345256,24.5676
1.3316004,1.4210856,2.3170176,0.08948517,6.720122
0.8610087,0.62282884,1.5175928,0.23817986,27.662886
23.391462,9.043025,9.451162,14.348437,61.34049
14.039077,7.5636625,8.036859,6.4754143,46.124218
0.37343895,0.7925422,1.7024465,0.41910326,112.22806
1.1811728,1.0492654,1.9204978,0.13190746,11.167499
0.2563943,0.5715041,1.5039452,0.31510982,122.90048
0.90240973,1.6369314,2.4700863,0.7345217,81.39559
0.35093093,2.6058035,3.3941574,2.2548726,642.5403
24.667648,9.608339,9.998138,15.059309,61.048824
4.1626,3.478498,4.400387,0.68410206,16.434488
15.260949,7.861085,8.318376,7.399864,48.488888
1.3131175,1.1574817,2.0656314,0.15563583,11.852392
0.4301255,0.0,0.76197946,0.4301255,100.0
0.08258167,2.1914644,2.9987574,2.1088827,2553.6934
23.647577,18.68962,18.549154,4.957958,20.96603
3.5152617,2.670223,3.491022,0.84503865,24.03914
1.2854636,1.1903718,2.149545,0.09509182,7.397473
0.36879236,3.661003,4.7251515,3.2922108,892.7004
0.51096445,1.0749438,1.9983629,0.5639793,110.37546
0.33932078,0.90256894,1.7809256,0.56324816,165.99283
0.9822296,0.866173,1.9230052,0.11605656,11.815624
16.275255,0.9604331,2.0447314,15.314822,94.09881
2.978189,2.1925333,2.9907982,0.78565574,26.38032
1.2211764,1.1256039,1.99412,0.09557247,7.8262625
0.8303347,0.45725268,1.3633821,0.37308204,44.931522
0.91443366,0.6510377,1.5872693,0.26339597,28.804272
0.97297055,0.84443843,1.7336209,0.12853211,13.210278
0.6741166,0.5054084,1.4171798,0.1687082,25.026562
1.0266056,0.8665116,1.809227,0.16009402,15.594502
0.621728,0.7443147,1.8417326,0.12258667,19.71709
0.36834845,0.38457537,1.3274887,0.016226918,4.4053173
0.5061035,0.83110225,1.7961944,0.32499874,64.215866
1.5576553,0.9952085,2.0528743,0.56244683,36.108555
0.9905786,0.68713665,1.6422563,0.30344194,30.6328
1.062807,1.0089543,1.8881003,0.053852677,5.0670233
8.150475,1.7108929,2.887585,6.439582,79.008675
0.8172693,0.5220777,1.4300264,0.29519165,36.119263
24.957232,31.405323,30.416237,6.4480915,25.836565
0.88401353,1.058455,1.9649647,0.17444146,19.732893
16.919157,3.8810673,4.5759907,13.03809,77.061104
22.66289,11.7494955,11.997961,10.913394,48.15535
0.7510085,2.2511847,3.0526705,1.5001762,199.7549
0.829895,0.9186574,1.9748648,0.0887624,10.695618
9.857695,7.896755,8.868093,1.9609394,19.892473
1.5639738,1.2711611,2.1841276,0.2928127,18.722355
0.4565187,4.7101455,5.389583,4.253627,931.753
0.5208017,0.2686941,1.1887695,0.25210762,48.4076
11.742382,1.7637243,2.5875516,9.978658,84.97984
1.2133188,1.8187451,2.6403892,0.6054263,49.898373
20.575502,30.609753,29.71864,10.03425,48.76795
0.48666692,0.20474741,1.1363425,0.2819195,57.92864
9.664946,8.732785,9.266535,0.9321604,9.644755
1.6033666,1.2056623,2.2848954,0.39770436,24.80433
8.0370035,4.0243673,4.7053432,4.012636,49.927017
22.116613,5.2768264,5.8962655,16.839787,76.14089
0.94290125,0.6023011,1.5083773,0.34060013,36.122566
1.1319374,1.2057908,2.0787888,0.07385337,6.5245104
0.7203516,2.3878791,3.1748023,1.6675276,231.48802
7.71091,10.818392,11.088005,3.107482,40.29981
1.3085033,1.1515951,2.2957408,0.15690815,11.991422
0.19978014,0.0,0.8466217,0.19978014,100.0
2.4024203,1.8623798,2.678297,0.5400405,22.47902
0.88570523,0.57262254,1.476856,0.3130827,35.348408
0.22619447,0.7711015,1.6670392,0.544907,240.90198
0.53739053,0.60305464,1.6059469,0.06566411,12.219068
4.172954,3.5246243,4.480378,0.64832973,15.53647
22.741537,29.518843,28.681644,6.7773056,29.801441
20.552547,13.95669,14.007045,6.5958576,32.09265
0.94254315,0.8289648,1.7636888,0.11357832,12.050199
0.3475869,0.8327912,1.7161084,0.4852043,139.59224
0.3767963,1.4381051,2.5530007,1.0613089,281.66647
0.70773983,0.87417746,1.78862,0.16643763,23.51678
0.62355924,1.0159876,1.8848652,0.3924284,62.93362
0.93337107,0.87053704,1.9705462,0.062834024,6.7319446
0.7468349,2.9434552,3.7065127,2.1966205,294.124
0.6233037,3.1529508,3.8880057,2.529647,405.84503
1.2545843,1.1013188,1.9737664,0.15326548,12.2164345
0.50371,0.43182984,1.3807237,0.07188013,14.270143
1.5279096,1.1882389,2.0479503,0.33967078,22.23108
0.49128944,0.39203036,1.3972435,0.09925908,20.203789
0.2812067,8.046917,8.495229,7.7657104,2761.5667
1.5867171,1.4052174,2.2548606,0.18149972,11.438694
0.48118484,0.90742373,1.7866178,0.4262389,88.581116
0.32693744,0.8341141,1.736774,0.50717664,155.12956
17.1488,6.745394,7.280733,10.403406,60.665504
0.23086464,1.815336,2.6600661,1.5844713,686.32043
16.415207,4.519992,5.4518023,11.895215,72.46461
1.3163098,1.7991138,2.6176727,0.48280394,36.678596
6.797754,3.6884866,4.391183,3.1092672,45.739628
0.5521154,1.3912508,2.497212,0.83913547,151.98552
0.44183573,1.3051684,2.160176,0.8633326,195.39673
8.395631,6.703374,7.776663,1.6922569,20.1564
0.22439216,0.9959419,1.8674896,0.7715497,343.83984
16.928936,5.5141263,6.0869884,11.41481,67.4278
0.5999833,0.41012698,1.3403955,0.18985629,31.643599
1.0120467,1.0187805,1.9489961,0.006733775,0.6653621
0.31674203,0.26891416,1.1946559,0.04782787,15.099944
0.9442054,1.1180687,2.1536374,0.17386329,18.413715
0.4679792,1.8586235,2.6840162,1.3906443,297.15945
0.8462008,1.520705,2.363633,0.67450416,79.7097
6.1539664,6.5643764,7.4433126,0.41040993,6.669031
0.45504007,0.54557157,1.4521053,0.0905315,19.89528
0.86883533,0.85653305,1.7559528,0.0123022795,1.4159507
1.1077344,0.93021286,1.8064862,0.17752159,16.025644
0.39504758,0.4909351,1.4002306,0.09588751,24.272394
0.513029,0.69012916,1.7485539,0.17710018,34.520504
0.53284544,0.40886357,1.3351912,0.12398186,23.267885
5.481979,5.2569914,5.9010777,0.2249875,4.1041293
0.37320456,0.584604,1.5518618,0.21139947,56.644394
0.8315127,0.96834445,1.8991166,0.13683176,16.455763
17.260933,2.8375068,3.6227894,14.423426,83.5611
1.523984,1.0808947,2.2064652,0.44308925,29.074404
1.2232367,1.5428379,2.535291,0.31960118,26.1275
7.8427253,3.84087,4.55375,4.0018554,51.026337
0.575634,1.1136932,2.2555273,0.53805923,93.47246
28.75217,28.106247,27.306244,0.6459236,2.2465212
1.4892436,1.1386716,2.161812,0.350572,23.54027
0.7259971,0.89051676,1.7743298,0.16451967,22.661203
0.6677355,0.7144214,1.7477537,0.046685874,6.991672
1.3773345,1.1691709,2.2985232,0.20816362,15.113513
24.795214,13.23027,13.371672,11.564943,46.641838
10.799631,16.223293,16.169628,5.423662,50.22081
0.1632023,2.8643851,3.635834,2.7011828,1655.1133
1.2923379,0.92363846,1.9787064,0.36869943,28.529646
1.1599644,1.4783828,2.3202355,0.31841838,27.450703
0.4814147,0.21494332,1.1422496,0.2664714,55.351734
0.93628734,0.9171486,1.8064158,0.019138753,2.044111
2.5192194,2.4405985,3.2255454,0.07862091,3.1208441
0.3545041,0.46882725,1.3825547,0.11432314,32.24875
1.8355472,1.7011397,2.5479329,0.13440752,7.322477
19.336603,4.52892,5.285629,14.807683,76.578514
0.9052679,0.65911865,1.5560143,0.24614924,27.190762
1.056862,1.1045866,2.036874,0.047724605,4.5156894
0.36260217,0.34692675,1.2637483,0.015675426,4.3230367
0.7943068,1.0580425,1.925578,0.2637357,33.203255
1.4388143,1.2973838,2.352582,0.1414305,9.829656
10.119121,7.1342974,8.334997,2.9848232,29.496864
12.469062,5.690326,6.3099766,6.7787356,54.364437
8.305787,8.61404,9.078024,0.3082533,3.7113073
0.684648,1.0083666,2.1000335,0.3237186,47.28249
0.76990044,0.9271729,2.002091,0.15727246,20.427635
1.6467164,1.306092,2.1590526,0.34062433,20.685062
9.45557,2.9609613,3.7079322,6.494609,68.68553
1.3980653,1.037472,2.014621,0.36059332,25.792309
15.752292,4.4463925,5.0968313,11.305899,71.77304
0.7447715,0.5512998,1.4565289,0.19347167,25.977322
21.13238,8.976905,9.337214,12.155475,57.520615
0.6410342,1.1258528,1.9873935,0.48481864,75.6307
1.2274802,1.2309694,2.1840599,0.003489256,0.2842617
1.0118217,0.7528534,1.6494681,0.25896835,25.594267
1.2039902,1.216619,2.2117832,0.012628794,1.0489117
19.126848,4.2320404,4.895764,14.894808,77.873825
5.3691316,3.9285135,5.054556,1.440618,26.83149
0.759219,0.9943471,2.0386531,0.2351281,30.969734
1.1415052,1.1195123,2.007941,0.021992922,1.9266597
0.94618046,1.500844,2.408524,0.55466354,58.621326
0.9287469,1.4371033,2.323748,0.5083564,54.735733
1.243688,1.1199961,2.171326,0.12369192,9.945575
0.60216236,0.8458512,1.9590595,0.24368882,40.468956
9.227242,6.25294,6.798341,2.9743023,32.233925
0.28332618,0.32755008,1.2887336,0.044223905,15.608831
0.6785286,0.8318012,1.8002375,0.15327257,22.588963
1.0419621,0.9977474,1.947592,0.044214725,4.24341
0.39199606,0.1671174,1.1019702,0.22487865,57.36758
1.6756669,1.5683279,2.4092557,0.107339025,6.4057493
0.8802446,1.2905123,2.4287581,0.4102677,46.608376
0.17058365,0.75523067,1.8602033,0.584647,342.7333
0.19048074,0.21392001,1.1392924,0.023439273,12.305325
8.964829,1.5982151,2.5452676,7.3666143,82.172386
0.44213542,0.9346583,2.057258,0.49252287,111.39638
1.5072927,1.1808939,2.19778,0.32639885,21.654642
0.48594657,0.46339488,1.512023,0.022551686,4.6407747
1.1344907,1.1859119,2.2108767,0.051421165,4.5325327
0.5675099,0.54293036,1.453441,0.024579525,4.3311186
6.8414006,3.0580978,3.8516028,3.7833028,55.30012
0.4792883,2.0023043,3.1769643,1.523016,317.76614
1.051937,1.6456294,2.5407102,0.5936924,56.438023
1.1992356,0.9496418,1.8666002,0.24959373,20.812737
0.04691532,1.3318393,2.1951783,1.284924,2738.8154
0.8144276,0.7715647,1.6761574,0.042862892,5.2629466
0.52519786,0.6318915,1.6887286,0.106693625,20.31494
0.07831783,2.1582942,2.9701233,2.0799763,2655.8147
3.7036831,1.5262566,2.414287,2.1774266,58.790844
2.839572,2.9121706,3.6779904,0.072598696,2.5566773
0.73837763,0.69182885,1.6448307,0.046548784,6.304198
0.41015345,0.0,0.7246077,0.41015345,100.00001
0.65897346,1.2433598,2.3645604,0.58438635,88.68132
23.14549,3.9347315,4.744456,19.210758,83.0
13.352033,12.980171,13.372584,0.37186146,2.785055
0.8936182,0.6883229,1.582004,0.20529532,22.973494
0.8081255,1.1548607,2.0157218,0.34673524,42.906113
6.0635285,5.6266994,6.3381767,0.4368291,7.2042055
20.310308,25.383831,24.869648,5.0735226,24.980038
0.4571597,0.8381411,1.720273,0.3809814,83.3366
0.52834255,0.64457,1.5852785,0.11622745,21.998503
1.0435605,0.9071157,1.8585938,0.1364448,13.07493
2.7609088,2.802871,3.8389606,0.041962147,1.5198672
0.26324245,4.684467,5.35779,4.4212246,1679.5258
8.088499,12.017374,12.336121,3.928875,48.5736
0.8823534,1.4181299,2.264071,0.5357765,60.721302
0.87576056,0.7817701,1.8700066,0.093990445,10.732436
2.1008852,2.2398946,3.1065958,0.13900948,6.6167097
1.8440498,1.5028622,2.3722136,0.3411876,18.50208
1.393162,1.0601864,2.072356,0.33297563,23.900711
19.566895,3.8631806,4.5679846,15.703714,80.25655
28.6293,15.399591,15.3961525,13.229708,46.21038
3.1711123,2.203659,2.9959543,0.96745324,30.508324
1.4525224,0.9719902,2.0370848,0.48053217,33.0826
1.8183905,1.1425312,2.265768,0.67585933,37.167995
1.3359456,1.2335699,2.1035628,0.102375746,7.663167
0.962869,0.89493334,2.0088642,0.067935646,7.0555444
0.59202236,0.8147048,1.8521305,0.22268242,37.613853
1.075339,1.1306295,2.2277439,0.05529058,5.1416883
0.45792833,0.935977,1.810055,0.47804865,104.393776
0.8835011,0.8465507,1.7495147,0.03695041,4.182271
27.359539,40.42422,38.80323,13.064682,47.75184
0.91362804,0.90998256,1.7908547,0.0036454797,0.39901137
10.252763,3.2933078,4.034808,6.959455,67.87882
5.361605,4.967554,5.612617,0.39405107,7.349498
0.18705377,2.46915,3.3063197,2.2820964,1220.0216
1.4258965,1.4533141,2.3023295,0.02741754,1.9228282
25.2528,9.347283,9.695299,15.905517,62.98516
14.677029,7.2063894,7.696332,7.470639,50.900215
1.0733056,1.3415627,2.255444,0.26825714,24.993547
0.49675232,0.066244416,1.0006187,0.4305079,86.6645
0.94270164,0.6741923,1.5682672,0.26850933,28.48296
1.2856948,1.3866904,2.2424767,0.10099554,7.8553276
0.9203044,0.65900826,1.5559782,0.26129615,28.39236
0.349085,2.4658704,3.6288207,2.1167853,606.38104
0.70815194,1.1121488,2.2538786,0.40399683,57.049454
9.356928,8.6262455,9.36045,0.7306824,7.8089986
3.4197433,3.7949371,4.5051546,0.37519383,10.971403
0.87198246,0.9709445,2.0469015,0.09896207,11.34909
21.792578,19.793987,19.5666,1.9985905,9.170968
17.353043,9.382575,9.726711,7.9704676,45.93124
3.9258752,3.0746999,3.9582,0.8511753,21.68116
7.563852,1.128236,2.0723236,6.4356155,85.08383
0.8352937,0.40871766,1.32156,0.42657605,51.06899
9.566816,9.326976,9.662102,0.23984051,2.5070045
1.358784,0.8834585,1.98266,0.47532547,34.98168
0.41467163,0.84599686,1.7266121,0.43132523,104.01609
0.54001796,0.9936919,1.8679928,0.45367396,84.0109
0.8448975,1.1320009,2.274984,0.2871034,33.980858
0.5099458,0.30182558,1.2923253,0.20812023,40.812225
0.49613097,0.67126334,1.5699394,0.17513236,35.299625
0.24595392,0.79648817,1.7360953,0.55053425,223.83633
1.5488794,1.3701129,2.2205145,0.17876649,11.541666
7.578562,9.861215,10.252094,2.2826529,30.11987
1.1609212,1.0109005,1.9499514,0.15002072,12.922558
0.7921425,0.6901479,1.5880817,0.10199463,12.8757925
0.46462342,0.26839787,1.2066674,0.19622555,42.233246
4.8977537,3.92553,4.607936,0.97222376,19.8504
1.3068607,1.0177987,2.1053607,0.28906202,22.118809
0.87322104,0.70698786,1.5989277,0.16623318,19.036781
0.457409,1.0259795,1.8955982,0.5685705,124.30243
22.358887,17.357548,17.22486,5.001339,22.368462
0.2678453,0.83563125,1.8671631,0.567786,211.9828
0.2249524,2.306596,3.0911238,2.0816436,925.37067
0.43014807,0.0,0.8776032,0.43014807,99.99999
1.1023353,1.1386666,2.0192585,0.036331296,3.295848
1.6587996,1.2470212,2.3203225,0.41177845,24.823881
0.3588754,0.5823504,1.4806055,0.22347498,62.270912
0.3751876,5.4929333,6.18585,5.117746,1364.0498
0.75359696,1.2262671,2.1216288,0.47267014,62.721874
0.7771792,1.0187552,1.9627324,0.24157602,31.083696
25.790077,18.408884,18.171408,7.381193,28.620283
0.54840356,0.60687554,1.6960473,0.058471978,10.662216
0.7104335,0.5683429,1.5067708,0.14209056,20.000544
0.4141357,0.44823235,1.4955928,0.03409666,8.23321
15.098869,18.947084,18.834042,3.848215,25.486776
0.6605469,0.8023305,1.7548685,0.1417836,21.464577
1.4526663,1.4022238,2.3468003,0.050442457,3.472405
4.0518265,3.3328905,4.467048,0.71893597,17.743504
0.54777473,0.89297557,1.7772557,0.34520084,63.01876
1.411361,1.0843053,2.1523156,0.3270557,23.173073
1.1847183,1.0760751,2.1786091,0.108643174,9.170381
1.3330427,2.4069488,3.5436873,1.0739061,80.56052
0.45266134,0.29575494,1.2877297,0.1569064,34.663086
0.475976,0.7197249,1.6116188,0.2437489,51.210335
0.9789733,0.97452295,2.032619,0.004450381,0.45459673
0.5599195,0.312036,1.2989303,0.24788347,44.27127
6.236881,4.4217143,5.0743036,1.8151665,29.103754
1.6195104,1.901442,2.7193968,0.28193164,17.40845
0.7191869,1.1139288,2.0502028,0.3947419,54.88725
1.0470748,1.0029778,1.9679073,0.044096947,4.211442
1.2925078,1.3669171,2.237653,0.074409366,5.756976
0.57138646,0.62923884,1.6891007,0.057852387,10.124914
0.6296974,0.8649045,1.7501127,0.23520714,37.35241
0.34932834,0.5392548,1.4793655,0.18992645,54.369038
0.2045733,5.855598,6.446806,5.651025,2762.3472
0.5501759,1.1834538,2.2866223,0.6332779,115.10462
0.94576496,1.018441,2.1512835,0.072676,7.684362
0.54028445,0.28457096,1.2017455,0.2557135,47.329422
0.92872053,0.6286613,1.6537294,0.30005926,32.308887
0.9570154,1.3727539,2.331136,0.41573846,43.441147
0.6700204,0.8509072,1.9387329,0.1808868,26.997208
0.6608422,0.09643711,1.0265093,0.5644051,85.406944
1.3010992,1.4323757,2.291483,0.13127649,10.089661
0.32811752,0.36161935,1.2889428,0.033501834,10.210316
0.8248486,0.87903655,1.8181088,0.054187953,6.5694427
3.7441745,1.5316911,2.6950338,2.2124834,59.091354
6.7142324,4.4296308,5.535222,2.2846017,34.026253
0.38338244,0.012509577,0.9545258,0.37087286,96.737045
2.126434,1.5265305,2.4276528,0.5999036,28.211718
5.2312207,5.5555315,6.243417,0.32431078,6.1995234
1.4483526,1.4272714,2.2976797,0.02108121,1.4555302
0.90738845,1.0129511,1.9430838,0.10556269,11.633682
16.914652,5.658088,6.259314,11.256563,66.54919
0.7304441,0.62854016,1.5290902,0.101903915,13.9509535
1.2572944,0.8145956,1.73895,0.44269884,35.210434
13.907484,12.065278,12.358826,1.842206,13.246148
0.6024911,0.68079877,1.7578003,0.07830769,12.997318
18.638662,1.9567487,2.765311,16.681913,89.50166
1.0147268,0.79254925,1.8014939,0.2221775,21.895304
0.4592715,0.0,0.876062,0.4592715,100.0
0.92886764,1.6650839,2.4934852,0.73621625,79.259544
1.0801176,1.2280743,2.197628,0.14795673,13.698206
0.9393952,0.61355877,1.5196351,0.32583642,34.685764
1.793171,1.3167017,2.224026,0.4764694,26.57133
1.8970349,1.9245617,2.7466834,0.027526855,1.4510463
1.08146,1.1748893,2.1168997,0.09342933,8.639185
1.45107,1.1708369,2.2624454,0.28023303,19.312164
0.9923226,0.8975133,1.7815356,0.09480935,9.554287
0.9398324,0.7992984,1.796372,0.14053398,14.95309
1.3919466,0.9733057,2.042347,0.41864085,30.07593
0.58013105,1.0758786,2.058543,0.49574757,85.45441
7.35099,3.4237375,4.650349,3.9272523,53.42481
3.0482912,1.5373788,2.3879232,1.5109124,49.565884
0.8207462,0.4157426,1.3612849,0.40500358,49.34578
1.2714449,0.755321,1.6517394,0.5161239,40.59349
2.1365905,1.8093109,2.811892,0.32727957,15.317843
0.46355873,0.46048573,1.4789368,0.0030730069,0.6629164
0.16682763,0.8676152,1.7473322,0.7007876,420.06683
0.967103,0.983374,1.8599523,0.016270995,1.682447
2.31229,1.395922,2.4112122,0.916368,39.630325
0.7786131,1.1414161,2.1270142,0.36280298,46.596054
0.19715069,0.48656988,1.392499,0.28941917,146.801
1.3770577,1.2664249,2.1320508,0.11063278,8.033998
17.68127,7.0242987,7.6031756,10.656972,60.272655
15.661102,22.02745,21.563835,6.3663483,40.650703
0.87672436,0.75087893,1.6710502,0.12584543,14.354048
0.8361442,1.045861,1.9322773,0.2097168,25.081415
0.37440306,0.26552266,1.3130584,0.1088804,29.081068
14.099231,15.168329,15.76065,1.0690985,7.5826726
0.6920615,0.80952835,1.7930164,0.11746687,16.973473
1.1617578,1.4433031,2.4262166,0.28154528,24.23442
0.9920662,1.3605545,2.2097635,0.36848825,37.143513
1.6790457,1.225565,2.296605,0.45348072,27.008242
28.989784,1.3585472,2.2424312,27.631237,95.313705
17.50573,5.283176,5.901348,12.222553,69.820305
0.8635508,0.78835607,1.7278343,0.07519472,8.70762
0.9819469,0.866822,1.7643609,0.11512488,11.724146
0.4367675,0.41785678,1.425112,0.018910706,4.329696
0.9588335,1.4184642,2.2675123,0.45963067,47.93644
16.077257,13.683507,13.977004,2.3937502,14.889046
0.7286074,1.9792519,2.786755,1.2506444,171.6486
16.114355,4.924107,5.553907,11.1902485,69.44273
26.634224,2.0479097,2.9226902,24.586315,92.31099
0.3542946,0.3936267,1.4477742,0.03933209,11.1015215
1.5033696,2.4734056,3.5231888,0.97003603,64.524124
0.6835312,0.29690143,1.212734,0.3866298,56.563587
12.927977,14.208017,14.346436,1.2800407,9.901323
8.21697,8.68635,9.232389,0.46937943,5.7123175
1.0953871,0.90452826,1.7800968,0.19085884,17.423872
1.9862512,1.401299,2.3855855,0.58495224,29.450064
0.4798607,0.45432985,1.5047572,0.025530845,5.32047
19.74863,20.934063,20.544004,1.1854324,6.002606
0.88301736,1.061816,2.0440478,0.17879862,20.248596
2.7966084,2.1775107,3.2087455,0.6190977,22.137447
15.074,9.201758,9.571433,5.872242,38.956093
0.95460266,0.8637439,1.7427361,0.09085876,9.517966
0.91259,0.55375826,1.45564,0.35883176,39.32015
16.05717,16.038073,15.947411,0.019098282,0.11893927
1.1800458,1.1251333,2.1714308,0.054912567,4.6534266
0.2974861,0.26003015,1.2173607,0.037455946,12.590822
7.742048,2.4808218,3.687931,5.2612257,67.95651
0.57475454,0.2947476,1.212539,0.28000695,48.717655
0.9318588,0.889668,1.8769667,0.04219079,4.527595
20.503159,13.990992,14.0685,6.512167,31.761774
1.0769223,0.8901932,1.9643759,0.18672907,17.33914
0.25885668,2.3344896,3.1653447,2.0756328,801.8463
0.49769285,0.065846905,0.99869657,0.43184596,86.76958
0.97748196,1.0217338,1.8963003,0.0442518,4.527122
1.0547639,1.694303,2.725889,0.6395391,60.63339
0.8735971,0.8596345,1.8155203,0.013962567,1.5982845
0.37370193,2.4294586,3.5182161,2.0557566,550.10596
0.36416975,0.05573429,0.9902208,0.30843544,84.69551
0.3422738,0.34946558,1.3196485,0.007191777,2.1011767
16.666388,5.933415,6.497267,10.732973,64.39892
0.7287106,0.35552925,1.2734445,0.37318134,51.211185
0.5173074,0.4991242,1.4830003,0.018183202,3.5149703
1.7761676,1.3918543,2.4457548,0.38431334,21.637222
19.020214,13.6925,13.8190975,5.327714,28.010801
6.4657984,6.487615,7.008271,0.02181673,0.33741742
0.7291322,0.48722753,1.4303551,0.24190465,33.177063
0.616584,0.71848726,1.6142291,0.10190326,16.527067
8.498636,3.9874277,4.672762,4.5112085,53.08156
0.4765145,0.52686954,1.4427574,0.050355047,10.567369
0.80526555,0.96353424,2.0410519,0.15826869,19.654224
0.86184037,1.139493,2.0407531,0.27765262,32.216248
0.33494592,3.214456,3.9489212,2.8795102,859.6941
0.8292418,1.0084288,1.953322,0.179187,21.608534
10.392024,7.4654064,7.942466,2.9266176,28.162153
23.289349,16.572851,16.45389,6.7164974,28.839352
0.96785766,0.7498127,1.6469488,0.21804494,22.528616
6.4880753,5.3534126,5.9725175,1.1346626,17.488432
0.4916258,0.8566985,1.8654232,0.36507273,74.25825
0.6153621,0.29872972,1.2422425,0.3166324,51.454643
0.78845173,0.678916,1.7600396,0.109535754,13.892512
8.439313,4.107638,4.7916374,4.331675,51.327343
0.56392556,0.70826995,1.6034297,0.14434439,25.596355
1.3610234,1.1325691,1.9960144,0.22845435,16.785484
0.5287572,1.0682333,2.0299852,0.53947604,102.027176
0.819019,1.2552891,2.189262,0.43627006,53.26739
1.0165228,5.289212,5.8868074,4.2726893,420.324
1.7353442,1.3158469,2.1874125,0.41949725,24.173721
16.049385,18.99091,18.721104,2.9415245,18.32796
0.18323696,0.12912686,1.0824594,0.054110095,29.53012
6.326222,7.400511,7.8778315,1.0742888,16.981524
0.5771687,0.41797268,1.333961,0.15919602,27.582233
0.88719416,1.1134441,2.150976,0.22624993,25.501738
0.42561424,0.5097492,1.4151601,0.08413494,19.767887
1.7954395,1.2794435,2.1492457,0.515996,28.739258
0.9357858,0.9275589,1.8116741,0.0082268715,0.8791405
1.0450062,1.2378972,2.0952005,0.192891,18.45836
0.6731212,1.0326586,2.0619476,0.35953736,53.413464
0.49409115,2.6951606,3.8093648,2.2010694,445.4784
15.840289,7.776102,8.220659,8.064187,50.909344
1.4913955,0.89196,1.9641104,0.59943545,40.192924
24.205814,27.620518,26.796928,3.4147034,14.106956
0.36637497,0.6130307,1.5075289,0.2466557,67.323296
0.74688816,1.2376692,2.2434402,0.49078107,65.71011
1.4062414,1.1137135,2.255549,0.2925279,20.802113
0.24517421,0.41724253,1.3346859,0.17206831,70.18206
0.4061515,0.0,0.79341686,0.4061515,100.0
1.4385327,1.2008855,2.0761082,0.23764718,16.52011
13.318611,9.380461,10.292988,3.9381504,29.568777
1.1894903,1.2150731,2.1230984,0.02558279,2.1507354
1.306559,1.1261904,1.9944057,0.18036854,13.8048525
0.8689401,0.808218,1.7022932,0.060722113,6.9880667
0.58849347,1.7837121,2.6044505,1.1952187,203.09804
0.36152783,0.0,0.85824126,0.36152783,100.0
3.3567502,3.4948158,4.2153497,0.13806558,4.113073
0.7267742,1.0702538,1.9976853,0.34347963,47.26084
22.131468,23.19234,22.629389,1.060873,4.793505
2.1490777,1.8029971,2.6226125,0.34608054,16.103678
4.6301775,4.4434347,5.0935774,0.18674278,4.033167
0.96878207,0.83664834,1.7243382,0.13213372,13.639158
3.3695395,2.839896,3.7551837,0.52964354,15.718574
8.069072,8.764665,9.345403,0.6955929,8.620482
0.6752356,1.0750942,2.2140043,0.3998586,59.217636
0.3009876,0.31883675,1.3164151,0.017849147,5.9301934
4.2463274,5.8783126,6.44579,1.6319852,38.43286
21.206388,2.9550476,3.7338974,18.25134,86.06529
20.421688,5.4312005,6.0346403,14.990488,73.40475
0.29528433,3.92732,4.671653,3.6320357,1230.0131
13.619367,12.907422,13.004625,0.7119446,5.2274427
1.3139541,1.3668108,2.3302062,0.052856684,4.022719
0.85524195,1.2574441,2.1865454,0.4022022,47.02788
16.13149,2.3767984,3.167522,13.754692,85.2661
1.1695889,1.0538771,2.0315523,0.11571181,9.8933735
0.62225944,2.021895,2.8373024,1.3996356,224.92798
16.987572,1.9248006,2.766876,15.062771,88.66936
0.8411639,0.7529794,1.7073739,0.088184476,10.483625
1.1102047,0.73494935,1.6516793,0.37525535,33.800556
8.020515,4.812664,5.435235,3.2078514,39.99558
0.31735906,0.8934891,1.7723577,0.57613003,181.53886
16.846014,1.1280704,2.2361577,15.717943,93.303635
0.7779951,0.82853377,1.8874141,0.05053866,6.496012
18.579283,17.534067,18.193394,1.0452156,5.625705
7.463427,10.132314,10.520271,2.6688867,35.759533
0.60392195,0.98825455,1.9163146,0.3843326,63.639446
1.3309861,0.9596282,1.9120411,0.37135792,27.90096
0.750995,0.56171894,1.4745536,0.18927604,25.203371
6.7452617,5.8614583,6.4546432,0.88380337,13.102581
26.078777,3.1210122,4.0091696,22.957766,88.03237
0.6230828,0.40679145,1.3196712,0.21629137,34.7131
5.101545,4.5515475,5.2586384,0.5499973,10.780995
0.6048504,3.273683,4.0001173,2.6688328,441.23846
0.35463992,0.45041505,1.4985609,0.09577513,27.006302
0.9258569,1.2479231,2.1313105,0.32206625,34.785748
1.974931,1.1332569,2.2345212,0.8416741,42.6179
0.5638958,1.6844532,2.6713448,1.1205574,198.7171
0.67586577,0.79311156,1.6842817,0.11724579,17.347496
0.11425612,0.2935284,1.3142323,0.1792723,156.90388
0.29137653,0.08328596,1.0137565,0.20809057,71.41638
5.413672,1.438957,2.4505649,3.974715,73.419945
9.434424,4.6983843,5.3952966,4.73604,50.199566
0.9984684,0.96966434,1.8455807,0.028804064,2.8848248
0.12944788,0.63558054,1.5639516,0.50613266,390.9934
0.39602408,0.0,0.59063077,0.39602408,100.00001
0.5900379,0.49499488,1.4054178,0.095043,16.107948
0.3722982,0.5626401,1.5128443,0.19034186,51.12618
0.5440081,1.2334139,2.1195848,0.68940586,126.72713
1.0083635,1.2421377,2.2846923,0.23377419,23.183523
16.123276,6.5696406,7.1159225,9.553635,59.25368
18.978363,10.2928095,10.604394,8.685554,45.765556
1.5017076,1.4886727,2.3552656,0.013034821,0.8679999
18.924902,10.042435,10.376546,8.882467,46.93534
1.1291556,1.0174325,2.0589037,0.111723185,9.894401
0.25542,1.9773219,2.8984559,1.7219019,674.14526
9.842921,7.968996,8.41366,1.8739252,19.038303
22.207733,3.1571074,3.8900616,19.050625,85.783745
16.751368,17.489155,18.086239,0.73778725,4.4043403
1.202958,1.162684,2.207822,0.040274024,3.3479161
0.4522961,0.32623538,1.3143772,0.12606072,27.871283
23.213133,18.968674,18.68777,4.244459,18.284733
0.8837663,1.0124052,2.1130142,0.12863886,14.555756
0.8417011,0.81593597,1.8516111,0.025765121,3.0610774
0.48808628,0.43180758,1.356302,0.056278706,11.530483
1.0391958,1.3614085,2.2258883,0.3222127,31.005964
1.5926852,1.1104062,2.2512267,0.48227906,30.280876
0.4583633,0.39862403,1.3205779,0.059739262,13.033169
21.120514,12.012148,12.225437,9.108366,43.125683
23.971886,25.586508,25.084734,1.6146221,6.7354827
0.41656512,0.6838776,1.6033165,0.26731247,64.17063
0.80282634,0.45935097,1.3741864,0.34347537,42.78327
0.8160983,0.60150194,1.5229597,0.21459633,26.295403
0.48923334,0.18640588,1.1141995,0.30282748,61.898373
0.52168405,0.76970124,1.8187267,0.24801719,47.54165
7.032966,1.8399353,2.7164614,5.193031,73.83842
0.87733305,0.88666105,1.8181902,0.009328008,1.0632231
1.5280899,0.9421606,2.0092905,0.5859293,38.3439
0.31313053,1.9626231,2.8351102,1.6494926,526.7748
0.8531759,1.0857847,2.0074534,0.2326088,27.263874
0.47337234,2.3597374,3.1524704,1.886365,398.495
1.9840608,1.6217222,2.496591,0.36233854,18.262472
1.0304353,1.4464216,2.4311867,0.4159863,40.369957
0.4035208,0.5234436,1.4305861,0.11992279,29.71911
0.9049239,1.174573,2.037104,0.26964903,29.797977
0.19177589,0.32719958,1.2435077,0.13542369,70.6156
2.7336352,2.0254521,2.8836503,0.70818305,25.906275
0.51735085,0.47056568,1.3792481,0.046785176,9.04322
0.500025,0.63012326,1.6967821,0.13009828,26.018358
1.0229797,0.8994719,1.7877427,0.12350786,12.073344
1.7047465,1.3322079,2.3180473,0.37253857,21.853018
7.147596,6.3372755,7.4135447,0.8103204,11.336964
0.73797405,0.7461544,1.6351664,0.00818038,1.1084915
1.7541331,1.1824524,2.0401943,0.57168067,32.590496
8.658925,1.8205607,2.7457943,6.8383646,78.974754
1.0071404,0.9537823,1.8298796,0.053358078,5.297978
0.8376961,0.8005532,1.8110881,0.037142873,4.433932
0.6770411,0.46417555,1.518755,0.21286556,31.440567
0.9832882,1.1583109,2.2196064,0.17502266,17.79973
0.8550131,0.8213314,1.7039713,0.03368169,3.939319
5.0999117,3.3958993,4.1154394,1.7040124,33.412586
1.2468083,1.3353293,2.3713298,0.088521,7.0998087
2.3970408,1.8993704,2.8789024,0.4976704,20.761866
0.29246068,0.22853655,1.207335,0.063924134,21.857342
1.6251175,1.3517685,2.2097929,0.27334905,16.820263
24.27508,7.614642,8.090982,16.660439,68.63186
0.9909809,0.93632483,1.860658,0.05465609,5.515352
0.5423781,4.0599976,4.743149,3.5176194,648.5548
21.174925,4.940766,5.613825,16.23416,76.6669
7.0700135,5.5618696,6.67217,1.5081439,21.331556
0.17994444,0.26020518,1.223253,0.08026074,44.603065
0.7072058,0.38735908,1.3034523,0.3198467,45.22682
0.50409275,1.0345163,2.0037673,0.5304236,105.22341
0.6658999,0.9374777,1.8474213,0.27157784,40.783585
5.2738423,4.718332,5.4700346,0.5555105,10.533317
14.620779,11.317354,11.565031,3.3034248,22.59404
1.3323616,1.048589,2.0994482,0.2837726,21.298466
0.67807925,0.81498873,1.7297505,0.13690948,20.190779
1.7269932,1.7019706,2.5280814,0.025022626,1.4489129
0.85042286,0.67011523,1.5690058,0.18030763,21.202114
6.6649055,8.142855,8.8040695,1.4779491,22.175097
0.51861525,0.61334026,1.5159574,0.09472501,18.26499
0.8563535,1.5056381,2.3455534,0.6492846,75.819695
0.5818474,0.6526009,1.7104864,0.070753455,12.160139
0.46238154,0.972888,1.8558266,0.51050645,110.40805
1.0316787,0.76174796,1.6712649,0.26993072,26.164225
0.5491483,0.5932156,1.4909866,0.044067264,8.024656
0.55391836,0.8402883,1.7221271,0.28636992,51.69894
14.091648,15.193281,15.156316,1.1016331,7.8176312
8.95722,6.6441693,7.1905594,2.3130507,25.823309
0.53400356,0.4111454,1.3687855,0.12285817,23.006992
1.4681406,0.9816272,2.089896,0.48651338,33.138065
0.2762767,1.3877094,2.3841763,1.1114327,402.28967
0.85756874,0.6183708,1.5136253,0.23919797,27.89257
4.8778224,4.1117563,4.8437963,0.7660661,15.705083
0.28466296,0.4241306,1.4059647,0.13946763,48.99395
0.21648344,3.4144173,4.1328053,3.197934,1477.2188
0.77649564,0.95018125,1.870324,0.17368561,22.36788
0.52290124,0.92473006,1.838399,0.40182883,76.84603
0.41078305,0.6214864,1.5936527,0.21070337,51.293102
1.0604032,1.0137522,1.9968798,0.046651006,4.399365
13.629125,3.7193599,4.4210563,9.909765,72.71021
28.438995,13.962697,14.028421,14.476298,50.90299
8.396319,2.6351023,3.403249,5.761217,68.61598
17.177675,11.244763,11.445226,5.932912,34.5385
0.566461,0.3590344,1.2743034,0.20742664,36.61799
1.559204,1.6212103,2.5245585,0.062006354,3.9767954
4.246478,3.7251525,4.4379516,0.5213256,12.276658
9.571746,6.512574,7.0294323,3.0591717,31.960436
0.8361299,0.75430703,1.6736753,0.08182287,9.785904
12.14849,4.219878,4.880311,7.9286118,65.264175
1.2845653,1.1992025,2.0572486,0.08536279,6.645267
6.256165,3.6828146,4.4953938,2.5733504,41.133034
0.51091677,0.5400852,1.4513396,0.029168427,5.709037
2.842864,1.8379691,2.6554608,1.004895,35.347977
0.90035886,0.63665354,1.6176475,0.2637053,29.288912
7.415105,6.8707867,7.415407,0.5443182,7.3406677
5.8955345,6.8515606,7.5966263,0.9560261,16.216105
3.3328078,2.3477228,3.147984,0.985085,29.557209
0.628855,1.1550648,2.092934,0.52620983,83.67745
0.96998507,1.1911006,2.249895,0.22111553,22.795767
0.99639493,0.8667524,1.7550346,0.12964255,13.011161
1.3388458,0.9464599,1.9043107,0.39238596,29.307775
0.77553463,0.8718945,1.8806993,0.09635985,12.424957
4.206018,5.946542,6.5275426,1.7405238,41.38175
0.6840167,0.028862134,0.9638675,0.6551546,95.780495
0.99205405,0.58864915,1.552486,0.4034049,40.6636
2.6473503,2.6796322,3.4480436,0.032281876,1.2194033
0.5284914,0.77377474,1.7481463,0.24528337,46.411987
0.40344396,0.0,0.8616072,0.40344396,99.99999
0.19769268,1.2960882,2.1486888,1.0983956,555.60767
12.6622305,13.626927,13.84281,0.9646969,7.618696
24.49653,8.915813,9.304398,15.580717,63.603767
1.1816413,1.2245529,2.2842262,0.04291153,3.631519
0.9142847,0.9300182,1.8076292,0.01573348,1.7208513
0.6956085,0.5565058,1.4644747,0.1391027,19.997269
1.7304652,0.98452604,1.8594866,0.74593914,43.106277
1.0109327,1.2436728,2.290799,0.23274016,23.022322
0.80511755,0.6186627,1.5830661,0.18645483,23.158709
0.4508641,6.207687,6.7542744,5.7568226,1276.842
15.846472,11.377468,11.574869,4.4690037,28.201883
1.3346175,1.0669553,2.007755,0.26766217,20.055346
0.7351144,0.64228606,1.5360913,0.09282833,12.62774
3.0318546,1.2116237,2.3596625,1.820231,60.036884
9.14529,5.9909024,6.5561323,3.154388,34.491936
0.8394038,1.5784621,2.474154,0.7390583,88.04562
0.20635496,0.7303381,1.62029,0.5239831,253.9232
0.39069083,1.1136782,2.2555113,0.7229874,185.0536
0.9916277,1.070688,2.1255589,0.079060316,7.972782
5.376495,2.1060483,2.903271,3.2704465,60.828598
0.46955436,0.93338037,1.8119695,0.463826,98.78004
0.8484022,0.8807368,1.8202229,0.032334626,3.8112378
4.9067326,5.255934,5.8622327,0.3492012,7.116777
0.8000105,0.46973476,1.3819764,0.33027574,41.283924
3.4244218,2.6507025,3.4381046,0.7737193,22.59416
1.2141681,1.1162231,2.258205,0.097944975,8.066838
22.020216,15.098438,15.091686,6.9217777,31.433743
13.381661,14.911724,15.013351,1.5300627,11.434027
1.0843561,1.0693228,2.0995474,0.015033245,1.3863753
0.57288694,0.99197876,1.9746898,0.41909182,73.15437
17.354458,5.7791686,6.3369827,11.575289,66.69923
0.17138016,3.2139826,3.9424925,3.0426025,1775.3528
9.983533,6.6844597,7.880324,3.2990732,33.045147
5.097644,5.5544734,6.141735,0.45682955,8.961582
21.16553,11.773118,12.032698,9.392411,44.37598
4.003988,2.656125,3.7477183,1.3478627,33.663006
6.381594,1.8817177,2.7094316,4.4998765,70.51336
1.3860227,1.3308582,2.1964483,0.055164456,3.9800544
0.56797415,5.2292204,5.8674135,4.6612463,820.6793
0.50477177,0.5118172,1.4237255,0.007045448,1.395769
0.5546935,0.9782779,1.9907602,0.4235844,76.363686
0.54428136,0.14817783,1.0767338,0.39610353,72.775505
0.68504655,0.5549269,1.4735149,0.13011968,18.994284
1.612811,1.542017,2.383748,0.07079399,4.389478
0.92411697,0.77839303,1.7031047,0.14572394,15.768992
17.32062,12.276214,12.422701,5.044406,29.123703
0.31664106,0.18518265,1.1210083,0.13145842,41.51654
13.584037,11.543037,11.738893,2.0409994,15.024984
9.107472,10.016606,11.021311,0.9091339,9.9822855
0.60639,0.69226635,1.714168,0.085876346,14.1619005
0.6843677,0.19864407,1.1211566,0.48572364,70.974075
7.08504,4.684535,5.8820534,2.400505,33.88132
1.6535842,1.8345194,2.657579,0.18093514,10.941997
0.80919546,0.65578985,1.6110997,0.1534056,18.957794
1.5868129,1.2934399,2.1542187,0.293373,18.488192
0.040453363,0.11065575,1.0526536,0.07020238,173.53905
27.5523,6.3849516,6.9394464,21.167347,76.82606
3.9080548,2.4895933,3.6756058,1.4184616,36.29585
0.9201715,1.1367769,2.2751727,0.21660542,23.539679
0.4777363,0.7201992,1.7000437,0.24246293,50.752464
0.91121763,1.7962406,2.890602,0.88502294,97.12531
25.88494,16.59417,16.473206,9.29077,35.89257
0.958723,0.9972919,1.9356995,0.038568914,4.0229464
0.24595991,1.6999238,2.5608542,1.4539639,591.1386
14.539039,10.741351,10.976118,3.7976875,26.120623
0.276139,0.36064208,1.2866026,0.084503084,30.60165
0.508867,0.06546097,0.9969767,0.44340605,87.13593
0.15451884,2.782894,3.5409389,2.628375,1701.0061
9.940489,10.177302,10.719334,0.23681355,2.3823128
0.50288564,0.4712072,1.3833189,0.03167844,6.2993326
0.58557045,0.92910635,1.9948478,0.3435359,58.66688
0.6831027,1.0040531,1.874432,0.3209504,46.984207
1.4529742,1.5295358,2.3719966,0.07656157,5.2693
0.6986185,0.39867923,1.3370619,0.29993924,42.933197
5.6182766,5.64183,6.2617216,0.023553371,0.4192277
16.326664,15.509649,15.484449,0.8170147,5.004174
1.246553,1.1044989,1.9808217,0.14205408,11.395752
1.0378686,1.7690618,2.595253,0.7311932,70.451416
1.0627164,1.2293851,2.2679768,0.16666877,15.683279
12.5697565,6.4562473,7.447469,6.113509,48.636654
0.6941077,0.6096406,1.5071379,0.08446711,12.169166
1.3082824,1.011761,2.0604227,0.29652143,22.66494
0.69471484,0.7963098,1.6861979,0.101594985,14.623983
0.39424026,0.1542946,1.1393421,0.23994567,60.8628
0.34686133,0.441386,1.3835028,0.09452468,27.251432
10.469306,4.545726,5.229202,5.92358,56.58045
3.9958315,1.4455485,2.31793,2.550283,63.823586
0.9570717,0.77556443,1.6748643,0.18150729,18.964857
0.7338341,0.7284478,1.6204327,0.005386293,0.7339933
0.73704785,0.54866886,1.4507422,0.18837899,25.558582
1.5665289,1.3886163,2.2346063,0.1779126,11.357121
1.4711753,1.0118136,2.142643,0.45936167,31.224129
1.0757213,1.0221417,1.8985258,0.05357957,4.980804
0.67456263,0.4244599,1.3681313,0.25010273,37.07628
0.83424455,0.9875598,1.8663479,0.15331525,18.377735
0.67318183,1.0701101,2.016234,0.39692825,58.96301
1.4310311,1.4849377,2.331476,0.05390656,3.7669733
0.54795414,0.55399203,1.6113456,0.006037891,1.1018971
0.7238965,0.82356024,1.767806,0.099663734,13.767677
1.0574867,1.3845689,2.3845775,0.32708228,30.930159
0.3961517,1.0985591,2.239333,0.7024075,177.3077
0.8257424,1.0064805,2.0420125,0.18073803,21.887943
0.5761085,0.5474839,1.5325971,0.028624594,4.9686117
13.044068,5.6698394,6.2454157,7.374229,56.5332
0.66776353,0.26764286,1.2387601,0.40012068,59.919514
1.7029274,1.3430204,2.2961931,0.3599069,21.134602
8.035834,2.3907568,3.2294545,5.6450777,70.2488
5.8621407,1.2519464,2.273037,4.610194,78.643524
0.6468397,0.2574899,1.1758584,0.3893498,60.192627
6.3593464,3.826797,4.5091186,2.5325494,39.82405
19.17304,26.23208,25.66349,7.05904,36.81753
4.987538,1.1341248,2.2773125,3.853413,77.260826
0.98987633,0.9556742,1.8354813,0.03420216,3.4551952
20.164877,17.84304,17.632492,2.3218365,11.514261
0.787593,0.46544006,1.3699657,0.32215294,40.90348
18.39021,13.414544,13.869031,4.975665,27.056055
0.35626724,0.33736783,1.287414,0.018899411,5.304841
0.8810274,1.7657485,2.596637,0.8847211,100.41924
24.77288,8.677038,9.084582,16.095842,64.97364
0.8066561,0.5399194,1.4407471,0.26673675,33.06697
3.2475111,3.96168,4.715272,0.7141688,21.991264
1.5062675,1.2102871,2.2623184,0.29598045,19.649925
0.15161951,0.23258904,1.1648892,0.08096953,53.403103
0.60867023,0.7870538,1.6903639,0.17838359,29.3071
7.7651563,4.0475903,4.8141623,3.717566,47.874966
0.9700731,1.2417593,2.1126506,0.2716862,28.006775
1.3617685,1.0960906,1.9704603,0.26567793,19.509771
1.5318253,1.3288484,2.4616232,0.20297694,13.250659
0.16859744,0.23656367,1.2022259,0.06796622,40.312725
4.513084,4.4094753,5.1791925,0.10360861,2.2957385
1.6082689,0.7636219,1.7272301,0.84464693,52.519012
0.43533665,0.4947232,1.5506034,0.05938655,13.641523
0.42992365,1.0073099,1.8905631,0.57738626,134.29971
0.4147432,2.6571312,3.4334154,2.242388,540.669
1.042277,1.8500481,2.6685355,0.8077711,77.50062
0.688493,0.62598264,1.5205333,0.06251037,9.079304
0.56860685,0.238888,1.2143524,0.32971886,57.98714
1.0298038,0.9478358,1.9658921,0.08196795,7.9595695
0.81004447,0.54671156,1.4553535,0.2633329,32.50845
0.47858942,0.81074643,1.713393,0.33215702,69.403336
0.551911,0.594182,1.662094,0.042271018,7.659028
1.5492381,1.401396,2.246984,0.14784205,9.542888
0.58738154,0.68552697,1.576659,0.098145425,16.708973
0.7041745,0.67054236,1.695783,0.03363216,4.7761116
0.94772726,0.92358506,1.8002323,0.024142206,2.547379
15.732568,18.803797,18.73628,3.071229,19.521473
0.9802587,0.8257021,1.707356,0.15455663,15.766923
2.3732831,1.9102848,2.7310534,0.4629984,19.508772
23.270393,6.047263,6.602832,17.22313,74.01306
20.768772,11.033532,11.27323,9.73524,46.874413
0.8356283,0.75736046,1.6435373,0.07826781,9.3663435
0.8343955,0.8808181,1.8431733,0.0464226,5.5636206
9.479493,10.388834,11.157736,0.90934086,9.592715
3.446112,2.9141736,3.673207,0.5319383,15.435898
0.86816293,1.0102069,1.8997407,0.14204401,16.361446
20.997875,9.468281,9.797348,11.529594,54.908386
0.3316063,0.31452173,1.242324,0.017084569,5.152064
0.5550194,0.554227,1.4576612,0.00079238415,0.14276694
0.49715585,0.70026946,1.6035795,0.20311362,40.855118
0.13282554,0.39950994,1.3288702,0.2666844,200.77797
0.920054,1.3680665,2.224344,0.44801253,48.694157
1.0685753,0.91129446,1.7905586,0.1572808,14.7187395
20.666502,2.7496421,3.5328383,17.91686,86.695175
7.11061,2.005644,2.8087547,5.104966,71.79365
20.096785,14.140415,14.178699,5.9563694,29.63842
5.2087345,3.8726978,5.0087547,1.3360367,25.64993
0.8912449,0.7970582,1.7534428,0.09418666,10.567989
0.7773634,0.55316293,1.4559883,0.22420049,28.84114
1.2545872,1.1225984,2.2646382,0.13198876,10.5204935
0.84317064,0.8875315,1.8845625,0.044360876,5.261198
1.2799323,0.96716964,1.9318321,0.31276262,24.435873
0.8815377,1.172234,2.2239459,0.29069638,32.97606
21.123558,31.174824,30.323719,10.051266,47.583206
23.638262,6.517514,7.0390034,17.120747,72.428116
0.8878394,0.87683296,1.8555226,0.011006415,1.2396854
17.452562,9.574729,10.342976,7.8778334,45.13855
0.4093942,0.55185616,1.4609782,0.14246196,34.798237
23.679575,12.62332,12.742274,11.056255,46.691105
3.2484174,2.3628411,3.1447353,0.88557625,27.261776
1.667142,1.7497818,2.7927485,0.08263981,4.9569745
0.88313705,0.868785,1.7557904,0.014352024,1.6251185
25.12998,2.2616599,3.1245952,22.86832,91.00015
0.2247105,0.4234496,1.4169024,0.19873911,88.44229
0.43978134,2.034811,3.0827382,1.5950297,362.687
1.4057119,1.0699222,2.2080371,0.33578968,23.887518
10.520612,5.85749,6.430686,4.6631217,44.323673
0.93495625,0.93933284,1.8691837,0.0043765903,0.46810642
0.2593564,0.4776392,1.3897537,0.21828279,84.16325
0.7473286,0.41934648,1.3411701,0.3279821,43.887268
19.692915,15.342236,15.2872095,4.3506794,22.092611
0.46667153,0.68253887,1.6529746,0.21586734,46.256805
1.0117273,0.96441543,2.0397317,0.047311902,4.676349
0.6420016,1.0535619,1.9815019,0.4115603,64.105804
16.300423,6.83018,7.318092,9.4702425,58.09814
0.3578855,0.012141568,0.96464443,0.34574395,96.607414
0.8467535,0.6493542,1.57051,0.19739926,23.312483
0.6100177,0.5565877,1.6402268,0.05343002,8.758766
1.3303238,1.1823168,2.2967455,0.14800704,11.125639
7.214458,7.4876957,8.1197815,0.2732377,3.7873628
12.06398,6.277627,6.7958736,5.786353,47.963882
2.9618754,3.075369,3.8412523,0.11349344,3.83181
0.6111888,0.7019236,1.5950803,0.09073478,14.845621
5.766089,4.764918,5.877858,1.0011711,17.363089
0.43756375,1.5273159,2.5901518,1.0897521,249.0499
0.33069292,0.49542868,1.4009312,0.16473576,49.815327
8.78843,9.23095,9.736263,0.44252014,5.0352583
0.906976,1.1358836,2.0184245,0.22890759,25.23855
1.4488281,1.4019425,2.271329,0.04688561,3.2361057
1.389634,1.0774531,2.17131,0.31218088,22.464972
0.8367169,0.708894,1.6504512,0.12782288,15.276717
17.455019,17.860403,17.65043,0.40538406,2.32245
0.49348977,0.8033737,1.7670147,0.30988392,62.794395
15.334692,7.043706,8.050193,8.290986,54.06686
3.9474218,1.6775913,2.5700984,2.2698305,57.501595
0.9780941,0.6008885,1.5549713,0.3772056,38.565372
8.932826,1.5571136,2.451095,7.3757124,82.568634
0.71789503,0.91654694,1.8751515,0.19865191,27.671442
0.82599664,1.0134926,1.9483551,0.18749595,22.69936
1.3819228,0.89818764,1.8537464,0.4837352,35.0045
10.4489355,8.006266,8.881012,2.4426699,23.377213
1.3634552,0.99643934,1.8683585,0.36701584,26.918072
1.3373085,1.061805,1.9304293,0.27550352,20.601343
23.273602,6.378513,6.921233,16.895088,72.59335
0.23471332,0.7548312,1.8017684,0.5201179,221.59709
0.59237325,0.27732572,1.2513536,0.31504753,53.183956
0.26412508,1.6955831,2.7670517,1.431458,541.96216
0.9505252,1.1139956,2.093465,0.16347033,17.197895
0.6683862,0.54336166,1.4448813,0.12502456,18.705437
0.86732465,0.5463425,1.5097219,0.32098216,37.00831
0.5799187,0.7798861,1.7792361,0.19996744,34.48198
11.381488,12.048972,12.474392,0.6674843,5.864649
0.78955406,0.6521504,1.6802613,0.13740367,17.402693
4.6053853,4.044217,5.038413,0.5611682,12.185043
1.5559932,1.8511155,2.9514558,0.29512227,18.966808
0.2743374,0.6038457,1.6815865,0.3295083,120.11059
23.542614,17.64719,17.928658,5.895424,25.0415
19.89519,6.5113316,7.0346794,13.383858,67.27183
0.89159256,1.7030878,2.539916,0.81149524,91.01637
4.0916677,3.161275,3.897532,0.93039274,22.738718
10.960123,4.252432,4.933728,6.707691,61.200874
21.974136,18.948145,18.712599,3.0259914,13.770696
0.89100146,0.79809403,1.6847608,0.09290743,10.427303
0.78484106,1.2762032,2.2173455,0.4913621,62.60657
19.360096,6.8109026,7.3213806,12.549193,64.81989
0.40505594,1.1307478,1.9953226,0.72569185,179.15842
0.24803829,0.5595839,1.5019695,0.3115456,125.603836
0.47192615,0.6833396,1.640893,0.21141344,44.797993
6.2622066,6.2317,6.7873163,0.03050661,0.48715433
5.3127737,3.8365593,4.678625,1.4762144,27.786135
1.890281,1.4232979,2.4234602,0.46698308,24.704426
0.09189841,0.25216898,1.1778376,0.16027057,174.39972
9.724852,6.9110627,7.4298553,2.813789,28.934002
0.8447338,0.9699874,1.9581362,0.12525362,14.827585
10.01557,10.538122,10.91975,0.5225525,5.2174015
0.5754816,0.59735465,1.6681757,0.021873057,3.8008265
0.7148624,0.7794248,1.8355883,0.06456238,9.031441
0.77074665,1.2200487,2.1613827,0.44930202,58.294384
0.8327858,0.72772086,1.6447088,0.10506493,12.61608
1.0469494,0.6146594,1.5143882,0.43228996,41.290436
5.0385423,2.9705791,3.7174354,2.0679631,41.042885
4.966381,3.9954462,4.6755095,0.97093487,19.55015
1.2039967,1.2771113,2.330393,0.07311463,6.072661
0.35947523,1.66205,2.549127,1.3025748,362.35452
1.0973887,0.85195875,1.7413388,0.24543,22.364908
1.473426,1.2787344,2.1348312,0.19469154,13.213528
0.4624949,0.11974937,1.0514617,0.34274554,74.10796
0.07387323,4.512685,5.171071,4.438812,6008.6875
4.863977,3.8727489,4.804591,0.9912281,20.378963
0.9896047,0.942286,1.848022,0.047318697,4.7815757
26.279356,7.191427,7.7031927,19.087929,72.63469
5.0165443,3.2806916,4.0080805,1.7358527,34.60256
23.76753,27.065567,26.506565,3.2980366,13.876227
0.9297995,1.0701563,2.135634,0.14035684,15.095387
7.3477,9.276598,9.619212,1.9288979,26.251722
1.0369738,1.779463,2.7906804,0.7424892,71.60154
0.9691778,0.9670161,2.036036,0.0021616817,0.22304285
5.430947,5.536065,6.1740336,0.105118275,1.9355423
0.6653462,0.44816324,1.3661345,0.21718296,32.642097
0.94304115,1.1866207,2.052522,0.24357957,25.829155
5.6102514,3.5394359,4.2512054,2.0708156,36.911278
0.34910098,0.34726533,1.2811285,0.0018356442,0.52582043
0.77019185,1.0648816,2.2024703,0.29468971,38.26186
9.832037,10.770127,11.025652,0.9380903,9.54116
0.8293622,0.93091726,1.8100986,0.10155505,12.244958
0.86063856,0.9477155,1.8329097,0.08707696,10.117715
0.7459411,0.7161119,1.608386,0.029829204,3.9988685
0.92175394,1.0967321,2.2021234,0.1749782,18.98318
1.1098417,0.78814507,1.8846861,0.32169664,28.985811
0.8419718,1.0812688,1.9466761,0.23929697,28.421019
22.830347,15.18643,15.178465,7.643917,33.481388
4.810893,4.8121867,5.7083907,0.0012936592,0.026890209
19.243938,3.6498857,4.3871393,15.594053,81.033585
1.8954087,1.3798378,2.2856746,0.515571,27.201044
1.2822541,1.1421237,2.1615803,0.1401304,10.928443
0.6818912,1.0851545,1.9608483,0.40326333,59.138954
16.18402,28.604605,27.75682,12.420586,76.745995
0.46505207,0.3887785,1.3014909,0.07627356,16.40108
0.41551664,0.9918636,2.120292,0.576347,138.70612
19.715296,14.33005,14.339054,5.3852453,27.315062
0.09358901,0.07917942,1.0314045,0.014409587,15.396667
0.33564293,0.9784764,2.0801802,0.6428335,191.52303
1.3563206,1.3119168,2.364507,0.04440379,3.2738419
0.28936097,0.47490305,1.3811265,0.18554208,64.121315
8.666218,3.4186354,4.621944,5.2475824,60.552162
1.4962274,1.1824358,2.2500439,0.31379163,20.972189
10.351355,5.0753226,6.0827274,5.276032,50.969486
0.85505867,1.13953,2.2804892,0.28447127,33.26921
0.5785787,0.8550831,1.9125471,0.2765044,47.790283
0.91516006,1.2553945,2.164429,0.3402344,37.177586
5.8467207,6.3751063,7.0376167,0.52838564,9.037299
1.1042905,1.1670003,2.0339856,0.06270981,5.678742
1.2214729,1.1320207,2.1765208,0.08945215,7.3233023
0.68152046,0.32812893,1.2495862,0.35339153,51.8534
18.540262,4.517429,5.2445154,14.022833,75.63449
1.7556269,1.7408524,2.5627034,0.014774561,0.8415547
1.1454884,0.9328716,1.8114171,0.2126168,18.561235
1.0925629,1.1604738,2.2005017,0.06791091,6.2157435
1.0856234,0.79322994,1.6794289,0.29239345,26.933231
0.786331,1.3179836,2.3019507,0.5316526,67.61182
1.0379112,1.2190418,2.31437,0.18113065,17.451458
7.473735,7.049901,7.592334,0.42383385,5.670978
0.6388865,0.9281411,2.051095,0.2892546,45.274803
0.667457,0.7531538,1.7382026,0.08569682,12.839301
0.9599121,0.9051244,1.9511551,0.054787695,5.707574
13.207885,9.048814,10.164767,4.159071,31.489304
4.4614387,4.099364,4.8170614,0.36207485,8.115652
0.41130733,1.477397,2.6078646,1.0660896,259.19537
0.7528453,0.7320819,1.62467,0.020763397,2.75799
0.22686099,0.8538811,1.7331518,0.6270201,276.3896
2.273813,1.831356,2.8187053,0.44245696,19.45881
9.912072,9.451044,9.810402,0.4610281,4.651178
2.388133,2.1408353,2.9622297,0.24729776,10.355276
11.57548,6.361611,7.4864874,5.2138696,45.042362
0.8164978,1.2147455,2.0966733,0.39824772,48.775112
0.45645428,1.7885368,2.6174862,1.3320825,291.83264
1.4781047,1.0450191,1.9862529,0.43308556,29.300058
26.237595,6.293124,6.840064,19.94447,76.014854
0.43370876,3.243083,4.0098305,2.8093743,647.756
0.8928213,0.850834,1.7340621,0.0419873,4.7027664
7.2777424,4.647028,5.818947,2.6307144,36.147396
0.63770026,0.9566572,1.9600719,0.3189569,50.016743
0.49467394,0.3972488,1.3258901,0.09742513,19.694818
0.4293688,2.7072146,3.7237377,2.2778459,530.5104
7.5434046,5.20732,5.811322,2.3360844,30.968567
0.25990456,0.6543256,1.5603714,0.39442104,151.7561
12.086702,5.0465484,5.652955,7.040154,58.2471
0.91110843,1.0401516,1.9125571,0.12904316,14.163315
0.81992984,0.85983896,1.9200368,0.039909124,4.867383
0.25542992,1.5943058,2.4826956,1.3388758,524.1656
0.6579141,1.0662277,2.0101776,0.40831357,62.061836
0.31611058,7.2727814,7.8523073,6.9566708,2200.708
4.8986473,2.9088874,3.6646695,1.9897599,40.61856
0.8718166,0.6815914,1.6070672,0.19022518,21.819405
0.47882152,1.3553915,2.202585,0.87657,183.0682
21.219372,20.309385,20.209425,0.9099865,4.2884703
18.539192,20.970863,20.701221,2.4316711,13.116382
1.4383835,1.7510705,2.574826,0.31268704,21.738781
0.33136043,0.4572833,1.3629112,0.12592286,38.00178
0.557148,0.18096942,1.107218,0.37617856,67.51861
0.8502624,1.1009955,1.9963952,0.25073314,29.488914
0.56367534,0.99165213,1.8625553,0.4279768,75.92612
0.3160596,2.8615024,3.7172246,2.5454428,805.368
0.684836,0.40110546,1.3141403,0.2837305,41.43043
0.3219545,0.7269561,1.7730342,0.40500164,125.794685
14.225915,11.492183,11.707191,2.7337322,19.216566
2.421923,1.7701218,2.7546206,0.6518011,26.912548
12.745849,4.287547,5.006296,8.458302,66.36123
0.6937027,0.47896877,1.4443563,0.21473393,30.954748
0.87874675,0.8519521,1.8044201,0.026794672,3.0491917
1.4292711,1.083919,2.0304406,0.34535205,24.16281
0.78889656,0.98875475,1.9133419,0.19985819,25.33389
0.48712564,2.9184651,4.118574,2.4313395,499.1196
0.3827877,0.5764117,1.6336939,0.19362402,50.58261
0.84642345,1.1686666,2.1990335,0.32224315,38.07115
7.254568,7.361841,8.240032,0.1072731,1.4786973
0.9342074,1.7027063,2.529437,0.76849896,82.26214
12.109928,10.937729,11.425975,1.1721992,9.679655
0.6537789,1.1160183,1.9899534,0.46223938,70.702705
11.159248,12.460437,12.775423,1.3011885,11.66018
0.97179246,1.1080968,2.080383,0.13630438,14.026079
2.297197,2.3860445,3.1841304,0.0888474,3.8676436
0.5568364,0.85908806,1.9299132,0.30225164,54.280148
1.517287,1.5395589,2.3774107,0.022271872,1.4678746
0.7533157,0.17263292,1.1281475,0.58068275,77.08359
12.834354,4.8909388,5.50838,7.9434156,61.89182
0.72538984,0.45045105,1.4209734,0.2749388,37.90221
1.011666,1.1054842,2.2070448,0.09381819,9.273632
21.919914,9.252151,9.597617,12.667764,57.79112
0.91301227,0.6399306,1.5348419,0.27308166,29.909967
1.4002932,1.3835409,2.4087024,0.016752362,1.1963468
17.50282,9.01254,9.360722,8.490279,48.508064
0.83435756,0.3049791,1.229594,0.5293785,63.447433
0.16155057,0.18622324,1.1219501,0.024672672,15.272415
0.59565336,0.744354,1.834775,0.14870065,24.964294
0.6741666,1.2707732,2.154858,0.59660655,88.495415
0.56949353,0.39117822,1.3025223,0.17831531,31.31121
0.82962734,0.76891553,1.8585892,0.0607118,7.3179607
0.20108788,0.37273926,1.2962053,0.17165138,85.36138
11.795586,4.0480466,4.727887,7.747539,65.68168
10.415456,3.4298854,4.3055177,6.9855704,67.069275
13.055628,7.723489,8.21886,5.332139,40.84169
6.4845443,1.1470342,2.0824003,5.33751,82.311264
0.66997,0.6025561,1.66287,0.06741387,10.062222
25.687428,15.786221,15.704231,9.901207,38.544956
2.6309533,2.3473616,3.1511428,0.28359175,10.779049
1.2281901,1.563025,2.593899,0.33483493,27.262468
3.5270722,2.9377792,3.7155075,0.589293,16.70771
0.6512708,0.18318905,1.1126618,0.46808177,71.87206
0.83187646,0.67410207,1.5863875,0.15777439,18.966084
0.54730874,0.4441891,1.4216897,0.10311964,18.841219
0.57142186,0.59730315,1.6729774,0.02588129,4.529279
0.3594382,0.40025488,1.3741643,0.040816665,11.355683
4.498982,3.460184,4.311502,1.0387979,23.08962
1.3333446,0.9214592,1.8068053,0.41188538,30.891142
0.5130139,0.120998204,1.0495131,0.3920157,76.414246
1.0572901,0.7676302,1.6928027,0.28965986,27.396442
5.918355,4.3331885,5.204502,1.5851665,26.783903
0.54138297,0.70111775,1.7653805,0.15973479,29.504951
23.584229,15.897539,15.821286,7.6866894,32.5925
13.564108,12.0194435,12.26762,1.5446644,11.387879
0.9147654,1.0322073,1.9311914,0.11744183,12.838465
0.101245485,4.898388,5.524942,4.7971425,4738.13
1.3895701,0.9974823,2.0094728,0.39208782,28.216484
0.3341851,0.7033566,1.7943329,0.36917153,110.46918
0.7168963,0.4973637,1.504075,0.21953261,30.622644
7.6260066,3.7729926,4.502824,3.853014,50.52466
0.58663744,0.45120773,1.517389,0.13542971,23.08576
0.46961325,0.8418554,1.7452477,0.37224215,79.265686
0.45138887,1.5822155,2.441191,1.1308267,250.52162
2.4233828,2.4258018,3.2116938,0.002418995,0.09981894
0.9488584,1.0794685,1.9864663,0.13061011,13.764974
0.37073478,0.6446396,1.5437207,0.27390483,73.881615
10.13635,3.5933027,4.298973,6.543047,64.55032
1.9169096,1.6735406,2.722221,0.24336898,12.695904
0.89848304,1.0185502,1.957773,0.12006712,13.363316
0.32937124,0.8449931,1.7463703,0.5156219,156.54733
0.39104122,0.88937235,1.7714977,0.49833113,127.43699
14.106475,7.749527,8.202147,6.356948,45.06404
0.83718646,0.84282815,1.7226684,0.005641699,0.67388797
16.316433,14.025421,14.061813,2.2910118,14.041132
0.41347003,0.60392237,1.6607243,0.19045234,46.061947
0.37046844,2.1732032,3.0435312,1.8027349,486.60956
0.8537259,1.0781841,1.9656681,0.22445822,26.291601
0.35204268,0.55419755,1.4551576,0.20215487,57.423405
0.36591405,0.56392086,1.4679041,0.19800681,54.112926
27.347658,5.9752755,6.5593424,21.372383,78.15069
0.20520815,0.8194461,1.711247,0.6142379,299.3243
0.35252827,0.11185164,1.062359,0.24067664,68.27159
0.55893975,0.50310814,1.4075177,0.05583161,9.988843
25.950428,14.7018,14.741133,11.248628,43.3466
0.16070586,3.00062,3.7451987,2.839914,1767.1501
3.122927,1.5989404,2.7568288,1.5239866,48.799942
20.070642,6.3651476,6.9109917,13.705495,68.28628
1.5422636,1.4020057,2.2593303,0.14025795,9.094292
10.17286,9.923645,10.2333355,0.24921513,2.4498038
20.207644,32.31097,31.165554,12.103327,59.894794
1.541662,1.1076958,2.0217226,0.43396616,28.14924
0.8225,1.0142028,2.0992906,0.19170284,23.307337
18.165192,24.266973,23.72324,6.101782,33.590515
0.53445524,0.5229404,1.4429934,0.0115148425,2.1545007
0.49346328,0.21606289,1.1430465,0.27740037,56.215
0.4772355,0.31567433,1.2370259,0.16156116,33.85355
1.096703,1.3337007,2.2914522,0.2369976,21.610006
2.9762008,2.8448713,3.6097498,0.13132954,4.4126573
0.7999614,0.8896369,1.9497429,0.089675486,11.209976
0.4723403,0.56996346,1.5799184,0.09762317,20.667974
0.75059485,0.7687402,1.731821,0.018145323,2.417459
2.0637422,1.5233359,2.53507,0.5404062,26.185743
0.98508894,0.7525362,1.6409712,0.23255277,23.607285
1.0849179,1.5333722,2.372396,0.44845426,41.335316
1.3136259,1.3012657,2.1684768,0.012360215,0.9409235
1.6526839,1.6723988,2.5072615,0.019714952,1.1929052
0.74789417,0.98935664,1.8633891,0.24146247,32.28565
3.2074986,1.3704042,2.4155407,1.8370943,57.274982
18.721104,5.0262165,5.639641,13.694887,73.15214
5.0676346,4.5847964,5.2305655,0.48283815,9.52788
1.5560473,1.3703225,2.2303393,0.18572485,11.935681
0.8647169,1.258709,2.1613936,0.39399207,45.56313
0.8988895,1.1219928,2.2588043,0.22310334,24.819887
0.5232662,1.1811342,2.2282298,0.657868,125.7234
0.53868705,3.6909657,4.388714,3.1522787,585.1781
11.0853815,3.6196194,4.6102057,7.465762,67.34782
0.86973494,1.0463626,1.9187727,0.1766277,20.308222
1.2128791,1.2734282,2.165552,0.06054914,4.9921827
0.7941272,1.2107399,2.3386993,0.41661263,52.461697
0.7346378,1.0227423,2.0520077,0.28810447,39.217213
1.3397728,1.2264371,2.2602882,0.11333573,8.459324
1.0612822,1.2029133,2.2619226,0.14163113,13.345284
0.3389317,0.6048919,1.5009298,0.2659602,78.47014
0.9800043,1.3667212,2.2786527,0.38671684,39.460728
2.8128471,1.7626772,2.5822923,1.05017,37.33477
0.55356884,0.5009409,1.5086707,0.05262792,9.507024
0.6208595,0.8888645,1.9556452,0.268005,43.16677
0.6940665,1.4428549,2.3075387,0.74878836,107.88424
19.180882,19.383406,19.149445,0.20252419,1.0558648
0.51725537,0.1481424,1.0751559,0.36911297,71.35991
0.17797722,0.70907664,1.5987027,0.53109944,298.40866
18.900858,9.488617,10.145397,9.412241,49.79796
0.8774023,1.4651566,2.5145144,0.58775425,66.988
5.457619,3.3797855,4.109354,2.0778337,38.072163
0.34075522,0.60244393,1.4997692,0.2616887,76.796684
0.322118,1.086894,1.962509,0.764776,237.42107
0.8577437,1.3316805,2.3018184,0.47393686,55.253902
11.616635,11.020382,11.247892,0.5962534,5.132755
0.71811837,0.6393609,1.5345495,0.078757465,10.967198
0.49242708,0.10278457,1.0362985,0.3896425,79.126945
12.288251,6.49293,7.0250077,5.795321,47.16148
9.958893,9.839554,10.138947,0.11933899,1.1983159
0.9471062,0.74412644,1.6466644,0.20297974,21.431572
23.218557,9.186584,9.53879,14.031973,60.4343
0.5835167,1.1771946,2.1011188,0.5936779,101.74136
14.613795,15.109562,15.345289,0.49576664,3.3924565
0.9107519,0.66492796,1.589082,0.24582392,26.991316
1.6475217,1.1298244,2.0198987,0.51769733,31.422792
11.280384,6.488263,7.315144,4.792121,42.481895
0.66973233,1.3177803,2.367111,0.6480479,96.76223
0.69411546,0.2914247,1.213151,0.40269077,58.014954
2.3081264,2.243447,3.0405354,0.064679384,2.802246
0.5929659,1.5967927,2.5122871,1.0038269,169.28914
0.35409486,2.1103954,2.9096751,1.7563006,495.99716
0.56400156,2.7303283,3.7592804,2.1663268,384.09943
28.224636,12.669798,12.830117,15.554838,55.11085
20.98538,13.969626,14.044989,7.0157537,33.431625
0.6882901,0.17115375,1.097215,0.51713634,75.133484
11.666632,8.178089,9.221944,3.4885426,29.901882
0.93605155,1.0832384,2.1908596,0.14718682,15.724221
17.909473,10.14463,10.455168,7.764843,43.356068
0.3424142,0.49332455,1.4110479,0.15091035,44.072456
6.657237,1.4322231,2.4128425,5.2250137,78.48621
0.8674691,0.8845663,1.9973614,0.017097235,1.9709331
25.576488,17.947918,17.756996,7.6285706,29.826496
0.8842483,0.7954484,1.679546,0.088799894,10.042417
1.4483802,1.7033482,2.5343769,0.25496793,17.603659
1.4373486,1.8468814,2.665141,0.4095328,28.492237
19.239817,2.9358542,3.7166135,16.303963,84.74074
0.8561986,0.606357,1.5024517,0.24984163,29.180336
1.2646585,1.0524032,2.0817273,0.21225524,16.783602
0.59420013,1.3119793,2.4566891,0.71777916,120.79754
18.603266,15.108006,15.084166,3.4952602,18.788424
0.60734344,2.0642066,2.8639832,1.4568632,239.87468
1.2646109,1.0002222,1.8810276,0.26438868,20.906721
0.67100364,0.6127366,1.5138509,0.058267057,8.683568
1.025737,0.7810488,1.6652045,0.24468827,23.854872
5.792657,4.0918255,5.215928,1.7008314,29.361855
0.94093066,0.7267871,1.6728735,0.21414357,22.7587
0.5748571,1.994669,2.7996552,1.4198118,246.98517
1.6934327,1.4098814,2.4606845,0.28355134,16.744175
0.42891747,0.48846146,1.3964074,0.059543997,13.88239
17.303549,7.1767263,7.682438,10.126822,58.52454
0.975361,1.0114584,1.8878692,0.036097407,3.700928
0.59141827,1.0392518,2.175133,0.44783354,75.72197
0.2990116,1.1361723,2.0829935,0.8371607,279.976
5.817988,5.466685,6.215311,0.3513031,6.0382233
2.447276,2.6917205,3.4582996,0.24444437,9.988426
0.32685676,0.50424266,1.4121406,0.1773859,54.270226
0.64628065,0.6184137,1.523002,0.02786696,4.3118978
4.1274805,1.8449564,2.6737258,2.282524,55.300663
0.60215974,0.6443492,1.7353511,0.04218948,7.00636
0.27604976,1.1245482,1.988573,0.84849846,307.37155
3.1654387,2.9833555,3.743029,0.18208313,5.7522244
14.581734,7.5276623,7.983715,7.0540714,48.376083
1.0393509,0.8032521,1.6897029,0.23609877,22.715982
1.0092198,1.4647095,2.383361,0.45548975,45.132862
0.78100157,0.26097676,1.1804858,0.5200248,66.58435
11.330565,9.263495,9.638919,2.06707,18.243309
0.7972374,0.54638314,1.4733373,0.25085425,31.46544
0.8121211,0.7305974,1.6242758,0.08152372,10.038369
12.13776,5.008215,5.635595,7.129545,58.73856
0.8077697,0.52535737,1.4295925,0.28241235,34.96199
5.3761115,3.5223637,4.644212,1.8537478,34.4812
0.42135444,1.1998024,2.0580332,0.778448,184.74896
1.4650546,1.8378527,2.6702507,0.3727981,25.446018
0.36344272,0.94256294,1.9781111,0.5791202,159.34291
0.93713534,0.36257955,1.2827181,0.57455575,61.30979
0.61924505,1.0844927,2.1569607,0.46524763,75.13143
0.87708414,0.7964891,1.7844629,0.08059502,9.188972
0.62703294,0.20333327,1.1306831,0.42369968,67.57216
1.5992723,1.3355136,2.4293416,0.26375866,16.492418
4.433893,4.639979,5.2843933,0.20608568,4.647962
25.165043,6.437651,6.9976816,18.727392,74.41828
0.87761027,1.6319392,2.463311,0.7543289,85.95261
0.38806266,0.3959358,1.4044685,0.007873148,2.028834
0.4482583,0.7012956,1.610333,0.2530373,56.448994
8.629637,4.398888,5.0522804,4.2307487,49.025803
1.3666192,1.5848789,2.4255354,0.21825969,15.970776
15.419508,9.178112,9.525923,6.241396,40.47727
7.2960734,3.656776,4.4126334,3.6392975,49.88022
2.013278,1.6411846,2.551662,0.37209344,18.48197
0.7338613,0.9201392,2.0164561,0.18627787,25.383251
0.9201484,1.0338929,1.9683754,0.1137445,12.361539
0.9870282,1.1198609,2.2245195,0.1328327,13.457844
7.620871,1.6111772,2.7827458,6.009694,78.85836
18.386347,33.166496,32.062202,14.780149,80.38654
4.8735604,2.5423229,3.3176346,2.3312376,47.83438
0.22378178,0.9641851,1.8400203,0.74040335,330.85953
0.24963535,2.2486002,3.0566094,1.9989649,800.7539
0.3732278,0.71375346,1.8055706,0.34052566,91.23802
0.8326171,0.99787927,2.0597606,0.16526216,19.848518
0.5834498,4.2177672,4.888303,3.6343174,622.9015
21.361427,8.424672,9.138001,12.936755,60.561287
0.43208542,0.55238056,1.4687765,0.12029514,27.84059
15.741741,11.601681,11.792606,4.1400604,26.299889
0.088160075,0.3113226,1.2416054,0.22316253,253.13333
0.6638894,2.2677474,3.068921,1.603858,241.58513
6.73053,4.6977925,5.791829,2.0327373,30.201742
15.456604,13.495239,13.571911,1.9613647,12.689493
0.42797998,0.28687495,1.214335,0.14110503,32.970005
16.48937,6.3534975,6.8734474,10.135873,61.46913
0.30144632,0.31160098,1.2478426,0.0101546645,3.3686478
0.4145935,0.35798132,1.2734528,0.056612164,13.6548605
0.34679982,0.47302395,1.5296059,0.12622413,36.396828
0.83943534,0.76629853,1.6570425,0.07313681,8.71262
0.5160044,0.962626,1.8381332,0.4466216,86.55383
0.9264273,1.0991817,2.0849257,0.17275435,18.647371
29.15825,51.266857,49.051502,22.108606,75.822815
5.4859395,4.8433223,5.8357086,0.6426172,11.713895
24.755947,32.254116,31.60437,7.498169,30.288355
0.5755609,0.7046441,1.80778,0.12908316,22.427366
0.8849698,1.1337314,2.1107047,0.2487616,28.109615
0.06545857,0.26080528,1.2341253,0.19534671,298.428
0.9917133,4.0951447,4.763889,3.1034315,312.93634
6.001737,5.447597,6.0785465,0.5541401,9.232995
0.82220936,0.9024359,1.7820488,0.08022654,9.757434
1.462888,1.2677021,2.1285408,0.1951859,13.342504
1.0229737,0.7967948,1.6811309,0.22617888,22.109943
16.708807,19.138859,19.151484,2.4300518,14.543539
0.16959135,0.48639813,1.4575756,0.3168068,186.80598
0.46570054,0.77488935,1.7223175,0.3091888,66.3922
1.2677668,0.99716353,2.0743458,0.2706033,21.34488
2.0816686,1.1605148,2.257285,0.9211538,44.25074
25.316572,17.261686,17.164585,8.054886,31.816652
0.6263042,0.64822674,1.5858035,0.021922529,3.5003004
1.4731456,1.2941794,2.1512983,0.17896616,12.148572
0.91968787,1.1142421,2.2560904,0.19455421,21.154375
0.34114316,3.3155923,4.0809517,2.9744492,871.90643
1.0180335,0.7480272,1.639461,0.2700063,26.522339
2.0505035,1.6316097,2.4998634,0.4188938,20.428827
0.47093198,0.615675,1.5192895,0.144743,30.735435
8.656734,7.3956013,8.337872,1.2611332,14.568233
0.31214023,0.30141312,1.2191356,0.0107271075,3.436631
15.7592125,3.2446704,3.967397,12.514542,79.41096
1.4024566,1.1934023,2.0636601,0.20905435,14.906298
1.7125309,1.5055296,2.368918,0.20700121,12.087444
22.779251,3.3375473,4.1056924,19.441704,85.348305
3.4567397,2.1404352,2.9402387,1.3163044,38.079365
1.2382251,1.1855042,2.2495162,0.052720904,4.25778
1.2869024,1.2579691,2.3557444,0.028933287,2.248289
0.74282354,0.9400128,1.8265716,0.19718927,26.54591
1.1969103,1.1314776,2.2727022,0.06543267,5.4667983
0.59541035,0.68712664,1.5775864,0.09171629,15.403879
0.22722279,0.53583956,1.444078,0.30861676,135.82121
0.6532451,0.8770565,1.9001634,0.22381139,34.26147
11.38053,2.4819815,3.2617314,8.898549,78.19099
1.2508019,1.4535704,2.4646573,0.20276845,16.211075
5.0597086,3.422626,4.553231,1.6370826,32.355274
0.655055,0.57207346,1.4727185,0.08298153,12.667872
1.1418028,1.0636473,2.0698464,0.07815552,6.8449225
1.4222877,1.4345205,2.4900997,0.01223278,0.8600778
2.2031999,1.7301815,2.5534382,0.4730184,21.46961
0.83545226,1.2380831,2.094593,0.40263087,48.193165
0.12736955,1.286572,2.1400964,1.1592025,910.1095
0.32537562,0.55221474,1.4664983,0.22683913,69.71608
18.512653,5.341446,5.925719,13.171207,71.14706
0.67611855,0.734874,1.816435,0.058755457,8.690111
16.595392,18.795607,19.606869,2.2002144,13.257983
1.1398833,1.1105189,2.1664948,0.029364347,2.5760837
7.8669777,5.670253,6.2597184,2.196725,27.923365
8.9454365,6.184116,6.732297,2.7613206,30.868483
1.9605302,0.9316567,1.8977473,1.0288734,52.479347
0.52180547,0.09611392,1.0262561,0.42569155,81.580505
0.7865546,0.90370834,1.8809545,0.117153764,14.894549
0.6941259,0.6617687,1.7565818,0.032357216,4.661577
0.90272546,0.595376,1.530694,0.30734944,34.046833
0.8116251,1.1475055,2.1629004,0.3358804,41.383686
1.8584865,1.2654274,2.2178679,0.5930592,31.91087
8.254303,4.006277,4.6870804,4.248026,51.46438
20.156483,5.7791824,6.3415833,14.3773,71.328415
7.445227,7.4097977,7.875864,0.035429478,0.4758683
0.9436565,0.8220967,1.707045,0.1215598,12.881784
1.7842803,1.3812926,2.4522376,0.40298772,22.58545
1.1395664,0.87528193,1.7540247,0.2642845,23.191671
1.5080134,1.3583915,2.3804824,0.14962184,9.921785
1.070953,1.315563,2.1815271,0.24460995,22.840399
0.57274556,1.9550323,2.9866664,1.3822868,241.34396
0.50730073,1.0165629,1.9453335,0.5092622,100.38665
21.174185,15.272963,15.290274,5.901222,27.86989
0.88898027,0.5285475,1.4325126,0.36043274,40.544514
12.881316,9.566505,10.256578,3.3148108,25.733479
0.7039316,0.42712373,1.3371097,0.2768079,39.323124
0.9798414,1.0704656,2.0589244,0.09062415,9.248859
1.2282497,2.1280324,2.9310844,0.8997828,73.25732
1.4056522,1.0632367,2.065747,0.34241545,24.3599
1.6120765,1.1843767,2.1956012,0.4276998,26.530987
15.789957,11.948517,12.125498,3.8414402,24.328377
1.0525346,0.73277736,1.6219958,0.31975722,30.379736
11.170936,5.0949116,5.7036066,6.076024,54.391365
0.97761637,0.77837014,1.6995897,0.19924623,20.38082
0.98614955,1.0938952,1.959133,0.10774565,10.925893
1.4731354,1.2836614,2.1538532,0.18947399,12.861954
10.184101,10.86475,11.713495,0.6806488,6.683445
0.9419492,1.0820673,2.138798,0.14011806,14.875332
0.8656217,0.83134663,1.8490841,0.034275055,3.9595883
2.6801124,2.5879927,3.4149036,0.092119694,3.4371579
13.264688,17.085985,17.16203,3.8212976,28.808048
0.42784747,0.97471166,1.9479065,0.54686415,127.81755
9.333431,6.8907204,7.396232,2.4427109,26.171627
0.3393917,0.58427143,1.499213,0.24487972,72.152534
0.4762558,1.3881454,2.2333565,0.9118897,191.47057
0.46631175,2.739646,3.523938,2.2733343,487.51382
4.906566,3.196649,4.371435,1.7099171,34.849567
0.8103996,0.7629316,1.6630303,0.047468007,5.857358
21.53702,14.543808,14.542021,6.9932117,32.470657
1.8639387,1.5381243,2.5274823,0.32581437,17.479887
0.3818901,0.0,0.8657496,0.3818901,100.00001
3.003511,2.5482829,3.3203483,0.4552281,15.156531
1.7426267,1.3874674,2.4174638,0.35515928,20.380688
0.5542052,0.41019174,1.3276945,0.14401343,25.98558
0.95446175,1.3711908,2.364989,0.41672903,43.661156
1.8836136,1.9229543,2.7374828,0.039340734,2.0885777
14.558262,5.5187993,6.098588,9.039463,62.091637
1.2741593,1.1308341,2.237856,0.14332521,11.2486105
1.9928495,2.0378182,2.8634026,0.044968724,2.2565038
0.62801415,0.7175844,1.625528,0.089570224,14.262454
0.6518391,0.41356763,1.327216,0.23827145,36.553722
0.5930047,1.7413383,2.5790083,1.1483335,193.64662
1.0782067,0.5620872,1.4627008,0.5161195,47.868324
2.6990705,1.8990383,2.8360717,0.80003214,29.641024
1.0222673,0.82168067,1.7027919,0.20058668,19.621744
4.579259,3.1468005,3.8873932,1.4324584,31.281445
1.0490924,1.1563735,2.144949,0.10728109,10.226086
0.63128465,0.78137434,1.6658028,0.15008968,23.775278
1.2261261,0.9421904,2.0451312,0.28393567,23.157135
0.9360287,0.5249275,1.4267175,0.41110122,43.919724
1.6905708,1.7646668,2.599607,0.074095964,4.382896
3.756361,3.107059,3.9594564,0.649302,17.285398
0.6435002,1.7155464,2.558045,1.0720462,166.59608
1.1462126,0.90200734,1.9440281,0.24420524,21.305407
19.822895,13.587939,13.659853,6.234956,31.453306
0.5737268,0.36208296,1.2785754,0.21164382,36.889305
1.0150151,1.0679026,1.9405603,0.05288744,5.2105074
0.95150167,1.3298345,2.1799912,0.3783328,39.761654
0.69378054,2.2990315,3.3565292,1.605251,231.37735
7.9502354,2.276798,3.0708082,5.673437,71.36187
1.8768841,1.6914473,2.534772,0.18543684,9.880036
0.27290154,1.0675735,1.9651247,0.794672,291.19366
0.86030185,0.84843755,1.7487267,0.011864305,1.3790863
1.3378983,1.1925347,2.0560815,0.14536357,10.865069
2.3534133,2.163233,2.9941876,0.1901803,8.081041
0.5024774,0.42040715,1.3824325,0.08207026,16.333126
1.6131918,1.4276028,2.2822058,0.18558908,11.504463
0.36663732,1.2983878,2.152849,0.9317504,254.1341
4.9424367,4.9389877,5.842478,0.0034489632,0.069782645
1.23199,0.97586703,1.933676,0.25612295,20.78937
6.8389397,2.4006493,3.3872545,4.4382906,64.897354
0.5595487,0.8135749,1.929599,0.25402623,45.39842
0.20012099,0.39689592,1.4188309,0.19677493,98.32798
1.8393514,1.1938944,2.3058102,0.645457,35.091553
2.3819878,2.5053256,3.279875,0.123337746,5.1779337
11.07805,11.353835,11.634714,0.27578545,2.4894764
0.99509996,1.3248785,2.3724182,0.3297785,33.140236
1.82938,1.8016622,2.920142,0.027717829,1.5151488
14.868498,8.745263,9.131416,6.1232347,41.182606
1.4257562,1.0604389,2.0378795,0.36531734,25.622707
0.6262902,1.565542,2.7129002,0.9392518,149.9707
0.97202635,1.3695815,2.2227643,0.3975551,40.899624
0.28032127,2.9226928,3.7089658,2.6423714,942.62256
0.51854557,1.0703497,1.9809307,0.5518041,106.41382
0.5968416,0.9886825,2.118877,0.39184093,65.65242
1.0272248,1.1157198,1.9784044,0.088495016,8.614962
0.79602283,0.6392708,1.5453968,0.15675205,19.691904
0.9754605,1.322989,2.1931112,0.34752846,35.627117
0.52015835,1.1001174,2.241007,0.5799591,111.49664
0.106175,0.17139098,1.1121578,0.06521598,61.423107
4.027192,2.494637,3.2751439,1.5325551,38.055176
0.8572078,0.88816524,1.7945675,0.03095746,3.6114302
0.9090805,0.7743802,1.7287008,0.1347003,14.817203
1.8256167,1.764586,2.7267344,0.061030746,3.3430207
0.55845195,0.7303723,1.618614,0.17192036,30.785166
0.77380127,1.116674,2.2552805,0.34287268,44.310177
0.98143697,1.1082661,2.1145227,0.12682915,12.922801
1.4302331,1.2033241,2.259564,0.22690904,15.865179
0.8305605,1.1881149,2.2692723,0.35755438,43.049767
0.5231901,0.8426343,1.8726716,0.31944424,61.057014
1.0045052,1.2111521,2.1203883,0.20664692,20.572012
4.326445,3.5027328,4.5971913,0.82371235,19.03901
1.492882,1.5064824,2.3450704,0.013600349,0.911013
1.3149694,1.2481108,2.3046172,0.06685865,5.084426
0.447039,0.45943344,1.3684052,0.012394428,2.7725608
0.9908567,0.6396234,1.6032773,0.3512333,35.447437
1.147157,1.0899386,2.1333296,0.057218313,4.9878364
13.274403,13.000048,13.295285,0.27435493,2.0667968
2.9637165,2.5648975,3.409776,0.39881897,13.4567175
11.349596,11.789238,12.379531,0.43964195,3.8736353
2.4947782,2.6186175,3.409401,0.12383938,4.9639435
1.3589162,1.1435645,2.0073102,0.2153517,15.847313
0.8907064,0.9491122,1.8599632,0.058405757,6.55724
21.07782,20.599258,20.336922,0.4785614,2.27045
0.632374,0.71306014,1.8119584,0.08068615,12.759246
0.4435322,0.9604633,2.0861747,0.51693106,116.54871
10.422744,6.8331027,7.3727303,3.589641,34.44046
0.83379614,0.9613149,1.8376806,0.12751877,15.293758
6.576692,4.551259,5.1916423,2.025433,30.79714
16.479115,8.555055,8.955121,7.92406,48.085472
1.8854951,1.6595328,2.5299337,0.22596228,11.9842415
0.54788876,1.1071489,2.2485356,0.55926013,102.07549
19.907738,17.608227,17.754805,2.299511,11.55084
1.5258731,1.1355906,2.2749774,0.3902825,25.577652
4.8148227,5.0899944,5.8016706,0.27517176,5.7150965
1.2501347,1.0580397,2.1281574,0.19209504,15.365947
0.4642891,0.4468703,1.3530672,0.017418802,3.7517145
0.93793374,1.1673801,2.0540032,0.22944635,24.46296
0.6233192,1.1129041,2.2438843,0.48958486,78.5448
0.7704499,2.0541987,2.8637671,1.2837489,166.62329
7.225535,6.850595,7.4154067,0.37493992,5.1890955
1.3895661,1.1211393,2.2627337,0.26842678,19.31731
12.140782,12.758239,12.97816,0.61745644,5.0858045
0.95927376,0.91475844,1.8077064,0.04451531,4.6405225
6.241195,4.105016,4.7821183,2.136179,34.22708
0.64705414,0.49730858,1.3997481,0.14974555,23.142662
0.72751427,0.58253837,1.4833312,0.1449759,19.927568
0.4345919,0.9178982,1.9805033,0.4833063,111.20923
8.526747,10.66689,11.220707,2.1401434,25.099178
12.577479,7.9894753,8.41523,4.588004,36.477932
5.165159,3.8804832,4.5690665,1.2846761,24.871954
0.5389784,0.5284847,1.4383974,0.010493696,1.9469603
1.3489528,1.7931299,2.6501517,0.44417715,32.927555
0.28478765,0.2942443,1.2107413,0.0094566345,3.3205914
7.2003274,1.7381334,2.5598354,5.462194,75.86036
1.1207012,0.6807697,1.5745733,0.4399315,39.255024
17.767029,12.770466,12.892908,4.996563,28.122671
1.0230721,1.5211394,2.3646793,0.49806726,48.683495
2.425969,1.5504284,2.420623,0.8755405,36.090343
5.078776,5.049619,5.6967897,0.029156685,0.5740888
0.34787425,5.06486,5.717802,4.7169857,1355.9457
0.84499645,0.6879101,1.5789964,0.15708637,18.590181
0.99645185,0.8599694,1.7412337,0.13648248,13.696846
12.566016,9.471034,9.803091,3.0949821,24.629782
23.531729,8.343796,8.826842,15.187933,64.54236
0.7728077,0.9317595,1.9810188,0.15895176,20.568087
0.18705308,0.51528466,1.4239576,0.32823157,175.4751
13.6037445,3.4208016,4.1802187,10.182943,74.85397
0.8048235,0.65013003,1.5950623,0.15469348,19.220797
0.5705676,0.3879018,1.2998017,0.1826658,32.014748
0.8226184,0.5784532,1.515746,0.24416524,29.68147
0.95992607,0.72465503,1.6159543,0.23527104,24.509287
0.4318147,0.5591755,1.6219918,0.12736079,29.494316
0.7666442,0.92400503,1.8009342,0.15736085,20.52593
2.3593323,2.2941897,3.1003547,0.06514263,2.7610621
0.30055124,3.2791996,4.0444527,2.9786484,991.06177
9.869482,4.5154552,5.761209,5.354027,54.24831
13.009289,3.672943,4.378525,9.336346,71.76677
14.37771,15.669735,15.88626,1.2920246,8.986302
0.66848993,1.0832739,2.0797267,0.41478395,62.047897
9.793044,1.7885885,2.8422499,8.004456,81.73613
1.0938109,1.1446197,2.25856,0.050808787,4.6451163
27.831175,3.026608,4.0139103,24.804567,89.12512
16.304935,9.499908,9.824994,6.805027,41.735992
3.0409708,2.8576496,3.611618,0.18332124,6.0283785
1.031377,1.1131613,2.1601622,0.08178437,7.929629
1.5215596,0.8317852,1.7236673,0.6897744,45.33338
0.8330459,0.81374073,1.7944608,0.01930517,2.3174198
0.123201355,0.46403173,1.392986,0.3408304,276.645
0.58033097,0.7577728,1.7024701,0.17744184,30.57597
1.0864238,0.86509526,1.8665298,0.2213285,20.372208
0.70424026,0.7375542,1.6236262,0.03331393,4.730478
4.0495133,3.3232436,4.058811,0.7262697,17.93474
1.3435825,1.1155555,2.1403494,0.22802699,16.971565
16.512781,9.601493,9.954492,6.9112883,41.854176
0.9098854,0.88422894,1.8520573,0.025656462,2.8197465
0.35030442,0.6246238,1.5228238,0.27431935,78.308846
18.873108,4.6142898,5.3897552,14.258818,75.55097
1.5638157,1.3747151,2.3756561,0.18910062,12.0922575
0.6301676,0.79352295,1.8530899,0.16335535,25.922523
2.3190832,2.0646782,2.8725882,0.25440502,10.970069
0.38664037,0.73035264,1.6604491,0.34371227,88.89715
1.9544307,1.6626451,2.7060032,0.2917856,14.929442
2.223175,1.6753359,2.5415318,0.54783916,24.642197
2.6381483,3.5058331,4.5483403,0.86768484,32.88992
3.1118047,2.8008745,3.5598478,0.31093025,9.991959
0.70520765,0.85430276,1.8867725,0.14909512,21.142015
9.152485,4.2080765,4.872869,4.9444084,54.02258
3.8526683,3.9459906,4.6416335,0.09332228,2.4222765
0.41994986,0.560361,1.4647626,0.14041117,33.435223
21.232649,4.931531,5.64472,16.301117,76.77383
1.2688812,1.0944016,1.960542,0.1744796,13.750665
0.5606796,0.7418932,1.7433258,0.18121356,32.32034
1.0235945,0.9479486,1.8228873,0.07564592,7.3902235
0.68003273,1.0221429,2.0204656,0.34211016,50.30789
9.681438,6.1296134,7.184666,3.551825,36.686954
0.118833,0.3025105,1.2233995,0.1836775,154.56776
0.93386143,1.2700174,2.1237774,0.33615595,35.99634
2.4136314,1.9990933,2.8060925,0.41453815,17.174873
15.309888,10.520341,10.780933,4.789547,31.284012
0.6885096,1.4809213,2.381978,0.7924117,115.090866
0.6438039,0.4149002,1.3317062,0.22890368,35.554874
0.3862544,0.5921732,1.493144,0.20591882,53.31171
1.8354672,1.1990371,2.2890587,0.63643014,34.67401
0.61179274,0.4113041,1.4299216,0.20048866,32.770683
0.4472228,1.5150146,2.5246446,1.0677918,238.76059
1.5959512,1.9124808,2.727668,0.31652963,19.83329
0.5128536,0.7717649,1.8406771,0.25891125,50.484432
6.3623047,4.399113,5.5061216,1.9631915,30.85661
0.1570352,2.0312192,2.8354647,1.874184,1193.4801
14.017305,9.005619,10.235411,5.0116863,35.753567
1.4417485,1.2505445,2.1063702,0.19120395,13.26195
0.2811059,1.4847176,2.3321488,1.2036117,428.17023
0.9283155,0.40480986,1.3207452,0.5235057,56.393078
0.7768445,1.0287845,2.0570412,0.25194,32.431202
3.8728645,2.1935408,2.985059,1.6793237,43.361282
1.1834857,1.111747,2.252762,0.07173872,6.0616465
12.703519,13.001947,13.207922,0.29842854,2.34918
0.16354948,0.73688996,1.729048,0.5733405,350.56088
8.432165,4.6345787,5.268856,3.7975864,45.036907
1.3237603,1.0073915,1.884745,0.31636882,23.899254
0.27976432,4.636207,5.3325357,4.356443,1557.1831
0.21197602,1.5289481,2.3808954,1.316972,621.2835
0.16871136,2.2710664,3.2381568,2.102355,1246.1254
0.587451,0.66053,1.7594655,0.07307899,12.440015
0.4303507,0.4711985,1.5148215,0.040847808,9.491749
0.23966156,0.41328445,1.3336481,0.17362289,72.44503
0.76357466,0.45953822,1.3808519,0.30403644,39.817513
8.576914,7.929907,8.847519,0.647007,7.543587
0.3002638,2.728011,3.5038092,2.427747,808.5381
0.85096765,1.0734699,2.128923,0.22250223,26.146967
15.667788,14.381709,14.39569,1.2860785,8.208425
0.5295853,0.79819095,1.8162929,0.26860565,50.719997
15.147869,11.863745,12.138393,3.2841244,21.680439
0.8186284,0.5934472,1.4938037,0.22518116,27.50713
0.45010686,1.5618315,2.4006383,1.1117246,246.99127
0.9820315,0.8954166,1.7786214,0.08661491,8.819972
1.4291502,0.98464394,1.8684458,0.4445063,31.10284
0.25842565,1.0735278,2.212362,0.81510216,315.4107
0.7307738,1.1061003,2.160589,0.3753265,51.360146
0.38925493,1.6155407,2.4597425,1.2262858,315.03412
0.70370895,0.84089243,1.9028121,0.13718349,19.49435
27.90443,19.56929,19.267334,8.33514,29.870312
0.7773854,0.76265335,1.8201897,0.014732063,1.8950784
0.8697362,0.7257664,1.6134474,0.14396977,16.553268
0.61579555,1.3721066,2.3569808,0.756311,122.81853
0.7154378,0.5214305,1.4444321,0.19400734,27.117289
0.7611023,0.5923114,1.5186813,0.16879094,22.177166
2.4546945,2.3589215,3.1690218,0.09577298,3.9016254
0.5265644,1.244703,2.1005774,0.71813864,136.38191
1.0607777,1.0777018,2.1410632,0.016924143,1.5954467
1.9888605,1.9605191,2.778067,0.028341413,1.4250076
13.359868,3.3721256,4.1032963,9.987742,74.759285
16.85613,2.7082505,3.4708369,14.147881,83.93314
2.670737,2.0701985,3.1202729,0.6005385,22.48587
0.8480181,0.70272636,1.6837605,0.14529175,17.133095
1.5727328,1.3078794,2.168638,0.26485336,16.840328
0.9268808,1.0629749,2.014661,0.13609415,14.683026
1.2479465,1.1120765,2.2474315,0.13586998,10.887485
0.87417245,0.62689555,1.5333123,0.2472769,28.28697
1.3349285,0.9773663,1.9330248,0.35756218,26.785118
5.954653,4.889724,5.510455,1.064929,17.883982
16.980629,10.918937,11.148078,6.061692,35.697693
0.56050754,0.30231813,1.2250324,0.2581894,46.063503
0.45801708,1.4389684,2.2889645,0.9809513,214.17352
13.990831,14.59593,14.603675,0.6050987,4.324966
0.53090996,0.61264336,1.6874251,0.081733406,15.394966
0.81091326,0.9377632,1.993747,0.12684995,15.64285
0.78399605,0.9840524,1.972187,0.20005637,25.517525
1.8185114,1.5965767,2.5737574,0.22193468,12.204195
1.4847133,1.1133747,1.9835566,0.3713386,25.010796
1.5759469,1.3833029,2.2495456,0.192644,12.224016
0.4394463,0.43835795,1.4275936,0.001088351,0.24766417
0.70502365,1.1104198,1.9940038,0.4053961,57.50107
0.54161626,0.40446678,1.3936181,0.13714948,25.322262
0.46475062,1.4507113,2.3029544,0.9859606,212.14832
0.6854742,0.3926083,1.3076594,0.2928659,42.724567
1.5551491,1.2221932,2.293004,0.33295584,21.409899
0.5799196,0.36990523,1.3019876,0.21001434,36.21439
7.889431,5.033377,6.1684055,2.8560538,36.20101
1.4899672,1.5480947,2.45961,0.058127522,3.9012618
18.147701,3.743473,4.559683,14.404228,79.37219
0.268165,1.8875065,2.763727,1.6193415,603.8601
0.72011864,0.8194753,1.7053548,0.09935665,13.797261
0.9068935,0.7796695,1.7136155,0.12722397,14.028545
0.8305798,1.1144454,2.2563283,0.28386563,34.176804
0.34222618,4.8323965,5.540408,4.4901705,1312.0477
0.4375352,0.6604531,1.5526719,0.22291788,50.94856
0.45991585,0.8129182,1.8383981,0.35300234,76.753685
0.28356627,3.1834912,3.9572375,2.899925,1022.6622
9.349769,3.047638,3.785805,6.3021307,67.40414
3.933005,3.0030856,3.7695794,0.9299195,23.643995
0.7066667,0.87506974,1.7605808,0.16840303,23.830616
0.1458298,1.2166519,2.072985,1.0708221,734.29584
0.6541835,0.13915661,1.0685375,0.5150269,78.7282
1.0960847,1.1597579,2.2556572,0.06367314,5.809144
2.0739992,1.1321206,2.0025458,0.94187856,45.413643
0.9757284,1.1274319,2.2694867,0.15170348,15.547715
0.46044025,2.4728756,3.3219194,2.0124354,437.06766
0.5537632,0.6248809,1.5946007,0.0711177,12.842619
0.89215153,0.5590018,1.4617686,0.33314973,37.34228
0.5279118,0.47528595,1.46158,0.052625835,9.96868
7.4856553,4.517219,5.1643686,2.9684362,39.654995
7.345509,2.4856935,3.2832327,4.8598156,66.16036
1.0996794,1.2321751,2.2361257,0.13249576,12.048582
1.1442207,1.180866,2.260976,0.036645293,3.202642
0.5442892,0.9129046,1.8300737,0.36861545,67.7242
8.756955,3.9303732,4.613807,4.826582,55.117126
0.54661924,0.42143175,1.4188361,0.12518749,22.902136
1.1630398,0.92581904,1.9128764,0.23722076,20.396616
1.1058419,1.0778477,2.1159656,0.027994156,2.5314791
15.030579,5.544103,6.1245995,9.486475,63.114506
1.2662711,1.0552979,2.0021796,0.21097326,16.660986
1.0268471,0.78869915,1.8872199,0.23814797,23.192154
0.6182206,0.7785487,1.753057,0.16032809,25.933798
0.8907803,0.33132675,1.2461436,0.5594536,62.804893
0.8009774,1.1752698,2.1116378,0.37429243,46.729465
0.80968344,0.80323315,1.6897968,0.0064502954,0.7966441
2.2124813,2.2192216,3.2772706,0.0067403316,0.30465034
0.79648876,1.0601444,1.929072,0.26365566,33.102245
18.628754,12.009168,12.178953,6.619586,35.53424
24.298555,15.500832,15.473114,8.797724,36.20678
0.90719664,1.3365569,2.2487092,0.42936027,47.328247
2.8874788,2.4742372,3.3209674,0.41324162,14.311502
0.98950124,0.92331696,1.8060019,0.06618428,6.6886506
0.40554214,0.50082827,1.421177,0.09528613,23.495987
16.486568,18.033438,17.908386,1.5468693,9.382603
0.6389389,0.06253132,0.9962815,0.57640755,90.21325
2.8612554,2.6796672,3.4494596,0.18158817,6.346451
0.42286372,0.57376766,1.4811369,0.15090394,35.686188
0.4243126,1.369056,2.278136,0.9447434,222.6527
0.98830086,0.9691503,1.9707581,0.019150555,1.9377252
20.989832,3.1762018,3.9348457,17.81363,84.8679
5.8331084,5.9320045,6.5173235,0.09889603,1.6954259
1.6654191,1.4374838,2.2805386,0.22793531,13.686363
15.667664,9.95593,10.945626,5.711734,36.45556
0.7265404,0.92740273,1.9834032,0.20086235,27.646412
0.8980519,0.8398994,1.7242287,0.058152497,6.4754047
0.7042829,0.62119496,1.6676414,0.08308792,11.797521
23.135654,9.094163,9.449872,14.0414915,60.692
10.436043,5.789776,6.3590693,4.646267,44.52135
21.925116,39.720993,38.148716,17.795877,81.16663
7.1198564,9.273482,9.618745,2.153626,30.248165
0.9905053,0.84297955,1.7306297,0.14752573,14.893988
0.33910206,0.22745311,1.1694359,0.11164895,32.92488
1.5283093,1.1670876,2.0355613,0.3612218,23.635384
0.7702707,0.8062389,1.8038497,0.035968184,4.6695514
1.4693111,1.1155717,2.257523,0.35373938,24.075186
2.46948,1.6914101,2.661638,0.77807,31.507442
0.5832104,0.6284554,1.6924499,0.04524499,7.757919
0.91285145,0.98503995,1.9736184,0.0721885,7.9080224
0.49234772,0.099763036,1.033348,0.39258468,79.73728
21.165083,29.704945,28.743439,8.539862,40.34882
1.1634192,0.92931235,1.8808695,0.2341069,20.122316
8.217658,2.965513,3.709262,5.252145,63.912914
1.1106911,0.74963856,1.6509259,0.3610525,32.507015
0.33628657,0.59445095,1.5005183,0.25816438,76.76916
1.3479956,1.3322661,2.2468681,0.015729547,1.1668841
1.2193943,0.91827786,1.868115,0.30111647,24.693937
0.978543,1.1046822,2.241312,0.12613922,12.890514
0.40123117,0.6639129,1.5958925,0.26268172,65.468925
0.34091356,1.0777202,1.9532647,0.73680663,216.1271
29.56974,9.745386,10.097807,19.824354,67.04271
1.1382848,1.8568871,2.6729565,0.7186023,63.130272
0.16305074,0.39158216,1.3096107,0.22853142,140.1597
0.5785792,1.0407579,1.9167072,0.4621787,79.88167
0.5296831,1.6809449,2.5069854,1.1512618,217.34917
0.6116804,0.5459821,1.6151575,0.065698266,10.74062
0.054199807,3.6778398,4.382876,3.62364,6685.7065
0.69629586,0.653844,1.7312343,0.04245186,6.096813
12.577345,3.8014684,4.489742,8.775877,69.775276
14.243072,3.4988728,4.2090015,10.744199,75.43456
0.6475563,1.8122456,2.9929512,1.1646893,179.85916
17.281023,11.127097,11.413895,6.153926,35.61089
1.355377,0.9077561,1.8626554,0.44762087,33.025562
0.6819238,0.44437534,1.3622061,0.23754847,34.835045
0.4751634,0.65835035,1.5512369,0.18318695,38.55241
1.4846812,1.1594384,2.0213015,0.32524288,21.90658
0.47405976,0.839746,1.8584013,0.36568624,77.13927
3.38311,3.3127337,4.36544,0.070376396,2.0802279
0.36052495,4.255483,4.922655,3.8949583,1080.3574
0.97458667,1.0764611,2.215495,0.10187441,10.453089
1.0598986,1.1236148,2.2061024,0.06371617,6.0115347
5.7035437,3.9114733,5.0188923,1.7920704,31.420296
0.76665837,0.6207017,1.5551221,0.1459567,19.038036
13.676981,3.8815942,4.5669556,9.795387,71.619514
0.28808746,1.6644483,2.5121121,1.3763608,477.75797
0.74261534,0.6745429,1.7001207,0.06807244,9.166581
0.9052827,1.0565588,1.9574119,0.15127617,16.710379
0.9512977,0.79398155,1.6814563,0.15731615,16.537004
0.745065,0.9391757,1.8154199,0.19411075,26.052862
22.211355,8.817292,9.256203,13.394063,60.30277
9.624731,4.3539443,5.004462,5.270787,54.76295
22.056406,28.866476,28.22578,6.81007,30.875702
18.12561,4.3361974,5.01097,13.789413,76.076965
9.283406,4.8862395,5.529612,4.3971667,47.365875
6.685377,4.0086646,5.210258,2.6767125,40.03832
0.8076652,0.6650115,1.6960986,0.1426537,17.66248
0.32195333,0.33688068,1.2692971,0.014927357,4.6364975
0.70997936,0.61710584,1.5938569,0.09287351,13.081158
0.7516599,0.60569286,1.552077,0.14596707,19.419296
0.41105118,1.0167878,1.8862238,0.6057366,147.36282
0.7367745,1.2119727,2.0798237,0.4751982,64.4971
9.2731085,4.101736,4.842267,5.1713724,55.767414
0.5153314,0.37705135,1.3269644,0.13828003,26.833225
0.20720789,0.37217757,1.2916601,0.16496968,79.61554
0.80103487,0.82160735,1.8741174,0.020572484,2.5682383
0.95980144,0.9278712,1.8061885,0.03193021,3.3267515
0.97407943,1.2300622,2.1654868,0.25598282,26.27946
1.6174363,1.1168919,2.258741,0.5005444,30.94678
23.785872,4.054263,4.732257,19.73161,82.95516
11.994932,8.846298,9.206765,3.148634,26.249702
4.141351,1.4968693,2.661223,2.644482,63.85553
1.2023306,0.9289292,1.8944167,0.27340138,22.739285
0.45608562,0.55895543,1.4615529,0.10286981,22.554934
24.995932,17.01907,16.89793,7.976862,31.912642
1.2826813,1.0864806,2.098904,0.19620073,15.29614
1.8568238,1.3869822,2.3055265,0.4698416,25.30351
1.3341204,1.4202113,2.3519483,0.08609092,6.4530106
0.62367004,1.0537572,2.059463,0.43008715,68.96069
1.2013035,1.1532364,2.2237864,0.048067093,4.0012445
2.108589,1.7093658,2.7541087,0.3992231,18.933187
0.33050573,0.4038575,1.3314142,0.07335177,22.193796
0.22702797,0.57314086,1.6393913,0.3461129,152.45386
7.314331,2.174619,2.9867587,5.1397123,70.26907
4.2616053,2.9182792,3.781419,1.3433261,31.521599
4.242269,3.5488062,4.631586,0.69346285,16.346508
24.315098,9.427295,9.775963,14.887803,61.228638
20.55971,21.08823,20.796873,0.5285206,2.5706618
1.0686789,1.0757339,2.123348,0.007055044,0.660165
1.0392324,1.0703518,2.0459387,0.031119466,2.9944665
8.137749,4.133508,4.817769,4.0042405,49.205753
2.4733791,2.3526247,3.1465979,0.12075448,4.8821664
0.37520275,0.5199914,1.4288942,0.14478865,38.589443
8.659137,9.876877,10.397366,1.21774,14.063065
5.338812,3.35996,4.0951414,1.9788518,37.065395
5.8818035,4.4861345,5.1357365,1.395669,23.728588
1.527348,1.9620941,2.7719362,0.43474603,28.46411
0.3486186,0.4643138,1.5007288,0.11569521,33.186756
15.855114,4.778007,5.4088,11.077106,69.86457
0.2883532,0.662493,1.5614116,0.3741398,129.75052
0.40176994,3.7683,4.4793944,3.3665302,837.92487
1.1624134,1.0176895,2.0219836,0.14472389,12.450295
0.9432076,1.299087,2.2064316,0.35587943,37.730762
0.707625,1.1748483,2.2954798,0.46722335,66.02698
0.3017818,1.466224,2.3269954,1.1644422,385.85568
28.057104,26.530212,25.78327,1.5268917,5.442086
0.42147723,1.3773999,2.2307782,0.9559227,226.80293
20.51052,19.59299,19.30742,0.91753006,4.4734607
9.299088,7.978924,8.437376,1.3201637,14.196702
0.9729478,1.1200488,2.0866654,0.14710099,15.119103
0.42682198,1.1693349,2.100778,0.74251294,173.96315
11.817859,6.116293,6.653023,5.7015657,48.245335
1.3925732,1.1256976,2.1871219,0.26687562,19.164207
0.5965264,0.58190453,1.4794923,0.014621854,2.4511664
0.84683055,0.8420979,1.7711916,0.0047326684,0.5588684
3.6753235,2.4500637,3.2894683,1.2252598,33.337467
0.4756101,0.46558145,1.3709042,0.01002866,2.1085885
1.3865163,1.1270387,2.2689402,0.25947762,18.714357
2.028788,1.5869431,2.4914486,0.44184494,21.778763
0.29555872,0.5769141,1.4801114,0.28135535,95.1944
1.2446969,0.95508647,1.9480991,0.2896104,23.267544
0.6879112,1.5139248,2.3509924,0.8260136,120.075615
0.53605187,0.8723867,1.7541138,0.33633482,62.742966
8.426482,3.573413,4.304068,4.8530693,57.593067
0.30729896,0.4761219,1.3864801,0.16882294,54.937687
1.1725316,1.3181403,2.3226752,0.14560866,12.418315
9.520749,9.503484,9.82356,0.01726532,0.18134414
0.5327744,0.41875175,1.3587745,0.11402264,21.401676
0.717167,1.1227932,2.2646537,0.40562618,56.559513
1.3204693,0.97027075,1.9494725,0.3501985,26.520763
5.2247195,4.0556397,4.772188,1.1690798,22.375933
0.59415966,0.32697523,1.2525467,0.26718444,44.968456
19.997068,11.5953245,11.78422,8.401744,42.014877
26.801172,11.079202,11.351389,15.721971,58.661503
0.54939187,0.39745316,1.3430816,0.1519387,27.655798
17.431711,11.565721,11.765997,5.8659906,33.65126
0.7311,0.709396,1.6122662,0.021704018,2.9686797
1.1727278,1.1444135,2.0118442,0.028314352,2.414401
0.8082274,1.1136966,2.2555306,0.30546916,37.79495
0.84489363,1.535362,2.3786604,0.6904684,81.72252
0.44358197,1.9912,3.0120616,1.547618,348.8911
1.076631,1.125061,2.260875,0.048430085,4.4982996
23.548237,20.27658,19.918945,3.271656,13.893422
1.668648,1.1289577,2.2543647,0.53969026,32.342964
8.028918,3.1275835,3.8739905,4.901335,61.046017
1.3280828,1.0960636,2.0154557,0.23201919,17.470236
0.9432591,1.0247705,2.0894396,0.08151138,8.641462
0.8398137,0.37934482,1.2939856,0.4604689,54.829887
1.2529922,1.0875626,2.0466428,0.16542959,13.202764
1.0299842,0.82138896,1.9150164,0.20859528,20.25228
21.191692,19.900482,19.605679,1.2912102,6.093002
0.73828506,1.4546328,2.5885792,0.7163477,97.0286
1.1150082,0.5939754,1.4967306,0.5210328,46.729053
0.52635306,0.5098959,1.4134614,0.01645714,3.1266353
0.7808382,0.38267443,1.3168476,0.39816377,50.99184
1.2755798,1.0144742,2.083937,0.26110566,20.469566
0.49858275,0.5714109,1.623161,0.072828144,14.607033
1.9098908,1.2710001,2.3817637,0.6388906,33.451683
14.981654,4.8062143,5.451875,10.17544,67.919334
23.015102,4.5438366,5.45171,18.471266,80.25716
5.4540577,3.7155604,4.886641,1.7384973,31.875301
17.290554,5.591216,6.2094626,11.699338,67.66318
6.9642706,2.5755565,3.3425655,4.388714,63.017567
0.6470956,0.68769014,1.7723972,0.04059452,6.2733417
0.2519206,1.7264671,2.583818,1.4745466,585.3219
3.931904,3.7165327,4.41637,0.21537137,5.4775333
13.650041,4.370444,5.0475354,9.279596,67.98219
0.258079,0.7207893,1.6605647,0.46271032,179.29019
21.189556,6.162582,6.711923,15.026974,70.916885
0.875955,0.7435416,1.633269,0.13241339,15.11646
0.5297673,0.5087836,1.5492955,0.020983696,3.9609272
10.722919,10.751436,11.050114,0.02851677,0.26594222
21.314398,27.727842,27.053823,6.4134445,30.089731
2.9064116,3.1397018,3.8847237,0.2332902,8.026743
1.0549476,1.1725345,2.2223449,0.11758685,11.146227
0.44953382,0.52638316,1.6090106,0.07684934,17.09534
0.6010437,0.3234465,1.2405107,0.2775972,46.18586
6.700769,2.997283,3.7345982,3.703486,55.26957
0.5818107,0.17212853,1.0991502,0.40968218,70.41503
1.0372082,1.5386434,2.58966,0.50143516,48.344696
8.963049,8.232428,8.643442,0.73062134,8.151483
0.9010921,0.43896133,1.3463888,0.46213078,51.28563
0.7441062,0.8624215,1.7440616,0.11831534,15.90033
1.4352225,1.0152197,1.8880335,0.42000282,29.263952
0.9496518,0.8595594,1.745675,0.09009236,9.486884
1.0594449,1.1008494,2.1833215,0.041404486,3.9081302
1.2749975,1.0300093,2.1527536,0.2449882,19.2148
22.135096,25.622803,25.002186,3.4877071,15.756459
4.1519895,3.7928762,4.6544495,0.35911322,8.649184
0.58809537,1.5524638,2.4565613,0.9643684,163.98164
16.138187,5.3263974,5.9726562,10.81179,66.99507
0.27742887,2.9078214,3.6945834,2.6303926,948.1322
0.33252397,0.543064,1.6224099,0.21054003,63.315742
0.3632919,0.66350675,1.583578,0.30021486,82.63737
0.6071238,0.57220066,1.5029128,0.034923136,5.752227
9.228943,7.2370424,7.7400007,1.9919004,21.583193
0.69021237,0.6265166,1.5253719,0.06369579,9.228434
11.259595,7.4318094,7.909244,3.8277855,33.995766
1.1709661,1.0271397,1.9292866,0.14382648,12.28272
15.030487,12.8407955,12.99025,2.1896915,14.568334
0.7443021,0.65900826,1.558162,0.08529383,11.459571
0.74305516,0.8270534,1.799649,0.08399826,11.304444
0.3472899,0.3635196,1.288927,0.016229719,4.6732483
0.61396307,0.91801226,1.9131824,0.3040492,49.52239
0.71528167,0.6931586,1.6559496,0.022123039,3.092913
1.4242237,0.88006186,1.83357,0.5441618,38.207607
9.496208,7.2593117,8.0552025,2.2368965,23.555681
0.2646066,0.8353621,1.7216306,0.5707555,215.69963
0.5537609,0.3178824,1.2335763,0.2358785,42.595734
0.8915135,0.7139281,1.6024083,0.17758542,19.919544
0.9122085,1.1890163,2.0473113,0.27680784,30.344799
0.93287617,0.7740123,1.8357681,0.15886384,17.029467
3.4019654,2.7368808,3.5094995,0.6650846,19.55001
20.02206,25.193443,24.522266,5.171383,25.828426
2.112962,1.664681,2.4933414,0.44828105,21.215765
0.191198,0.30911702,1.3612268,0.11791901,61.673767
0.76658064,0.78937876,1.8388485,0.022798121,2.9740016
0.69286793,0.4567092,1.4278115,0.23615873,34.084236
1.6722106,1.217906,2.2098591,0.45430458,27.167906
1.3968943,1.2371516,2.2940032,0.15974271,11.435562
0.8377168,1.0425112,2.0173364,0.2047944,24.446735
13.590277,13.664293,13.719646,0.07401657,0.54462886
17.445105,19.038408,19.287601,1.5933037,9.133243
0.52806383,0.5318395,1.4576643,0.0037756562,0.715
1.8975246,1.169265,2.3095553,0.72825956,38.379456
1.8694314,1.663996,2.6336985,0.2054354,10.989191
1.77188,1.7902579,2.6695085,0.0183779,1.0371977
0.7852821,2.5314717,3.6097126,1.7461896,222.36462
0.8606944,0.76414335,1.6669996,0.09655106,11.217809
0.426832,0.0,0.85449386,0.426832,100.00001
0.9903433,1.0702102,2.0544734,0.079866946,8.064571
1.2631629,1.0064106,1.97933,0.25675225,20.32614
1.565274,1.0695496,1.9614394,0.49572444,31.67014
1.3186873,0.9613973,1.9188632,0.35729003,27.094372
6.7055044,5.7762227,6.3523197,0.9292817,13.858491
5.4200215,5.0921273,5.918032,0.3278942,6.0496845
4.3578405,3.2916641,4.0256605,1.0661764,24.465706
1.1334097,1.448803,2.3944445,0.3153932,27.826937
1.6402136,1.5783811,2.6127279,0.061832547,3.7697864
1.0095919,0.90539324,1.8549613,0.104198694,10.320872
4.8028417,3.5057406,4.220751,1.297101,27.006948
2.1811967,2.1183784,2.9487486,0.06281829,2.879992
2.683127,2.2547495,3.053346,0.4283774,15.965603
0.9241931,1.3062673,2.2888024,0.38207418,41.341377
9.674428,5.333215,5.94902,4.3412127,44.87307
1.0700647,1.026304,1.8963509,0.043760657,4.089534
0.79103905,1.006494,2.0486648,0.215455,27.236961
0.2717557,2.6898983,3.4829023,2.4181426,889.8222
1.3297337,0.9024632,1.8020177,0.42727053,32.13204
0.5043412,0.47685686,1.4106374,0.027484328,5.44955
8.674348,5.699142,6.2684703,2.975206,34.2989
0.64273554,2.7503605,3.746945,2.107625,327.9148
16.175163,4.2047896,4.940156,11.970373,74.004654
0.57013077,0.59845173,1.6691818,0.028320968,4.967451
0.7286274,0.20325314,1.1644976,0.52537423,72.10465
0.1566543,2.147047,2.942902,1.9903927,1270.5637
1.1343179,1.370414,2.4135888,0.23609614,20.813932
0.4508398,0.4054493,1.3191117,0.045390487,10.067986
11.244901,3.6156511,4.4083986,7.6292496,67.8463
0.78755033,1.4531214,2.4586248,0.6655711,84.51156
9.387276,7.3179655,8.268429,2.0693102,22.043777
15.345858,7.0891027,8.181564,8.256755,53.804455
0.06587427,0.8578476,1.9737713,0.7919733,1202.2498
16.968424,8.754864,9.151456,8.21356,48.40497
18.79165,2.396127,3.3384569,16.395523,87.24897
21.224577,19.312862,19.32162,1.9117146,9.007079
0.9995151,0.85368466,1.7403035,0.14583045,14.590119
0.43286324,0.65879726,1.5535581,0.22593403,52.195244
2.0862942,1.874119,2.9411166,0.21217513,10.169953
0.6838531,0.6952307,1.5861971,0.011377633,1.6637539
0.57125556,0.9576782,1.8373902,0.38642263,67.64445
0.93284476,1.0122449,1.9261087,0.07940018,8.511618
0.69774646,0.89753354,1.7778194,0.19978708,28.633192
14.689322,5.368081,5.95444,9.321241,63.4559
3.3108869,2.7463076,3.524999,0.56457925,17.052206
8.947807,6.7850413,7.780449,2.162766,24.170904
0.75320333,0.55028164,1.452121,0.20292169,26.941158
2.7214162,1.21088,2.1183155,1.5105362,55.50552
0.89993733,0.99290705,1.9547789,0.092969716,10.3306875
7.7698026,6.644439,7.347421,1.1253633,14.4838085
9.221721,9.359974,9.809822,0.13825321,1.4992127
0.46908784,0.43352655,1.4369843,0.035561293,7.580946
1.0182275,1.0871851,2.1270306,0.06895769,6.7723265
1.037457,1.1251447,2.1799319,0.08768773,8.45218
15.809098,20.264992,19.918015,4.4558935,28.185627
1.0118126,0.66114175,1.5582337,0.3506708,34.657684
1.3173673,0.9989337,1.9129821,0.31843364,24.17197
14.969459,9.4601,9.83157,5.5093584,36.803993
18.443213,35.892883,34.57463,17.44967,94.61297
0.7021907,0.8442991,1.7263746,0.14210838,20.237862
0.25497127,0.523106,1.4588342,0.2681347,105.16272
0.14364405,0.43133435,1.4845583,0.28769028,200.27998
4.746846,2.0134544,2.9724865,2.7333918,57.58332
0.92746663,1.0654867,2.1351597,0.13802004,14.881402
1.0021945,0.8019016,1.7033217,0.20029294,19.985437
23.519619,16.00278,15.945595,7.516838,31.959864
0.5637511,0.3375448,1.2529393,0.2262063,40.12521
5.4934864,3.8718958,4.5575666,1.6215906,29.518423
0.24763042,2.1729093,2.9788098,1.9252789,777.4808
0.5308963,0.1687337,1.1049179,0.3621626,68.2172
0.8996849,0.7505082,1.6411642,0.14917672,16.580996
0.25159562,1.1137114,2.2555468,0.86211574,342.65927
0.27769306,0.43984318,1.4040052,0.16215011,58.39185
0.8432772,0.86472285,1.9111494,0.021445632,2.5431294
22.050587,5.4781184,6.076507,16.572468,75.156586
3.3073976,2.4053266,3.196356,0.902071,27.274343
0.51754946,3.2488527,3.9795642,2.7313032,527.7376
23.807083,29.777643,28.943142,5.97056,25.078924
1.2593728,1.1449087,2.2848153,0.114464164,9.088982
0.8555868,0.8129394,1.6979012,0.04264742,4.984581
3.391843,3.5966034,4.363598,0.20476031,6.036845
0.75849324,0.81980777,1.8486761,0.061314523,8.083727
26.080898,40.24084,38.786495,14.159943,54.29239
3.5952792,3.2855043,4.07109,0.30977488,8.616157
0.9312475,0.8848392,1.770381,0.046408296,4.9834547
4.718726,4.027768,4.7012014,0.690958,14.642893
1.125081,0.6790316,1.5770735,0.44604933,39.645977
0.9569227,0.7323234,1.8266575,0.2245993,23.470997
11.266685,6.3261566,6.856243,4.940528,43.85077
0.9573274,1.1762722,2.0362008,0.21894473,22.87041
1.7929974,1.1730278,2.3149712,0.6199696,34.577274
0.82491887,2.1742704,2.9985917,1.3493515,163.57384
0.8887064,0.31863222,1.2344218,0.5700742,64.146515
0.31821725,0.4531391,1.4113855,0.13492185,42.39929
9.487849,7.4609814,7.9513316,2.0268679,21.362774
0.676054,0.5251949,1.4297097,0.15085912,22.314655
1.7279574,1.1495061,2.2593622,0.5784513,33.476017
25.363413,5.759436,6.3592696,19.603977,77.29234
0.75314415,0.48238024,1.4379059,0.2707639,35.95114
0.8474089,1.5707746,2.41579,0.72336566,85.36205
0.70384604,1.1097493,2.2513156,0.40590328,57.669327
0.3576807,0.33221638,1.2565557,0.025464326,7.1192894
1.3230689,0.8159931,1.7022539,0.5070758,38.32573
1.8101879,1.1614923,2.2621846,0.6486956,35.835815
19.918299,21.17364,20.771141,1.2553406,6.3024487
15.663758,15.286692,15.47924,0.3770666,2.407255
15.213375,4.66404,5.3065805,10.5493355,69.34251
0.6604514,0.50024164,1.4862663,0.16020977,24.257616
1.8517605,1.6162186,2.6894171,0.23554194,12.719892
14.09951,7.084839,7.5836077,7.0146713,49.75117
5.26862,3.4460206,4.2064166,1.8225994,34.59349
17.027191,8.888998,9.255771,8.138193,47.795277
1.0409379,0.80431926,1.703446,0.23661864,22.731293
0.7709653,1.1154387,2.2573698,0.34447342,44.680794
1.0468144,0.66484773,1.5615554,0.3819667,36.488483
0.9672307,0.83114004,1.8031808,0.13609064,14.070133
23.158257,3.8879886,4.582153,19.270267,83.21122
17.416649,8.293602,8.72833,9.123047,52.381184
15.882778,3.513246,4.232951,12.369532,77.88015
0.37895888,1.664834,2.5029662,1.2858751,339.31784
0.9445359,0.98064756,2.0595918,0.036111653,3.8232164
0.40420282,0.32256335,1.3317425,0.08163947,20.19765
0.34510964,0.0,0.9226495,0.34510964,100.0
6.9259243,7.8202114,8.475839,0.8942871,12.912169
1.3081337,1.138093,2.1650798,0.17004073,12.998726
0.20648327,0.5363444,1.5896345,0.32986113,159.752
18.406513,14.164952,14.285622,4.241561,23.043804
18.74286,5.483876,6.077407,13.258985,70.741516
0.9695885,1.142904,2.0046656,0.17331553,17.875162
1.1351701,1.203568,2.2646441,0.06839788,6.025342
1.434024,1.6682878,2.5000687,0.23426378,16.336113
21.952301,10.74678,10.989664,11.205521,51.044853
0.928781,0.9368106,1.8823938,0.00802964,0.86453533
0.5923506,1.087426,2.13398,0.49507535,83.578094
0.33785203,0.69456506,1.7703435,0.35671303,105.58262
0.55016196,4.0294747,4.905662,3.479313,632.4161
0.6673528,1.0779533,2.1179721,0.41060054,61.52676
0.15859501,1.1136818,2.255515,0.95508677,602.2174
1.0328236,0.5305389,1.4423096,0.50228465,48.632183
1.1140409,0.7715969,1.6591514,0.34244394,30.738901
0.95419025,1.0135307,2.0556314,0.059340477,6.2189355
4.1043677,2.3880584,3.1717322,1.7163093,41.816658
0.22861163,1.5420158,2.414779,1.3134042,574.5133
1.2276378,0.941417,1.8306087,0.2862208,23.314758
0.5635874,1.2153795,2.3620684,0.65179205,115.650566
0.66207933,1.0793214,1.9452238,0.41724205,63.019947
1.519793,0.9223099,1.8027394,0.59748316,39.313454
0.043321814,1.3841722,2.414937,1.3408504,3095.0928
0.66344345,2.0841763,2.8819768,1.4207329,214.1453
0.6252394,0.5196657,1.5706651,0.105573654,16.885317
3.3442788,2.6143498,3.5062232,0.729929,21.8262
27.644201,22.123167,21.692072,5.5210342,19.971762
1.436881,1.3039427,2.1704705,0.13293827,9.251864
17.78967,1.6191657,2.6081297,16.170506,90.898285
4.7537894,2.8639889,3.6189494,1.8898005,39.75356
0.8498717,0.7911135,1.8331398,0.0587582,6.913773
0.45062378,1.0612199,1.9743948,0.6105962,135.50021
0.9932093,1.0441093,2.003318,0.050900042,5.124805
0.9894132,0.5654222,1.4647038,0.42399102,42.852776
1.1543174,0.9483068,1.8263459,0.20601058,17.846962
1.8953197,2.325715,3.1164231,0.43039536,22.708324
0.11923772,0.6882144,1.7894821,0.5689767,477.17844
0.8606691,0.858691,1.7481465,0.0019780993,0.22983274
0.6179518,0.2315238,1.1868513,0.386428,62.533676
17.058,6.3459363,6.883869,10.712065,62.79789
0.57293737,0.2486429,1.1707193,0.32429445,56.602074
0.52377987,0.40897834,1.4121387,0.114801526,21.917894
0.38164014,0.0,0.90579486,0.38164014,100.0
4.8825397,3.1588702,4.243681,1.7236695,35.302727
7.421956,6.2110095,7.033449,1.2109466,16.315733
6.270417,10.147965,10.465722,3.8775482,61.83876
0.669195,0.65836906,1.5537037,0.010825932,1.6177545
5.2675757,4.200187,5.053363,1.0673885,20.263372
26.562214,46.823425,44.83479,20.261211,76.27832
0.7652908,0.64595425,1.7267344,0.119336545,15.593621
0.7414778,0.583017,1.5495578,0.1584608,21.370943
2.5340502,2.003222,3.0583508,0.53082824,20.947819
1.1744522,1.3632557,2.266539,0.18880355,16.075884
25.296156,31.612469,30.53289,6.316313,24.969458
7.641646,3.1257033,3.9230592,4.5159426,59.096466
0.547685,3.8263764,4.5245066,3.2786913,598.64545
17.765377,16.888748,16.743645,0.8766289,4.934479
0.23467048,0.8837428,1.7757828,0.64907235,276.58884
0.7130285,0.27711394,1.1959091,0.43591455,61.13564
0.63484716,0.9357983,1.8275484,0.30095112,47.405285
1.040681,0.5340849,1.4359993,0.5065961,48.679283
1.3114141,1.0250471,2.117738,0.28636706,21.836508
0.7220905,0.64364827,1.5474253,0.078442216,10.863212
0.40622783,0.7299179,1.8202341,0.32369006,79.68191
16.822388,6.399715,6.937174,10.422672,61.95715
0.116269045,0.33380985,1.3866931,0.2175408,187.10121
0.80190253,0.82315993,1.9083024,0.0212574,2.6508708
0.5237951,3.8945618,5.0140676,3.3707666,643.52765
0.37138528,1.0063448,2.1364415,0.6349595,170.97057
0.54587966,0.87990594,1.8039352,0.33402628,61.190456
0.36714596,0.60425794,1.507323,0.23711199,64.58249
0.4921529,0.0,0.93590426,0.4921529,100.0
1.0812759,5.6599708,6.2478533,4.578695,423.45294
1.1141695,0.8779391,1.7616373,0.23623037,21.202374
1.2632817,1.1974151,2.108998,0.06586659,5.2139273
1.4972512,1.2098775,2.2848742,0.28737366,19.193417
0.54857403,0.6590923,1.5647935,0.11051828,20.146465
22.603632,20.610514,20.224014,1.9931183,8.817691
0.45307156,0.4839873,1.3944552,0.030915737,6.823588
1.1612252,1.0456266,1.9185233,0.11559856,9.954879
1.451895,1.5523827,2.4170127,0.10048771,6.9211416
3.101468,2.3850822,3.2083552,0.71638584,23.09828
0.26042098,1.6145728,2.6966798,1.3541517,519.98566
0.80888873,0.81617403,1.7784332,0.007285297,0.90065503
1.1137619,0.92323685,1.8785809,0.19052505,17.106443
0.38772234,0.0,0.9350767,0.38772234,100.00001
18.37666,9.993881,10.302064,8.382778,45.616444
23.80365,15.768759,15.701454,8.034891,33.75487
0.37540412,0.018109823,0.96515065,0.3572943,95.1759
0.21767578,0.71261823,1.6354651,0.49494246,227.376
0.749594,0.8788445,1.8806865,0.12925053,17.242739
1.3233864,1.0880122,2.0108538,0.23537421,17.785751
0.9136911,1.3768132,2.310092,0.46312207,50.68694
0.72767335,0.7378378,1.7042084,0.01016444,1.396841
1.2021028,1.5502555,2.3911128,0.34815276,28.96198
17.983393,5.8565874,6.886744,12.126805,67.43336
25.320314,8.470449,8.913124,16.849865,66.54682
13.687242,6.648519,7.3391867,7.0387225,51.425426
0.10866956,0.6763296,1.7245519,0.56766003,522.3726
2.5816178,1.6451612,2.5628264,0.9364567,36.274025
0.60807186,0.7262783,1.8219512,0.11820644,19.439552
1.0087014,1.1520894,2.0239124,0.14338791,14.215099
0.66345406,0.9670012,2.095354,0.30354714,45.75255
0.60935646,0.94761634,2.0730608,0.33825988,55.511005
0.40461457,0.27996477,1.2511935,0.12464979,30.807045
7.7816157,3.8707814,4.590653,3.9108343,50.257355
0.9146657,0.96989405,2.0160313,0.055228353,6.0380917
1.2123946,1.1143644,2.2562418,0.09803021,8.085669
14.417787,9.038259,9.413442,5.379528,37.31175
5.9693065,5.77403,6.359003,0.19527626,3.2713392
0.96661365,0.9111202,1.9564133,0.055493474,5.7410192
1.4577329,1.0894082,2.1104403,0.36832476,25.266956
1.793945,1.7659507,2.5881479,0.027994275,1.5604868
0.699882,0.9008044,1.7772375,0.20092243,28.708046
0.5194387,1.2978787,2.195596,0.77844006,149.86179
5.6755214,4.874274,5.498469,0.8012476,14.117602
0.38535365,0.81888497,1.7224001,0.4335313,112.50219
20.301643,22.804024,22.594484,2.5023804,12.325999
0.9520719,1.2062085,2.0645049,0.25413656,26.693
0.14151278,0.13590424,1.0811665,0.0056085438,3.963277
0.56433666,0.02118982,0.9600431,0.54314685,96.245186
13.902287,9.787344,10.390768,4.1149426,29.599035
21.328882,27.080406,26.724857,5.751524,26.965895
15.440004,3.5074606,4.612684,11.932544,77.283295
0.6468517,1.207511,2.122827,0.5606592,86.67508
0.31866384,1.6839797,2.52665,1.3653159,428.4502
1.0105494,1.1794026,2.3206694,0.16885316,16.709045
0.68318987,0.6919941,1.5843806,0.008804202,1.2886903
24.76921,27.906296,27.128515,3.137085,12.66526
0.82517534,0.42554575,1.3684895,0.3996296,48.429657
0.9524862,0.92083395,1.8428265,0.03165227,3.3231213
0.4631884,0.518888,1.5501915,0.055699587,12.025255
0.32979396,0.5676987,1.4714999,0.23790476,72.13739
25.896385,16.66796,16.56837,9.228426,35.635963
0.5812821,0.5791794,1.5847492,0.002102673,0.36173025
4.249822,3.25877,3.9845178,0.99105215,23.31985
1.2425035,1.0942726,1.9986482,0.14823091,11.930019
0.9591613,1.0161073,2.092645,0.05694604,5.937066
0.47045675,0.0,0.7151657,0.47045675,100.0
0.8279655,1.4075792,2.5189064,0.5796137,70.00457
0.3655448,0.5582422,1.4687405,0.1926974,52.71513
1.3126472,1.2028365,2.1098022,0.10981071,8.365592
0.56660336,0.21579888,1.1379769,0.35080448,61.91359
0.5636617,2.4098713,3.2204556,1.8462096,327.5386
23.42409,34.028034,33.08745,10.603945,45.2694
0.9618981,1.286355,2.3149424,0.32445693,33.730907
14.017134,6.2374377,6.7772956,7.779696,55.50133
0.72663975,0.98190033,2.0347817,0.2552606,35.128906
4.0953,3.7403727,4.449108,0.35492754,8.666703
0.59662324,0.7358985,1.637338,0.13927525,23.34392
1.0145404,0.9177371,1.808039,0.09680331,9.541592
0.29511636,0.6441376,1.5713718,0.34902126,118.26564
1.291077,1.3210998,2.1756027,0.03002274,2.3254027
0.58010423,0.46503875,1.512355,0.115065485,19.835312
0.84746206,0.53498006,1.4431338,0.312482,36.872684
0.59772444,0.78980184,1.85647,0.1920774,32.134777
1.3890707,1.3603241,2.2124765,0.028746605,2.0694845
0.7963999,1.025681,1.8944645,0.22928113,28.789698
1.1606396,1.0376399,2.0994968,0.12299979,10.597586
16.752684,8.531481,8.918385,8.221203,49.073948
0.3941131,0.7207056,1.8156654,0.32659253,82.867714
1.4204298,1.337487,2.2716558,0.08294284,5.839278
0.74444646,0.94540167,1.9198087,0.20095521,26.993912
15.599697,10.259564,10.580718,5.3401327,34.232285
1.0288134,1.068543,1.9429107,0.039729595,3.8616912
0.28539327,1.5014586,2.378605,1.2160654,426.10162
11.741094,11.358867,11.596936,0.38222694,3.255463
1.0860592,1.2842746,2.1870773,0.19821537,18.250881
18.194818,5.471618,6.0564966,12.7232,69.9276
1.0042785,1.4154005,2.2611144,0.41112196,40.937046
0.87650025,0.5813203,1.5074822,0.29517996,33.67711
6.1005387,7.5012846,8.116585,1.4007459,22.96102
1.0962623,0.91176414,1.7875415,0.18449819,16.829748
0.7072798,0.9370538,1.8314954,0.229774,32.487
1.1414059,0.9214041,1.7999271,0.22000182,19.274633
0.50269014,0.26651233,1.1877093,0.2361778,46.98278
0.19377458,0.8732281,1.752937,0.6794535,350.6412
0.975208,0.81763184,1.7094402,0.15757614,16.158209
0.3564424,1.3507454,2.2133994,0.99430305,278.95197
26.435076,9.050306,9.418765,17.38477,65.76402
0.7144043,0.8217411,1.7139133,0.10733682,15.02466
1.242499,1.2862034,2.3153808,0.04370439,3.517459
1.1866641,0.97036815,1.923471,0.21629596,18.227228
5.442326,1.5136282,2.4425724,3.9286978,72.18784
0.8038275,0.83345294,1.8959408,0.029625416,3.6855438
0.3466676,0.49753985,1.4094043,0.15087226,43.52073
0.93817043,0.40418532,1.3169594,0.53398514,56.91771
0.8373473,0.6314497,1.5512358,0.20589763,24.589275
0.8634967,0.44850242,1.3627485,0.4149943,48.059746
19.349625,5.2481403,5.844817,14.101484,72.877304
0.096607395,3.6654692,4.367487,3.5688617,3694.191
0.5166827,0.61086357,1.6410749,0.09418088,18.227993
0.3250601,0.7297752,1.6367022,0.4047151,124.50469
0.49586335,1.0362122,1.9630519,0.5403489,108.97133
1.0408492,1.3458338,2.219618,0.30498457,29.301514
1.4177579,1.3760769,2.22833,0.041680932,2.939919
0.0950161,0.3001991,1.2721848,0.205183,215.9455
0.69755834,0.3705205,1.3000549,0.32703784,46.883224
20.925955,16.425028,16.329363,4.500927,21.508825
17.368698,23.129276,22.742638,5.760578,33.166435
0.752239,0.45675507,1.4097891,0.29548392,39.28059
0.72793627,0.23986384,1.1643498,0.48807243,67.04879
6.6663313,2.712306,3.910326,3.9540253,59.313362
1.3258373,1.3222613,2.1720679,0.003575921,0.26971042
0.90279156,0.50144625,1.489659,0.4013453,44.456036
0.31173128,1.504457,2.3433821,1.1927257,382.6134
0.80410755,0.9185928,1.8068572,0.114485264,14.237556
0.8180757,0.70936847,1.6520683,0.10870725,13.288164
0.56670815,0.6724262,1.6838756,0.105718076,18.654766
2.907567,2.932741,3.734569,0.025173903,0.86580646
1.812819,1.1281893,2.2697341,0.6846297,37.766026
0.72577924,0.68528855,1.7583374,0.040490687,5.5789256
0.9236949,1.3110676,2.1670294,0.38737267,41.937294
7.339125,7.6547127,8.17923,0.31558752,4.30007
0.84813,1.6652973,2.699956,0.8171673,96.3493
1.0091537,0.7759818,1.7065374,0.23317194,23.10569
7.8049655,5.3610682,5.9500647,2.4438972,31.312082
0.59845644,1.8938015,2.7181554,1.2953451,216.44766
1.0345457,1.1765687,2.0353963,0.14202309,13.728064
1.4096066,1.0813966,2.1982362,0.32821,23.283802
0.3119344,3.6831236,4.416257,3.371189,1080.7365
0.13730162,7.9282207,8.366159,7.7909193,5674.3096
0.6638032,0.77474344,1.6701034,0.11094022,16.712816
0.6571733,0.9103677,1.9087919,0.25319445,38.527805
16.620611,13.791521,13.858616,2.82909,17.021576
1.9227222,2.055511,2.8779793,0.13278878,6.90629
0.37318695,0.5982212,1.5012779,0.22503424,60.30067
6.7735415,9.083116,9.660875,2.3095741,34.096996
1.8515732,1.5798395,2.6079428,0.27173376,14.675831
0.9375973,0.5386405,1.4432983,0.39895678,42.550972
0.78845525,0.7728685,1.6728566,0.015586734,1.9768698
16.40985,8.719284,9.105347,7.690565,46.865543
28.558645,39.34589,37.822132,10.787245,37.77226
0.5389454,0.2747102,1.2031083,0.26423517,49.02819
1.0620983,1.7562485,2.5929384,0.6941502,65.3565
5.453901,1.423181,2.389672,4.0307198,73.90526
0.38835597,2.3861034,3.2273483,1.9977474,514.41144
24.172789,21.742489,21.339369,2.4302998,10.053865
4.5745873,3.3682642,4.088529,1.2063231,26.370098
0.42124683,0.7573228,1.6471987,0.33607596,79.78125
24.580084,7.4537106,7.924037,17.126373,69.67581
1.8662798,1.6203582,2.4517705,0.24592161,13.177103
0.83061254,0.83030474,1.8758547,0.0003077984,0.037056796
1.011396,0.57870185,1.4848056,0.4326942,42.781876
1.3314469,0.9392649,1.9322553,0.392182,29.455324
0.52587074,0.8953843,1.7783138,0.36951357,70.267
13.851534,3.707179,4.4624434,10.144355,73.23633
0.4316528,1.4260652,2.4654942,0.9944124,230.3732
0.87798953,0.96198857,1.9135962,0.08399904,9.5672035
0.20061862,0.20014898,1.1654779,0.0004696399,0.23409586
0.4668947,1.6370404,2.61138,1.1701458,250.62305
0.43746272,0.73701704,1.6995184,0.29955432,68.475395
0.9217844,1.3765657,2.4563854,0.4547813,49.33706
1.464566,1.5249515,2.3726745,0.060385466,4.1230965
0.7845147,0.6712475,1.580287,0.11326724,14.437873
0.49852118,0.40658453,1.3229649,0.09193665,18.441874
1.2168441,1.0269563,2.136007,0.18988776,15.6049385
3.3722577,2.957607,3.9293864,0.41465068,12.295938
0.447259,6.004677,6.6075916,5.557418,1242.5502
0.15005854,2.5823302,3.5170538,2.4322717,1620.882
5.452605,5.94726,6.655215,0.49465513,9.071905
0.3581028,0.43561155,1.3700047,0.07750875,21.644272
2.2869656,2.6587782,3.6165733,0.37181258,16.2579
1.6397069,1.0489972,2.1850893,0.5907097,36.025322
0.85001206,0.84107375,1.7830243,0.0089383125,1.0515512
10.909032,2.0883543,2.8912404,8.820678,80.85665
0.8665146,0.88481855,1.7654938,0.01830393,2.1123626
25.983534,14.72523,14.727275,11.258304,43.328606
27.234848,5.6571045,6.2526083,21.577744,79.22844
0.54754585,0.46270934,1.4001946,0.08483651,15.493956
1.0675018,0.5222931,1.4258329,0.5452087,51.07333
0.76522565,0.85245204,1.7414908,0.08722639,11.39878
1.6098315,1.5092375,2.348691,0.100593925,6.2487245
18.2307,8.990042,9.352869,9.240658,50.687347
5.0257087,5.4925575,6.1642876,0.46684885,9.289214
0.9937076,0.92833376,1.9555659,0.06537384,6.57878
24.562878,13.577255,13.715084,10.985622,44.724495
17.469616,15.946131,16.126656,1.5234852,8.720771
0.92549425,0.87373877,1.7742012,0.051755488,5.5921993
19.378952,3.4136925,4.18425,15.96526,82.38454
0.31425607,6.4654512,7.117081,6.151195,1957.383
1.138503,1.3150673,2.3655965,0.17656434,15.508465
13.275015,17.781033,17.583134,4.5060177,33.9436
3.6050107,1.6573937,2.4846263,1.947617,54.025276
17.581686,18.49325,18.221386,0.9115639,5.1847353
1.5411475,1.168818,2.2719612,0.37232947,24.159237
1.2673502,1.0215323,1.987755,0.2458179,19.39621
16.176208,17.949232,17.923489,1.7730236,10.960688
1.1726685,1.2577627,2.3089638,0.08509421,7.2564597
24.420431,14.730116,14.734924,9.690315,39.68118
0.94554484,1.1850095,2.054835,0.23946464,25.325573
0.6607734,0.9480151,2.0741956,0.2872417,43.47053
2.217309,2.1693697,2.9853156,0.0479393,2.1620488
2.90517,2.4192061,3.229788,0.48596382,16.727552
18.120682,2.0072408,2.9625113,16.113441,88.92293
0.9445238,0.96816945,1.9862518,0.02364564,2.5034456
0.23322766,0.35979936,1.3872572,0.1265717,54.269596
0.59930694,0.7524679,1.853389,0.15316093,25.556343
1.6284024,1.2453792,2.197915,0.38302314,23.521408
1.0382749,1.1790907,2.2738159,0.14081585,13.562483
12.306515,6.948004,7.472481,5.358511,43.542065
0.8527388,0.7205976,1.613168,0.13214117,15.49609
1.2325574,1.331125,2.2192516,0.098567605,7.996999
0.8762634,0.9387908,1.9300611,0.06252742,7.135688
0.66925734,1.000298,1.9152645,0.33104068,49.463886
0.34867862,0.39625975,1.3196428,0.047581136,13.646131
0.5087459,0.1854755,1.1103163,0.3232704,63.542606
23.588598,8.141499,8.888969,15.4471,65.48545
12.95872,8.0084715,8.77599,4.9502487,38.200134
0.6446254,0.36439395,1.3110354,0.28023148,43.471985
0.78765774,0.88011837,1.8228749,0.09246063,11.738682
0.43094313,4.357655,5.043584,3.926712,911.1903
1.130801,1.1045549,2.0948215,0.02624607,2.321016
0.21950935,0.3550908,1.2778065,0.13558145,61.765682
0.2968227,0.38880256,1.3290955,0.09197986,30.988152
0.79922307,0.650764,1.5866888,0.14845908,18.575424
2.4065182,1.9438202,2.7517495,0.46269798,19.226864
0.9853886,1.0259132,1.9406253,0.04052466,4.112557
0.63131464,1.5396554,2.4971368,0.9083408,143.88084
1.5217034,1.128649,2.2673044,0.39305437,25.829893
0.9309463,1.0155993,2.0868754,0.08465296,9.093216
0.0850264,0.48390684,1.3885772,0.39888042,469.1254
2.432401,2.4047084,3.3974097,0.027692556,1.1384865
1.4868435,1.175178,2.1998131,0.31166542,20.96155
0.75803614,0.5709971,1.5109079,0.18703902,24.674154
0.9395807,0.76447856,1.6814052,0.17510211,18.636198
0.8061061,0.83644366,1.8941996,0.030337572,3.7634714
0.8679009,0.6417955,1.5376413,0.22610539,26.051981
13.540367,6.6670156,7.20805,6.8733516,50.76193
4.130918,1.6961663,2.8535118,2.4347517,58.939724
0.72530067,2.4326286,3.4429266,1.707328,235.3959
1.7211678,1.406112,2.2603962,0.31505585,18.304771
0.5411615,0.40891233,1.3210601,0.13224915,24.438019
0.91974497,0.93499255,1.9236975,0.015247583,1.6578056
0.87523204,0.7466037,1.6895266,0.12862831,14.696481
1.3683058,1.1731446,2.2864969,0.19516122,14.262983
0.826572,0.55328965,1.5461209,0.27328235,33.062134
0.6936644,0.64722824,1.5473591,0.04643613,6.694322
1.1065599,0.8378686,1.7247626,0.2686913,24.281677
0.59233254,0.8074156,1.6917548,0.21508306,36.311203
0.8668205,1.2470121,2.1626868,0.38019162,43.860477
11.542586,8.419959,8.821273,3.1226273,27.053099
0.64889544,0.5985074,1.4955847,0.05038804,7.7652016
16.828259,6.5391083,7.0485253,10.28915,61.142097
0.79110366,0.89922535,1.7763866,0.10812169,13.667196
8.361151,3.516039,4.230036,4.845112,57.947906
0.66543883,0.6888982,1.6804656,0.023459375,3.5253992
0.7965303,0.8618187,1.7429515,0.065288365,8.196595
8.099034,1.9510899,2.8329391,6.1479445,75.9096
14.268839,10.986638,11.262337,3.2822008,23.002579
1.1777666,1.7782004,2.5983262,0.6004338,50.980713
0.45864034,0.9331697,1.9552147,0.4745294,103.46438
0.75890315,0.61166596,1.5143933,0.14723718,19.401314
0.44652244,0.47322384,1.5386367,0.02670139,5.979854
0.9485575,1.0796092,2.0735824,0.13105166,13.815889
1.4455715,1.0503819,1.9194468,0.39518964,27.33795
2.129995,2.2064953,3.0271277,0.07650018,3.5915658
0.8397253,0.7260207,1.6954755,0.11370462,13.540692
0.6923764,0.7200694,1.6214408,0.027693033,3.999708
1.6294826,1.2183216,2.1015308,0.41116107,25.232615
1.098518,0.7823963,1.8487264,0.3161217,28.777105
6.61719,10.222242,10.526041,3.6050525,54.480114
1.2762595,0.8208343,1.713247,0.45542526,35.684376
0.69042176,0.68107736,1.6413759,0.009344399,1.3534335
16.485672,3.843326,4.538024,12.642345,76.68687
0.21774936,0.76543176,1.6581068,0.5476824,251.51965
0.4968044,0.44250867,1.4657686,0.05429572,10.928994
0.098178394,6.1108117,6.6717553,6.0126333,6124.192
25.143564,9.279333,9.643258,15.864231,63.094597
0.8256913,1.845892,2.6609852,1.0202007,123.55717
0.8790692,0.912418,1.7914724,0.0333488,3.7936487
0.5818041,0.64502466,1.5415124,0.06322056,10.866297
1.1258537,1.4599161,2.454769,0.33406246,29.671926
2.066485,1.187186,2.049798,0.8792989,42.550465
0.9070072,0.8154774,1.9206536,0.091529846,10.0914135
1.3623779,1.214107,2.2823627,0.14827085,10.88324
0.7457523,1.2895746,2.1420364,0.54382235,72.92265
0.45983034,0.3698031,1.3060979,0.09002724,19.578362
18.97291,21.724846,21.26804,2.751936,14.504555
9.7432995,2.1928272,2.9873831,7.5504723,77.493996
0.897728,1.2333012,2.3643045,0.33557314,37.380264
1.0638971,2.1459856,3.2728095,1.0820885,101.70988
2.0121722,1.6200781,2.4506516,0.39209414,19.48611
0.7823566,0.8329606,1.7191883,0.050603986,6.468148
1.5264171,1.2741482,2.1426187,0.2522689,16.526865
1.6416785,1.571167,2.4862082,0.07051146,4.2950835
0.6043502,0.46884564,1.3988583,0.13550457,22.421532
0.65683347,0.80348325,1.7099978,0.14664978,22.326782
0.20554304,0.4531747,1.3663452,0.24763167,120.47679
0.9524335,0.9412224,1.9915653,0.011211097,1.1771002
2.1453314,2.322787,3.1226327,0.17745566,8.271714
12.053217,5.749965,6.324816,6.3032517,52.295185
14.969339,8.264253,8.681736,6.7050867,44.792133
0.9424957,1.074013,2.212865,0.13151729,13.954153
13.371708,9.241343,9.572992,4.1303654,30.888838
1.4171962,1.0272064,1.9630212,0.38998973,27.518402
12.898366,7.891019,8.316949,5.007347,38.82156
1.4308039,0.99858177,2.064183,0.43222213,30.208342
4.2252035,4.617725,5.382886,0.39252138,9.289999
0.660813,0.97529316,1.847398,0.3144802,47.589893
0.92660147,0.9342581,1.9774134,0.007656634,0.8263136
23.546412,20.549648,20.179644,2.9967632,12.727049
0.78224707,0.39836416,1.3116763,0.3838829,49.07438
0.5708324,0.7699629,1.7882378,0.19913054,34.88424
0.9213571,0.38973668,1.302491,0.5316204,57.69971
0.35172078,0.29487395,1.2395388,0.056846827,16.162487
1.0183372,1.1080616,2.231317,0.0897243,8.8108635
0.96560764,0.84940195,1.7977402,0.11620569,12.034463
14.104999,12.203328,12.357816,1.9016705,13.482245
0.9630486,1.120337,2.0080986,0.15728843,16.332348
0.40363377,1.545538,2.3898542,1.1419041,282.906
0.33724728,0.18763342,1.144875,0.14961386,44.36325
0.91298383,1.266717,2.1418445,0.35373312,38.74473
0.82781875,0.7989613,1.7540753,0.02885747,3.4859648
0.35410357,0.49194887,1.4279647,0.13784531,38.927963
0.7481437,0.7007911,1.5964766,0.047352552,6.3293395
24.174534,51.382065,49.127686,27.207531,112.54625
1.2952176,1.5304129,2.3777795,0.23519528,18.158745
0.6276269,0.59344184,1.4904795,0.034185052,5.4467154
0.83187896,0.5869198,1.5808046,0.24495918,29.446493
3.3092117,2.6794446,3.7086632,0.6297672,19.030731
0.9582243,0.4327797,1.3508563,0.5254446,54.835243
0.8739121,1.2905207,2.1450105,0.41660857,47.67168
0.114866056,0.5614767,1.4635766,0.44661066,388.80994
18.160074,10.309084,10.587934,7.8509903,43.232147
20.348293,16.37936,16.257072,3.968933,19.504993
0.31530023,2.7597277,3.8283153,2.4444275,775.26984
0.61056274,0.9102769,1.847719,0.29971415,49.08818
10.451914,1.6352174,2.4646678,8.816696,84.35485
0.6250563,0.83380854,1.9500207,0.20875221,33.397343
0.4053924,1.1620066,2.0234635,0.7566142,186.6375
1.5781662,1.1427381,2.275942,0.43542814,27.590767
0.5969792,0.025663992,0.96204376,0.5713152,95.70103
11.303662,4.59298,5.6876297,6.7106824,59.36733
1.1347762,0.9795189,2.087131,0.15525734,13.681758
0.65731066,0.7936213,1.6785675,0.13631064,20.737627
2.3134408,2.3773372,3.1704,0.06389642,2.7619646
1.3476859,0.98032165,1.8849853,0.3673643,27.258894
1.2306796,1.0098653,1.9847507,0.22081435,17.942472
16.034863,26.070375,25.371052,10.035513,62.585587
1.0713693,0.70111024,1.5922238,0.37025905,34.559425
23.146877,7.309722,7.788061,15.837155,68.42027
0.57536954,0.38279867,1.2958139,0.19257087,33.469074
0.2824199,0.47085705,1.3825519,0.18843716,66.722336
0.29268223,0.9026333,1.7817577,0.6099511,208.40045
0.43358746,0.0,0.86605465,0.43358746,100.0
1.4566368,1.4618528,2.4190981,0.0052160025,0.3580853
0.7626325,1.0329807,1.9126152,0.2703482,35.44934
1.5072188,1.593849,2.4379504,0.086630106,5.747679
19.372059,12.012945,12.174488,7.3591137,37.98829
29.6154,11.701007,11.932662,17.914394,60.49013
24.026865,19.980534,19.627499,4.0463314,16.840864
24.096634,14.788113,14.793059,9.308521,38.629963
24.777401,10.851987,11.115022,13.925414,56.202076
1.2874063,1.3466446,2.231868,0.059238315,4.601369
0.19822267,1.0036285,1.8946737,0.80540586,406.31372
0.5574588,1.0982482,1.9761457,0.5407894,97.00975
0.435613,2.2719111,3.3193765,1.8362981,421.54346
0.9460644,0.4436108,1.3535798,0.5024536,53.109875
0.88953745,1.0271742,1.900043,0.13763678,15.472848
0.1655653,0.2688952,1.2135937,0.10332991,62.41037
1.5127542,1.202409,2.2880192,0.31034517,20.515242
0.83872575,0.7559439,1.8298392,0.08278185,9.869954
0.34249124,0.19546428,1.1238085,0.14702696,42.928677
4.879914,3.6405869,4.365643,1.239327,25.396492
21.47574,26.733965,26.074982,5.2582245,24.484486
1.3442868,1.5188303,2.542267,0.1745435,12.984097
0.3113163,1.1045053,1.9859648,0.793189,254.78557
18.225336,4.500413,5.1807985,13.724923,75.30683
0.74962586,1.1624169,2.0442867,0.41279107,55.066277
3.0210946,2.5235367,3.562797,0.49755788,16.469458
1.7111146,1.6366558,2.4731045,0.07445884,4.3514814
10.403014,1.782582,2.8288276,8.620432,82.86475
0.9808043,1.07582,2.0627968,0.095015645,9.687523
0.55994636,2.915471,3.6659987,2.3555248,420.6697
0.23482019,0.0,0.7421151,0.23482019,100.0
18.567455,16.298891,17.052591,2.2685642,12.217959
13.156632,18.435196,18.215565,5.2785635,40.12093
12.2104225,12.7823105,13.198,0.57188797,4.683605
1.2461718,1.7700579,2.868327,0.5238861,42.039635
1.3985368,1.2031412,2.147301,0.19539559,13.97143
0.898117,1.0797989,1.9474785,0.18168193,20.229206
0.4809274,0.75181043,1.8143904,0.27088302,56.325138
1.0772805,0.9195154,1.9709913,0.15776515,14.64476
0.3198194,0.8714193,1.7493904,0.5515999,172.47232
10.247502,7.359565,8.552044,2.8879375,28.181868
1.2082072,0.854753,1.7354201,0.35345423,29.254438
0.2966776,0.84599745,1.7374046,0.54931986,185.15718
0.3863597,0.0,0.8402869,0.3863597,100.00001
0.87571865,0.70277786,1.5924497,0.17294079,19.748442
0.95902497,1.0202518,1.9489661,0.061226785,6.3842745
0.20321724,3.6158023,4.3199706,3.412585,1679.2794
0.6367865,1.1832533,2.1599839,0.54646677,85.81632
0.8978664,0.7845428,1.7153279,0.11332363,12.621435
0.93084866,0.94192886,1.8174021,0.011080205,1.1903337
0.3688542,0.95755136,1.8310094,0.5886972,159.60161
1.2238733,1.0543463,1.9623805,0.16952693,13.851674
0.88271195,0.67433107,1.5948915,0.20838088,23.606894
21.446566,16.36765,16.256502,5.0789165,23.681725
17.50744,16.82166,17.397299,0.6857815,3.917086
0.79571176,0.94261384,1.865752,0.14690208,18.461721
6.3645043,3.8576107,5.0029683,2.5068936,39.38867
5.614717,4.993747,5.619064,0.6209698,11.059681
0.34045053,0.60052395,1.5037109,0.26007342,76.39096
0.777287,0.8472605,1.909507,0.06997347,9.002269
0.24976261,0.498006,1.4094255,0.24824338,99.39172
5.9176893,2.1116545,3.1421812,3.8060348,64.31623
0.8355153,0.8747561,1.7595422,0.039240777,4.6965957
3.5408568,1.1682215,2.116077,2.3726354,67.00738
0.7100567,0.8050579,1.6942033,0.09500116,13.379376
1.1213123,0.87337816,1.7583824,0.2479341,22.111067
24.822943,24.122759,23.531898,0.70018387,2.8207126
0.3786663,0.042767365,0.9853125,0.33589894,88.70579
1.5732634,1.156023,2.0948658,0.41724038,26.520695
0.50926125,1.7300265,2.6831772,1.2207652,239.71297
10.422394,4.4724703,5.1169105,5.9499235,57.08788
1.174396,1.1062539,1.9863979,0.068142176,5.8023167
14.491899,13.352813,13.432562,1.1390858,7.8601556
0.4036043,0.59932816,1.665796,0.19572386,48.493996
0.34382778,1.4340167,2.2894263,1.090189,317.07413
0.9239668,1.018307,2.0040498,0.094340146,10.210339
1.4194711,1.4439089,2.3842304,0.024437785,1.721612
0.89425915,1.1125503,1.9900688,0.2182911,24.410275
20.663166,10.069567,10.37027,10.593599,51.26804
0.6394288,0.95900273,1.9490067,0.31957394,49.978035
0.9537099,0.7595284,1.6535928,0.1941815,20.360647
0.90133935,1.1453986,2.194803,0.24405926,27.0774
1.0579733,1.1582668,2.2484722,0.10029352,9.479778
0.8144647,1.0018916,2.0479462,0.18742692,23.012285
1.5024178,0.91290617,1.9865549,0.58951163,39.23753
0.47095793,0.65252626,1.6409037,0.18156832,38.55298
0.31849897,0.54295206,1.4595678,0.22445309,70.47215
0.88005453,0.3304268,1.2454561,0.5496277,62.453827
0.33461335,0.17950921,1.1227915,0.15510415,46.353245
0.53046745,0.40110207,1.313516,0.12936538,24.387054
13.730601,11.715478,12.168041,2.0151234,14.676147
0.9262509,1.0838411,2.2234468,0.15759021,17.013771
2.6645916,2.8929174,3.6752872,0.22832584,8.568887
0.053397305,2.73647,3.501311,2.6830726,5024.734
0.31868157,1.970345,2.99329,1.6516634,518.28015
1.0307196,1.0985541,2.1629312,0.0678345,6.5812755
1.1845089,0.9990028,1.8940295,0.1855061,15.661013
1.4338589,1.2289116,2.284466,0.20494723,14.293404
0.37149945,0.569332,1.5413057,0.19783255,53.252445
16.00943,9.862882,10.154913,6.1465483,38.3933
1.2380735,1.0787942,2.1443489,0.15927923,12.8650875
0.93085074,0.9741355,1.8922337,0.043284774,4.650023
0.7140157,0.74089754,1.8005499,0.026881814,3.764877
0.78265935,0.3530726,1.2656131,0.42958674,54.88809
0.8970575,0.9955605,1.9370352,0.09850305,10.980685
1.6481663,1.163101,2.291351,0.48506534,29.430607
1.0238357,0.8377727,1.718586,0.18606293,18.173124
3.6919365,2.2977924,3.0859802,1.394144,37.761864
1.4165388,1.1658845,2.0281632,0.25065434,17.694843
0.62787133,1.1724756,2.0313892,0.54460424,86.73819
20.260536,8.663492,9.189638,11.597044,57.239567
0.88678926,0.7945653,1.6788616,0.09222394,10.399758
1.5187263,1.2096632,2.1215167,0.3090632,20.350157
0.7766453,0.92964447,1.8904817,0.15299916,19.700005
0.6381925,0.5490438,1.4568399,0.0891487,13.968937
10.669024,3.5908723,4.2988844,7.078152,66.34302
0.4710062,0.5030794,1.464269,0.0320732,6.809507
0.60019684,0.7378843,1.7786745,0.13768744,22.940382
0.5650736,0.29174834,1.2125666,0.27332526,48.369854
0.692029,0.29544973,1.2182696,0.39657927,57.306744
18.61815,7.4283285,8.268546,11.189822,60.10168
0.5888424,0.2879346,1.2753074,0.3009078,51.10158
0.73853475,0.9993223,1.8727974,0.26078755,35.311478
0.38365275,0.65650713,1.5538609,0.2728544,71.12014
0.7772535,0.8507135,1.7380254,0.07345998,9.451225
23.344315,12.411135,12.5779085,10.93318,46.834442
0.38940242,0.8346609,1.7215489,0.44525847,114.34405
0.81392276,0.7646713,1.6555516,0.049251437,6.0511193
1.5440073,0.88265634,1.8560145,0.66135097,42.83341
0.7057252,0.739804,1.6297926,0.034078836,4.8289104
0.51497805,1.9554822,2.7779262,1.4405042,279.72147
10.983922,14.075162,14.4207115,3.09124,28.143316
1.2258435,1.1154027,2.234127,0.11044085,9.009376
26.940891,18.452589,18.229567,8.488302,31.507132
18.71121,21.724483,21.256844,3.0132732,16.104107
1.6000614,1.2502532,2.2170508,0.34980822,21.862173
0.9689146,1.2113886,2.2353303,0.24247396,25.025318
0.4659135,1.5622959,2.499238,1.0963824,235.31886
0.9072229,0.8991375,1.8330742,0.00808543,0.89122856
3.2544594,3.226143,4.207464,0.028316498,0.870083
0.4389091,1.1090252,2.2505422,0.6701161,152.67764
3.9632401,3.7665076,4.7312684,0.19673252,4.9639316
1.2737578,1.2932746,2.2157812,0.019516826,1.5322242
25.045082,12.407928,12.57381,12.637154,50.457623
0.730239,1.0137367,2.1247063,0.28349775,38.8226
1.124736,1.099911,2.2407827,0.024824977,2.2071826
13.514711,7.1645746,7.6701965,6.3501368,46.986847
9.815899,2.5098658,3.2814028,7.306033,74.43061
1.4005076,1.2226708,2.1028,0.17783678,12.698024
0.41519985,1.7805481,2.7563002,1.3653482,328.84122
1.4982611,1.1173227,2.2484267,0.3809384,25.42537
0.79812765,0.968892,1.9664226,0.17076433,21.395617
1.1262699,0.8387145,1.750978,0.28755546,25.531666
1.0210665,0.8919867,1.879452,0.12907982,12.641665
0.2796345,1.1297741,2.0002584,0.8501396,304.01813
29.12272,10.804892,11.083569,18.31783,62.898758
22.45068,10.035384,10.376713,12.415296,55.30031
1.5418826,0.9168501,1.9822475,0.62503254,40.536972
0.9121617,0.55064,1.5055202,0.36152172,39.63351
0.16322614,0.0,0.8619055,0.16322614,100.0
0.31739953,0.49381742,1.5546621,0.17641789,55.582275
0.90655494,0.5789038,1.4776765,0.32765114,36.14245
0.89527804,0.8762547,1.7604322,0.019023359,2.1248548
1.9224335,1.297832,2.393351,0.6246015,32.490147
1.3233052,0.9623369,1.867367,0.36096835,27.277784
0.9087011,0.953755,2.025141,0.0450539,4.958055
2.0952117,2.1654074,2.9702935,0.070195675,3.3502903
0.47899532,0.75784194,1.8083485,0.27884662,58.214897
0.64316785,2.8242445,3.7994947,2.1810765,339.11465
0.53166854,0.8601773,1.8007593,0.32850873,61.788258
13.801957,10.558549,10.801733,3.2434082,23.499626
23.037102,22.461906,22.064325,0.5751953,2.4968214
0.7748182,1.0951252,2.2356493,0.32030702,41.339634
17.328955,6.058548,6.6224155,11.270407,65.038
9.476831,2.3196318,3.3600912,7.1572,75.52313
24.343836,9.32915,9.691724,15.014686,61.677563
1.3513037,1.1950285,2.0596862,0.15627515,11.56477
0.9803206,2.4893186,3.2878225,1.508998,153.92905
1.6034433,1.895462,2.7237728,0.29201877,18.21198
1.2639391,1.114963,2.1171215,0.14897609,11.786651
0.7278891,1.1663136,2.3041146,0.43842453,60.232323
21.795956,13.025569,13.132257,8.770387,40.238598
0.6278264,0.7893044,1.6840742,0.16147798,25.720165
1.8156893,1.5440462,2.4546416,0.27164316,14.960883
0.5311481,2.350174,3.1595373,1.8190259,342.47058
0.68385977,0.7144182,1.7849092,0.030558407,4.4685197
0.29270476,0.7790953,1.692084,0.48639053,166.17104
0.8370747,1.0286944,1.8988963,0.1916197,22.89159
0.99460685,0.9628638,1.8371274,0.03174305,3.1915174
2.667557,1.7588229,2.5813687,0.9087341,34.066154
0.87315303,0.9057689,1.8712351,0.03261584,3.7354095
4.4702926,3.299087,4.0349607,1.1712055,26.19975
0.76499146,0.70458734,1.7229568,0.060404122,7.8960514
20.764498,17.840946,17.710426,2.9235516,14.079568
0.53907466,1.0089643,2.1398082,0.46988964,87.16597
1.6184735,1.6979482,2.5924082,0.07947469,4.910472
14.840052,16.607811,16.681435,1.7677593,11.912084
1.374115,1.1256404,2.268121,0.2484746,18.082518
0.61871684,0.8111665,1.8405219,0.19244969,31.104647
8.403728,3.6248274,4.343422,4.7789,56.866432
0.29971075,4.5366983,5.4149327,4.2369876,1413.6923
0.7426945,0.9384718,1.9884993,0.1957773,26.360409
0.42836392,1.1413493,2.0071456,0.7129854,166.44385
0.8400052,2.0014198,3.1575854,1.1614146,138.26279
0.37512892,0.6326014,1.534194,0.25747246,68.63573
0.6402304,0.97369933,2.103045,0.3334689,52.08577
0.65886605,1.0059884,1.8818301,0.3471223,52.684807
1.0827358,0.76078284,1.6469212,0.32195294,29.735134
0.74596137,0.59892046,1.4962865,0.1470409,19.711597
0.8554568,1.5596352,2.3949723,0.70417833,82.316055
0.49822286,0.41319883,1.3388455,0.08502403,17.065462
0.557418,0.8757179,1.9884676,0.3182999,57.10255
0.9070164,0.924458,1.8803813,0.01744163,1.9229674
0.584041,0.75072277,1.7252371,0.16668177,28.539394
4.221025,3.3443294,4.060987,0.87669563,20.769733
4.3029037,3.5238047,4.589141,0.779099,18.106354
0.5969998,0.7268832,1.8315827,0.12988335,21.75601
0.6900324,0.79313385,1.6796004,0.10310143,14.941535
0.6970607,0.84267664,1.816597,0.14561594,20.889994
0.7203649,0.7267852,1.6685077,0.0064202547,0.8912503
1.3733268,0.89155483,1.8714198,0.48177195,35.080647
1.3737214,1.1793563,2.2039275,0.19436502,14.148795
19.391033,9.422605,9.759964,9.968429,51.407413
0.42693514,1.5175002,2.6175199,1.090565,255.44043
1.8657782,1.7731841,2.627039,0.09259415,4.962763
1.7003285,1.1848569,2.0641823,0.5154716,30.316
1.3047909,0.98999774,1.8680751,0.3147931,24.125944
0.59112895,0.66171527,1.6061234,0.070586324,11.940935
5.003161,4.2922072,4.959696,0.7109537,14.21009
0.4954221,0.7535609,1.7153392,0.2581388,52.104824
0.5037298,0.7883736,1.6727587,0.28464377,56.50723
8.808995,7.46577,7.9270053,1.3432255,15.248339
1.0751474,0.94719994,2.030861,0.12794745,11.900456
11.446395,14.098826,14.214028,2.6524315,23.172638
0.06381147,3.7273211,4.43327,3.6635096,5741.1455
2.236587,1.6416814,2.6071413,0.5949056,26.598814
8.90271,5.933729,6.5083284,2.9689808,33.34918
0.17052303,0.0,0.7343575,0.17052303,100.0
7.5147996,4.5518956,5.6743646,2.962904,39.427586
0.57500094,1.4679117,2.351148,0.8929108,155.28857
10.896068,6.2233496,6.788263,4.672718,42.88444
1.3954823,1.296175,2.1804378,0.0993073,7.1163425
0.39843762,0.19822924,1.129179,0.20020838,50.248363
1.0885658,1.1830153,2.201376,0.09444952,8.67651
0.73450524,0.6594467,1.5704476,0.07505852,10.218922
0.9153668,0.89015985,1.9267228,0.025206983,2.7537575
24.647127,7.0105047,7.5463095,17.636623,71.55651
0.30813313,0.5747168,1.5585778,0.26658368,86.51575
1.0256001,0.7280171,1.6214509,0.29758298,29.0155
1.9455656,2.0939248,2.923785,0.14835918,7.625504
0.8080136,0.7941824,1.759644,0.013831198,1.7117531
1.3121709,1.0178628,1.9279172,0.29430807,22.429096
0.43532836,2.718954,3.872237,2.2836256,524.57544
1.1250864,1.3005238,2.1845615,0.17543733,15.593232
0.6525012,0.5158986,1.4181082,0.13660264,20.93523
1.3968233,1.0689993,2.0162253,0.327824,23.469252
0.8233463,0.7020657,1.5922568,0.12128061,14.7302065
0.6778996,0.7761868,1.67243,0.098287225,14.498787
1.1151189,0.9391786,1.9886788,0.17594028,15.777716
14.274343,11.179436,11.492032,3.0949068,21.681608
0.69639516,0.43741262,1.3507216,0.25898254,37.189022
1.3521626,1.2290382,2.1424284,0.12312436,9.105737
0.41935003,0.54458666,1.450269,0.12523663,29.864462
1.1354241,1.1821411,2.2740693,0.04671693,4.1144915
0.7448261,0.7536186,1.6941359,0.00879252,1.1804795
1.2681729,1.9078038,2.7346194,0.6396309,50.437202
0.5328747,1.2068174,2.2282064,0.6739427,126.473015
0.9321615,1.1525469,2.2287729,0.22038537,23.642403
6.0001636,1.9886348,2.8002014,4.011529,66.856995
1.7137517,2.2440295,3.327551,0.53027785,30.942514
1.609465,1.1759925,2.1044846,0.4334725,26.932709
2.329116,2.287249,3.086648,0.041867018,1.7975496
1.5419474,1.0926545,2.05801,0.4492929,29.138018
0.9544702,1.1236703,1.9879025,0.16920012,17.727123
0.616708,0.73813295,1.6269045,0.12142497,19.689217
2.1730309,2.6069202,3.385907,0.4338894,19.967014
23.571299,8.582095,9.003849,14.989203,63.590908
9.109273,10.197931,10.481419,1.0886583,11.951099
0.924544,1.3505509,2.1994622,0.4260069,46.07752
14.439165,4.4103456,5.053393,10.02882,69.45568
0.92169297,0.930568,1.8253844,0.008875012,0.9629033
0.88195807,0.8235332,1.7526609,0.05842489,6.6244526
0.7055963,0.44369745,1.3530308,0.26189888,37.117382
3.2679513,3.1769838,3.9190257,0.09096742,2.7836223
0.61126757,0.84861314,1.8444376,0.23734558,38.828426
0.8627629,1.0688727,1.9389682,0.20610976,23.889503
0.6211191,1.5582206,2.3915963,0.93710154,150.87308
22.186512,2.0786717,2.910407,20.10784,90.63092
