y_true,y_pred,y_std,abs_error,rel_error_%
8.984475,8.587984,9.101325,0.39649105,4.413069
10.139506,10.93319,11.152449,0.793684,7.8276396
30.897558,28.246832,27.307926,2.6507263,8.579081
5.838352,5.0986633,5.729709,0.7396889,12.66948
40.340755,27.759626,26.97603,12.581129,31.187143
22.992647,19.24777,19.128706,3.7448769,16.28728
9.60598,8.84159,9.206038,0.76439,7.9574385
37.16943,35.23772,34.020294,1.9317093,5.1970377
40.50298,41.681065,39.846413,1.1780853,2.9086387
33.912468,34.03096,32.716637,0.11849213,0.3494058
0.6473936,1.588772,2.7729394,0.9413785,145.41054
8.8848,6.299404,6.8209743,2.5853958,29.099089
40.076992,41.140057,39.48593,1.0630646,2.6525557
18.03951,17.888268,17.649319,0.15124321,0.8383997
37.49844,39.245388,37.617554,1.7469482,4.6587224
3.970773,4.465269,5.106727,0.4944961,12.453397
7.0663943,5.0962644,5.6990914,1.97013,27.880272
10.984229,9.640944,9.966709,1.3432856,12.229219
3.6191022,6.0207644,6.5625944,2.401662,66.36072
42.502525,40.73589,39.03904,1.7666359,4.1565433
38.616188,40.71304,39.06299,2.0968513,5.4299803
4.6450143,3.0307302,3.8223279,1.614284,34.753048
6.5893345,6.9740906,7.453889,0.3847561,5.8390737
42.413483,46.823753,44.653263,4.4102707,10.398275
2.6491413,2.5989068,3.4218593,0.050234556,1.8962581
2.966933,7.0738907,7.600702,4.1069574,138.42433
32.770916,30.453466,29.378174,2.3174496,7.071666
9.309277,10.589519,11.066018,1.280242,13.752325
4.098216,4.9186006,5.5373373,0.8203845,20.01809
0.5785333,1.7143834,2.8797987,1.1358501,196.3327
4.2580957,5.5167923,6.099816,1.2586966,29.560081
24.934565,8.498756,9.065807,16.435808,65.915764
49.99432,40.19045,39.013016,9.803871,19.60997
11.889462,11.219286,11.430143,0.6701765,5.636727
44.481514,45.441364,43.461113,0.9598503,2.1578634
30.36157,31.765022,30.602068,1.4034519,4.6224613
36.384,35.34616,33.950653,1.037838,2.852457
7.8435936,8.225301,8.718216,0.3817072,4.8664837
45.285927,36.276653,34.972115,9.009274,19.894201
5.093523,7.4097996,7.905271,2.3162766,45.47494
7.0459485,5.804849,6.355105,1.2410994,17.614368
12.090824,6.7952046,7.292317,5.2956195,43.798664
42.36382,44.34507,42.33747,1.9812508,4.676752
25.253817,24.048065,23.479015,1.2057514,4.7745314
18.642889,13.331711,13.425333,5.311178,28.489029
4.6533833,3.655837,5.1334553,0.9975462,21.43701
20.283401,22.415295,21.914951,2.1318932,10.51053
4.893605,4.5123982,5.160079,0.381207,7.7899003
43.17858,43.80418,41.88953,0.6255989,1.448864
3.257977,4.1065216,4.7823896,0.8485446,26.045137
1.611786,5.0054836,5.629492,3.3936977,210.55511
44.836533,43.603474,41.771133,1.2330589,2.750121
13.306256,9.308342,9.628582,3.9979143,30.045374
29.619747,29.389389,28.408875,0.23035812,0.77771807
12.050511,9.697177,10.410828,2.3533344,19.528917
11.17244,13.402029,13.44528,2.2295895,19.956156
40.026405,40.482582,38.82342,0.45617676,1.1396896
5.5723066,4.681297,5.3134003,0.8910098,15.9899645
6.865792,8.870585,9.261071,2.0047936,29.199745
5.57122,7.111766,7.5723457,1.540546,27.651861
37.69775,40.02545,38.40402,2.3277016,6.174643
10.126021,8.543546,8.914352,1.5824757,15.627812
8.575489,10.444405,10.694581,1.8689156,21.793692
0.8990191,0.46965426,1.4868081,0.42936486,47.75926
28.977371,30.61741,29.577103,1.6400394,5.659724
1.7106187,5.1233377,5.748648,3.412719,199.50203
35.053673,30.516808,29.424747,4.536865,12.942624
4.4332347,4.799736,5.430291,0.36650133,8.267131
44.54256,44.73235,42.737885,0.18978882,0.42608422
6.150844,4.895893,5.513919,1.254951,20.402906
2.3054814,4.30808,5.161977,2.0025988,86.862495
1.306933,1.5099397,2.4074557,0.20300663,15.533055
7.212581,5.7276254,6.288395,1.4849558,20.58841
25.921955,26.102795,25.487835,0.18083954,0.69763076
21.090544,26.055515,25.286455,4.9649715,23.541222
43.468807,44.105206,42.157574,0.6363983,1.4640344
30.258183,28.713594,27.90915,1.5445881,5.1046953
12.883362,12.072435,12.20298,0.81092644,6.2943697
4.2427034,4.068447,4.755107,0.17425632,4.1072
16.873745,13.618595,13.649351,3.2551498,19.291212
13.638007,7.1059103,7.5820646,6.532097,47.896275
13.602689,10.713198,10.946592,2.889491,21.242058
42.240147,42.434853,40.709343,0.19470596,0.46095002
42.80477,43.025417,41.278847,0.2206459,0.5154703
4.4565907,3.3568454,4.1170444,1.0997453,24.676828
10.25873,10.932308,11.654619,0.67357826,6.565903
6.0298204,7.1194086,7.6269755,1.0895882,18.069994
44.65588,43.332455,41.4287,1.3234253,2.963608
5.8022933,4.4134655,5.061865,1.3888278,23.935843
44.546043,43.132908,41.31714,1.4131355,3.1723032
7.3520856,7.860591,8.28915,0.50850534,6.916477
44.005024,44.514874,42.530716,0.50984955,1.1586167
44.071213,45.386856,43.326168,1.3156433,2.985267
36.392075,37.265453,35.764202,0.87337875,2.3999147
42.953293,44.739983,42.85234,1.7866898,4.1596107
7.0990744,5.965799,6.5339546,1.1332755,15.963708
13.503368,12.299972,13.082905,1.2033968,8.911826
2.7565637,5.774778,6.32549,3.0182142,109.491905
37.048122,34.426006,33.088097,2.622116,7.077595
7.680449,6.2676406,6.7840223,1.4128084,18.394867
34.056065,33.05118,31.811388,1.0048828,2.9506721
25.993477,22.0261,21.575096,3.9673767,15.262971
43.86805,44.10471,42.127354,0.23666,0.53948146
42.98459,43.990948,42.03255,1.0063591,2.3412092
28.778696,27.623867,26.839691,1.154829,4.012791
43.961086,48.19961,45.94548,4.2385254,9.64154
11.005312,9.929371,10.216362,1.0759411,9.776562
4.5227575,4.8327937,5.4496183,0.31003618,6.8550253
6.70781,6.3236957,6.839103,0.38411427,5.7263737
42.477722,46.027355,43.89471,3.549633,8.356459
25.708302,25.687962,25.019882,0.020339966,0.07911828
9.788043,9.05302,11.151795,0.7350235,7.509402
42.052654,43.901566,41.915577,1.8489113,4.396658
42.830246,41.46935,39.647026,1.3608971,3.1774206
8.000836,12.943242,13.103179,4.9424057,61.773613
11.080683,12.307844,12.438944,1.2271614,11.074781
36.191956,35.28025,33.902145,0.911705,2.5190818
9.923659,8.229569,8.731663,1.6940899,17.071222
36.14582,37.33284,35.83992,1.1870193,3.283974
1.7266413,3.952221,4.6280594,2.2255797,128.89647
37.880222,37.556828,39.09353,0.32339478,0.8537299
6.448192,4.949922,5.557456,1.49827,23.235504
14.5616455,18.342249,18.079466,3.7806034,25.962748
11.629418,10.465825,10.717161,1.1635933,10.005602
38.318714,35.817272,34.469505,2.501442,6.5279903
24.228857,34.786053,33.46438,10.557196,43.57282
10.5162,8.268614,8.95098,2.2475863,21.372608
16.933046,13.782715,13.803619,3.1503315,18.604635
3.0639303,3.4584494,4.4578724,0.3945191,12.876242
22.005642,19.966312,19.577576,2.0393295,9.267303
4.498851,4.0776186,4.757317,0.42123222,9.363107
37.28871,30.534645,29.598629,6.7540665,18.112898
9.976739,12.148137,13.11496,2.1713982,21.764608
37.4259,38.708824,37.12608,1.2829247,3.427906
4.0899324,5.588413,6.742321,1.4984803,36.638268
23.128147,22.461761,21.908537,0.66638565,2.8812757
10.215849,10.851951,11.069195,0.6361017,6.2266164
3.450376,5.5683393,6.6282234,2.1179633,61.38355
6.789186,7.589939,8.049595,0.8007531,11.794538
8.421677,7.589925,8.127936,0.8317518,9.876322
35.094063,28.08898,27.376564,7.005083,19.960878
41.798607,42.38145,40.513348,0.5828438,1.3944095
40.989723,41.969208,40.1854,0.97948456,2.3895857
39.70864,42.69461,40.806843,2.9859695,7.519697
3.6624913,5.2941175,5.8787103,1.6316261,44.549625
10.757914,11.837518,12.261082,1.0796041,10.035442
6.525535,5.611565,6.1978493,0.91397,14.006055
3.9500499,5.062052,5.665988,1.1120019,28.15159
2.6683898,3.3844032,4.7380853,0.71601343,26.833164
36.584087,39.86648,38.264526,3.2823944,8.972192
41.143185,41.606213,39.836617,0.46302795,1.1254063
7.2490644,7.5340557,8.024661,0.28499126,3.9314213
6.7744617,6.5412965,7.0447655,0.23316526,3.441827
9.831191,7.418662,8.47377,2.412529,24.53954
25.2686,24.179901,23.498184,1.0886993,4.3085065
17.393045,15.61198,15.507239,1.781065,10.240099
8.385077,6.4492006,6.9693775,1.9358768,23.087166
12.934131,11.605665,11.865082,1.3284655,10.271007
18.72293,18.268696,18.052708,0.45423508,2.4260895
12.320976,11.2675495,11.480829,1.0534267,8.549864
19.616037,18.721167,18.457642,0.89487076,4.5619345
42.472576,42.265617,40.439644,0.20695877,0.48727623
39.065624,35.963165,34.53592,3.102459,7.94166
4.655232,4.93767,5.5473013,0.28243828,6.067115
41.195885,41.628292,40.251614,0.43240738,1.0496373
44.05083,43.531,41.57411,0.5198326,1.1800745
34.75601,36.444736,35.00603,1.6887283,4.85881
12.380834,7.593812,8.069288,4.7870216,38.664776
22.037289,19.299433,18.96177,2.737856,12.423741
24.172564,21.778326,21.272205,2.3942375,9.904773
3.9619706,5.687204,6.2468557,1.7252333,43.54483
10.899114,7.769497,8.285269,3.1296167,28.714415
40.49818,41.702274,39.893074,1.2040939,2.973205
42.004086,44.838104,42.855022,2.8340187,6.747007
6.458759,3.9488015,4.6313515,2.5099573,38.861294
40.194313,37.887066,36.579193,2.3072472,5.740233
14.609767,16.002197,15.876122,1.3924303,9.530818
26.35782,30.5885,29.578825,4.2306786,16.050943
10.92366,10.706919,10.92759,0.21674156,1.9841478
43.567646,42.715973,40.828674,0.8516731,1.9548293
5.916616,6.9612603,7.4439745,1.0446444,17.65611
39.35702,42.342186,40.46395,2.9851646,7.584834
3.368369,2.5258677,3.3910937,0.8425014,25.012146
20.325008,15.950628,15.857769,4.37438,21.522158
26.176472,26.887196,26.03981,0.7107239,2.7151248
32.78435,33.3733,32.144096,0.5889473,1.7964281
2.292477,5.485752,6.065308,3.1932752,139.29367
9.997463,9.26076,10.931988,0.7367029,7.368898
7.57304,6.089748,6.6311927,1.4832921,19.586481
4.828459,5.418213,6.020775,0.5897541,12.214128
42.621773,39.951397,38.28261,2.6703758,6.265286
6.819814,8.466424,8.845243,1.6466098,24.144497
27.519672,27.236132,26.457542,0.28354073,1.0303202
21.372856,18.606672,18.312138,2.7661839,12.942509
6.6336355,7.454401,7.894204,0.8207655,12.3727865
2.4852965,5.635913,6.1941743,3.1506164,126.77025
5.834334,6.474413,7.004724,0.640079,10.9709015
3.4748101,3.1026912,3.865738,0.37211895,10.709044
44.082783,43.019814,41.208183,1.0629692,2.4113023
7.4840827,8.548767,8.919684,1.0646844,14.225984
11.863168,7.8720417,8.286232,3.991126,33.643005
33.22227,35.208035,33.91433,1.9857635,5.9772058
7.4585924,6.8852816,7.417849,0.57331085,7.6865826
9.761951,7.5758743,8.038261,2.186077,22.393854
21.021893,20.7317,20.296818,0.29019165,1.3804259
16.127626,15.258268,15.209541,0.86935806,5.39049
5.650452,6.2392344,6.7849207,0.5887823,10.420092
35.47451,36.768284,35.260643,1.2937737,3.6470516
41.552254,38.48509,37.872505,3.0671654,7.381466
28.172018,27.145502,26.27857,1.026516,3.643743
43.725395,43.165802,41.339066,0.5595932,1.2797899
5.618967,4.45448,5.10689,1.1644869,20.724216
6.6078486,5.2548943,5.8805275,1.3529544,20.47496
43.00839,43.71844,41.833977,0.7100525,1.6509628
10.404457,10.3640785,11.506561,0.04037857,0.38808915
11.443239,9.3750105,9.690726,2.0682287,18.073805
32.580658,28.824493,28.360355,3.7561646,11.528817
41.556587,42.531452,40.67448,0.97486496,2.3458736
5.949853,6.8181615,7.295675,0.86830854,14.593781
3.3735456,5.290869,5.88009,1.9173236,56.83408
35.87571,36.414574,34.99041,0.53886414,1.5020306
44.3833,42.4855,40.807808,1.8978004,4.2759337
11.590606,9.262745,9.580735,2.3278608,20.084032
19.75635,20.032541,19.820091,0.2761917,1.3979896
5.1125035,6.0322323,6.726439,0.91972876,17.989792
9.628496,6.950221,7.4447837,2.678275,27.816132
17.467274,15.04748,14.98389,2.419794,13.853301
9.6357565,8.900926,9.294585,0.73483086,7.626084
7.781157,6.0036345,6.557369,1.7775226,22.843937
11.734579,14.855205,14.973878,3.1206255,26.593418
38.052605,39.987507,38.329224,1.9349022,5.084809
8.30899,4.840085,5.4956956,3.4689045,41.748814
10.738405,9.966605,10.456009,0.77180004,7.187288
38.266647,35.32963,33.963097,2.9370155,7.6751313
2.9320884,5.0990252,5.7040772,2.1669369,73.90422
43.300903,43.618767,41.72479,0.31786346,0.73408043
16.93638,19.25087,19.567625,2.3144894,13.665786
8.121174,5.520914,6.3660693,2.6002598,32.018272
10.644651,10.019738,10.294121,0.6249132,5.870678
7.5563545,4.2722125,4.974495,3.284142,43.46199
2.9818866,6.385065,6.9689655,3.4031785,114.128365
40.34976,41.070827,39.300106,0.72106934,1.7870475
42.447968,32.51001,31.882849,9.937958,23.412094
39.71232,41.399136,39.566826,1.6868172,4.247592
42.54061,43.628567,41.670326,1.0879555,2.5574515
6.843665,7.581229,8.01094,0.7375641,10.777326
12.411746,11.065717,11.273882,1.3460293,10.844803
15.172969,12.7553,14.594184,2.4176693,15.934056
31.679222,27.404297,26.522827,4.274925,13.494413
12.524012,11.535752,11.732122,0.9882593,7.8909163
39.773064,40.5406,38.880318,0.76753616,1.929789
8.752677,8.502527,8.872496,0.25014973,2.8579795
44.72401,44.536278,42.713562,0.1877327,0.4197582
44.18649,44.42975,42.43996,0.24325943,0.550529
4.101097,5.340115,5.9286747,1.239018,30.211866
17.725561,16.247393,16.110184,1.4781685,8.339191
42.249664,46.027668,43.90896,3.7780037,8.942091
11.656317,10.766458,11.006025,0.8898592,7.6341367
17.38875,22.631763,22.14243,5.2430134,30.151754
6.722114,7.37389,7.8175654,0.65177584,9.695994
41.282253,41.933365,40.277214,0.6511116,1.5772191
42.35605,34.193893,32.983448,8.162155,19.270342
9.667552,10.074492,10.35039,0.40694046,4.2093434
2.7587488,4.1378226,4.811756,1.3790739,49.989105
43.0301,43.502552,41.531296,0.47245026,1.097953
8.993904,5.1734495,5.816965,3.8204546,42.478268
9.354066,7.971344,9.180944,1.3827219,14.782042
1.9992287,6.6157947,7.123185,4.6165657,230.91733
31.181288,25.395678,24.646563,5.78561,18.55475
40.986916,37.49772,36.025448,3.4891968,8.512953
9.933938,8.541594,8.915148,1.3923445,14.016038
30.953058,30.049105,29.141562,0.90395355,2.9204013
6.9453135,4.598983,5.231139,2.3463306,33.782932
15.752503,21.250809,20.806826,5.4983053,34.904324
44.71612,43.907627,42.10671,0.80849457,1.8080605
36.41356,26.412783,25.758957,10.000776,27.46443
24.683594,17.995651,18.441479,6.6879425,27.094687
17.88431,18.242226,17.971302,0.35791588,2.0012844
43.08516,40.521152,38.77143,2.5640068,5.951021
43.6309,45.90084,44.07385,2.2699394,5.2025957
6.5350575,5.6493397,6.2123427,0.88571787,13.553329
44.50536,43.632675,41.803215,0.8726845,1.9608525
27.940205,24.805408,24.209532,3.1347961,11.219661
2.8001516,2.6323643,3.415584,0.16778731,5.99208
8.253299,7.243945,7.711213,1.0093536,12.229699
9.361395,8.251799,8.652127,1.1095963,11.852895
35.338913,38.509865,36.955303,3.1709518,8.972975
36.218224,37.312958,35.823112,1.0947342,3.022606
40.46024,34.54625,33.223114,5.91399,14.616794
20.111984,19.28654,18.937607,0.8254452,4.104245
41.81624,42.759853,40.857067,0.94361496,2.2565753
17.977972,19.02781,18.706797,1.0498371,5.839575
43.16829,44.11042,42.10772,0.94213104,2.182461
43.278378,42.986797,41.136387,0.2915802,0.6737318
19.387957,15.564169,15.685433,3.8237877,19.72249
41.40422,43.10989,41.268944,1.7056694,4.1195545
41.572754,39.012993,37.414333,2.559761,6.1573043
45.49075,41.32343,39.63013,4.1673203,9.160809
27.668777,25.858892,25.125826,1.809885,6.5412536
11.074054,12.133769,12.279068,1.0597153,9.569353
9.366531,7.681531,8.161198,1.6850004,17.989588
3.351854,5.4676375,6.036152,2.1157835,63.122776
42.848614,43.73868,41.899605,0.89006805,2.0772388
40.55377,43.31507,41.38147,2.761303,6.808993
43.738064,43.09887,41.192627,0.6391945,1.4614147
9.316418,9.694066,9.984566,0.37764835,4.053579
24.168285,22.183924,21.638077,1.9843616,8.210602
40.251698,42.664547,40.75938,2.4128494,5.9944043
15.018475,17.088623,16.955341,2.0701485,13.784013
7.6458187,6.028186,6.580806,1.6176329,21.157091
3.6622412,6.9749236,7.4734883,3.3126824,90.45506
42.36762,41.37143,39.69002,0.9961891,2.3512983
6.2007623,4.3812613,5.034073,1.8195009,29.343182
40.319233,41.686874,40.352123,1.3676414,3.3920324
38.08833,38.28889,36.672523,0.20056152,0.5265695
43.187435,37.101715,35.604282,6.08572,14.0914135
39.19366,41.839542,40.017464,2.6458817,6.7507896
25.33264,19.251064,19.104612,6.0815754,24.006876
19.709026,25.684671,25.041058,5.975645,30.319332
34.05512,32.080013,31.308044,1.9751053,5.7997313
44.790558,44.48576,42.521347,0.30479813,0.6804964
39.581444,39.017258,37.40078,0.5641861,1.4253802
43.810265,43.927193,41.931866,0.1169281,0.26689658
43.765217,44.36723,42.354565,0.60201263,1.3755504
10.676888,13.258968,15.102545,2.58208,24.183823
31.477968,23.262308,22.901556,8.21566,26.099716
32.795815,33.123814,32.167107,0.32799911,1.0001249
13.393592,10.81871,11.036015,2.5748816,19.224728
6.6498537,5.9260926,6.4692655,0.7237611,10.883864
40.638187,40.686104,38.92038,0.047916412,0.11790982
43.16592,44.9482,42.895382,1.78228,4.1289053
13.925307,14.29485,14.361277,0.36954308,2.6537516
11.020609,11.420933,12.085346,0.40032387,3.6325023
21.741186,25.47785,24.875835,3.7366638,17.187029
39.49587,38.877964,37.28047,0.61790466,1.5644792
16.297153,13.511536,13.557959,2.7856178,17.092665
9.934866,11.592334,11.76766,1.6574678,16.683344
3.2119875,5.691596,7.619381,2.4796085,77.19857
34.83875,37.056393,35.59114,2.2176437,6.365452
44.28651,41.63479,39.84953,2.651722,5.9876513
8.170842,5.847061,6.492235,2.323781,28.43992
41.725544,41.17914,39.420055,0.5464058,1.3095235
41.288765,40.45381,38.6794,0.8349533,2.0222287
36.074383,28.474735,27.730251,7.5996475,21.066603
8.109945,9.5904255,9.891283,1.4804802,18.25512
9.527334,9.523253,9.826178,0.0040807724,0.04283226
24.21341,34.818398,33.55094,10.604988,43.797997
4.584763,5.4856763,6.0719295,0.90091324,19.65016
5.728299,6.67529,7.2495275,0.94699097,16.5318
41.495525,44.816513,42.99421,3.3209877,8.0032425
42.302017,45.73588,43.612427,3.4338646,8.1174965
40.198753,29.672173,28.862207,10.526581,26.186337
5.5777855,7.4166613,7.875143,1.8388758,32.967846
4.942514,5.5620565,6.1483974,0.6195426,12.534969
4.1531496,5.710895,6.286933,1.5577455,37.507572
12.027604,13.587171,15.675938,1.5595665,12.96656
30.683737,30.558306,29.550049,0.12543106,0.40878677
41.22049,41.35848,39.547173,0.13798904,0.33475837
26.395166,25.603386,24.92659,0.7917805,2.9997177
9.682433,9.033928,9.3668165,0.6485052,6.697751
3.90511,3.7653666,4.4520316,0.13974333,3.5784736
41.67342,41.01778,39.397476,0.65563965,1.5732802
7.31427,6.55749,7.0914636,0.75678015,10.346626
13.574566,10.289557,10.540019,3.2850084,24.199732
7.6451674,5.5072455,6.1309905,2.1379218,27.964355
31.168133,32.591793,31.671581,1.4236603,4.567679
43.638645,45.731224,43.609756,2.092579,4.795243
39.64794,36.7501,35.338093,2.8978424,7.308935
25.32603,24.888557,24.172218,0.4374733,1.7273662
7.2836785,7.2744865,7.729655,0.00919199,0.12619983
34.067406,32.20123,31.140614,1.8661766,5.477895
44.59933,46.02574,43.918972,1.4264107,3.1982782
3.5297291,4.8873944,5.509143,1.3576653,38.463722
36.29803,36.91701,35.449673,0.6189804,1.7052727
7.935137,5.9201093,6.514552,2.0150275,25.393734
49.93119,50.650826,49.66325,0.719635,1.4412534
39.086544,34.826244,33.59776,4.2602997,10.899658
17.070187,13.663668,13.732341,3.406519,19.955956
43.147602,45.88341,43.773346,2.7358093,6.3405824
6.125054,7.745002,8.167241,1.6199479,26.447897
7.01517,5.292195,5.8852215,1.7229753,24.560705
44.307945,42.236458,40.85043,2.0714874,4.675205
8.379409,5.2257543,5.816997,3.1536546,37.635765
27.284565,19.967958,20.16534,7.3166065,26.815918
38.219093,39.254734,37.617226,1.0356407,2.7097468
19.457176,16.18329,16.040886,3.2738857,16.826109
5.269184,6.9502764,7.4223027,1.6810923,31.904222
30.85197,30.818897,29.75115,0.033073425,0.10720036
1.8895782,3.4382997,4.166294,1.5487214,81.96123
14.648876,12.986659,13.327864,1.6622171,11.347062
6.1490545,4.748243,5.392724,1.4008117,22.780928
29.7944,27.24114,26.681862,2.553259,8.569593
35.53377,35.08121,33.760105,0.45256042,1.2736065
7.2591853,8.056117,8.4663,0.79693174,10.978253
5.7173085,6.677424,7.1877947,0.96011543,16.793137
6.90579,6.31126,6.8416715,0.5945296,8.609148
5.3984847,4.2947764,4.9465275,1.1037083,20.444778
22.234192,23.08522,22.575123,0.85102844,3.8275664
7.144981,6.2245407,6.744749,0.9204402,12.882333
6.320761,4.9080267,5.5307913,1.4127345,22.350702
26.26569,25.29333,24.55047,0.9723606,3.7020183
44.0168,45.10732,43.032322,1.090519,2.4775062
7.574058,6.9303303,7.4083176,0.6437278,8.499114
34.151497,35.556503,34.179638,1.4050064,4.1140404
3.3164897,5.551545,6.1288157,2.2350554,67.392204
36.49754,38.14141,38.03153,1.6438713,4.5040607
8.088705,8.221894,8.61432,0.1331892,1.6466072
18.647404,19.04236,18.80168,0.3949566,2.1180246
6.0842204,4.5334177,5.1900215,1.5508027,25.488932
19.173351,13.866754,13.910973,5.3065977,27.676945
41.375362,42.198734,40.329563,0.8233719,1.9900053
5.791855,4.500387,5.1479464,1.2914677,22.297997
24.509443,27.52794,26.800339,3.0184975,12.31565
40.00747,41.87009,40.01485,1.8626213,4.655684
4.3472786,5.844409,6.402264,1.4971304,34.438335
3.2303472,5.902334,6.4620924,2.671987,82.715164
6.6152,5.1228414,5.725121,1.4923587,22.55954
9.514933,10.110203,10.806828,0.59527016,6.256168
4.0556903,6.2032003,6.943264,2.14751,52.950542
20.892391,17.010256,16.815884,3.8821354,18.581575
25.673777,26.40992,25.724564,0.7361431,2.8672957
4.0749598,3.5848966,4.2923083,0.4900632,12.026209
42.853146,42.439243,40.654682,0.41390228,0.9658621
8.44738,5.326637,6.514168,3.1207433,36.94333
5.6217833,6.1930857,6.7175364,0.5713024,10.162299
29.703444,20.880432,20.814388,8.823011,29.703665
6.8589168,7.97863,8.38626,1.1197133,16.324928
41.815296,35.997677,34.579147,5.8176193,13.912659
4.024142,4.0411553,4.7166715,0.01701355,0.42278704
3.8486135,7.9449673,8.467091,4.0963535,106.43712
38.821175,42.29003,40.400467,3.4688568,8.935476
1.7941018,4.77151,5.387937,2.9774084,165.95538
3.9567995,6.0261087,6.5968223,2.0693092,52.29755
11.969245,10.725019,11.185977,1.2442255,10.395187
10.01282,10.473257,10.717703,0.46043682,4.598473
6.360649,2.765245,4.079593,3.5954041,56.52574
18.162956,16.005266,15.875034,2.15769,11.87962
7.3323298,6.686164,7.346767,0.64616585,8.812558
39.414684,42.4051,40.531155,2.9904175,7.5870643
9.542402,12.8274145,12.931008,3.2850122,34.425423
44.662632,39.328365,39.10707,5.3342667,11.943466
6.5958877,5.2866526,5.878193,1.3092351,19.849262
24.116796,25.036963,24.348192,0.920166,3.815457
43.90774,48.418686,46.14628,4.5109444,10.273687
43.690243,42.0567,40.230186,1.6335411,3.7389152
40.885845,40.861294,39.09301,0.024551392,0.060048632
17.604555,30.428175,29.559965,12.82362,72.84262
15.775122,12.012915,12.15626,3.762207,23.84899
4.4035835,4.432283,5.088794,0.028699398,0.6517283
3.3157947,4.9756207,5.587132,1.659826,50.058167
1.8227462,5.005225,6.121866,3.182479,174.59804
44.61649,44.91391,42.92118,0.2974205,0.66661566
4.8872695,5.610027,6.1769905,0.72275734,14.788571
6.0849524,4.5848455,5.234811,1.5001068,24.652729
37.980362,38.86937,37.25373,0.88900757,2.3407032
4.0292335,5.787992,6.3542643,1.7587585,43.649956
30.789116,23.776394,23.63083,7.012722,22.776627
21.141048,19.660093,19.451202,1.4809551,7.005117
12.03335,10.133692,10.405464,1.8996582,15.786612
37.114582,32.80811,31.629414,4.306473,11.603183
15.425948,16.475315,16.404718,1.049367,6.802609
32.195744,32.19431,31.010109,0.0014343262,0.004455018
12.993211,12.213578,14.183475,0.77963257,6.000307
40.944527,44.524937,42.498756,3.58041,8.744539
11.263139,11.125718,12.138167,0.13742065,1.2200919
24.82699,22.58695,22.087126,2.2400398,9.022599
38.199635,33.33026,32.542274,4.8693733,12.747172
39.894974,43.574432,41.600452,3.6794586,9.222862
38.43212,41.36058,39.544823,2.9284592,7.619822
7.0111566,8.684033,9.156255,1.6728768,23.860212
12.724749,11.436614,11.628101,1.2881346,10.123065
10.37857,8.015932,8.416325,2.3626375,22.764578
31.19381,29.768787,28.839653,1.4250221,4.568285
9.141823,9.712633,10.005032,0.5708103,6.243944
9.161668,7.557193,8.03532,1.604475,17.512915
13.06568,10.215988,12.51796,2.8496914,21.81051
44.418728,44.73332,42.717316,0.31459045,0.7082383
7.8170056,6.926147,7.403657,0.89085865,11.396418
12.667091,14.774372,14.758586,2.1072807,16.63587
7.224765,8.065266,8.461947,0.84050083,11.633608
32.26179,34.20167,32.928757,1.9398804,6.0129347
4.2768207,6.4026937,6.9436007,2.125873,49.706856
12.138876,12.07839,12.209297,0.06048584,0.49828205
41.010475,38.991554,37.351192,2.018921,4.92294
36.787266,34.85475,33.55922,1.9325142,5.253215
11.3825,10.4931555,11.7313595,0.8893442,7.813259
12.682015,12.071669,12.207287,0.6103468,4.8126955
4.76938,4.6458726,5.272147,0.1235075,2.5895922
42.16531,43.057404,41.13771,0.89209366,2.1157053
6.302999,9.060923,9.43628,2.7579236,43.755737
3.4351952,4.914974,5.528744,1.479779,43.077
5.1553125,6.0551443,6.6085286,0.8998318,17.454456
9.832663,6.756865,7.4054346,3.0757976,31.28143
35.619865,37.462097,35.923008,1.8422318,5.171922
38.538677,39.705032,38.05149,1.1663551,3.0264535
38.706177,36.362007,34.88691,2.3441696,6.056319
39.29188,37.432507,35.903645,1.859375,4.7322116
9.90653,9.409096,9.754196,0.49743462,5.02128
39.547375,42.158585,40.318157,2.6112099,6.6027384
41.33878,35.035896,33.831207,6.302883,15.246902
36.831543,35.98615,34.609848,0.84539413,2.2952993
6.9751854,5.1236525,5.7225566,1.8515329,26.544569
41.307625,43.4064,41.46726,2.098774,5.080839
42.621834,43.214783,41.31475,0.5929489,1.3911859
6.014612,6.9732714,7.450203,0.9586592,15.938837
2.929288,3.1755347,3.917757,0.24624681,8.406371
14.717546,18.082819,17.912273,3.3652725,22.865717
42.299686,43.264652,41.49234,0.9649658,2.28126
3.7644675,5.0166903,5.6187634,1.2522228,33.264275
23.40948,18.058144,17.995642,5.3513355,22.859695
12.868226,13.385746,13.624356,0.51751995,4.0216885
10.249538,6.9135675,7.389857,3.3359709,32.547523
37.9993,40.349308,38.60656,2.35001,6.184351
26.556396,20.43985,20.459974,6.1165466,23.032291
11.452921,13.905176,14.361224,2.4522552,21.411613
6.885804,4.8761754,5.4905896,2.0096288,29.185099
5.602913,7.273099,7.7230043,1.670186,29.809244
7.8659554,6.7352204,7.291916,1.1307349,14.375049
44.452057,39.596554,37.912952,4.855503,10.923011
13.033936,10.56567,12.170389,2.4682655,18.937223
9.714063,11.765817,11.938728,2.051754,21.121483
2.4922822,3.468409,4.1894674,0.9761269,39.16599
49.931908,44.66776,42.849663,5.2641487,10.542655
14.833116,13.134245,13.2619095,1.6988707,11.453229
7.1356826,4.324434,4.995096,2.8112488,39.397057
45.798653,41.754078,39.99733,4.0445747,8.831208
18.033316,23.985723,23.57905,5.952408,33.00784
36.635086,35.253197,33.959686,1.3818893,3.772038
4.3994737,3.9746766,4.6522713,0.42479706,9.655634
3.8368866,4.6569233,5.280366,0.82003665,21.372448
0.9500751,2.1072161,3.0049956,1.157141,121.794685
4.362276,3.8453412,4.5382485,0.5169349,11.850119
44.160606,43.293766,41.398964,0.86684036,1.9629267
26.384945,25.429293,24.748117,0.95565224,3.6219604
22.720823,19.882214,19.688541,2.8386097,12.493427
41.53807,43.278225,41.34381,1.7401543,4.1892996
25.008257,21.749218,21.244837,3.259039,13.031852
16.582737,13.6929,13.718265,2.8898373,17.42678
10.9283495,8.302596,8.692184,2.6257534,24.02699
4.492269,3.8347907,4.673585,0.65747833,14.635774
3.1144345,5.6303477,6.1981106,2.5159132,80.78235
3.7600756,5.950996,6.638115,2.1909204,58.26799
5.3278856,4.768983,5.3866544,0.55890274,10.490142
36.43975,32.113014,30.97978,4.3267365,11.873672
4.8424106,5.275282,5.858599,0.43287134,8.93917
38.179592,38.32514,36.699257,0.14554977,0.381224
9.9731245,8.182544,8.791859,1.7905807,17.95406
10.331411,12.36568,12.484477,2.0342684,19.69013
5.58275,5.2799025,5.8637733,0.3028474,5.4246993
7.302772,8.884833,9.794405,1.5820613,21.663847
22.798414,27.701204,26.808315,4.90279,21.504961
10.777939,8.918083,9.276552,1.8598557,17.256134
8.763005,8.815336,9.236897,0.05233097,0.59718066
30.724943,29.42722,29.79988,1.2977238,4.2236814
40.809742,42.589592,40.689384,1.77985,4.361336
16.165966,6.3432283,6.9425907,9.822738,60.761833
3.5093863,3.9672322,4.647783,0.45784593,13.046325
42.81882,42.99901,41.10407,0.18018723,0.42081314
5.578576,4.2239013,5.324479,1.3546748,24.283524
10.507561,10.652787,11.126067,0.14522648,1.382114
41.989178,44.457214,42.488716,2.4680367,5.8777924
9.328416,7.246894,7.7505927,2.081522,22.313776
7.1858172,5.1165676,5.733526,2.0692496,28.7963
25.3592,31.591663,30.576103,6.232464,24.576738
27.573004,28.708332,27.80613,1.1353283,4.1175356
26.157127,25.908272,25.176023,0.24885559,0.9513873
11.0074415,10.075419,10.359104,0.9320221,8.4672
42.280045,42.592045,40.729332,0.31200027,0.73793745
7.2691665,7.5194044,8.021926,0.25023794,3.4424572
39.010174,40.392086,38.78767,1.3819122,3.5424407
18.449717,19.105152,18.934502,0.65543556,3.5525508
6.1938477,4.4232545,5.097562,1.7705932,28.58632
6.819069,4.3073797,4.9788246,2.5116892,36.833317
7.4589205,6.045914,6.62578,1.4130063,18.943844
23.350046,22.609085,22.067083,0.7409611,3.1732745
12.971616,22.88303,22.40037,9.911414,76.40848
40.029644,41.54673,39.723305,1.517086,3.7899063
2.4758048,5.2326617,5.8216004,2.756857,111.35195
7.6458464,4.8616805,5.5044265,2.7841659,36.414097
4.8939276,4.3372755,5.023261,0.55665207,11.374342
44.964123,42.894897,41.04575,2.0692253,4.6019473
39.39374,40.311398,38.633404,0.91765594,2.329446
0.89501303,1.5133035,2.6407235,0.6182905,69.081726
49.572792,44.642525,43.626865,4.9302673,9.945511
8.822315,7.0638885,7.5927067,1.7584267,19.931578
31.516401,31.079353,29.94694,0.43704796,1.3867317
6.7691092,5.2034016,5.812091,1.5657077,23.130188
45.04583,41.88324,40.102844,3.16259,7.020828
3.9394827,4.8635917,5.4773746,0.924109,23.457623
9.983503,7.516301,8.125616,2.4672022,24.71279
3.5683744,6.216835,6.758292,2.6484606,74.22037
42.098087,41.80536,39.966297,0.29272842,0.6953485
2.466795,5.259777,5.8639755,2.792982,113.22312
41.57075,41.263958,39.47939,0.3067932,0.7380026
37.42309,37.959755,36.368492,0.53666306,1.4340426
5.535492,6.1076393,6.639323,0.57214737,10.33598
41.01785,40.900715,39.14765,0.117134094,0.2855686
12.193588,16.04821,15.930314,3.854622,31.611876
19.004244,21.072674,20.709766,2.06843,10.884042
5.4549165,5.063557,5.6678214,0.39135933,7.174433
4.5933747,4.0830646,4.815955,0.5103102,11.1097
6.0880785,6.770551,7.2677107,0.6824727,11.209985
10.577712,14.624047,14.605763,4.046335,38.253407
48.648758,41.744537,40.157597,6.9042206,14.1919775
6.8323503,7.972311,8.381707,1.1399608,16.684753
16.347565,22.014147,21.68862,5.666582,34.66316
43.801933,44.633854,42.98287,0.8319206,1.8992783
19.822275,16.455135,16.297333,3.3671398,16.986647
16.907341,13.463752,13.527325,3.4435892,20.36742
1.4448911,4.26178,4.91724,2.8168888,194.9551
32.576714,32.86002,31.774698,0.28330612,0.8696584
43.328472,42.03794,40.710537,1.2905312,2.978483
43.623337,44.0088,42.05587,0.3854637,0.8836181
43.74939,42.104362,40.26889,1.6450272,3.7601144
45.159496,42.581635,41.10068,2.5778618,5.7083497
41.214462,41.923008,40.167923,0.7085457,1.7191676
37.362846,34.150295,32.884163,3.212551,8.598251
40.46215,41.397095,39.596725,0.93494415,2.3106635
16.184252,11.814412,11.977892,4.3698397,27.000566
43.972614,42.81486,41.119694,1.157753,2.6328955
17.2134,14.422793,14.40105,2.7906065,16.211826
9.236039,8.571172,8.933018,0.6648674,7.1986203
9.596866,9.989143,10.259787,0.39227772,4.0875607
42.89169,42.58108,40.73122,0.3106079,0.72416806
14.295826,16.46038,16.322334,2.1645546,15.141165
5.9074755,5.146423,5.7452774,0.7610526,12.8828745
43.057835,42.730003,40.8464,0.32783127,0.76137424
3.9192288,5.5647745,6.143545,1.6455457,41.986465
1.3591945,3.3373742,4.060127,1.9781797,145.54059
5.2339683,4.648407,5.2832556,0.5855613,11.187712
32.83467,27.374624,26.515099,5.460047,16.628908
24.64571,21.906322,21.384296,2.7393875,11.115068
3.9293878,3.5066686,4.247292,0.42271924,10.757891
46.804718,38.31437,36.8175,8.490349,18.139942
30.43791,28.241764,27.370121,2.196146,7.2151666
17.335022,18.387846,18.298359,1.052824,6.073393
19.337276,17.406565,17.205303,1.9307117,9.984404
4.3107886,5.726428,6.309873,1.4156394,32.83945
8.370659,6.8753667,7.377472,1.4952922,17.863495
24.130787,21.899786,21.390842,2.231001,9.245455
21.806467,17.529106,17.345623,4.277361,19.615103
22.435413,18.17136,18.013405,4.2640533,19.005905
3.5743363,5.4559145,6.0253487,1.8815782,52.64133
6.103176,4.5240316,5.1630344,1.5791445,25.874142
42.647617,41.83519,40.630756,0.8124275,1.9049776
16.676731,20.399496,20.003773,3.722765,22.323109
17.65412,15.289143,15.215429,2.364977,13.396175
19.333689,15.235147,15.156763,4.0985413,21.198961
27.441017,24.874113,24.19109,2.566904,9.3542595
10.231985,9.293066,10.819883,0.93891907,9.176313
10.547217,14.1994295,16.606913,3.6522121,34.62726
28.711748,18.583813,18.391953,10.127935,35.274532
6.5421233,6.4586015,6.9694996,0.08352184,1.2766778
47.970776,34.257393,33.43917,13.713383,28.586952
4.0141788,8.004069,9.006946,3.9898906,99.394936
28.55804,28.004726,27.140491,0.5533142,1.9375076
6.3621306,4.248702,5.077503,2.1134286,33.218884
42.97129,42.962276,41.073757,0.00901413,0.020977098
9.753123,9.42474,9.750532,0.32838345,3.3669567
28.868853,28.521027,27.600763,0.347826,1.2048488
4.448539,4.9759502,5.589724,0.52741146,11.855836
42.261734,45.653755,43.556614,3.3920212,8.026223
28.284145,25.92768,25.227177,2.3564663,8.331404
42.82176,41.929188,40.08681,0.8925705,2.0843854
6.2246103,6.6777277,7.1964936,0.45311737,7.2794495
42.032806,40.640255,38.90039,1.3925514,3.313011
40.087894,40.692776,38.92708,0.6048813,1.5088876
6.8183784,6.6894684,7.185305,0.12891006,1.8906264
34.091103,34.515152,33.168568,0.42404938,1.2438711
6.381573,6.2916994,6.8463984,0.08987379,1.4083328
43.98463,47.45978,45.25161,3.475151,7.9008303
10.949874,12.896432,13.145207,1.946558,17.776989
42.052925,45.815945,43.691612,3.7630196,8.948294
18.77136,15.830782,15.722635,2.9405785,15.665239
6.7109475,4.8244467,5.451353,1.8865008,28.110798
9.0175,7.8460245,8.440654,1.1714754,12.991133
12.7000475,10.437337,10.850262,2.2627106,17.816551
9.878183,6.0622144,6.986209,3.815969,38.630272
15.848924,9.658239,12.2064495,6.1906843,39.060596
32.27917,34.335808,33.05522,2.0566368,6.371405
9.411716,8.657372,10.685233,0.754344,8.014946
28.601112,25.676733,24.999239,2.9243793,10.224705
8.658734,6.6417346,7.2832613,2.0169997,23.294394
14.924106,15.197023,15.140972,0.27291775,1.8287042
39.39557,40.164444,38.461433,0.7688751,1.9516792
15.896977,5.253527,5.9794054,10.64345,66.95266
22.06107,19.740934,19.370617,2.320135,10.516875
5.4182754,7.198883,7.6631417,1.7806077,32.863
43.67103,47.386738,45.19715,3.7157097,8.5084095
26.03762,23.928947,23.297623,2.108673,8.098563
37.73518,37.641853,36.141373,0.09332657,0.24731979
21.315744,12.620332,14.310816,8.695413,40.79338
2.1280048,4.178221,4.8531656,2.0502164,96.344536
49.578133,39.12241,37.584724,10.455723,21.089384
8.169114,20.180098,19.99076,12.010983,147.0292
9.273633,8.909199,10.669034,0.36443424,3.9297893
8.326712,6.441358,7.0414877,1.8853536,22.642235
20.579594,28.563963,27.609188,7.9843693,38.79751
41.087265,40.736683,39.10737,0.35058212,0.85326225
27.846176,28.539028,27.589306,0.692852,2.4881406
42.362022,45.816402,43.70482,3.45438,8.154427
39.17157,41.046413,39.24788,1.8748436,4.7862353
9.397724,8.904999,9.259274,0.49272537,5.2430286
36.748978,39.33888,37.68959,2.589901,7.047546
4.1913443,4.883132,5.502937,0.6917877,16.505152
1.984439,4.4164014,5.081808,2.4319625,122.551636
39.565044,39.797295,38.41687,0.23225021,0.5870086
24.511599,23.476614,22.851765,1.0349846,4.222428
10.002648,6.988667,7.577568,3.0139813,30.131834
12.815087,12.721484,12.818596,0.093603134,0.73041356
3.9880838,4.9422116,5.577954,0.9541278,23.924467
4.0379014,4.6471925,5.2726955,0.6092911,15.0893
8.866545,7.213526,7.707542,1.653019,18.643328
20.253565,16.411007,16.278316,3.842558,18.972256
17.042162,14.102469,14.105381,2.9396925,17.249527
33.840126,28.624643,27.777971,5.2154827,15.412126
6.758189,7.3033056,7.7789755,0.5451164,8.066013
41.901676,44.373234,42.35746,2.4715576,5.8984694
7.795679,7.9079294,8.321331,0.11225033,1.4399045
15.116915,12.16679,12.3003025,2.9501247,19.51539
36.77437,39.585308,38.05323,2.8109398,7.643748
7.99792,8.631497,9.085745,0.63357735,7.9217763
41.65445,42.433487,40.532364,0.7790375,1.8702383
39.502007,41.918873,40.06254,2.4168663,6.118338
10.397964,9.806816,10.089853,0.5911474,5.685223
25.64085,33.39919,32.314323,7.758339,30.257729
38.03181,35.609715,34.18141,2.4220963,6.368606
41.997982,42.139668,40.28341,0.14168549,0.33736262
11.281006,8.50156,8.93497,2.7794456,24.638279
37.047245,38.134262,36.546318,1.087017,2.9341373
5.2842016,6.4603906,6.971541,1.176189,22.258595
14.522699,14.369003,14.41812,0.15369606,1.0583161
7.8299356,7.695551,8.125131,0.13438463,1.716293
38.21546,39.828327,38.13508,1.6128654,4.220453
44.523014,48.410686,46.16436,3.8876724,8.731827
4.0131464,2.9560874,3.774611,1.057059,26.339907
22.794304,26.568604,25.746086,3.7742996,16.558083
2.9922338,4.312488,4.9687557,1.3202543,44.1227
4.2194304,4.9084754,5.635319,0.68904495,16.330284
42.432224,41.975784,40.45277,0.45643997,1.0756918
39.66197,40.965782,39.21126,1.3038139,3.2873154
42.47716,44.35463,42.346783,1.8774681,4.419947
1.1815695,0.97667694,2.0545683,0.20489252,17.34071
28.342073,28.992334,28.078665,0.6502609,2.2943308
18.24275,15.062113,14.993979,3.1806374,17.435076
24.305832,25.495367,24.759241,1.1895351,4.894032
26.826916,24.395432,23.809296,2.4314842,9.0636
14.324852,15.559254,15.459518,1.2344017,8.617204
34.50875,33.111633,31.840448,1.3971176,4.048589
32.051125,32.382652,31.45284,0.3315277,1.0343715
23.053917,22.819994,22.31258,0.23392296,1.0146778
40.79156,41.722713,39.990307,0.93115234,2.2827082
7.6035705,14.747122,14.888538,7.1435513,93.94997
41.57291,44.46492,42.440575,2.8920097,6.9564767
42.033016,44.747322,42.723503,2.7143059,6.457557
2.5030036,5.683887,6.239558,3.1808834,127.08266
43.984585,44.750977,42.766663,0.76639175,1.74241
7.0722823,5.2990437,5.8902826,1.7732387,25.073076
44.013824,47.345535,45.12897,3.3317108,7.5696917
13.768145,19.531763,19.193113,5.7636185,41.86198
5.9963512,7.3737555,7.8195605,1.3774042,22.970705
23.005453,20.633392,20.202404,2.3720608,10.3108635
7.289249,7.782792,8.300022,0.49354315,6.770837
15.127571,12.863759,12.942844,2.263812,14.964808
37.28637,40.393486,38.695663,3.1071167,8.333117
48.248215,34.858105,33.7827,13.39011,27.75255
6.5077972,5.8246818,6.3878975,0.6831155,10.496877
38.198788,25.415678,24.87513,12.78311,33.4647
4.384726,6.147825,6.673585,1.7630987,40.21001
4.3867946,5.1451936,5.736297,0.758399,17.288227
29.983011,29.787516,28.731577,0.1954956,0.6520212
7.11332,7.536255,8.050308,0.422935,5.9456773
32.231197,28.962017,27.975786,3.2691803,10.142907
13.548698,16.981163,16.93923,3.4324646,25.334276
20.401989,19.541086,19.227036,0.8609028,4.2197003
6.1078057,4.603713,5.237932,1.5040927,24.625746
3.829289,5.7215977,6.4054375,1.8923087,49.41671
7.0675406,6.1302543,6.6873555,0.9372864,13.261847
8.204168,12.126948,12.280181,3.92278,47.814476
7.0927334,5.359806,5.9529915,1.7329273,24.432432
6.332917,5.074757,5.6916723,1.2581601,19.866991
44.290157,44.296005,42.29649,0.005847931,0.0132036805
16.109098,13.328178,13.376455,2.78092,17.26304
5.1999855,5.823155,6.378566,0.6231694,11.98406
42.30106,41.26073,39.446625,1.040329,2.4593449
34.94444,31.242031,30.097248,3.7024078,10.595127
8.747499,7.1961,7.702032,1.5513992,17.735346
5.989271,6.6522436,7.1434736,0.66297245,11.069334
17.654058,14.430804,14.411253,3.2232542,18.257864
44.759525,42.64752,40.819935,2.1120071,4.7185645
4.1511497,3.6529174,4.545348,0.49823236,12.002274
42.4741,46.30192,44.152264,3.8278236,9.0121355
7.157432,6.802285,7.3144627,0.35514688,4.961931
37.839577,25.903473,25.23865,11.936104,31.543966
42.022038,32.566692,31.47018,9.455345,22.500921
41.78438,42.32085,40.667282,0.5364685,1.2838972
9.499485,9.81338,11.698332,0.31389523,3.3043394
0.45823327,1.8876987,2.9663684,1.4294654,311.95148
15.788487,12.438523,12.549037,3.3499641,21.217764
7.6988015,8.506865,8.8759,0.80806303,10.495959
10.223938,15.360754,15.390845,5.136816,50.243027
4.7865467,5.2856393,5.964739,0.49909258,10.426986
9.248808,8.168803,8.629799,1.0800047,11.677232
15.97733,12.681878,12.775548,3.295452,20.625801
8.512035,6.3094754,8.210183,2.20256,25.875832
43.455074,39.85193,39.22794,3.6031456,8.291657
12.691004,13.129049,13.209141,0.4380455,3.4516222
41.829933,40.239956,38.997387,1.5899773,3.8010514
36.695972,31.89177,30.820145,4.804203,13.0919075
3.3071833,5.504542,6.2026772,2.1973586,66.44199
31.419626,31.935062,30.76328,0.5154362,1.6404911
36.67447,35.039524,33.681137,1.6349449,4.457992
4.556378,6.4046845,6.9912376,1.8483067,40.56526
6.603202,5.1372914,5.7383337,1.4659104,22.199995
44.704006,46.37254,44.254326,1.6685333,3.7324023
40.06265,38.771137,37.316536,1.2915115,3.2237298
42.07721,41.217037,39.400482,0.8601723,2.0442712
2.0303082,5.7886176,6.3697414,3.7583094,185.11028
13.704487,10.713019,11.679052,2.9914675,21.82838
26.843855,26.236723,25.438572,0.60713196,2.2617168
41.084652,44.81302,43.195408,3.7283669,9.074841
42.693794,46.914135,44.736416,4.2203407,9.8851385
6.815399,4.927576,5.5402064,1.8878231,27.699379
6.87306,6.5976133,7.149833,0.2754469,4.007631
40.3207,38.0942,36.533447,2.2265015,5.521981
9.482421,12.390285,13.195008,2.9078636,30.665836
7.2416654,8.312848,8.704138,1.0711827,14.791939
24.998117,25.211048,24.603333,0.21293068,0.85178685
3.706196,7.247285,8.520726,3.5410888,95.545105
23.579758,24.84601,24.169203,1.2662525,5.370083
29.92359,28.242977,27.63974,1.6806126,5.6163464
28.96592,26.416815,25.611408,2.5491047,8.800358
43.52543,38.85124,37.489014,4.6741905,10.738988
37.323715,39.71808,38.15477,2.3943634,6.4151263
9.676274,10.589041,10.859472,0.91276646,9.433036
4.306693,6.441564,6.9628015,2.134871,49.571007
43.652924,42.172737,40.517296,1.4801865,3.3908072
37.775692,33.41128,32.187412,4.3644104,11.553489
10.340849,13.810323,13.893627,3.4694738,33.55115
23.38071,19.894032,19.758394,3.486679,14.912631
2.1284778,5.684452,6.285516,3.5559742,167.06653
13.071727,14.434653,14.545484,1.3629265,10.426522
4.5124073,6.4447083,6.9554505,1.932301,42.821957
25.199677,23.095089,22.55989,2.1045876,8.351645
23.483904,22.527529,22.058594,0.9563751,4.0724707
9.17137,9.78205,10.105261,0.6106806,6.658554
13.066295,10.065345,10.348367,3.0009499,22.967106
44.732075,45.75036,43.72995,1.0182838,2.2764065
6.5330706,4.8465834,5.463942,1.6864872,25.814617
2.765328,3.7090445,4.4152656,0.9437165,34.126747
41.089,41.45688,39.666824,0.36787796,0.8953198
36.460903,39.29471,37.632744,2.833805,7.7721744
39.255142,42.131603,40.44832,2.876461,7.3276033
4.277694,5.948678,6.516352,1.6709838,39.06272
2.6770742,2.2546418,3.1212103,0.42243242,15.77963
35.46576,35.92501,34.49892,0.4592514,1.294915
41.65682,42.89987,40.9761,1.2430534,2.9840336
2.9845343,6.1778703,6.768035,3.193336,106.996124
7.40326,6.146337,6.6877103,1.2569232,16.977968
23.679878,22.089584,21.566364,1.5902939,6.7158027
37.557915,39.92507,38.22193,2.367157,6.302685
17.663517,24.627235,23.939548,6.9637184,39.4243
2.885106,3.7540603,4.4488277,0.8689542,30.11862
18.711046,18.769747,18.47781,0.05870056,0.31372142
43.65735,41.7715,39.97782,1.885849,4.3196597
8.940464,7.0368357,7.5400066,1.9036283,21.292276
43.337646,46.791874,44.641315,3.4542274,7.9705005
24.771904,24.025072,23.37384,0.7468319,3.0148344
21.650707,24.363997,23.81519,2.7132893,12.5321045
2.6534615,8.778573,10.208162,6.1251116,230.83478
44.591476,40.37838,38.75867,4.2130966,9.448211
11.776291,11.279377,11.593876,0.4969139,4.219613
5.369148,6.2274513,6.747471,0.85830355,15.985843
39.276375,39.967243,38.27049,0.6908684,1.7589922
24.101683,21.747044,21.446962,2.354639,9.769604
42.915737,41.15565,39.582733,1.760086,4.10126
7.156398,5.565076,6.136781,1.591322,22.236355
20.225534,23.937912,23.509998,3.7123775,18.354904
16.44481,13.231818,13.29984,3.2129927,19.538033
25.342674,31.621784,30.486448,6.27911,24.776825
37.315865,39.29515,37.674652,1.9792862,5.3041415
29.729181,28.343616,27.453941,1.3855648,4.6606226
6.122383,5.901284,6.4491954,0.2210989,3.611321
7.3061376,5.013787,5.631021,2.2923508,31.375687
39.801357,41.52311,39.704987,1.7217522,4.325863
3.5903609,5.1397934,5.760829,1.5494325,43.155342
9.733598,9.92482,12.54772,0.19122219,1.9645581
0.910807,1.0030854,2.0529284,0.09227836,10.1314945
32.3407,27.261711,26.388763,5.078987,15.704631
42.51259,44.559475,42.52816,2.0468864,4.8147774
2.7633002,3.1834135,3.9340837,0.42011333,15.203319
36.866955,38.594395,36.9551,1.7274399,4.685605
12.373117,10.502791,11.838773,1.870326,15.116046
13.700991,14.811132,14.788247,1.1101418,8.102638
40.11484,38.874237,37.271393,1.2406044,3.092632
42.467903,44.892517,42.991165,2.424614,5.7092857
2.0659542,5.170714,5.7616234,3.1047597,150.28212
21.30117,19.718344,19.373959,1.5828266,7.430702
19.258997,16.070719,15.938047,3.1882782,16.554747
9.135741,6.084208,6.63925,3.0515332,33.40214
8.019352,7.992485,8.406486,0.026866913,0.335026
6.558621,4.6974373,5.3436465,1.8611836,28.377666
4.040143,4.4890237,5.12884,0.44888067,11.110515
5.53089,3.7295313,4.473153,1.8013587,32.569057
9.014236,8.994499,9.387092,0.019737244,0.21895635
41.700306,42.36598,40.492676,0.6656723,1.5963248
11.454654,7.7637844,8.208659,3.6908693,32.221573
9.8635025,9.542343,9.845987,0.32115936,3.2560377
27.788294,28.253283,27.314991,0.4649887,1.6733259
26.98627,26.342392,25.519438,0.64387894,2.38595
7.48561,4.79265,5.4566927,2.6929598,35.975155
34.79067,37.464085,35.95698,2.6734161,7.684291
28.87408,21.284616,21.176153,7.589464,26.284695
7.581477,7.6106586,8.060877,0.02918148,0.38490495
36.452194,33.7888,32.52829,2.663395,7.306542
5.9442406,4.8691683,5.493341,1.0750723,18.085949
7.039048,5.2614174,5.872747,1.7776308,25.25385
40.787445,36.225246,34.78929,4.5621986,11.185301
6.685684,5.6281247,6.1918225,1.0575595,15.818269
9.363226,5.3102317,5.9752684,4.0529943,43.286304
11.718873,11.71509,11.995699,0.003783226,0.03228319
41.768353,40.42526,38.74826,1.3430939,3.2155778
2.4033544,4.2901917,4.9521847,1.8868372,78.50849
40.696213,41.166992,39.368343,0.47077942,1.1568139
41.89375,42.3411,40.495216,0.44734955,1.0678194
27.63501,28.256569,27.422676,0.62155914,2.249173
43.526478,44.175396,42.25128,0.64891815,1.4908584
3.893777,4.0601864,4.734262,0.16640949,4.2737293
2.5809982,4.748802,5.3906384,2.167804,83.99091
4.2112446,3.732202,4.4325643,0.47904253,11.3753195
7.090787,7.580656,8.169571,0.48986912,6.9085298
44.297314,43.546383,41.705734,0.7509308,1.6952062
4.926653,6.323434,7.0542703,1.396781,28.35152
6.376101,7.4577103,7.8983583,1.0816092,16.96349
43.39291,41.34922,39.55374,2.0436897,4.709732
7.486672,5.4040036,5.9897714,2.0826683,27.818346
40.52033,40.443027,38.736607,0.077301025,0.19077097
11.570652,8.583848,8.957294,2.986804,25.813618
5.4512777,5.6351137,6.208317,0.18383598,3.3723466
5.657417,6.4749084,6.9801545,0.81749153,14.449908
8.356783,15.649252,16.051971,7.292469,87.26407
3.2950072,3.7398992,4.4631443,0.44489193,13.502002
29.93753,20.066803,19.821644,9.870728,32.97108
4.7799234,4.4338694,5.111689,0.34605408,7.239741
39.459545,37.58693,36.08126,1.8726158,4.74566
43.542953,45.228886,43.202515,1.6859322,3.871883
4.4236236,7.8643312,8.623166,3.4407077,77.780304
24.647085,25.742586,24.985634,1.095501,4.4447484
13.330298,18.213345,17.961796,4.883046,36.631184
6.298294,6.07606,6.627702,0.22223425,3.5284832
26.913576,16.903063,17.252687,10.010513,37.195034
13.501863,13.571237,13.603764,0.069374084,0.51381123
14.549679,13.625174,13.679008,0.92450523,6.3541284
12.374061,11.692008,12.381593,0.6820526,5.511955
4.208296,4.2361913,4.9117336,0.02789545,0.6628681
11.909323,11.687799,14.065247,0.22152328,1.860083
10.110185,12.357439,13.240162,2.2472544,22.227629
10.329878,7.592081,8.1972275,2.7377968,26.50367
42.27006,46.41041,44.255127,4.1403503,9.794995
6.1686444,6.7345233,7.221693,0.56587887,9.173472
10.076197,11.995549,13.254825,1.9193525,19.048384
4.251343,3.6141028,4.3338337,0.63723993,14.989144
32.388073,28.80427,27.976383,3.5838032,11.065194
30.112467,23.818304,23.364208,6.2941628,20.902182
5.635496,4.6423893,5.275714,0.99310684,17.62235
35.501358,34.17282,33.033844,1.328537,3.7422144
39.560726,41.08704,39.28483,1.5263138,3.858154
4.2606473,3.1601171,3.996689,1.1005301,25.830116
38.649555,39.04067,37.43284,0.39111328,1.0119476
43.075325,44.645878,42.610374,1.5705528,3.6460614
3.9638984,5.7709427,6.4564066,1.8070443,45.58755
9.605848,11.656372,11.837048,2.0505238,21.346617
8.595433,4.987716,5.629832,3.607717,41.972485
48.798374,38.274525,37.476387,10.5238495,21.565985
18.921745,16.21328,16.102776,2.7084656,14.314036
6.9963183,5.7512994,6.3173385,1.245019,17.795343
24.11447,25.361233,24.676388,1.2467632,5.1701875
37.62319,40.00219,38.343193,2.3789978,6.3232217
1.6587465,6.972794,7.533659,5.314048,320.3653
13.978675,11.00751,11.226086,2.9711647,21.25498
10.904496,8.57106,9.252251,2.333436,21.398842
43.91637,41.295044,39.55922,2.6213264,5.9689045
9.169879,8.784867,9.144688,0.38501167,4.198656
21.892143,27.703716,26.833246,5.811573,26.546387
10.737181,7.9733677,8.510043,2.763813,25.740583
41.443577,43.252705,41.30682,1.8091278,4.365279
41.258488,41.079697,39.30919,0.17879105,0.43334368
5.5426736,5.845419,6.3925333,0.30274534,5.4620814
2.9700737,5.6370482,6.247241,2.6669745,89.79489
44.92194,42.933147,41.25415,1.9887924,4.4272184
9.386478,10.860173,11.077854,1.4736948,15.700188
43.840088,44.88871,42.944435,1.0486221,2.3919253
19.061806,11.020047,11.291206,8.041759,42.18781
9.997922,8.77113,9.12071,1.2267923,12.270473
42.345203,42.542873,40.66134,0.19766998,0.46680608
2.5307832,2.5316107,3.5525541,0.0008275509,0.0326994
1.8082447,2.7069614,3.5257564,0.8987167,49.701054
39.966625,39.76872,38.045784,0.1979065,0.49517938
32.27151,25.262554,24.530579,7.008957,21.718714
7.2273808,5.1812973,5.7738094,2.0460835,28.310163
7.583932,4.95431,5.578729,2.629622,34.673595
45.649944,42.09079,40.27909,3.5591545,7.796624
6.813716,4.450127,5.090534,2.3635888,34.68869
25.353798,25.281578,24.52682,0.07221985,0.28484824
7.7938557,6.10107,6.6501007,1.6927857,21.719492
43.095047,43.89267,42.03752,0.7976227,1.8508453
0.6900671,2.228522,3.1334763,1.538455,222.94281
30.350922,32.08947,30.899776,1.7385483,5.7281566
9.887819,8.38336,8.769988,1.5044594,15.21528
4.9913054,4.0107503,4.7159204,0.98055506,19.645262
4.0720453,3.9854078,4.6832767,0.0866375,2.1276162
1.7879572,5.80492,7.763291,4.016963,224.66774
39.714504,37.938168,36.543137,1.7763367,4.4727654
1.3683965,1.9376817,3.1496484,0.56928515,41.602352
45.78732,40.654263,39.066063,5.1330566,11.210651
30.769014,31.338615,30.210493,0.56960106,1.8512164
20.148045,16.958511,16.77213,3.1895332,15.830484
5.827674,7.5714874,8.001855,1.7438135,29.922976
4.039456,3.583067,4.287513,0.45638895,11.298278
12.739592,10.058023,12.728867,2.6815681,21.04909
49.98237,46.30277,44.59703,3.6795998,7.3617954
28.03196,27.944834,27.206116,0.08712578,0.31080872
43.488346,43.793167,41.82029,0.304821,0.70092577
4.481925,4.5718727,5.208307,0.0899477,2.0068989
10.558825,10.4241085,10.807888,0.13471603,1.275862
42.64987,44.052616,42.11576,1.4027443,3.2889767
9.051231,3.853046,4.5753317,5.1981854,57.4307
16.257254,11.326653,11.524871,4.930601,30.328623
11.695067,9.125655,9.455696,2.5694122,21.97005
44.102203,42.575066,40.832615,1.5271378,3.4627244
37.753677,37.053997,35.549507,0.6996803,1.8532773
11.467622,9.457856,9.779684,2.0097656,17.525566
2.2019503,5.3246503,5.906907,3.1227,141.81519
41.971924,41.131607,40.013805,0.8403168,2.0020926
30.22962,30.79708,29.67797,0.5674591,1.8771626
44.62792,43.848682,41.953564,0.77923584,1.7460725
44.401524,44.499207,42.502388,0.09768295,0.2199991
26.501463,25.270332,24.581383,1.2311306,4.6455193
41.805393,41.936623,40.103447,0.1312294,0.31390545
7.8023343,5.9064536,6.4612074,1.8958807,24.298891
21.986177,21.000772,20.553787,0.98540497,4.4819293
24.47,18.693262,18.399885,5.776737,23.607426
43.88496,43.967594,42.07249,0.08263397,0.1882968
25.473522,24.211727,23.623856,1.261795,4.953359
5.556028,4.8574524,5.5159197,0.6985755,12.57329
34.219505,35.97385,35.19509,1.7543449,5.1267395
36.788765,39.953476,38.278656,3.164711,8.602385
36.39686,33.894485,32.596966,2.5023727,6.8752437
3.5858958,5.3252673,6.289795,1.7393715,48.505913
36.00447,37.3161,36.404316,1.3116302,3.6429648
11.755086,10.6588955,10.889549,1.0961905,9.325244
2.508816,5.802415,6.351608,3.293599,131.281
8.6213455,8.426594,8.800382,0.19475174,2.2589483
4.976114,6.492798,6.996752,1.516684,30.47929
8.470234,7.8464127,8.266757,0.62382126,7.364865
14.886617,17.995039,17.757679,3.1084223,20.88065
5.15932,4.435888,5.080035,0.72343206,14.02185
34.54754,22.191906,21.88411,12.355633,35.764145
2.8941522,2.070441,2.9987762,0.82371116,28.461226
6.267074,7.927186,8.37823,1.6601119,26.489424
9.60673,8.9599,9.572822,0.64683056,6.733098
4.0638914,5.7278857,6.2958083,1.6639943,40.945835
5.195777,4.727482,5.359988,0.4682951,9.012995
17.271988,11.293142,12.80199,5.9788456,34.615852
8.045543,7.571124,8.008427,0.47441864,5.896664
43.452644,43.127605,41.275284,0.3250389,0.74803025
15.208488,10.730204,10.9531355,4.478285,29.445957
42.292244,42.224182,40.433975,0.06806183,0.16093218
43.396603,43.326485,41.540607,0.07011795,0.16157475
38.362564,40.941376,39.146156,2.5788116,6.722209
4.137383,5.65063,6.352477,1.513247,36.57498
38.6642,40.278664,38.65445,1.6144638,4.175604
7.537032,5.5057864,6.113507,2.0312457,26.950207
40.13989,40.430393,38.740356,0.29050446,0.7237301
23.312435,22.374321,21.896355,0.93811417,4.0240936
29.820826,30.18595,29.122751,0.36512375,1.2243918
2.511685,6.1514187,6.6795893,3.6397338,144.91205
43.17015,41.9192,40.099472,1.2509499,2.8977194
20.314863,27.555855,26.732796,7.2409916,35.643814
34.1695,30.560173,29.628025,3.6093254,10.5630045
11.490407,10.435549,11.119795,1.0548582,9.180339
39.416363,39.727905,38.080555,0.3115425,0.79038876
42.42197,43.531868,41.62819,1.1098976,2.6163273
7.3588386,4.660579,5.2968726,2.6982594,36.666916
6.7843294,7.1170626,7.581029,0.33273315,4.904437
36.463005,32.16705,30.97603,4.2959557,11.781683
39.148006,42.059536,40.21991,2.9115295,7.437236
3.935168,5.3269324,6.33584,1.3917644,35.367344
3.3812883,3.8946476,4.5802946,0.5133593,15.182358
12.646214,12.447777,12.555923,0.19843674,1.5691396
9.982323,7.927431,8.337774,2.0548916,20.585306
8.319217,5.716103,6.2873173,2.6031137,31.29037
16.98421,19.366316,19.045193,2.3821068,14.025421
26.312279,26.276188,25.527397,0.03609085,0.13716353
41.856884,41.98273,40.202873,0.12584686,0.3006599
42.002552,40.521328,38.77222,1.4812241,3.5265098
3.729834,5.177,5.7768526,1.447166,38.79974
7.758312,4.961855,5.56713,2.7964573,36.04466
18.824602,15.500532,15.808489,3.32407,17.658115
7.2872143,8.501313,8.886579,1.2140989,16.660673
13.5417385,10.152049,10.411692,3.3896894,25.03142
6.9482546,6.865519,7.49817,0.08273554,1.1907384
41.69894,43.504524,41.585114,1.805584,4.3300476
42.669865,47.218853,45.024105,4.5489883,10.6608925
6.3590293,4.7380834,5.3634653,1.6209459,25.490461
1.7903842,2.6635032,3.463027,0.873119,48.767128
7.3141475,5.383015,5.969751,1.9311323,26.402699
34.088478,38.445675,36.92868,4.357197,12.7820215
44.427017,44.48652,42.526154,0.059501648,0.13393122
5.826446,4.457575,5.103877,1.3688712,23.494102
10.3417845,10.012825,10.289258,0.32895947,3.1808772
42.136387,42.725365,40.97748,0.5889778,1.3977891
42.372257,42.514313,40.66454,0.14205551,0.33525595
41.97011,41.558,39.772278,0.4121132,0.98192066
42.169697,45.312683,43.51646,3.1429863,7.453187
25.498556,23.06438,22.460697,2.4341755,9.546327
37.149487,33.160656,31.899965,3.9888306,10.737243
4.09256,4.212436,4.966655,0.119876385,2.9291296
42.335354,46.014362,43.930386,3.6790085,8.690156
32.654667,30.961601,29.895714,1.6930656,5.1847587
11.684831,9.260917,9.586873,2.423914,20.744108
41.157845,41.868866,40.007942,0.7110214,1.7275478
33.354446,34.129543,32.78679,0.7750969,2.3238187
5.3737617,5.145456,5.7457414,0.22830582,4.248529
40.915802,42.739857,40.859386,1.8240547,4.458069
9.272505,7.4215612,7.9297833,1.8509436,19.961636
18.700935,21.050266,20.60402,2.349331,12.562638
17.450073,20.32869,19.920431,2.8786163,16.4963
36.952545,38.52505,37.541977,1.572506,4.255474
2.8407128,3.6230073,4.3342037,0.7822945,27.538671
2.7284515,4.2603097,4.9317203,1.5318582,56.143867
5.4573693,4.2199454,4.8760285,1.2374239,22.674366
2.9122138,4.625583,5.2601767,1.7133694,58.833916
24.005953,32.52799,31.418169,8.522036,35.499676
3.2553318,3.4815364,4.2395287,0.22620463,6.9487433
35.48193,35.462833,34.044437,0.019096375,0.05382
2.8635561,3.6078358,4.3279543,0.7442796,25.991446
11.681002,10.882655,11.165958,0.7983465,6.834573
42.40682,41.981606,40.22952,0.42521286,1.0026993
8.783214,6.5124097,8.30897,2.270804,25.853909
21.397163,17.550291,17.390217,3.8468723,17.978422
39.502674,42.464054,40.57627,2.96138,7.496657
38.1795,35.76729,35.176956,2.4122124,6.3180823
45.172768,44.03536,42.169834,1.1374092,2.517909
9.212584,9.045795,9.457818,0.1667881,1.8104379
19.066809,17.26979,17.064049,1.797018,9.42485
44.957596,38.756622,37.13045,6.2009735,13.792938
14.5001,12.626854,14.0275755,1.8732462,12.91885
43.72866,43.26877,41.442917,0.45989227,1.0516953
39.286312,33.67802,32.51885,5.6082916,14.2754345
43.634544,43.415813,41.52702,0.21873093,0.5012793
9.317037,8.834168,9.442422,0.4828682,5.182637
2.0981839,5.5553355,6.121761,3.4571517,164.76877
1.7882824,3.4867315,4.2006574,1.6984491,94.97656
8.877151,10.842691,11.073668,1.9655409,22.141575
14.915049,11.582295,11.754646,3.3327532,22.344904
1.2400337,4.688453,5.3241253,3.4484196,278.0908
4.5658956,5.8795013,6.4324536,1.3136058,28.769949
43.016273,41.69978,39.979156,1.316494,3.0604558
5.6272755,5.707778,6.2638264,0.08050251,1.430577
3.3597908,4.618126,5.267156,1.2583351,37.45278
2.394748,3.810008,4.505467,1.4152601,59.098495
25.312693,25.229214,24.476284,0.08347893,0.32979077
6.402836,5.5729723,6.164891,0.82986355,12.9608755
29.24867,25.464268,24.906261,3.7844028,12.938717
40.9108,39.675503,38.039818,1.2352982,3.0194914
36.378765,34.47052,33.159985,1.9082451,5.2454915
18.57185,30.062634,29.374882,11.490784,61.872047
9.484305,7.812255,8.4234705,1.6720505,17.629656
7.825563,5.733978,6.3025417,2.0915852,26.727598
27.045856,26.22743,25.410063,0.81842613,3.0260684
7.0441875,5.7414875,6.299608,1.3027,18.493261
41.954082,42.703175,40.83703,0.7490921,1.7855047
11.880371,13.282163,13.340661,1.4017916,11.799224
42.302036,43.04087,41.1107,0.7388344,1.7465693
6.1597266,4.839345,5.4589725,1.3203816,21.435719
10.352244,11.738256,12.132316,1.3860121,13.388518
8.380133,7.1144485,7.611467,1.2656841,15.10339
7.869644,5.3646913,5.964716,2.504953,31.830574
41.813583,40.83657,39.046696,0.97701263,2.3365915
28.07391,22.802797,22.37843,5.2711124,18.77584
9.865152,7.9902105,8.467449,1.8749418,19.005707
6.4754004,5.655481,6.2227135,0.8199196,12.662067
13.340545,9.531054,9.841566,3.8094912,28.55574
15.802066,12.271745,12.404102,3.5303211,22.340883
10.863763,10.512597,10.919941,0.35116577,3.2324507
18.162477,22.727123,22.681087,4.564646,25.132286
27.957302,27.328125,26.459585,0.6291771,2.2504928
2.01175,1.9619818,2.9427803,0.04976821,2.4738765
4.697803,4.71546,5.352066,0.017656803,0.37585235
8.420055,7.018442,7.5048413,1.4016132,16.646128
28.507805,30.704582,29.680637,2.1967773,7.70588
4.0390563,6.3055067,6.822346,2.2664504,56.113365
3.5089824,3.9337182,4.9691854,0.42473578,12.104244
49.98216,47.665955,46.41,2.316204,4.634062
4.295676,3.334612,4.0535336,0.96106434,22.37283
25.475912,21.211412,20.919765,4.2644997,16.73934
25.608797,37.935085,36.91268,12.326288,48.133022
6.2511168,5.6956787,6.271987,0.55543804,8.885421
49.926037,41.80631,40.089233,8.119728,16.263514
8.266675,6.7849784,7.3579903,1.4816966,17.92373
2.3622975,3.6104126,4.322402,1.2481151,52.834797
39.22301,42.809303,40.913975,3.5862923,9.143337
49.9507,51.99321,51.687798,2.042511,4.089054
33.84882,35.53277,34.15757,1.6839485,4.9749107
2.3038602,5.516228,6.093144,3.212368,139.43416
12.270011,5.9661274,6.5242424,6.3038836,51.37635
7.2467437,8.764148,9.1396675,1.5174041,20.939116
36.937553,35.838097,34.480778,1.0994568,2.9765284
24.710794,16.341736,16.29378,8.369059,33.868027
10.61366,12.553607,12.762681,1.9399471,18.277834
8.336149,8.460707,8.843668,0.124557495,1.4941851
8.432404,10.618837,10.860948,2.1864338,25.92895
11.931623,13.408607,13.495681,1.4769831,12.378726
3.7206864,5.7143564,6.3642063,1.99367,53.583393
44.034412,43.41736,41.904106,0.617054,1.4012995
40.938633,41.617176,39.834946,0.6785431,1.657464
9.731604,8.717853,9.072996,1.013751,10.417102
5.811456,6.3678074,6.879753,0.5563512,9.573352
32.9307,30.99807,29.92012,1.9326286,5.868775
43.052734,41.270992,39.51379,1.7817421,4.1385107
9.231223,9.069626,9.420999,0.16159725,1.7505509
12.600314,11.510397,11.7379265,1.0899172,8.64992
8.522438,6.981067,7.4694643,1.5413709,18.086031
13.985619,15.835949,15.863129,1.8503304,13.230236
42.754284,44.256485,42.32668,1.5022011,3.5135686
36.868847,34.705917,33.370995,2.1629295,5.8665504
15.135481,15.545097,15.45047,0.40961647,2.7063327
3.3842735,15.414879,15.673124,12.030605,355.48563
13.845737,10.64879,10.893833,3.196947,23.089756
4.3007646,5.2722125,5.878571,0.97144794,22.587795
6.561758,5.940167,6.50037,0.6215911,9.472936
43.084457,44.857494,42.826675,1.773037,4.1152587
44.3702,42.879673,41.041893,1.4905281,3.3593
17.844666,14.598303,14.561267,3.2463627,18.192343
9.675321,9.207435,10.085283,0.46788597,4.8358703
10.218839,8.788501,10.103272,1.4303379,13.997068
2.3248458,5.419074,6.006898,3.0942283,133.09392
3.8032587,7.0160685,7.7336483,3.2128098,84.47518
10.349541,7.717127,8.244899,2.6324139,25.43508
12.215594,11.232111,12.360514,0.9834833,8.051047
12.003628,8.61706,8.980272,3.386568,28.212872
8.795728,9.9695835,10.27062,1.1738558,13.345749
44.73268,45.025322,42.97005,0.2926407,0.6541988
11.48988,10.675976,10.902861,0.8139038,7.083658
40.2796,34.240837,33.08349,6.038761,14.992108
32.45809,29.581387,28.661722,2.8767052,8.862829
32.015247,29.278093,28.290297,2.737154,8.549532
8.426445,6.029258,6.56061,2.3971872,28.448381
44.381447,45.551258,43.496563,1.1698112,2.6358113
31.92168,32.405464,31.215786,0.48378372,1.5155333
7.134076,6.2169147,6.7481694,0.91716146,12.856066
19.704197,19.306839,19.053106,0.39735794,2.0166159
3.6410577,5.722899,6.279056,2.0818412,57.176826
4.467663,6.707818,7.200988,2.2401552,50.141544
3.7488675,5.3272862,5.9082513,1.5784187,42.10388
3.327401,10.907859,11.619396,7.5804577,227.81918
22.69867,19.112583,19.584742,3.5860863,15.798663
27.5912,21.234035,21.10283,6.3571644,23.04055
34.82785,30.139854,29.115105,4.687996,13.460481
9.369888,9.261472,9.808953,0.10841656,1.1570742
43.646317,42.775414,40.881977,0.870903,1.9953643
42.44336,46.09332,43.986645,3.6499596,8.599602
23.67071,23.629623,23.039288,0.041086197,0.173574
18.989098,18.17653,18.109396,0.81256676,4.2791224
15.858821,11.519754,11.68975,4.3390665,27.360586
40.008144,42.930233,40.99447,2.9220886,7.3037343
9.4636135,8.353632,9.054567,1.1099815,11.72894
6.350494,4.4787035,5.1211553,1.8717904,29.474722
11.771768,8.5003,8.870039,3.2714672,27.79079
2.443568,5.4527206,6.6517897,3.0091527,123.14585
49.508537,43.397972,41.8384,6.110565,12.342447
35.52322,36.518013,35.063515,0.99479294,2.800402
4.2022505,3.7880483,4.4928193,0.4142022,9.856675
2.8791893,5.015598,5.620347,2.1364086,74.201744
37.86924,37.815147,36.252155,0.054092407,0.14283995
7.6024594,6.245971,6.785512,1.3564882,17.842754
3.851099,4.11209,4.7752,0.2609911,6.777055
27.673035,27.920965,27.17683,0.24793053,0.8959282
21.047976,18.426226,18.135597,2.6217499,12.456067
9.668954,8.564265,9.016131,1.1046886,11.42511
14.28166,11.196086,11.387459,3.0855742,21.60515
13.828781,11.0065565,11.213586,2.8222246,20.40834
43.440872,43.931133,41.965794,0.49026108,1.128571
4.7636447,3.6132212,4.502101,1.1504235,24.15007
41.040585,40.95862,39.167473,0.0819664,0.19972035
18.58376,18.735312,18.789148,0.1515522,0.81550884
5.852613,5.0308194,5.645606,0.82179356,14.041481
3.2725787,6.218845,6.9207287,2.9462662,90.028885
12.482908,10.056753,10.326299,2.426155,19.435816
39.283627,40.42269,38.825417,1.1390648,2.8995917
20.46329,16.105839,16.012726,4.3574505,21.29399
4.7831616,6.4239454,6.9328995,1.6407838,34.303333
44.16594,45.200962,43.118275,1.0350227,2.3434863
27.988205,31.744118,30.836578,3.7559128,13.419627
18.645376,16.266628,16.11692,2.378748,12.757843
48.635254,45.139343,43.419754,3.4959106,7.188018
41.004017,37.793186,36.24901,3.2108307,7.8305273
9.3167925,10.756934,10.991882,1.4401417,15.457483
2.5713577,5.9018965,6.458308,3.3305387,129.52452
15.270758,15.500309,15.961386,0.22955132,1.5032084
11.974688,12.360235,12.487238,0.38554764,3.2196884
10.397156,10.963798,11.631056,0.5666418,5.4499693
11.205061,7.552615,8.806547,3.6524458,32.596394
7.0067377,7.7720375,8.345145,0.7652998,10.922341
6.571847,6.613801,7.1765976,0.04195404,0.6383904
6.696219,4.8003774,5.4163175,1.8958416,28.312122
5.0980525,5.2929316,5.9260154,0.19487906,3.8226178
13.762601,17.624893,17.469212,3.8622923,28.063679
24.134394,21.183178,20.707493,2.9512157,12.228257
6.0219893,7.94186,8.364733,1.9198709,31.881008
1.3626386,4.5293903,5.164309,3.1667519,232.3985
3.7906969,5.9082656,6.4682684,2.1175687,55.86225
9.28353,8.510937,8.918703,0.7725935,8.322195
19.014654,30.429508,29.402384,11.414854,60.031876
8.634139,8.369955,8.7545185,0.264184,3.0597608
11.2450075,10.374978,10.680459,0.87002945,7.7370286
44.810707,44.47076,42.52777,0.33994675,0.75862837
7.669679,8.377433,8.882103,0.70775366,9.227943
25.966852,17.321808,18.088833,8.645044,33.292618
23.048603,22.317007,21.79804,0.731596,3.1741445
4.7594767,3.5382047,4.41133,1.221272,25.659796
36.94589,29.177925,28.276253,7.7679634,21.025244
30.331585,30.996445,30.319931,0.6648598,2.1919718
16.096983,13.242724,13.307806,2.8542585,17.731636
5.606417,6.809102,7.2979503,1.2026849,21.451933
1.4181268,2.6424148,3.4462428,1.224288,86.33135
5.0913954,7.3596487,7.8050647,2.2682533,44.55072
14.525356,12.0808935,12.651165,2.4444628,16.828936
29.444246,28.522602,27.646833,0.9216442,3.1301334
27.838854,28.335028,27.447014,0.49617386,1.782307
4.3854737,6.183781,6.7234373,1.7983074,41.006004
32.188553,30.19784,29.190636,1.9907131,6.184538
7.283128,6.2734795,6.7926655,1.0096483,13.862839
10.870641,12.481709,12.674821,1.6110678,14.820357
41.09004,29.995453,29.045898,11.094585,27.000668
5.0363464,4.813946,5.4481525,0.22240067,4.4159126
9.370191,5.4507685,6.0478487,3.9194221,41.828625
41.313953,41.261295,39.567284,0.05265808,0.12745835
21.766052,25.117104,24.495886,3.3510513,15.39577
41.28498,38.262615,36.698288,3.0223656,7.3207393
11.029995,9.473094,9.875796,1.556901,14.115155
25.579266,25.39615,24.664543,0.183115,0.7158728
10.126527,10.687484,10.915541,0.56095695,5.53948
7.451182,6.8176284,7.321085,0.6335535,8.502725
4.0149264,4.4712796,5.1163177,0.4563532,11.366415
8.693079,6.181904,6.716937,2.5111752,28.887064
9.673704,7.0642385,7.530778,2.6094656,26.974834
26.55296,26.22203,25.442608,0.3309288,1.2462972
12.4407835,12.160783,13.31549,0.2800007,2.2506676
11.590166,9.498276,9.801403,2.0918903,18.048838
4.646557,3.8119345,4.541573,0.8346224,17.962168
6.6031404,5.786775,6.6055875,0.81636524,12.363287
5.2841,5.3280916,5.935774,0.043991566,0.8325271
15.39155,12.6729555,13.903063,2.7185946,17.662903
12.522617,6.598416,7.112411,5.9242015,47.308014
9.400084,4.8481045,5.4815617,4.551979,48.424877
2.3673491,3.9927006,4.6713195,1.6253514,68.65702
4.092364,5.6436825,6.220719,1.5513186,37.907642
24.37129,37.372032,35.969025,13.000742,53.344498
37.900528,37.730453,36.14132,0.17007446,0.44873902
6.6832814,7.519536,7.9559317,0.8362546,12.512634
5.9095244,7.5091734,7.986837,1.599649,27.068995
14.928651,8.606156,9.007548,6.3224945,42.351414
4.42674,4.014075,4.697688,0.41266537,9.322105
3.1655495,4.922034,5.541794,1.7564843,55.4875
39.33506,40.406654,38.78414,1.0715942,2.7242725
41.69688,41.27734,39.476635,0.4195404,1.0061674
4.159428,4.086573,4.7824516,0.072854996,1.7515628
7.6584463,8.313391,8.694137,0.6549444,8.551924
49.972435,48.374794,46.37814,1.597641,3.1970446
37.11957,34.87926,33.59449,2.2403107,6.0353894
4.106931,4.162459,4.911031,0.055527687,1.3520482
2.0351272,6.0473337,6.599353,4.0122066,197.1477
9.803684,9.50908,9.810728,0.2946043,3.0050366
5.3442397,5.8709664,6.5707226,0.5267267,9.855971
45.17922,41.337914,39.769554,3.8413048,8.502372
39.958168,29.663172,28.710209,10.294996,25.764435
1.9007152,4.539491,5.1950974,2.6387758,138.83069
8.229729,6.6249294,7.1402817,1.6047993,19.500025
11.729676,15.09137,15.099582,3.3616934,28.659729
17.348772,19.548521,19.182652,2.199749,12.679566
41.983162,43.13315,41.340996,1.1499863,2.7391608
18.238565,15.871187,15.75651,2.3673782,12.980068
40.211178,33.597595,32.32858,6.6135826,16.447124
44.937374,44.502884,42.893513,0.4344902,0.96687937
49.965885,43.157074,41.33284,6.808811,13.62692
27.457481,27.54746,26.8072,0.08997917,0.32770365
16.443233,13.485548,13.530781,2.9576855,17.98725
40.380215,39.420197,37.804268,0.96001816,2.377447
37.93783,37.805546,36.22987,0.13228607,0.3486917
5.615944,4.6240926,5.253513,0.99185133,17.661346
3.729433,6.2635636,6.793355,2.5341306,67.949486
39.6238,39.14798,37.53754,0.47581863,1.2008406
41.80854,41.74202,39.894455,0.06652069,0.1591079
12.8998575,6.7951303,7.338001,6.1047273,47.32399
11.812207,8.38168,8.794539,3.4305277,29.042223
37.937252,34.47371,33.15367,3.463543,9.1296625
3.7524242,4.977068,5.582787,1.2246437,32.636066
5.5544624,5.661812,6.2184434,0.107349396,1.9326694
42.012306,44.62762,42.596214,2.6153145,6.225115
11.429246,12.11023,12.429972,0.6809845,5.958263
2.406444,2.0378098,3.0548615,0.36863422,15.318628
16.89915,13.217008,14.363838,3.6821432,21.788925
24.814816,24.902826,24.173384,0.08801079,0.35467032
4.1246595,5.3401103,5.9296,1.2154508,29.467905
42.59538,43.518894,41.653473,0.9235153,2.1681116
7.0945845,6.477976,7.032089,0.6166086,8.691257
43.80115,45.1424,43.27124,1.3412476,3.0621285
23.960127,22.882956,22.302513,1.0771713,4.4956827
1.7011802,5.066075,5.6689377,3.3648946,197.79767
8.145954,13.567489,13.688339,5.4215345,66.55493
14.188043,14.53891,14.51215,0.35086727,2.4729786
49.82607,48.89703,46.948883,0.929039,1.8645641
6.7673435,6.041086,6.5770426,0.7262573,10.731793
0.5379425,1.8477998,2.916626,1.3098572,243.49388
42.254707,42.99821,41.07367,0.7435036,1.7595757
5.7618093,5.964846,6.5007877,0.20303679,3.5238373
4.3055477,3.7150002,4.458063,0.59054756,13.715968
2.9294245,5.9992795,6.555707,3.069855,104.79379
42.88988,42.43301,40.591003,0.45687103,1.0652187
37.9346,38.682995,37.047897,0.748394,1.9728533
19.332092,16.118591,15.978579,3.213501,16.622623
4.844561,5.3397884,5.924206,0.49522734,10.222337
39.720745,42.565075,40.66232,2.8443298,7.160817
3.2834165,3.907834,4.6138487,0.62441754,19.017311
38.361477,31.628849,30.746761,6.732628,17.550493
3.0505652,4.4938807,5.1348143,1.4433155,47.31305
43.614063,46.60529,44.463326,2.9912262,6.8583984
18.16157,18.80435,18.539673,0.6427803,3.5392332
38.46715,40.0069,38.296806,1.5397491,4.0027637
44.068085,44.349514,42.40026,0.2814293,0.63862383
4.291476,4.747526,5.3731985,0.4560504,10.62689
36.765923,37.5891,36.04033,0.82317734,2.2389684
3.909466,8.978772,9.4031315,5.0693064,129.66748
33.534973,33.906136,32.577766,0.3711624,1.1067921
16.141272,13.684039,14.156316,2.4572325,15.2232895
32.55198,27.411179,26.531958,5.1408005,15.79259
2.495706,5.158251,5.7644925,2.6625447,106.685036
7.526755,5.750142,6.3095613,1.7766128,23.603966
4.728705,4.9491563,5.570371,0.22045135,4.6619816
43.119793,37.531548,36.111374,5.5882454,12.959815
41.918102,45.73732,43.63399,3.8192177,9.111141
2.9364953,4.8796387,5.512451,1.9431434,66.172195
42.02386,44.771725,42.749115,2.7478638,6.538818
49.98862,39.99171,38.580776,9.99691,19.998373
37.10338,36.96984,35.470047,0.13353729,0.35990602
7.141324,5.589238,6.156016,1.5520859,21.733868
4.7221613,6.3284326,6.8757687,1.6062713,34.015594
7.310355,6.4281344,6.9417505,0.88222075,12.068097
4.914073,4.1633487,4.828062,0.7507243,15.277029
3.7527196,5.0697856,5.6862187,1.317066,35.096302
10.839406,9.7843,10.069714,1.0551062,9.733985
3.77209,5.3699617,5.995476,1.5978718,42.360382
49.912468,48.379772,46.69581,1.5326958,3.0707674
41.984787,42.193268,40.344845,0.20848083,0.4965628
8.464915,6.760239,7.389347,1.7046762,20.138136
44.288048,44.777084,42.75584,0.48903656,1.1042179
5.428176,4.2306805,4.889672,1.1974955,22.060734
24.058672,23.221008,22.664404,0.83766365,3.4817536
11.021954,9.961385,12.621325,1.0605688,9.622331
2.0091784,3.849802,4.546855,1.8406236,91.61076
7.880524,12.085124,12.280867,4.2046,53.354317
8.233927,7.7675695,8.282324,0.46635723,5.66385
40.877285,42.62822,40.86661,1.7509346,4.2833924
5.634414,4.0854564,4.7533274,1.5489578,27.491018
7.246552,5.9952154,6.551112,1.2513366,17.268028
3.1347244,6.3766007,6.8916316,3.2418764,103.41822
15.322045,13.958045,13.981575,1.3640003,8.902207
18.153732,18.94074,18.6491,0.7870083,4.3352423
13.153775,11.355143,11.5438595,1.7986326,13.673889
2.944742,4.551216,5.206165,1.6064742,54.553986
43.59965,44.67795,42.65474,1.0783005,2.473186
36.557926,37.77874,36.19364,1.2208138,3.3393955
36.42545,36.352978,34.9335,0.07247162,0.19895875
5.036962,4.817806,5.4360037,0.21915627,4.350961
23.631027,23.79476,23.21052,0.16373253,0.692871
35.612144,33.66644,33.180866,1.9457054,5.4636006
44.032635,32.05425,31.5149,11.978386,27.203428
2.1916564,1.4962981,2.4885316,0.6953583,31.727524
35.884144,36.18111,34.78428,0.29696655,0.8275704
43.525574,44.549526,42.572426,1.0239525,2.3525307
42.570457,41.35658,39.55416,1.2138786,2.8514578
40.220764,41.49439,39.79535,1.2736244,3.1665843
41.152267,41.701286,39.89247,0.54901886,1.3341157
6.215628,7.7287397,8.174751,1.5131116,24.343662
18.850193,15.888304,15.784182,2.9618893,15.71278
35.29137,36.15588,34.688183,0.8645096,2.4496346
6.764917,5.6975307,6.261016,1.0673862,15.77826
32.528316,34.586746,33.23113,2.0584297,6.3281164
42.34241,41.457504,39.82712,0.88490677,2.0898829
3.3253963,6.697712,7.210088,3.3723156,101.41094
5.018301,5.352626,5.9367523,0.33432484,6.662112
25.971434,24.713293,24.00245,1.2581406,4.8443246
8.836397,5.6801405,6.2386894,3.1562567,35.71882
41.307224,29.888786,29.317875,11.418438,27.642714
10.139952,8.454308,9.084208,1.6856441,16.623789
42.521523,41.69524,39.921238,0.8262825,1.94321
37.76869,37.847645,36.288437,0.078956604,0.20905307
12.183098,9.552596,9.859249,2.6305017,21.591402
6.853801,6.803115,7.2974696,0.050685883,0.73952955
5.492539,4.8099155,5.4767847,0.6826234,12.428193
37.451694,37.55285,36.022743,0.10115433,0.2700928
43.41928,40.614212,38.932724,2.805069,6.4604225
21.4993,20.500017,20.075003,0.99928284,4.6479783
31.83045,29.632702,28.70369,2.1977482,6.9045463
42.04385,46.039265,43.908524,3.9954147,9.502971
49.96586,42.433506,40.683674,7.5323524,15.074998
6.16984,6.0449305,6.6270657,0.1249094,2.024516
3.2015858,7.636118,8.274666,4.434532,138.5105
37.894287,41.620407,39.95288,3.72612,9.832933
24.060125,24.037617,23.392776,0.022508621,0.093551554
0.6541531,1.4445839,2.5619662,0.7904308,120.83268
8.119659,6.2496243,6.774772,1.8700352,23.030954
14.851474,17.501245,17.329338,2.6497717,17.84181
32.985004,31.03791,29.952618,1.947094,5.902967
3.975681,4.7745075,5.392751,0.79882646,20.09282
4.78933,3.9148235,4.6113834,0.8745065,18.259474
9.804524,12.4228325,12.578892,2.618308,26.705101
17.534195,15.468626,15.391062,2.065569,11.780232
17.882349,17.987827,17.73552,0.10547829,0.58984584
37.75572,40.89911,39.1381,3.1433907,8.325602
10.932272,11.077696,11.710975,0.14542389,1.3302257
42.088726,42.334393,40.464367,0.2456665,0.5836872
41.95159,43.20092,41.341255,1.2493286,2.9780242
3.2153938,6.0236826,6.571023,2.8082888,87.33888
42.86154,43.328568,41.472466,0.46702576,1.0896149
9.676502,6.8926716,7.4657726,2.7838306,28.768976
43.74168,41.45709,40.15415,2.2845917,5.222917
39.990215,41.852924,39.995834,1.862709,4.6579123
42.276783,42.173683,40.311794,0.10309982,0.24386866
41.675926,42.087387,40.360928,0.41146088,0.9872867
5.200668,4.940707,5.5736356,0.25996065,4.9986014
49.92555,45.255554,43.50294,4.6699944,9.353917
43.96322,45.64788,43.534855,1.6846619,3.8319802
34.479736,23.631573,23.280106,10.848164,31.462433
42.954914,39.085827,37.51241,3.8690872,9.007321
4.0019417,3.1073098,3.9088569,0.89463186,22.354946
2.02609,4.959332,5.5805025,2.933242,144.77354
8.362373,7.186798,9.307993,1.1755753,14.057914
35.270916,35.700474,34.35571,0.4295578,1.2178811
40.85576,39.233376,37.6182,1.6223831,3.9710023
44.215336,42.976406,41.19938,1.2389297,2.8020363
14.49791,13.887607,13.909361,0.6103029,4.209593
6.391586,8.1982975,8.5972805,1.8067117,28.267035
3.7237706,3.230195,3.986574,0.49357557,13.254726
30.907476,32.251007,31.135351,1.3435307,4.346944
23.990208,30.855703,29.905552,6.8654957,28.617908
18.365318,19.935694,19.561695,1.5703754,8.550766
4.7856565,4.496785,5.1503344,0.2888713,6.0361896
9.149457,8.421507,9.251976,0.7279501,7.9562116
36.77113,37.94824,36.459717,1.1771088,3.2011764
12.4972315,9.889212,10.211044,2.6080198,20.86878
42.82829,45.63664,43.553703,2.8083496,6.5572305
4.912069,6.5884514,7.1000485,1.6763825,34.12783
10.555659,9.60124,9.916362,0.95441914,9.041777
38.328316,38.67549,37.14839,0.3471756,0.905794
12.932464,13.193564,13.257264,0.26110077,2.0189562
4.68004,3.5828552,4.290915,1.0971847,23.443916
11.823281,9.309054,9.652781,2.514227,21.265053
34.171276,34.268322,33.030006,0.0970459,0.28399846
33.783813,37.219063,35.84352,3.4352493,10.168329
7.078429,5.256924,5.8498554,1.8215051,25.733183
7.7100563,6.23501,6.7774396,1.4750462,19.131456
19.358248,14.987332,15.309868,4.3709154,22.579086
1.3864222,4.699902,5.3230867,3.31348,238.99503
7.02211,5.339959,5.922818,1.6821508,23.955063
20.254,21.528677,21.142078,1.2746773,6.2934594
2.5406497,4.703277,5.33786,2.1626275,85.12104
4.2570004,4.358689,5.013413,0.101688385,2.3887331
41.718487,32.031662,30.946362,9.686825,23.219501
8.076664,8.300245,8.908636,0.22358131,2.7682383
19.476702,16.596817,16.426035,2.8798847,14.786305
37.31382,37.46394,35.95388,0.15011978,0.40231684
12.109836,11.480418,11.964185,0.6294174,5.1975718
8.260032,7.408534,7.8999743,0.85149765,10.308649
0.98614484,1.3064725,2.203167,0.3203277,32.482822
6.1766496,4.544075,5.188952,1.6325746,26.431395
44.342678,42.491596,40.63443,1.8510818,4.174493
21.197945,21.837482,21.331303,0.6395378,3.0169802
43.362267,45.733665,43.656616,2.371399,5.4688077
43.487934,43.58979,41.680733,0.10185623,0.23421723
28.744654,25.47436,24.81675,3.2702942,11.377052
1.0751103,1.5255809,2.5072892,0.45047057,41.89994
8.754378,6.92269,7.398636,1.8316884,20.923113
34.829155,37.90402,36.40187,3.0748634,8.828418
22.12895,21.931131,21.426098,0.19781876,0.89393646
26.27947,24.602777,23.966301,1.676693,6.380239
41.49918,41.02397,39.268238,0.47520828,1.1451029
11.522671,9.635219,10.037672,1.8874521,16.380335
5.1712813,5.26143,5.874981,0.09014845,1.7432517
8.837545,8.580199,8.940981,0.25734615,2.9119642
17.88681,13.58917,13.62044,4.29764,24.026865
28.030554,24.680521,24.125051,3.3500328,11.951362
3.722466,4.162343,4.842794,0.43987703,11.816817
29.59049,26.63223,25.83004,2.9582596,9.997332
18.69814,29.949846,28.976305,11.251707,60.17554
38.783848,40.706722,38.94806,1.9228745,4.957926
5.718884,4.412383,5.1495094,1.3065009,22.84538
10.797732,7.197872,7.650727,3.5998602,33.33904
9.111585,8.527984,8.905873,0.583601,6.405044
41.16928,40.613495,38.902714,0.55578613,1.350002
39.551025,40.454346,38.735313,0.9033203,2.2839365
4.187954,6.5417476,7.074739,2.3537936,56.203903
7.9480104,6.948256,7.5818367,0.9997544,12.578675
27.263802,42.547886,40.88155,15.284084,56.05999
6.280953,6.687256,7.1763506,0.40630293,6.4688106
30.052149,28.39111,27.452835,1.6610394,5.52719
1.5602099,1.8873785,2.8531833,0.32716858,20.969524
39.39346,38.639214,37.00183,0.75424576,1.9146472
28.09067,28.682362,27.74134,0.591692,2.1063647
10.967453,11.679014,11.851639,0.7115612,6.4879346
2.2220016,3.233255,3.9882238,1.0112534,45.51092
8.81271,6.405064,6.9451323,2.4076457,27.320152
32.55823,32.543373,31.305195,0.014858246,0.045635913
45.039776,45.44151,43.40396,0.4017334,0.89195246
26.252659,22.531479,21.9786,3.72118,14.174487
42.375072,45.314007,43.228638,2.9389343,6.9355264
20.29852,19.29935,19.019535,0.9991684,4.922371
10.6030445,8.110854,8.55087,2.4921904,23.504478
22.032768,18.919312,18.610607,3.1134567,14.131028
40.058525,41.74033,39.917217,1.6818047,4.198369
3.420853,3.555451,4.276072,0.13459802,3.9346333
40.321957,40.74813,38.967606,0.42617416,1.0569283
2.54156,5.647478,6.207716,3.1059182,122.20519
36.985798,39.71743,38.05007,2.7316322,7.3856244
37.048763,37.24546,35.784645,0.19669724,0.5309144
12.913579,9.565767,9.868109,3.3478117,25.924738
9.732193,8.009528,8.461036,1.7226648,17.700686
38.220478,39.219776,37.56443,0.9992981,2.614562
21.538492,19.386683,19.293795,2.1518097,9.990531
7.561899,9.360275,9.689764,1.7983761,23.78207
37.936214,36.87412,35.383606,1.0620956,2.799688
7.8991303,8.338823,8.891209,0.43969297,5.5663466
9.028598,10.900715,11.120598,1.872117,20.735413
7.726604,6.292788,6.8639936,1.433816,18.556871
8.138645,5.775109,6.3514338,2.3635364,29.040907
34.029457,34.35605,33.125153,0.3265915,0.9597317
10.284507,9.444005,9.766812,0.8405018,8.172504
2.7307174,4.1922617,4.8555074,1.4615443,53.522358
10.274654,10.473725,10.717436,0.19907093,1.9374951
18.862959,21.183659,20.71743,2.3206997,12.302947
24.595669,25.855986,25.11737,1.2603168,5.124141
37.81937,37.561684,35.982285,0.25768661,0.68136144
39.248283,35.269657,33.922493,3.9786263,10.137071
44.371864,46.468853,44.315483,2.0969887,4.725942
11.895344,13.327406,14.398262,1.4320621,12.038846
8.967942,8.352221,8.733982,0.6157217,6.865808
12.991901,14.993955,14.951921,2.0020533,15.410009
5.326276,3.8177447,4.518251,1.5085311,28.322435
3.428953,5.538258,6.2046514,2.1093051,61.514553
15.470995,17.359615,17.23552,1.8886204,12.207491
43.688206,46.1215,44.009846,2.4332924,5.569678
41.44524,42.6218,40.713478,1.1765594,2.8388288
7.7888956,6.5358305,7.056457,1.2530651,16.087841
18.898226,16.265339,16.129189,2.632887,13.931927
8.412763,6.6099067,7.6436086,1.802856,21.430012
27.335342,26.274282,25.470911,1.06106,3.8816414
14.516649,9.737165,10.068457,4.779484,32.924152
39.857906,39.872204,38.174366,0.014297485,0.03587114
49.705833,48.69226,48.998425,1.0135727,2.0391424
3.733992,5.6781588,6.2555914,1.9441667,52.066708
22.862518,21.01566,20.548103,1.846859,8.078108
41.367435,40.926456,39.280334,0.440979,1.0660052
9.684314,13.604257,13.710812,3.9199429,40.47724
21.650024,18.272367,18.001614,3.377657,15.601169
7.523535,10.264164,10.524803,2.7406292,36.427414
32.15842,31.711311,30.558187,0.44710922,1.3903333
11.605048,10.634629,13.321961,0.97041893,8.362041
43.740322,44.170345,42.254776,0.4300232,0.98312765
40.346134,38.891933,37.32196,1.4542007,3.6043124
9.40705,8.615542,9.063585,0.7915077,8.413984
22.046984,18.245258,18.120546,3.8017254,17.243744
40.90292,40.586132,38.811783,0.31678772,0.77448684
38.704964,37.499683,35.927658,1.2052803,3.1140199
28.330114,23.556524,23.098682,4.77359,16.84988
22.17892,18.528044,18.242147,3.650877,16.461021
43.498577,42.137527,40.302185,1.3610497,3.128952
32.030437,30.138325,29.149807,1.8921127,5.9072337
15.460651,21.245096,20.780025,5.784445,37.41398
5.8387785,4.5088325,5.147627,1.329946,22.777811
41.782104,42.05491,40.2799,0.27280426,0.6529213
34.035774,34.54564,33.240734,0.5098648,1.4980261
8.271277,9.037128,9.438171,0.765851,9.259162
13.277016,14.534794,14.537764,1.2577782,9.47335
1.2998031,4.4510217,5.0945716,3.1512184,242.43811
6.548098,4.878009,5.49094,1.6700892,25.504951
4.201528,4.5042644,5.144703,0.30273628,7.205385
42.421505,46.325485,44.164925,3.9039803,9.202832
1.0359318,3.5045257,4.2739515,2.4685938,238.29695
40.27403,40.13403,38.385788,0.13999939,0.34761706
26.141714,21.158905,20.84773,4.982809,19.060759
4.4355597,6.321005,6.8989143,1.8854451,42.50749
18.409206,15.42494,15.337267,2.9842663,16.210728
16.350485,12.599386,12.997857,3.7510986,22.941818
4.4688497,6.6961465,7.190096,2.2272968,49.840492
11.821951,12.568092,12.690468,0.74614143,6.3114915
6.411511,4.9185834,5.537854,1.4929276,23.285112
1.3237927,1.8828743,2.7748148,0.55908155,42.23332
44.98419,43.9892,42.12519,0.9949913,2.2118688
9.258895,9.478414,10.4956,0.21951866,2.370895
13.7829485,11.5055065,13.820347,2.277442,16.52362
16.444456,18.689564,18.476063,2.2451077,13.652673
9.877548,8.206506,8.672195,1.6710424,16.917583
44.27485,46.443184,44.352333,2.168335,4.897442
7.6382627,8.309365,8.690878,0.6711025,8.786062
43.984776,45.460613,43.591007,1.4758377,3.3553376
41.085026,41.1647,39.379074,0.07967377,0.1939241
42.95841,44.949535,43.04308,1.991127,4.635011
21.981697,21.487795,21.01506,0.4939022,2.2468793
34.19836,30.460247,29.361538,3.7381134,10.93068
32.217728,30.24452,29.403553,1.9732075,6.1246014
6.355701,4.5270987,5.161755,1.8286023,28.771055
32.872803,31.4104,30.72357,1.4624023,4.4486694
8.953252,8.233427,8.62599,0.7198248,8.039814
5.557318,6.848529,7.331401,1.2912107,23.234419
4.048761,2.9912248,3.9310215,1.0575361,26.119995
36.551086,37.362556,35.808228,0.81147003,2.2200983
38.944813,38.467922,36.87139,0.47689056,1.2245291
8.249529,7.2599926,7.7692695,0.9895363,11.995064
30.587803,31.6734,30.509918,1.085598,3.5491204
6.3256164,4.552518,5.2697916,1.7730985,28.030445
40.842686,43.884323,42.086636,3.0416374,7.4472027
12.01808,14.262845,14.271005,2.2447653,18.678236
9.354823,8.263929,8.738962,1.0908937,11.661297
4.747587,4.273069,4.929543,0.4745183,9.994936
49.988445,48.963467,47.248234,1.0249786,2.050431
1.642546,2.6235964,3.4177952,0.9810504,59.727417
37.2995,38.19407,36.615707,0.8945694,2.3983417
11.832282,9.950514,10.268965,1.8817682,15.903679
4.4925814,4.985308,5.593539,0.4927268,10.967566
22.461369,20.758255,20.31697,1.7031136,7.5824122
13.411525,14.169183,14.163374,0.757658,5.6493053
4.1670504,6.342051,6.8535714,2.1750007,52.19521
9.4577055,8.64034,9.576251,0.81736565,8.642325
5.2349234,4.338986,4.994216,0.89593744,17.114624
5.164597,5.3015265,5.894837,0.13692951,2.6513107
15.994966,18.165087,17.913635,2.1701212,13.567526
22.355465,17.12206,16.998468,5.233404,23.409954
3.7915583,6.310955,6.8292637,2.5193968,66.44753
25.263943,32.823395,31.633049,7.559452,29.921902
5.600125,4.275609,4.944577,1.3245158,23.65154
7.2220635,7.7973156,8.230284,0.57525206,7.965204
48.382084,46.8466,46.047962,1.5354843,3.1736631
11.299769,8.835993,9.330212,2.4637766,21.803778
4.2598257,6.3801966,6.929292,2.1203709,49.775997
40.16445,42.365887,40.467228,2.201435,5.4810534
12.751878,19.218264,18.99166,6.466386,50.709286
7.6333456,3.981359,4.7460537,3.6519866,47.842545
25.190119,22.883606,22.37644,2.3065128,9.156419
16.868896,6.861998,7.4951916,10.006899,59.321598
18.657936,16.043703,15.924273,2.614233,14.0113735
38.915245,41.435028,39.604843,2.519783,6.475054
42.766464,41.76729,39.953743,0.999176,2.336354
10.632044,6.41879,7.829074,4.213254,39.627884
5.5253344,6.312468,6.8297205,0.7871337,14.245902
43.207085,46.75652,44.57256,3.5494347,8.214937
15.820957,13.0079,13.086426,2.813057,17.780573
42.687466,43.30211,41.610703,0.6146431,1.4398679
17.324457,23.054226,22.796577,5.7297688,33.073296
9.099741,11.82937,11.991916,2.7296286,29.996773
44.452858,46.043953,43.926464,1.591095,3.579286
7.965597,9.062218,9.400763,1.0966206,13.76696
34.42086,32.190716,31.155365,2.2301445,6.479049
6.4832425,4.2267213,4.9262085,2.2565212,34.805443
1.4747065,2.847553,3.6209245,1.3728465,93.092865
6.257109,5.262307,5.8498178,0.994802,15.898748
39.475418,42.881203,41.003967,3.4057846,8.627608
7.422001,5.8307176,6.382019,1.5912833,21.440084
6.498717,4.7050147,5.3308983,1.7937021,27.600866
10.661849,8.67111,9.203938,1.9907389,18.67161
0.7337163,1.7697349,2.7615674,1.0360186,141.20152
23.102806,21.711554,21.389574,1.3912525,6.0220065
6.789576,4.2640357,4.9324565,2.5255404,37.19732
42.38945,41.555008,39.86987,0.83444214,1.9685137
42.536434,42.76939,40.9077,0.23295593,0.54766214
43.93451,43.831276,41.90661,0.10323334,0.23497096
11.585744,11.331912,11.52639,0.25383186,2.1908982
23.525799,21.461529,20.971241,2.06427,8.774495
9.4552965,4.3896275,5.0831585,5.065669,53.574936
8.93908,7.7604027,8.25869,1.1786776,13.185669
5.7422414,6.6835346,7.183556,0.94129324,16.392437
12.327585,10.378759,10.626357,1.9488258,15.808659
21.889763,29.649021,28.702145,7.7592583,35.44697
5.3996887,6.6921015,7.1781306,1.2924128,23.934948
13.89838,11.472815,11.643372,2.4255657,17.452147
44.533443,41.02878,39.349926,3.5046616,7.8697295
5.91677,6.9653616,7.43944,1.0485916,17.722366
41.228466,39.735584,38.084106,1.4928818,3.6209977
14.741756,12.871307,12.958868,1.8704491,12.688102
12.058815,8.46613,8.847012,3.5926847,29.793016
43.73596,44.156013,42.152203,0.4200554,0.96043485
43.35326,47.185593,44.996033,3.8323326,8.83978
5.691456,6.1055994,6.633744,0.41414356,7.276584
19.910128,17.033747,16.921097,2.876381,14.446823
32.358913,31.238934,30.17555,1.1199799,3.461117
10.685933,10.965178,11.182272,0.27924442,2.6131964
6.0773435,7.08158,7.5514627,1.0042367,16.524271
43.008644,45.767483,43.64925,2.7588387,6.414614
1.3384491,1.7133813,2.59562,0.37493217,28.012434
8.918285,7.7235756,8.15526,1.1947098,13.396182
2.9882634,4.7029495,5.3297324,1.7146862,57.380688
2.238218,2.2791877,3.1071968,0.04096961,1.8304566
18.385868,15.079237,15.014003,3.306631,17.984634
6.207684,4.8429923,5.460027,1.3646917,21.983912
43.397415,44.829865,42.82776,1.4324493,3.300771
25.86904,24.407793,23.71231,1.4612465,5.6486306
40.08973,38.56237,36.93971,1.527359,3.8098512
14.268206,11.909718,12.214731,2.358488,16.529676
13.906699,14.240834,14.239338,0.33413506,2.4026914
7.412577,9.931972,10.230224,2.5193944,33.988102
11.376049,11.069797,13.635408,0.30625248,2.6920812
4.247518,5.78141,6.3721642,1.5338922,36.11267
8.320198,7.0203466,7.521226,1.2998514,15.622842
10.909973,11.570457,12.0252285,0.6604843,6.05395
43.231247,40.769115,39.016956,2.4621315,5.695259
43.22078,42.2231,40.341724,0.99768066,2.3083355
2.0335479,5.4329066,6.028693,3.3993587,167.16394
42.355927,43.36447,41.701645,1.0085449,2.3811188
39.495132,41.24147,39.4419,1.7463379,4.4216533
43.443188,43.83334,41.866512,0.39015198,0.89807403
36.395264,37.676693,36.117016,1.2814293,3.5208683
7.0121617,8.329353,8.834008,1.3171916,18.784388
9.495299,9.711175,10.007672,0.21587563,2.2735
44.553806,44.69648,43.07503,0.14267349,0.32022738
0.38340133,1.590853,2.6295352,1.2074516,314.9315
19.739481,19.725077,19.527113,0.014404297,0.072972015
8.272284,7.935712,9.195878,0.3365717,4.0686674
36.067345,34.1112,32.778107,1.9561462,5.4235935
3.7271655,4.461312,5.119193,0.73414636,19.697176
2.9504435,4.3776937,5.0370116,1.4272501,48.374092
4.492042,3.7720027,4.485609,0.72003937,16.02922
43.087154,45.762768,43.664017,2.6756134,6.2097707
3.8236382,4.320403,4.9770527,0.4967649,12.991943
7.668531,6.5897017,7.123148,1.0788293,14.068265
4.7457995,5.398587,5.9875965,0.6527877,13.755063
42.018764,44.79952,42.75553,2.780754,6.6178865
30.249107,31.870377,30.747486,1.6212692,5.359726
4.12823,5.7131886,6.2957277,1.5849586,38.393173
33.102127,27.200521,26.632265,5.9016056,17.82848
8.677873,7.770132,8.380941,0.9077406,10.460405
36.480316,35.51583,34.104855,0.96448517,2.6438508
40.854626,43.584644,41.610207,2.7300186,6.6822753
18.453487,14.844359,14.805082,3.609128,19.557974
11.385678,11.146951,11.345825,0.23872757,2.0967355
14.723165,11.992569,12.351076,2.7305956,18.546255
16.336716,15.151646,15.246072,1.18507,7.254029
37.649773,39.07575,37.400223,1.4259758,3.787475
39.706898,39.910362,38.426907,0.20346451,0.512416
9.723864,9.982836,10.2634115,0.25897217,2.663264
7.5718675,5.7485795,6.3107796,1.823288,24.079765
9.390151,7.9527273,8.493154,1.4374237,15.30778
7.802185,4.4907584,5.127447,3.3114266,42.4423
42.44153,45.480713,43.389603,3.0391846,7.1608744
4.4857883,4.926627,5.544592,0.4408388,9.827455
41.131935,41.996693,40.96253,0.86475754,2.1023993
9.449555,12.204345,12.341624,2.7547894,29.152582
3.0051963,5.8547463,6.404642,2.84955,94.820755
21.987408,23.234005,22.651787,1.2465973,5.6695967
11.067122,8.241156,8.649868,2.8259668,25.534792
3.4599717,4.1955686,4.870033,0.7355969,21.2602
6.851781,4.270825,4.936004,2.580956,37.6684
35.33451,35.250916,34.17621,0.083595276,0.23658252
2.705444,5.4755435,6.045904,2.7700994,102.389824
7.9258356,6.209171,6.7512836,1.7166648,21.659101
44.09475,43.32454,41.40957,0.77021027,1.7467165
4.0147386,3.65021,4.572098,0.36452866,9.079761
3.1310754,1.7375369,2.6654952,1.3935385,44.506706
49.979717,49.39961,47.42561,0.58010864,1.1606882
13.026112,14.971758,15.027659,1.9456463,14.936509
26.67951,26.006195,25.20511,0.67331505,2.523716
8.313798,7.48687,7.972814,0.82692814,9.946454
9.482258,11.805604,11.995098,2.3233461,24.502035
34.944916,29.018618,28.142914,5.926298,16.958971
19.949995,17.123304,16.939932,2.8266907,14.1688795
13.398768,12.762025,12.965799,0.63674355,4.7522545
5.8941145,7.459297,7.9706078,1.5651827,26.55501
1.6270903,2.0576377,3.2745626,0.43054736,26.461184
44.107044,43.659138,41.904125,0.4479065,1.0154988
43.185665,47.88915,45.649002,4.7034836,10.891308
13.955846,18.693958,18.398472,4.7381124,33.950737
15.117101,12.34429,12.459452,2.772811,18.342215
40.526154,43.20477,41.28263,2.6786156,6.6095977
43.70298,43.897457,42.008354,0.19447708,0.4449973
5.552878,5.4374733,6.0240107,0.115404606,2.0782845
11.379663,16.12218,16.032827,4.7425175,41.675373
42.325855,43.993973,42.02678,1.6681175,3.9411314
42.427116,44.542435,42.60533,2.1153183,4.9857697
6.1106434,5.2206693,5.8242216,0.8899741,14.564328
4.7558193,6.0270157,6.605673,1.2711964,26.729282
37.886906,39.307056,37.625957,1.4201508,3.7483947
29.89606,29.375395,28.397636,0.5206661,1.7415878
3.6049473,5.2395725,5.8391256,1.6346252,45.34394
1.6751659,2.5692592,3.4097662,0.8940933,53.373417
38.098015,34.563473,33.26482,3.534542,9.277497
5.4521613,5.698607,6.281686,0.24644566,4.520146
37.314705,34.482075,33.276714,2.8326302,7.5911894
41.29841,32.594597,31.488749,8.703812,21.075417
3.221082,3.8294182,4.699621,0.6083362,18.886084
2.9357412,3.833394,4.5361695,0.89765286,30.576704
3.6108863,5.8531923,6.409288,2.242306,62.098495
6.1353345,4.165207,4.8283763,1.9701276,32.111168
22.872377,20.58709,20.15379,2.2852879,9.991474
21.171806,17.858929,17.60632,3.3128777,15.647592
2.5887284,6.1914,6.746887,3.6026716,139.16762
11.301307,12.39325,12.513202,1.0919437,9.662102
7.399974,5.562627,6.1365547,1.837347,24.829103
2.783427,4.9125056,5.523434,2.1290786,76.49127
28.661728,27.956678,27.199345,0.7050495,2.459899
25.772417,22.28476,21.749134,3.4876575,13.53252
27.669949,27.453934,26.64633,0.21601486,0.780684
7.762092,5.8757663,6.436984,1.8863258,24.301771
44.492508,43.474613,41.575798,1.0178947,2.287789
15.730975,16.423773,16.265932,0.69279766,4.404035
44.157146,42.987698,41.1584,1.1694489,2.6483796
3.6191924,6.358234,6.8929453,2.7390416,75.681015
38.83452,40.395164,38.65565,1.560646,4.018708
43.670467,40.47661,38.75926,3.193859,7.3135448
4.2012215,7.6291733,8.453253,3.4279518,81.59417
30.524086,27.244978,26.533808,3.279108,10.74269
5.6913695,5.4062467,5.9933734,0.28512287,5.009741
10.332487,10.8810005,11.099781,0.5485134,5.308629
22.743017,18.574318,18.2816,4.1686993,18.329578
16.710503,16.415712,16.346989,0.29479027,1.7641017
9.022778,14.943163,15.525309,5.9203854,65.61599
40.055004,40.687744,38.961555,0.63274,1.5796778
15.691712,17.233582,17.021278,1.5418692,9.82601
12.292355,14.390039,14.39207,2.0976849,17.064957
20.544952,17.790297,17.543182,2.7546558,13.407945
13.243341,11.346598,12.428403,1.8967438,14.322245
8.023922,7.7246323,8.4596815,0.2992897,3.7299678
5.712976,6.177568,6.7007127,0.46459198,8.132223
43.60252,44.586746,42.6351,0.9842262,2.2572691
24.21981,22.780165,22.301046,1.4396458,5.944083
42.984978,43.636333,41.719666,0.65135574,1.5153102
4.953112,6.142699,6.7031507,1.1895866,24.016954
3.918351,6.1457953,6.6909227,2.2274444,56.846478
16.1686,12.350317,12.465192,3.818283,23.615421
41.689625,39.369682,37.764595,2.3199425,5.564796
20.545975,19.112564,18.778042,1.4334106,6.9766006
1.4773562,3.3539748,4.8468885,1.8766186,127.02547
43.027195,43.695034,41.748978,0.66783905,1.5521325
0.5930731,1.3172226,2.3715026,0.72414947,122.10121
3.1997654,4.762395,6.251051,1.5626295,48.835747
7.5629835,4.392866,5.089636,3.1701174,41.91623
4.901302,4.1530104,4.816598,0.7482915,15.267199
35.488136,34.47085,35.334892,1.0172844,2.8665478
11.214583,13.548863,14.237419,2.33428,20.814684
40.058968,42.63702,40.92939,2.5780525,6.4356437
15.190417,10.011022,12.325959,5.1793957,34.096466
21.770077,32.653614,31.55751,10.883537,49.993107
10.365888,8.625283,9.006033,1.7406044,16.791658
27.433311,24.822058,24.216227,2.6112537,9.518551
3.676436,4.4151263,5.0673237,0.7386904,20.092567
9.905086,10.949393,11.4530525,1.0443077,10.543147
3.7614331,6.153606,6.6944404,2.3921728,63.597378
42.74672,41.80732,40.245125,0.9393997,2.197595
18.95348,15.779421,15.6637125,3.174059,16.746576
6.47271,4.6583595,5.283399,1.8143506,28.030771
6.5946126,5.3465877,5.99215,1.248025,18.924915
2.2565844,7.198326,7.6589317,4.941742,218.99211
15.484498,18.602371,18.4373,3.1178732,20.135448
8.07379,4.8999257,5.5403805,3.173864,39.310707
38.29699,37.954826,36.432648,0.3421631,0.89344645
15.901471,22.802935,22.40416,6.9014635,43.401417
3.3651738,6.0488033,6.636859,2.6836295,79.74713
10.090763,9.556353,10.120096,0.5344105,5.2960362
38.15483,39.65388,38.106037,1.4990501,3.9288607
29.12314,26.659029,25.958908,2.4641113,8.461008
4.2655516,8.691852,9.234201,4.4263,103.768524
11.509087,12.4258995,12.538826,0.9168129,7.965992
40.17716,40.251057,38.526314,0.073898315,0.18393117
11.761771,9.074395,9.42326,2.687376,22.848396
39.286045,38.613007,37.002434,0.6730385,1.7131745
8.973514,7.994402,8.416755,0.9791117,10.911129
38.965157,41.4193,39.780636,2.4541435,6.2983027
14.328817,11.264815,11.4621105,3.064002,21.383495
40.81593,42.273727,40.434856,1.457798,3.5716398
2.8343606,5.9233336,6.482957,3.088973,108.98306
44.588875,46.285583,44.179886,1.6967087,3.8052287
42.918568,43.779125,41.905895,0.86055756,2.0050938
5.275052,5.9024897,6.4453144,0.6274376,11.894434
21.292969,17.259556,17.349913,4.033413,18.942465
6.6996098,7.8023214,8.253328,1.1027117,16.459341
32.409218,32.744934,31.655407,0.33571625,1.0358665
37.008972,38.655804,37.132446,1.6468315,4.4498167
21.8803,20.880308,20.424358,0.9999924,4.5702863
40.90516,42.558178,40.686405,1.653019,4.0411015
40.856434,44.430256,42.399643,3.573822,8.747269
14.004082,14.28746,14.27886,0.2833786,2.023543
42.559345,33.850803,32.61206,8.708542,20.462114
44.162926,41.10294,39.76447,3.059986,6.928857
4.287078,5.411617,5.9956856,1.1245389,26.230894
42.98952,43.49658,41.672974,0.5070572,1.1794902
13.252466,15.803402,15.693136,2.5509357,19.248762
4.18603,6.095659,6.6641064,1.9096289,45.619095
38.37779,39.972775,38.265896,1.594986,4.156013
43.43056,43.813557,41.96429,0.3829956,0.8818574
42.592426,40.789795,39.074104,1.8026314,4.2322817
6.7793784,7.5044413,7.9421096,0.72506285,10.695123
9.458024,6.3422594,6.858345,3.1157646,32.943085
13.776574,17.237776,17.047268,3.4612017,25.123821
9.244786,7.4546013,7.899476,1.790185,19.364265
10.722461,7.805394,8.221882,2.9170666,27.205198
41.267704,41.4861,39.80788,0.21839523,0.5292159
12.668092,14.578234,14.543152,1.910142,15.078371
49.288708,45.286232,43.469505,4.0024757,8.120472
41.481415,43.53431,41.590538,2.0528946,4.9489503
11.66509,4.978057,5.620182,6.6870327,57.32517
40.95925,38.366436,36.95675,2.5928154,6.3302317
24.537321,24.16645,23.540771,0.3708706,1.511455
13.666058,11.939558,12.088835,1.7264996,12.633487
8.351385,7.4865522,7.952997,0.8648329,10.355562
3.075453,4.200057,4.8916044,1.124604,36.5671
43.54455,37.003124,36.886307,6.5414276,15.022379
29.417837,41.661194,40.028267,12.243357,41.61882
1.7584642,8.91614,9.298937,7.1576753,407.0413
28.015614,26.267475,25.65186,1.7481384,6.239872
14.058055,13.65355,13.682155,0.40450478,2.877388
40.524803,41.498764,39.70751,0.9739609,2.40337
21.736149,27.872423,26.975245,6.1362743,28.230734
37.323837,34.958168,33.61601,2.3656693,6.3382263
5.4537926,7.6931715,8.128992,2.239379,41.060947
8.135254,8.374031,8.762771,0.23877716,2.9350917
21.919928,30.569813,29.623415,8.649885,39.461285
4.3722224,5.164099,5.7644916,0.7918768,18.11154
23.738972,24.33738,23.658663,0.59840775,2.520782
39.57581,36.912888,35.396507,2.662922,6.72866
6.6280017,4.633556,5.2952776,1.9944458,30.091208
8.681407,9.022757,9.5183525,0.3413496,3.9319618
42.361454,42.816635,40.93197,0.45518112,1.0745173
3.8708887,5.0976024,5.696004,1.2267137,31.69075
7.564607,4.703374,5.3541226,2.8612332,37.82395
42.474052,45.375465,43.28022,2.901413,6.8310246
5.851673,5.3905854,5.9762545,0.4610877,7.8795877
1.0705022,1.6033957,2.528224,0.53289354,49.77977
13.743587,26.411024,25.720503,12.667438,92.16981
21.437555,19.271387,19.002634,2.1661682,10.104548
25.427277,25.506817,24.747437,0.07954025,0.31281468
10.441377,10.408477,10.967776,0.032899857,0.31509116
1.5095929,2.640307,3.4641957,1.130714,74.90192
35.372566,31.817692,30.635794,3.5548744,10.049806
40.28094,42.051918,40.342815,1.770977,4.396563
35.967934,34.997272,33.66616,0.97066116,2.698685
16.111393,17.337828,17.17596,1.2264347,7.6122203
12.468963,19.9613,19.716091,7.492337,60.087894
44.291,44.99002,42.93643,0.6990204,1.5782447
35.084694,36.683315,35.171467,1.5986214,4.5564637
15.814413,15.163408,15.178833,0.6510048,4.1165285
33.327663,33.09869,31.872818,0.22897339,0.68703705
6.174926,5.87618,6.4348373,0.29874563,4.838044
5.447351,4.6621475,5.3281765,0.78520346,14.41441
24.244204,25.391827,24.661718,1.1476231,4.7335978
18.891666,26.354303,25.734432,7.462637,39.50227
0.8516431,2.0124438,2.8730865,1.1608007,136.30132
30.366356,29.304035,28.38215,1.0623207,3.4983478
2.5380309,6.803751,7.327805,4.2657204,168.07204
22.538496,21.395874,20.924862,1.142622,5.0696464
5.5169253,4.997112,5.608752,0.51981354,9.42216
36.97027,38.84667,37.27386,1.8764,5.07543
21.428207,31.084415,30.053486,9.656208,45.06307
43.08212,43.52471,41.572193,0.44259262,1.0273232
40.823483,41.72078,39.886818,0.8972969,2.197992
13.039252,9.435624,9.74361,3.6036282,27.63677
32.16534,29.482367,28.468727,2.6829739,8.341195
6.3554716,4.135334,4.830311,2.2201376,34.932697
2.343876,1.3224611,2.3717146,1.0214148,43.578026
40.095387,34.30686,33.050873,5.7885246,14.436885
29.430191,25.05586,24.354273,4.3743305,14.863412
49.289616,33.614914,32.57478,15.674702,31.801226
23.457403,24.7451,24.03181,1.2876968,5.4895115
17.084396,21.406828,20.924124,4.3224316,25.300465
10.187011,7.6036015,8.033207,2.5834093,25.359838
3.4979956,5.039483,5.6394815,1.5414875,44.067734
42.335716,43.539864,41.60091,1.2041473,2.8442824
28.162426,25.125261,24.395931,3.0371647,10.784456
4.3522153,6.5612135,7.0773315,2.2089982,50.755722
5.6532836,5.1068797,5.746901,0.5464039,9.665248
36.962505,37.530952,36.03698,0.5684471,1.537902
5.713764,4.4290004,5.0711412,1.2847638,22.485418
39.18059,39.45598,37.776936,0.2753868,0.70286536
17.583088,14.792069,14.746614,2.7910185,15.873312
42.114098,46.311058,44.166626,4.1969604,9.96569
3.2767856,3.167973,4.1758337,0.10881257,3.3207107
40.257637,43.64815,41.738403,3.3905144,8.422041
7.3306737,6.6225085,7.1191044,0.70816517,9.660301
4.2283087,3.6878257,4.386888,0.540483,12.782487
29.081558,31.633564,30.520588,2.5520058,8.77534
45.101395,47.10928,44.988068,2.007885,4.4519353
44.139736,43.727886,41.829937,0.41184998,0.93305945
25.933044,26.81214,26.058247,0.8790951,3.3898644
8.474968,7.486226,7.9264584,0.9887419,11.6666155
44.65969,44.545227,42.60474,0.114463806,0.25630227
37.825348,34.91273,33.537804,2.9126167,7.7001715
8.42823,6.4603515,7.1372995,1.9678788,23.348661
43.22502,42.965397,41.055706,0.25962448,0.6006347
3.2405694,6.123973,6.661379,2.8834035,88.9783
39.989456,36.9175,35.436195,3.0719566,7.6819167
43.17332,44.16088,42.155067,0.9875603,2.2874317
5.996974,4.1716027,4.945116,1.8253713,30.438206
12.437429,9.863864,10.417593,2.5735655,20.6921
41.433815,41.98129,40.156536,0.5474739,1.3213215
3.7182336,3.0174737,3.775763,0.7007599,18.84658
29.83251,30.857496,29.777645,1.0249863,3.435803
31.325697,31.751549,30.611382,0.42585182,1.3594328
33.560833,29.545826,28.575895,4.015007,11.963371
9.515695,9.35503,9.680109,0.16066456,1.6884165
14.040845,12.091814,12.281008,1.9490309,13.881151
4.584289,6.347122,6.931246,1.7628331,38.453796
13.007587,16.307497,16.187845,3.2999096,25.369114
9.804356,11.304253,11.548947,1.499897,15.298272
5.165087,5.8904862,6.4336348,0.725399,14.044274
9.588624,9.782271,10.070229,0.19364738,2.0195534
5.4369946,4.55421,5.1894345,0.88278437,16.236624
8.049245,5.4918685,6.062816,2.5573764,31.771631
11.215141,10.765285,10.989278,0.44985676,4.0111556
11.323888,4.3604813,5.242568,6.9634066,61.493073
42.827248,45.669453,43.57433,2.842205,6.636441
21.684593,19.145735,18.813728,2.5388584,11.70812
6.40756,4.5905914,5.2240343,1.8169684,28.356636
18.98563,14.138361,14.160271,4.847269,25.531252
12.715259,12.470415,14.097251,0.24484348,1.9255879
13.797269,4.3626237,5.281597,9.434645,68.38052
41.31475,43.5176,41.56587,2.2028503,5.331874
37.410748,39.254074,37.754135,1.8433266,4.9272647
7.444193,7.191806,7.6513433,0.25238705,3.3903883
7.752387,7.2054577,7.675613,0.54692936,7.0549803
12.967561,9.450857,9.972059,3.5167036,27.119236
9.517284,6.900268,7.4300957,2.6170163,27.49751
7.7364726,4.6393337,5.3048706,3.097139,40.03296
8.663616,5.6604366,6.3062396,3.0031796,34.664272
9.9821415,6.739683,7.22933,3.2424583,32.482594
10.48025,9.20916,9.727314,1.2710905,12.128437
13.558433,10.184577,10.445493,3.3738556,24.883818
42.364895,34.620346,33.423073,7.744549,18.28058
22.268064,28.398182,27.542318,6.1301174,27.528738
18.108084,14.814518,14.786504,3.2935658,18.188372
42.886074,42.410233,40.546062,0.47584152,1.1095479
20.908995,20.206064,19.8439,0.70293045,3.3618567
37.39314,36.879044,35.347862,0.5140953,1.3748386
42.80802,40.153343,39.199123,2.6546783,6.2013574
17.690119,15.407215,15.414095,2.2829037,12.904965
23.300909,18.08252,17.86532,5.2183895,22.395647
7.363365,4.9466434,5.5538306,2.4167218,32.82089
43.552666,43.587856,41.688324,0.035190582,0.080800064
43.972538,41.651043,39.850212,2.321495,5.2794204
40.68387,43.927536,41.928406,3.2436676,7.9728594
8.625863,8.089938,8.488472,0.5359249,6.2130003
25.733843,25.364338,24.632977,0.36950493,1.4358716
37.726482,36.891914,35.37729,0.834568,2.2121544
39.9089,40.30055,38.594948,0.39164734,0.98135334
4.925998,4.0517898,4.7495832,0.87420845,17.746828
42.61339,42.505848,40.643402,0.107543945,0.25237125
36.042953,38.97813,37.39129,2.9351768,8.143553
41.336594,41.182076,39.64405,0.15451813,0.3738047
4.4777384,3.7685237,4.483965,0.7092147,15.838681
22.376423,23.090258,22.530928,0.71383476,3.19012
40.18012,43.289246,41.51773,3.109127,7.737974
45.522026,41.247868,39.480522,4.2741585,9.38921
4.3871493,3.5754151,4.2819057,0.8117342,18.502542
19.244242,15.995918,15.869103,3.2483234,16.879456
24.632835,23.754913,23.346481,0.87792206,3.5640316
39.47529,40.483967,38.72989,1.0086784,2.555215
35.281155,38.257084,36.75111,2.9759293,8.434897
44.676968,43.83628,41.93643,0.8406868,1.8817006
42.104233,42.65575,40.83067,0.5515175,1.3098861
11.257223,10.4728365,10.722662,0.78438663,6.9678516
37.61596,38.602913,37.090317,0.98695374,2.6237633
8.130368,5.670952,6.323495,2.4594164,30.249754
40.488045,36.792297,35.33389,3.6957474,9.127996
1.4162527,2.8772573,3.6397932,1.4610046,103.15988
17.627089,17.27201,17.275524,0.35507774,2.014387
5.4252534,8.310453,9.18302,2.8852,53.180923
44.65553,45.480267,43.433586,0.82473755,1.8468878
9.426296,8.519598,8.887069,0.9066982,9.618817
5.0941777,6.641591,7.142229,1.5474133,30.376116
11.562254,10.529331,10.762208,1.0329227,8.933576
42.980698,43.586452,41.667397,0.60575485,1.4093648
17.65587,13.619766,13.648479,4.036104,22.859842
6.244383,5.428355,6.0145187,0.81602764,13.068188
4.0616026,4.425279,5.3382635,0.36367655,8.954016
40.351303,39.95323,38.24165,0.3980713,0.9865141
39.88933,42.49538,40.60435,2.6060486,6.533197
5.5794754,4.711543,5.3382063,0.8679323,15.555804
3.2662842,3.8897448,4.58628,0.62346053,19.08776
5.4120913,4.5679526,5.1993446,0.8441386,15.597273
26.881529,25.61796,25.24976,1.2635689,4.7005095
6.515252,4.5698805,5.2123485,1.9453716,29.858732
40.52905,42.86595,40.959347,2.3369026,5.765994
10.887459,9.679079,10.151251,1.2083797,11.098823
5.169568,4.7990246,5.416078,0.37054348,7.167784
42.4105,43.23513,41.350918,0.82463074,1.9444023
8.097345,7.720907,8.143183,0.37643814,4.648908
22.20984,26.282684,26.221262,4.0728436,18.338013
36.264183,37.766144,36.288517,1.5019608,4.1417193
34.963917,34.110268,32.882065,0.85364914,2.4415147
7.7748103,8.191947,8.582352,0.41713667,5.365233
3.135444,4.3264585,4.9865017,1.1910145,37.985516
5.949336,4.8400984,5.453104,1.1092377,18.64473
21.669239,18.28503,18.096298,3.3842087,15.617571
18.307974,23.063927,22.67528,4.755953,25.977493
14.237994,13.486612,13.546425,0.7513819,5.2773013
14.821053,12.530455,12.675308,2.290598,15.455029
36.55552,33.55388,32.257008,3.0016403,8.211183
1.9421697,4.318528,4.971407,2.3763585,122.355865
14.164718,9.590634,9.915896,4.5740833,32.292088
9.411318,9.019073,9.368155,0.3922453,4.1678042
40.346165,40.956818,39.176773,0.6106529,1.513534
5.5015664,4.2099347,4.896866,1.2916317,23.477528
9.462617,10.704321,10.976828,1.241704,13.122205
35.485584,32.223667,31.024532,3.261917,9.192232
10.1169195,11.146817,11.340439,1.0298977,10.179954
27.187132,26.015095,25.42225,1.1720371,4.3109994
40.704388,43.90812,41.9086,3.2037315,7.870728
14.539456,12.254138,12.381271,2.2853184,15.718045
4.609072,9.457095,10.036517,4.848023,105.18436
6.109592,6.5641994,7.0774417,0.4546075,7.440881
9.807954,28.412224,27.874546,18.60427,189.68555
17.871384,15.979958,15.86628,1.8914261,10.583546
10.171025,9.778264,10.074424,0.39276123,3.8615696
8.889175,8.862281,9.268204,0.02689457,0.30255416
20.582378,17.177917,16.97895,3.404461,16.540659
44.19933,42.511738,40.72861,1.6875916,3.8181384
10.644498,9.790531,10.075167,0.8539667,8.022612
2.083364,1.3376441,2.313298,0.7457199,35.79403
7.0115714,6.467897,6.975117,0.54367447,7.7539606
26.904852,23.167522,22.560158,3.7373295,13.890912
4.488805,6.850002,7.334357,2.361197,52.60191
40.254223,40.137394,38.393234,0.11682892,0.29022774
39.168213,41.039677,39.31108,1.8714638,4.7780166
3.8592007,6.214736,6.7605934,2.3555353,61.03687
3.839151,6.8730655,7.7236857,3.0339146,79.025665
12.859083,9.490955,9.813,3.3681278,26.192596
9.087745,8.891594,9.400324,0.19615078,2.1584098
17.004236,11.999974,13.881954,5.004262,29.429502
42.435406,39.496548,37.902126,2.938858,6.925486
15.068162,12.932001,13.018729,2.1361609,14.176652
43.00232,45.10667,43.12422,2.104351,4.8935757
43.29072,43.879765,42.05335,0.58904266,1.3606672
2.5187902,1.4315362,2.4934003,1.087254,43.16572
44.986317,37.585743,36.149826,7.4005737,16.450722
43.07221,45.677277,43.59922,2.6050682,6.048142
43.545788,41.678947,40.483776,1.8668404,4.2870746
2.4401643,3.6120973,4.321327,1.1719329,48.026802
41.972748,46.20419,44.064598,4.2314415,10.081403
3.196731,3.1107783,3.8588521,0.08595276,2.6887703
38.647995,40.127056,38.416637,1.4790611,3.827006
21.949446,19.786741,19.527805,2.1627045,9.853117
41.81686,42.042088,40.20872,0.22522736,0.5386042
2.3802264,4.029827,4.7179294,1.6496007,69.30436
41.670067,42.72898,40.823338,1.0589142,2.5411866
1.2875069,2.067561,3.0275693,0.780054,60.586388
1.8325646,4.273328,4.9430494,2.4407632,133.18839
49.190025,44.61957,42.85529,4.5704536,9.291424
10.227314,11.942307,12.087218,1.7149935,16.768757
12.01186,7.879698,8.291961,4.132162,34.400684
3.7602165,5.540235,6.11973,1.7800186,47.338196
45.282562,43.970142,42.06401,1.3124199,2.89829
37.56732,41.324368,39.68648,3.7570457,10.000835
44.148956,42.679977,40.82979,1.4689789,3.3273242
45.872093,31.520065,30.731144,14.352028,31.287056
42.93919,37.107647,35.6675,5.831543,13.580934
0.55507386,1.4832187,2.5020816,0.9281448,167.21106
41.336723,45.1283,43.050423,3.7915764,9.172417
36.59032,38.242092,36.668312,1.6517715,4.5142307
34.07933,35.359734,33.968147,1.2804031,3.7571254
7.240589,5.551278,6.131674,1.689311,23.331127
6.1121173,4.720019,5.3439207,1.3920984,22.776041
41.653893,39.076176,37.78215,2.5777168,6.1884174
2.456969,3.6988173,4.411837,1.2418482,50.54391
10.391831,12.085523,12.249816,1.6936913,16.298294
40.27743,22.771975,22.366028,17.505457,43.462196
3.8841512,6.7520137,7.355391,2.8678625,73.834984
44.568275,44.62229,42.60119,0.054016113,0.12119857
2.6996238,2.4450111,3.2410607,0.25461268,9.431414
7.257588,6.5432673,7.063452,0.71432066,9.842398
11.495418,10.067273,12.474892,1.4281445,12.423598
43.819767,45.15128,43.228218,1.3315125,3.0386114
4.117787,4.72518,5.3472466,0.60739326,14.750479
27.26208,26.885109,26.053194,0.3769703,1.3827642
13.340979,11.421371,11.611685,1.9196072,14.3888035
36.51443,37.71286,36.2429,1.1984291,3.2820697
18.495626,18.585077,18.281754,0.089450836,0.48363236
38.811024,38.10729,36.496334,0.70373535,1.8132358
7.8961835,7.4687147,7.959826,0.42746878,5.413613
5.314345,6.524624,7.0337877,1.210279,22.773813
43.941193,45.12975,43.220333,1.1885567,2.7048802
10.640511,8.221189,8.612263,2.419322,22.736898
8.628602,9.786058,10.144044,1.1574564,13.414182
8.2200165,8.338055,8.848767,0.11803818,1.4359847
2.5689797,4.121331,4.7845373,1.5523515,60.426773
10.493064,11.609726,14.169001,1.116662,10.641906
12.976619,9.615042,9.908125,3.361577,25.904877
2.9304125,4.096975,4.779632,1.1665623,39.80881
1.1267316,3.7070732,4.514021,2.5803416,229.01118
37.1256,36.372814,34.881577,0.7527847,2.0276701
11.053246,11.899269,12.241074,0.84602356,7.6540737
28.277838,27.669176,27.187515,0.60866165,2.1524334
4.0807686,4.7642636,5.3940363,0.68349504,16.749174
6.77862,5.774296,6.346328,1.004324,14.816054
12.732054,10.334614,10.767182,2.39744,18.829954
11.963069,9.025049,9.359383,2.9380198,24.55908
13.78899,14.132061,14.142453,0.34307098,2.4880066
33.38917,27.88753,26.974937,5.501642,16.477325
2.0551922,4.4405384,5.0990744,2.3853462,116.064384
42.012722,43.599476,41.628716,1.5867538,3.7768414
20.353308,20.934937,20.621998,0.5816288,2.8576622
40.25564,34.395767,33.185272,5.859871,14.556645
10.940514,11.515976,12.198235,0.57546234,5.2599206
38.778763,39.182877,37.532036,0.40411377,1.0421008
38.547512,39.963055,38.23158,1.4155426,3.6722023
4.058866,4.7129807,5.350855,0.6541147,16.1157
23.128351,22.613892,22.0522,0.5144596,2.2243679
1.3550186,3.595726,4.3171115,2.2407074,165.36359
10.274135,19.217945,19.124641,8.94381,87.05171
5.39595,7.690771,8.114149,2.2948213,42.528587
21.388166,19.609144,19.31272,1.7790222,8.317787
3.0092304,5.960483,6.5120735,2.9512527,98.07334
38.00787,38.533714,36.89652,0.5258446,1.383515
41.144123,40.762722,38.976246,0.38140106,0.92698795
38.675465,39.7899,38.073387,1.1144371,2.8815093
5.820049,6.5602818,7.0595393,0.74023294,12.718672
10.976265,7.9641285,8.599,3.0121365,27.442272
6.9988666,5.188323,5.782525,1.8105435,25.869097
10.386447,11.837858,12.673677,1.4514112,13.974089
5.997153,7.1702642,7.6464667,1.1731114,19.56114
33.29365,35.051872,33.80009,1.7582207,5.2809486
12.705775,11.129364,11.354139,1.5764112,12.407045
42.501125,43.278786,41.43912,0.77766037,1.8297406
1.7642268,3.726612,4.4173255,1.9623853,111.232025
40.825687,41.984966,40.196068,1.1592789,2.839582
9.611861,7.0784674,7.5397544,2.5333939,26.356955
10.014287,9.891783,10.437969,0.122504234,1.2232946
11.636788,11.360332,11.543545,0.27645683,2.3757143
6.819931,5.4275928,6.020822,1.3923383,20.415724
6.547843,5.615395,6.192192,0.9324479,14.240536
41.080086,42.208797,40.354897,1.1287117,2.7475884
5.9520288,4.315207,4.964402,1.6368217,27.500233
29.791588,29.068968,28.05904,0.72262,2.425584
3.1012619,5.561439,6.1336794,2.4601772,79.32826
3.4381518,5.181036,5.77111,1.7428842,50.692474
5.906715,5.4377437,6.016904,0.46897125,7.939629
27.5728,20.15837,20.046728,7.4144306,26.890379
8.76711,7.830966,8.406029,0.9361439,10.677907
5.066587,4.6866174,5.3532524,0.3799696,7.499518
30.014936,28.899883,28.005735,1.1150532,3.7149942
40.70344,39.618298,37.916832,1.085144,2.665976
11.074137,6.6911736,7.212003,4.382963,39.578373
39.946026,42.715088,40.818764,2.769062,6.9320083
2.1469321,4.2215614,4.8872046,2.0746293,96.63228
37.044926,37.194584,35.66246,0.1496582,0.4039911
40.264816,40.958237,39.195095,0.6934204,1.7221497
15.631212,12.845374,13.173461,2.7858381,17.822277
7.462874,9.075711,9.424662,1.6128373,21.611479
43.48702,46.314816,44.166813,2.827797,6.502623
6.0060534,7.8487244,8.276657,1.8426709,30.680227
19.977518,21.356922,21.048847,1.3794041,6.904782
16.90227,13.632055,13.658129,3.270214,19.347782
8.851532,6.4987736,7.064259,2.3527584,26.58024
3.6295404,3.8028913,4.5119114,0.17335081,4.776109
5.2992277,6.2537346,6.8023305,0.9545069,18.012188
8.232849,9.180032,9.514603,0.94718266,11.504919
41.627613,43.670956,41.71058,2.0433426,4.908623
10.57246,11.853609,12.817166,1.2811489,12.117794
14.583622,10.881199,11.098885,3.702423,25.38754
1.2785681,4.209085,4.886132,2.9305167,229.203
12.239098,10.737998,10.96501,1.5010996,12.26479
40.819515,43.40984,41.48329,2.5903244,6.345799
2.0588017,4.9017415,5.515431,2.8429399,138.08711
10.552256,10.696331,10.935628,0.1440754,1.3653517
12.69197,10.526775,10.76565,2.1651945,17.059563
11.599696,10.153764,10.423269,1.4459324,12.4652605
12.423442,7.401909,7.892659,5.021533,40.41982
10.631937,7.588606,8.015734,3.0433311,28.62443
8.657702,7.8289785,8.376186,0.8287239,9.5721
5.388271,5.7040677,6.256434,0.31579685,5.86082
10.333982,8.749908,9.106338,1.584074,15.328787
23.381073,22.404602,21.961527,0.97647095,4.1763306
18.84598,17.795628,17.582859,1.0503521,5.5733485
7.508695,6.448302,7.0131645,1.0603933,14.122206
40.62687,39.90014,38.195335,0.72673035,1.7887924
3.374944,2.3269951,3.1845195,1.0479488,31.050852
3.6769385,4.9138546,5.5414395,1.2369161,33.639835
12.185578,12.398932,12.516158,0.21335411,1.7508739
43.997425,29.748577,28.914024,14.248848,32.38564
26.070652,21.586428,21.116255,4.4842243,17.200277
3.3385053,5.6358113,6.206478,2.297306,68.812416
43.372845,44.734287,42.96991,1.3614426,3.1389284
7.7900257,7.438752,7.8881655,0.35127354,4.509273
5.7631145,4.6174765,5.2518883,1.145638,19.8788
6.6709967,7.666422,8.121023,0.9954252,14.921687
8.310537,11.144735,11.419556,2.834198,34.10367
6.9322996,5.1376643,5.742075,1.7946353,25.888023
41.00219,40.22156,38.58173,0.7806282,1.9038695
35.139362,36.644047,35.232517,1.5046844,4.282048
7.9226627,6.1715837,6.734772,1.7510791,22.102154
24.365467,12.863267,13.053993,11.5022,47.206974
47.04639,33.20158,32.62887,13.8448105,29.427998
0.362415,1.8681967,3.0184498,1.5057818,415.4855
12.01713,11.609609,12.245743,0.40752125,3.3911695
7.75106,8.805533,9.155542,1.0544734,13.604248
39.119053,39.9092,38.230484,0.7901459,2.0198493
8.497431,9.276612,9.613182,0.7791815,9.169613
14.691789,12.426389,12.657963,2.2654,15.4194975
41.58675,43.792088,41.83668,2.2053375,5.3029814
5.831314,4.789908,5.419774,1.0414062,17.85886
38.855236,33.559177,33.62761,5.2960587,13.630231
8.15299,9.568726,9.877413,1.4157352,17.364613
40.09256,41.404415,39.68572,1.3118553,3.2720668
8.273309,5.497992,6.0799665,2.7753167,33.545425
21.40204,28.555477,27.862513,7.1534367,33.424088
19.252934,16.076666,15.940569,3.1762676,16.497578
6.632647,6.578722,7.1133757,0.053925037,0.8130244
5.7721877,6.6181536,7.141958,0.84596586,14.655897
36.095165,34.19854,33.93041,1.8966255,5.254514
0.7613196,1.6651306,2.6867514,0.90381104,118.71638
34.28077,33.286964,32.064056,0.99380493,2.899016
14.438495,15.778086,15.664885,1.339591,9.277914
3.6790833,5.2780976,5.87503,1.5990143,43.4623
5.326732,7.0203543,7.5207596,1.6936221,31.794767
7.2485867,6.5000024,7.009284,0.7485843,10.327313
12.977276,10.022852,11.780109,2.954424,22.766132
10.297087,13.50059,13.732628,3.2035036,31.110777
6.605769,5.846813,6.421688,0.75895596,11.48929
10.905184,5.9366655,6.6310887,4.9685183,45.56107
24.87415,34.064526,32.85875,9.190376,36.9475
4.1960907,7.7132807,8.144753,3.51719,83.82063
15.785854,14.907567,14.939582,0.8782873,5.5637617
10.908873,10.773734,10.990633,0.13513851,1.2387944
5.879788,6.0745974,6.634317,0.19480944,3.3132052
3.4427457,3.480328,4.1944027,0.037582397,1.0916402
5.294549,5.6789527,6.2503457,0.3844037,7.260367
7.249253,6.6693506,7.185071,0.5799022,7.9994755
39.900898,38.977768,37.558823,0.92313004,2.3135571
28.52168,27.805838,26.98293,0.7158432,2.5098212
39.310925,36.011696,35.468685,3.2992287,8.392651
11.935884,9.644757,9.95212,2.2911272,19.195286
2.7485158,5.930824,6.46995,3.182308,115.782776
10.42938,10.284947,10.536854,0.14443302,1.3848667
43.34292,41.94556,40.21064,1.397358,3.223959
27.428967,22.78816,22.43297,4.640806,16.919363
2.1612802,3.0045915,4.4416704,0.8433113,39.019066
28.754023,26.60291,25.81183,2.1511135,7.4810877
19.224272,16.095825,15.96069,3.1284466,16.27342
38.56178,38.91513,37.316353,0.3533516,0.916326
42.164406,42.871475,40.957092,0.7070694,1.6769344
3.9774544,6.072109,6.620628,2.0946548,52.6632
48.90141,38.29055,37.157585,10.610859,21.698473
43.084198,43.642914,41.82972,0.5587158,1.2967999
10.680022,10.786547,13.159075,0.10652447,0.99741805
31.865688,29.713774,28.891048,2.1519146,6.7530775
10.1038475,9.082798,10.023247,1.0210495,10.105552
19.072773,17.059593,16.867746,2.0131798,10.555255
3.639908,5.5448356,6.131323,1.9049275,52.334496
7.22946,6.9937425,7.6886997,0.2357173,3.2605104
38.23591,39.52274,37.845276,1.2868309,3.3655035
37.93864,38.83761,37.18801,0.89896774,2.3695307
10.323547,9.058955,11.384995,1.2645922,12.249589
40.62871,41.448315,39.619194,0.81960297,2.0173
13.802781,10.406883,10.653838,3.3958979,24.602997
37.427002,33.379765,32.10701,4.0472374,10.8136835
22.532295,20.156565,19.75809,2.3757305,10.543669
19.24076,16.318506,16.168745,2.9222546,15.187833
26.71938,34.858692,33.633522,8.139313,30.462208
30.748686,25.50623,24.97277,5.2424564,17.049368
40.91822,41.55537,39.745922,0.6371498,1.5571299
16.174414,15.6917515,15.6029825,0.4826622,2.9841094
20.030327,18.573147,18.293547,1.45718,7.274869
20.412897,15.567404,15.49404,4.8454933,23.73741
9.186184,6.7301764,7.2230463,2.4560075,26.735884
25.452316,24.515965,23.814205,0.9363518,3.678847
7.22561,4.2798142,4.938872,2.9457955,40.768818
42.558937,45.62758,43.543095,3.0686417,7.2103343
18.790783,15.67765,15.571489,3.1131325,16.567337
9.662782,9.024081,9.398777,0.6387005,6.609903
36.571472,38.83999,37.224354,2.2685165,6.2029676
43.029346,42.670586,40.85072,0.35876083,0.8337585
5.7073336,6.1456623,6.669918,0.43832874,7.6800966
4.928756,4.0493245,4.7174683,0.8794317,17.842875
31.39397,29.734585,28.68163,1.6593857,5.2856827
44.12236,44.993156,43.028816,0.8707962,1.9735938
8.024525,6.9516163,7.5586176,1.0729084,13.370367
4.3432827,3.5614653,4.2844076,0.78181744,18.000612
38.756817,40.276142,38.55276,1.5193253,3.9201498
7.7200155,10.280224,10.554722,2.5602083,33.163254
26.250393,26.079342,25.2748,0.17105103,0.6516132
18.773972,18.693647,18.44971,0.08032417,0.42784858
3.518529,6.024614,6.5611835,2.506085,71.22536
38.832188,40.320877,38.871044,1.4886894,3.8336482
5.8199587,6.272794,6.7906904,0.45283508,7.780727
14.172288,11.721876,11.916457,2.4504118,17.290165
39.36035,40.050957,38.428825,0.69060516,1.7545706
22.0917,16.430761,16.624714,5.6609383,25.62473
41.18065,38.825195,37.208866,2.3554535,5.7198067
40.515404,38.01716,36.585045,2.4982452,6.1661615
18.576925,20.079021,19.69504,1.5020962,8.085817
24.014322,27.563091,26.75505,3.548769,14.777719
9.018322,6.688011,7.4050326,2.3303108,25.839739
45.062614,41.827072,40.60703,3.2355423,7.1801033
42.139153,46.208466,44.05667,4.069313,9.656846
16.465286,13.127749,13.190487,3.3375368,20.270142
10.847702,9.907042,10.468403,0.9406605,8.671518
7.4434094,4.25145,4.929394,3.1919594,42.883026
5.947684,4.20812,4.889162,1.739564,29.247753
2.9754963,2.8738916,3.6737723,0.1016047,3.4147143
2.6623633,3.9321847,4.6288595,1.2698214,47.69527
5.226405,4.4232426,5.1328125,0.8031626,15.367399
4.411652,4.6937184,5.3172035,0.28206635,6.393667
34.36227,31.698055,30.551035,2.664215,7.753315
8.119751,6.4439845,7.067827,1.6757665,20.638151
37.197235,32.680286,31.49226,4.5169487,12.143238
15.730836,13.393184,13.4481535,2.3376522,14.860318
3.948514,4.09995,4.777746,0.15143585,3.8352618
42.345062,45.48951,43.60563,3.1444473,7.4257708
8.116686,8.29623,8.687571,0.17954445,2.2120414
4.334064,5.897574,6.666089,1.56351,36.074917
11.027034,9.096303,9.430589,1.9307308,17.509068
2.2304564,3.2928286,4.0218306,1.0623722,47.63026
3.6769373,6.4495697,6.995781,2.7726324,75.40603
7.687517,5.4204044,6.0504766,2.2671127,29.490831
17.81645,18.775375,18.674889,0.95892525,5.3822465
11.592536,11.035452,11.247905,0.5570841,4.805541
11.834545,9.182115,9.71005,2.6524305,22.41261
27.388227,27.270014,26.398695,0.11821365,0.43162215
20.05176,16.882664,16.705608,3.169096,15.804579
14.991556,12.956666,13.036016,2.0348902,13.573575
43.50783,43.65558,41.945477,0.14774704,0.33958724
2.380975,5.0555983,5.656096,2.6746233,112.3331
6.1920996,7.4612436,7.9443707,1.269144,20.496183
6.320133,6.9857955,7.452783,0.6656623,10.53241
9.8910885,8.577178,8.972007,1.3139105,13.283781
38.28025,40.07651,38.471874,1.7962608,4.6923957
3.033099,3.598784,4.3136654,0.56568503,18.650398
11.234887,11.569861,11.742168,0.3349743,2.9815545
13.860839,11.619807,11.787924,2.2410316,16.168081
41.71853,43.11481,41.17845,1.3962822,3.3469114
23.95561,24.715647,24.02983,0.76003647,3.1726868
4.240446,4.225559,4.934156,0.014886856,0.35106817
3.0902855,4.080193,4.756984,0.9899075,32.032883
8.222444,8.725823,9.228991,0.5033798,6.122022
3.676945,2.2874486,3.1491034,1.3894963,37.789425
10.895073,14.751083,14.856638,3.8560104,35.392242
6.299882,7.3659773,7.811693,1.0660954,16.922466
30.369526,37.661583,36.378166,7.292057,24.011099
33.54849,31.25335,30.180902,2.2951393,6.84126
41.725155,42.37932,40.49896,0.65416336,1.5677913
36.11025,31.108353,30.124298,5.001896,13.851734
5.5669265,4.9114122,5.525161,0.65551424,11.775155
13.833682,12.208699,12.362244,1.6249828,11.746569
8.652616,7.5713606,8.011057,1.081255,12.496279
3.1885126,7.865677,8.314961,4.677164,146.68796
18.705624,15.965473,15.839615,2.7401505,14.648806
8.278944,7.158082,9.278713,1.120862,13.538707
40.447407,39.67139,38.006664,0.77601624,1.9185809
49.97893,46.77687,44.904423,3.2020607,6.406821
39.724957,43.24511,41.28816,3.520153,8.861314
6.182346,4.553459,5.196742,1.6288867,26.34739
39.961853,40.26724,38.73607,0.3053856,0.76419276
41.684513,43.23969,41.330288,1.5551758,3.730824
34.117886,33.504772,32.326653,0.6131134,1.7970439
40.255062,30.499199,29.734169,9.755863,24.23512
49.766037,46.588062,44.643394,3.1779747,6.385831
0.4814098,3.4090848,4.1311283,2.927675,608.1461
2.8127463,3.791761,4.521446,0.97901464,34.806362
22.569874,17.722382,18.008974,4.847492,21.47771
42.95026,43.40298,41.493317,0.45272064,1.054058
10.767099,11.165561,11.655975,0.39846134,3.7007306
41.87094,44.713425,42.67623,2.8424835,6.788678
7.3549204,13.284607,13.392027,5.9296865,80.62203
41.72456,42.640038,40.80586,0.91547775,2.194098
10.857287,11.857358,12.004556,1.0000706,9.211054
42.137726,44.987038,42.926212,2.8493118,6.7619023
6.1824236,5.961623,6.5185914,0.2208004,3.5714214
6.4495273,4.5626254,5.2044344,1.8869019,29.256437
49.977375,46.522507,45.29487,3.4548683,6.912864
6.343947,4.350513,5.0463867,1.993434,31.422615
42.823067,45.024353,43.016563,2.2012863,5.140422
3.9118812,5.499107,6.2764206,1.5872257,40.574486
44.696487,44.410892,42.4963,0.28559494,0.6389651
37.09062,33.45228,32.292892,3.63834,9.809326
15.582325,13.067709,13.1414,2.514616,16.137617
46.72799,40.84539,39.27838,5.882599,12.589026
3.5846288,5.1291757,5.749367,1.5445468,43.088055
3.666255,5.165878,5.774001,1.4996228,40.903397
8.755736,8.534408,8.930672,0.22132874,2.5278141
23.675528,23.051113,22.467964,0.62441444,2.6373835
11.702189,11.641393,12.296402,0.060796738,0.51953304
3.326435,5.650412,6.221575,2.323977,69.86389
31.163685,32.93259,31.67703,1.7689056,5.676176
42.110027,43.526028,41.596836,1.4160004,3.3626204
7.757156,9.715946,10.120986,1.9587903,25.251398
9.047004,12.179667,12.33568,3.1326637,34.62653
7.510041,6.203573,6.753919,1.306468,17.396284
17.844397,17.827372,17.586275,0.017024994,0.09540807
9.17761,6.556816,8.4345,2.6207943,28.55639
5.2637596,4.4948993,5.1724033,0.76886034,14.606676
8.735154,8.394467,8.913206,0.3406868,3.9001808
22.286694,20.449305,20.026035,1.837389,8.244331
42.329132,45.497036,43.40689,3.167904,7.4839807
19.42618,17.594475,17.37317,1.8317051,9.429054
39.049606,39.815838,38.162613,0.76623154,1.9622004
41.10641,37.55023,36.06181,3.5561829,8.651164
24.045094,29.273539,28.39008,5.228445,21.744331
4.811911,6.635585,7.3022385,1.8236737,37.899155
31.405865,26.01858,25.301615,5.387285,17.153755
7.3904767,6.748684,7.286861,0.6417928,8.684051
7.2144485,5.094105,5.6956863,2.1203437,29.39024
5.122167,6.5737424,7.080611,1.4515753,28.339085
24.19459,25.71572,24.998028,1.5211296,6.287065
12.178693,8.620011,8.981161,3.5586815,29.220554
10.10054,15.265038,15.267002,5.1644974,51.1309
41.517044,42.00309,40.265896,0.48604584,1.170714
7.6698713,7.563013,8.002542,0.10685825,1.3932209
3.8022797,5.498942,6.224845,1.6966622,44.622234
3.3277988,2.0887144,3.0475726,1.2390845,37.234356
31.872736,32.91987,32.096718,1.0471325,3.2853549
5.588648,7.1862125,7.652621,1.5975647,28.58589
40.541294,43.186478,41.40312,2.6451836,6.5246654
44.17056,44.584454,42.97539,0.41389465,0.9370374
5.8845186,7.25352,7.7155037,1.3690014,23.26446
12.37011,14.992933,14.951332,2.6228237,21.202915
11.698435,10.219422,12.897716,1.4790125,12.642823
38.193314,38.290073,36.86499,0.096759796,0.25334224
17.48118,15.2869625,15.21698,2.1942177,12.551886
25.258478,34.794502,33.553505,9.536024,37.753757
42.882244,41.835598,40.04962,1.0466461,2.4407446
27.34932,26.78431,25.92825,0.5650101,2.0659018
31.953798,30.976862,29.87204,0.97693634,3.0573401
19.473215,23.408054,22.784945,3.9348392,20.206417
8.70559,6.6477222,7.149178,2.057868,23.638466
15.174245,12.199906,12.327501,2.9743385,19.601229
21.733263,18.570534,18.447845,3.1627293,14.552482
8.420031,5.628041,6.1975975,2.7919898,33.1589
11.871879,11.126747,13.773541,0.7451315,6.2764416
37.50526,40.18496,38.467808,2.679699,7.144862
2.4379358,3.682189,4.3884673,1.2442532,51.03716
13.442407,10.158035,10.418907,3.2843714,24.43291
26.816149,26.10284,25.460644,0.71330833,2.6599956
25.2235,23.556559,22.926523,1.6669407,6.608681
36.497456,25.24207,24.62654,11.255386,30.838823
8.449549,6.5027742,7.0675087,1.9467745,23.039982
8.221245,7.4710855,7.981734,0.75015926,9.124643
9.213103,7.4904623,7.9325457,1.722641,18.697727
26.259604,25.007332,24.270367,1.2522717,4.768814
23.4837,33.73138,32.501343,10.247681,43.63742
6.730452,5.582571,6.1499376,1.147881,17.055037
6.2518167,5.682405,6.2618217,0.56941175,9.107941
40.29898,36.913296,35.40049,3.385685,8.401416
6.4655294,4.891061,5.5044456,1.5744686,24.351736
1.8388971,14.412097,14.819982,12.5732,683.73596
22.738333,24.360895,23.75454,1.6225624,7.135802
3.9822242,4.4980855,5.131389,0.5158613,12.9541
8.281657,8.41015,8.79318,0.12849236,1.5515295
3.8787708,4.349579,4.9956484,0.47080803,12.138073
4.201202,6.4305453,6.967126,2.2293434,53.06442
13.599017,14.858063,14.833109,1.2590456,9.258357
42.724552,46.48597,44.330536,3.7614174,8.803878
43.18484,43.37429,41.521065,0.18944931,0.438694
12.840779,9.168943,9.506015,3.671836,28.595118
6.086489,5.942117,6.504303,0.14437199,2.3720076
4.363773,4.912815,5.523556,0.5490422,12.581823
0.7426707,3.5724597,4.283713,2.829789,381.02875
42.000233,41.530773,39.75713,0.46945953,1.1177546
11.103856,10.541514,10.78964,0.5623417,5.064382
12.139401,10.441456,10.695514,1.6979456,13.9870615
2.3009777,4.756119,5.3865457,2.455141,106.699905
16.483765,12.746258,12.889321,3.7375069,22.673866
6.432014,7.3004713,7.7527933,0.8684573,13.502106
42.469753,43.31297,41.472954,0.84321594,1.9854505
36.538998,37.04291,35.508873,0.5039139,1.3791125
4.6270556,6.650197,7.139464,2.0231414,43.724163
35.29064,24.41836,24.152065,10.872282,30.80783
11.9246235,9.4944,10.169118,2.4302235,20.379875
11.776852,10.887478,11.099859,0.8893738,7.551881
4.9513516,3.6579456,4.4575677,1.293406,26.122282
43.52818,45.66352,43.56598,2.1353416,4.9056535
25.58714,26.788715,26.026604,1.2015762,4.6960163
43.665745,44.7238,42.704296,1.0580559,2.42308
38.404938,38.224827,36.67396,0.18011093,0.46897858
5.20287,4.8829756,5.4981813,0.3198943,6.1484203
33.074295,34.543003,33.229786,1.468708,4.440633
7.5238824,5.438881,6.0204954,2.0850015,27.711777
9.584284,6.8427415,7.354735,2.7415423,28.60456
11.458127,10.396347,13.095803,1.06178,9.26661
7.335483,8.893582,9.39555,1.5580993,21.240582
18.132948,26.936182,26.178455,8.803234,48.54828
7.3415537,7.974044,8.487068,0.63249016,8.615209
8.764409,9.561836,9.889294,0.7974272,9.098471
43.398815,43.49291,41.566315,0.09409332,0.21681081
4.5874195,4.735376,5.3570185,0.14795637,3.2252636
26.600657,23.75045,23.10833,2.8502064,10.714797
5.9066496,4.8298655,5.495366,1.0767841,18.230032
3.7199192,3.4287958,4.1470633,0.2911234,7.8260674
5.7820473,4.4007277,5.07259,1.3813195,23.889801
5.844673,5.5121117,6.085517,0.3325615,5.689993
11.390431,14.356085,16.197641,2.9656534,26.036358
4.7443857,5.88084,6.4390807,1.1364541,23.953661
41.03627,42.381535,40.517044,1.3452644,3.2782328
45.24792,44.975803,43.000916,0.2721176,0.6013925
9.89194,10.872676,11.090658,0.9807358,9.914494
3.5144072,3.5921626,4.307878,0.07775545,2.212477
18.694967,16.990082,16.80764,1.7048855,9.11949
41.354034,43.329178,41.413258,1.9751434,4.7761807
22.656593,25.685238,25.117174,3.0286446,13.367607
25.287878,22.253025,21.721245,3.034853,12.001216
12.862619,16.637728,16.607182,3.7751083,29.349453
41.058716,44.75392,42.713737,3.6952057,8.999808
41.55735,44.55008,42.516666,2.9927292,7.2014437
25.219818,21.96733,22.824451,3.2524872,12.896553
42.317764,41.230244,39.47467,1.0875206,2.5698915
4.595423,4.9944882,5.601699,0.39906502,8.683967
4.0517936,3.2429705,4.0304985,0.8088231,19.962101
39.41154,42.505337,40.597443,3.0937958,7.849974
6.7835846,4.72715,5.3545456,2.0564346,30.314867
7.2573247,8.324546,8.798378,1.0672212,14.705435
20.506382,20.56026,20.307327,0.053878784,0.26274154
43.70919,44.423584,42.441658,0.7143936,1.6344243
10.283673,10.013192,11.083183,0.2704811,2.6301994
7.99962,6.761534,7.315794,1.2380857,15.476808
18.267563,15.836477,15.912661,2.4310856,13.308209
31.059908,29.032814,28.045265,2.027094,6.5264
41.382942,43.269463,41.31311,1.8865204,4.558691
43.748425,44.83101,42.921104,1.0825844,2.4745677
38.0223,35.125282,33.733196,2.8970184,7.6192613
6.1879325,6.7168756,7.2317085,0.52894306,8.547977
3.5876622,5.2187104,5.8076277,1.6310482,45.462704
25.963402,26.036964,25.237213,0.07356262,0.283332
43.783905,44.68942,42.738525,0.90551376,2.068143
40.117474,43.6166,41.63792,3.4991264,8.7222
43.652866,42.129208,40.310696,1.5236588,3.490398
40.977917,42.26624,40.413147,1.2883224,3.1439433
31.71769,27.528389,26.64566,4.1893005,13.208089
17.401007,12.74579,13.107685,4.655217,26.752575
37.556477,31.495312,30.361855,6.061165,16.1388
30.609095,31.177738,30.12425,0.56864357,1.8577602
23.26948,27.485868,26.66542,4.2163887,18.119823
32.2737,27.829664,26.96597,4.4440365,13.769838
14.668179,12.139197,12.274705,2.5289812,17.241276
19.79639,25.001802,24.279625,5.205412,26.294752
39.972588,40.89614,39.175697,0.92355347,2.310467
4.1726527,3.6521664,4.430652,0.52048635,12.473753
3.5206578,4.000986,4.6820636,0.48032832,13.643142
36.519466,24.715666,24.13795,11.803801,32.32194
5.38469,6.1834555,6.709563,0.79876566,14.834014
3.4871871,4.8681383,5.553691,1.3809512,39.60072
9.413741,9.177812,11.621535,0.23592949,2.5062246
43.74683,45.194916,43.142117,1.4480858,3.3101501
40.821274,43.9564,41.953175,3.135128,7.6801333
12.908585,10.5265,11.791794,2.3820848,18.453493
8.048049,6.654543,7.1810517,1.393506,17.31483
36.60595,37.654808,36.147232,1.0488586,2.8652682
43.794083,43.618427,41.71145,0.17565536,0.40109384
9.153188,8.552259,8.986377,0.6009283,6.565235
3.6015222,6.040377,6.5946445,2.438855,67.71734
5.400347,4.353731,5.0072684,1.0466161,19.380533
13.550499,9.494927,9.848226,4.0555716,29.929316
12.166295,13.674362,14.569979,1.5080671,12.395452
3.926148,6.3749375,6.9336014,2.4487896,62.371304
1.2709266,4.267428,4.9272947,2.9965014,235.77298
0.48573357,1.9649918,3.0326233,1.4792583,304.54108
26.330011,25.432468,24.723093,0.89754295,3.408821
34.157413,34.686752,33.375584,0.52933884,1.5497041
12.508024,12.159481,12.361614,0.34854317,2.7865565
41.915585,41.504845,39.697384,0.4107399,0.9799217
39.88391,40.191795,38.553223,0.30788422,0.7719509
9.811321,8.729754,9.153783,1.0815668,11.023661
6.396079,4.682631,5.322644,1.713448,26.789038
22.889454,18.03159,17.808622,4.8578644,21.223156
9.334966,9.594974,9.900638,0.26000786,2.7853112
42.662388,46.0059,43.981045,3.3435135,7.837146
37.61704,36.88448,36.01332,0.7325592,1.9474133
12.382386,16.516811,16.37155,4.134425,33.389565
37.563717,37.162773,35.70451,0.40094376,1.0673698
8.098108,8.674327,9.031687,0.5762186,7.115472
38.007866,42.77919,41.207924,4.771324,12.553517
39.469654,39.1846,37.508324,0.28505325,0.7222086
3.7444172,4.1768513,4.850569,0.43243408,11.548769
44.35539,45.39179,43.3794,1.0363998,2.3365815
4.4786277,5.1207952,5.7274356,0.64216757,14.3384905
4.4579835,5.1386795,5.778453,0.680696,15.269147
5.814067,4.650125,5.3776836,1.1639419,20.01941
42.260925,43.579098,41.67126,1.3181725,3.1191282
45.124283,46.927353,44.764065,1.8030701,3.9957867
40.268578,37.937813,36.520905,2.3307648,5.7880483
40.1172,39.781715,38.13816,0.33548355,0.83625865
39.91719,42.86363,40.993446,2.9464378,7.3813763
9.21807,7.8443394,8.311109,1.3737307,14.902584
11.66721,12.060283,12.208731,0.39307308,3.369041
40.770424,43.235428,41.303127,2.465004,6.046059
7.360771,6.8457694,7.358788,0.5150018,6.9965734
26.124743,26.133556,25.358091,0.008813858,0.03373759
4.690459,5.876771,6.4288096,1.1863122,25.292028
33.156807,33.61705,32.34452,0.46024323,1.3880807
3.5088315,4.0952063,4.7623935,0.58637476,16.711397
14.026238,10.834176,12.82889,3.1920624,22.757793
5.246025,6.447696,6.9687905,1.2016711,22.906317
4.3924913,4.2825785,4.941214,0.10991287,2.50229
5.988095,4.8859534,5.509005,1.1021414,18.405544
36.610264,38.25818,36.678818,1.6479149,4.5012374
7.9723105,6.330176,6.84694,1.6421347,20.597977
35.285637,34.27643,32.95082,1.0092087,2.860112
2.3900383,4.3784127,5.0325317,1.9883745,83.19425
8.791712,9.389907,9.7909975,0.5981951,6.8040795
39.92347,42.11943,40.25045,2.195961,5.5004263
20.339422,21.893291,21.416162,1.5538692,7.639693
5.9064665,5.3251195,6.393199,0.581347,9.842551
7.097701,6.2057557,6.730054,0.89194536,12.566679
21.795717,19.60858,19.255964,2.1871376,10.034713
15.59955,19.235205,18.93788,3.6356544,23.306149
42.6173,44.874924,42.81258,2.2576256,5.2974396
44.96087,44.982677,42.96216,0.021808624,0.04850579
3.0425472,1.9736247,2.8492894,1.0689225,35.13249
41.58337,38.929863,37.295364,2.6535072,6.3811736
5.5455465,5.2907076,5.906909,0.25483894,4.5953803
4.0314183,4.524811,5.165495,0.49339247,12.238683
10.957897,27.777529,29.043026,16.819632,153.49324
12.711785,15.463924,15.378393,2.752139,21.650295
34.86567,37.654697,36.15821,2.7890282,7.999354
10.462188,8.349334,10.359417,2.112854,20.195145
44.124825,44.61133,42.59803,0.4865036,1.1025621
10.132295,8.69788,10.686377,1.4344149,14.15686
19.024967,23.214275,22.614292,4.189308,22.020054
9.639573,11.279176,12.148211,1.6396027,17.009079
2.0066395,6.009568,6.7469473,4.0029287,199.4842
6.6699886,7.6219187,8.063921,0.95193005,14.27184
5.593863,5.380734,6.006348,0.21312904,3.8100512
8.675771,7.1284676,7.774229,1.5473032,17.834763
43.302525,42.371006,40.51992,0.93151855,2.1511877
3.7820616,4.479557,5.485128,0.69749546,18.442202
7.8159537,3.7910132,4.4926753,4.0249405,51.49647
3.340477,3.6173763,4.317473,0.27689934,8.289215
17.19131,19.147234,18.810837,1.9559231,11.377394
6.8848457,6.1021967,6.67527,0.78264904,11.367707
43.170097,38.442966,36.990757,4.727131,10.950012
13.750063,12.866063,14.35311,0.8839998,6.42906
41.765034,42.153576,40.309776,0.38854218,0.93030494
44.0218,45.12942,43.4668,1.1076202,2.516072
13.984838,11.170431,11.562219,2.8144064,20.124699
42.443092,42.154705,40.30528,0.2883873,0.67946815
25.15192,23.403625,22.775059,1.7482948,6.9509397
22.236141,19.60127,19.44519,2.6348705,11.849496
44.178036,45.582832,43.710503,1.4047966,3.179853
19.706724,16.304176,16.160213,3.4025478,17.265923
41.30411,40.81819,39.12289,0.48591995,1.1764445
6.337733,5.482309,6.060454,0.8554239,13.497317
43.55527,48.067883,45.82357,4.5126114,10.360655
7.2663693,9.051236,9.395752,1.7848668,24.563393
47.29115,36.20479,34.83224,11.086361,23.442781
39.625504,38.93488,37.29378,0.69062424,1.7428781
43.37663,43.322544,41.3823,0.054084778,0.12468645
15.684786,12.506755,12.622043,3.178031,20.261871
4.152219,5.7209826,6.292899,1.5687637,37.781334
49.94989,43.356148,41.759315,6.5937424,13.200715
1.9736435,3.8669405,4.545691,1.893297,95.92902
39.139717,41.463802,39.63429,2.3240852,5.9379206
25.628618,24.519651,23.824306,1.1089668,4.3270645
27.397402,26.67706,25.882578,0.72034264,2.629237
39.21077,39.50798,37.819336,0.2972107,0.7579823
3.9161549,4.8248463,5.438377,0.9086914,23.203663
12.07837,14.242436,14.260551,2.1640663,17.916874
7.051224,4.3715057,5.023629,2.6797185,38.003593
6.0448747,5.758843,6.3332653,0.28603172,4.731806
11.175947,10.827184,11.416765,0.34876347,3.1206613
8.258044,7.469721,8.215962,0.7883234,9.546126
43.728443,43.42131,41.474575,0.30713272,0.7023637
18.680521,18.76563,18.536324,0.08510971,0.45560673
38.703136,41.73299,39.987465,3.0298538,7.828445
42.092075,42.267826,40.517204,0.17575073,0.41753876
39.351727,39.3283,37.81878,0.023426056,0.05952993
49.968555,47.07152,45.448395,2.8970337,5.7977133
7.635797,6.103955,6.6441717,1.5318422,20.061327
27.330202,27.87382,26.973732,0.54361725,1.9890715
39.10708,41.964104,40.149273,2.8570251,7.305647
12.721241,10.191285,10.455643,2.5299559,19.88765
30.09325,29.696981,28.668373,0.39626884,1.3168031
8.129627,6.6440234,7.153551,1.4856038,18.273947
35.280724,33.545586,32.284462,1.7351379,4.9180903
12.072173,9.592142,9.890911,2.480031,20.543367
4.7284803,5.06662,5.7315917,0.33813953,7.151125
36.809795,35.846977,34.60871,0.96281815,2.6156573
18.16685,16.966263,16.799646,1.2005863,6.6086655
3.0809777,3.4799414,4.2236443,0.3989637,12.949256
5.8517203,4.5647106,5.2029,1.2870097,21.993698
31.292389,26.683731,26.100288,4.608658,14.727728
40.85352,41.534184,39.75701,0.68066406,1.6661087
22.023941,21.30897,20.871298,0.71497154,3.246338
17.39333,14.090171,14.092536,3.3031588,18.990952
25.063002,23.387968,22.762499,1.6750336,6.683292
5.867155,4.5037665,5.4701757,1.3633885,23.237642
32.364094,31.970669,30.833725,0.393425,1.2156218
43.127457,43.771736,41.792473,0.6442795,1.4938962
11.193174,8.233018,8.617497,2.9601564,26.446087
49.984146,47.607258,45.686684,2.3768883,4.7552843
21.25786,15.558832,15.497987,5.699028,26.80904
23.871502,21.2059,20.861311,2.6656017,11.16646
3.339473,4.9680123,5.590684,1.6285393,48.766354
7.43768,7.602992,8.089972,0.16531229,2.2226326
19.747803,16.9215,16.743523,2.8263035,14.311989
41.217484,42.45844,40.593853,1.2409554,3.0107498
41.867702,39.98516,38.302876,1.8825417,4.4964056
2.1576216,3.4685068,4.1884,1.3108852,60.756027
15.192494,10.435066,12.838816,4.757428,31.314333
11.708566,6.9779778,7.5249076,4.730588,40.402798
8.388884,7.620038,8.068609,0.76884556,9.165051
45.814953,45.013897,43.21192,0.8010559,1.7484596
6.386874,7.157366,7.6260514,0.7704916,12.063673
10.403866,11.967598,12.145509,1.5637321,15.030299
9.304123,8.703066,9.165534,0.60105705,6.460115
9.383655,10.074413,10.4610615,0.6907587,7.3612967
6.5072446,4.782799,5.41424,1.7244458,26.500399
7.5212345,5.7539105,6.330495,1.767324,23.49779
38.129524,39.22202,37.536407,1.092495,2.8652205
33.356926,31.915012,30.7757,1.4419136,4.3226814
14.185367,11.404434,11.587295,2.7809324,19.604233
26.911612,23.24709,22.684105,3.6645222,13.616881
4.190709,6.373657,6.928634,2.182948,52.090187
8.477938,6.6197286,7.1494102,1.8582091,21.918173
34.61944,33.716118,32.432686,0.9033203,2.6092865
17.473783,12.83884,12.9390545,4.634944,26.525131
6.469661,8.315084,8.718531,1.8454232,28.524265
6.4663033,6.557512,7.0872936,0.09120846,1.4105194
39.734493,38.163067,36.691967,1.5714264,3.9548168
11.992943,11.87728,12.021024,0.115662575,0.964422
9.980737,9.028838,9.493828,0.9518986,9.537358
40.715996,41.459145,39.752914,0.7431488,1.8252012
5.6061926,4.245749,4.914384,1.3604436,24.2668
3.003277,4.382757,5.0419927,1.3794801,45.932495
39.434635,38.720562,37.096645,0.7140732,1.8107767
42.42583,45.438686,43.684643,3.0128555,7.101465
42.106438,41.82263,40.228333,0.28380585,0.6740201
48.616592,34.77381,33.62588,13.842781,28.473368
29.89871,30.070335,28.999077,0.17162514,0.5740219
39.086437,38.93968,37.275986,0.14675903,0.37547305
17.83589,14.930457,14.912638,2.9054327,16.28981
5.0872407,5.394418,5.972452,0.30717707,6.038186
31.777494,29.635601,28.728123,2.1418934,6.740284
8.907948,6.23125,6.803506,2.6766977,30.048422
37.38025,38.772625,37.746742,1.392376,3.7248974
38.3487,39.87216,38.58361,1.5234604,3.9726517
0.4356163,2.4281695,3.7752156,1.9925532,457.41016
42.34675,44.443462,42.482876,2.096714,4.9512987
37.72734,35.71086,34.322105,2.0164795,5.344876
43.382584,42.237095,40.482437,1.1454887,2.6404345
7.449652,8.185119,8.583023,0.7354665,9.872494
40.180058,42.500164,40.597965,2.3201065,5.774274
13.763557,11.731051,12.225976,2.032506,14.767301
8.093468,7.081786,7.547605,1.0116816,12.499976
4.1743865,4.4357996,5.07761,0.2614131,6.262312
1.6372298,5.583633,6.1556187,3.946403,241.04147
25.711754,23.851469,23.26958,1.8602848,7.235153
40.173317,37.428036,35.87535,2.7452812,6.833594
34.915398,35.94005,34.482048,1.0246506,2.9346669
25.13662,18.89783,19.141386,6.2387905,24.819529
18.236328,15.069471,15.001793,3.1668568,17.365648
5.2717237,6.9488983,7.4192533,1.6771746,31.814537
13.991216,14.227929,14.303835,0.23671341,1.6918716
38.393494,39.70678,38.083977,1.3132858,3.4205947
39.229008,38.563313,37.059124,0.6656952,1.6969463
33.01223,39.87152,38.272728,6.859291,20.778028
4.952636,6.9241047,7.4131436,1.9714689,39.80646
5.2480607,5.980062,6.5392547,0.7320013,13.948035
41.935215,43.738426,41.779907,1.8032112,4.2999926
7.856813,5.8301845,6.4012485,2.0266285,25.794537
4.9514494,4.164149,4.8435535,0.7873006,15.900406
39.617393,40.66697,38.93358,1.0495758,2.6492803
42.611904,42.542706,40.65502,0.06919861,0.16239268
23.37564,20.62561,20.214987,2.7500305,11.764514
1.5731599,2.5578768,3.3398166,0.9847169,62.594837
0.41491053,1.9219282,3.0051906,1.5070176,363.2151
16.26302,15.8412,15.749386,0.4218197,2.5937355
3.5874162,6.533276,7.100849,2.94586,82.116486
4.773158,4.1111345,4.7887883,0.66202354,13.869718
44.157673,45.648537,43.62114,1.4908638,3.376228
25.918062,26.187141,25.373571,0.2690792,1.0381918
23.508278,20.970114,20.515095,2.5381641,10.796895
42.75193,42.441563,40.586834,0.31036758,0.72597325
17.8776,22.927177,22.41302,5.0495777,28.245277
5.6997213,6.0709195,6.609112,0.37119818,6.5125675
1.4406604,9.922028,12.576012,8.481367,588.71387
1.1956208,1.5148606,2.3925517,0.31923985,26.700762
13.628511,11.378808,11.588121,2.2497034,16.50733
43.769363,43.321476,41.42875,0.44788742,1.0232898
19.686024,15.831476,15.756176,3.8545475,19.580122
42.14934,43.25697,41.31447,1.1076279,2.627865
44.174076,43.072403,41.15721,1.1016731,2.4939358
12.0518875,12.040689,14.44302,0.011198044,0.09291527
6.449212,8.199026,8.591958,1.749814,27.132214
17.56413,13.905954,13.930031,3.6581764,20.82754
4.5646806,4.8989863,5.5419817,0.33430576,7.3237495
44.765648,43.930244,42.036972,0.83540344,1.8661708
32.01957,31.488384,30.361383,0.53118515,1.6589391
3.921786,4.966411,5.574647,1.044625,26.636461
37.5511,38.381905,36.80878,0.8308029,2.2124596
4.2574883,4.073468,4.7579064,0.18402004,4.3222675
3.0530057,10.10676,10.502882,7.0537543,231.04294
39.978027,41.035538,39.2545,1.0575104,2.645229
10.629941,7.411791,7.8501453,3.2181501,30.274393
12.984387,9.89091,11.978596,3.0934772,23.82459
39.457985,29.851795,29.171753,9.60619,24.345364
4.1635427,4.255443,4.905995,0.09190035,2.2072632
1.5311648,1.8909457,2.7284179,0.3597809,23.497206
39.711292,40.88082,39.107803,1.169529,2.945079
1.2801383,3.8350663,4.522899,2.554928,199.5822
9.267763,10.136731,10.710049,0.868968,9.376244
44.47255,44.31315,42.34838,0.15940094,0.35842547
27.250315,27.05087,26.232285,0.19944382,0.73189545
8.352089,11.110645,11.323099,2.7585564,33.028343
36.78729,27.426838,27.076193,9.360451,25.444796
41.538937,40.96974,39.515358,0.5691948,1.3702681
6.7976003,4.3481407,5.007209,2.4494596,36.03418
11.171566,9.013685,10.000469,2.1578808,19.315832
41.34093,40.90755,39.122402,0.43338013,1.0483077
40.95011,39.49309,37.886646,1.4570198,3.5580363
34.184647,33.243195,31.971344,0.941452,2.75402
21.641317,28.412659,27.53737,6.7713413,31.288952
12.100093,10.472595,10.936703,1.6274977,13.450291
32.542194,33.34535,32.067772,0.803154,2.4680388
38.242477,40.9613,39.190945,2.7188225,7.1094313
42.357643,46.712784,44.53166,4.3551407,10.28183
6.1252365,4.9851193,5.6460857,1.1401172,18.61344
11.294801,10.381014,12.976993,0.9137869,8.090332
2.1742117,6.6455894,7.1510496,4.4713774,205.65509
9.897065,9.91775,10.2742405,0.020685196,0.20900333
43.500813,43.167496,41.268898,0.3333168,0.76623124
39.506325,33.06993,31.87742,6.4363937,16.292059
34.43786,34.8292,33.46067,0.39134216,1.136372
40.173386,41.055397,39.281914,0.8820114,2.1955118
4.2647223,7.6442833,8.184603,3.379561,79.24457
49.641903,44.734005,43.084797,4.907898,9.886603
25.30268,26.463402,25.724657,1.1607227,4.5873513
33.654938,30.473076,30.043007,3.1818619,9.454369
5.958805,6.5482507,7.070284,0.5894456,9.89201
0.76116127,2.3722079,3.4226933,1.6110466,211.6564
42.7053,41.968285,40.166557,0.7370148,1.7258158
40.26636,40.048374,38.33297,0.21798706,0.5413627
5.611734,6.673938,7.1641283,1.0622039,18.928267
10.420849,12.952607,13.908252,2.5317583,24.295126
9.414496,7.78417,8.204775,1.6303263,17.31719
42.958767,43.27624,41.33485,0.31747437,0.7390211
5.8984733,7.784484,8.205152,1.8860106,31.974556
10.292773,4.74296,5.497445,5.5498133,53.919514
0.6518988,2.3919954,3.574051,1.7400966,266.9274
40.639847,38.94429,37.29819,1.6955566,4.172153
3.8607984,7.032962,7.58026,3.1721635,82.16341
49.98692,49.80965,49.695587,0.17726898,0.35463074
5.3243265,6.649845,7.162197,1.3255186,24.895517
7.682686,5.749079,6.3182926,1.9336066,25.168367
9.992176,8.114206,8.530755,1.8779697,18.794401
14.707102,15.212894,15.137602,0.5057926,3.4391046
43.50219,44.939598,43.090084,1.4374084,3.304221
4.3995814,4.618935,5.26327,0.21935368,4.985785
3.7804904,4.985423,5.816601,1.2049327,31.872393
19.015165,16.35531,16.211578,2.659855,13.9880705
6.9985456,4.499127,5.14263,2.4994187,35.7134
49.99663,48.583397,46.705845,1.4132347,2.82666
38.723145,39.95158,38.213192,1.2284355,3.1723547
43.807327,37.413277,35.950417,6.3940506,14.595846
19.714037,19.803802,19.49654,0.08976555,0.45533824
45.164993,46.575073,44.48222,1.41008,3.1220639
6.206544,4.5321712,5.16943,1.6743727,26.977537
39.24221,31.93291,30.92235,7.3092995,18.626116
15.528315,16.180357,16.040596,0.6520424,4.1990542
10.073752,8.631254,9.085759,1.4424982,14.319373
8.112604,5.897676,6.443414,2.2149282,27.302307
3.373071,6.1448526,6.696911,2.7717817,82.17383
1.9799328,5.890728,6.4374323,3.9107952,197.52162
5.5860443,4.127343,4.792834,1.4587011,26.113312
11.67199,10.903155,11.114296,0.76883507,6.587009
0.67988646,0.9480932,2.0634117,0.26820672,39.44875
9.700263,10.445791,10.699485,0.7455282,7.68565
3.5058079,2.3015933,3.2419226,1.2042146,34.349133
37.19045,32.19059,31.011269,4.999859,13.443933
10.054855,7.957078,8.3644905,2.0977774,20.863327
24.760897,35.849396,34.473972,11.088499,44.7823
35.852028,37.584766,36.060715,1.7327385,4.833028
34.693893,34.68537,33.402885,0.008522034,0.024563497
34.92569,34.312958,33.03785,0.61273193,1.7543875
37.481102,38.896908,37.282272,1.4158058,3.7773857
14.282102,17.404606,17.235092,3.1225042,21.863058
23.021553,22.263483,21.81054,0.75807,3.2928708
44.564884,44.462612,42.467976,0.10227203,0.22949018
27.151627,21.72444,21.714373,5.427187,19.988441
38.82692,38.180916,36.651222,0.6460037,1.6638037
11.2083435,7.2196865,7.7452507,3.988657,35.5865
4.839828,4.3484674,4.999316,0.49136066,10.152441
43.831387,44.5358,42.55324,0.70441437,1.6071004
25.363728,23.251049,22.718376,2.1126785,8.329527
43.62654,43.78332,41.874485,0.15678024,0.35936895
41.95194,43.622993,41.644363,1.6710548,3.9832602
40.344395,32.873535,31.981743,7.4708595,18.517714
9.99382,10.513902,10.753157,0.5200815,5.204031
9.749002,6.900929,7.3766165,2.8480735,29.213999
4.1503634,4.649906,5.279747,0.4995427,12.036119
6.8321223,8.011116,8.600099,1.1789937,17.256624
9.706783,9.563057,9.928654,0.14372635,1.4806795
49.9522,47.27142,45.85932,2.6807823,5.3666954
41.236286,37.263874,35.756493,3.972412,9.633292
49.98931,47.37865,45.41271,2.6106606,5.2224374
7.6869397,8.302889,8.884353,0.61594915,8.012931
42.7118,29.78888,29.271503,12.92292,30.256088
2.7749517,3.69836,5.243278,0.92340827,33.276554
18.922646,16.558609,16.481932,2.3640366,12.493161
41.504944,43.83258,41.874184,2.3276367,5.608095
21.574291,20.386337,19.98518,1.187954,5.5063405
42.080475,44.86924,42.85758,2.788765,6.6272182
8.077192,6.562299,7.101208,1.5148935,18.7552
5.590929,4.12774,4.7927217,1.4631891,26.170769
8.684868,7.3580027,8.007423,1.3268652,15.277898
6.131201,6.2580414,6.778546,0.12684059,2.0687723
43.855305,46.628235,44.458107,2.7729301,6.3229074
32.417923,33.6614,32.3851,1.2434769,3.8357697
6.1717978,4.6420717,5.2698636,1.529726,24.785744
12.591261,9.67026,9.976006,2.9210005,23.198633
31.906929,31.961536,30.79446,0.05460739,0.17114587
49.991837,53.711414,51.652767,3.7195778,7.44037
3.3568504,6.496041,7.013992,3.1391904,93.515945
8.2334585,6.7868032,7.2943516,1.4466553,17.570444
11.0416155,9.106507,9.437396,1.9351082,17.525589
36.624798,36.784615,35.2884,0.15981674,0.43636212
44.204807,45.189266,43.155178,0.9844589,2.2270405
35.007576,35.513725,34.227448,0.5061493,1.4458278
44.12423,40.955807,39.515938,3.1684227,7.180687
4.301444,5.421243,6.0125427,1.1197991,26.033098
8.137084,7.40005,7.885924,0.73703384,9.057714
26.72296,22.990377,22.416843,3.732582,13.967697
39.557068,40.261375,38.549377,0.70430756,1.7804848
8.327884,8.105911,8.504059,0.22197247,2.6654127
42.558075,45.71776,44.02078,3.1596832,7.4244037
44.584694,45.16179,43.221397,0.57709503,1.2943792
41.29522,43.88338,42.049232,2.5881615,6.267461
3.87005,3.161685,4.149684,0.70836496,18.303768
19.411678,20.272816,19.925262,0.8611374,4.436182
49.410305,30.762316,29.937588,18.64799,37.741093
3.1606781,5.618379,6.189221,2.457701,77.75866
22.112673,16.635326,16.747803,5.4773464,24.770168
28.441378,26.22873,25.783161,2.2126484,7.7796807
16.757067,19.16313,18.926682,2.406063,14.358498
23.334253,22.121288,21.652449,1.212965,5.1982164
5.1912336,4.504244,5.1683083,0.6869898,13.233651
12.186786,10.351798,13.029782,1.8349876,15.057191
39.998474,41.37457,39.577827,1.3760948,3.4403682
37.31418,38.176403,36.565533,0.8622246,2.3107157
6.8270936,5.435497,6.0973988,1.3915968,20.383444
8.729182,8.209048,8.668233,0.520134,5.9585648
7.6926765,8.148147,8.538672,0.4554701,5.9208274
27.70294,26.338337,25.539982,1.364603,4.925842
38.158028,36.150043,34.67698,2.0079842,5.2622848
22.186556,19.440409,19.082373,2.7461472,12.377528
30.19611,29.55542,28.64131,0.64068985,2.121763
42.943134,41.570686,39.739105,1.372448,3.195966
6.52658,8.475974,8.86261,1.9493942,29.868542
0.8154157,1.5391877,2.5435295,0.723772,88.76111
12.414042,11.121642,11.326981,1.2924004,10.410793
40.278633,41.116974,39.639828,0.83834076,2.0813537
43.466187,42.95634,41.08316,0.50984573,1.1729709
41.87534,44.604477,43.661396,2.7291374,6.5172906
14.526821,11.462702,11.636284,3.0641193,21.09284
40.482388,41.14308,39.370228,0.6606941,1.6320533
13.026952,12.990065,14.321348,0.03688717,0.2831604
17.189135,20.881533,20.454922,3.692398,21.481
44.335484,44.176365,42.237446,0.15911865,0.35889685
4.3181143,5.2129188,5.8278503,0.8948045,20.72211
3.950405,5.298413,5.888546,1.3480079,34.123287
2.9532776,2.3320048,3.2106993,0.6212728,21.036722
3.0577934,4.3569946,5.01722,1.2992013,42.488194
44.7258,43.62542,41.779655,1.10038,2.4602802
8.456898,6.4992476,7.0513506,1.9576502,23.148561
21.440945,17.966516,17.707237,3.4744282,16.204641
2.4545867,5.9547086,6.5021553,3.5001218,142.59515
10.325601,9.624298,10.226498,0.7013025,6.7918806
16.87502,15.589611,15.513308,1.285408,7.617224
3.4448514,3.7022276,4.499175,0.2573762,7.471329
44.353855,41.814793,40.11487,2.5390625,5.724559
5.1653523,4.651315,5.3156853,0.51403713,9.951637
21.026014,19.382284,19.040165,1.6437302,7.817602
41.667217,42.805386,41.009468,1.1381683,2.7315679
44.041122,42.447033,40.600136,1.5940895,3.6195478
5.345011,6.049628,6.637726,0.70461655,13.182695
40.66515,39.20047,37.548885,1.4646797,3.6018057
3.5447967,4.6522202,5.3084,1.1074235,31.24082
18.164618,15.291826,15.216564,2.8727913,15.815313
2.1252024,4.7766185,5.408127,2.651416,124.760635
3.4531276,4.86105,5.4782715,1.4079225,40.772385
9.672242,7.677047,8.120913,1.9951954,20.628054
33.361095,33.991035,32.708843,0.62994003,1.8882475
49.70789,37.02833,35.688286,12.679558,25.50814
4.2564373,4.059697,4.7506,0.19674015,4.622179
4.292398,6.215904,7.0247545,1.9235063,44.811928
2.5589037,5.322622,5.906429,2.7637181,108.004
20.939495,18.20893,17.93922,2.730566,13.040267
10.778626,13.188972,13.816135,2.410346,22.362274
42.232304,42.68859,40.793865,0.45628738,1.0804226
49.954254,51.718304,50.534283,1.7640495,3.5313299
6.0876455,4.6684093,5.3059635,1.4192362,23.313383
25.47133,21.937878,21.576468,3.533453,13.872275
36.966896,36.07237,34.67109,0.89452744,2.4198067
4.1016617,4.895997,5.508303,0.79433537,19.366184
17.478224,24.043037,23.410166,6.5648136,37.55996
40.264492,40.012386,38.2983,0.2521057,0.62612414
3.9431736,4.489716,5.1579766,0.5465424,13.86047
42.340042,42.805584,40.88526,0.46554184,1.0995309
9.606998,11.334893,11.530908,1.7278948,17.985792
6.205759,4.5158715,5.1770844,1.6898875,27.230957
35.091045,33.27978,32.395576,1.811264,5.161613
5.7402234,7.19979,7.6540217,1.4595666,25.427
14.937505,17.771194,17.600048,2.8336897,18.9703
6.2476487,4.5373783,5.1715136,1.7102704,27.374624
29.181547,29.70348,28.701836,0.5219326,1.7885706
11.057394,9.658377,9.97369,1.3990173,12.652324
6.137604,4.9821177,5.5969505,1.1554866,18.826345
43.38778,45.193825,43.18353,1.8060455,4.162567
44.46637,46.363934,44.2427,1.8975639,4.2674136
15.682285,17.354416,17.172255,1.6721306,10.662544
7.6056333,5.473886,6.080669,2.1317472,28.028532
6.481371,4.461776,5.109851,2.0195951,31.16
13.640162,16.301704,16.166061,2.661542,19.512539
11.364391,12.662111,12.918783,1.29772,11.419178
42.279724,42.354855,40.489983,0.07513046,0.17769857
4.1727343,4.1697416,4.830144,0.00299263,0.071718685
6.5233383,4.141124,4.8394814,2.3822145,36.518333
4.4032383,4.77843,5.4029384,0.3751917,8.520813
42.732246,45.896812,43.783276,3.164566,7.405569
35.60938,32.823467,31.576157,2.7859116,7.823533
22.934017,34.878345,33.61211,11.944328,52.081276
40.989532,41.17389,39.51573,0.18435669,0.4497653
7.5765615,5.13903,5.7469544,2.4375315,32.172
5.901887,7.771697,8.209684,1.8698101,31.681566
6.6808276,7.8564367,8.272974,1.1756091,17.59676
1.3910477,1.6179991,2.6284559,0.22695136,16.31514
24.288982,23.746155,23.097296,0.5428276,2.2348719
42.45241,42.94861,41.058407,0.49619675,1.1688305
42.192375,41.113117,39.315212,1.079258,2.5579455
9.467087,12.253171,12.401382,2.7860842,29.429161
5.9322476,5.970571,6.510283,0.038323402,0.64601827
20.530706,16.36589,16.474531,4.164816,20.28579
8.543145,5.943891,6.4840546,2.5992541,30.425026
4.768153,3.6731076,4.462605,1.0950456,22.965822
10.965588,8.243436,8.634014,2.7221518,24.824495
10.097173,10.305985,10.568012,0.20881271,2.0680315
16.844255,18.142239,17.872112,1.2979832,7.705791
5.323218,5.7359095,6.327131,0.4126916,7.7526712
6.7387013,7.0886393,7.565696,0.34993792,5.1929574
13.618769,13.355187,14.119732,0.26358128,1.9354266
4.260069,3.2731857,4.475105,0.98688316,23.165897
11.039395,13.127523,13.196451,2.088128,18.91524
35.360676,33.092567,31.853933,2.2681084,6.414211
10.14321,14.180833,14.241032,4.0376225,39.80616
4.29549,3.4574776,4.2219176,0.8380122,19.509119
39.075626,40.244244,38.504494,1.1686172,2.9906552
38.55489,40.62826,38.88028,2.073372,5.3777146
14.10898,11.543774,11.709309,2.5652065,18.181376
9.252283,6.0816956,7.751193,3.1705875,34.26816
41.209324,41.68732,39.95079,0.47799683,1.159924
41.970333,41.30743,39.52673,0.66290283,1.5794557
10.705541,8.499701,8.868828,2.20584,20.604658
28.912365,27.720932,27.058916,1.191433,4.1208425
42.21998,45.22373,43.188946,3.0037498,7.114523
14.855648,10.984089,11.199089,3.8715591,26.061193
4.0619636,3.7821813,4.477088,0.2797823,6.8878584
38.253788,35.945793,35.14013,2.3079948,6.0333757
3.5602157,6.136455,6.702281,2.5762393,72.361885
3.8245146,4.5737185,5.202889,0.7492039,19.589518
3.444886,3.898738,4.5896482,0.45385194,13.174658
39.761505,39.8094,38.110733,0.047893524,0.12045199
45.169945,44.25572,42.315193,0.91422653,2.0239708
3.538792,4.122459,4.787836,0.58366704,16.493399
19.149834,16.939344,16.763622,2.2104893,11.543125
14.613187,15.586134,15.61349,0.9729471,6.6580076
39.93876,37.33275,36.1842,2.6060104,6.5250163
44.27865,43.53293,41.659966,0.7457199,1.6841524
18.89455,15.920631,15.797449,2.973919,15.73956
5.081774,4.2814217,4.9487295,0.8003526,15.749471
42.945274,43.10604,41.22434,0.1607666,0.37435225
4.589855,6.5297027,7.027044,1.9398475,42.263805
30.287386,33.64975,32.457474,3.3623638,11.101532
7.9271293,4.4781694,5.136228,3.4489598,43.50831
7.108148,4.883071,5.5146255,2.2250772,31.303192
38.079823,40.469925,38.71602,2.3901024,6.2765584
41.42964,40.608208,39.02156,0.821434,1.9827205
4.0741796,11.207246,11.500055,7.133066,175.07982
5.5313864,5.701816,6.2807927,0.1704297,3.081139
1.4566035,1.6973739,2.6914134,0.24077034,16.529573
24.62178,25.208805,24.597878,0.5870247,2.3841684
2.3571641,4.1444535,4.81877,1.7872894,75.823715
14.954285,16.65669,18.099447,1.7024059,11.3840685
9.705385,6.262865,6.7833195,3.4425201,35.470207
3.9560056,4.872119,5.49415,0.9161134,23.157534
3.0969205,3.560164,4.2817426,0.46324348,14.958198
8.475848,4.86416,6.341007,3.6116881,42.611526
23.8235,22.702335,22.219227,1.1211643,4.7061276
40.181065,39.930866,38.340546,0.25019836,0.62267727
34.708553,33.750053,32.586903,0.9584999,2.7615669
22.166647,20.236214,20.02752,1.9304333,8.70873
1.6677155,3.2011256,3.9590626,1.5334101,91.94674
33.444736,34.91071,33.609898,1.4659729,4.3832693
9.210931,9.1789055,10.151794,0.032025337,0.34768838
9.826553,7.547633,7.9957824,2.2789202,23.19145
28.951843,29.001719,28.007412,0.04987526,0.17226972
14.483882,14.549598,14.520614,0.06571579,0.4537167
43.83947,44.25353,42.24237,0.4140587,0.94448835
44.757614,43.649876,41.82685,1.1077385,2.4749722
15.627212,15.781239,15.676079,0.15402699,0.9856332
4.4929495,4.317919,4.969283,0.17503071,3.895675
17.685566,21.365896,20.894451,3.6803303,20.809795
11.308803,8.109914,8.505684,3.1988888,28.286716
39.94593,40.121037,38.39554,0.17510605,0.43835768
28.65284,25.755316,25.160028,2.8975239,10.112519
8.977006,6.9069934,7.4094486,2.0700126,23.059052
42.69216,41.450813,39.740467,1.2413483,2.9076726
41.71453,40.283566,38.706657,1.4309654,3.4303763
7.0958085,9.161218,9.493935,2.0654092,29.107454
42.99551,42.398003,40.634766,0.5975075,1.3896974
42.762665,42.70471,40.998287,0.057956696,0.13553107
2.194888,6.3827777,6.920987,4.1878896,190.80197
40.901928,40.020737,38.35394,0.88119125,2.1544003
21.145124,18.816908,18.503263,2.3282166,11.010654
42.438484,44.02415,42.028847,1.5856667,3.7363884
8.185037,6.8938665,7.489989,1.2911701,15.774762
5.9079247,4.328209,4.9823437,1.5797157,26.738928
41.21815,39.276814,37.675167,1.9413376,4.7099094
2.9435365,6.368791,6.9322414,3.4252546,116.36528
44.08017,45.472557,43.433357,1.3923874,3.1587615
10.354171,10.533691,10.784205,0.1795206,1.7337999
21.978682,17.20433,17.24025,4.774351,21.722647
9.562068,8.38276,8.774244,1.1793079,12.333189
16.452597,13.877991,13.897051,2.574606,15.64863
41.571842,44.40403,42.85083,2.8321877,6.812754
9.506248,9.357665,9.679523,0.14858341,1.5630078
1.7113223,1.6043618,2.5102015,0.106960535,6.250169
40.838886,26.415188,25.86162,14.423698,35.318542
8.381506,6.8155074,7.322998,1.5659986,18.683975
8.438155,5.9549813,6.5591297,2.4831738,29.427923
40.664658,40.747215,38.992905,0.08255768,0.2030207
13.679156,10.714466,10.938673,2.9646902,21.67305
2.1905165,5.3188343,5.9048104,3.1283178,142.81189
7.755468,5.222718,5.835014,2.5327501,32.657604
13.366656,12.949739,13.071485,0.41691685,3.119081
1.569873,3.0715442,3.8268948,1.5016712,95.65559
24.93555,24.015665,23.36645,0.91988564,3.6890528
44.153126,41.217983,40.05851,2.9351425,6.6476436
37.171158,34.220047,33.203876,2.9511108,7.939249
4.9357595,3.780622,4.507659,1.1551375,23.40344
21.726368,20.279121,19.904377,1.4472466,6.661245
40.522675,40.622498,38.909348,0.099823,0.24633862
7.225888,5.296673,5.8940277,1.929215,26.698656
3.1867895,3.230812,3.9725413,0.04402256,1.3814079
1.0260222,3.1368594,3.986503,2.1108372,205.73018
16.103989,18.781212,18.4796,2.6772232,16.624598
15.642277,12.276233,12.395102,3.366044,21.518888
5.2226696,5.4116697,5.9939513,0.18900013,3.6188414
4.079118,5.5451884,6.117446,1.4660707,35.940876
11.103943,9.195237,10.647359,1.9087057,17.189442
11.499847,9.8194895,10.432035,1.6803579,14.612002
4.884195,3.4801574,4.193219,1.4040375,28.74655
28.468573,27.862389,26.99373,0.606184,2.1293094
9.3981285,8.865962,9.270405,0.5321665,5.6624727
23.54452,27.814966,26.916458,4.270447,18.137753
3.5948944,5.794889,6.3517213,2.1999946,61.19775
28.771679,16.474144,16.441536,12.297535,42.741806
10.336603,9.235564,9.556113,1.1010389,10.651845
41.30198,41.493393,39.694565,0.19141388,0.46344966
21.453867,14.152844,14.45032,7.3010225,34.031265
34.24023,36.796803,35.331543,2.556572,7.466573
30.664019,30.22203,29.170216,0.441988,1.4413897
32.339184,33.1667,31.930023,0.82751465,2.5588605
4.244738,6.1583633,6.705488,1.9136252,45.08229
5.4382553,5.106991,5.711261,0.3312645,6.0913744
8.103691,5.8147063,6.5497932,2.2889848,28.2462
4.705159,3.397955,4.1541004,1.3072042,27.78236
4.0376186,3.4531293,4.177051,0.58448935,14.476091
10.014907,8.364349,8.748319,1.6505575,16.481007
24.232092,24.311707,23.623363,0.07961464,0.32855043
40.614952,38.446766,36.84999,2.1681862,5.338394
30.3011,29.133974,28.129274,1.1671257,3.8517601
22.76232,20.376417,19.977345,2.3859024,10.481807
42.299194,44.97062,42.899364,2.6714249,6.3155456
24.133507,22.278643,21.725513,1.8548641,7.6858463
38.522213,39.97377,38.238037,1.4515572,3.7681043
4.640003,5.785055,6.359976,1.145052,24.677826
13.082077,13.798548,13.824266,0.7164707,5.476735
18.635248,23.215834,22.628654,4.5805855,24.580221
32.23839,31.163456,30.072044,1.0749359,3.3343349
36.79202,38.933567,37.276897,2.1415482,5.820687
13.480149,10.253021,10.653103,3.227128,23.939854
5.4914274,5.042385,5.6630216,0.44904232,8.177151
29.589838,38.207424,36.776627,8.617586,29.123465
7.73205,6.8065834,7.3167,0.92546654,11.969226
7.080551,4.995194,5.6086693,2.0853572,29.451904
10.563051,9.923734,10.220414,0.6393175,6.0523944
3.869833,5.593155,6.165544,1.7233219,44.532204
20.83365,17.613556,17.560558,3.2200947,15.456219
3.135181,5.123928,5.7304006,1.9887471,63.433247
6.017787,4.3167076,5.2127852,1.7010794,28.267525
37.12886,34.337452,33.09437,2.7914085,7.518164
6.643394,5.22652,5.906564,1.4168739,21.327562
6.2819533,7.2605305,7.7332497,0.97857714,15.577593
39.88669,40.50013,38.74344,0.61344147,1.5379604
8.1010275,8.080559,8.493006,0.020468712,0.25266808
18.899616,34.732494,33.516685,15.832878,83.773544
39.788998,39.22837,37.578465,0.560627,1.409
44.557,44.959682,42.94976,0.40268326,0.90374863
36.801376,37.9571,36.404728,1.1557236,3.1404357
33.466087,34.345135,33.02227,0.8790474,2.626681
2.6619434,4.7522783,5.3830895,2.090335,78.52665
12.181136,13.39895,14.936373,1.2178135,9.997536
5.648905,4.4274516,5.07816,1.2214532,21.622831
6.097766,8.220929,9.048468,2.1231632,34.818707
7.23222,4.690431,5.3796034,2.541789,35.14535
30.276754,29.282173,28.273865,0.9945812,3.2849665
26.332087,27.153824,26.340456,0.8217373,3.1206691
42.85954,46.110783,43.965202,3.2512436,7.585811
28.509737,25.781048,25.017815,2.7286892,9.571078
3.2667155,3.5042157,4.362461,0.23750019,7.270305
4.9274826,6.379609,7.051076,1.4521265,29.469946
15.071149,12.013482,12.154731,3.0576668,20.288212
6.718568,6.0053997,6.541434,0.71316814,10.614884
8.387069,6.667169,7.184446,1.7198997,20.506563
10.258573,8.930889,9.280945,1.3276834,12.942184
4.199873,3.5897908,4.3553023,0.61008215,14.526205
28.50262,28.790636,27.829662,0.28801537,1.0104873
3.9230013,3.3321214,4.0649285,0.5908799,15.061934
7.5057774,5.856459,6.7476883,1.6493182,21.973984
13.137996,9.531953,9.841121,3.6060429,27.447435
28.831045,26.882635,26.038952,1.94841,6.7580276
40.573345,34.964058,33.588715,5.6092873,13.825054
10.659429,10.752386,11.937749,0.0929575,0.8720683
41.21504,43.57729,41.619476,2.3622513,5.7315273
3.8314269,5.0602756,5.6701326,1.2288487,32.072876
41.07343,44.69041,42.635498,3.6169815,8.806135
9.844453,7.972891,8.801985,1.871562,19.011335
29.430868,27.727158,26.932264,1.7037106,5.788856
21.48074,19.67349,19.308214,1.8072491,8.413347
10.010475,8.975335,9.402121,1.03514,10.340569
44.12806,46.838226,44.680775,2.710167,6.1415954
11.446561,9.457622,9.770417,1.9889393,17.375868
21.59368,33.63546,32.492355,12.04178,55.765305
5.9890747,6.8106885,7.3033843,0.8216138,13.718543
43.351734,41.007366,39.413414,2.344368,5.4077835
11.275926,9.770026,10.9822445,1.5058994,13.354996
5.6828294,7.62731,8.075509,1.9444804,34.216766
41.044308,43.769676,41.780075,2.7253685,6.6400647
6.7774677,7.4007397,7.852024,0.62327194,9.196237
39.887474,41.506424,39.68081,1.6189499,4.0587926
23.280203,24.126287,23.618397,0.8460846,3.6343524
10.90476,9.054434,9.421159,1.8503265,16.968061
3.708434,4.07281,4.75463,0.36437607,9.825604
1.5232733,4.41046,5.0593395,2.8871865,189.53831
4.8275785,6.237216,6.79513,1.4096375,29.199678
44.146297,42.986263,41.067238,1.1600342,2.6277044
15.254578,12.030518,12.177637,3.22406,21.135033
11.009705,8.02791,8.42646,2.9817944,27.083328
9.548806,6.01033,6.577033,3.538476,37.056736
9.127616,8.364903,8.766758,0.7627125,8.356097
3.5483828,5.328434,5.9224825,1.7800512,50.165142
9.517416,10.520186,10.76366,1.0027704,10.536162
7.5136623,5.2894764,5.877257,2.224186,29.601889
40.798782,40.309055,38.570824,0.48972702,1.2003472
43.230167,45.389442,43.313057,2.159275,4.994834
33.112526,34.651245,33.762802,1.5387192,4.6469398
12.058599,15.068514,15.094749,3.0099144,24.960732
28.802805,27.833858,26.93127,0.96894646,3.3640697
28.571375,24.090754,23.895584,4.4806213,15.682204
10.373446,7.568737,8.004939,2.8047094,27.037394
11.426141,8.659719,10.599949,2.7664213,24.211334
13.697266,12.317464,12.444998,1.3798018,10.073557
33.758896,31.468819,31.22962,2.2900772,6.783626
8.761046,8.815575,9.393116,0.054528236,0.6223941
7.6080647,6.364272,6.878169,1.2437925,16.348345
6.179353,7.4225636,7.87012,1.2432103,20.118776
2.5417135,4.6181593,5.2697916,2.0764458,81.694725
6.121263,5.2610908,5.848152,0.8601723,14.052202
41.87877,42.607304,40.729588,0.7285347,1.7396278
3.2341607,5.198764,5.7853117,1.9646032,60.745377
41.694935,41.148487,39.369392,0.54644775,1.3105855
4.3335686,4.8363442,5.4500675,0.50277567,11.601885
3.810869,4.2437906,4.905293,0.43292165,11.360182
8.894263,5.7354226,6.2911873,3.1588407,35.515484
26.022888,26.224186,25.497686,0.20129776,0.7735412
5.4985385,4.7374773,5.3704357,0.7610612,13.841154
19.319855,23.86823,23.242455,4.548376,23.542496
7.4088883,7.6804714,8.118026,0.27158308,3.6656387
41.955296,42.81694,40.884846,0.86164474,2.053721
44.977283,44.063133,42.13802,0.91415024,2.032471
43.297516,43.194653,41.246437,0.10286331,0.23757324
44.281174,43.767117,41.838646,0.51405716,1.1608932
44.475296,46.20617,44.12192,1.7308731,3.891763
30.211906,30.899519,29.819368,0.68761253,2.2759655
44.765636,41.53479,39.85625,3.2308464,7.217247
9.804417,7.5439987,7.9783545,2.260418,23.0551
37.046597,39.567207,38.128235,2.5206108,6.803893
5.405531,3.9536204,4.630083,1.4519105,26.859722
15.055233,15.639126,15.536658,0.5838928,3.878338
0.63139236,1.42471,2.3741832,0.7933177,125.645744
7.490139,7.5621557,8.068214,0.072016716,0.96148705
23.764189,11.986926,12.291044,11.777263,49.55887
37.9183,39.851803,38.133884,1.9335022,5.099127
35.506115,35.525566,34.107487,0.019451141,0.05478251
43.36191,43.36712,41.419865,0.005207062,0.012008376
17.226795,16.993454,16.8876,0.23334122,1.3545249
42.89771,44.5672,42.610195,1.6694908,3.891795
42.686485,43.12726,41.2185,0.440773,1.0325822
19.01023,22.022352,21.611767,3.012123,15.844749
5.906705,6.1843343,6.7344832,0.27762938,4.700241
10.521441,7.2333517,7.6930876,3.2880898,31.251322
26.475464,27.855288,26.994402,1.3798237,5.211707
4.0245914,5.644591,6.2182703,1.6199994,40.252518
37.959053,37.92234,36.313843,0.036712646,0.09671644
4.1077757,5.146212,5.753692,1.0384364,25.279774
42.562286,42.964382,41.185432,0.4020958,0.9447232
40.6209,36.865677,35.44992,3.7552223,9.244557
35.53368,32.79524,31.677876,2.7384415,7.7066083
3.7509296,4.668704,5.4207907,0.91777444,24.46792
6.8639636,5.038567,5.6702313,1.8253965,26.593914
13.005162,12.06997,12.209245,0.9351921,7.19093
3.922934,3.7524858,4.662944,0.1704483,4.3449187
9.458114,8.710327,9.260448,0.7477865,7.906297
11.184996,7.7959957,8.215856,3.389,30.299519
31.972572,26.988262,26.286255,4.98431,15.589332
2.478796,4.731172,5.351689,2.252376,90.86573
42.70326,44.73018,42.760284,2.0269203,4.746524
27.690754,28.90724,27.975632,1.216486,4.3931127
7.6319313,8.390181,8.766777,0.7582493,9.935222
6.654375,6.5040836,7.0381856,0.15029144,2.2585359
39.31484,38.684113,37.036594,0.63072586,1.6042947
25.273298,19.783516,19.587559,5.4897823,21.721668
4.370932,6.148143,6.6733346,1.7772107,40.659763
11.718741,10.751604,10.969799,0.96713734,8.252911
12.181788,9.383822,9.702232,2.797966,22.968433
5.8040056,4.646362,5.296854,1.1576438,19.9456
4.8387218,2.9683604,3.830667,1.8703613,38.654037
43.573452,46.996555,44.81013,3.4231033,7.855938
41.591244,38.188324,36.633705,3.4029198,8.181818
3.0635507,7.18812,7.6558414,4.124569,134.63362
23.526012,22.079618,22.217207,1.446394,6.1480627
38.39565,41.251484,39.444744,2.855835,7.437913
3.841718,4.28712,4.94886,0.4454019,11.593822
11.169607,7.4463444,7.94432,3.7232628,33.333874
24.593517,29.52569,28.538183,4.932173,20.054768
20.807623,16.385708,16.338339,4.421915,21.25142
17.756111,14.615207,14.61791,3.1409044,17.689146
8.176877,11.101932,11.340881,2.9250546,35.77227
23.727386,22.252527,21.718945,1.4748592,6.2158523
5.292082,4.74869,5.380748,0.5433917,10.268014
44.454365,46.789047,44.642517,2.3346825,5.2518635
27.959463,29.076187,28.142397,1.116724,3.9940825
6.489457,5.999276,6.545966,0.49018097,7.5534973
37.932354,40.475838,38.872276,2.5434837,6.7053146
39.763638,40.211056,38.469887,0.4474182,1.1251944
3.0129635,6.369513,6.8882656,3.3565495,111.40359
41.352463,44.97257,42.91159,3.6201057,8.754269
49.249043,43.40264,41.87343,5.846401,11.871097
41.17987,42.329754,40.469406,1.1498833,2.7923431
10.503583,13.002571,13.407473,2.4989882,23.791769
11.430563,12.275081,12.435562,0.8445177,7.3882422
11.324209,10.63195,10.871532,0.69225883,6.1130877
43.37511,44.28146,42.33898,0.9063492,2.0895605
13.939738,16.997005,16.859095,3.0572672,21.932028
7.138648,5.32784,5.921469,1.8108082,25.36626
9.6504755,8.603191,9.064409,1.0472841,10.85215
10.927394,13.042992,15.046381,2.1155977,19.360497
9.103618,8.274111,8.730334,0.8295069,9.111837
8.597124,6.7837405,7.449962,1.8133836,21.09291
20.27646,19.402836,19.155165,0.8736248,4.3085666
38.587914,38.31662,36.819378,0.27129364,0.7030534
4.2219987,4.7217016,5.3457775,0.49970293,11.835695
40.709053,35.77902,35.12049,4.9300346,12.110414
5.104213,5.0945606,5.689452,0.009652615,0.18911073
41.341,42.384407,40.71337,1.0434074,2.5239048
3.362632,10.51223,11.686955,7.149598,212.61911
7.1268463,7.499982,7.9527035,0.37313557,5.235634
20.328564,15.217693,15.169219,5.1108704,25.141325
26.722858,27.867743,27.134163,1.1448841,4.2842875
10.512859,9.58838,10.378748,0.9244795,8.7937975
6.947226,5.6876597,6.260124,1.2595663,18.130493
6.486321,4.3935843,5.0693445,2.0927367,32.263847
2.5711162,2.4474165,3.2438457,0.123699665,4.811127
42.03392,44.02866,42.037346,1.9947395,4.7455473
10.129569,8.865028,9.443879,1.2645407,12.483658
4.772012,5.7270436,6.2900896,0.9550314,20.013182
26.59855,24.650341,24.130543,1.9482098,7.3244963
12.874584,10.954978,11.173742,1.9196062,14.910044
11.258327,11.64988,11.836864,0.39155388,3.4779048
12.712135,12.721739,14.229822,0.0096035,0.07554593
5.8713527,7.3215923,7.7687473,1.4502397,24.700266
35.239258,35.25147,33.86764,0.012210846,0.034651257
8.005792,6.2632036,6.7965097,1.742588,21.766592
16.448416,13.826133,13.845426,2.622283,15.942466
40.154865,41.494488,39.922714,1.3396225,3.33614
8.763803,9.802398,10.09193,1.0385952,11.8509655
5.4346957,4.3403926,5.016492,1.0943031,20.1355
13.672548,18.27278,18.032925,4.600231,33.64575
4.776717,4.9114914,5.517713,0.13477421,2.821482
29.184433,28.801363,27.81466,0.38307,1.3125833
2.729888,3.7238812,4.5018945,0.9939933,36.411507
4.582314,5.1823072,5.8287535,0.5999932,13.093673
15.761244,20.18616,19.79503,4.4249153,28.074657
6.248488,6.3421,6.8668084,0.093612194,1.4981575
42.760345,44.254253,42.487316,1.4939079,3.493676
9.793865,5.2141647,5.8466897,4.5797005,46.76091
12.211626,12.661782,12.758425,0.4501562,3.6862922
3.9060113,3.903088,4.591411,0.0029232502,0.07483978
17.575588,20.576366,20.150967,3.0007782,17.073557
44.07174,43.897243,41.97822,0.1744957,0.3959356
5.394217,4.4155498,5.0793157,0.97866726,18.142899
3.3386505,4.4194746,5.0755687,1.0808241,32.373085
9.444679,6.4380836,6.9680624,3.0065956,31.833748
14.860908,10.878477,11.087406,3.9824305,26.798029
43.4456,46.17686,44.11135,2.7312622,6.286626
35.998062,30.892181,29.865292,5.1058807,14.183765
10.638675,10.403398,11.104988,0.23527718,2.211527
44.555084,43.683655,41.7494,0.87142944,1.9558474
42.774544,44.994015,42.927856,2.219471,5.188766
6.428124,4.4742413,5.1259985,1.9538827,30.395847
3.9044018,6.121007,6.6887536,2.2166052,56.771954
38.15237,40.360806,38.75534,2.208435,5.7884607
3.9078784,4.478431,5.134034,0.5705528,14.600066
27.549414,26.91654,26.17317,0.63287354,2.2972305
44.181602,46.999027,46.202106,2.8174248,6.376919
25.288311,23.387177,22.884396,1.9011345,7.517839
4.7420373,4.1862507,4.876103,0.5557866,11.720418
44.548485,47.49337,45.317528,2.9448853,6.610517
5.8393197,8.67139,9.497749,2.8320699,48.5
9.874076,9.868167,11.839895,0.005908966,0.05984323
32.72683,33.060833,31.815882,0.33400345,1.0205799
38.198273,38.03878,36.425858,0.1594925,0.4175385
7.922506,7.11882,7.6437716,0.80368567,10.144337
39.659573,43.60261,41.788406,3.943039,9.942212
9.707246,7.8360987,9.801452,1.8711472,19.275778
4.4485507,5.6815047,6.258697,1.232954,27.715858
6.6139894,5.7008257,6.265517,0.91316366,13.806549
5.87387,4.4454703,5.091745,1.4283996,24.317862
41.896908,42.890953,41.054794,0.99404526,2.3725982
45.210243,45.576756,43.552235,0.3665123,0.8106842
43.853756,42.537453,40.669777,1.3163033,3.0015748
6.716835,4.0462008,4.8829336,2.6706343,39.760307
7.268641,4.458015,5.0956526,2.810626,38.66783
3.1781948,4.600828,5.264199,1.4226334,44.76231
49.97061,45.97108,44.18697,3.9995308,8.003766
4.243793,4.3535843,4.9988017,0.10979128,2.5871027
10.30228,10.333957,10.586151,0.031676292,0.30746874
13.503465,11.750158,12.564662,1.7533064,12.984122
5.531021,4.3829427,5.0437765,1.1480784,20.75708
4.0419173,6.396528,7.0410843,2.3546104,58.25479
6.9579844,6.8981247,7.3784685,0.059859753,0.86030304
3.6667023,4.3004217,5.2571573,0.63371944,17.28309
24.332857,24.193472,23.768463,0.13938522,0.5728272
9.809256,11.430988,11.649675,1.6217327,16.532679
41.353237,43.92145,41.928497,2.5682144,6.2104316
43.95984,43.709633,41.85141,0.250206,0.5691695
5.1682954,13.521805,14.088449,8.35351,161.62988
41.2838,42.847755,40.94001,1.5639572,3.7883074
23.555836,25.644627,24.905067,2.088791,8.867403
44.32974,46.315422,44.171024,1.9856834,4.479348
7.774232,7.423339,7.89999,0.35089302,4.5135393
38.509724,30.27873,29.427433,8.230993,21.373804
10.041389,8.98085,9.327057,1.0605392,10.561678
7.591824,6.1402836,6.6984763,1.4515405,19.119785
3.796889,3.8908796,4.7232513,0.093990564,2.4754624
43.563988,47.10148,44.90399,3.5374908,8.120218
7.958973,5.5094237,6.076283,2.4495492,30.777203
7.108683,6.4918275,7.0229216,0.6168556,8.677495
41.743412,42.58609,40.772827,0.84267807,2.0187092
3.1630452,2.7016354,3.6485848,0.4614098,14.587519
38.818718,37.122803,35.893272,1.6959152,4.368808
13.064691,13.751809,13.781581,0.68711853,5.2593555
4.1832857,4.2557225,4.9102044,0.07243681,1.7315769
10.577344,7.9586954,8.367897,2.6186485,24.757149
4.782188,5.0716076,5.6807656,0.28941965,6.0520344
12.411413,13.523921,13.570406,1.1125078,8.963587
5.0419407,3.9506211,4.699439,1.0913196,21.644833
43.367737,42.81135,40.912506,0.55638504,1.282947
3.0941486,3.7617002,5.3193274,0.6675515,21.574642
14.554929,13.25437,13.334356,1.300559,8.935523
41.159492,40.830715,39.045475,0.3287773,0.79878855
4.269449,5.0693283,6.238028,0.7998791,18.734947
3.958554,6.0158725,6.6300955,2.0573184,51.971462
29.795631,23.924757,23.27825,5.8708744,19.70381
40.627415,41.97717,40.381676,1.3497543,3.3222747
5.068193,6.498988,7.090205,1.4307952,28.230873
39.712822,41.554966,39.7391,1.842144,4.6386633
4.100136,6.946844,7.80044,2.8467083,69.42961
3.0029557,3.9792056,4.659932,0.97624993,32.509636
49.425465,21.382442,21.490025,28.043022,56.738007
31.461922,32.781006,31.545185,1.3190842,4.192637
8.516425,8.522654,8.897718,0.006228447,0.07313453
11.133854,11.941092,12.093633,0.8072376,7.2502985
31.318413,29.48901,28.48701,1.8294029,5.8413014
3.6470444,4.023184,4.735696,0.3761394,10.31354
2.9273405,2.738758,4.0967107,0.18858242,6.442107
6.8245683,4.888607,5.5008273,1.9359612,28.367527
13.690496,16.552912,16.44655,2.8624153,20.908045
37.89823,40.24561,38.503525,2.3473778,6.1938977
30.935797,31.585064,30.67355,0.6492672,2.098757
19.89241,21.470078,21.314388,1.5776672,7.9310007
26.426994,27.133211,26.261332,0.7062168,2.672331
20.497578,20.51185,20.146666,0.01427269,0.06963111
5.2285304,4.7497754,5.3870773,0.478755,9.156589
5.4590745,3.9204326,4.7749224,1.5386419,28.185034
7.021429,5.4110384,6.159904,1.6103907,22.935368
43.04511,46.85237,44.67941,3.8072624,8.84482
10.346747,10.363371,10.761137,0.016623497,0.16066399
5.719062,6.6592345,7.16465,0.9401727,16.439281
27.10274,26.443302,25.706429,0.6594372,2.4331017
6.9673715,4.2171364,4.877761,2.750235,39.473064
38.754395,34.03486,32.728912,4.719536,12.178066
37.820057,40.237064,38.490932,2.4170074,6.3908086
18.873938,18.76953,18.490519,0.104408264,0.5531875
37.95462,39.49305,37.82032,1.5384293,4.0533385
26.849157,24.539219,23.838884,2.3099384,8.603393
6.6433606,5.8249803,6.4416575,0.81838036,12.31877
39.985542,39.72225,38.03267,0.2632904,0.658464
22.971968,19.727549,19.368738,3.244419,14.123383
13.768669,16.877365,16.848656,3.108696,22.578043
37.573566,38.133453,36.539673,0.55988693,1.4901086
3.0936623,3.762579,4.4620275,0.6689167,21.622164
23.927656,20.449533,20.2912,3.4781227,14.535994
29.377377,26.528282,25.703342,2.8490944,9.698259
33.34863,28.029356,27.13598,5.319273,15.9505
9.4331,9.004071,9.448228,0.4290285,4.548118
2.4681377,3.46449,4.192881,0.9963522,40.368584
10.410754,6.5303564,7.0782557,3.8803978,37.272976
5.4172964,5.6018953,6.1672316,0.18459892,3.407584
6.1796565,4.1336274,4.8181925,2.046029,33.109108
44.438286,41.88753,40.109184,2.5507545,5.739993
0.54715705,2.2993581,3.1399598,1.7522011,320.23734
12.1235285,9.861132,10.148237,2.2623968,18.661207
17.078405,12.874883,12.957587,4.2035227,24.613087
4.314408,5.676134,6.2530136,1.3617263,31.562298
6.012329,5.8561044,6.4108257,0.15622473,2.598406
48.678272,48.75015,47.223106,0.071876526,0.14765628
1.9677918,5.8413515,6.414858,3.8735597,196.84804
21.241886,18.814905,18.515112,2.426981,11.425449
8.348011,6.959395,7.475709,1.3886161,16.634094
5.760284,7.094261,7.5606966,1.3339772,23.158184
3.3222263,4.3419003,5.004788,1.0196741,30.692493
7.4942217,6.618982,7.2377396,0.87523985,11.678863
41.460182,41.04953,39.328407,0.41065216,0.9904736
7.4967294,9.059053,9.397729,1.562324,20.840076
5.3797936,7.2579136,7.718476,1.87812,34.910633
9.631405,7.8126106,8.229301,1.8187943,18.883997
12.883732,12.497532,13.662529,0.38619995,2.9975784
15.144506,19.835888,19.470943,4.6913815,30.977448
23.141567,21.431746,20.974264,1.7098217,7.3885307
40.70392,37.607872,36.095406,3.0960464,7.6062613
10.13913,10.909404,11.144636,0.77027416,7.5970445
16.832388,19.718002,19.361599,2.8856144,17.143227
20.685827,18.709784,18.534927,1.9760437,9.552646
4.957578,5.0339174,5.6493177,0.076339245,1.5398495
12.263575,9.860824,10.146364,2.402751,19.592583
8.497626,7.811411,8.271389,0.6862154,8.075377
12.329316,12.512685,12.617051,0.18336868,1.4872575
12.513743,9.255304,9.573545,3.258439,26.038883
9.3225155,8.617264,8.985708,0.7052517,7.5650363
44.013927,44.009705,42.096436,0.00422287,0.009594395
39.18659,37.083786,35.62419,2.1028023,5.3661275
7.5355024,8.388486,8.769081,0.8529835,11.3195305
40.584835,40.507187,38.74051,0.07764816,0.1913231
6.7644234,7.446121,7.895939,0.68169785,10.077693
3.463401,3.1980824,3.9629843,0.26531863,7.660639
18.799541,15.763775,15.650446,3.0357666,16.148088
20.367262,16.284594,16.158422,4.0826683,20.04525
27.464226,25.292381,24.769642,2.1718445,7.9079037
7.999773,7.235525,7.69468,0.7642479,9.5533695
38.126427,40.83688,39.06867,2.710453,7.1091185
43.449154,43.013622,41.160484,0.43553162,1.0023937
