,MAE,MSE,R2
Kp,0.139386,0.139356,0.834826
Ki,0.065148,0.006730,0.060407
Kd,2.229775,50.037877,0.536381
