Kp,Ki,Kd,ISE,Overshoot,SettlingTime,RiseTime,Cost
9.990590031226084,0.17977478690880488,1.3996558103580385,16.051636811204492,0.3852823710144765,298.7226245887574,146.98453951442727,95.63914401932163
5.730092391960626,0.038908240881394995,1.6341319281326525,12.8508024010755,0.42540560543341954,181.34903395588006,58.571502189499846,53.20950931059287
4.835580329323748,0.045782812116405225,1.7631442966720672,12.811275507155921,0.4468864908272462,162.36331736919576,43.61155446104818,46.40886186707661
0.8299416564244764,0.0266916559018453,0.03989297442453754,20.370694218694776,0.3572246394651354,282.606075529667,29.864049578947046,70.71374763709376
7.6928653385832035,0.05475723510411523,1.1636294976738206,13.81535440211268,0.42230401646596294,241.69043477017752,109.66517855639793,75.88172522945335
1.4759141144022996,0.01,2.0,11.885451999590375,0.48601156619214503,262.9662415706196,30.679116115557242,63.58045465030995
