,MAE,MSE,R2
Kp,9.864659,203.010211,0.118354
Ki,5.248688,30.871601,-0.448612
Kd,5.126791,61.010357,0.855322
