,MAE,MSE,R2
Kp,0.644795,0.519381,0.120988
Ki,0.174939,0.047466,0.332657
Kd,0.215087,0.067159,-0.101396
