Kp,Ki,Kd,ISE,Overshoot,SettlingTime,RiseTime,Cost
10.100225902406919,0.09927825633570109,18.468722906911964,7.533118628653538,0.1771491549568843,499.6987083438223,151.861985444249,1.1099449598472788
5.7142783546223335,0.12457962980304416,16.993502106870228,11.011911063247181,0.10066292070810742,438.03732590525,174.9188995085326,1.2013682236466687
7.348945436466664,0.10834882452799555,0.6340838611266069,16.706121308623516,0.02055480400454121,264.28241734381146,118.29320441384843,0.8540418415569595
14.364776734346616,0.48900091529793066,18.85610975979245,10.913361031179818,0.10815725373157523,474.36073391865386,125.21159956971357,0.9721278859746372
8.512955965017195,0.24209271177917913,0.5963187638823957,17.304005498467443,0.0032066143373487843,324.125884281983,132.2544863377916,0.9539170686527925
14.059706314886018,0.2876906156776542,18.402443208000115,11.323221323227934,0.06166354913581759,492.646607833327,144.83046764276074,1.0708156893386311
