,R2_log,MAE_log
Kp,0.9902744293212891,0.020625455304980278
Ki,0.9703337550163269,0.05119378864765167
Kd,0.9521511793136597,0.36600565910339355
