Kp,Ki,Kd,ISE,Overshoot,SettlingTime,RiseTime,Cost
4.892014760904706,1.9918700722522633,1.2330442815284903,1.3300650800537919,0.06460614546188673,2.7073658317051117,2.404169901492053,1.5672544077533272
