,R2_log,MAE_log
Kp,0.6820606589317322,0.4630177319049835
Ki,0.18903571367263794,0.6811659336090088
Kd,0.6588150858879089,0.6678040027618408
