,MAE,MSE,R2
Kp,0.352125,0.233733,0.564168
Ki,0.100306,0.020953,0.770300
Kd,0.255998,0.090024,-0.118414
