,MAE,MSE,R2
Kp,176.381126,441479.886973,0.102714
Ki,135.967829,499591.920006,0.062760
Kd,99.715968,68610.177276,0.535109
