y_true,y_pred,y_std,abs_error,rel_error_%
1.0244209,1.1792009,1.5109767,0.15478003,15.109027
0.6507597,0.24790215,0.8903184,0.40285754,61.90573
9.9390335,8.270283,0.88326156,1.6687508,16.78987
0.76684624,0.83259034,1.5333053,0.0657441,8.57331
4.1110253,4.9702544,0.8908917,0.8592291,20.900604
0.6771854,0.34415364,1.0310053,0.33303177,49.178818
0.6887489,1.7436112,1.0064279,1.0548623,153.1563
6.946136,7.756171,0.873579,0.8100352,11.661667
0.9094064,0.32818294,1.7555333,0.5812235,63.912403
1.8670017,3.3263109,0.903231,1.4593092,78.16325
1.517607,1.4693804,1.1776508,0.048226595,3.1778054
0.5362559,0.30161023,1.7922171,0.23464566,43.756287
1.4303333,1.1813142,0.88216716,0.24901903,17.40986
12.19471,7.3986206,1.0019865,4.796089,39.32926
1.0197042,1.5017046,1.2705996,0.48200035,47.268642
6.5242434,10.7195425,0.88151,4.195299,64.30323
0.48328203,0.64328814,0.8881191,0.1600061,33.108227
4.3582845,5.77112,0.9326501,1.4128356,32.41724
10.859898,8.934152,1.6926237,1.925746,17.732635
0.91742915,1.2815343,1.0966232,0.36410517,39.68755
11.401994,13.704025,1.620695,2.3020315,20.189728
2.0550418,2.681671,0.9171689,0.6266291,30.492281
5.182475,2.8249836,0.89068544,2.3574915,45.48968
2.2492168,1.8620508,0.86008847,0.38716602,17.213371
4.171824,4.488161,0.9166737,0.3163371,7.582705
2.5163386,2.8559499,0.88776183,0.3396113,13.496247
0.98805183,1.3542205,1.6371057,0.36616868,37.05966
23.942583,27.473854,0.9841596,3.531271,14.748915
3.0563152,3.126906,0.97336996,0.070590734,2.309668
22.48845,24.141443,0.9738955,1.6529942,7.350414
9.181316,8.886251,0.89483833,0.29506493,3.213754
3.6684415,3.6188636,1.3204888,0.04957795,1.3514718
0.5595827,0.40212876,1.2899076,0.15745395,28.137745
0.6935744,1.9188302,1.1430871,1.2252557,176.65814
1.0792358,0.8278787,1.0028379,0.25135708,23.290283
3.3318698,3.151412,1.8688002,0.18045783,5.416113
0.50651675,1.0587063,1.6650163,0.5521895,109.01703
0.49635282,1.0296148,0.9682813,0.533262,107.43608
1.2190229,0.28322673,1.104356,0.93579614,76.76608
3.6041868,5.54389,1.679936,1.9397032,53.818054
0.6067429,1.4944148,1.7016883,0.8876719,146.30115
0.9029846,0.83151823,1.3232994,0.07146639,7.9144635
5.997522,4.314849,0.8955437,1.682673,28.056139
0.3442627,1.714994,1.0733641,1.3707312,398.1643
5.06627,6.7319803,1.7760623,1.6657104,32.87844
1.332323,0.80125403,0.8699837,0.5310689,39.860374
31.764008,31.128475,0.93079525,0.6355324,2.0007942
2.977384,2.4659383,0.87585264,0.51144576,17.177689
0.6841081,1.5099813,0.9540215,0.8258732,120.72262
0.5920017,1.6464994,0.9950141,1.0544977,178.1241
1.6428171,1.7219739,0.889953,0.07915676,4.8183546
1.4273069,1.7399036,0.8890999,0.31259668,21.901154
3.364887,4.382122,0.9067474,1.017235,30.230883
3.0762103,19.161701,1.1592609,16.085491,522.8996
1.7560734,2.1409063,0.87583387,0.38483298,21.914404
46.463085,44.158897,0.9648207,2.3041878,4.9591794
20.834133,21.696041,1.4865024,0.86190796,4.1369996
0.51500237,0.95942354,1.0482823,0.44442117,86.294975
2.2077441,0.90017354,0.87600905,1.3075706,59.226547
1.1099412,1.4487329,0.9658175,0.3387916,30.523382
1.4004513,1.0821514,0.8839151,0.3182999,22.72838
17.388153,18.215403,1.5058793,0.8272495,4.757547
2.2416942,1.8649716,0.9031806,0.37672257,16.805262
4.5346165,2.122233,0.8714356,2.4123836,53.199287
2.4103363,1.4652295,1.1940308,0.94510674,39.210575
1.476408,1.6969157,1.632762,0.22050774,14.93542
4.6421347,4.5730286,1.6318657,0.0691061,1.4886708
2.5833437,3.7504542,0.87282544,1.1671104,45.178288
0.3453866,0.0,0.9554865,0.3453866,100.0
0.81491524,0.27665973,0.85628265,0.5382555,66.05049
0.82150745,1.0804981,1.351038,0.25899065,31.52627
23.588284,20.180084,0.8750859,3.4081993,14.448696
2.8188033,2.7289243,0.9174944,0.089879036,3.1885529
7.6797924,7.8236284,1.1837262,0.14383602,1.8729155
3.2125509,3.35832,1.3297213,0.14576912,4.5374885
0.4743145,0.6844233,0.94574124,0.21010882,44.297363
7.5229297,8.251925,1.2182571,0.7289958,9.690318
2.2410598,1.3715099,0.9562203,0.8695499,38.800835
0.8141703,1.2849171,0.9029165,0.47074682,57.819206
1.7432997,0.0,1.3157148,1.7432997,100.0
1.3875355,2.7338266,1.5567249,1.3462912,97.02752
2.2581723,1.830826,0.89082783,0.42734623,18.92443
5.4841576,5.2674713,1.622791,0.21668625,3.951131
0.88930297,1.0170778,1.6921912,0.12777483,14.367975
8.0774355,15.541188,0.9255531,7.4637527,92.402504
16.332537,23.333126,0.8949309,7.0005894,42.862843
0.54117334,0.85846436,0.9261683,0.31729102,58.630203
3.081844,0.9171466,0.93159324,2.1646974,70.240326
0.973476,0.6858476,1.2064483,0.2876284,29.546534
0.3836312,1.4451473,0.92743295,1.061516,276.7022
2.0974615,0.87868094,0.8730792,1.2187805,58.10741
1.7151688,1.4760364,1.2434155,0.2391324,13.942208
3.3605227,5.642375,0.898069,2.2818522,67.9017
3.1606288,5.394165,0.8799098,2.2335362,70.667465
0.81038684,0.84342414,0.9076842,0.033037305,4.0767326
3.2983727,2.4977489,0.8692773,0.8006239,24.2733
4.0559626,3.8451087,1.5263857,0.21085382,5.198613
0.52702373,1.3701539,1.1791915,0.8431302,159.97955
0.6827667,1.503876,0.89667934,0.8211093,120.26207
17.70361,18.673626,1.0882527,0.9700165,5.479202
0.45397565,1.9128504,0.9381256,1.4588747,321.35526
7.0226703,8.190608,0.91559744,1.1679378,16.630964
0.21063405,0.19342208,1.2732145,0.017211974,8.171506
10.983944,12.801777,1.321515,1.817833,16.549911
2.0042737,2.3298624,0.87309444,0.3255887,16.244722
0.83302104,1.0729444,0.95469743,0.23992336,28.801598
2.0894098,2.5924146,0.9148596,0.5030048,24.074013
0.45218152,0.71186686,0.9067478,0.25968534,57.429447
13.396087,12.578388,1.1753695,0.8176985,6.10401
1.9974282,2.9800348,0.9610444,0.98260665,49.193592
1.4967506,1.7857392,0.9511599,0.2889886,19.307732
20.035048,25.494497,0.9714962,5.45945,27.249496
0.5049001,0.81986547,1.4814932,0.31496537,62.381718
5.6327004,6.5229473,0.9416578,0.89024687,15.804975
0.84697324,1.5212936,1.007595,0.6743204,79.61531
1.7449838,1.4077094,0.9080595,0.33727443,19.328228
13.068656,13.506977,1.0236721,0.4383211,3.3539877
2.8936005,4.524834,0.8771151,1.6312337,56.37384
7.126731,8.442836,0.95768416,1.3161049,18.467161
4.5176516,3.4865477,1.6794145,1.0311038,22.82389
2.8402743,1.4993918,1.2463456,1.3408825,47.209614
4.5194354,8.35618,1.5427867,3.8367448,84.89433
0.35452113,0.6776428,1.0085835,0.3231217,91.143135
1.5464112,1.9956815,1.1824964,0.44927037,29.052452
0.8182325,2.8074,0.8808917,1.9891675,243.10542
3.7454019,3.1186397,1.730971,0.62676215,16.734177
1.730468,0.8583298,1.1953558,0.87213826,50.398983
0.29909497,0.0,1.0668083,0.29909497,100.0
2.039144,1.9452634,1.5381663,0.09388065,4.6039248
0.16961505,1.2036091,1.6246122,1.0339941,609.61224
0.5361539,1.2225361,0.8939626,0.6863822,128.0196
0.81700295,1.1178217,1.6140625,0.30081874,36.819786
1.5665834,1.2796012,1.7717007,0.28698218,18.318985
0.940562,1.8535743,0.8673469,0.91301227,97.07092
5.317453,7.5326233,0.9098455,2.2151704,41.658485
32.647064,7.991827,0.84481823,24.655237,75.52053
5.891366,6.5508423,0.88126236,0.6594763,11.193946
12.150933,21.795664,0.9181755,9.644731,79.374405
41.10046,18.079454,0.8858791,23.021006,56.01155
2.5628054,2.1846676,0.8479366,0.37813783,14.754839
0.8328028,3.09455,0.92367864,2.2617471,271.58255
0.9518767,0.6781573,0.98147917,0.27371937,28.755758
1.2922345,0.88307744,1.4218096,0.4091571,31.662758
14.091038,19.7025,0.88934684,5.6114616,39.822914
16.01175,20.942673,1.0105213,4.9309235,30.795658
6.9237647,9.35615,0.89199007,2.432385,35.13096
1.2015386,0.025209188,0.8533669,1.1763294,97.901924
5.0128174,9.8809805,0.8996651,4.868163,97.11431
14.854463,15.219538,1.0640637,0.3650751,2.4576797
1.7692934,1.7594311,0.8532454,0.009862304,0.5574148
0.8080349,1.1878345,1.3806005,0.3797996,47.002872
1.1013854,1.443327,0.863522,0.3419416,31.0465
18.820633,25.994974,0.9057643,7.174341,38.119553
0.92402816,1.4278615,1.7120149,0.5038333,54.525753
0.6608162,0.9578829,1.4813805,0.2970667,44.95451
0.578053,1.4287649,0.9049978,0.85071194,147.1685
1.4712114,1.9936857,0.9746307,0.5224743,35.513203
0.5301758,0.5138701,0.9279391,0.016305685,3.075524
7.6513753,6.9164076,1.5542117,0.7349677,9.605695
8.9049835,8.428388,0.88671803,0.47659588,5.352013
0.50368375,0.036661386,1.6668662,0.46702236,92.72135
4.214774,3.2632565,1.3044584,0.9515176,22.575766
12.054543,16.260065,0.91496813,4.2055225,34.88745
7.874849,12.42227,0.9168413,4.547421,57.746136
18.060007,21.52868,1.508788,3.4686737,19.20638
1.7755568,2.3948789,1.3839781,0.61932206,34.88044
0.4922954,0.77846265,1.1058159,0.28616723,58.12917
0.7093124,0.9278797,1.0960706,0.21856731,30.81397
3.0445123,4.446023,1.5776207,1.4015107,46.034
0.43788582,0.26795244,1.4738475,0.16993338,38.80769
1.5257394,0.0,1.0330416,1.5257394,100.0
0.53308344,0.34721446,1.8649455,0.18586898,34.86677
0.50520444,0.5613754,0.8972721,0.05617094,11.118458
4.504372,6.524618,0.9155894,2.020246,44.85078
0.6938929,1.5867733,0.9303351,0.8928804,128.67697
2.1466467,1.186689,1.2955787,0.9599577,44.718945
0.2736817,0.30827188,1.0945694,0.034590185,12.638837
0.5345859,1.4550142,1.5869658,0.92042834,172.17595
2.0639222,4.148393,0.9142076,2.084471,100.99562
1.715705,2.5569263,0.9155196,0.8412212,49.030643
0.65701586,1.0211335,1.0685753,0.36411768,55.419926
2.4885058,2.9919362,1.3589109,0.50343037,20.230227
2.5764427,3.9709442,0.91991454,1.3945014,54.125072
0.6583609,1.8488665,0.8663405,1.1905055,180.8287
1.0424078,1.370854,1.9210439,0.32844627,31.508427
1.2162222,1.1579242,0.86345005,0.05829799,4.793367
2.3224943,3.1727343,0.87657577,0.85024,36.608917
0.5440355,0.72926885,1.1029263,0.18523335,34.048027
9.977905,14.311621,0.88399184,4.3337154,43.43312
0.6379451,0.57702696,1.8552043,0.060918152,9.549121
1.3084964,1.3519466,1.378444,0.043450236,3.3206234
0.67902684,1.3707038,1.9210498,0.691677,101.862976
0.5219063,1.5502043,0.88110596,1.0282979,197.0273
0.9127176,1.1986458,1.0898042,0.28592825,31.327133
5.214579,6.118413,1.6485481,0.90383387,17.332825
3.030047,7.944112,1.5494779,4.914065,162.17784
2.2565866,2.7205772,0.8982356,0.4639907,20.561619
1.848358,1.0183955,1.2952203,0.8299625,44.90269
0.610589,0.6442647,1.5258372,0.03367567,5.515276
1.0396391,1.4837555,0.95149434,0.44411635,42.71832
2.1397936,3.5731714,0.88684934,1.4333777,66.986725
2.976983,2.843224,0.89100593,0.13375902,4.4931064
0.51779777,0.37648952,1.1979111,0.14130825,27.29024
21.893095,27.434753,0.9707823,5.5416584,25.312357
1.9381114,2.6780457,1.5864017,0.7399343,38.17811
2.6799927,2.2054787,0.9578841,0.474514,17.705795
0.79950655,0.43008882,1.7735761,0.36941773,46.205715
1.5434561,3.8729177,1.6246709,2.3294616,150.92503
8.854174,8.032398,1.3721548,0.82177544,9.281221
2.8159027,4.344037,0.87546355,1.5281343,54.26801
7.299704,15.133364,0.906975,7.8336596,107.31476
3.3074954,6.4193325,0.87820685,3.1118371,94.0844
1.2786458,2.816457,0.8942997,1.5378113,120.26875
0.3887596,0.26151586,0.96771324,0.12724376,32.730705
0.973853,1.4553217,0.9324446,0.48146868,49.439564
0.95912755,1.6135261,1.4730439,0.65439856,68.22852
0.21233693,0.4160955,1.067209,0.20375857,95.96002
2.7955534,4.000704,0.864242,1.2051504,43.109547
3.2730217,3.075942,0.8879975,0.19707966,6.0213366
0.4544185,0.7556298,1.4704735,0.30121127,66.28499
0.14056426,0.7477339,1.8117933,0.6071696,431.95166
0.2867763,0.9575325,0.9858981,0.6707562,233.89528
0.9698443,2.321704,1.5992769,1.3518596,139.38934
1.5286609,0.9591599,0.92811036,0.569501,37.254894
3.7833967,4.762151,0.8832231,0.97875404,25.869717
5.948625,8.965464,0.8731488,3.0168386,50.71489
3.6980217,3.7278466,1.0093235,0.029824972,0.8065116
7.378169,11.149331,0.9209375,3.771162,51.11244
2.9425688,3.1832924,1.2724657,0.24072361,8.18073
3.7698042,4.5951366,0.8836394,0.8253324,21.893244
0.6923676,0.8623733,1.3983523,0.17000568,24.55425
0.9235211,1.8627917,0.9271878,0.93927056,101.70537
1.9687228,3.2317858,0.898389,1.263063,64.15646
17.91263,21.334541,1.0106466,3.4219112,19.103344
1.0553086,0.31122422,0.85852003,0.74408436,70.5087
0.8237836,1.200628,1.5998509,0.37684447,45.745567
1.0625544,1.314723,0.9847999,0.25216866,23.732306
0.5047272,0.5036397,1.4416704,0.0010874867,0.2154603
0.7089708,1.5756829,1.5362166,0.8667121,122.249344
8.734459,6.015889,1.2311234,2.7185698,31.12465
0.5505872,0.16735923,1.8372754,0.38322794,69.6035
0.8027523,1.2607821,0.9725868,0.4580298,57.057426
3.4821808,5.8146706,0.8902802,2.3324897,66.98359
0.39058784,0.5971296,1.5122894,0.20654175,52.87972
0.71299946,0.21204984,1.8635279,0.5009496,70.25947
1.6117921,2.2418995,0.89419425,0.6301074,39.093594
1.4238397,1.0427573,0.8472409,0.38108242,26.76442
36.943226,27.440279,0.8759155,9.502947,25.72311
2.429842,0.6286473,0.8775674,1.8011947,74.12805
1.5203745,1.1405232,1.2487589,0.37985134,24.984064
0.62036157,0.24567533,0.8883804,0.37468624,60.39804
19.799017,24.752851,1.1483032,4.9538345,25.020609
4.3259864,5.489608,0.8868726,1.1636214,26.898407
0.5443738,0.98498964,0.89468884,0.44061583,80.93994
0.5277136,0.094658256,0.9454064,0.43305534,82.06257
24.547901,30.360424,0.97007394,5.812523,23.67829
0.5194306,0.44436562,0.8709831,0.07506496,14.451393
0.78200877,0.6070834,1.8926269,0.17492539,22.368725
1.0619559,2.7844634,0.8882451,1.7225075,162.20142
4.5525117,3.7575212,0.88462716,0.79499054,17.462679
21.36073,23.68865,0.96015704,2.327921,10.898133
1.7836584,1.5831398,0.86580133,0.20051861,11.241985
1.4434531,1.1521736,0.85396785,0.29127944,20.179348
0.1371999,0.49144995,1.322176,0.35425007,258.19995
23.368921,26.52682,1.4489051,3.157898,13.513238
1.7319622,0.61766565,0.8772397,1.1142966,64.337234
0.7658434,1.6807024,1.914804,0.91485906,119.457726
3.6679199,3.222961,0.8594713,0.44495893,12.131097
2.4426422,1.4674563,0.9014713,0.9751859,39.9234
8.996792,5.536045,1.2630632,3.4607468,38.466454
3.573293,6.1567297,0.9080844,2.5834367,72.298485
18.309034,14.093965,0.90631926,4.21507,23.021803
6.356417,6.4614286,0.8990183,0.10501146,1.6520543
1.6610646,1.9360306,1.4209274,0.274966,16.5536
7.127504,5.8126965,0.88456774,1.3148074,18.446955
0.6228481,0.38316047,1.0877807,0.23968762,38.482517
33.686348,19.975338,1.0534272,13.71101,40.701977
29.814062,16.589972,0.8947978,13.224091,44.355213
6.130141,3.7749112,0.934646,2.3552296,38.420483
0.9275964,0.94621444,0.9014638,0.018618047,2.007128
2.657752,2.9293938,0.8832911,0.27164173,10.220733
15.16729,19.94321,0.91631705,4.775921,31.488297
4.7292967,8.522326,0.90320027,3.7930298,80.20283
20.316656,22.77846,1.090477,2.4618034,12.117168
1.657164,4.065733,1.5694162,2.4085689,145.34282
0.4839674,0.7271345,0.89358515,0.24316713,50.24453
0.15506026,1.0759028,1.5440034,0.9208425,593.8611
36.562927,32.770294,1.2627753,3.792633,10.372892
1.3105423,1.5677329,0.9096278,0.2571906,19.624744
0.8725951,0.44102883,1.2292238,0.43156624,49.45779
3.0761216,2.119518,1.2913562,0.9566035,31.097715
36.19653,34.25743,1.2405989,1.9390984,5.357139
9.030897,11.15861,1.0203859,2.1277132,23.560373
0.9774104,1.360384,1.0218257,0.3829736,39.182476
0.600117,0.6956647,1.8926774,0.095547676,15.921507
15.043348,18.598656,0.98488414,3.5553074,23.633749
1.5489434,2.5170655,0.92825663,0.9681221,62.502098
3.2537336,2.9398303,1.3237063,0.31390333,9.647481
1.3302202,0.82264507,0.8754154,0.50757515,38.157227
1.02225,1.7318177,1.5950575,0.70956767,69.41234
0.93881017,1.350692,1.0353818,0.41188186,43.872753
1.9361303,0.81003356,1.1051117,1.1260967,58.16224
5.9529686,9.970684,0.89058036,4.0177155,67.49096
9.807974,8.95565,1.5992881,0.85232353,8.690108
0.550295,0.06340432,0.9608454,0.48689067,88.47812
0.49207672,0.30039966,1.6948786,0.19167706,38.952675
1.7361193,2.3220096,0.8790053,0.5858903,33.74712
2.3851647,3.5596654,0.86158943,1.1745007,49.241913
0.8485021,1.2153838,0.87593156,0.36688167,43.238747
4.2907777,2.277869,0.9271377,2.0129087,46.91244
1.3726543,0.8942693,0.85898864,0.47838503,34.851093
0.48822105,0.8970705,0.9041336,0.40884948,83.7427
0.89337856,0.5639561,1.37597,0.32942247,36.873783
1.6078768,1.4434023,0.9658522,0.16447449,10.229297
16.390526,17.13619,1.5568514,0.7456646,4.5493636
1.019523,1.5658648,1.3467057,0.5463418,53.58798
0.3928819,0.5471103,0.90738535,0.15422842,39.25567
24.83481,28.596924,0.9417192,3.7621136,15.14855
5.456867,3.9149747,1.341835,1.5418925,28.256002
0.9123681,0.82842416,0.8853551,0.08394396,9.200667
0.7329881,1.7446012,0.8660697,1.0116131,138.01222
1.4773026,0.9198227,0.87484473,0.55747986,37.736336
7.255676,7.954714,0.9099237,0.699038,9.634361
1.1973724,1.3181345,0.9277388,0.12076211,10.085593
39.692436,12.656524,1.8540372,27.035912,68.11351
34.684727,31.482105,0.89705443,3.2026215,9.2335205
0.7063971,0.5792519,1.2655154,0.12714523,17.999115
6.770176,6.989461,1.1648229,0.21928501,3.2389853
0.8726537,1.2334611,0.9236915,0.36080742,41.346
0.4949958,0.81250566,1.4669385,0.31750986,64.14395
2.1309164,2.0967207,1.6868362,0.03419566,1.6047398
0.65870225,1.0535195,1.6167251,0.39481723,59.93865
11.96578,12.072004,0.9709762,0.10622406,0.88773197
5.540501,10.315388,0.8982272,4.7748866,86.18149
0.9686395,1.2435341,1.6205437,0.2748946,28.379454
7.702727,13.125595,1.2793218,5.4228683,70.401924
25.450611,30.817505,0.96116006,5.366894,21.087486
21.548222,18.007524,1.4941454,3.540697,16.431505
2.1594677,1.1760616,0.9915067,0.98340607,45.53928
1.3588129,1.1785256,1.9114815,0.18028736,13.268004
8.228947,9.247166,0.9454615,1.018219,12.373625
6.889413,5.4950523,1.3966653,1.3943605,20.239178
8.553728,8.647722,1.3502719,0.09399414,1.0988675
6.6952777,6.975095,0.86488,0.2798171,4.1793203
0.53731257,0.7615884,0.94228053,0.22427583,41.740288
0.24224566,0.0,1.1404535,0.24224566,100.0
2.5158885,2.537303,0.9576523,0.021414518,0.8511712
5.436329,5.215522,1.6671633,0.22080708,4.0616946
2.6131253,2.9139314,0.8739335,0.30080605,11.511352
13.836267,10.347654,1.2937677,3.4886131,25.213543
6.8163314,9.580065,0.8799483,2.7637334,40.54576
35.53721,29.153147,1.0993181,6.384062,17.964443
0.5955087,0.81809974,0.9866628,0.22259104,37.378304
1.7080275,2.3011494,1.3939629,0.5931219,34.725548
1.107895,1.3740256,1.2458519,0.26613057,24.02128
5.77563,3.4356503,0.8597251,2.3399796,40.51471
2.5495749,1.0654485,0.88135463,1.4841263,58.210735
1.5167623,2.2218373,1.4649792,0.705075,46.48553
1.4327451,1.0518755,0.85924786,0.38086963,26.58321
2.0670164,1.5498208,1.0580039,0.5171956,25.021358
39.940197,14.313765,0.9231816,25.626432,64.16201
0.8295218,1.6021402,0.88729495,0.7726184,93.14022
2.0849154,1.4980716,1.3038652,0.58684385,28.14713
0.94075274,1.2344126,1.1563232,0.2936598,31.215406
0.9701466,2.183839,1.4978204,1.2136924,125.10402
0.84412456,0.45171607,1.2932837,0.3924085,46.487038
1.0324475,0.99516124,1.7428645,0.037286222,3.6114402
19.014595,8.454524,0.94310665,10.560071,55.53666
1.62772,1.1252272,1.039329,0.5024928,30.87096
46.696457,25.744387,1.6138808,20.95207,44.868652
1.8215292,2.9486227,1.6562872,1.1270936,61.876232
1.3510388,0.86870193,1.4828159,0.48233688,35.701187
4.875388,6.727955,0.8844082,1.8525667,37.99834
1.0988303,1.1493181,0.89996785,0.050487757,4.5946817
22.461859,24.893919,1.448661,2.4320602,10.827511
0.78688115,1.2509586,1.7306012,0.4640774,58.97681
2.2948117,2.2085323,1.0863367,0.08627939,3.7597592
0.5979612,2.0461473,1.5740426,1.4481862,242.18732
0.58009577,1.8977152,1.5149943,1.3176194,227.13826
5.305495,7.5805225,1.8630911,2.2750278,42.880596
0.8047099,0.85149735,1.9049277,0.04678744,5.8142
1.7928596,2.1997466,1.6147137,0.40688705,22.694864
23.728426,29.224064,0.9755967,5.495638,23.160566
9.851803,7.8828735,1.5005177,1.9689293,19.985472
0.21129707,0.8841616,1.6722078,0.67286456,318.4448
0.80231875,0.97564507,1.4647868,0.17332631,21.603174
0.9526161,1.8503311,1.4822874,0.897715,94.23681
2.2100258,2.0513391,0.8582969,0.15868664,7.180307
2.8559167,4.4210796,0.89176446,1.5651629,54.804222
4.0760713,3.0237062,0.88049966,1.0523651,25.818121
7.0829563,10.136054,0.9276099,3.0530977,43.10485
15.355685,6.684619,1.3944306,8.671066,56.468117
3.6452029,3.221442,0.8513793,0.4237609,11.625167
9.363813,9.371359,1.5250381,0.007545471,0.08058118
1.8174528,2.5493782,0.86558884,0.73192537,40.27204
1.9468875,2.1167831,1.8407983,0.16989565,8.726526
1.1000718,1.7924969,0.987169,0.69242513,62.943634
6.8794107,7.8035126,1.0707401,0.9241018,13.432863
3.9810774,5.4440594,0.9522792,1.4629819,36.74839
1.1930254,2.5679374,0.89900345,1.374912,115.24583
0.7365128,0.8213321,1.2935795,0.08481932,11.51634
3.128555,3.7645738,1.6858459,0.63601875,20.329473
0.9536179,0.36812758,0.86062896,0.5854903,61.396744
6.4802647,7.827797,0.8934998,1.3475323,20.794403
1.5179919,3.3222022,0.897731,1.8042103,118.85507
9.155995,10.954989,1.4509059,1.7989941,19.648264
1.3554872,2.779607,0.86235094,1.4241198,105.06332
3.081869,2.5762763,0.91231734,0.5055926,16.40539
4.7699575,4.5008917,1.0833809,0.26906586,5.640844
4.6775346,4.641931,0.9409753,0.035603523,0.76116
2.7724526,4.832142,0.87582636,2.0596893,74.29124
23.81234,26.830723,1.589062,3.018383,12.67571
2.3087897,2.4682493,1.8574541,0.15945959,6.906631
2.7071543,3.233499,1.6315714,0.5263448,19.442732
0.7501889,1.2642994,1.095313,0.5141105,68.53081
2.2152834,3.6601532,0.9016637,1.4448698,65.22279
1.8319091,1.3563404,0.94806576,0.47556865,25.960276
3.289568,4.2680902,0.87609965,0.9785223,29.746227
1.4713521,0.60762715,1.3198656,0.86372495,58.702805
0.2189131,0.50479776,1.1323321,0.28588468,130.59277
35.86725,23.76333,0.9513693,12.103918,33.746437
37.22712,41.063763,0.9245901,3.8366432,10.306044
17.33426,18.531721,1.1071644,1.1974602,6.9080544
1.3617749,2.8699155,1.4296904,1.5081406,110.74815
0.99130225,1.6031437,1.0067477,0.61184144,61.720978
7.371097,4.295759,0.92828244,3.075338,41.721577
0.44060844,1.1561745,0.95032585,0.7155661,162.40408
1.0245646,1.408731,1.63594,0.38416636,37.49557
1.9159043,2.5396297,1.0011111,0.6237254,32.555145
0.576672,0.5324979,1.8969901,0.044174135,7.660184
2.9692943,2.9972506,1.2387158,0.027956247,0.9415115
26.951227,27.860315,1.0827109,0.90908813,3.3730862
4.9909873,7.830962,0.9225067,2.8399749,56.90207
2.0379996,1.6204643,0.9324474,0.4175353,20.487507
0.59203607,0.38542998,0.8819813,0.20660609,34.89755
1.0395491,0.86330926,1.4191924,0.17623985,16.95349
2.367254,4.547578,0.8703982,2.1803238,92.1035
0.24989657,1.0224289,1.5908545,0.7725323,309.1408
1.5462061,0.9192943,0.8974635,0.6269118,40.545166
0.5257548,0.91533834,1.1068083,0.38958353,74.099846
1.8284245,5.155862,1.5600171,3.3274374,181.98386
0.45952523,0.68984073,1.1813368,0.2303155,50.12032
11.086762,11.353098,0.935101,0.2663355,2.4022837
29.173231,25.577469,0.93672866,3.5957623,12.325554
6.921988,9.710203,0.95537585,2.7882152,40.280552
1.2957116,1.0148721,0.8636847,0.28083956,21.674541
1.4693717,0.64381945,1.2527516,0.8255522,56.18403
0.8343295,0.7590393,1.7909039,0.0752902,9.024037
0.20260903,0.12401807,1.2907234,0.07859096,38.789467
2.2180383,2.0442703,1.2223027,0.17376804,7.834312
2.4152386,1.9145875,0.8559675,0.5006511,20.728848
1.7910895,2.320158,1.190535,0.52906847,29.538918
1.9202461,1.42592,1.0269467,0.4943261,25.742851
7.037863,5.3182907,1.530499,1.7195721,24.433159
21.755781,26.274391,1.190797,4.51861,20.769697
8.788431,12.362658,0.9081569,3.5742264,40.669674
0.77285975,2.2749696,1.5351697,1.5021098,194.35736
0.8580264,1.3896836,1.9210488,0.5316572,61.962807
7.5723443,5.5084095,1.5951347,2.0639348,27.25622
0.8215263,1.0853584,1.3888055,0.2638321,32.11487
4.109691,4.825803,0.9072203,0.71611166,17.424952
0.6257008,0.5416153,1.1371427,0.084085464,13.438606
1.3964043,0.24562073,1.1676171,1.1507835,82.410484
36.21429,38.19801,0.98541015,1.9837189,5.477724
1.1297749,3.0079324,0.8642016,1.8781575,166.24174
1.6538559,0.96101886,1.0619732,0.69283706,41.892227
10.055135,9.511127,1.2496576,0.5440073,5.410244
39.945385,26.070934,1.5424601,13.874451,34.73355
3.3246274,6.583086,0.90583587,3.2584586,98.009735
1.3082244,1.252229,1.42722,0.055995464,4.2802644
3.958884,3.836385,1.8147588,0.12249899,3.094281
5.105687,3.1362138,0.8857371,1.9694734,38.574112
1.1197466,0.5301611,0.84574884,0.5895855,52.653477
1.7905426,2.0417008,1.6457192,0.25115824,14.026935
2.120553,2.5120478,1.4666485,0.39149475,18.461918
0.6039684,0.6168031,0.8874297,0.012834728,2.1250663
35.795116,32.289738,0.98223394,3.5053787,9.792896
0.46267074,1.3266768,1.0218452,0.8640061,186.7432
0.57627827,0.61763495,0.89039683,0.041356683,7.1765127
0.6640034,1.4921201,0.8995623,0.8281168,124.715744
0.98799837,1.7315512,0.8645075,0.7435528,75.25851
0.24025017,0.7629913,1.0940992,0.52274114,217.582
1.1566639,0.0042392015,0.8916483,1.1524247,99.6335
18.924093,18.14698,0.9374021,0.77711296,4.106474
2.623734,1.8094537,0.8759958,0.8142803,31.035168
1.4303672,0.5649686,0.88094264,0.86539865,60.50185
1.0583444,2.4170904,1.4466726,1.358746,128.38411
1.5529264,1.8869781,0.9361754,0.33405173,21.511112
3.0297437,3.7369285,0.8955413,0.7071848,23.341406
3.1886194,4.4488754,0.903796,1.260256,39.523563
5.9163885,5.4561815,1.4314952,0.460207,7.778512
0.68545425,0.9624643,1.2383565,0.27701002,40.41262
0.5780955,0.27130973,0.93020546,0.30678576,53.06835
9.579664,9.981058,0.97349757,0.4013939,4.190062
23.617308,15.126796,0.88013566,8.490512,35.950382
1.1705226,2.8074484,0.86423707,1.6369258,139.84573
1.3668057,1.5668085,0.90603274,0.20000279,14.632862
13.440923,7.761052,1.5761724,5.6798706,42.25804
0.74888587,0.29933584,0.8716937,0.44955003,60.029175
5.649099,8.537441,0.915983,2.8883424,51.129257
0.28161976,1.151227,1.658085,0.8696072,308.78772
22.906933,23.818834,1.5859138,0.9119015,3.9808974
1.876093,5.118259,0.9301143,3.242166,172.81479
0.21731116,0.8666736,1.7203542,0.64936244,298.81686
15.47685,20.370424,1.0064042,4.8935747,31.618675
25.303457,27.132734,0.9962262,1.829277,7.2293563
1.1740899,3.8854058,0.92061263,2.7113159,230.92915
0.7040481,1.6780231,0.8650858,0.973975,138.33926
12.622908,11.034155,0.9998824,1.5887527,12.5862665
21.081656,26.5939,0.9627233,5.512245,26.147116
4.9747324,6.541794,0.8947693,1.5670614,31.500418
0.85437274,1.9611497,1.9164536,1.106777,129.54263
0.94917446,1.9216046,1.5377233,0.97243017,102.4501
9.785556,7.8953056,0.87784785,1.8902502,19.316738
2.4451244,1.245075,1.0023507,1.2000494,49.07928
3.8887627,4.8279,0.89213735,0.9391372,24.150026
0.500623,1.3929902,1.2890733,0.89236724,178.25136
19.132193,24.015432,0.9172535,4.8832397,25.52368
1.0684398,1.5927062,1.6377287,0.52426636,49.0684
1.266291,2.1739016,0.9886905,0.90761054,71.67472
10.310798,12.4737625,0.9885064,2.1629648,20.977667
1.2784163,1.9180931,0.88813925,0.6396768,50.03666
0.2046806,0.617094,0.9705465,0.41241336,201.49118
21.532265,27.012798,0.9994024,5.4805336,25.452658
3.4097798,5.751977,0.9353773,2.3421972,68.69057
0.6545771,0.81199354,0.9404105,0.15741646,24.048574
2.9392884,3.6564589,0.89727354,0.7171705,24.39946
2.246259,2.9488997,0.8680356,0.7026408,31.280487
1.4346006,1.3844594,0.8899501,0.050141215,3.495134
2.7953782,2.349827,1.642585,0.44555116,15.93885
0.70240325,0.024814367,0.8848992,0.6775889,96.46722
4.4164658,5.332382,0.8896249,0.91591644,20.738674
1.670272,2.2189462,1.668691,0.5486742,32.849396
22.034317,24.923597,0.94143647,2.8892803,13.112638
1.2579628,0.85845417,1.5500691,0.39950866,31.758385
11.960214,12.733749,1.6227767,0.7735357,6.4675746
0.941542,1.9559104,0.9445969,1.0143684,107.7348
1.5910878,1.2905998,0.90379536,0.300488,18.885695
0.49641716,2.2157502,0.91794753,1.719333,346.34842
1.8665816,2.3407676,0.86455524,0.47418606,25.403982
0.5653212,0.052791953,1.184845,0.51252925,90.6616
5.109442,6.4673023,0.92880905,1.3578601,26.575506
5.023188,1.6565251,1.1558372,3.366663,67.02243
0.60405123,1.8977484,1.6013932,1.2936971,214.17009
1.4195191,1.1563296,1.2833177,0.26318944,18.540747
0.69040525,1.7307746,0.87672585,1.0403694,150.68967
13.163119,16.410542,1.0053264,3.2474222,24.670612
10.54928,10.402556,1.1840469,0.14672375,1.3908414
0.5815284,1.2584469,1.9155872,0.6769185,116.403336
5.8617425,9.645008,0.88347924,3.7832656,64.54166
2.647958,1.7532642,1.220009,0.89469385,33.788067
0.34357435,1.6149347,0.99269027,1.2713604,370.0394
0.5428044,1.42702,1.6226223,0.88421553,162.89763
5.4392576,8.877363,0.89699423,3.4381056,63.209095
0.10743839,0.4577756,1.5780529,0.3503372,326.08197
5.6349583,9.058896,0.9243526,3.4239378,60.762432
44.54442,42.66191,1.4914744,1.8825073,4.2261353
1.4529876,2.3535523,1.4778131,0.9005648,61.980213
4.1468153,2.8308432,0.9187026,1.3159721,31.734526
6.8895435,10.294167,0.9585243,3.404623,49.41725
1.2773448,3.2650385,1.5136201,1.9876937,155.61136
0.46893394,1.1935952,1.9199957,0.72466123,154.53377
0.83712244,0.31125772,1.0320032,0.5258647,62.81814
0.75745493,1.3355004,1.9209628,0.5780454,76.31417
1.2755613,1.4014783,0.9706571,0.12591696,9.871493
0.24373238,0.74050045,1.3001038,0.49676806,203.81702
0.94794565,1.0800622,1.419995,0.1321165,13.937139
2.421349,4.844182,0.9414662,2.422833,100.06129
38.79915,40.5946,0.9167945,1.7954521,4.6275554
0.15466113,0.4374143,1.3500818,0.28275317,182.82109
0.8478201,0.6499048,1.3119749,0.19791532,23.34402
1.001629,1.2602797,0.98310876,0.25865066,25.823002
0.5901871,1.3093635,0.8937183,0.7191764,121.85567
0.76883686,1.546545,1.2587898,0.7777082,101.15387
0.6538552,0.90201044,0.9584857,0.24815524,37.95263
16.505722,23.439089,0.8605369,6.933367,42.005836
13.347764,14.413614,0.96756196,1.0658503,7.9852343
6.8703127,9.967119,1.819482,3.0968065,45.07519
0.57555366,1.3830621,1.3578159,0.80750847,140.30116
0.96090513,3.3899815,0.88029224,2.4290764,252.79045
4.220646,3.9939148,0.8989424,0.22673106,5.371952
13.110557,14.992947,1.1155592,1.88239,14.357819
9.887979,5.579274,0.90008307,4.3087044,43.575176
0.4879454,0.15473199,1.2262415,0.33321342,68.28908
0.6500918,0.5908289,1.0776477,0.05926293,9.116087
0.8341062,0.7079538,1.2582204,0.1261524,15.124261
1.2386024,1.5557438,0.8557788,0.3171414,25.60478
1.4589151,0.8642489,1.136834,0.59466624,40.760853
7.7191696,4.927367,1.602836,2.7918024,36.167133
2.06795,1.3565252,1.111048,0.7114248,34.40242
4.036314,7.20084,0.8806709,3.164526,78.40138
10.222527,15.11775,0.9185168,4.8952236,47.88663
29.730675,27.63422,0.9941702,2.0964546,7.051487
0.98624384,0.3824888,1.8771738,0.60375506,61.21763
5.489162,3.5183303,0.87110054,1.9708316,35.904053
7.8082747,9.694664,0.91360664,1.8863893,24.15885
0.63058776,0.82412654,0.97401655,0.19353878,30.691807
0.77433366,0.7064472,1.2941704,0.06788647,8.767082
16.874752,10.986254,0.93013895,5.8884983,34.895317
11.584696,12.934344,1.581849,1.3496485,11.65027
9.765196,6.9584026,0.96166956,2.8067932,28.742826
42.890636,27.91762,1.2167299,14.973017,34.909756
0.794296,0.8961795,0.87691516,0.10188347,12.826889
0.5616924,0.24058568,1.7032207,0.32110673,57.167713
1.3292288,0.0,1.0137944,1.3292288,100.00001
3.0053704,3.3155918,1.5830718,0.31022143,10.322237
33.602173,37.269146,1.0182172,3.666973,10.912905
7.7380514,11.159323,0.9852055,3.4212713,44.213604
0.5261374,0.0,1.7077538,0.5261374,100.0
1.6117289,1.6928465,0.913129,0.08111763,5.0329576
2.8236666,2.0560148,1.2811979,0.7676518,27.186348
0.5312943,1.1599977,1.5065323,0.6287034,118.33431
0.8525225,1.682792,0.8477396,0.83026946,97.38974
2.587911,2.7004826,1.1884271,0.11257172,4.349907
0.89590234,3.266281,0.9982464,2.3703785,264.58002
0.5918987,1.1460829,0.8809635,0.5541842,93.62822
0.54531294,0.44509178,0.8765313,0.10022116,18.37865
15.782016,11.7662735,0.8855324,4.0157423,25.445053
38.417187,31.73846,1.3104931,6.678726,17.384735
1.3648999,0.0,0.87331194,1.3648999,100.0
0.5028301,0.5342301,1.3883634,0.031400025,6.244659
5.902181,9.126609,0.88866323,3.2244277,54.631123
8.257784,9.263444,0.93861264,1.00566,12.178329
1.390178,1.8522701,0.9036438,0.46209216,33.239784
21.959015,14.587118,0.8862971,7.3718967,33.571163
1.3693609,2.4250455,0.90569043,1.0556846,77.09323
1.2463856,1.3556283,1.7020041,0.10924268,8.764758
2.726624,1.6849706,0.8823922,1.0416534,38.203045
5.219535,5.8388386,1.0146885,0.6193037,11.865113
24.49283,13.181129,0.88714623,11.311701,46.18372
6.822557,3.6645515,1.6455201,3.1580055,46.28771
2.5415475,1.225932,1.2663348,1.3156155,51.76435
1.3660506,2.397952,1.4271885,1.0319015,75.53904
0.8975533,1.9435285,1.2502662,1.0459752,116.53627
1.0473799,0.19118488,0.84674746,0.856195,81.74637
0.7660995,0.82027066,1.0617031,0.054171145,7.071032
1.6526291,0.0,1.0168555,1.6526291,100.0
6.2089376,8.0998955,0.95335954,1.8909578,30.455416
1.2632968,1.4302201,1.862669,0.16692328,13.213307
1.5215245,0.9094035,1.4752995,0.61212105,40.23077
1.4927118,2.0781088,0.92621195,0.585397,39.217014
2.603555,2.7132368,1.7477176,0.109681845,4.2127724
1.7696245,5.978553,0.8654758,4.208928,237.84302
2.4953187,5.5026503,0.9272289,3.0073316,120.518936
1.2600982,1.0175711,1.0685678,0.24252713,19.246683
3.0124376,2.5120883,0.8709842,0.5003493,16.60945
0.74366975,1.0141788,0.85717165,0.270509,36.37488
1.6660162,0.971326,1.2532605,0.6946902,41.69769
1.3165047,1.8303154,1.5482777,0.51381063,39.028393
8.823088,14.186515,0.95041376,5.363427,60.78855
7.5858107,9.5084505,1.1094785,1.9226398,25.345211
48.777916,45.847813,1.0247025,2.9301033,6.007028
0.7691445,0.537634,0.9133531,0.23151046,30.099737
0.5750099,1.0308144,1.6395924,0.45580453,79.26899
19.711512,23.79137,1.1311926,4.079859,20.697847
1.1791413,0.6693341,1.4682419,0.50980717,43.235462
0.63601655,0.0,1.7771523,0.63601655,100.0
20.71254,26.159298,0.9720932,5.4467583,26.296913
1.280145,0.9980652,1.3952355,0.28207988,22.034992
1.3495729,1.5843349,0.86887896,0.23476195,17.395279
15.455069,12.547472,0.9599321,2.9075966,18.813223
0.6300402,1.1063695,0.89698815,0.47632927,75.60299
11.882294,12.777779,1.6617749,0.8954849,7.536297
29.01691,28.910797,1.0943254,0.106113434,0.36569515
0.60305595,0.0,0.9353551,0.60305595,100.0
18.574837,15.749439,0.93030876,2.8253975,15.210887
2.2147355,2.6329455,1.7743295,0.41821003,18.883068
2.087637,1.7674563,1.890681,0.32018065,15.336989
5.7929482,9.869415,0.9100034,4.076467,70.36947
7.4336143,7.716486,1.4966501,0.28287172,3.8053055
12.344405,9.693609,1.5540203,2.650796,21.473663
0.4941904,0.36185837,1.3406804,0.13233203,26.77754
3.228348,2.2859633,0.8825387,0.9423847,29.190928
0.8108818,1.1533835,0.86779565,0.3425017,42.238182
1.2582501,1.3055006,1.4686884,0.04725051,3.7552557
7.5663543,14.334553,1.0204586,6.7681985,89.45125
0.6642468,1.738702,0.9140686,1.0744553,161.75543
8.710576,9.844318,1.6591617,1.1337423,13.015699
0.89280367,0.67682076,1.722705,0.21598291,24.191536
1.3490502,1.3836552,1.920744,0.034605026,2.56514
0.765801,0.23083651,1.8237851,0.5349645,69.85685
0.8356971,0.50152266,1.4979457,0.33417445,39.98751
1.8180321,2.9539747,1.0131862,1.1359426,62.481987
0.62388486,1.7861514,1.0199233,1.1622665,186.29503
1.2365863,3.0953124,0.9369344,1.858726,150.31107
2.7693107,1.4012372,0.88631284,1.3680735,49.401226
7.1726747,10.450973,0.9256487,3.278298,45.70538
1.2741597,1.3489916,1.4031255,0.07483196,5.8730445
0.6104275,2.9389052,1.0756631,2.3284779,381.45035
0.7088368,1.2158818,1.1679025,0.50704503,71.53198
0.7776977,1.9381118,1.0275682,1.1604141,149.21147
1.7167987,2.842726,0.9511391,1.1259273,65.58296
0.6960463,0.6990353,1.3081595,0.0029889941,0.4294246
2.3604627,3.3740613,0.9282295,1.0135987,42.940678
1.4884925,2.9097104,0.8831123,1.4212179,95.480354
1.2092584,2.017955,1.4508063,0.8086966,66.87541
0.46092206,0.6015722,1.7147398,0.14065015,30.514954
2.741753,3.9780617,0.8896177,1.2363086,45.0919
5.2364655,4.7564487,0.8946102,0.4800167,9.166807
0.31187633,0.43676805,0.9916903,0.12489173,40.045273
3.017422,4.7711596,0.9064083,1.7537377,58.1204
0.25266662,0.35727513,0.9877989,0.104608506,41.40179
1.1359112,1.6418633,1.2339826,0.5059521,44.54152
1.1879882,0.55809546,0.8668023,0.6298927,53.021797
1.2404282,0.8763348,1.8822584,0.36409342,29.352238
0.6752623,0.38827384,0.87772214,0.28698844,42.50029
2.2539918,1.9790994,1.3067194,0.27489245,12.195805
0.8988286,1.6881353,0.8826266,0.78930664,87.81503
1.1893262,1.7647207,0.88983756,0.5753945,48.379875
13.949774,15.090769,1.2079632,1.140995,8.179309
7.1175194,6.7345123,0.9191333,0.38300705,5.3811874
1.8689616,1.309129,1.0449469,0.5598326,29.954205
0.5484697,0.73886484,0.87981635,0.19039512,34.713882
0.58556265,1.8282725,0.9804969,1.2427099,212.22493
10.336142,3.9407601,0.8822557,6.3953815,61.873974
4.1632524,5.7470684,0.88008636,1.583816,38.04276
3.1975703,3.7473788,1.0832914,0.5498085,17.19457
24.919352,23.153093,0.88630706,1.7662582,7.0878983
0.73802143,0.61401737,1.1771986,0.124004066,16.80223
23.467146,28.809677,0.9589613,5.342531,22.766003
0.6191418,0.30580187,1.2556127,0.31333995,50.608753
1.2164108,1.1178635,1.145305,0.09854722,8.101476
30.473951,29.35712,1.0268332,1.1168308,3.6648705
0.98989236,1.3862965,0.8872251,0.39640415,40.045177
7.0918884,11.726471,1.0429206,4.6345825,65.35047
22.02344,17.002184,0.8799387,5.0212555,22.799597
1.0723643,1.3176961,1.1279734,0.24533176,22.877651
0.22167139,0.38901138,1.1965114,0.16734,75.49012
1.1741782,1.8188722,1.2693995,0.644694,54.90597
6.3367867,9.511544,0.8936333,3.1747575,50.10043
1.6853642,2.968464,1.0527204,1.2830997,76.13189
0.8432626,1.6681092,0.9877182,0.82484657,97.81609
1.1508448,1.5166824,0.9699099,0.36583757,31.788609
5.0869646,4.0259495,0.8709956,1.0610151,20.85753
9.359889,11.462699,0.89178395,2.10281,22.466185
32.69628,26.245237,0.99183184,6.451044,19.730207
2.2847378,8.551944,0.9164089,6.267206,274.30746
0.09079005,0.8571033,1.7718961,0.76631325,844.0498
3.3801866,5.3895893,1.5802168,2.0094028,59.446507
35.31826,4.053897,0.86297786,31.264362,88.52181
0.9226291,1.5102775,0.8475667,0.5876484,63.692806
7.8368526,6.6913404,1.3955884,1.1455121,14.616992
0.6788967,1.0036187,1.4727448,0.324722,47.830837
0.5173618,1.1322076,0.8656274,0.6148458,118.842514
3.9179232,4.9464407,1.5792636,1.0285175,26.251598
1.6472032,2.576158,0.87681615,0.92895484,56.395885
0.9367703,2.7610488,0.9142038,1.8242785,194.74127
1.5053512,0.4234792,1.1871287,1.081872,71.86841
1.5794439,5.4062357,0.9868527,3.8267918,242.28728
0.5103893,0.7334603,1.2890998,0.22307098,43.706043
1.5935916,2.1127894,0.8837689,0.5191978,32.580357
1.031773,1.0429692,1.1383921,0.011196256,1.0851473
1.0742127,0.0,1.8108141,1.0742127,100.0
0.8213538,0.71068776,0.89222515,0.11066604,13.473614
0.60679644,1.3217338,1.5348021,0.7149374,117.82162
0.124682136,0.5982,1.5268067,0.4735179,379.7801
1.2175286,0.90874356,0.87219286,0.30878502,25.361624
7.044377,4.209985,0.8766996,2.834392,40.236237
0.94981396,2.836308,0.9739908,1.886494,198.6172
6.5404997,8.045442,0.9695496,1.5049419,23.009588
1.948114,1.6259582,0.9199511,0.32215583,16.536806
0.49259764,0.0,0.9320151,0.49259764,100.0
0.5492423,1.8079693,0.93299156,1.2587271,229.17519
0.6025734,0.2633456,0.89479035,0.3392278,56.29651
0.5125347,1.289014,1.9197822,0.7764793,151.49791
18.374874,20.1243,1.4532523,1.7494259,9.520751
1.1225165,0.4734016,1.4392273,0.6491149,57.82676
1.2590057,1.4052024,0.9503339,0.14619672,11.612079
7.561513,6.7225037,0.86390966,0.8390093,11.095785
2.1050863,0.8277935,1.0542438,1.2772928,60.676506
0.28828883,0.04465747,1.0665542,0.24363136,84.50947
1.1119381,1.569982,0.99639416,0.45804393,41.193295
1.9776918,1.1165742,1.8181415,0.8611176,43.54155
6.310166,3.740566,1.2105905,2.5695999,40.721592
1.2474571,1.2271842,1.271294,0.02027297,1.6251436
0.41668847,0.68555486,1.4408283,0.2688664,64.52456
0.5884686,2.4197822,0.9021891,1.8313136,311.1999
2.378833,2.2519841,0.86150545,0.12684894,5.3324018
0.5991162,1.3242633,0.997405,0.7251471,121.03613
0.52437776,1.4782282,1.00855,0.95385045,181.9014
4.0909014,2.8650138,1.7781507,1.2258875,29.966196
1.0482666,0.16214669,0.8504701,0.88611996,84.53193
15.448125,18.130636,1.0757328,2.6825113,17.36464
10.577097,11.165873,0.99809027,0.58877563,5.5665145
3.0761614,4.508231,0.8831354,1.4320698,46.55379
3.604261,5.043209,0.87294114,1.4389482,39.92353
33.72214,38.162136,0.9523169,4.439995,13.166409
1.6318009,3.777859,1.8117105,2.146058,131.5147
6.473531,7.871171,0.9121618,1.3976402,21.590076
0.9762126,1.5574799,0.90938836,0.58126724,59.5431
0.75865316,1.8852973,1.2269001,1.1266441,148.50583
2.0194533,2.3998876,1.0390021,0.38043427,18.838478
15.449314,20.118063,0.9260629,4.668749,30.21978
27.898,32.82243,0.9973968,4.924429,17.651548
5.7775345,4.191632,0.92948455,1.5859027,27.449472
11.022412,14.120726,0.9184928,3.0983133,28.109213
5.726406,6.2909937,0.94476306,0.5645876,9.85937
1.0009513,0.6155479,1.0838664,0.3854034,38.50371
1.8430346,3.7957947,1.8107605,1.9527601,105.95353
44.243805,35.680737,1.1920696,8.563068,19.354277
0.61610657,1.4786516,0.8782477,0.8625451,139.99933
0.8129114,1.5131986,1.554666,0.7002872,86.145584
3.9586163,3.3054245,1.3727258,0.6531918,16.50051
1.0284907,0.22296274,1.0953428,0.8055279,78.321365
0.55702436,1.8328692,0.8782297,1.2758448,229.0465
5.5452642,7.4859715,0.91142523,1.9407072,34.997562
1.5231068,0.9275062,0.8637078,0.5956006,39.10432
0.7244354,1.5398285,0.90111315,0.81539315,112.55567
31.527857,30.157936,1.1350102,1.3699207,4.345112
6.089726,2.5824687,1.5197164,3.5072572,57.59302
17.194584,19.678734,1.1804545,2.48415,14.447282
2.4315622,3.3625374,0.9704902,0.9309752,38.28712
21.85831,22.86169,1.8178644,1.0033798,4.590381
6.0846953,6.1162024,0.90229255,0.031507015,0.5178076
0.9149765,1.1408592,0.9076759,0.22588277,24.687275
0.7750623,1.9981638,1.5545292,1.2231015,157.80685
0.86480093,1.1177394,1.0243189,0.2529385,29.248177
2.861672,2.145192,1.6063946,0.71648,25.037113
1.4757862,1.054662,0.90290034,0.42112422,28.535585
4.511121,6.2692404,0.9737668,1.7581196,38.973007
6.8524337,2.9369538,1.9157882,3.91548,57.13999
1.1646949,2.5182266,0.906347,1.3535317,116.21341
1.1596428,1.4474075,1.38108,0.28776467,24.81494
22.047743,25.690588,0.99681246,3.6428452,16.522532
0.5115827,0.028481245,0.9712625,0.48310143,94.43272
0.7422814,1.0864134,1.2323138,0.344132,46.361397
0.9508336,1.44595,0.96039444,0.4951164,52.071827
5.349755,8.226658,0.90817153,2.876903,53.776356
1.0068418,1.7140207,0.9466229,0.70717895,70.23735
0.83615106,1.0477519,1.8987973,0.21160084,25.306532
39.49055,28.720863,1.0334008,10.769688,27.271555
0.59093285,1.5141873,0.91038144,0.9232545,156.23679
3.3131535,4.1472692,0.86780524,0.83411574,25.175886
38.475487,42.51447,0.98261726,4.0389824,10.497547
3.2655196,3.6300855,0.89489436,0.36456585,11.164099
2.5817275,3.2127955,0.8947685,0.631068,24.443634
1.2684901,0.0,0.8673509,1.2684901,100.0
2.3276753,2.3710122,1.7853845,0.04333687,1.861809
5.601705,7.8930464,0.8771038,2.2913413,40.904354
2.3293846,2.3464072,0.9344358,0.01702261,0.73077714
19.583035,10.347311,0.92505544,9.2357235,47.16186
10.291287,11.744749,1.7534243,1.4534616,14.123224
1.6157063,0.9676391,0.9433398,0.64806724,40.110462
18.370651,21.683586,1.506742,3.3129349,18.033846
0.8243418,1.6833661,1.5925635,0.8590243,104.2073
0.89007294,1.1826674,1.1567969,0.29259443,32.873085
7.2070856,15.445538,0.89486295,8.238452,114.310455
5.53938,6.3982544,1.0768784,0.8588743,15.504882
20.85737,22.071804,0.9923424,1.2144337,5.8225636
0.8975603,1.6450187,1.4913445,0.7474584,83.27668
0.927865,0.62171793,0.9137899,0.3061471,32.99479
0.52201545,0.94922495,1.3670934,0.4272095,81.83848
1.5326152,1.9036938,0.8751258,0.3710786,24.212118
0.67841434,2.2601814,0.87328506,1.5817671,233.1565
0.7074501,1.471901,1.573391,0.76445097,108.057236
6.108793,5.750967,1.4479574,0.35782576,5.857553
4.890883,4.8721905,1.428935,0.018692493,0.38219056
2.7839146,2.0411272,1.4342897,0.74278736,26.681398
1.7662673,2.4640143,1.4189316,0.697747,39.50404
0.4043507,0.3325473,1.8351107,0.07180339,17.757702
0.7044055,1.1105108,0.8853317,0.40610534,57.652214
2.480443,1.4678562,1.2915581,1.0125868,40.822823
0.6439168,1.379475,0.9514742,0.7355582,114.23188
1.0956435,1.2301913,0.86412627,0.13454783,12.280255
1.3519454,0.4587826,1.4230571,0.8931628,66.065
0.63967246,0.82195747,1.4235773,0.18228501,28.496616
4.821872,4.2313175,1.7847143,0.5905547,12.247416
1.9064145,1.6439655,1.2482289,0.26244903,13.76663
5.188177,4.299242,1.4523641,0.8889351,17.133862
0.5604936,0.95413685,1.0745484,0.39364326,70.23154
42.647408,41.4044,1.0615895,1.2430077,2.914615
1.6986295,0.18425488,1.2170376,1.5143746,89.152725
2.0699203,2.9990072,0.91725534,0.9290869,44.885155
1.3295368,1.4757681,1.1422895,0.1462313,10.998664
29.970526,33.771423,1.1758081,3.8008976,12.682118
0.7131579,0.0,0.8807723,0.7131579,100.0
2.9593942,2.0440998,1.587358,0.9152944,30.928438
0.50160635,2.1542454,1.595446,1.652639,329.46933
3.0607548,2.811379,1.3827884,0.24937582,8.147527
13.84223,22.224709,0.9553626,8.382479,60.557285
0.28755838,0.9732262,1.4995902,0.6856678,238.44473
4.385175,3.471552,1.5286909,0.91362333,20.834364
13.649433,17.018425,0.9184261,3.3689919,24.682283
0.19215274,0.6588862,0.9521206,0.46673346,242.89713
6.1315007,5.0816174,0.9162883,1.0498834,17.12278
10.74255,12.369752,1.6851696,1.627202,15.147261
0.8590477,0.8080865,0.89242727,0.050961196,5.9322896
2.0667922,2.004749,1.2967128,0.06204319,3.0019073
4.821867,5.32114,0.8951938,0.49927282,10.354347
1.877558,2.1320314,0.89143944,0.25447345,13.553428
1.828297,1.4488398,1.1162888,0.37945724,20.754683
12.000188,11.963119,0.9264504,0.03706932,0.30890617
0.4869943,0.68815386,0.9667532,0.20115957,41.30635
0.54857254,1.3326336,1.3505768,0.7840611,142.9275
0.6606745,2.8131435,0.9188439,2.152469,325.79868
3.7209826,3.6437266,1.5827285,0.077255964,2.0762248
1.7659649,2.241286,0.90628016,0.47532117,26.915663
1.0111475,1.1665442,0.8852728,0.1553967,15.368351
20.769083,23.276283,0.99635947,2.5072002,12.071791
2.819609,2.3168786,0.88611877,0.50273037,17.82979
1.1226419,0.7882616,0.87522185,0.33438033,29.78513
0.74636567,1.409195,0.9649971,0.6628293,88.80758
0.8489778,1.0684835,0.93755144,0.21950567,25.85529
0.54787403,0.9077325,0.8610757,0.35985845,65.68269
1.0186292,0.9961004,1.2679842,0.022528768,2.211675
1.3134898,2.0617838,0.8690053,0.748294,56.969913
0.7498174,0.48676896,1.0480782,0.2630484,35.08166
36.70409,15.293306,1.4911762,21.410784,58.333508
0.5277265,2.2020416,1.620669,1.6743152,317.2695
9.922084,15.684288,0.8886815,5.762204,58.074535
0.5399666,0.42255187,1.1833125,0.11741471,21.74481
6.0552707,8.831293,0.9081179,2.7760224,45.844727
0.7922737,0.23667538,0.86003274,0.5555983,70.12707
16.239992,10.694786,0.88572204,5.545206,34.145374
3.05605,3.0051003,1.3276744,0.050949812,1.6671786
1.5303785,0.94123936,0.8767739,0.5891391,38.4963
3.934819,4.449452,1.3553027,0.51463294,13.078949
11.799107,12.418944,1.5725144,0.61983776,5.25326
0.7179181,1.2908387,1.5504382,0.5729206,79.80306
0.98245525,0.9342325,0.85905164,0.04822278,4.9083943
1.2972715,1.9966333,1.7155215,0.6993618,53.91021
1.4859039,0.5717741,1.1930503,0.91412973,61.52011
2.64079,3.73431,0.9020025,1.0935199,41.408817
0.49107957,0.35502827,1.8189405,0.1360513,27.70453
0.9396313,1.4788823,0.88357747,0.539251,57.38964
0.13345039,0.6141434,1.3011954,0.48069298,360.2035
2.982914,4.140996,0.90393806,1.158082,38.82385
0.7236121,0.9137012,1.1152779,0.19008905,26.269468
12.163311,7.257758,0.8848079,4.905553,40.330738
12.483393,17.288729,0.88094133,4.805336,38.49383
20.980694,23.503658,0.92092246,2.5229645,12.025172
0.5189409,0.8307723,0.98781705,0.31183136,60.089954
1.1951516,1.3580503,1.45411,0.16289878,13.629969
15.943615,19.622473,1.0883006,3.6788578,23.074175
4.668473,3.786361,1.2289252,0.8821118,18.895082
0.80582094,1.2189636,1.3219489,0.41314268,51.26979
3.83235,4.095624,1.1902099,0.26327395,6.8697786
41.331715,25.38965,0.9584341,15.942064,38.571022
5.176485,9.105831,0.89875585,3.929346,75.90761
3.8203332,3.3370886,1.0341419,0.48324466,12.649281
15.495144,16.439875,1.5507128,0.94473076,6.096947
1.2692187,0.33807135,0.86182106,0.93114734,73.36382
0.56862134,0.3845424,1.4345068,0.18407893,32.372852
2.6613908,1.4022012,1.1715386,1.2591896,47.313217
1.2775037,0.7064824,1.8799598,0.5710213,44.69821
1.7887172,0.9223611,1.2755882,0.8663561,48.43449
3.1327999,3.6727598,0.9980928,0.5399599,17.235697
0.786806,0.4465499,0.948544,0.3402561,43.24523
6.6644816,6.635132,0.8662092,0.029349804,0.4403914
7.0352936,6.0830383,1.3600379,0.95225525,13.535401
26.247812,29.433897,1.0578321,3.1860847,12.138476
1.0067806,3.2237835,1.6024652,2.2170029,220.20714
1.0252639,1.576931,1.7714642,0.5516671,53.807327
0.25988078,0.4119599,1.0694909,0.1520791,58.518795
0.76703876,0.56505966,1.8743829,0.2019791,26.33232
0.8992804,2.5996766,0.8716181,1.7003962,189.08408
1.8767382,1.5080978,0.8955855,0.36864042,19.642614
4.831045,2.9963965,0.9855302,1.8346486,37.976227
6.5835934,6.6327677,1.66143,0.04917431,0.746922
7.5359764,8.725466,1.7946671,1.1894894,15.784144
1.2303408,2.1138766,1.5486505,0.88353574,71.81228
4.6312647,5.585699,0.87001574,0.9544344,20.608503
1.3242432,1.0982879,1.8198835,0.22595525,17.062971
3.6529145,5.6852407,0.90335894,2.0323262,55.635746
12.579766,16.087126,0.94978243,3.5073595,27.88096
4.789525,6.7242613,1.3508288,1.9347363,40.39516
1.1762568,1.7892421,1.0786284,0.6129854,52.113228
9.081516,14.135343,0.9550361,5.0538263,55.649586
0.45690897,1.0359454,0.97145593,0.5790365,126.729065
0.92510545,1.6111658,1.027141,0.6860603,74.16023
0.5663588,0.37250173,0.96309245,0.19385707,34.22867
4.4010687,4.6178837,0.9023956,0.216815,4.926417
0.28164738,0.90347445,1.4322395,0.62182707,220.78212
6.2359376,7.351963,1.5742043,1.1160254,17.896675
4.6548347,3.994797,1.0519835,0.66003776,14.179618
0.5894365,0.8505302,1.3525589,0.26109374,44.295483
3.2344136,4.552436,0.8821755,1.3180223,40.74996
5.7255783,7.1017923,0.8866974,1.376214,24.036243
0.77274406,0.7733927,0.9968169,0.00064861774,0.083936945
1.6166055,2.3450844,1.6082227,0.7284789,45.062256
1.3275318,8.517321,0.9591582,7.189789,541.5907
3.941889,5.1387634,0.8973721,1.1968744,30.362965
0.5156321,0.99752027,1.6753434,0.48188818,93.45581
6.260482,4.572878,1.5224781,1.687604,26.956453
6.5339985,6.0078325,0.9360939,0.52616596,8.052741
22.407553,23.876503,1.0113739,1.4689503,6.555603
1.5077714,1.6993432,0.8876986,0.19157183,12.705628
3.1756213,2.1765144,1.9146404,0.9991069,31.461777
1.6290135,1.2837416,1.3594681,0.34527194,21.195156
4.7258534,7.390707,0.95961905,2.6648536,56.388832
5.2071347,6.881234,1.281014,1.6740994,32.15011
0.9921004,1.445909,1.9209993,0.4538086,45.742203
2.7315383,5.4665194,0.93312097,2.734981,100.12604
0.5114584,0.9625807,0.87718713,0.45112228,88.203125
31.298038,34.41632,0.94322,3.1182823,9.963188
1.2583048,2.1916678,1.4675897,0.93336296,74.176216
2.0825937,1.728442,0.8838296,0.35415173,17.00532
2.082881,2.139762,0.976108,0.05688095,2.7308786
4.0402913,3.6700017,0.90071464,0.37028956,9.164923
2.3420663,2.632413,0.8833315,0.29034662,12.397028
1.264494,1.7174705,0.86936617,0.45297658,35.822754
9.301729,12.387361,0.92848414,3.0856314,33.172665
43.968033,39.048405,1.2257895,4.919628,11.189102
2.092928,3.74084,0.9106353,1.647912,78.73716
1.4360076,1.1405572,1.9080822,0.29545045,20.574434
0.7375613,1.1401049,0.88578826,0.4025436,54.57765
7.1730037,8.624727,0.9415008,1.4517236,20.238712
0.64549977,1.4346151,0.9078377,0.78911537,122.24875
6.9182715,8.27237,0.89432836,1.3540988,19.57279
5.8028665,4.4365625,0.90070325,1.3663039,23.545326
0.77978677,1.5519845,0.952421,0.7721978,99.02679
3.1045632,2.350011,1.2021337,0.7545521,24.304615
2.4416387,2.4246078,1.8185254,0.017030954,0.69752145
37.907505,16.823578,1.5464051,21.083927,55.619404
1.5212498,2.8974757,0.88302684,1.376226,90.4668
1.4699664,2.9816716,1.4790747,1.5117052,102.83944
3.8506942,4.441188,1.655855,0.5904937,15.334734
1.5900567,2.3037868,0.8789493,0.7137301,44.887085
2.4034123,3.1627076,1.8454188,0.7592952,31.592382
13.866374,15.204908,1.6895288,1.3385344,9.653096
3.0994678,3.6389832,1.4610721,0.5395155,17.406713
19.6772,5.9111557,0.8874805,13.766045,69.959366
2.512931,3.3675542,0.946708,0.8546231,34.009014
8.210364,10.316277,1.0019848,2.1059122,25.649437
3.2830842,1.6563494,0.8624333,1.6267347,49.54898
11.4806595,11.231645,0.94069,0.24901485,2.1689944
25.277678,29.329824,0.98290473,4.052147,16.030535
16.08096,11.744881,1.8751427,4.3360786,26.964054
0.85877126,1.3545104,0.96515214,0.49573916,57.726566
1.890987,2.504991,0.9016279,0.614004,32.470028
0.6256953,1.074923,0.93097675,0.44922775,71.79657
1.1753606,1.3889799,0.9618389,0.21361935,18.174793
0.3988307,1.181101,1.1575851,0.78227025,196.14093
4.591372,6.290097,0.9079845,1.6987252,36.998207
0.729882,1.0037544,1.2072512,0.27387238,37.522827
21.306658,22.974548,1.2027981,1.6678905,7.828026
1.4926839,1.2632872,0.896373,0.2293967,15.36807
1.3557574,0.6780827,0.86052024,0.67767465,49.98495
0.8348012,1.395932,1.9204904,0.56113076,67.21729
1.9585127,0.86527276,0.8678091,1.0932399,55.819904
1.4424845,0.42954254,1.2311128,1.012942,70.22204
0.84795165,1.0986614,0.8606185,0.25070977,29.566517
2.222315,1.9653463,1.8424116,0.25696874,11.563109
0.5537341,1.9517814,1.6226459,1.3980472,252.47626
0.70041525,0.7103703,1.2347908,0.009955049,1.4213066
1.5578569,1.6166556,0.8624771,0.05879867,3.7743306
3.3464975,3.5563216,1.2242572,0.20982409,6.269961
0.882445,0.93667626,1.0425051,0.054231286,6.145571
0.5089641,0.17444861,1.2253494,0.3345155,65.72477
0.33230108,1.117612,1.6269327,0.7853109,236.3251
1.6144831,1.4293585,0.969298,0.18512464,11.466495
6.6457686,4.4849453,0.8994857,2.1608233,32.514275
0.6451335,0.70869184,1.1996895,0.06355834,9.851967
5.7253547,7.0043516,1.7339089,1.278997,22.339174
1.1217495,0.43381268,1.1868563,0.68793684,61.327137
31.616835,35.65766,0.9501364,4.040827,12.780618
6.4131064,4.3227625,0.9191454,2.090344,32.594875
0.8511775,0.0,0.8742282,0.8511775,100.0
1.3684258,2.1728733,0.85713077,0.8044474,58.786335
1.1790224,1.9327146,0.8944487,0.75369215,63.925175
0.4454371,0.8266599,0.9869639,0.3812228,85.58398
0.6483119,2.229942,1.0579337,1.5816302,243.96132
16.937336,18.473494,0.9182532,1.5361576,9.069653
0.4265366,1.1696304,1.1322316,0.74309385,174.21574
28.00397,24.955233,0.9120944,3.0487366,10.886802
1.1148103,0.85401654,1.3567022,0.2607938,23.393559
0.5864736,0.92607427,0.9682625,0.33960068,57.905537
1.0944662,2.2074459,1.386109,1.1129797,101.69155
0.5082734,0.6022095,1.6535877,0.093936086,18.481407
22.413507,24.713058,0.98523295,2.299551,10.259666
0.6101651,1.7806239,0.8898393,1.1704588,191.82657
0.8658261,1.2418215,0.96599317,0.37599546,43.42621
1.0298996,1.7973297,0.9695792,0.76743007,74.51504
0.6032554,0.13491964,1.7241702,0.46833575,77.63474
47.585663,9.361794,0.90171504,38.22387,80.32644
0.45377952,0.5935862,1.2735373,0.13980669,30.809387
3.7502122,6.1451044,0.8903456,2.3948922,63.86018
14.987517,18.893835,0.92252386,3.9063177,26.063808
9.752079,3.4784942,0.9267793,6.273585,64.33074
0.5980208,1.1613235,1.471613,0.56330276,94.19451
0.8156623,0.62139744,1.3683028,0.19426489,23.816828
0.7744963,1.0705407,1.9010596,0.29604435,38.224113
3.976515,3.719978,0.9952888,0.25653696,6.451301
2.1774962,3.8253913,0.89499986,1.6478951,75.67844
2.0544815,0.9488973,0.88560104,1.1055841,53.81329
2.6898549,2.65578,1.4513243,0.034074783,1.266789
1.2418956,3.727332,0.91678905,2.4854364,200.13248
0.36862,0.7816633,1.743796,0.4130433,112.05124
0.5390989,0.74281526,1.1731359,0.20371634,37.788303
14.277066,17.69323,1.4741622,3.4161634,23.927628
1.4172024,1.443414,1.0430255,0.02621162,1.8495326
0.98516697,1.228975,1.6955049,0.24380809,24.747896
38.69409,9.263808,0.9113478,29.430283,76.05885
0.06263914,0.3635925,1.7498131,0.30095336,480.45575
15.548481,6.6659613,0.8916667,8.88252,57.12789
7.7120485,13.983349,0.919035,6.2713003,81.318214
15.122114,17.77719,1.0151596,2.655075,17.557566
1.2592838,1.0108168,1.3936051,0.24846697,19.730816
13.939935,19.460499,0.90173244,5.520564,39.60251
0.635679,0.98829204,1.3678149,0.35261303,55.470295
3.4367719,1.784421,0.9496888,1.6523509,48.078575
0.89932126,1.2470994,1.3193598,0.34777814,38.671177
1.3523642,0.13100803,0.8766697,1.2213562,90.31267
1.4467559,0.66349936,0.87108874,0.78325653,54.138817
2.7048607,3.1293674,0.86771256,0.42450666,15.694216
0.91485584,1.02351,0.8917781,0.10865414,11.87664
0.5292055,1.0140612,1.4759451,0.4848557,91.61955
3.3244262,6.0471096,0.9222161,2.7226834,81.89935
0.76506406,1.3999825,0.92441887,0.6349184,82.98892
3.5173888,3.3504894,0.88742715,0.16689944,4.744982
9.988555,13.088185,1.1128564,3.0996304,31.03182
15.5345545,19.723867,1.4907955,4.189313,26.967707
47.007717,45.064938,1.089821,1.9427795,4.132895
0.815341,1.1404425,1.306636,0.3251015,39.873074
18.45859,24.168316,0.9710106,5.7097263,30.932627
3.4783764,1.8680232,0.8716927,1.6103532,46.29612
2.8629484,3.1122181,0.98126376,0.24926972,8.706748
0.83901966,0.7380204,1.0955219,0.100999236,12.037768
1.3701512,0.5107959,1.1231863,0.8593553,62.719738
0.72570795,1.1374826,1.4758255,0.4117747,56.741104
1.6435903,2.4200535,1.6132089,0.77646315,47.24189
5.0824084,5.244753,0.8482202,0.16234446,3.1942427
5.2106314,4.6749144,1.7178183,0.535717,10.28123
1.0567667,0.34330845,0.86079615,0.7134583,67.51332
0.3448846,0.35747492,0.90117985,0.012590319,3.6505888
1.8715554,2.0577216,0.86803627,0.18616617,9.947136
0.93941617,2.256702,0.8615578,1.3172858,140.22388
0.29352704,0.701934,1.5508419,0.40840694,139.13776
0.96541333,0.82448256,0.90042603,0.14093077,14.597972
0.60856783,0.0,1.1629642,0.60856783,100.0
1.3045423,1.0350777,1.8801714,0.2694646,20.655874
0.5427192,1.1096268,0.8635686,0.5669076,104.45689
1.8197966,1.6684701,0.915231,0.15132642,8.315568
5.021798,3.3168828,1.1284876,1.7049153,33.950294
0.75159866,0.65358484,0.8850401,0.09801382,13.040712
11.3438835,8.114956,1.5626924,3.2289276,28.46404
0.5412225,0.93603384,1.0585417,0.39481133,72.94806
9.141754,10.406221,0.9190271,1.2644672,13.8317795
0.6298576,2.0568862,1.3199707,1.4270287,226.56369
0.57643604,1.9350245,1.083618,1.3585885,235.68762
15.0016,21.407534,0.88952374,6.4059334,42.701668
0.49736068,0.36129177,1.7985407,0.13606891,27.358196
0.88134694,1.6289693,0.86918306,0.7476224,84.82725
13.440757,16.23835,0.97795707,2.797593,20.814253
1.7727544,2.0825543,0.85014737,0.3097999,17.475626
1.5829487,0.75621843,0.87182415,0.82673025,52.22723
6.3312464,6.1587324,1.6054229,0.17251396,2.7248025
0.635505,1.70269,1.2192839,1.0671849,167.92706
0.4916665,0.29053044,0.9314422,0.20113605,40.909042
1.0647172,0.31085813,0.84978426,0.75385904,70.80369
2.0004435,2.5309937,1.3751891,0.53055024,26.521631
1.9482334,2.2861748,0.9170974,0.3379414,17.346043
2.1671298,2.5406392,1.8518071,0.3735094,17.235212
1.0633974,1.645766,1.2391596,0.5823686,54.764908
0.5619701,1.8485754,0.9813159,1.2866052,228.9455
3.3273141,1.4499854,0.8676698,1.8773288,56.42175
39.187496,23.058994,1.8174832,16.128502,41.157265
4.0345583,6.7027435,0.90053976,2.6681852,66.13326
2.8158004,3.4945238,0.8903122,0.67872334,24.104097
0.80442524,2.5684438,0.8893039,1.7640185,219.2893
9.320663,12.007015,0.9114224,2.6863518,28.821466
0.9781473,1.2830317,1.0119319,0.30488437,31.169577
5.8837566,6.7258825,0.90512574,0.8421259,14.312724
0.5598167,0.16532493,0.87284535,0.3944918,70.468025
1.0552111,2.1262126,0.8710659,1.0710015,101.49642
0.5784466,0.17291772,1.2827833,0.4055289,70.10654
5.0340257,4.4320908,1.6563265,0.6019349,11.957327
0.6295389,0.038765073,0.90581375,0.5907738,93.84231
0.9363418,1.0083293,0.85707414,0.07198745,7.688159
1.5285794,1.9907694,1.1997783,0.46219003,30.236574
1.1496013,1.0120864,1.7468325,0.13751495,11.961968
1.0730937,1.061816,1.2765571,0.011277676,1.0509498
1.4587904,3.7322533,0.9585378,2.2734628,155.84575
2.6003177,4.766206,0.8942625,2.165888,83.293205
16.991129,19.215303,1.4917587,2.2241745,13.09021
8.087039,6.388941,0.9304903,1.6980982,20.997774
0.8318625,1.3715372,1.8798509,0.5396747,64.875465
0.6548964,0.43858433,0.95139337,0.21631205,33.029964
6.985822,4.8433943,1.1523856,2.142428,30.66823
1.1847999,0.76104105,1.5354844,0.42375886,35.76628
13.996756,17.478844,1.2351985,3.482088,24.877823
15.188664,19.878416,0.9968152,4.6897516,30.876656
8.91791,8.307977,1.2823704,0.6099329,6.8394156
2.8063936,4.2065773,0.91243625,1.4001837,49.892635
1.4568024,0.7657118,1.2453098,0.6910906,47.438866
0.4997669,1.0601144,1.6234046,0.5603475,112.12177
4.3229756,4.1536446,1.6432407,0.16933107,3.9170027
3.5596316,4.159423,0.8732034,0.5997913,16.849813
1.0000485,1.0162987,1.0050048,0.016250134,1.6249346
0.7784681,0.91941,0.95677346,0.14094192,18.105034
0.18145981,0.31614113,1.4658861,0.13468131,74.22101
0.6613439,0.7836883,0.8833219,0.122344434,18.499369
0.56645197,0.0,0.92417496,0.56645197,100.0
1.1807287,0.74729574,0.9982378,0.43343294,36.708935
0.77888423,0.7800789,1.401119,0.0011946559,0.15338042
0.4950775,0.3300706,1.815122,0.16500688,33.329502
1.7937983,6.8263674,0.8903458,5.032569,280.55377
4.15184,2.332984,0.862216,1.8188562,43.808434
2.9037282,3.2810934,1.8645686,0.3773651,12.995883
0.93866765,1.216795,0.860999,0.2781273,29.630009
0.8272487,0.4091282,0.9572894,0.4181205,50.543507
8.106481,7.538473,0.8763259,0.56800747,7.006832
0.62519246,0.66571784,1.4476695,0.040525377,6.4820647
3.194797,1.9592223,1.8327855,1.2355747,38.67459
0.64687705,0.515358,1.2050548,0.13151908,20.331387
13.687932,12.709953,1.0516007,0.9779787,7.144824
9.2730665,10.278867,0.9208171,1.0058002,10.846469
0.4799786,1.2531847,1.4719007,0.7732061,161.09178
0.54002774,1.7194998,0.90979147,1.1794721,218.40955
0.11948972,0.6831225,1.6616974,0.5636328,471.6998
5.1903744,4.2955685,0.9085998,0.8948059,17.239717
19.610287,24.270166,0.9626236,4.6598797,23.762426
3.49327,2.9810092,1.2116709,0.5122607,14.664217
36.987553,36.9149,1.0274276,0.07265091,0.1964199
2.7940266,2.1236296,0.8767444,0.67039704,23.993938
1.0620615,0.88055146,0.9498154,0.18151009,17.090355
1.2995292,1.4318529,0.92250836,0.13232374,10.182437
0.7728129,0.4269473,1.3492733,0.3458656,44.754116
10.9470825,12.157362,0.96719646,1.2102795,11.055726
0.54009634,0.06603658,1.8207545,0.47405976,87.773186
0.783297,0.6060295,1.6276479,0.17726749,22.630943
32.94224,37.581333,1.0168232,4.6390915,14.082501
1.3967359,1.2980001,0.94668424,0.09873581,7.0690393
0.4960674,0.9167657,1.0843157,0.4206983,84.80668
11.690883,16.23353,0.9114931,4.5426474,38.856327
0.7366539,0.99709177,0.9471295,0.26043785,35.354164
1.402875,0.76175714,1.2269505,0.6411178,45.70028
2.4319081,4.373586,0.88970655,1.941678,79.84175
0.23913498,0.39483327,1.0964022,0.15569828,65.108955
1.1894666,2.6115236,0.96503454,1.422057,119.554184
36.146862,35.80619,1.1322457,0.34067154,0.94246507
0.5523741,1.2672427,1.5449975,0.71486855,129.41745
1.1024672,0.9604035,0.9450501,0.14206368,12.885978
0.5077639,1.6200854,1.5915697,1.1123214,219.06271
0.26395607,0.75212234,0.90359193,0.48816627,184.94225
41.416153,40.684704,1.0402714,0.7314491,1.7660962
1.1964113,1.6805242,0.9118914,0.48411298,40.46376
1.049788,0.8143989,0.85473764,0.23538911,22.422539
6.530708,7.7364693,1.5600322,1.2057614,18.462952
10.788761,9.341075,0.914729,1.4476862,13.418466
12.746552,17.563839,0.9264311,4.8172865,37.79286
4.4375076,4.463995,0.8992368,0.02648735,0.596897
1.6254612,2.0536778,0.9953487,0.42821658,26.344313
1.7005309,1.5509028,1.1781635,0.14962804,8.7989025
27.532618,33.198746,0.9898258,5.666128,20.579693
1.0712125,0.3630581,1.7797315,0.70815444,66.10774
0.6549518,1.6977175,1.5928041,1.0427657,159.21259
1.7485756,2.521863,0.89209515,0.7732874,44.22385
0.6888721,0.867288,1.2391193,0.1784159,25.899712
0.13785362,0.6419319,1.2259177,0.50407827,365.66196
4.7469783,5.3536377,0.86178136,0.6066594,12.779906
4.5218368,3.9125326,1.3032362,0.6093042,13.474706
9.516162,11.798941,0.92876595,2.2827787,23.98844
4.3828053,4.4205456,0.89944273,0.03774023,0.8610976
0.24369313,0.6144011,1.0234765,0.370708,152.12083
3.0525699,2.9340515,1.2623304,0.11851835,3.8825762
39.368317,8.029226,0.927449,31.33909,79.60485
15.776128,15.206581,1.667712,0.5695467,3.6101806
1.6012543,4.6417437,0.89479846,3.0404892,189.88171
4.73908,4.6787367,1.4289378,0.060343266,1.2733119
0.59642357,0.5920695,1.8761067,0.0043540597,0.7300281
1.1214911,1.4032286,1.9207921,0.28173757,25.121695
28.70756,33.921616,0.93049335,5.214056,18.162657
19.571938,21.488071,1.5611982,1.9161339,9.790211
22.699524,19.761522,0.87507516,2.9380016,12.94301
1.7281703,2.2617235,1.8760353,0.53355324,30.87388
1.1003749,1.1594748,0.9423672,0.059099913,5.3708887
10.758317,11.193481,1.0828992,0.43516445,4.044912
43.553326,29.474709,1.7046251,14.078617,32.32501
1.136236,0.87624496,1.2205691,0.259991,22.881779
1.3824663,1.627204,0.9049831,0.24473763,17.702972
7.2328334,10.174273,0.8880508,2.9414392,40.66787
9.0025625,9.4467125,1.6115499,0.44414997,4.933595
1.3721194,1.4024978,0.9447303,0.030378342,2.213972
0.49995965,1.5181587,1.5668421,1.018199,203.65623
0.84316665,1.3476924,1.6030579,0.5045257,59.83701
7.0653424,7.367049,1.8337907,0.3017068,4.270236
6.306426,6.746645,0.98917615,0.44021893,6.9804816
9.807144,8.583374,1.2822876,1.2237701,12.4783535
11.658834,13.962799,1.845274,2.3039646,19.761534
2.2452767,2.687436,0.8829033,0.4421594,19.692871
0.9033377,0.0,1.8139266,0.9033377,100.0
0.36269793,0.38393325,0.96094584,0.021235317,5.854822
0.57006544,0.22845757,0.9979759,0.34160787,59.924324
0.6472063,1.1566038,0.8711628,0.5093975,78.70713
1.5835799,2.553258,1.7149751,0.96967804,61.233288
0.6771463,0.93856806,1.5901372,0.26142174,38.606388
0.8076582,1.6764431,0.9237257,0.8687849,107.56839
1.0703828,1.5089457,0.8922046,0.43856287,40.972523
18.147375,14.289768,0.87971205,3.857607,21.257107
16.907171,18.996908,1.359906,2.089737,12.360063
3.0563931,1.5662661,1.2696869,1.4901271,48.754433
2.4978774,2.9256303,1.4740231,0.42775297,17.124659
0.66223884,0.42324734,1.8909312,0.2389915,36.088417
6.594155,9.801252,0.9095823,3.2070975,48.63546
0.5578796,1.6223372,1.5340352,1.0644577,190.80417
1.0531727,1.7264609,1.8758086,0.6732882,63.929512
0.45527253,1.1731256,0.89361477,0.71785307,157.67548
0.92995477,2.4383578,0.92180085,1.5084031,162.20177
0.5921361,0.8058063,0.87964654,0.2136702,36.084644
0.8664259,0.15561569,1.8279208,0.7108102,82.03935
0.5961583,0.35754538,1.7788339,0.23861295,40.025097
17.235798,19.415277,0.92230505,2.1794796,12.645076
0.7435588,1.8423381,1.5129644,1.0987792,147.77301
7.3082232,7.858039,1.2699003,0.54981565,7.523247
0.60451376,1.8897508,1.0125852,1.2852371,212.60677
0.78508043,0.48080128,0.87872225,0.30427915,38.757706
5.2346287,5.106984,0.95612484,0.12764454,2.4384642
0.7399859,1.3553841,1.6352175,0.6153982,83.163506
1.9535385,1.4827522,0.91976863,0.47078633,24.099157
0.5615316,0.49045587,1.6908613,0.07107574,12.657477
8.509416,6.7666597,1.4850814,1.7427559,20.480324
0.5854743,0.89213645,0.88388056,0.30666214,52.37841
10.023414,8.137968,0.87480086,1.8854456,18.810413
5.222731,5.0459385,1.0259695,0.17679262,3.3850608
7.193484,3.983323,0.8692954,3.2101607,44.625954
0.8081096,1.2224542,0.98152447,0.4143446,51.27332
1.7489649,1.1660888,1.799013,0.5828761,33.326916
15.055476,16.646276,1.5698904,1.5908003,10.566257
0.5924807,1.0271275,0.98096436,0.4346468,73.3605
6.2436085,8.493927,1.7976182,2.2503185,36.041954
0.8977369,0.19439137,1.6720712,0.70334554,78.34651
3.368508,5.8066797,0.9384205,2.4381716,72.381355
1.0033772,0.26267612,0.8677076,0.7407011,73.8208
2.4766462,0.8745452,1.2024205,1.602101,64.688324
3.6714935,6.5505676,0.8888931,2.879074,78.41698
12.606832,19.689697,0.9232476,7.0828657,56.18276
4.1301584,3.9248435,1.3722426,0.20531487,4.9711137
0.5516423,0.86191523,0.973859,0.31027293,56.245316
2.1387303,1.729432,0.88352025,0.4092983,19.137444
2.5252712,4.0782776,1.541807,1.5530064,61.4986
0.7171356,0.6290289,0.8806085,0.08810669,12.285917
5.711033,6.805091,0.9730792,1.094058,19.156921
1.7477828,2.7961903,0.91727924,1.0484074,59.984997
1.1516416,2.634726,1.5197023,1.4830844,128.78003
8.534872,10.739759,0.8704333,2.2048874,25.833866
1.490737,2.1012907,0.866551,0.61055374,40.956505
0.49209818,1.6182457,1.5857308,1.1261475,228.84612
21.381983,27.044752,1.0479814,5.6627693,26.483835
0.6982871,0.0,1.6746982,0.6982871,100.0
0.7055307,1.4523926,1.1701049,0.7468619,105.85817
0.49358097,1.716253,1.5521302,1.2226721,247.7146
11.746484,17.274555,0.897795,5.5280714,47.061497
0.82107395,1.0347965,1.1218809,0.21372253,26.029633
1.0956333,1.2711238,0.915687,0.1754905,16.017265
5.032083,8.569426,0.9214436,3.5373425,70.29579
35.8547,14.318007,0.91745806,21.53669,60.066574
7.5475483,13.879728,0.90740216,6.33218,83.89718
9.158683,12.327482,0.88512427,3.1687994,34.598854
27.9734,24.82503,0.8818437,3.1483707,11.254873
31.73972,36.574265,1.042339,4.834545,15.231847
2.608682,1.9470923,0.864817,0.6615896,25.36107
2.6799877,2.7065115,0.94868064,0.026523829,0.98969966
0.7739492,1.5451546,0.91479707,0.77120537,99.64548
1.0493497,1.3839881,1.533341,0.33463848,31.890083
1.4710025,1.5752214,1.4492915,0.10421896,7.0848937
1.9261931,5.5172653,1.7528013,3.591072,186.43365
0.50715035,0.67438924,0.8869094,0.16723889,32.976192
0.8473671,0.3559054,1.7555234,0.4914617,57.998672
2.5367084,3.9418855,1.0808055,1.4051771,55.393723
0.59652925,0.97160864,1.3414081,0.3750794,62.87695
2.7843473,1.3784405,1.7879193,1.4059068,50.49323
0.562749,0.30836868,1.2676046,0.25438035,45.20316
0.5101226,1.1887344,1.3581451,0.6786118,133.02916
2.8303807,3.3053908,0.8760323,0.47501016,16.782553
1.0228473,1.1007258,1.9176216,0.077878475,7.6138906
0.806849,1.9038799,0.9355277,1.0970309,135.96483
22.025827,12.835449,0.89163494,9.190378,41.725464
1.5217584,1.680669,1.3923496,0.15891051,10.442558
21.219286,24.728546,0.8786628,3.5092602,16.538069
0.4243433,0.4078558,1.0443238,0.01648748,3.8854105
0.5912149,0.5348718,1.2498593,0.05634308,9.53005
0.5817417,0.40966374,1.1599442,0.17207795,29.579788
2.8856342,2.3876135,0.85360855,0.49802065,17.25862
0.87587035,0.82673466,0.96485615,0.049135685,5.6099267
7.762284,9.390744,1.8515975,1.6284604,20.97914
1.1733718,1.6293395,1.5779157,0.45596766,38.859608
25.52047,26.550417,1.4215176,1.0299473,4.0357695
0.11380103,0.9556189,1.9131209,0.84181786,739.7278
0.8121358,0.6509098,1.2137394,0.16122603,19.852104
0.9090929,1.465834,1.4143502,0.5567411,61.241386
1.837159,2.0981975,0.89113826,0.26103842,14.208809
0.6566677,0.8517674,1.3584851,0.19509971,29.71057
2.844778,2.0964026,1.435106,0.7483754,26.306988
5.560676,7.5420322,0.8991449,1.9813561,35.63157
5.0393143,4.154149,0.91608024,0.8851652,17.565193
12.125691,17.146086,0.93316865,5.0203943,41.402954
0.82616127,0.2647817,0.85674196,0.56137955,67.950356
0.9892399,0.59544903,1.7690572,0.39379084,39.80742
0.5659887,0.6516801,0.9306162,0.08569139,15.140124
1.0232052,2.4753308,0.8943643,1.4521257,141.91931
2.8915973,3.6641505,0.8831529,0.7725532,26.717178
1.1004909,1.3159609,0.9533738,0.21546996,19.57944
37.81946,30.58525,0.9660478,7.234211,19.128275
0.80946636,0.72909695,1.6542588,0.08036941,9.928691
0.72657436,1.3409984,0.9832084,0.61442405,84.564514
4.510429,4.273946,1.2331184,0.2364831,5.243029
8.247591,6.968176,0.921102,1.2794151,15.512591
8.161347,10.841078,0.90425354,2.6797304,32.83441
4.2330856,1.945514,0.91533023,2.2875717,54.04029
2.0459466,1.9334918,0.87130535,0.11245477,5.4964666
2.1759117,4.436639,0.899254,2.2607272,103.897934
8.269181,10.741428,0.88846856,2.4722471,29.897121
1.0885353,1.2825389,1.6777945,0.19400358,17.822443
11.160515,11.239453,0.90309614,0.078938484,0.70730144
1.0683737,1.8796134,1.7412666,0.8112397,75.932205
3.6403372,2.2876663,1.2566376,1.3526709,37.157845
9.43523,17.152496,1.1284876,7.717266,81.79203
0.81528157,0.9317084,1.1815387,0.116426826,14.280567
2.3943076,2.2668104,1.6407734,0.1274972,5.325013
0.503275,0.48181355,1.482852,0.021461427,4.264354
2.8926291,3.2251308,0.9018977,0.33250165,11.49479
0.8616488,1.0809284,1.7354026,0.21927965,25.448843
8.233132,7.2005453,1.4253175,1.032587,12.541849
20.345142,13.292682,0.8942194,7.0524607,34.6641
4.0468035,1.8564754,0.8750983,2.1903281,54.124893
0.66885626,1.1106892,1.2618399,0.4418329,66.057976
1.8251486,2.5800524,1.7666316,0.7549038,41.361225
46.92002,25.303123,0.91336703,21.616898,46.071796
0.553563,0.0,0.91991067,0.553563,100.0
1.1746564,1.7100474,1.0096756,0.535391,45.578518
0.6595163,1.2546899,1.914674,0.59517366,90.243965
39.336864,16.200634,1.8743819,23.13623,58.815643
1.5173821,2.014484,0.9261881,0.49710178,32.760487
0.3013437,0.65180737,1.4103359,0.35046366,116.300316
0.7766815,1.1155769,1.8645793,0.33889538,43.633766
1.7238052,2.2514029,0.87903637,0.52759767,30.606571
3.5841641,3.463804,1.1566283,0.120360136,3.358109
2.5093784,2.9457161,0.9246043,0.4363377,17.388279
0.5724629,1.2237949,1.9204737,0.651332,113.77715
3.5010896,5.628566,0.88884294,2.1274762,60.766117
1.7056764,1.4558837,0.92853844,0.2497927,14.644788
41.720375,36.51564,1.0352222,5.204735,12.475284
1.4525346,1.5182228,1.6269329,0.06568825,4.5223193
0.86783916,2.5735865,0.8780023,1.7057474,196.5511
16.205149,20.690882,0.9327707,4.485733,27.680912
2.7748713,1.3687952,0.9051505,1.4060762,50.67176
1.1117724,0.7424036,1.2775251,0.3693688,33.223415
2.1939502,0.74552214,0.87339795,1.448428,66.01919
1.4567255,1.4017746,0.9297445,0.054950833,3.772216
2.3311398,2.4481678,0.8761406,0.117028,5.020205
0.5713098,1.3425114,1.9210167,0.7712016,134.98834
1.2634814,0.1530075,1.1754649,1.1104739,87.89001
15.654517,20.559109,0.9847435,4.9045916,31.3302
3.0251653,2.8380394,1.4232411,0.18712592,6.185643
1.8369354,2.9362128,0.91212314,1.0992774,59.843006
6.7017837,8.103564,1.6230154,1.4017806,20.916529
10.587787,8.07704,1.2979665,2.510747,23.713615
1.2304089,1.3365333,1.5003469,0.1061244,8.625133
16.91458,23.005953,1.051755,6.0913734,36.01256
2.156794,2.612307,0.9685539,0.455513,21.119911
1.1629796,1.9662721,0.87167305,0.8032925,69.07194
1.5437739,1.0227275,1.3525735,0.5210464,33.751472
1.0081546,1.4842662,1.6202723,0.47611153,47.22604
1.3238981,2.8159618,1.4663594,1.4920638,112.70232
1.3581814,0.8558142,1.2695998,0.50236714,36.98822
1.4941703,0.5812899,1.0392653,0.9128804,61.09614
0.62896687,0.8771186,1.2360162,0.24815172,39.45386
2.4881713,1.3587393,0.9280145,1.1294321,45.39205
0.9280569,0.7251705,1.8489772,0.2028864,21.86142
35.432167,17.238516,0.9120961,18.193651,51.347836
0.7408288,1.9761331,0.9843077,1.2353044,166.74626
9.144926,12.844845,0.91871196,3.6999187,40.458706
1.3933527,1.7726185,1.4839107,0.3792658,27.219654
9.567922,7.9520273,0.92388034,1.6158943,16.888666
1.791568,1.1722635,1.2435515,0.61930454,34.567738
43.410385,44.074947,0.95636976,0.6645622,1.5308831
0.5823138,1.1592209,1.9194407,0.57690716,99.071526
2.2628016,1.5919557,0.8864067,0.670846,29.646696
5.1434183,5.967149,1.254329,0.82373047,16.015234
0.97854155,0.9350594,1.1169698,0.043482125,4.4435644
5.5333858,6.2854137,0.8984422,0.752028,13.590738
6.1323686,6.0548325,1.4639765,0.077536106,1.2643745
2.8416216,1.5788827,1.3020182,1.262739,44.437267
0.7633865,2.4020936,0.89815253,1.6387072,214.66284
1.9614825,3.0942402,0.9328955,1.1327577,57.750076
2.6162455,1.8593954,0.8503672,0.7568501,28.928865
1.6516019,1.3924546,1.9187484,0.2591473,15.690662
29.077745,32.812267,1.2528714,3.7345219,12.84323
3.1328354,2.7880585,1.3261243,0.34477687,11.005266
0.75678295,1.640001,0.8606575,0.8832181,116.706924
0.676597,1.5435286,0.98828095,0.86693156,128.13115
1.3713953,0.70773333,1.4046707,0.663662,48.393196
2.6862514,1.0809113,1.3087708,1.6053401,59.76135
0.4388118,1.2823377,0.92998105,0.8435259,192.22952
7.251513,10.587961,0.86707866,3.3364482,46.010372
1.19589,1.6587436,0.857305,0.46285367,38.7037
1.3824368,4.4422565,0.9528355,3.0598197,221.33524
0.52468115,1.3720566,1.9210507,0.84737545,161.50294
10.46393,13.07586,0.947009,2.61193,24.961271
2.9459183,3.718938,0.887057,0.7730198,26.240368
1.1506816,0.9477589,0.86605793,0.2029227,17.635
12.494045,14.5910845,0.9293881,2.0970392,16.78431
1.3528451,0.76394045,0.8682015,0.5889046,43.530823
8.709502,10.236368,1.8241357,1.526866,17.531036
0.36152914,1.0375557,1.0038569,0.6760266,186.9909
4.7255383,3.4947407,0.87582624,1.2307975,26.045658
15.482211,19.085835,0.9286309,3.6036234,23.275896
1.0391802,0.48960316,1.0057709,0.549577,52.88563
6.018401,6.88081,0.95736074,0.86240864,14.32953
0.9866638,1.0090207,0.8603081,0.022356868,2.2659054
0.35133114,0.65491986,0.90398747,0.30358872,86.41099
1.6283807,1.8671803,1.8974419,0.23879969,14.664857
1.0960033,0.72293127,0.86213815,0.37307203,34.039314
2.1752288,1.2979897,1.8034186,0.8772391,40.328587
0.56171596,0.56035864,1.2684968,0.001357317,0.2416376
3.71442,2.4918165,1.1081746,1.2226036,32.91506
18.718622,23.709887,0.97182375,4.9912643,26.6647
2.0496402,1.5936741,1.2683353,0.45596611,22.246155
0.28880447,0.118436694,1.3942665,0.17036778,58.9907
48.535496,11.648992,0.8855347,36.886505,75.99902
4.763788,4.7939577,0.88994366,0.030169487,0.6333087
10.269212,13.713594,0.89527047,3.4443827,33.540867
0.8285314,1.5023491,1.3173715,0.67381775,81.32676
7.425257,7.2972746,1.590822,0.12798262,1.723612
1.300109,3.1085272,0.89780176,1.8084182,139.09743
1.8799132,3.6141865,0.8720347,1.7342733,92.252846
0.8408065,1.2195771,0.95873654,0.3787706,45.04849
1.4815112,3.4140985,0.97827077,1.9325873,130.44702
1.7844093,1.4451692,1.4376279,0.33924007,19.011337
5.6896405,4.3164077,1.2447103,1.3732328,24.13567
0.7349049,2.0564559,1.5785635,1.321551,179.82611
0.7080417,0.8966298,1.9146113,0.18858808,26.635166
1.2017386,1.9764324,0.924192,0.77469385,64.464424
1.1315484,2.7892673,0.9220592,1.6577189,146.50005
1.4414297,0.8093068,0.96635365,0.63212293,43.85388
0.4595736,0.0,0.934738,0.4595736,100.0
11.23227,9.573457,1.5868691,1.6588135,14.768283
2.1120603,1.2845855,1.4132648,0.82747483,39.178562
3.959089,1.6534493,0.8985779,2.3056397,58.236626
0.5337045,0.40847242,1.0670706,0.1252321,23.46469
1.7269725,1.3674545,1.6051178,0.35951793,20.817816
3.0974755,3.8647046,1.6780615,0.7672291,24.769497
0.5454502,0.0,0.95840746,0.5454502,100.0
9.716707,13.177342,0.906674,3.4606352,35.615307
1.1635396,2.6649854,0.8635656,1.5014458,129.04121
6.3624134,6.9521093,0.89737827,0.58969593,9.268432
1.9222379,0.6372175,0.87469363,1.2850204,66.85022
10.363682,14.859191,0.91875374,4.495509,43.37753
0.42268294,0.45147192,0.8702273,0.028788984,6.8110113
20.8065,23.394114,1.1919019,2.587614,12.436566
1.0626601,1.0014064,0.85424167,0.061253667,5.7641826
10.843355,18.162558,0.8935277,7.3192024,67.49942
1.357783,2.2209837,0.9167962,0.8632008,63.57428
1.0427231,0.23527765,0.86669886,0.8074454,77.436226
0.6171519,0.68264973,1.9006995,0.065497816,10.612917
11.907587,14.549005,0.9877042,2.6414175,22.182644
0.7207073,1.3008752,1.9209146,0.5801679,80.499794
1.8202735,1.2718581,1.021158,0.5484154,30.128187
0.7555954,0.9843923,1.4214063,0.2287969,30.280346
9.632272,16.207268,1.7249899,6.574996,68.26007
0.7466689,0.2729547,0.8772738,0.47371417,63.443676
11.787672,11.053276,1.222159,0.734396,6.2302036
0.22662918,0.7499082,1.344652,0.523279,230.89656
24.747734,32.211296,0.9812984,7.463562,30.158567
1.4778314,1.3441539,1.7327352,0.13367748,9.045517
0.7392531,1.6294761,1.2601916,0.89022297,120.42194
2.0068047,1.7428782,1.6225464,0.2639265,13.151579
0.44790003,0.29682803,0.955411,0.151072,33.728954
9.466158,11.146104,0.9190153,1.679946,17.746862
3.22962,3.515814,0.8892346,0.2861941,8.86154
2.8034484,11.612253,1.0975286,8.8088045,314.21317
1.4453945,1.0345974,0.87446475,0.41079712,28.421106
0.51906985,1.8439915,0.9079686,1.3249216,255.24919
5.6618795,4.3554935,1.2799199,1.306386,23.073362
0.45757273,0.17813551,0.97057706,0.2794372,61.069466
2.7733018,2.1533186,1.0502523,0.6199832,22.355417
8.128872,9.244182,1.825987,1.1153097,13.720351
0.89133364,1.2558094,0.97144353,0.3644758,40.89106
0.6814128,1.1069134,0.9016045,0.42550063,62.443886
12.695872,16.736645,0.9592461,4.0407724,31.82745
7.6554337,6.4184027,1.0229491,1.237031,16.158861
3.016391,2.966858,1.6016722,0.04953313,1.6421322
1.3115699,1.6698401,0.88973933,0.35827017,27.316133
3.0980952,4.8149357,0.9285806,1.7168405,55.416004
2.2654305,2.5150938,0.8907683,0.24966335,11.02057
0.6176065,1.1313834,1.494275,0.5137769,83.188385
0.43606767,1.6476557,1.0886875,1.211588,277.84406
18.236746,23.47695,0.96089226,5.240204,28.734314
10.0473175,7.3459873,0.8656467,2.7013302,26.886084
0.7127277,0.81533945,0.8919572,0.10261172,14.397044
1.5474694,1.3685417,0.95576495,0.17892766,11.562597
1.0092825,1.1620467,0.95775324,0.1527642,15.1359215
1.0582978,2.4488225,0.88938594,1.3905247,131.39258
4.3623767,2.7385025,0.86942816,1.6238742,37.22453
3.273268,2.395645,1.9161879,0.8776231,26.81183
2.4207687,1.7137344,0.8901839,0.70703435,29.207018
1.2501339,0.44849896,0.84661543,0.8016349,64.123924
5.838987,4.45536,0.91173977,1.3836269,23.696354
4.198565,3.8057663,1.3196982,0.39279866,9.355545
2.1241581,2.47578,0.92510825,0.35162187,16.553469
1.4188541,2.5163505,0.89603955,1.0974964,77.3509
2.4563851,1.5813153,1.3075397,0.87506986,35.624294
6.8922124,7.043338,1.390113,0.15112543,2.1926985
1.0416389,2.0599766,0.854798,1.0183377,97.76303
4.606137,4.078409,0.89301455,0.5277276,11.457054
3.177612,1.7858896,0.9614046,1.3917224,43.797745
2.4982493,1.7847711,1.2598212,0.7134782,28.55913
4.2811165,5.8156366,0.96669865,1.5345201,35.84392
1.3826808,1.2288483,1.3928955,0.15383244,11.125666
0.59424496,0.0,1.0605086,0.59424496,100.0
1.2661209,2.5747736,0.9114365,1.3086526,103.359215
3.1035788,3.9809628,1.5200329,0.87738395,28.270071
16.63445,21.745892,0.9900424,5.1114407,30.72804
20.223974,13.195946,0.8806756,7.0280285,34.750977
0.54316443,1.286002,1.9185783,0.7428376,136.7611
0.25958833,0.19551039,1.1390846,0.06407794,24.684448
8.772705,3.2349567,1.6696087,5.5377483,63.124752
12.203476,12.690307,0.9083149,0.4868307,3.989279
18.741566,24.581871,1.1766815,5.8403053,31.162312
3.3291588,4.646201,0.9188036,1.3170424,39.560818
1.230422,2.3279421,0.8711561,1.0975201,89.19868
3.1111603,2.4622488,0.95009136,0.6489115,20.857538
1.6010995,0.43610042,1.1083523,1.164999,72.762436
1.1034514,0.8551118,1.8985573,0.2483396,22.505713
5.940753,6.987481,0.90074277,1.0467281,17.619452
37.46301,17.700254,1.7445902,19.762754,52.752712
0.7151737,0.6224165,1.0810667,0.092757225,12.969887
3.8404055,1.7459524,0.8767222,2.094453,54.537292
0.60791606,0.7551794,0.87109435,0.14726335,24.224289
31.42758,36.683205,0.9389818,5.255625,16.722971
0.6807652,0.44683206,0.8676177,0.23393315,34.363262
1.584257,1.2139142,1.3563757,0.37034285,23.376438
1.9287833,0.9853816,1.3133782,0.9434017,48.911755
1.5422087,2.3316348,0.8670816,0.7894261,51.188023
6.1004186,5.531843,1.2492335,0.5685754,9.320268
9.894483,8.388463,1.2656537,1.5060196,15.220802
20.720064,14.031206,1.0202963,6.688858,32.282032
2.3514168,3.521835,0.9005182,1.1704183,49.77502
7.394187,4.978037,1.39622,2.41615,32.676346
0.65042543,0.36874413,0.9743403,0.2816813,43.30724
1.1585186,0.3668902,1.1809591,0.79162836,68.331085
2.4789984,1.8330773,0.84642786,0.6459211,26.055729
3.812195,2.6237566,0.91068804,1.1884384,31.174648
2.1977813,2.5439873,1.9090571,0.34620595,15.75252
9.62489,12.49386,0.90743446,2.86897,29.807821
3.1098387,2.103345,1.0100378,1.0064938,32.364822
1.0055311,0.2126646,0.8773371,0.79286647,78.85052
1.0605139,1.080451,1.4629402,0.019937158,1.8799525
0.73707813,0.76895195,0.99024624,0.031873822,4.324348
6.7888074,8.254351,0.89636064,1.4655433,21.587639
21.232088,20.321405,1.7031851,0.9106827,4.2891808
1.1251351,2.5212579,1.7206681,1.3961228,124.0849
0.57438487,1.3708454,1.9210504,0.79646057,138.66322
1.3065764,1.7678866,0.919457,0.46131027,35.306797
4.5861487,4.228422,0.8958281,0.35772657,7.8001523
1.2699034,1.8790311,0.8742166,0.60912764,47.966454
1.1164618,3.6957119,1.7083868,2.57925,231.02002
1.9928874,2.185248,0.9926732,0.19236052,9.652352
0.996181,0.85827005,1.5250251,0.13791096,13.843966
2.4196303,2.090685,0.85794497,0.3289454,13.594862
1.584901,1.3016135,1.761114,0.28328753,17.874147
0.77382153,1.373563,1.2503457,0.5997415,77.50385
13.508512,17.469734,0.95232403,3.9612226,29.3239
0.87472296,0.0,0.88243425,0.87472296,100.0
0.59365106,0.16621041,0.89233375,0.42744064,72.002
30.408464,31.351692,0.99578726,0.94322777,3.1018593
0.15553012,0.30671215,1.4664813,0.15118203,97.20433
1.8013561,4.249298,0.84935755,2.447942,135.8944
2.2424142,2.1008122,1.6370765,0.14160204,6.3147135
1.3596516,1.5504253,1.2861475,0.19077373,14.0310755
1.3929622,1.63916,1.5269706,0.24619782,17.674408
0.6248447,0.0,1.8524437,0.6248447,100.0
5.9960213,6.4959307,0.8836646,0.4999094,8.337352
9.288549,11.728608,0.93054765,2.4400587,26.269535
0.5603232,1.5670013,0.9126035,1.0066781,179.66026
3.6526616,0.92087036,0.9244621,2.7317913,74.78906
0.17661071,0.13502026,1.0397503,0.041590452,23.549225
0.7895163,1.9887043,1.4507699,1.199188,151.88895
0.08166791,0.66771567,1.8819556,0.58604777,717.59863
23.49471,29.01337,0.892581,5.5186596,23.488945
0.70561606,0.50580645,0.8889997,0.19980961,28.317043
1.2870816,1.1755804,0.98851675,0.11150122,8.663104
24.553362,23.003933,0.9736158,1.5494289,6.310456
0.5864234,0.9801192,1.3360076,0.39369583,67.135086
0.592733,0.1927824,1.2416426,0.39995062,67.47568
3.6163356,4.2449913,0.94153434,0.6286557,17.383776
0.30743837,0.39924002,1.0704613,0.09180164,29.860178
0.15399124,1.5721935,1.1699647,1.4182023,920.96295
12.697341,10.701842,0.89046043,1.9954987,15.7158785
8.479274,10.232715,0.9825297,1.7534409,20.67914
6.5825896,11.349402,0.88478684,4.766813,72.41547
3.3317401,3.208551,1.4094003,0.12318921,3.6974435
8.506949,7.841012,1.43735,0.6659374,7.828158
0.7761975,3.2681189,1.0111079,2.4919214,321.04218
21.125278,8.347204,0.89360666,12.778074,60.487125
10.126125,11.318186,0.9254601,1.1920605,11.772128
2.2295246,4.6638174,0.8643849,2.4342928,109.18439
1.2412379,1.5864284,0.89910233,0.34519053,27.81018
4.2556057,5.4178057,0.88405806,1.1622,27.309862
0.49785882,0.9192978,1.912857,0.421439,84.6503
1.4836175,3.3523753,0.89571244,1.8687577,125.95953
0.6092057,0.7638887,0.89613813,0.154683,25.39093
1.7121744,1.6378864,0.8947124,0.07428801,4.338811
10.656912,11.388687,0.9195952,0.7317753,6.866673
6.1227727,8.048609,0.89429766,1.9258361,31.45366
6.248129,11.297607,1.3988148,5.0494785,80.81585
3.4977787,3.6406047,0.88233525,0.14282608,4.083337
0.60978687,0.5441107,0.87853664,0.06567615,10.770346
1.188536,0.94344586,0.87994033,0.24509019,20.621181
17.293865,19.771404,0.97575134,2.477539,14.326116
1.2278637,1.3294777,1.715276,0.101614,8.275674
1.5149252,1.6874014,0.86747605,0.17247617,11.385128
1.1451678,1.5244219,1.2124096,0.3792541,33.117775
1.6207447,2.4698722,0.92508596,0.84912753,52.391193
1.5344672,1.9031844,1.3507736,0.3687172,24.029005
3.3105628,3.036377,0.86862004,0.2741859,8.282154
1.8419559,0.9342202,0.9169691,0.9077357,49.281075
3.39728,2.7213795,0.8712163,0.67590046,19.89534
1.471631,0.21146894,1.7082746,1.2601621,85.6303
0.8243563,0.8472805,1.3214399,0.022924185,2.7808588
1.7084199,1.1989667,1.3011047,0.5094532,29.820137
16.132015,16.769604,0.87816274,0.6375885,3.9523177
4.7371764,4.1858273,1.1675462,0.55134916,11.638772
0.5558711,0.42663896,1.8300618,0.12923217,23.248585
4.9313655,6.163208,0.8963956,1.2318425,24.979744
0.81211567,0.43336904,1.7428391,0.37874663,46.63703
2.6556685,3.7781224,0.9135736,1.1224539,42.266342
8.942628,14.760622,0.89405346,5.817994,65.05911
0.76524323,1.3927147,0.88264537,0.6274715,81.996346
0.4866631,0.93449926,1.2188715,0.44783616,92.0218
5.7342205,4.0240107,0.88880754,1.7102098,29.824625
0.33370942,0.9301732,0.9033569,0.5964638,178.73749
9.16233,13.321892,0.9163657,4.159562,45.39852
1.9609982,1.3287033,0.9040901,0.6322949,32.243523
43.14016,26.397236,1.0090487,16.742924,38.810528
18.403473,18.640865,0.9882216,0.23739243,1.2899327
2.3321996,2.1912904,1.3429139,0.1409092,6.041901
1.2274766,1.6979475,0.87305856,0.4704709,38.328297
1.285088,3.1073775,0.88149565,1.8222896,141.80272
2.976747,2.946135,1.4694395,0.030611992,1.0283706
0.5910483,1.6145011,0.95837355,1.0234528,173.1589
5.0474176,3.910233,0.86321515,1.1371846,22.530027
3.665373,3.560384,0.98351574,0.10498905,2.8643484
0.53832436,0.161883,1.1235893,0.37644136,69.92835
0.47601706,0.87577194,1.0796568,0.39975488,83.9791
10.3978615,13.509705,0.939618,3.111843,29.927723
1.8614883,1.580001,1.1950597,0.28148735,15.121629
23.264528,26.631771,1.0061567,3.3672428,14.473721
0.48951825,0.4938941,1.4210595,0.004375845,0.8939085
1.4994916,0.73219717,0.8731067,0.7672944,51.170303
5.1455398,21.958801,1.4551822,16.813261,326.75406
1.464406,1.5927863,0.94133276,0.1283803,8.766715
0.81943727,1.6083529,1.0183244,0.78891563,96.27529
1.4407845,1.1874686,1.9149756,0.2533158,17.581799
7.8604126,10.157703,1.2988636,2.2972908,29.226084
0.6343124,0.6841863,0.92039543,0.04987389,7.8626695
1.0957221,0.89034164,1.7931769,0.20538044,18.743845
1.0283768,2.0758193,0.8903489,1.0474424,101.85396
6.026497,10.643877,0.91091764,4.61738,76.61798
0.465298,0.0,0.94733626,0.465298,100.0
1.7315718,1.3595502,0.89454556,0.37202156,21.484617
2.9874265,3.8318958,0.84482586,0.8444693,28.26745
24.277819,27.700098,1.0379891,3.4222794,14.096321
1.071577,1.2409611,1.2338051,0.16938412,15.806995
0.6355086,0.74164915,1.3342376,0.106140554,16.701672
17.456614,7.330221,0.896429,10.126392,58.008915
0.6429271,0.93701386,1.6248009,0.29408675,45.74185
0.94407666,2.1351748,0.863668,1.1910981,126.1654
0.77627504,0.8025878,0.94406796,0.026312768,3.3896194
1.6803528,4.802452,1.0187241,3.1220994,185.80023
16.413095,20.486692,1.0774802,4.073597,24.819187
0.1015032,0.5261275,1.8651233,0.42462432,418.3359
0.7019975,1.0041077,1.9133772,0.3021102,43.035793
20.143953,22.235575,1.0052519,2.0916214,10.383371
9.822193,9.205449,0.8633029,0.61674404,6.279087
1.0772289,2.3091435,1.5956422,1.2319146,114.359604
0.67064345,0.40002382,0.9317566,0.27061963,40.352234
14.064595,17.43714,1.482759,3.3725443,23.978964
3.5441444,3.4874818,0.9380486,0.05666256,1.5987655
5.6477413,9.537583,0.88091314,3.889842,68.87429
0.677676,0.045928,1.8625833,0.631748,93.22272
5.811088,9.458639,0.9194684,3.647551,62.76881
7.555238,7.9779997,0.9879703,0.42276192,5.5956135
11.532163,15.02305,0.95095974,3.4908876,30.270885
0.5576524,1.0422809,1.5131673,0.4846285,86.90512
2.3490262,3.2394807,1.7218244,0.89045453,37.90739
0.4418651,1.5606556,1.3599102,1.1187905,253.19731
1.4878769,0.42848498,1.155666,1.059392,71.201584
36.793488,29.675041,0.8895902,7.1184464,19.347027
1.8699782,2.2998064,1.3240942,0.42982817,22.985733
0.85845757,1.8407774,0.88768667,0.98231983,114.42846
0.47760582,0.8142736,1.4637302,0.33666778,70.49072
0.5121829,1.6043738,1.5287012,1.092191,213.24239
0.5004866,0.5654109,1.8045374,0.0649243,12.972235
13.499835,12.574441,0.964381,0.92539406,6.8548546
0.7179555,1.3645488,1.5163077,0.6465933,90.06035
0.78015137,0.21918702,1.7928016,0.56096435,71.90456
44.50074,48.312824,1.2922531,3.8120842,8.5663395
0.6779776,0.91337454,1.1387584,0.23539692,34.720455
1.2716568,1.7081769,0.9951036,0.4365201,34.326878
4.854688,3.7336204,0.87228894,1.1210678,23.092476
1.683947,2.6798496,0.984432,0.99590266,59.140972
1.4036093,0.9515527,1.3300084,0.4520566,32.206726
0.33502188,0.0,1.1400325,0.33502188,100.00001
0.6142621,1.7509106,1.5908431,1.1366485,185.04292
0.37957639,0.95200855,1.2757974,0.57243216,150.80817
0.8326648,0.29916692,0.8686622,0.53349787,64.071144
0.530556,1.2564389,1.2729666,0.7258828,136.81549
2.0478098,1.507808,1.9208744,0.54000187,26.369728
1.0321856,1.7578626,1.6053265,0.725677,70.3049
0.67796713,1.3895298,1.201586,0.7115627,104.955345
1.020558,1.8226721,1.2556906,0.8021141,78.59564
1.9100465,1.0758485,0.8699249,0.834198,43.674225
0.5765876,0.73650575,1.8611035,0.15991813,27.73527
0.52477753,0.43919903,1.8297384,0.0855785,16.307577
0.8495299,0.0,0.8816924,0.8495299,100.0
7.1182985,8.847272,0.8704475,1.7289734,24.289139
0.6775285,0.59175974,0.8725472,0.08576876,12.659062
0.8204209,3.2859259,0.90994096,2.465505,300.51706
0.7921432,0.6014021,1.233912,0.19074112,24.07912
0.728068,1.421212,0.8846588,0.69314396,95.20319
0.9126051,1.885819,0.92473245,0.97321385,106.6413
0.81210405,1.1180654,1.0409608,0.3059613,37.675137
1.534692,1.1653168,0.8817527,0.36937523,24.068361
0.17183346,0.5944865,1.874881,0.42265302,245.96666
0.6845211,1.1422787,0.8967756,0.4577576,66.87268
3.3800519,2.298474,0.9051558,1.0815778,31.998852
20.463352,26.181095,0.9685117,5.717743,27.94138
3.4830692,4.849491,0.9851372,1.3664219,39.2304
1.0245917,0.45488077,0.860183,0.5697109,55.603703
1.9738233,1.7363517,1.1194675,0.23747158,12.031046
0.9321257,1.8170958,0.8825145,0.88497007,94.94107
1.6202811,2.6617134,0.9020539,1.0414323,64.27479
1.4728341,2.0761852,0.9132729,0.6033511,40.965317
6.9559016,7.214714,1.5574589,0.25881243,3.7207603
0.5176714,0.42316347,1.2117666,0.09450793,18.256355
3.7359664,4.656193,0.9002672,0.92022634,24.631548
0.54084784,0.24480522,1.3451102,0.29604262,54.736767
0.8074059,1.4258659,0.94229054,0.61846,76.598404
7.3250804,6.491143,0.8969213,0.83393717,11.384683
1.88783,1.6778758,0.88511497,0.20995426,11.12146
0.5009124,0.82761633,1.0537975,0.3267039,65.22176
0.8891452,1.4581336,0.99606544,0.5689884,63.99274
0.612858,1.0034381,1.3847047,0.39058012,63.73093
1.9674323,3.1455772,1.0319662,1.1781449,59.882362
1.2391573,0.01576984,1.6995012,1.2233875,98.72737
1.9327928,2.1236956,1.7063557,0.19090283,9.877046
0.95026475,5.5192537,0.96408117,4.568989,480.81216
0.7911815,0.0,0.89987475,0.7911815,100.0
1.8953235,2.474747,0.94520926,0.5794234,30.571217
46.682407,35.29691,1.1008799,11.385498,24.389269
0.57651144,0.16153252,0.96686906,0.41497892,71.98103
0.7881263,0.7906387,0.8938665,0.0025123954,0.3187808
3.9834464,5.252363,0.8822431,1.2689168,31.85475
0.9216379,6.2354946,0.8982766,5.3138566,576.56665
10.624036,10.634127,0.99070275,0.010090828,0.09498112
0.6897442,0.65655667,1.3594865,0.03318751,4.811568
7.555104,5.543474,0.89178973,2.0116296,26.626102
0.71338236,0.83409834,0.98116744,0.120715976,16.921638
9.871138,10.6502495,0.9481774,0.77911186,7.8928275
41.260395,31.860853,0.9978766,9.399542,22.781027
2.0569868,2.3598952,0.87807935,0.30290842,14.725832
24.47409,27.092134,1.2960647,2.618044,10.697206
5.5920424,8.322931,1.7826291,2.7308888,48.83527
0.9060591,1.4441648,1.1696446,0.53810567,59.389687
0.60759753,1.1423154,1.1484249,0.53471786,88.00527
1.0422876,2.4435315,0.8698247,1.4012439,134.43927
4.670759,7.7327566,0.90009964,3.0619974,65.55674
12.386071,11.7631445,0.9506541,0.6229267,5.029252
3.1392891,2.3489504,0.88003016,0.79033875,25.175724
3.2475095,1.7728837,1.1662141,1.4746258,45.4079
4.1415863,5.0388393,0.9045902,0.89725304,21.664478
4.5639853,6.3771553,0.8972587,1.81317,39.72778
1.3198937,1.3692513,0.9699862,0.049357533,3.7395082
1.6635537,1.4566133,0.8832872,0.20694041,12.43966
0.8504571,0.46983463,0.94358534,0.38062245,44.755043
4.049845,4.1113043,0.88129175,0.061459064,1.5175657
2.4778817,1.8161371,0.94802284,0.6617446,26.706062
0.3631793,0.5291338,1.0038285,0.1659545,45.694923
2.1072333,5.4602013,0.91239667,3.352968,159.11707
1.4799496,1.0409553,0.8610401,0.4389943,29.662786
2.415706,1.8547409,1.0135546,0.56096506,23.221579
9.526286,7.9440966,1.225212,1.5821896,16.608673
0.5819362,0.6851473,0.9609549,0.103211105,17.735811
35.762295,25.080746,0.9791089,10.681549,29.868187
0.55952865,1.1285896,0.8926089,0.569061,101.703636
1.1640657,0.51192033,1.8324597,0.6521454,56.02307
0.6882161,1.4121456,1.0196881,0.7239295,105.18928
17.985477,19.980606,0.98204136,1.9951286,11.092998
0.7963606,1.1339797,0.87240905,0.33761907,42.39525
19.069439,24.881397,1.0557767,5.8119583,30.477865
2.4356368,2.7169135,0.90380496,0.2812767,11.548385
0.406297,1.3460405,1.1201438,0.9397435,231.29472
1.0802162,1.4462552,1.6078376,0.36603904,33.885723
0.7894468,1.4062022,0.91932607,0.6167554,78.125015
4.1674786,7.031807,0.8956703,2.8643284,68.730484
3.909068,3.2566528,0.8916752,0.6524153,16.68979
10.752907,5.939558,0.87889856,4.813349,44.763233
5.1269717,5.6038065,1.0615209,0.47683477,9.300515
0.66247576,1.4652292,0.99529415,0.8027534,121.17475
1.1785748,1.3724504,0.9486637,0.19387555,16.449999
0.6691441,1.3088813,1.1153196,0.6397372,95.6053
1.6922414,1.1350669,0.87868017,0.55717456,32.92524
0.60481334,1.3332165,0.87398887,0.7284032,120.43439
1.8100648,4.5906634,0.87492716,2.7805986,153.61874
7.8218546,10.362089,0.8923006,2.5402346,32.476116
4.976374,4.516884,1.0904301,0.4594903,9.233436
8.54305,9.509344,1.0412725,0.9662943,11.310882
12.77242,17.473982,0.88793385,4.701562,36.81027
0.6421798,2.0531607,1.5668447,1.4109809,219.71744
5.189047,4.802066,1.2084318,0.386981,7.457651
0.83418083,0.33221304,1.8097527,0.5019678,60.174934
13.853816,13.510419,1.1395127,0.34339714,2.4787188
2.3326235,1.9641461,0.98008406,0.36847734,15.796691
1.6438591,5.136089,0.89666724,3.4922297,212.44093
2.7555585,4.169984,0.8917165,1.4144254,51.3299
6.3274746,5.6654615,0.8989374,0.66201305,10.462517
1.4776475,0.62100077,1.17401,0.8566468,57.97369
6.7739973,6.381423,0.88453084,0.3925743,5.7953124
25.96322,30.499514,0.98886967,4.536293,17.471996
22.373207,21.461714,1.0373262,0.9114933,4.0740395
3.3595161,3.2492633,1.04127,0.11025286,3.2818077
1.1195706,1.5641831,1.0167679,0.4446125,39.71277
6.891074,4.711958,0.87672096,2.1791162,31.622301
0.12178038,0.6015425,1.232154,0.47976208,393.9568
31.49692,32.464813,0.96930045,0.9678936,3.0729785
2.4580405,2.028338,1.3072287,0.42970252,17.481508
1.6975213,2.0333743,1.6392779,0.33585298,19.784904
40.619507,35.775368,0.9469878,4.844139,11.925647
3.318566,1.1973252,1.3007379,2.1212409,63.920403
0.71835124,0.6166692,1.0307046,0.10168207,14.154923
0.648921,0.0,0.9138719,0.648921,100.00001
0.5327391,1.3466566,0.90136594,0.81391746,152.77975
4.049219,6.634015,1.8138878,2.584796,63.834427
0.4916356,3.2020962,1.0284626,2.7104607,551.315
2.4242702,1.8340862,0.9596188,0.590184,24.34481
3.1369035,1.3748673,1.7258748,1.7620362,56.171192
1.361458,1.154552,1.2344801,0.20690596,15.197381
1.1219804,2.4519427,1.5087198,1.3299623,118.53703
0.83539283,0.0,1.742101,0.83539283,100.0
1.7318367,0.97758687,1.7342379,0.7542498,43.552017
1.3950363,2.70117,0.8812422,1.3061336,93.627205
0.24067153,0.6392286,0.9026965,0.39855707,165.60208
15.633373,16.241104,0.9744806,0.60773087,3.8873944
1.7728789,1.1835929,1.2055652,0.58928597,33.23893
0.39394486,0.7826549,0.97652996,0.38871002,98.67117
1.0118772,1.7316003,0.97436184,0.7197231,71.12752
48.461975,10.425333,0.90701807,38.036644,78.4876
7.643238,11.39332,0.8921081,3.750082,49.06405
1.3981695,2.1750283,1.293497,0.7768588,55.562565
0.6836994,1.7567322,0.9327362,1.0730329,156.94511
2.0923288,1.8769248,1.9031593,0.21540403,10.294942
10.472997,6.902747,1.5834206,3.5702496,34.09005
3.5015016,3.2509685,1.2080071,0.2505331,7.1550193
8.508505,9.113464,1.6548172,0.6049595,7.1100564
9.151892,14.12287,0.9065523,4.9709787,54.316406
1.4260223,2.0031893,0.9302074,0.57716703,40.473915
3.0315902,3.4604242,1.088243,0.42883396,14.145512
1.4678122,1.3990777,1.9209539,0.06873453,4.6827874
1.7931975,1.4734038,0.97277606,0.3197937,17.833714
5.8531013,5.440692,1.571629,0.4124093,7.045996
2.4411218,5.063378,0.91537386,2.622256,107.42013
29.622246,34.31802,1.0289425,4.695774,15.852187
0.67813414,0.48923945,1.0872351,0.18889469,27.855062
1.119332,0.15280962,1.6641512,0.96652234,86.348145
40.45694,14.458975,0.91927546,25.997965,64.260826
1.1288612,1.5606716,0.92676073,0.43181038,38.251858
1.3515803,0.58946455,0.87402993,0.7621157,56.387012
0.4786827,0.30163133,1.8562948,0.17705137,36.98721
0.5973161,0.6443116,1.1271839,0.04699552,7.8677807
9.852692,15.921423,1.0214952,6.0687313,61.59465
1.5801328,3.663141,0.87872523,2.0830083,131.82489
4.9142694,2.3852725,0.940467,2.528997,51.462315
0.6005589,0.33242452,0.87627095,0.26813436,44.64747
8.398514,8.486137,0.88524157,0.087623596,1.0433227
0.7818282,0.52279973,1.3247488,0.2590285,33.131126
1.8379531,1.0288295,0.9499139,0.80912364,44.023083
5.163982,4.7469034,1.2659514,0.4170785,8.076683
0.5615607,0.94859946,1.1923066,0.38703877,68.92198
0.38538435,1.4719378,0.9240072,1.0865535,281.94022
2.9574652,2.6289077,0.88282645,0.3285575,11.109429
2.991202,5.2715416,0.8884365,2.2803395,76.234886
3.8540244,4.9921455,0.92274016,1.1381211,29.530718
2.2998405,1.4428079,1.1256863,0.85703254,37.26487
0.99067044,0.06362939,0.86129445,0.92704105,93.57713
3.209973,3.452222,1.4586468,0.24224901,7.5467615
2.5580947,3.3248158,1.8381727,0.766721,29.972347
42.131744,29.480326,0.97728956,12.651419,30.028233
46.989296,32.18168,1.1049289,14.807617,31.512745
1.291684,0.94876367,1.0964427,0.34292036,26.548317
0.5032861,0.31599343,1.8673749,0.1872927,37.21396
2.8332427,4.041232,0.8900153,1.2079895,42.636284
3.123965,4.6877613,0.8938182,1.5637963,50.05806
13.204913,17.24877,1.3965144,4.0438566,30.623878
1.591847,2.7820654,1.5913645,1.1902184,74.76965
14.984743,20.733385,0.95331466,5.748642,38.3633
2.7622085,1.7618456,1.2702075,1.0003629,36.216053
1.0527471,2.6638248,0.89397156,1.6110777,153.03558
2.9107633,2.485536,1.4269753,0.42522717,14.608786
1.07548,2.807321,0.86597055,1.7318411,161.0296
1.7873032,1.3636155,0.8807827,0.4236877,23.705418
0.98627305,0.91265094,0.8928581,0.07362211,7.464678
6.5347486,7.055114,0.8905434,0.52036524,7.963049
0.67990655,0.0,1.7553737,0.67990655,100.0
6.0062575,8.226247,0.88738996,2.2199893,36.961273
31.185259,22.862982,1.0778406,8.322277,26.686575
0.68540967,0.6018717,1.3419819,0.083537936,12.188031
1.6119857,0.96210134,0.9819209,0.64988434,40.315765
1.9562474,0.74107957,0.87095916,1.2151679,62.117287
1.3597676,1.4320203,1.2901233,0.07225275,5.3136106
6.3821344,7.401189,0.8612133,1.0190544,15.967298
0.67070085,1.0233514,0.95184374,0.35265058,52.579414
30.185127,33.977238,0.97176415,3.7921104,12.562844
1.2529304,4.2280035,1.617494,2.975073,237.4492
0.7561325,1.226998,0.93649715,0.4708655,62.27288
2.7801495,2.465583,0.8862398,0.31456637,11.31473
1.6395956,5.2060733,0.99822646,3.5664778,217.52179
0.41652018,0.78206,0.9342078,0.36553985,87.76042
0.6912276,1.4615622,1.9198716,0.77033454,111.44441
2.8735235,2.3494496,0.88730544,0.52407384,18.238022
12.829016,10.255466,1.8461943,2.5735493,20.060379
1.1347909,1.6284596,0.8655965,0.49366868,43.50305
1.1739879,1.75095,0.86159676,0.5769621,49.145493
0.86463267,1.6587319,0.9823211,0.7940993,91.842384
2.4608667,3.7926152,1.2249751,1.3317485,54.11705
3.0725448,2.0451179,1.3610061,1.027427,33.438957
0.96393603,1.2326232,1.0872755,0.2686872,27.873964
0.97679216,2.576982,0.8802718,1.6001899,163.82092
7.891212,10.430519,0.92096955,2.539307,32.178925
1.6772679,2.2489026,0.8840334,0.57163465,34.081295
3.7431104,4.0250225,0.84640175,0.2819121,7.531492
1.4289099,2.8941603,1.4791526,1.4652504,102.543236
1.0009778,2.0634665,0.8565318,1.0624888,106.145096
11.941117,19.272928,1.055085,7.331811,61.399708
0.3966648,0.0,1.0914476,0.3966648,100.0
0.80895376,1.0039608,1.9141692,0.19500709,24.106087
8.93527,12.921634,0.8762156,3.9863634,44.6138
3.451453,1.9356662,1.1495451,1.5157868,43.91735
1.1997633,1.4560192,0.99350566,0.25625587,21.35887
0.8545209,0.0,0.871258,0.8545209,100.00001
5.5746493,7.0868855,0.9179322,1.5122361,27.127018
0.98930454,2.0026164,0.91229737,1.0133119,102.42668
1.3496317,4.368667,0.86558723,3.0190353,223.69328
14.710904,9.626972,0.8885626,5.083932,34.558937
4.093306,2.2084675,1.7391657,1.8848386,46.046852
0.9564161,1.0283861,0.9333416,0.071970046,7.524972
6.308266,8.814704,0.90542084,2.5064378,39.732594
2.2493403,3.7103426,0.96588,1.4610023,64.952484
41.14159,40.696648,1.0747654,0.44494247,1.0814908
0.7975253,0.8532625,0.86481386,0.055737197,6.988769
2.7712739,3.4381588,1.3823117,0.6668849,24.064201
1.098115,1.0131174,0.8699071,0.084997535,7.7403135
0.97161233,0.45888913,1.0497811,0.5127232,52.770348
0.6994865,0.7446798,1.8136911,0.045193315,6.4609275
1.4290779,2.9066155,0.86826915,1.4775376,103.39098
3.4983194,4.8432245,0.90255743,1.3449051,38.44432
0.66023904,0.40369368,1.121429,0.25654536,38.856438
3.3876083,6.0428524,0.9309364,2.655244,78.38109
0.18225835,0.7747749,1.8956783,0.59251654,325.09708
4.2281284,4.9467454,1.7914939,0.71861696,16.9961
1.0565225,0.57222587,0.8738317,0.48429662,45.83874
6.883647,11.344014,0.8878933,4.460367,64.79657
1.1093651,1.4442556,1.3328676,0.33489048,30.18758
7.2236066,8.228389,1.5857562,1.0047822,13.909702
11.667439,12.509578,1.005505,0.8421383,7.21785
1.321372,0.45200098,0.8681644,0.86937106,65.79305
12.660107,12.975253,0.9661811,0.31514645,2.4892874
4.0242815,4.2664127,1.429802,0.24213123,6.016757
16.174225,18.170984,1.523654,1.9967594,12.345317
2.7291133,4.8822756,0.9012285,2.1531622,78.896034
8.095374,15.212012,0.88604355,7.116638,87.909935
0.33280984,0.052457333,1.0056596,0.2803525,84.238045
1.0288138,1.1357772,1.9096321,0.106963396,10.396769
1.6087209,2.6681561,0.8703548,1.0594352,65.85575
12.993159,17.411366,0.95760995,4.418206,34.004093
13.039451,13.59363,0.924195,0.5541792,4.2500196
6.602298,5.109285,1.2752525,1.4930129,22.613533
18.106684,8.638653,0.88414747,9.468031,52.290253
13.98253,17.313562,1.0280701,3.3310328,23.822819
0.9401268,1.5560787,1.4786859,0.6159519,65.51796
4.115296,4.0710716,1.5613075,0.044224262,1.0746315
1.0337845,2.449214,1.5185587,1.4154295,136.91727
1.373141,1.0614378,1.2556937,0.3117032,22.700014
0.5305721,0.042420268,0.9084825,0.48815185,92.00481
7.439407,8.215106,0.97815967,0.77569914,10.426895
1.117412,1.5391307,0.886478,0.42171872,37.740665
39.184086,29.32776,0.9500714,9.856325,25.153898
2.9248335,1.592915,0.8737021,1.3319185,45.538265
4.1320653,3.7284162,0.89734054,0.4036491,9.768701
0.6642948,0.18825269,0.9075273,0.4760421,71.66127
3.657962,3.1208723,0.97683996,0.5370898,14.682761
1.3276219,4.870222,0.91664493,3.5426002,266.838
2.1463718,2.8638992,0.87443024,0.7175274,33.42978
5.3327355,3.6135764,0.89651185,1.7191591,32.237846
16.153444,17.47894,0.9386176,1.3254948,8.205647
4.4524064,5.5495377,0.96242696,1.0971313,24.64131
1.1929102,2.1505067,0.8586687,0.95759654,80.27398
0.96256304,1.692391,1.6329105,0.729828,75.82132
0.5538125,0.9903253,0.91465044,0.43651277,78.819595
4.9320707,7.224165,1.7624644,2.2920942,46.473263
0.44701588,0.74038386,0.96512485,0.29336798,65.62809
19.850218,24.213165,1.4026468,4.3629475,21.979343
0.92371505,1.243962,0.8870221,0.320247,34.669456
1.5769333,1.850636,1.4738886,0.27370274,17.356647
4.1675715,5.5294905,0.9120691,1.3619189,32.67896
1.0578777,1.2458801,1.6847382,0.18800247,17.771666
2.8936465,2.570059,0.8821078,0.32358742,11.182687
3.5469742,4.587347,1.0367434,1.0403728,29.331278
0.8565394,1.3239831,1.9107062,0.46744365,54.573513
3.0694232,4.4666777,1.5601528,1.3972545,45.52173
6.31602,8.462422,0.916647,2.1464024,33.983463
0.57627815,0.0,0.89134526,0.57627815,100.0
0.07497643,0.5815951,1.8338263,0.5066187,675.7039
4.8912654,3.3033838,1.4072596,1.5878816,32.463615
0.6623821,0.85098016,1.338025,0.18859804,28.472694
5.367084,6.1687174,0.9119075,0.80163336,14.936107
0.34792736,0.5626923,0.9211259,0.21476492,61.72694
3.8366935,3.793957,1.7382355,0.04273653,1.1138896
1.0834718,1.6595025,0.9205581,0.57603073,53.16527
23.032381,27.947958,0.89844316,4.915577,21.342026
3.7660065,3.0433803,0.9131814,0.7226262,19.18813
1.4608347,1.1133336,1.4075499,0.34750116,23.787848
26.20892,27.81688,0.95023954,1.6079597,6.1351624
2.4512045,2.285771,0.888132,0.16543365,6.749076
1.1612192,1.0493982,1.6872772,0.111821055,9.629625
6.035602,5.9324512,1.5259085,0.103150845,1.7090398
18.960192,24.7918,0.9397737,5.831608,30.757113
14.679963,19.729336,0.92102796,5.0493727,34.39636
20.638418,22.89439,1.1058129,2.255972,10.930935
11.78544,17.652027,0.88395596,5.8665867,49.77826
1.535532,3.507248,0.89269024,1.9717159,128.40605
15.845984,15.1312,0.93297225,0.7147846,4.510825
0.68071544,0.89014494,0.8710714,0.2094295,30.766088
0.90433943,2.1250098,0.9050973,1.2206703,134.97922
2.003784,2.352629,1.0228869,0.348845,17.409311
0.56563854,0.76949793,1.8405045,0.20385939,36.040577
2.0681078,1.7724802,1.6567447,0.2956276,14.294593
0.9817145,1.817906,1.9026079,0.83619153,85.17665
4.3456736,4.0844507,0.87767184,0.26122284,6.0111012
0.6258482,1.8702061,1.103451,1.244358,198.82744
1.6441423,1.7646692,0.9416274,0.12052691,7.330686
17.803785,14.945812,0.91481984,2.857973,16.052614
9.513179,7.838661,1.8553683,1.6745176,17.602083
0.18074821,0.5319636,1.006927,0.35121536,194.31195
2.079098,2.1370292,1.621527,0.057931185,2.7863615
0.7694018,1.5903926,1.0319557,0.8209908,106.705086
1.3393406,1.1145837,1.4937321,0.22475684,16.781157
7.9578834,13.715408,0.8792247,5.757525,72.34995
1.0241702,0.674718,1.4496999,0.34945214,34.120514
16.517548,20.95595,0.91290253,4.438402,26.87083
2.4979699,2.2827082,0.8579247,0.2152617,8.617465
1.0130209,1.0724826,0.84183604,0.059461713,5.869742
4.1704106,5.212508,1.7447693,1.0420976,24.987888
6.283358,3.7677877,0.8679794,2.5155704,40.035446
1.3632808,1.4213862,1.2626692,0.05810547,4.2621794
4.647525,5.718114,0.9467569,1.0705891,23.035683
0.5153455,0.0,1.7462876,0.5153455,100.0
5.310292,4.7885194,0.89123785,0.5217724,9.825682
0.7250793,0.42008865,1.2611753,0.30499065,42.063076
0.8130154,1.3514056,0.9393556,0.5383902,66.221405
33.15052,27.0054,1.710566,6.1451206,18.537027
10.172555,9.052903,0.9015919,1.1196518,11.006594
1.5939274,3.1593626,0.8874066,1.5654352,98.212456
4.991645,3.442981,0.88275206,1.5486639,31.02512
3.1401107,4.042095,1.6390407,0.90198445,28.724607
0.49848,1.1455022,1.4816533,0.64702225,129.79904
3.3033895,4.1141233,1.4019707,0.8107338,24.542482
0.798833,0.8510618,0.9241036,0.05222881,6.5381384
0.8334451,1.5845625,0.9746093,0.75111747,90.12202
0.99161065,0.8113273,1.3272599,0.18028337,18.180862
4.2688136,4.2443438,1.3365483,0.024469852,0.5732237
3.2180412,2.9268327,1.759334,0.2912085,9.049247
1.6872447,0.7549497,0.91640145,0.93229496,55.25547
6.3160024,8.834905,1.7084,2.5189023,39.881275
0.5411568,0.0,0.9371202,0.5411568,100.0
2.5588884,5.5756664,1.7934967,3.016778,117.89408
9.317433,8.4514885,1.0928674,0.86594486,9.293813
1.3288034,1.2577561,0.94375676,0.071047306,5.346713
1.2323203,1.4055244,1.4945589,0.17320406,14.055117
0.3331888,0.79467034,1.4201459,0.46148154,138.50452
4.560428,4.024909,1.0970875,0.5355191,11.742738
0.11063854,1.024981,1.9165214,0.91434246,826.42316
11.001111,11.816446,1.4445581,0.8153353,7.41139
8.402829,9.802933,0.880986,1.4001036,16.662289
32.952824,37.778263,0.9576142,4.8254395,14.643478
0.5814211,1.1088876,1.4626555,0.5274665,90.720215
7.12801,7.7400045,0.97159654,0.61199474,8.585773
0.9707895,0.22599196,1.329336,0.7447975,76.7208
19.936617,19.582432,1.5553013,0.3541851,1.7765557
1.0191337,1.8023739,1.6448972,0.7832402,76.85353
4.9644523,2.7186942,0.8789542,2.245758,45.236774
0.46773392,1.1883259,0.9076667,0.72059196,154.06023
22.807434,28.77665,0.9154597,5.9692154,26.172234
1.2156457,0.6398833,0.9998457,0.5757624,47.362682
4.4063015,3.8756049,1.606716,0.53069663,12.044039
14.085432,16.939777,0.8867183,2.8543453,20.26452
2.3181765,1.6232234,1.0029153,0.6949531,29.978437
0.82196534,0.61913216,1.8510005,0.20283318,24.676609
0.60025835,0.008403659,0.9686175,0.5918547,98.6
0.5022279,1.2732035,1.625492,0.7709756,153.5111
28.705149,24.88198,0.91663337,3.8231678,13.318752
11.812639,10.542179,1.2415463,1.2704601,10.755092
1.3740928,0.0,1.1707857,1.3740928,100.0
1.0101365,4.4000254,0.94573164,3.3898888,335.58722
1.1427501,0.5665017,1.2974367,0.57624847,50.426464
1.0263366,0.26960993,0.8577254,0.7567266,73.73084
1.2020745,1.4105406,0.8666228,0.20846605,17.34219
3.8068671,3.357472,1.7921036,0.44939518,11.804856
2.887908,2.5109808,0.8707938,0.37692714,13.051909
5.320329,3.6794617,0.8783144,1.6408675,30.841465
0.9201858,1.3732122,1.9210502,0.4530264,49.23206
0.46692172,1.4819,1.6489317,1.0149783,217.37654
0.79445285,0.7946143,1.6143569,0.00016146898,0.020324552
1.1845276,0.49245554,1.2852381,0.6920721,58.425995
1.6868742,1.5979784,1.6154006,0.0888958,5.2698536
0.96778226,0.4209634,0.850401,0.54681885,56.50226
23.055845,29.361023,1.0032667,6.3051777,27.347414
2.9553442,4.111371,0.907587,1.1560268,39.116486
1.3281828,2.0818813,1.2004694,0.75369847,56.746593
4.6637697,4.147806,0.9277808,0.51596355,11.06323
0.6359387,1.5399868,0.87387127,0.90404814,142.15964
5.3660483,8.845624,0.8810597,3.4795756,64.844284
3.9302633,3.6371942,0.9860208,0.29306912,7.45673
0.32663515,0.0,0.92696536,0.32663515,100.00001
1.38539,1.0565197,0.9281426,0.3288703,23.738464
0.8242357,1.483285,1.4475719,0.6590493,79.95884
1.2254896,4.4152017,0.9112417,3.189712,260.2806
0.77444255,0.7192703,1.8540821,0.055172265,7.124126
2.3359244,2.131332,0.868615,0.20459247,8.758523
0.54518276,0.8801875,1.4967936,0.33500475,61.44815
1.6563036,1.0409374,1.0892193,0.6153662,37.152985
2.117686,2.2267437,1.3142579,0.109057665,5.1498504
0.9398825,0.6886468,1.6344268,0.25123572,26.730547
1.4183465,1.0823516,1.329597,0.33599496,23.6892
2.8896337,5.4687433,0.92788076,2.5791097,89.25387
0.919246,2.084835,1.6055393,1.1655891,126.79838
1.9415582,2.3233886,0.8968037,0.38183033,19.66618
1.7635764,2.4603143,0.9597171,0.6967379,39.5071
1.4588017,2.7218595,0.8616362,1.2630577,86.58186
6.1859517,4.626756,0.8498359,1.5591955,25.205427
1.5010871,2.3099802,0.90827143,0.8088931,53.88715
0.43784758,0.953558,0.8847758,0.5157105,117.783104
4.235345,3.0524786,0.8705445,1.1828663,27.928453
4.531588,4.201274,0.8627165,0.33031416,7.2891483
1.3455437,4.860034,0.8779393,3.5144901,261.1948
6.365761,11.238342,0.9682827,4.8725815,76.54359
1.1811603,1.2340112,1.091725,0.052850842,4.474485
1.2078402,1.5398898,0.8673751,0.3320496,27.491186
2.3781757,1.4900811,0.91434294,0.88809466,37.343525
0.59549576,0.23172855,1.8676202,0.3637672,61.08645
1.0466208,0.9598496,0.88866496,0.08677125,8.290609
9.907822,14.555025,0.9163165,4.6472034,46.904392
2.0015612,1.7421712,0.8837373,0.25939,12.959384
2.3774831,2.5512874,1.2743998,0.17380428,7.310432
6.38388,6.8989897,0.9560592,0.51510954,8.068911
21.014507,26.757221,1.0204958,5.742714,27.327377
0.6020241,1.7827803,1.3253933,1.1807562,196.13106
2.3418803,1.1503615,0.86487836,1.1915188,50.878723
13.191155,10.395738,1.2805194,2.7954178,21.191607
2.864426,2.9052958,1.0124308,0.04086995,1.4268112
0.71554124,0.7814728,1.7145194,0.06593156,9.214222
0.8626229,0.9397699,0.90331984,0.07714701,8.943306
0.53998446,1.0697145,1.2094315,0.5297301,98.10098
1.6532422,1.4286057,0.8720198,0.22463655,13.587637
1.6906321,1.1567385,0.862925,0.5338936,31.579525
1.0597533,2.4605782,0.8767045,1.4008249,132.18405
1.1088606,1.925827,1.0344261,0.8169664,73.6762
0.7353278,1.0077382,1.5101092,0.27241045,37.046124
1.745062,3.8463638,0.88701093,2.1013017,120.41416
1.5316783,2.2729301,0.9125255,0.7412518,48.394745
8.259656,10.691011,0.90235466,2.4313555,29.436522
0.7547734,5.999836,0.94910693,5.245063,694.9189
0.90402246,1.0511714,0.8877569,0.14714897,16.277136
5.4920845,4.248563,1.1218976,1.2435217,22.642073
9.093066,1.8676051,1.7802889,7.225461,79.46121
1.3545611,2.012593,0.8647997,0.65803194,48.578976
0.91491485,0.5621544,1.2564628,0.35276043,38.55664
13.337387,13.548435,1.5765173,0.21104813,1.5823798
6.075823,9.440655,0.9502484,3.364832,55.380676
26.062624,18.743105,0.93847144,7.319519,28.084352
17.39463,23.510536,0.9436378,6.115906,35.159733
5.588019,6.4487047,0.8788256,0.8606858,15.402343
1.7355374,1.1168787,1.8707831,0.61865866,35.64652
0.5925972,1.7953888,1.0150818,1.2027917,202.96953
1.8168476,1.3969916,1.9210436,0.41985595,23.109035
2.8011408,3.911978,0.86741847,1.1108372,39.6566
10.481924,9.226164,1.539706,1.2557602,11.980245
7.5551424,12.486059,0.8977395,4.930917,65.2657
11.199722,10.905312,1.6539061,0.2944107,2.6287322
0.24314593,0.0,1.1762632,0.24314593,100.0
6.326828,6.0934963,0.86710066,0.23333168,3.6879725
0.4987925,1.5794361,1.5430963,1.0806435,216.65192
7.9700146,3.024119,0.87340146,4.9458957,62.056293
3.9298868,6.2286015,1.351429,2.2987146,58.49315
5.7597027,9.101013,0.9121435,3.3413105,58.011856
0.3431519,1.2412784,1.5071052,0.8981265,261.72855
2.2988727,1.7077076,1.4470402,0.59116507,25.715433
1.273333,0.8446363,1.3788557,0.42869663,33.667286
9.169127,8.925164,0.9348808,0.24396324,2.660703
0.5707643,0.3735723,0.9986188,0.19719201,34.548767
1.813794,1.0536345,0.8677503,0.7601595,41.909912
0.91551626,0.8967165,1.1860976,0.018799782,2.0534623
0.5816464,0.8805852,0.88318205,0.2989388,51.395283
0.67596054,1.2762234,1.2468452,0.6002629,88.80147
5.9547777,7.6329155,0.9211662,1.6781378,28.181368
3.3878872,1.8419471,0.9540508,1.5459402,45.631393
1.7244394,2.6524518,1.0218778,0.9280124,53.815308
0.21192075,0.6128655,0.969107,0.40094477,189.19562
1.6141734,1.3971171,1.7796924,0.21705627,13.446899
5.4746923,7.2066507,0.9192683,1.7319584,31.63572
1.3816687,2.6173322,0.9241077,1.2356635,89.43269
2.0025487,1.9477856,0.883278,0.05476308,2.734669
11.441949,7.1187544,0.89643407,4.3231945,37.783726
0.3114648,0.45731562,0.92750955,0.14585084,46.827393
0.51934016,0.85555035,0.88790876,0.3362102,64.73795
1.2539198,0.80243695,0.87579304,0.4514829,36.005722
0.29274875,0.4371363,0.9396091,0.14438754,49.32132
3.0045,5.72666,0.8737602,2.7221599,90.60275
2.428894,3.3511367,1.321072,0.92224264,37.969654
0.62056714,0.98071647,0.9308347,0.36014932,58.03551
0.8607614,0.5633426,1.8421154,0.29741883,34.552994
37.772415,32.78879,1.342968,4.9836235,13.193818
40.27665,38.213184,0.92446965,2.063465,5.1232295
7.131571,14.714987,0.9137718,7.583416,106.335846
0.62081486,0.63986945,1.6321983,0.019054592,3.0692873
2.0066106,4.04401,1.7086067,2.0373995,101.53438
1.1915007,2.7073627,1.8431953,1.515862,127.22292
2.380334,1.151386,1.8454809,1.2289479,51.629223
0.7773907,1.2672135,1.2818043,0.48982275,63.008564
0.9704852,1.8316736,1.5911329,0.8611884,88.73792
0.22702567,0.3965268,1.2995771,0.16950114,74.66166
0.94896317,0.9913833,0.96436256,0.04242015,4.4701576
1.2210069,5.594103,0.98618144,4.373096,358.1549
2.722512,1.2370813,1.3124502,1.4854307,54.561035
0.09763951,0.69646275,1.6081641,0.59882325,613.3001
5.1605787,2.3055518,0.8645177,2.855027,55.323772
7.046469,6.637411,1.363176,0.4090581,5.8051496
4.854027,8.169502,0.8931033,3.3154755,68.30361
2.273318,2.4362237,0.87443584,0.1629057,7.165988
0.49767426,1.2046684,1.127888,0.7069942,142.05962
0.8686505,0.44699728,1.2380735,0.4216532,48.54118
0.21098557,0.39775884,1.3584784,0.18677327,88.524185
2.187472,3.2992733,0.93273574,1.1118011,50.825844
25.244205,26.998,1.0688163,1.7537937,6.947312
3.5148218,3.506636,0.88052565,0.0081858635,0.23289555
0.19537808,0.90035856,1.4486127,0.7049805,360.82886
0.49200076,0.23644412,1.8511156,0.25555664,51.942326
0.90910083,2.1170125,1.5514755,1.2079117,132.86885
0.73150396,0.0,1.4223251,0.73150396,100.0
4.4786024,2.9746644,1.2545599,1.503938,33.58052
1.2703116,1.6851405,0.8699971,0.4148289,32.65568
4.1104407,4.503789,1.4466712,0.39334822,9.56949
1.4638603,0.52675825,1.0404094,0.937102,64.015816
3.52236,2.2010076,0.88843995,1.3213525,37.51327
1.048971,1.468504,0.86207277,0.4195329,39.994705
1.3074168,1.2429368,1.5619352,0.06447995,4.9318585
34.87205,20.217714,1.8326057,14.654337,42.02316
13.644846,18.253433,1.6173362,4.6085873,33.7753
19.686235,7.2996836,0.8732471,12.386552,62.919857
2.2979207,5.0145826,0.93547404,2.716662,118.22262
5.9034195,6.4835787,0.98654,0.5801592,9.827511
9.4877205,8.347114,1.7543584,1.1406069,12.021927
4.552386,3.19344,1.9123647,1.3589458,29.851292
0.97161484,1.2603161,1.9188684,0.2887013,29.713552
29.467009,31.609152,0.9596927,2.1421432,7.2696323
5.763295,8.561145,0.89887667,2.7978497,48.54601
11.932147,12.936986,1.100322,1.004839,8.421275
2.4285164,1.9477074,0.8834234,0.48080897,19.798466
2.8051047,2.2075417,1.1119219,0.597563,21.302698
6.0927825,10.01218,0.9128771,3.9193978,64.32854
1.1949769,0.7558087,1.1693586,0.4391682,36.751186
8.94516,12.234993,0.9098795,3.289833,36.7778
1.3634294,1.8442724,0.88232255,0.48084295,35.267166
1.7838528,0.6600154,1.0658684,1.1238375,63.00057
4.92383,6.7974796,1.6462107,1.8736496,38.052685
1.3467239,1.4793329,0.90827996,0.13260901,9.846785
0.29212222,0.16140199,1.041444,0.13072023,44.74847
0.57703054,0.0,1.7405638,0.57703054,100.0
0.6380282,0.9542282,1.1638421,0.31620002,49.55894
13.500804,7.2086277,0.91883886,6.2921762,46.605938
3.5694559,2.1894712,0.8769121,1.3799846,38.660923
0.51169807,0.8485896,1.1749301,0.33689153,65.83795
5.304645,4.336254,1.3928341,0.96839094,18.255527
2.229411,1.9255362,1.3487126,0.30387473,13.630271
2.2638335,1.1307701,1.3656689,1.1330634,50.05065
0.697382,2.2910507,0.9100325,1.5936687,228.52164
4.609192,5.892085,0.907471,1.2828932,27.833364
7.3982086,9.365699,0.8827591,1.9674902,26.594143
7.549969,4.910234,1.8504701,2.6397352,34.96352
34.37077,36.975426,1.5722282,2.6046562,7.578115
1.6345344,1.5309567,0.9157942,0.103577614,6.336827
1.0078994,1.7552228,1.4245179,0.7473234,74.14662
1.3683032,0.52610016,1.0826192,0.842203,61.550903
5.3355565,4.640414,1.2945806,0.69514227,13.028487
1.8078339,1.5073866,0.9009318,0.30044734,16.61919
0.26313302,0.7114383,1.0327352,0.44830528,170.37212
1.0969784,0.89137703,1.4905993,0.2056014,18.74252
2.7360225,2.5490952,1.3675268,0.18692732,6.8320827
1.729279,0.9707159,0.8765415,0.75856316,43.865864
1.7234805,1.622796,1.7178568,0.100684404,5.841923
0.09172161,0.46725237,1.8432925,0.37553078,409.42453
45.70715,35.482487,0.92083883,10.224663,22.369942
2.0953379,1.2818724,1.4749625,0.8134655,38.82264
1.4037321,1.0274751,0.88890076,0.37625694,26.804043
2.659031,1.9249854,0.84483993,0.7340455,27.605753
1.184423,1.5684121,0.955549,0.3839891,32.41993
2.3854847,2.34297,0.8803831,0.0425148,1.7822291
35.850056,33.302895,0.9234597,2.547161,7.105041
1.7438666,0.5470318,1.475765,1.1968348,68.631096
5.239043,10.482464,0.90325147,5.2434206,100.08355
0.48786458,0.7844418,1.0990435,0.29657724,60.790894
5.0116158,3.910617,0.886354,1.1009986,21.968935
0.9737108,0.21389246,0.87708926,0.7598183,78.03327
3.063322,2.24717,1.011805,0.8161521,26.642714
4.006354,3.988859,1.2652375,0.017494917,0.43667927
1.0364481,2.1623116,1.4888245,1.1258634,108.62709
2.1060085,3.5948727,0.97247684,1.4888642,70.696014
2.394737,2.8041067,1.480587,0.4093697,17.094557
3.2673352,3.4760988,1.4402308,0.2087636,6.389415
0.6144513,0.7442069,1.9096674,0.12975562,21.117315
48.871746,15.3128195,0.89293015,33.558926,68.667336
1.0148721,1.2585254,0.9177249,0.2436533,24.008276
1.7878191,2.3555307,0.87788945,0.5677116,31.75442
3.010052,6.667568,0.9032321,3.6575162,121.51007
0.7965957,3.1408439,0.8988111,2.3442483,294.28333
0.928118,0.09117162,1.813372,0.83694637,90.17672
20.593458,19.626558,0.8932333,0.9668999,4.69518
3.9418926,5.845625,0.9010953,1.9037323,48.29488
1.8411691,1.6107008,1.2037553,0.23046827,12.517496
0.7035807,2.0066752,1.5589908,1.3030946,185.20898
0.86790514,0.68974143,1.003042,0.1781637,20.528015
1.031364,1.5079619,1.4137801,0.4765979,46.210445
0.38797843,1.2129745,0.96499294,0.8249961,212.63968
1.1466371,1.2874569,1.0888935,0.14081979,12.281113
2.8483012,4.7903376,1.5207628,1.9420364,68.182274
1.6050836,1.4661344,0.8955936,0.13894916,8.656817
3.7638347,7.9753847,0.8698688,4.2115498,111.89518
23.211637,23.57583,0.9875654,0.36419296,1.5690103
27.062477,31.726713,0.9840514,4.664236,17.235067
1.3846899,1.3330936,0.8722787,0.051596284,3.7261977
9.640479,16.428297,0.929681,6.787818,70.40955
4.70295,4.865484,0.89241403,0.16253424,3.456006
13.497981,12.945608,1.6200694,0.55237293,4.092263
6.2617235,9.128281,0.9015031,2.8665571,45.77904
1.2124442,1.3360841,1.0956206,0.12363994,10.197578
0.85601336,0.7767072,1.4189973,0.079306185,9.264596
3.7913308,3.1731465,0.88859105,0.6181843,16.305206
6.1745105,4.7986307,0.901719,1.3758798,22.28322
3.114264,3.3727825,0.8763119,0.25851846,8.301109
7.9923067,4.8490205,0.944057,3.1432862,39.3289
4.2371116,4.9675455,1.0329772,0.73043394,17.23896
0.8928865,0.96707916,1.7663904,0.07419264,8.309302
11.4061775,13.103291,1.0016624,1.697113,14.878894
2.9615874,5.623584,0.95377344,2.6619964,89.88411
0.8376495,0.67516816,0.8498993,0.16248137,19.397297
1.237639,3.0703106,0.8853978,1.8326716,148.07805
9.065637,7.640169,0.88536584,1.4254675,15.723855
0.56102824,0.23205829,0.89334637,0.32896996,58.63697
0.51559925,1.1236964,1.3348598,0.6080972,117.93989
0.97180337,0.7367641,0.8529714,0.2350393,24.18589
2.6376562,1.49773,1.2764525,1.1399262,43.217392
0.8822544,0.99292725,1.3103448,0.11067283,12.544322
1.6624628,1.1747279,1.0415403,0.4877349,29.338095
42.347202,13.960273,1.5943178,28.386929,67.033775
0.7684638,0.8204788,0.8779261,0.052015007,6.7687
0.9539012,1.0165293,0.9469525,0.06262815,6.565476
0.5073766,1.0524373,1.4527888,0.5450607,107.42724
0.9204326,0.5819657,1.2196143,0.33846694,36.772594
5.0558653,6.44981,0.96057564,1.3939447,27.570843
0.53606784,1.3285902,0.92429286,0.7925223,147.83992
8.365989,13.939034,0.93125445,5.5730457,66.6155
0.5557325,0.35850263,1.042528,0.19722986,35.490074
32.86362,10.195118,0.8785157,22.668503,68.9775
0.4688813,1.0311315,1.1292398,0.5622502,119.913124
1.3239589,1.7761724,1.1622958,0.45221353,34.156162
22.109367,27.827059,0.9840786,5.7176914,25.860947
0.5433485,0.9095391,1.2453953,0.3661906,67.395164
9.018374,10.907592,1.0669415,1.8892174,20.948536
12.208606,8.105599,1.863154,4.1030064,33.607494
0.45492998,0.44463247,1.764888,0.010297507,2.2635367
16.541029,17.54907,0.9459241,1.0080414,6.0941877
2.6009223,3.2953727,1.636153,0.6944504,26.700157
3.0155318,2.7067711,0.8523625,0.30876064,10.239012
4.2811236,6.1181536,0.8895192,1.8370299,42.909992
0.5685335,0.5215854,0.9695748,0.046948075,8.2577505
2.3177311,2.5139098,1.6226794,0.19617867,8.464254
8.353047,11.905681,1.7477242,3.5526333,42.530987
1.4249974,1.1133242,1.1367571,0.31167328,21.87185
30.200493,16.272568,0.8736713,13.927925,46.118202
1.3890705,1.305545,1.4658142,0.08352554,6.013053
0.7271748,0.72619486,1.8989475,0.00097996,0.13476264
2.1361759,1.0963941,0.9068965,1.0397818,48.674915
12.483322,15.499075,1.2419275,3.0157528,24.158257
2.9447577,3.0910847,1.2597984,0.14632702,4.969068
0.42608282,1.1063695,1.0696491,0.68028665,159.66066
0.8152552,0.8193158,1.3910214,0.0040605664,0.49807304
12.59112,11.354879,1.6078395,1.2362404,9.818352
7.612584,8.423322,0.90596694,0.8107376,10.649966
3.2392418,2.842999,0.87123954,0.39624286,12.23258
2.0779219,1.3418425,1.1196495,0.73607934,35.42382
0.34196362,0.8650048,1.6430368,0.5230411,152.95227
5.532896,5.576997,1.2872193,0.04410076,0.7970647
1.2663853,0.7492064,0.8528137,0.5171789,40.83898
2.0321345,1.2895274,1.0631448,0.7426071,36.543205
25.703516,30.599049,0.98699945,4.8955326,19.04616
0.9972,1.6709594,0.94611704,0.67375934,67.56511
0.16834393,0.57107115,1.3750397,0.40272722,239.22882
25.873093,30.209608,0.98258805,4.3365154,16.760715
2.9435916,3.537987,0.93233347,0.5943954,20.192863
0.6526536,0.99522674,1.1696901,0.34257317,52.48928
40.35182,42.78828,1.0447434,2.4364586,6.0380387
5.9616547,4.20514,0.8809783,1.7565145,29.463541
10.362642,17.724482,1.3119965,7.3618393,71.04211
1.6432635,1.2903275,1.4517361,0.3529359,21.477743
4.0509615,3.6474042,0.89915365,0.4035573,9.962012
3.2343557,6.116972,0.9108277,2.8826163,89.1249
0.7284017,0.34686172,1.319565,0.38154,52.380436
23.591196,29.158464,0.9299785,5.5672684,23.598923
0.6236061,0.9762863,1.2693812,0.3526802,56.554966
4.372248,3.5121505,1.1951803,0.86009765,19.67175
11.021139,7.7722692,1.251302,3.24887,29.47853
2.5891144,2.0351431,1.794359,0.5539713,21.396168
0.7665406,0.9155675,1.4306865,0.14902693,19.441492
7.9763656,9.556164,0.9286578,1.5797982,19.805992
2.8278077,3.4356258,0.9093148,0.6078181,21.494324
3.8500764,5.197524,0.87751347,1.3474476,34.997944
6.723085,4.774707,0.8808608,1.9483781,28.98042
3.1348395,3.151025,1.2702888,0.016185522,0.51631105
16.664526,19.180468,0.94691324,2.5159416,15.097589
0.56097305,1.0987246,1.2850605,0.53775156,95.8605
1.1298312,1.6047887,0.8606644,0.47495747,42.037914
6.2828546,7.667839,0.90538305,1.3849845,22.043873
6.126048,8.8713665,0.92824364,2.7453184,44.813854
0.96436924,2.6231892,0.879796,1.6588199,172.01086
1.543814,0.80084777,0.88468784,0.7429662,48.12537
0.6260247,0.87339705,1.0129259,0.24737233,39.514786
0.77567106,1.4936731,0.87474924,0.718002,92.56527
0.65100753,1.6200923,1.2075173,0.96908474,148.85922
0.61531836,1.4355534,1.7718124,0.8202351,133.30255
0.8672842,1.7678149,0.8672992,0.9005307,103.833405
0.618228,1.1682343,1.9186802,0.55000633,88.964966
0.6221135,0.30688286,1.3052801,0.31523067,50.670925
4.5663414,4.796581,1.7578926,0.23023939,5.0420976
0.66262496,0.7780359,0.94205457,0.115410924,17.41723
17.101881,17.53489,0.9288283,0.4330082,2.531933
0.8227552,1.3070545,1.9206835,0.4842993,58.86311
0.50137585,2.376655,1.5991333,1.8752792,374.02664
3.5602503,4.2117124,1.6205082,0.6514621,18.29821
21.218405,25.406752,1.0074624,4.188347,19.739216
6.0572147,7.072276,1.6101737,1.0150614,16.757889
1.3822346,3.9159431,0.8785437,2.5337086,183.30525
3.1914492,6.253187,0.8778169,3.061738,95.93566
3.836262,7.6051216,0.97220516,3.7688596,98.24302
4.4249363,7.6476984,0.9546199,3.222762,72.83183
1.0253339,1.7295899,1.229813,0.70425606,68.68553
5.0165906,6.1526365,0.87482333,1.1360459,22.645777
3.9865935,5.129216,0.889548,1.1426227,28.66163
0.5461646,0.6734987,1.207142,0.12733412,23.31424
5.5094204,9.388052,0.92592245,3.8786316,70.399994
5.6826525,6.6924477,1.6142695,1.0097952,17.769787
1.071751,2.2265823,0.8731455,1.1548313,107.75183
7.6550846,10.785442,0.8916355,3.1303577,40.89253
4.195598,3.6286697,1.2428871,0.5669284,13.512457
0.647649,0.7943348,1.6944796,0.14668584,22.648972
1.2602857,2.0120625,0.8917158,0.7517768,59.6513
10.749138,10.73286,0.8946017,0.016278267,0.15143788
2.3180454,3.0897346,0.8815878,0.7716892,33.290512
6.3169875,7.493623,0.88874865,1.1766353,18.626526
1.0767957,2.8065546,0.9083283,1.7297589,160.63947
4.0225663,4.433837,1.3969594,0.41127062,10.224085
18.798326,20.703709,1.0927646,1.9053822,10.135913
4.2048397,5.7802505,0.8983618,1.5754108,37.466606
1.6363487,0.8708712,1.0550936,0.76547754,46.77961
0.67787486,1.1099604,1.6443334,0.43208557,63.7412
2.90426,3.5050013,0.8855479,0.6007414,20.684835
1.3703865,0.5059751,1.4349871,0.86441135,63.077923
20.9132,25.109636,0.9096983,4.196436,20.065968
0.515777,0.55795574,1.8885869,0.04217875,8.177711
5.93308,8.556643,1.8334653,2.6235623,44.21923
0.36771402,1.2858511,1.5657227,0.9181371,249.6878
0.53589803,1.57405,0.88390124,1.038152,193.72192
1.3299732,6.519331,0.85719377,5.1893578,390.18515
1.636441,2.0110571,0.90340155,0.37461615,22.892128
4.342563,3.8030815,1.2533746,0.53948164,12.423116
0.6296975,0.0,0.8896256,0.6296975,100.0
0.6125079,1.3401579,1.2884223,0.72765,118.79847
0.51262033,1.1579154,0.9426274,0.645295,125.88167
9.60635,9.878338,1.1343105,0.27198792,2.8313346
1.5142279,0.7016487,0.90582603,0.81257915,53.66294
15.500475,5.2698994,0.84920186,10.230576,66.00169
0.22841899,0.43443412,1.812107,0.20601512,90.19177
1.5497721,1.6758456,1.517269,0.12607348,8.134969
37.50071,40.408447,1.0715085,2.9077377,7.7538204
0.51855963,1.0840912,1.5713456,0.56553155,109.05815
25.730276,30.886284,1.6342282,5.156008,20.03868
0.6215717,1.854933,1.0088389,1.2333612,198.42621
0.61271185,0.7431745,1.528986,0.13046265,21.29266
1.0705359,2.405819,1.4932147,1.335283,124.73034
5.80045,7.78463,0.9997078,1.98418,34.207348
4.1790967,2.279431,1.1968955,1.8996656,45.456367
0.9120439,0.8748949,0.8800369,0.037149012,4.07316
1.3519778,2.1794238,0.8552704,0.827446,61.20263
0.7990891,1.5761361,1.5776925,0.77704704,97.24161
3.714729,3.1215851,1.2945825,0.59314394,15.967354
1.9249296,1.2158849,0.87123257,0.7090447,36.83484
1.6942754,1.1538204,1.6218746,0.540455,31.898886
1.8098892,2.1278422,1.6257248,0.317953,17.56754
9.941668,11.971145,1.2314519,2.0294771,20.413849
1.9971741,1.4049788,0.86340517,0.5921954,29.651665
11.799236,15.765112,1.3178669,3.9658756,33.61129
3.3132944,3.0268154,1.4755021,0.286479,8.646349
0.50878733,0.37717336,0.9676939,0.13161397,25.86817
2.6808805,3.431591,1.3601888,0.7507105,28.002384
15.149711,14.831095,1.1364813,0.3186159,2.1031156
2.3507624,3.9586833,0.9104555,1.6079209,68.39997
4.9329257,4.1568456,0.87982446,0.77608013,15.732655
5.887564,6.6986656,1.6538298,0.81110144,13.77652
1.0620911,2.8122005,1.6015663,1.7501094,164.77959
2.1354375,3.3729339,0.8971205,1.2374964,57.95048
6.604264,10.183443,0.9105569,3.5791793,54.19498
13.349996,11.3810215,0.95558643,1.9689741,14.748875
4.776314,9.0397215,0.878718,4.2634077,89.26147
0.5064875,1.102376,0.8939664,0.5958885,117.65118
0.7437384,0.22177744,0.87280685,0.521961,70.180725
15.042104,18.607796,0.9904759,3.565692,23.704742
1.565015,1.4277616,1.3084744,0.1372534,8.770102
1.244191,0.6901126,1.8721799,0.55407846,44.53323
9.54096,5.003027,0.9141124,4.5379333,47.56265
28.349878,34.404068,1.0168997,6.0541897,21.355257
1.0739715,0.47539055,0.8522359,0.59858096,55.735275
0.81562287,0.0,1.0815525,0.81562287,100.0
0.8786012,1.8564459,1.3941199,0.9778447,111.29562
1.7031269,1.4059894,1.6230698,0.2971375,17.446585
20.273249,24.185223,0.989079,3.911974,19.296236
2.2292428,2.9493556,0.8941228,0.7201128,32.30302
0.5547974,1.2026627,1.4837954,0.6478653,116.77511
0.62273,1.0284402,1.2349225,0.40571022,65.15026
31.518103,33.022514,1.0083832,1.5044117,4.7731667
3.1834815,2.1881585,1.1690078,0.99532294,31.265234
1.1579697,0.22794044,1.0247892,0.9300293,80.31551
28.956486,24.544687,0.9419132,4.4117985,15.235959
0.8638354,1.1219217,0.9564857,0.25808626,29.876787
0.5210217,0.5584727,1.4591784,0.03745097,7.187986
0.5951182,1.2319707,1.3485072,0.63685244,107.012764
2.4977655,1.597386,1.9207873,0.90037954,36.0474
0.54127145,1.4762163,1.5488163,0.93494487,172.73123
3.484307,3.4494262,0.87430346,0.034880877,1.001085
0.8699497,0.2784381,0.8505951,0.5915116,67.993774
19.745481,21.163721,1.032006,1.4182396,7.1826034
0.7923955,1.6683273,0.8612532,0.87593186,110.54226
1.3314621,1.7039127,0.9448591,0.3724506,27.973053
1.2031223,0.35902488,1.1345085,0.8440974,70.158905
7.200188,5.557171,0.8993657,1.6430173,22.819088
1.0333817,1.4306068,0.9049864,0.39722514,38.439346
10.694075,14.176383,0.9352081,3.4823084,32.56297
1.6973778,4.1877337,0.92549205,2.490356,146.71783
0.6719318,1.5546143,1.5416011,0.8826825,131.3649
0.6916203,1.0558573,1.5111431,0.364237,52.664307
1.0528877,1.6248736,1.1415129,0.57198596,54.32545
2.0679362,1.3845158,1.2451634,0.6834204,33.048428
9.218,7.797861,0.8867758,1.4201393,15.406154
3.164932,2.0726056,0.8783959,1.0923264,34.513424
0.93290174,1.0886567,0.9041369,0.15575492,16.69575
2.5543365,2.7437944,0.8660694,0.1894579,7.4171076
3.2045364,4.600094,0.8866617,1.3955574,43.54943
0.93670887,1.0196664,0.94224054,0.082957566,8.85628
0.6485161,1.232237,1.1647635,0.58372086,90.00869
2.659717,4.07036,0.93940574,1.4106431,53.03734
0.40688804,1.0252538,0.9480202,0.61836576,151.97443
2.6246564,0.863009,0.87794185,1.7616475,67.11916
0.64929664,0.5168971,1.1898946,0.13239956,20.391228
0.5394659,0.65787274,1.5402132,0.11840683,21.9489
0.64832157,0.8057389,1.8994108,0.15741736,24.280752
5.172408,6.3139668,0.894913,1.1415586,22.070158
6.6505666,6.244794,1.0275509,0.4057727,6.1013255
0.64342767,1.404247,1.0595614,0.7608194,118.24474
1.8419363,0.992924,1.1242131,0.8490124,46.09347
5.289341,1.6894419,1.5349393,3.599899,68.0595
7.571568,4.175544,0.858131,3.3960242,44.85232
2.3657537,4.1413345,0.88360703,1.7755809,75.0535
2.239667,3.7756822,0.915108,1.5360153,68.58231
4.4164495,3.2400885,1.4775478,1.1763611,26.6359
0.56801945,0.06848836,0.9288313,0.4995311,87.942604
0.6868585,0.5478265,0.9147027,0.13903195,20.241716
0.6677018,0.6545161,1.1645414,0.01318568,1.9747858
9.372848,12.393237,0.92323625,3.0203896,32.224884
0.5093574,0.5129833,1.8747225,0.0036259294,0.7118635
0.6807275,1.0753973,0.8756093,0.39466977,57.977646
12.063764,20.00253,0.9013462,7.9387655,65.8067
0.15870881,0.6069039,1.7107608,0.4481951,282.4009
4.1376004,3.3306696,1.5421045,0.8069308,19.502386
0.9483622,1.0821532,0.87947863,0.13379103,14.107588
11.815301,12.975252,0.916956,1.1599512,9.817365
17.663158,23.11265,0.97702485,5.4494915,30.852304
1.6915252,2.067889,0.8914726,0.37636375,22.249964
0.61186683,0.8420483,1.2099452,0.23018146,37.619537
1.1305599,1.3088868,0.87947214,0.17832685,15.77332
0.29157153,0.87330556,0.9873842,0.58173406,199.51675
0.5248759,0.6624881,1.0311863,0.13761222,26.218052
1.1361105,3.1259196,0.89951885,1.989809,175.1422
4.798616,7.8904285,0.89618975,3.0918126,64.43134
27.483322,32.170982,1.0052838,4.68766,17.056381
1.1995696,0.6553826,1.2311502,0.544187,45.36519
0.079041846,0.35520864,1.7730509,0.2761668,349.39316
0.38760304,0.9413637,1.0339286,0.55376065,142.86798
15.265623,17.82597,0.9833198,2.5603466,16.771976
16.19063,22.894861,0.9266407,6.7042313,41.408092
0.9253009,3.7247815,1.3394675,2.7994807,302.54813
6.744224,8.307761,0.91867125,1.5635371,23.183352
20.005266,21.186075,0.9635768,1.180809,5.902491
0.9179855,1.4111394,1.917243,0.49315387,53.721313
16.887758,16.881546,1.0738221,0.0062122345,0.03678543
2.2556508,1.9069108,1.149755,0.34873998,15.460725
0.7926632,0.982057,0.8772556,0.18939376,23.893347
17.156784,17.505165,1.1643641,0.34838104,2.0305731
1.2458014,1.3765557,1.3193624,0.13075423,10.495591
6.0562334,5.892685,0.9614711,0.16354847,2.700498
1.0316992,2.8953643,0.8778662,1.8636651,180.64037
0.836938,0.8602727,1.4189967,0.023334682,2.7881014
1.551418,1.5084383,0.88374865,0.042979598,2.770343
33.57186,24.127203,0.8899036,9.444658,28.132662
6.462582,7.689296,1.6824365,1.2267137,18.981789
1.4961015,2.20437,0.932263,0.7082685,47.34094
8.436107,7.224166,1.243188,1.2119408,14.366115
3.076363,1.2189325,0.87750924,1.8574306,60.377483
5.8464007,7.1402645,0.9195812,1.2938638,22.130947
1.8387092,1.3509706,1.369691,0.4877386,26.526142
12.61076,14.936984,1.3292394,2.3262243,18.446346
0.32509053,0.57246006,1.0364137,0.24736953,76.09251
1.6570778,3.6742806,0.9086626,2.0172029,121.732544
0.46516535,1.0546489,0.87486136,0.5894835,126.72558
0.97559184,1.5192206,1.1614662,0.54362875,55.722973
5.721024,6.3548565,0.8927079,0.63383245,11.079004
0.571158,0.24179709,1.829597,0.3293609,57.66546
0.88645345,0.5203954,0.86286503,0.36605805,41.29467
0.38074765,0.49670577,1.5392323,0.115958124,30.455376
1.2347676,0.99241126,0.8946027,0.2423563,19.627686
11.177945,12.458583,1.5219568,1.2806377,11.456827
0.9262018,0.7247821,0.89592606,0.20141971,21.74685
0.92563015,0.062660694,0.85315263,0.86296946,93.230484
4.1440415,2.6984482,0.8940949,1.4455934,34.883663
3.2321138,2.9007242,1.91314,0.33138967,10.253032
0.1520448,0.3608693,1.426306,0.20882449,137.34404
11.539107,15.943424,1.3888015,4.404317,38.16861
1.4264612,0.9468273,1.4341409,0.47963393,33.624043
0.69680953,0.0,1.7510873,0.69680953,100.0
5.2535567,2.0923855,0.8434744,3.1611712,60.17202
2.7437003,2.5451028,1.0754458,0.19859743,7.2383065
0.79662603,0.460423,0.867837,0.33620304,42.203373
14.896083,17.147219,0.8886655,2.2511358,15.1122675
0.8524158,0.0,1.0598785,0.8524158,100.0
1.2584025,1.6777489,0.8823132,0.41934645,33.323715
1.8346997,2.8448172,0.88531405,1.0101174,55.05628
3.2104802,2.9299307,0.91600084,0.28054953,8.738553
25.014126,8.210062,1.0654945,16.804064,67.1783
1.046105,0.88697934,0.87019974,0.15912569,15.211254
0.7990755,0.9322443,1.6674631,0.13316882,16.665361
7.2514315,9.888386,0.96313304,2.6369543,36.364605
0.7410472,2.5972593,0.9293145,1.8562121,250.48502
0.22579545,0.5756216,1.530296,0.34982616,154.93057
13.966028,21.114323,1.7076305,7.1482944,51.18345
0.60445935,0.8691065,1.6772361,0.26464713,43.78245
4.40555,4.9760265,0.87765366,0.57047653,12.949042
0.48861772,1.0619273,1.6762228,0.5733096,117.332954
0.61803466,0.79081714,1.8956343,0.17278248,27.956762
1.2705449,0.61668205,1.1794152,0.65386283,51.463184
0.9465013,1.285538,0.90046376,0.33903664,35.819984
6.726579,10.799963,1.7627627,4.073384,60.55654
0.6022418,1.2680346,1.444889,0.66579276,110.5524
2.5617008,2.037853,0.906863,0.5238478,20.449219
1.533722,3.3712852,0.8861264,1.8375632,119.81071
2.1556456,2.0564137,0.8772045,0.09923196,4.603352
2.2447908,1.5307385,0.9648647,0.7140523,31.809305
0.52168137,0.6604911,1.0377778,0.13880974,26.608145
1.1903596,1.4346025,1.2537297,0.2442429,20.518414
2.871297,3.0576663,0.888686,0.18636942,6.490775
0.6306276,1.0240719,0.87019235,0.39344436,62.38934
7.5029664,11.184835,0.9458913,3.681869,49.072178
7.7566833,10.722124,0.8866609,2.9654408,38.23078
4.102438,2.9544313,1.0780053,1.1480067,27.983522
1.8262486,2.0670848,0.88681024,0.24083614,13.187478
6.36896,7.026945,0.89544064,0.6579852,10.331125
4.598423,6.279567,1.696643,1.6811438,36.55914
2.6827867,0.93231463,0.87142545,1.7504721,65.248276
0.7509121,1.5610833,0.9609915,0.81017125,107.89163
26.999393,30.304552,1.0424671,3.3051586,12.241604
0.7701815,0.945595,0.90553933,0.17541355,22.775614
8.5456915,7.0082445,1.334717,1.537447,17.990902
1.2621375,1.5758706,1.4433595,0.3137331,24.857283
0.8539684,2.1590154,1.5717688,1.305047,152.82147
0.59371954,0.6121098,0.9420397,0.018390238,3.0974622
3.964099,0.8300867,0.8800846,3.1340122,79.05989
2.325154,1.822756,1.863943,0.502398,21.607084
0.4799542,1.36853,0.9332012,0.8885758,185.13762
2.3555946,1.6660945,1.0820075,0.6895001,29.270746
0.4073762,0.48614287,0.8985779,0.078766674,19.33512
0.5041185,1.2929515,1.9207172,0.78883296,156.47768
49.987064,44.68936,1.1033498,5.297703,10.598147
0.8178207,0.8528337,1.6654046,0.03501296,4.2812514
14.172116,13.934456,1.1054279,0.23766041,1.6769578
0.5278773,1.1442573,1.1582985,0.61638004,116.765785
4.015428,2.936402,1.1534433,1.079026,26.872004
1.0393203,1.030529,1.5673944,0.0087913275,0.84587276
4.575432,7.342245,1.5714103,2.7668133,60.47109
0.5274566,0.28492546,1.0462573,0.24253112,45.98125
0.6396895,0.06751847,0.8740662,0.57217103,89.445114
1.1681197,1.4566767,0.85276425,0.28855705,24.702696
9.107981,8.949486,1.0678693,0.15849495,1.7401766
0.4519936,0.2512107,0.9298014,0.20078292,44.42163
0.44292638,0.0,0.9676593,0.44292638,100.0
13.306078,14.399682,1.0323131,1.0936041,8.218831
1.4354764,0.61061144,1.2442126,0.824865,57.462803
2.510534,0.96888596,0.8953025,1.5416481,61.407177
0.7961115,1.6029332,0.92037463,0.80682164,101.34531
3.1641316,1.5643412,1.450982,1.5997905,50.560177
0.6480864,1.097218,1.3671964,0.4491316,69.30119
0.5346821,0.9733448,1.9166021,0.4386627,82.04178
6.475415,5.751174,0.90246296,0.72424126,11.184476
1.6727692,1.6113842,1.3795366,0.061385036,3.6696656
0.7360588,1.9199783,0.9358965,1.1839194,160.84578
3.366302,5.1816587,0.8737703,1.8153567,53.92733
0.50377935,1.0058478,1.674043,0.50206846,99.660385
1.4942853,3.3761685,0.9987307,1.8818831,125.93867
4.671964,6.012327,1.8492408,1.340363,28.689497
1.4779189,2.2825463,0.88585556,0.8046274,54.44327
0.9308526,0.9395791,1.1080958,0.008726537,0.9374779
1.2292408,2.9043543,1.7158368,1.6751136,136.2722
4.142967,7.125988,0.89909506,2.9830208,72.00203
0.5639932,1.4434605,1.4171971,0.87946725,155.93579
3.660515,1.9309504,1.3355267,1.7295647,47.249214
0.8895834,1.7610562,1.9129359,0.8714728,97.96414
1.0367078,1.2894166,0.89821213,0.2527088,24.37609
27.158686,28.532087,0.9971854,1.3734016,5.056952
1.8902823,0.93662167,0.9199502,0.9536606,50.4507
0.18036312,0.12628746,1.5323561,0.05407566,29.98155
4.9429274,5.3514214,0.87467396,0.408494,8.264212
0.9127552,1.8254747,0.9687161,0.91271955,99.9961
0.9497729,1.3650981,1.2948616,0.41532522,43.7289
4.714778,8.610534,0.90249175,3.8957558,82.62862
8.37327,12.612797,0.89035183,4.2395267,50.63167
4.7978377,4.1885614,0.9334192,0.6092763,12.6989765
0.46829545,0.40715528,1.5118607,0.06114018,13.055899
7.236968,6.00333,1.6508865,1.2336378,17.046335
1.1534892,0.52806854,0.84846765,0.6254207,54.2199
0.13106547,0.18030107,1.6681607,0.049235597,37.56565
2.2767532,2.2193384,0.9187157,0.05741477,2.5217829
4.038704,8.21384,0.86578745,4.1751356,103.378105
0.9892013,0.0,0.87459713,0.9892013,100.0
0.7683761,0.64638287,1.1579317,0.12199324,15.876762
10.782168,12.349166,0.90788627,1.5669975,14.533232
2.1193929,0.5338099,1.4440107,1.585583,74.81308
1.5721778,0.75724447,0.87187994,0.8149333,51.83468
0.8738995,1.4373176,0.88527226,0.5634181,64.471725
2.9322991,2.0512447,1.0591987,0.8810544,30.046537
1.1304865,0.6221386,0.88216335,0.50834787,44.96718
15.528214,16.95388,0.900209,1.4256659,9.181132
0.61367804,1.7365075,1.6814709,1.1228294,182.96718
0.9933751,1.3511059,1.920773,0.3577308,36.01165
0.3331324,0.4212464,0.98805296,0.08811402,26.450151
49.174572,8.939024,0.90133524,40.23555,81.82186
24.505047,15.794092,0.8836664,8.710955,35.547596
1.0410146,1.5535656,0.91819257,0.51255107,49.235725
4.4731975,7.1485844,0.89474374,2.675387,59.809277
5.3510246,7.1447067,0.89315134,1.7936821,33.520348
0.64254206,0.6828989,1.0456629,0.040356815,6.2808056
0.58379674,0.210163,1.8187255,0.37363374,64.000656
1.1249558,2.0161233,1.634194,0.8911675,79.218
8.071305,9.094306,1.001671,1.0230007,12.674539
0.53451145,1.3536813,1.9210359,0.8191699,153.25581
3.1022437,1.6536174,1.9208131,1.4486263,46.696083
1.6281569,0.95073426,1.1817366,0.67742264,41.606716
1.0465221,1.8079417,1.2963779,0.76141953,72.75713
0.86980224,1.3096766,0.88243234,0.4398744,50.571774
4.371254,3.7147405,1.2593702,0.65651345,15.018881
1.4896488,2.396285,0.916716,0.90663624,60.86241
0.69183886,0.19083762,1.0908006,0.50100124,72.415886
8.760359,10.074616,1.1496594,1.3142576,15.002327
3.0374606,3.4755037,0.87786186,0.43804312,14.42136
0.40254006,0.8868886,1.110547,0.48434857,120.323074
2.146039,1.6736412,0.8978347,0.4723978,22.012545
1.0191919,0.63533723,1.2689513,0.38385463,37.662647
39.679733,42.44071,1.2176429,2.760975,6.9581485
5.273695,8.067714,0.93066937,2.7940187,52.98029
2.0551138,2.777193,1.8536953,0.7220793,35.135735
0.6458272,1.2451496,0.8869648,0.59932244,92.799194
0.47380614,1.2202524,0.89973325,0.74644625,157.54254
1.0740203,1.504045,0.88407826,0.43002474,40.038795
0.8098075,2.3399534,0.8534002,1.5301459,188.95181
0.82159007,0.3702469,0.9025217,0.45134318,54.935326
11.409884,9.996209,1.3792775,1.4136753,12.389917
0.8830943,0.8817493,0.8513181,0.0013450384,0.15230972
13.778667,10.339853,0.9660317,3.4388142,24.957523
1.210564,0.65033966,1.1954479,0.56022435,46.27796
3.8063698,5.45467,0.91623574,1.6483002,43.303734
40.230366,39.101154,0.95551705,1.1292114,2.8068635
0.6498907,0.98232746,0.94112897,0.33243674,51.152714
3.703517,4.3623505,0.8824482,0.6588335,17.7894
3.125245,2.0742874,0.8704267,1.0509577,33.628006
0.5769754,0.09525907,0.91305155,0.48171633,83.48993
5.787394,10.734777,0.91726285,4.9473834,85.48551
0.9428823,0.8256093,1.0417427,0.11727297,12.43771
0.9169029,1.1800053,0.9881696,0.2631024,28.694687
5.942913,3.5539062,1.9138315,2.3890069,40.199257
5.388086,6.11969,1.4222062,0.7316041,13.578181
2.4545686,2.4233947,1.8470268,0.031173944,1.2700377
0.41013286,1.3451172,1.5845171,0.9349843,227.9711
0.99301934,0.6073028,1.8473244,0.38571656,38.842804
13.77659,18.214693,0.92134964,4.4381027,32.214813
1.1967374,1.861089,1.3808833,0.6643516,55.513565
9.019608,10.743644,1.4406999,1.7240362,19.114315
0.9272754,3.5832143,0.86377525,2.6559389,286.42392
10.338259,18.82975,0.911848,8.491491,82.136566
18.055412,21.7536,0.94245195,3.6981869,20.48243
1.1606781,1.6639812,1.6742729,0.50330305,43.362846
24.896519,31.982775,0.9166381,7.086256,28.46284
3.434115,4.9890943,1.6503679,1.5549793,45.28035
6.160655,8.422318,0.90255505,2.2616634,36.711414
4.4862847,7.9368877,0.97104156,3.450603,76.91449
0.48330474,0.60121435,0.94462794,0.11790961,24.396536
1.055963,1.3714088,0.8574603,0.31544578,29.872805
0.64059675,1.2409164,1.6015213,0.6003196,93.71256
0.68978715,0.65292525,1.3132287,0.036861897,5.343952
38.25218,23.748402,0.9854057,14.503777,37.91621
0.72526604,0.4168861,1.7548257,0.30837995,42.51956
3.6256278,5.813656,0.8875153,2.188028,60.348946
20.800077,22.65778,1.6931347,1.8577023,8.931228
0.4427428,1.8223305,0.99741846,1.3795877,311.60025
1.2601507,0.9081759,0.9037684,0.3519748,27.931168
2.9079428,3.4194434,0.89056444,0.5115006,17.589775
0.59650517,1.7210418,1.4883091,1.1245366,188.52086
1.0594561,1.4545586,1.5689076,0.3951025,37.292957
3.914328,2.3650377,0.8804494,1.5492904,39.579987
1.0222563,0.4683149,0.88045794,0.55394137,54.188114
0.783436,2.1375275,1.6272318,1.3540914,172.84007
1.5086478,3.1617994,0.87152547,1.6531516,109.57837
1.952818,6.606632,0.88525534,4.6538143,238.31274
1.1967071,1.9502105,1.8508445,0.7535033,62.964725
2.6344352,3.329929,0.9580957,0.69549394,26.400116
1.3775067,0.29543114,0.87759066,1.0820756,78.5532
0.5209115,0.56523323,0.88231945,0.044321716,8.508492
3.8516743,2.9286335,0.8657413,0.92304087,23.964664
0.599781,0.9636303,1.2078077,0.36384934,60.6637
0.8034244,0.7774621,1.655992,0.025962293,3.2314544
2.8844585,4.499522,1.0260643,1.6150637,55.991917
2.5304003,3.149482,0.9585285,0.61908174,24.465763
48.251667,34.34231,0.9816515,13.909355,28.826683
4.70918,6.1544895,0.87295884,1.4453096,30.691322
5.2217083,3.7648823,0.9651808,1.456826,27.899414
1.3592756,0.7334115,1.1619908,0.6258641,46.043945
3.6861374,4.984413,0.88906664,1.2982757,35.220493
4.404236,4.2519875,1.0134186,0.15224838,3.4568627
5.018433,8.278381,0.93084997,3.2599483,64.95948
4.535903,4.71976,1.7164581,0.18385696,4.053371
0.7937364,1.3727983,1.9210511,0.5790619,72.95393
41.209217,33.14667,1.2402412,8.062546,19.564909
6.5111704,4.720972,0.97899973,1.7901983,27.494265
3.7873251,5.13974,0.88504213,1.3524148,35.708973
0.672245,0.83924645,0.9435139,0.16700143,24.842344
0.55205065,1.5530407,0.94017494,1.0009902,181.32216
0.891286,1.688657,1.5762147,0.79737103,89.46298
4.2661495,3.350377,1.8987529,0.91577244,21.466017
2.4890575,2.807125,1.4970155,0.31806755,12.778634
2.9300013,2.7688587,1.3374357,0.16114259,5.4997444
3.0175467,2.4710855,1.662817,0.5464611,18.10945
0.73634297,1.7617047,0.889399,1.0253618,139.25056
0.28488925,0.17217863,1.1311045,0.112710625,39.56296
0.7339512,0.86393356,1.0667322,0.12998235,17.709946
0.5360897,1.5794339,1.5616683,1.0433443,194.6212
4.885633,7.449664,1.7948037,2.5640311,52.48104
1.7557588,0.37289977,0.87801653,1.382859,78.76134
0.92772067,0.17708421,1.772631,0.75063646,80.9119
0.4463449,0.33718896,0.88503015,0.10915595,24.455515
1.0124193,1.6224027,0.9581817,0.6099833,60.250065
3.044078,1.3852967,1.9210509,1.6587814,54.492077
0.38393193,0.7016178,0.8522601,0.31768584,82.74535
17.19586,13.88437,0.9586793,3.31149,19.257484
1.0674564,2.745406,0.9012366,1.6779495,157.19139
0.68478435,0.31188798,1.8681766,0.37289637,54.45457
0.881803,1.4843285,0.86243665,0.60252553,68.32881
3.7921383,3.105703,0.89609605,0.6864352,18.101534
25.05182,26.855839,0.9870477,1.804018,7.201145
6.1884274,6.730096,0.87695444,0.5416684,8.752925
3.743512,4.349944,0.8710904,0.6064322,16.199553
1.4769678,2.765455,1.5230879,1.2884872,87.23868
1.2433306,1.8954571,1.6110896,0.65212655,52.44997
3.2279367,2.5484066,0.86779606,0.67953014,21.051533
1.8843129,3.0823042,0.91954154,1.1979914,63.57709
9.6122875,15.135342,1.0437427,5.523054,57.45827
1.04373,1.0973148,1.513876,0.053584814,5.1339726
0.57031256,1.0080168,0.9942691,0.43770427,76.74814
1.3717706,1.5860701,1.2024382,0.21429944,15.622104
1.4778342,2.1394155,0.87203336,0.6615813,44.76695
8.946824,10.096739,0.95012814,1.1499147,12.85277
4.200474,3.2605352,0.87985605,0.93993855,22.376965
1.2639302,2.5541298,1.8603235,1.2901996,102.07839
0.87642944,0.8179916,1.8585955,0.058437824,6.667716
18.20488,24.346533,0.929555,6.141653,33.7363
5.1629424,5.3083963,1.2000374,0.14545393,2.8172681
36.70925,38.0677,1.0194349,1.358448,3.7005603
1.0748906,0.37815964,0.8489639,0.696731,64.81878
1.4386497,0.0,1.1068934,1.4386497,99.99999
2.3451385,2.7864788,1.8545287,0.4413402,18.819366
5.225674,7.061537,0.8590068,1.8358626,35.13159
0.77031165,0.70276845,1.2248155,0.06754321,8.768296
0.8350829,0.5859647,0.87620294,0.24911821,29.831554
1.3399762,0.5180663,1.8669293,0.8219099,61.337654
1.218167,1.5209668,1.3918473,0.30279982,24.857004
47.009266,40.783394,1.0307733,6.225872,13.243926
0.9283541,0.35570848,1.8518867,0.5726456,61.683964
0.9632049,1.4703379,1.6005241,0.50713295,52.650578
13.341914,13.626474,1.163365,0.2845602,2.132829
4.1609516,3.8386624,0.8754976,0.32228923,7.7455654
0.46879733,1.5579467,1.2754091,1.0891494,232.3284
1.7258171,0.53152436,0.88609546,1.1942928,69.201584
46.714394,16.563885,0.906874,30.150509,64.54222
5.448909,7.107087,0.99485296,1.6581783,30.431385
0.42278525,1.6570299,0.9830641,1.2342446,291.9318
23.784986,22.4158,0.92507654,1.3691864,5.7565155
25.566324,30.952536,0.96799016,5.3862114,21.067602
2.8063836,3.9035268,0.87450385,1.0971432,39.094555
4.4457135,8.868535,0.8957487,4.4228215,99.48508
1.7149161,3.681083,0.9049851,1.9661669,114.6509
3.2455206,2.5314507,0.9332946,0.71406984,22.001703
3.866122,3.6080136,1.3350586,0.25810838,6.676157
1.5146847,0.5648941,0.8716453,0.9497906,62.705498
20.231878,26.94682,1.0013953,6.714941,33.189903
0.2253039,1.8955603,1.2293781,1.6702564,741.33484
1.3084066,1.1802351,1.8253702,0.12817144,9.795995
0.9328825,0.7997836,0.8654042,0.1330989,14.2674885
0.7020672,0.80285645,0.8782963,0.10078925,14.356069
0.8709088,2.1467974,1.4451823,1.2758887,146.50084
4.009831,6.379836,1.8499521,2.3700051,59.104866
0.58494073,0.27306068,1.1068262,0.31188005,53.318233
0.46721032,1.4343712,1.4611189,0.96716094,207.00761
6.4880443,5.769355,0.87351555,0.71868944,11.077135
0.36692497,0.64275336,0.9577315,0.2758284,75.17297
0.53164065,0.73165584,1.3803211,0.20001519,37.622253
0.9924549,0.851337,1.4424922,0.14111787,14.219071
0.6418908,0.8618485,0.91113836,0.21995765,34.267143
7.14416,8.168201,0.9105616,1.0240417,14.333969
4.1757975,6.890874,0.9087152,2.7150764,65.01935
5.124631,5.139037,1.2379283,0.014406204,0.2811169
2.2237382,2.9078684,0.895158,0.6841302,30.76487
0.37059787,0.40182316,1.6908746,0.031225294,8.425654
0.18854028,0.0,1.1049639,0.18854028,100.0
1.2820133,2.0612388,1.2939905,0.77922547,60.781387
1.1451079,4.412631,0.8439278,3.2675233,285.3463
1.0296626,1.1615407,0.91774714,0.13187814,12.8078985
0.7738705,0.7875775,1.340561,0.013706982,1.7712243
0.18495709,0.95530987,1.7560743,0.7703528,416.5035
2.018049,4.9020844,0.9318336,2.8840353,142.91206
0.63731736,0.86462855,0.8823137,0.2273112,35.666878
4.129019,5.712926,1.8771002,1.5839071,38.36038
1.2537731,1.2681905,1.444584,0.01441741,1.1499218
1.7339996,1.0796643,0.8730326,0.65433526,37.735607
1.5776528,1.8560185,0.8837376,0.27836573,17.644295
5.1186457,3.804646,1.8604017,1.3139997,25.670845
18.721214,19.529589,1.5736783,0.8083744,4.3179593
9.777045,7.1146574,1.2951674,2.6623878,27.231005
0.62112963,1.039159,1.1449785,0.41802943,67.30148
2.9965947,2.2008543,0.8804497,0.79574037,26.554821
0.90831125,0.0,0.87606835,0.90831125,100.0
0.75169945,1.0510207,0.9494808,0.2993213,39.81928
32.89782,33.172474,1.11417,0.2746544,0.8348711
1.399105,0.9958428,1.8976034,0.40326214,28.822865
0.9676548,1.0988302,0.9446878,0.1311754,13.556012
0.4977169,0.61392903,0.9835255,0.11621213,23.349043
44.296627,17.165672,0.87730247,27.130955,61.248352
1.0291961,1.222558,0.996728,0.19336188,18.78766
2.1854014,2.994033,1.6020614,0.80863166,37.001514
0.9402845,1.588156,1.3555124,0.6478715,68.90164
2.4125159,5.5367374,0.9078268,3.1242216,129.50055
14.128365,10.308098,1.8823227,3.8202667,27.039696
1.4680645,1.6243014,0.8889618,0.15623689,10.642372
29.672586,34.60596,0.98769695,4.9333744,16.626034
1.0702753,1.1672796,0.8985078,0.097004294,9.06349
0.8809641,1.6181362,0.9345182,0.73717207,83.67788
0.15744966,1.0353606,1.6022089,0.8779109,557.582
5.680096,3.5783408,0.8840974,2.1017554,37.00211
0.5220707,0.7323545,0.9887018,0.21028382,40.2788
3.002853,2.135676,0.8820019,0.867177,28.878437
1.2848482,1.2690253,0.9751681,0.015822887,1.2314986
0.25581366,0.29665375,0.98873657,0.04084009,15.964782
29.445587,29.872904,0.9902945,0.42731667,1.4512079
0.6702077,0.99405986,0.8674549,0.32385218,48.32117
0.75441384,0.66650724,1.0330988,0.0879066,11.652305
1.5160978,1.0199728,1.1153902,0.49612498,32.723812
1.3201543,1.1793578,1.2027788,0.14079654,10.665158
0.20902589,0.77214056,1.9047021,0.56311464,269.39948
0.2609767,0.23563135,1.1932571,0.025345355,9.711731
0.86518705,0.81670517,0.8913131,0.04848188,5.6036305
3.920156,5.461076,0.9264194,1.5409198,39.307613
5.804401,4.6561117,1.2228653,1.1482892,19.78308
0.7361275,2.6435437,0.9266932,1.9074162,259.11493
0.62835294,1.5941336,0.9250441,0.9657807,153.70035
11.171215,16.257786,1.0235784,5.0865707,45.532833
7.2495346,11.211674,0.93511206,3.9621391,54.653706
0.9607378,1.6383129,1.0122728,0.6775751,70.526535
4.0100436,3.4254615,1.6399094,0.5845821,14.577949
2.8961194,2.7333047,0.9194106,0.16281462,5.62182
0.26914704,0.4838642,1.1488638,0.21471715,79.77689
4.3169823,4.2369647,0.8917365,0.08001757,1.8535533
0.68853515,0.47804934,1.3488952,0.21048582,30.570091
1.2609224,1.1044992,1.0542077,0.15642321,12.405458
3.2919981,6.2622585,0.9094278,2.9702604,90.22667
1.7888706,1.4756513,0.9038404,0.3132193,17.509333
2.320351,1.4358382,1.0690383,0.88451266,38.119778
15.37966,14.498173,1.0634663,0.8814869,5.731511
0.5063787,0.92332566,1.666993,0.41694695,82.33896
2.5331223,3.4017339,1.5834972,0.8686116,34.290157
1.1271725,1.6162741,1.0136837,0.48910165,43.391907
7.6877046,8.425371,0.8733425,0.7376666,9.595408
0.7984017,1.8469173,0.906974,1.0485156,131.32681
7.9895787,10.057306,0.87838995,2.0677276,25.880306
0.6471504,1.1171019,1.4574342,0.4699515,72.61859
1.7795856,1.0156329,1.8649442,0.76395273,42.928684
6.078634,2.8802018,1.6587807,3.198432,52.617615
2.084913,2.810951,0.9252424,0.726038,34.823418
2.1442654,4.9524164,0.9625274,2.808151,130.96098
2.98554,1.9929986,0.87149113,0.9925413,33.244953
0.68100315,1.1426892,1.9090964,0.46168607,67.795
0.70156974,1.1256669,0.8736658,0.42409712,60.44975
37.07317,39.179604,1.1043515,2.1064339,5.6818285
0.64945877,1.137067,0.95949584,0.4876082,75.07916
1.113554,1.3929069,1.3716054,0.2793529,25.086607
3.7875066,3.9532151,0.90176356,0.16570854,4.3751354
1.0371404,1.1659483,1.919281,0.1288079,12.419525
0.66024625,1.3571306,1.4808798,0.6968844,105.549164
0.670695,0.101638794,0.9099821,0.5690562,84.84575
5.7544675,13.398626,0.8916257,7.644159,132.83868
1.1467369,4.9889107,1.6027577,3.8421738,335.0528
6.903213,11.288894,0.92379904,4.3856807,63.531006
0.98449427,2.0456853,0.92933255,1.0611911,107.79048
0.8224764,1.5389732,1.1468136,0.7164968,87.11458
2.4396493,2.2378302,0.9756521,0.20181918,8.272468
1.4682012,1.4819398,0.8607269,0.013738632,0.9357459
1.3887978,1.3833346,0.9436598,0.0054631233,0.3933707
1.542205,5.040445,0.8799646,3.49824,226.83366
2.2736073,1.8554441,0.85400957,0.41816318,18.39206
9.257787,11.425704,0.9391893,2.1679173,23.417229
11.535123,13.64821,0.91480434,2.1130867,18.318718
23.262453,22.93781,1.0012248,0.32464218,1.395563
0.35067928,0.7698678,0.89096004,0.4191885,119.53615
0.67143756,0.832796,1.700567,0.16135842,24.031782
1.8938601,2.100695,1.294957,0.2068348,10.921334
0.77243334,1.415652,1.6294992,0.6432187,83.27174
1.2273082,1.5333669,1.2663596,0.30605876,24.937403
4.455478,2.2760267,0.9394141,2.1794515,48.916218
0.79790896,0.30921054,1.145903,0.48869842,61.24739
0.33892912,1.1092162,1.1328833,0.7702871,227.27086
1.7412671,1.6967022,1.9169562,0.044564843,2.559334
1.013109,4.0728884,0.9372475,3.0597794,302.01877
1.6196634,1.3081741,0.89457077,0.31148922,19.231726
5.053503,2.6359744,0.8973401,2.4175286,47.838673
2.1688685,2.2269943,1.4394939,0.058125734,2.6800027
1.6392999,2.6867895,1.0038518,1.0474896,63.898598
0.5780798,0.5711283,1.704115,0.006951511,1.2025175
46.97897,23.993103,0.92060083,22.985867,48.927994
0.59600824,0.9783058,1.1438377,0.38229758,64.143005
0.7592006,1.2706659,0.8604453,0.5114653,67.36893
0.5536856,0.5527016,1.0935854,0.0009840131,0.17772055
15.2278805,19.440344,1.0227988,4.2124634,27.662834
2.132835,2.0400484,0.9287092,0.09278655,4.350386
2.6130013,4.2554674,0.8975893,1.6424661,62.857452
0.90700805,0.99930024,0.8859705,0.09229219,10.175455
8.944715,10.419892,0.90033615,1.4751778,16.492172
3.5164971,4.4246697,0.8903343,0.9081726,25.82606
1.7171754,0.99151504,1.7509634,0.7256603,42.258953
14.137103,20.902742,0.8857433,6.7656393,47.857323
2.613611,5.614439,0.97026294,3.000828,114.8154
1.0288686,1.0696782,1.1803558,0.04080963,3.9664571
1.2057035,2.0989728,1.3494236,0.8932693,74.086975
2.0651844,2.597262,1.8257492,0.53207755,25.764168
1.9425493,2.2952123,0.9691263,0.35266292,18.154644
1.1637843,1.315198,0.8950159,0.15141368,13.010459
26.71191,26.311735,0.9502857,0.4001751,1.4981148
0.1131575,0.032369375,1.5302404,0.08078813,71.3944
1.318967,1.4698694,0.95946205,0.15090239,11.440952
1.1320965,0.74844134,1.6736622,0.3836552,33.888912
0.5411108,0.22849286,0.93033695,0.31261796,57.77337
7.191608,7.6492853,1.2728772,0.45767736,6.364048
5.656266,11.924689,0.8821757,6.268423,110.822624
1.1929923,2.1572857,1.0127587,0.96429336,80.8298
1.3664833,1.8564522,0.8589415,0.4899689,35.856194
17.0183,19.318237,1.5554036,2.2999382,13.514501
2.4352338,2.331997,1.1075743,0.10323691,4.2393017
0.56555474,0.9184488,1.8779081,0.35289407,62.39786
0.5430606,1.227823,1.1345245,0.6847624,126.093185
2.9704123,3.719791,0.92230904,0.7493787,25.228104
0.10059394,0.64606035,1.8656952,0.5454664,542.2458
17.105707,21.911562,1.5787504,4.805855,28.095037
14.653047,14.709646,1.1765065,0.056599617,0.3862652
1.3876401,2.22795,0.9575903,0.84031,60.556767
0.6296316,1.5848293,0.917367,0.95519775,151.70741
5.652993,7.4161577,0.91888463,1.7631645,31.189928
0.73130363,0.059598684,1.0226271,0.67170495,91.85035
4.3448634,6.8501167,1.6774107,2.5052533,57.66012
1.7700232,1.2232476,1.9047945,0.5467756,30.890871
18.074305,22.510986,1.0343084,4.4366817,24.546902
1.1684272,2.7591894,1.000861,1.5907621,136.1456
0.50271404,0.7063147,0.9967528,0.20360065,40.500294
14.499729,20.069418,0.898826,5.569689,38.412365
3.2701838,4.2413483,1.0594031,0.97116446,29.69755
0.8562945,1.3465931,1.2724627,0.49029863,57.258175
0.4918677,0.47215724,1.1453148,0.019710451,4.007267
0.5716152,1.139786,1.1704313,0.5681708,99.39742
0.5098474,1.0830652,1.918488,0.57321775,112.429276
0.6189153,0.6720898,1.4554374,0.053174496,8.591562
13.416375,17.442726,1.002583,4.026351,30.010721
2.1102061,2.3996117,1.6268326,0.28940558,13.714565
4.3396635,3.7128794,1.7549729,0.6267841,14.44315
4.0541735,1.9290884,0.9225702,2.125085,52.41722
11.215122,4.0248327,0.89488214,7.1902895,64.11245
40.33114,14.519535,1.7477027,25.811604,63.999195
1.98034,0.8454448,0.93837285,1.1348952,57.308098
1.2526562,2.086456,0.88399357,0.83379984,66.56254
0.72246647,1.4229797,1.5621791,0.70051324,96.96135
0.6243637,0.5388591,1.7534745,0.08550459,13.694676
47.937626,35.495014,0.9442652,12.442612,25.955837
0.6218797,0.45877016,0.8750202,0.16310954,26.228474
4.9017305,3.6931098,1.060982,1.2086208,24.657022
1.0720059,1.4260176,1.9207349,0.35401177,33.023304
40.361465,37.692204,1.0044081,2.669262,6.6133924
2.665804,4.517003,0.95076543,1.8511992,69.44244
0.5561757,1.1122248,1.2353767,0.5560491,99.97724
1.779621,2.0191207,0.88361216,0.23949969,13.457904
7.030307,8.736994,0.96333283,1.706687,24.276138
0.6095589,0.813347,0.91508496,0.2037881,33.432064
4.192917,5.3504267,0.9521054,1.1575098,27.606314
2.3606687,0.8604505,1.3762149,1.5002182,63.550564
0.9086967,0.6468631,1.3030193,0.2618336,28.814192
0.26292208,0.91737443,1.4067279,0.6544523,248.91495
0.6151946,1.8588424,1.6068391,1.2436478,202.15518
8.288769,4.5815053,1.3951917,3.7072635,44.72635
7.7121983,5.2555237,1.5980963,2.4566746,31.8544
0.991091,0.7133918,1.3149531,0.27769923,28.01955
0.6852835,2.243697,1.1051085,1.5584135,227.41151
0.9789206,1.7423204,1.1610202,0.76339984,77.98383
1.908437,0.90405834,1.1508647,1.0043787,52.628338
1.3653289,1.8621507,1.3618428,0.49682176,36.388428
1.3983959,1.6691499,0.8773363,0.27075398,19.361753
2.3589666,5.5924854,0.9345884,3.2335188,137.07353
11.336272,18.577127,1.0440136,7.240855,63.873333
2.7974877,3.2960494,1.3883841,0.49856162,17.821762
7.2845078,5.7364674,0.8992354,1.5480404,21.251133
0.3437169,0.780569,1.1180073,0.43685213,127.0965
4.8164945,8.024229,0.90228504,3.2077346,66.598946
2.4803853,3.7765613,0.88438123,1.296176,52.257042
14.841421,21.263792,0.88622904,6.422371,43.273285
0.9697618,0.43157285,1.8815937,0.53818893,55.497025
9.724574,9.88184,0.9124004,0.15726566,1.6171985
5.836559,5.1861334,0.86947185,0.65042543,11.143988
5.157021,6.116866,0.8922317,0.95984507,18.612394
5.7175426,5.1898475,1.412605,0.5276952,9.229404
0.54002196,0.97323525,1.3429404,0.4332133,80.22143
0.9395313,0.99873865,1.7282913,0.05920732,6.301793
0.9279672,0.9879683,0.8467969,0.060001135,6.465868
0.46280065,1.4603122,1.4185424,0.9975116,215.53807
9.7385235,15.395431,1.7695186,5.656907,58.087936
21.13004,21.86077,1.5605619,0.73073006,3.4582522
10.008041,13.79116,0.98793566,3.7831182,37.800785
1.5766749,4.7710314,0.8817857,3.1943564,202.60081
3.5087016,1.6768689,0.8721227,1.8318326,52.208275
0.4862309,0.14057124,0.90777385,0.34565967,71.089615
0.910068,0.18525386,1.7895789,0.7248141,79.64396
2.7129245,3.9211018,0.8786597,1.2081773,44.53413
5.5230975,4.745842,1.1851065,0.77725554,14.07282
4.182831,3.7287807,0.8783534,0.45405006,10.85509
1.1435299,1.9238315,1.6179043,0.7803016,68.23622
1.9300195,1.950668,1.4869213,0.02064848,1.0698586
7.07508,8.68652,0.92349756,1.6114397,22.776276
0.89800286,3.2455597,0.9105413,2.3475568,261.41974
0.21480925,0.84393716,1.4359932,0.6291279,292.87747
0.7147186,0.76631737,1.368814,0.051598787,7.2194552
8.548412,9.853226,0.94206774,1.3048134,15.263809
0.7802333,0.345721,0.87375164,0.43451232,55.690052
0.58365417,0.97914994,1.4776322,0.39549577,67.762
1.3357806,0.00962615,0.8640232,1.3261545,99.279366
1.0341388,3.5082211,0.8707953,2.4740825,239.24086
0.6978758,1.5128897,1.4082552,0.81501395,116.78496
0.97940636,1.0388694,0.9120442,0.059463024,6.0713334
2.1208034,0.9300572,0.85716945,1.1907461,56.145992
5.654921,6.80163,0.9022372,1.146709,20.278072
5.2790804,12.163988,0.93065065,6.8849077,130.4187
14.74013,22.607492,0.87892556,7.867362,53.37376
0.7243693,0.7210764,1.2812687,0.0032928586,0.45458287
0.78502405,0.0032674074,0.89283097,0.78175664,99.583786
2.4538062,2.9626727,1.4530934,0.50886655,20.737846
1.5353866,2.0744982,0.9860851,0.5391116,35.11244
5.1175427,4.669384,1.2744921,0.44815874,8.757303
1.8719649,1.0004363,1.8048861,0.8715286,46.55689
0.5605623,0.12781858,1.0911689,0.43274373,77.19815
1.2117316,1.2105845,1.9117765,0.0011470318,0.09466055
2.2162256,4.8003006,0.92459923,2.584075,116.598015
0.58708316,2.1561992,0.9212817,1.5691161,267.27322
22.548384,11.117928,0.8909505,11.430456,50.69302
5.878361,6.9235554,0.9127145,1.0451941,17.780367
42.16885,43.95553,0.99203557,1.7866783,4.2369623
2.2092466,2.271378,1.7410506,0.062131405,2.8123345
0.4985391,1.0985254,0.86941206,0.5999863,120.3489
7.084825,5.46659,0.904509,1.6182351,22.840862
2.4669592,2.3849494,1.2900032,0.08200979,3.324327
2.9289935,2.157683,1.0034196,0.77131057,26.33364
0.5777626,1.2482047,0.91878647,0.6704421,116.04111
3.5868344,4.884943,0.8922259,1.2981086,36.190926
0.92619854,2.0812469,1.5503838,1.1550484,124.7085
2.0982566,2.0958571,1.2976418,0.0023994446,0.1143542
6.1851287,9.791204,0.92026335,3.6060758,58.302357
0.8232502,1.2375662,0.847539,0.41431606,50.326874
1.2020146,1.3767529,1.9210495,0.17473829,14.53712
0.604594,1.5526848,1.6004461,0.9480908,156.81447
1.9812137,1.9087971,1.624492,0.072416544,3.6551607
0.81106836,3.070252,1.5810546,2.2591836,278.5442
1.2027539,3.9323983,0.91634786,2.7296443,226.94952
1.1571257,1.797281,0.9350167,0.6401553,55.322887
1.1162249,1.1770694,1.2875931,0.06084454,5.4509215
10.727458,12.322916,0.94518554,1.595458,14.872658
7.920966,10.247469,0.93650603,2.3265028,29.371452
1.1439203,0.9803111,1.2006812,0.1636092,14.3025
0.88700056,1.2175636,0.8832386,0.33056307,37.267513
1.117312,0.9563779,0.996476,0.16093403,14.403679
0.8313531,0.85415226,0.8833624,0.022799134,2.7424128
0.93709767,2.3369193,1.070548,1.3998216,149.37842
2.7835922,5.617915,0.90339285,2.834323,101.82249
0.704336,2.2544641,0.95511,1.5501282,220.08362
0.93277496,1.6504214,0.8595132,0.7176464,76.936714
0.647148,0.49775052,1.8961504,0.14939749,23.08552
0.47101915,0.42885578,1.1211069,0.042163372,8.95152
3.0570745,3.9077084,1.4131866,0.85063386,27.825094
0.53002286,0.72226256,0.9132274,0.1922397,36.270077
3.4070716,3.0116122,1.0195594,0.3954594,11.6070175
20.470299,26.957373,1.031654,6.487074,31.690178
0.72881436,1.0779467,1.6089745,0.3491323,47.90415
5.9285264,7.0465145,0.90981466,1.1179881,18.857775
5.625225,4.518155,0.90131146,1.10707,19.680458
0.53228235,0.9627305,1.9148029,0.43044817,80.86839
22.91077,27.007915,0.9132676,4.097145,17.883053
4.2906084,3.0722923,1.2712234,1.2183161,28.394949
0.85188556,1.560276,1.5323296,0.7083905,83.155594
2.3433483,3.1762927,1.5836759,0.8329444,35.545055
2.065729,2.1941721,1.1457473,0.12844324,6.217817
0.22831261,0.40463758,0.999934,0.17632496,77.22962
0.7370728,1.1288536,0.8443262,0.39178073,53.1536
28.69041,4.3626046,0.8929256,24.327806,84.79421
10.026132,8.694681,1.3352954,1.3314505,13.279802
4.457793,6.072357,1.0858064,1.614564,36.218906
8.0639,9.877432,0.88276017,1.8135319,22.489513
0.472464,0.33960986,0.93292344,0.13285413,28.119421
20.18376,17.972286,1.5461575,2.2114735,10.9566965
1.1405813,1.6749604,0.9679778,0.5343791,46.851475
0.73116356,0.4233541,0.9016878,0.30780947,42.09858
1.7041223,2.581232,0.93988353,0.87710977,51.469883
1.8548291,1.840098,1.1655369,0.01473105,0.7941998
1.2070873,1.5662007,1.9172498,0.35911345,29.750414
7.54323,4.124484,0.8722042,3.418746,45.322044
18.041441,10.584316,1.0343947,7.4571247,41.33331
2.1919448,3.198157,1.0001109,1.0062122,45.905
16.43329,21.528048,1.1980203,5.094757,31.002659
32.280205,34.304672,1.0045662,2.0244675,6.2715445
13.965921,17.43661,0.9006095,3.4706879,24.85112
6.3169103,2.559202,1.9188361,3.7577083,59.486492
0.4407299,0.7445633,0.90535754,0.3038334,68.93868
0.5115321,0.0,0.92009336,0.5115321,100.0
1.2135378,0.7727298,1.4402016,0.440808,36.324207
0.41553086,1.0818828,0.8835501,0.666352,160.36162
1.8500342,2.5159817,0.87919706,0.66594744,35.99649
3.7212787,5.085411,0.9577236,1.3641324,36.657623
2.4719565,2.6888883,0.87841123,0.21693182,8.775714
33.81112,13.149185,1.8856448,20.661934,61.10988
1.9744341,0.72701955,0.87898266,1.2474146,63.178333
1.1032532,1.0949588,1.3926969,0.008294463,0.7518186
0.62081254,0.5559561,1.8956958,0.06485641,10.44702
5.3188343,4.541419,1.424407,0.7774153,14.616273
8.535195,10.48576,0.8768915,1.9505644,22.85319
3.274042,2.5529695,0.91831005,0.72107244,22.023924
0.5208577,1.0890031,1.2358656,0.5681454,109.07882
1.3938142,1.5681309,0.9804931,0.17431664,12.506447
1.5725473,0.052918673,0.8777481,1.5196286,96.63484
1.1356224,1.3512223,1.2568883,0.2155999,18.985176
1.5285652,3.0403442,1.6416516,1.5117791,98.90184
0.58119035,0.69316643,0.91242266,0.11197609,19.266682
0.7404235,0.20225596,1.7869873,0.53816754,72.68375
20.996973,24.10091,0.9156594,3.1039371,14.7827835
6.746716,5.3521204,0.84555984,1.3945956,20.670732
9.442441,8.264328,1.4013479,1.178113,12.476784
3.654673,3.0809453,1.5599326,0.57372785,15.698472
12.022938,15.240831,0.9325793,3.2178936,26.76462
0.40122104,0.7388284,0.8707114,0.33760738,84.14499
0.3650302,0.41825062,0.9928698,0.05322042,14.579731
2.9566488,4.663817,0.900598,1.7071681,57.739967
4.2677603,8.0093775,0.95390207,3.7416172,87.67168
8.563458,15.459149,0.9591373,6.895691,80.524605
1.8307502,4.095237,0.91069096,2.2644866,123.69173
40.84368,29.38818,0.9824489,11.455502,28.047182
1.3513826,1.4078531,1.1573374,0.056470513,4.1787214
43.75994,41.97554,0.9169656,1.7844009,4.077704
0.69830734,1.2252684,1.4776303,0.526961,75.46262
8.569597,7.30727,0.9288731,1.2623272,14.730298
15.56011,22.09843,0.9230516,6.5383205,42.019756
0.57943696,1.5203198,0.9621793,0.94088286,162.37881
2.073512,3.4160154,0.8876153,1.3425033,64.745384
3.6136463,3.7974436,1.298285,0.18379736,5.086202
2.7599723,2.4275937,1.1585584,0.33237863,12.042824
14.866118,15.130971,1.5751547,0.26485252,1.7815849
18.481726,24.08018,0.9804624,5.5984535,30.291832
6.782882,12.275352,0.94051325,5.4924693,80.97545
6.5982013,8.416814,0.8710805,1.8186126,27.562246
3.8874514,4.04214,1.2949936,0.1546886,3.9791777
10.675036,17.00476,0.95672697,6.3297243,59.294636
0.52042353,0.7932323,1.2751368,0.2728088,52.420536
1.7456499,1.0373341,0.8821415,0.70831585,40.576057
1.3075546,0.7146169,1.8699707,0.5929377,45.34707
8.134598,11.206947,0.9049158,3.0723495,37.768917
1.8610426,0.98875785,0.971955,0.87228477,46.870758
1.5682827,2.5133424,1.498946,0.94505966,60.260796
7.8589296,9.661553,0.9230565,1.8026237,22.937267
1.8665673,1.2799003,1.0301399,0.58666694,31.43026
1.8529981,0.9589158,1.2165389,0.8940823,48.25058
3.6626997,4.431547,1.4794422,0.76884747,20.99128
23.445292,28.536085,0.97545624,5.0907936,21.713501
1.1726459,1.9189414,0.883401,0.74629545,63.642014
4.4474297,3.1957467,1.3782494,1.251683,28.143963
1.2601626,1.0104756,1.3258221,0.24968696,19.81387
2.239755,3.513601,0.9396897,1.2738461,56.874355
2.5728753,3.973791,0.87624454,1.4009156,54.44942
16.86073,21.730442,1.0324243,4.869713,28.881983
1.9745921,1.1404052,1.120156,0.8341869,42.24604
0.631904,1.0855981,1.2821891,0.4536941,71.79795
16.686504,17.780302,0.95148146,1.0937977,6.554984
1.0299683,1.484572,1.7255937,0.4546038,44.137653
2.0237377,2.5379515,1.7739594,0.5142138,25.409113
26.135315,31.203846,0.985567,5.068531,19.393417
25.290335,31.053984,1.0056853,5.763649,22.789927
0.783433,0.71586996,0.90922695,0.06756306,8.623974
0.84236324,0.8356091,0.8561281,0.00675416,0.80181086
3.134937,3.6965165,0.8695917,0.56157947,17.91358
1.8552998,2.5122309,0.8898422,0.65693104,35.40835
0.6716078,0.9783218,1.4153214,0.306714,45.668617
1.4288601,2.4901285,0.8744744,1.0612684,74.27379
0.645044,1.4965786,1.0237238,0.85153455,132.01186
3.9352944,3.64506,1.3790811,0.29023433,7.375162
0.35328805,1.281873,1.5508841,0.92858493,262.84073
0.92417896,0.9632629,0.8584486,0.039083958,4.2290463
9.840345,14.689762,1.3381189,4.8494167,49.28096
0.21636602,1.0819237,1.9181713,0.8655577,400.04327
22.306692,28.527157,0.91787934,6.2204647,27.886091
1.2952461,1.4521034,0.92768353,0.15685725,12.110228
4.685654,3.3301477,0.8740618,1.3555064,28.928862
1.2085944,0.271708,1.2296002,0.9368864,77.51868
0.6164035,0.0,1.7352438,0.6164035,100.0
6.685151,6.9257603,1.0739332,0.24060917,3.5991583
1.9054399,0.26285815,1.0825839,1.6425817,86.20486
7.6551805,7.1088943,1.2578729,0.5462861,7.1361623
2.0497785,3.2801769,1.441237,1.2303984,60.02592
1.2652582,1.3819054,0.9781082,0.11664724,9.219244
35.32711,33.274765,1.0108143,2.0523453,5.8095474
49.72143,34.61631,0.94442284,15.105122,30.3795
14.891581,11.064775,0.90400964,3.826805,25.697777
9.324611,3.2300208,1.8376716,6.09459,65.36027
0.8548962,1.0373646,1.913257,0.18246841,21.343927
6.671951,7.3773375,0.88807225,0.70538664,10.57242
3.0320885,2.6635346,1.7027103,0.36855388,12.155116
1.3010412,1.1386311,0.8881351,0.16241014,12.483089
0.54046446,0.615665,0.9807876,0.07520056,13.914062
0.5804785,1.1540294,1.9136503,0.5735509,98.806564
1.0970991,0.16024804,1.7065583,0.936851,85.39348
0.78387403,1.2033345,0.9329233,0.41946042,53.5112
5.573911,6.673129,0.98459303,1.0992179,19.720764
24.745678,25.387201,1.4637148,0.64152336,2.5924664
0.5477396,0.31584048,1.394355,0.23189914,42.33748
1.9346906,1.6483102,0.956347,0.2863804,14.802388
2.5669196,7.4617825,0.90975255,4.894863,190.69017
1.6121104,6.2039413,0.88203186,4.591831,284.83353
4.5739017,3.6508021,1.7075064,0.9230995,20.181885
1.0572648,0.21753931,1.8078144,0.8397255,79.42433
0.8359516,0.70632267,1.4635485,0.12962896,15.506753
0.717531,1.0355189,1.4608928,0.31798786,44.316948
0.9553564,1.3904697,0.9225542,0.43511325,45.5446
1.0505828,0.8710352,0.88663024,0.17954755,17.09028
12.567465,11.455837,1.5182669,1.1116276,8.845281
0.5403707,0.21380329,0.90998065,0.3265674,60.43396
11.223247,14.310263,0.98165864,3.087016,27.505552
1.1618451,1.3159966,0.87557006,0.15415156,13.267823
0.7093605,0.95849097,1.4513439,0.24913049,35.120434
1.6951886,0.54199386,1.1389359,1.1531948,68.02752
0.48786902,0.13208377,1.8224372,0.35578525,72.926384
1.3376862,1.5367062,0.9083829,0.19902003,14.877931
0.5483633,0.974784,1.3113307,0.4264207,77.762436
8.228969,8.880019,0.89282525,0.65105057,7.911691
0.7876968,1.299905,0.8611096,0.51220816,65.02606
4.850168,4.718075,0.9192694,0.13209343,2.7234814
14.540609,17.680513,1.623363,3.139904,21.594034
0.5373742,0.747696,1.7438316,0.21032178,39.138794
0.7697206,0.0,0.8929091,0.7697206,100.0
0.10139148,1.0081282,1.7723749,0.9067367,894.2928
0.50250703,0.0,0.96269953,0.50250703,100.0
1.0505428,0.91033506,0.8781295,0.14020777,13.346221
1.1563084,1.6423678,1.6874019,0.48605943,42.035446
6.569021,6.453103,0.8641478,0.11591816,1.7646184
14.223982,13.559139,1.2186716,0.6648426,4.674096
23.389631,24.940105,1.5439757,1.5504742,6.6288958
0.19292517,0.0,1.1398735,0.19292517,100.0
1.1280936,1.4927099,1.8532676,0.36461627,32.321457
1.7392005,1.6374993,0.90048426,0.10170114,5.8475804
1.6855822,0.9888042,1.308865,0.69677794,41.337524
1.1450993,1.9940398,0.8747074,0.8489405,74.13685
3.418767,3.0275912,1.3077219,0.39117575,11.442013
1.0509456,0.559778,0.86638963,0.49116766,46.735783
0.68914026,1.2061046,0.8945738,0.5169644,75.01585
1.2565397,0.6436826,0.87042683,0.6128571,48.773396
0.5885756,0.68713236,1.671551,0.09855676,16.74496
15.153833,14.766036,0.89967376,0.38779736,2.559071
0.6522723,0.95105636,1.5346329,0.29878408,45.806652
2.1178389,1.202512,1.3276415,0.91532683,43.219852
2.0550673,1.1413523,1.4464332,0.913715,44.46156
1.2146194,0.57682365,0.8799922,0.63779575,52.509926
3.312699,2.7013867,1.6062449,0.6113124,18.453606
0.7607561,0.5209739,1.6369292,0.23978215,31.518929
0.90576196,0.92156905,1.6544855,0.015807092,1.7451707
19.456903,23.652864,0.9888974,4.195961,21.56541
5.114297,6.73973,0.9004182,1.625433,31.78214
1.9570156,2.0458722,1.0098041,0.08885658,4.5404124
4.926845,4.372486,0.92514163,0.55435896,11.251804
13.089335,15.279973,1.548243,2.1906376,16.736048
29.32137,34.111393,0.9929406,4.790024,16.33629
12.019345,16.458366,0.910828,4.439021,36.932304
9.143866,8.212645,1.6061031,0.931221,10.184107
2.8463943,1.8598609,0.8393966,0.9865334,34.659058
10.624873,12.551427,0.90756375,1.9265537,18.132486
14.89214,16.934324,1.6459292,2.0421839,13.713165
1.9753047,1.1421956,1.3222585,0.83310914,42.176235
0.7085091,1.1962801,0.9892323,0.48777103,68.84471
3.379924,2.5674434,1.07334,0.8124807,24.038431
2.2678154,3.0796494,1.907889,0.8118341,35.79807
3.0778413,0.99983335,0.9411225,2.078008,67.515114
9.661162,12.508136,0.9199656,2.8469734,29.468227
0.871862,0.3170582,1.8066015,0.5548038,63.634357
3.095293,3.6990201,0.8658878,0.6037271,19.504684
25.263353,22.803385,0.97133714,2.4599686,9.7373
6.399102,6.8491554,0.90524757,0.45005322,7.033068
0.85705715,0.9025699,1.5357248,0.045512736,5.31035
0.45792198,0.87201804,1.2118304,0.41409606,90.42939
0.46796557,0.40605134,1.0896221,0.061914235,13.230511
19.130585,25.461489,0.98675,6.330904,33.0931
5.677186,12.788792,0.9035376,7.1116056,125.26639
2.832017,3.3260005,0.9017113,0.4939835,17.442816
2.1826177,0.49395132,0.88027066,1.6886663,77.36886
2.0285554,2.2678523,0.87585497,0.23929691,11.79642
0.65361726,0.54209656,1.8964802,0.11152071,17.062082
3.824681,5.9035044,1.550288,2.0788233,54.352856
48.81134,25.823372,0.92938477,22.987968,47.09555
2.7288017,2.0223947,0.8910454,0.70640707,25.88708
7.1251316,8.026896,0.92058027,0.90176487,12.656115
47.413807,32.677097,0.93077904,14.73671,31.081049
2.9408789,5.339346,0.90540135,2.398467,81.55614
45.31966,27.21153,1.6142383,18.10813,39.956455
17.901024,22.15378,1.7092588,4.252756,23.757055
10.581491,6.2475224,0.8722693,4.333969,40.95802
0.5280684,1.3719302,1.4945239,0.8438618,159.8016
4.5059013,4.3255434,0.8999645,0.18035793,4.002705
4.1226473,4.221526,1.6349835,0.09887886,2.3984313
0.61492187,0.70454216,1.4008647,0.08962029,14.574257
3.9024162,4.021924,1.4286941,0.11950779,3.062405
0.6478512,0.47398078,1.0680778,0.17387044,26.83802
5.4320397,7.9261513,1.5677179,2.4941115,45.914825
0.57457733,0.27218807,0.93571794,0.30238926,52.62812
18.066233,19.803587,1.6255587,1.7373543,9.616583
1.9697318,3.0390065,1.4070603,1.0692747,54.285294
2.5026948,3.754681,1.571153,1.2519863,50.025524
0.8101972,1.1651218,1.469292,0.35492462,43.80719
0.523774,1.5362061,1.562457,1.0124321,193.2956
2.656527,2.1126115,1.9183805,0.5439155,20.474684
5.4242005,5.530343,0.8864005,0.10614252,1.9568325
0.688136,1.4911873,0.8809217,0.80305135,116.69952
23.257523,25.903893,1.1427578,2.64637,11.378554
20.733019,27.210968,0.9874739,6.477949,31.244602
1.1885391,0.7387818,1.2246456,0.44975734,37.84119
0.863387,0.7886011,0.9427747,0.07478589,8.66192
0.13789344,0.61499166,1.7863374,0.47709823,345.99054
6.025739,5.1396685,1.8232595,0.8860707,14.704763
4.987208,4.0112104,0.9044065,0.97599745,19.570017
0.5282913,0.9325788,1.2568995,0.40428752,76.52739
2.1783793,1.7600565,0.8839228,0.4183228,19.203396
1.2496828,1.7612288,0.9743857,0.511546,40.93407
7.1115365,7.739255,1.4852276,0.62771845,8.826762
0.7869824,1.5055181,1.4625888,0.71853566,91.302635
0.55697304,1.1409949,1.6139716,0.58402187,104.8564
0.8491592,0.10932779,1.753909,0.7398314,87.12517
0.89296764,1.3780644,0.8779417,0.48509675,54.324112
0.79798573,0.6658526,1.5125725,0.13213313,16.55833
5.1553307,5.4876566,0.9029225,0.33232594,6.4462585
2.34389,0.9183433,0.91860986,1.4255466,60.819687
6.5083694,6.6583385,0.86632603,0.1499691,2.30425
1.067108,1.9038843,1.1683309,0.83677626,78.41533
0.79786,0.06921911,0.91975725,0.7286409,91.3244
2.692568,2.8079176,0.8723735,0.11534953,4.283997
0.40284708,0.93716794,1.2741294,0.53432083,132.63614
3.2049868,3.6451743,1.5181378,0.44018745,13.734454
5.946313,8.18798,0.9541106,2.2416668,37.698433
3.6452656,3.3209748,0.8844568,0.32429075,8.896218
0.9960544,1.1907061,1.1219256,0.19465172,19.542278
33.45781,34.668903,1.5769775,1.2110939,3.6197646
8.693246,5.4859695,0.9452495,3.2072763,36.893887
1.1135701,2.831812,1.6507103,1.7182418,154.3003
1.2428048,0.746765,1.8493592,0.49603975,39.912926
20.380684,11.604866,0.90156746,8.775818,43.059486
3.0563703,3.386697,0.8775345,0.3303268,10.807814
0.70648575,0.28858566,1.8105736,0.4179001,59.151947
4.2163467,5.325231,0.87134165,1.1088843,26.299648
3.3435657,2.665945,1.2013892,0.67762065,20.266407
0.7098134,0.14277148,1.07517,0.56704193,79.886055
0.5532222,1.3727521,1.9210511,0.8195299,148.13757
9.130497,2.6678035,1.6673777,6.462693,70.7814
0.5617989,0.7636697,1.0248363,0.20187086,35.93294
34.199337,25.807165,1.0011718,8.392172,24.53899
6.780716,6.855999,1.3910215,0.07528305,1.1102523
2.4854412,1.6216893,1.2629287,0.8637519,34.752457
2.97113,2.486289,0.8835594,0.48484087,16.3184
2.4070141,3.5136905,1.3631637,1.1066763,45.977142
1.1216632,1.8416667,1.0303228,0.7200035,64.190704
0.8469095,0.7373526,1.7135838,0.10955691,12.936082
0.7695302,1.3566936,1.4079624,0.58716345,76.30155
0.6126336,1.1699336,1.0137932,0.5573,90.96791
0.9803241,2.951735,0.8702903,1.971411,201.09789
10.390035,14.362054,0.9073161,3.9720192,38.229122
1.1809909,1.8692787,0.87415063,0.68828773,58.280525
9.364911,10.080539,1.011009,0.7156277,7.6415854
1.425472,0.67959,1.1857606,0.74588203,52.325268
9.552284,9.274504,1.3474166,0.27778053,2.9080012
0.47725084,0.8771027,0.93355,0.39985183,83.78232
2.2349799,2.6635003,0.85691667,0.42852044,19.173346
0.4110778,0.62041664,1.110828,0.20933884,50.924385
18.095749,21.362177,0.95854217,3.266428,18.050802
5.396111,3.1319895,0.9335387,2.2641215,41.958393
1.8103509,2.3838437,1.8545442,0.57349277,31.678543
4.264477,6.2887144,1.5220685,2.0242376,47.467434
0.6892793,0.32280183,1.7617831,0.3664775,53.168217
1.8128675,1.230984,1.3686202,0.58188355,32.097412
3.711294,4.0799866,1.5974431,0.36869264,9.934341
2.6026993,2.9250064,0.8870762,0.3223071,12.383572
3.499293,2.2725685,0.8574692,1.2267246,35.056355
0.16269378,0.66504025,1.4368849,0.50234646,308.76807
39.925457,26.963657,1.0560216,12.9618,32.465
0.45341134,1.1011088,0.8738995,0.64769745,142.84985
0.5366959,0.08104992,1.7188932,0.45564598,84.89835
4.275901,3.5725162,0.97020227,0.70338464,16.449976
0.8599167,0.42068708,1.8934016,0.4392296,51.07816
1.6991224,3.9996345,0.88392025,2.300512,135.39413
1.0258126,1.5606315,0.90158004,0.5348189,52.136116
0.85547125,0.62181973,0.87187105,0.23365152,27.312609
0.312568,1.740895,1.0575322,1.4283271,456.9652
2.0406752,1.9799087,0.99163306,0.06076646,2.9777625
33.36625,34.64914,1.6274198,1.2828903,3.8448741
0.5810315,0.38246465,0.8583556,0.19856685,34.174885
1.6457331,2.2253075,0.8829195,0.57957435,35.21679
0.9986903,1.9603262,1.6287825,0.9616359,96.289696
8.503316,10.176431,0.91525394,1.6731148,19.676027
0.6810503,0.24138641,1.795058,0.4396639,64.55674
17.074362,19.801434,0.9972074,2.7270718,15.971735
0.34445897,1.6548508,0.9452955,1.3103919,380.4203
