y_true,y_pred,y_std,abs_error,rel_error_%
6.767622,11.291424,1.54666,4.523802,66.84478
8.626948,5.3076243,1.207311,3.319324,38.476223
0.0,4.682337,1.01615,4.682337,468233660.0
6.487446,8.94409,1.9466172,2.456644,37.86766
0.0,5.1173897,1.2738128,5.1173897,511738940.0
0.0,1.5962666,1.4696848,1.5962666,159626660.0
0.0,0.0,1.9667349,0.0,0.0
0.0,8.245079,1.24284,8.245079,824507970.0
14.916421,12.73613,3.429902,2.1802912,14.616717
0.0,0.8010973,1.0533775,0.8010973,80109730.0
0.0,2.5090733,1.0763015,2.5090733,250907310.0
10.03318,8.401644,3.7949262,1.6315365,16.26141
3.897901,5.946984,1.0780597,2.0490828,52.56888
0.0,4.5239744,1.346389,4.5239744,452397440.0
13.369327,11.886883,1.6001252,1.4824438,11.088396
0.0,2.0421972,1.053678,2.0421972,204219730.0
0.0,3.0232534,1.1052697,3.0232534,302325340.0
11.294369,12.937647,1.0710992,1.6432781,14.549536
125.010056,152.04437,2.6194494,27.034317,21.625713
0.0,2.2693465,1.5999666,2.2693465,226934640.0
167.66536,143.89755,1.7360607,23.767807,14.175741
1.563591,1.2807419,1.304665,0.28284907,18.08971
20.992844,11.855537,1.0968324,9.137306,43.525814
0.0,2.2746277,1.1103822,2.2746277,227462770.0
18.050842,12.485142,1.090535,5.5657005,30.833467
0.0,3.7652106,1.0683961,3.7652106,376521060.0
0.0,0.0,2.4930007,0.0,0.0
0.0,5.519997,1.6995803,5.519997,551999700.0
0.0,0.0,1.328721,0.0,0.0
0.0,0.0,1.4183125,0.0,0.0
23.177315,13.205994,1.3596277,9.971321,43.0219
20.227623,15.66375,1.96686,4.5638733,22.562578
10.734706,10.426386,2.411949,0.30832005,2.8721797
20.2237,1.8097222,1.2542844,18.413977,91.051476
8.553743,8.573143,1.3130333,0.019399643,0.22679712
42.99527,56.457825,5.0185204,13.462555,31.311712
5.96337,4.9365625,1.5164592,1.0268073,17.218575
5.196671,6.546916,1.2984214,1.350245,25.982885
2.2199697,0.0,2.1614711,2.2199697,100.0
0.0,1.2286577,3.6169455,1.2286577,122865770.0
0.0,0.0,4.1805186,0.0,0.0
7.5016932,8.249655,1.6573173,0.7479615,9.970569
0.0,3.432528,1.3059151,3.432528,343252800.0
10.363795,8.183006,1.3915013,2.180789,21.04238
96.47443,99.63851,4.1684256,3.1640854,3.279714
0.91099983,6.2618804,1.1051246,5.3508806,587.3635
0.0,0.0,0.9319468,0.0,0.0
0.0,10.380369,0.962003,10.380369,1038036860.0
1.2322317,4.9910765,1.2876525,3.7588449,305.04367
0.0,2.8741455,1.585806,2.8741455,287414560.0
0.0,6.19105,1.0956041,6.19105,619104960.0
10.989389,7.0224676,1.0177151,3.9669218,36.097744
0.0,2.436297,1.2447478,2.436297,243629700.0
9.631765,10.985844,1.2021608,1.3540783,14.058465
0.0,0.060760736,1.6809738,0.060760736,6076073.5
0.0,0.6212616,1.3354243,0.6212616,62126160.0
0.0,0.0,2.7662826,0.0,0.0
9.510533,5.0374794,1.8370883,4.473054,47.03263
21.571123,7.1884346,1.2636154,14.3826885,66.67566
0.0,7.4581113,1.2053521,7.4581113,745811140.0
4.2359858,8.673494,1.0580244,4.4375086,104.7574
0.0,0.0,2.7873127,0.0,0.0
15.028497,14.097786,1.2036356,0.9307108,6.192973
40.22826,13.728849,1.1677983,26.49941,65.87263
1.4718249,9.96965,1.3616546,8.497826,577.36664
16.639835,8.440067,2.9680037,8.199768,49.27794
58.75563,58.022186,2.383733,0.7334442,1.248296
0.0,0.4160893,1.135857,0.4160893,41608930.0
2.4147341,3.6005845,1.4218209,1.1858504,49.10894
6.3860693,5.0022354,0.9981168,1.3838339,21.669573
11.036226,12.133667,1.5706722,1.0974407,9.943985
0.0,0.0,1.2398438,0.0,0.0
23.373775,10.90159,1.3246409,12.472185,53.359737
0.0,0.0,1.3034035,0.0,0.0
26.104748,43.199074,1.1985825,17.094326,65.48359
6.7428594,4.376996,1.3862284,2.3658633,35.086945
0.0,0.8988571,1.9970402,0.8988571,89885710.0
0.0,7.757895,1.2422206,7.757895,775789500.0
6.545566,8.334553,1.0533893,1.7889867,27.331274
23.651722,21.394325,1.327478,2.2573967,9.544323
23.335878,17.334248,1.7595127,6.001631,25.71847
16.193535,13.565706,1.1429714,2.6278286,16.22764
0.0,1.8279126,2.676793,1.8279126,182791260.0
12.105862,11.550644,2.2596,0.55521774,4.5863547
0.0,0.92290735,1.2446917,0.92290735,92290740.0
0.0,0.0,1.1683445,0.0,0.0
17.130287,8.89633,1.0732855,8.233957,48.06666
52.10357,15.984497,1.3409538,36.119072,69.321686
0.0,1.5772438,1.7732139,1.5772438,157724380.0
0.0,4.2821264,1.1794345,4.2821264,428212640.0
11.782064,6.474529,1.2042407,5.3075356,45.047585
0.0,2.3203988,1.0189607,2.3203988,232039890.0
0.0,0.0,1.2578514,0.0,0.0
0.0,0.0,1.2079965,0.0,0.0
6.9691725,7.839281,1.1940218,0.8701086,12.485107
24.874939,17.36198,1.1695862,7.5129585,30.20292
35.43982,23.599394,2.2186036,11.8404255,33.40995
7.6712914,4.79272,2.0364165,2.8785715,37.52395
0.0,2.2549314,1.1691809,2.2549314,225493150.0
3.4963279,8.4993515,1.1072377,5.0030236,143.09366
0.0,1.5128043,1.3866783,1.5128043,151280430.0
4.4665914,3.4199421,1.1749943,1.0466492,23.43284
7.2599277,7.0268097,1.707485,0.23311806,3.2110245
0.0,0.0,2.726019,0.0,0.0
0.0,6.643599,1.1444764,6.643599,664359940.0
11.208888,9.504579,1.1046361,1.7043095,15.204982
0.0,0.12702954,1.0952793,0.12702954,12702953.0
8.881784e-14,5.417547,1.1304032,5.417547,541754700.0
22.071463,14.945999,1.148602,7.1254635,32.283604
0.0,1.0627768,1.3373767,1.0627768,106277680.0
9.637576,7.5014377,1.0452168,2.1361384,22.164686
10.579389,11.984638,1.4626808,1.4052496,13.2829
2.7577715,0.0,2.4929667,2.7577715,100.00001
15.069878,20.707022,1.2581728,5.637144,37.4067
1.4375503,5.367786,1.2814385,3.9302356,273.39813
5.7229414,9.225662,1.1395887,3.5027208,61.204906
0.0,0.7005925,1.4128684,0.7005925,70059250.0
7.0727987,10.988855,1.0837637,3.9160566,55.367847
0.0,6.195025,1.1723552,6.195025,619502500.0
86.36523,94.919,3.0566332,8.553772,9.904185
30.059643,34.30441,1.1141847,4.244766,14.121146
25.196077,22.806406,3.0879018,2.3896713,9.484299
6.731985,7.784393,1.3870517,1.0524077,15.632949
0.0,4.0394716,2.3263113,4.0394716,403947170.0
0.0,2.9824617,0.86608946,2.9824617,298246140.0
76.95631,79.68039,3.6594045,2.724083,3.5397787
0.0,0.0,1.2318919,0.0,0.0
6.75843,4.362353,1.6136402,2.3960772,35.453163
29.865324,36.93357,2.0528622,7.068247,23.66707
5.7193313,5.218492,2.4013195,0.50083923,8.756954
0.0,6.5556035,1.0045294,6.5556035,655560400.0
12.332676,12.50429,2.6357925,0.1716137,1.3915366
12.86184,13.817751,3.9152367,0.9559107,7.432145
0.0,5.038306,0.9886905,5.038306,503830620.0
0.0,0.0,1.2398762,0.0,0.0
0.0,0.0,1.4486798,0.0,0.0
19.172968,19.286253,1.3045728,0.113285065,0.5908583
0.0,0.0,1.2126312,0.0,0.0
0.0,0.0,1.1912239,0.0,0.0
5.0247216,9.620024,1.1458888,4.595302,91.453865
2.5063455,3.0313437,1.2487941,0.5249982,20.94676
13.257323,10.655354,1.1162107,2.6019697,19.62666
3.557903,2.2386606,1.9595072,1.3192425,37.079216
0.0,0.56590605,1.3516586,0.56590605,56590610.0
32.8567,15.358097,1.7040701,17.498604,53.257336
0.0,4.6499567,1.1702725,4.6499567,464995680.0
10.812448,4.81604,1.0635606,5.9964075,55.458374
0.0,0.0,1.1690145,0.0,0.0
0.0,0.0,2.069457,0.0,0.0
0.0,2.1289382,1.0698287,2.1289382,212893810.0
14.784631,6.2474194,1.528337,8.537211,57.743824
0.0,1.56493,1.1482085,1.56493,156493000.0
0.0,0.0,1.0309348,0.0,0.0
3.768623,12.250225,4.2187424,8.481602,225.05836
2.2918344,1.3187983,2.1826067,0.97303605,42.456646
0.0,1.6463859,1.4227334,1.6463859,164638600.0
0.0,3.7104578,1.2374824,3.7104578,371045800.0
8.670334,6.915302,1.3051605,1.7550321,20.241804
27.273632,45.561573,1.8495549,18.287941,67.05356
0.0,5.2652607,1.0992557,5.2652607,526526050.0
12.480908,12.620211,3.7107694,0.13930225,1.1161227
20.602406,20.757439,1.5412385,0.15503311,0.75250006
0.0,6.2081075,1.2896292,6.2081075,620810750.0
0.0,0.0,1.2653252,0.0,0.0
173.3681,142.56046,1.5529987,30.807648,17.770077
15.383702,13.413385,1.495661,1.9703169,12.80782
12.6819725,5.7101383,1.1705976,6.971834,54.974365
3.4931912,7.1156607,1.6843426,3.6224694,103.70087
0.0,0.0,2.2162192,0.0,0.0
7.824397,9.974621,1.6795281,2.1502237,27.481014
10.854845,14.351782,1.3645065,3.4969368,32.215446
12.427081,10.3413315,4.8047495,2.0857496,16.783907
13.849902,9.88316,1.0034627,3.9667425,28.640944
0.0,0.0,1.4121703,0.0,0.0
15.847136,7.419571,1.054097,8.427565,53.180367
0.87397337,5.5092835,1.3102508,4.63531,530.372
10.253698,8.300165,1.3703251,1.9535332,19.051987
9.544368,9.618822,2.0428483,0.07445431,0.78008634
0.0,6.5192504,1.2815753,6.5192504,651925060.0
0.0,5.431449,1.1513802,5.431449,543144900.0
5.078174,4.951499,1.4405056,0.12667513,2.4945016
0.0,1.0500543,1.6582924,1.0500543,105005430.0
4.6702733,10.646757,1.4673495,5.976484,127.968605
0.0,1.8837807,1.1920754,1.8837807,188378060.0
14.65908,10.9548435,5.4148107,3.704236,25.269228
0.0,5.428481,1.1166224,5.428481,542848060.0
0.0,0.87816745,1.0159444,0.87816745,87816744.0
6.9585886,5.988526,1.9074974,0.97006273,13.94051
0.0,2.6435523,1.3238069,2.6435523,264355230.0
9.83371,11.820185,4.844863,1.986475,20.200666
16.559187,11.234201,1.9113922,5.3249855,32.157288
10.339583,11.798195,5.409707,1.4586115,14.107062
0.0,2.462745,1.0343417,2.462745,246274500.0
7.1154222,8.45321,1.1636907,1.3377876,18.80124
7.1896095,14.655878,3.1569982,7.4662685,103.84804
29.286325,40.245567,2.6619747,10.959242,37.42102
4.7307253,9.445826,1.1024868,4.7151003,99.669716
0.0,3.865709,1.3635682,3.865709,386570880.0
10.867499,10.035591,1.9962964,0.8319082,7.655011
0.0,4.8357654,1.0732152,4.8357654,483576540.0
0.0,3.5985963,1.1727675,3.5985963,359859620.0
4.999816,11.030197,0.9508261,6.030381,120.61207
9.610636,8.699463,1.5825088,0.91117287,9.48088
0.0,0.0,1.3933799,0.0,0.0
20.368395,21.064224,2.6227067,0.6958294,3.4162211
21.905422,16.655256,1.2741294,5.250166,23.967426
7.9952445,8.82225,3.943845,0.82700586,10.343721
0.0,0.0,2.9536335,0.0,0.0
0.0,0.0,2.2824512,0.0,0.0
0.0,0.0,1.093069,0.0,0.0
0.0,0.0,1.2186875,0.0,0.0
0.0,0.0,1.1061743,0.0,0.0
0.0,4.8983865,1.233491,4.8983865,489838660.0
10.2709465,5.2218885,1.2415403,5.049058,49.15864
0.67184675,5.090604,1.0659136,4.418757,657.7031
7.6050396,6.993919,2.8679368,0.6111207,8.035733
10.242032,7.461953,1.4411954,2.780079,27.14382
0.0,6.760616,1.1304379,6.760616,676061600.0
0.0,3.511663,1.4440168,3.511663,351166300.0
14.298193,10.458424,1.9159336,3.8397694,26.854927
7.5430527,5.0746408,4.1468387,2.468412,32.724308
12.776611,5.994232,1.4118698,6.782379,53.084335
8.9693985,6.232152,2.3268914,2.7372465,30.517614
14.602172,9.708851,1.3166744,4.893321,33.51091
0.0,0.6630111,1.3434649,0.6630111,66301108.0
0.0,3.2064166,1.1350129,3.2064166,320641660.0
9.040105,5.922461,1.4648126,3.1176438,34.48681
0.0,0.0,1.2749002,0.0,0.0
0.0,6.9451623,1.5823743,6.9451623,694516200.0
0.0,0.0,1.3186322,0.0,0.0
12.520257,8.372105,1.5333936,4.1481524,33.131527
7.38832,4.315631,1.3723689,3.072689,41.58847
0.0,1.5014682,0.97469956,1.5014682,150146820.0
0.0,8.021476,1.5169321,8.021476,802147600.0
7.029858,4.7810345,1.0788847,2.2488236,31.989603
11.484277,11.491667,1.5578766,0.0073900223,0.06434904
0.0,4.1407843,1.1156577,4.1407843,414078430.0
6.979922,6.88768,1.6576458,0.092241764,1.3215301
1.4129449,3.8429968,1.6911194,2.4300518,171.9849
39.61833,27.48625,2.139946,12.132078,30.622387
8.11087,4.398307,4.845337,3.7125635,45.77269
2.749322,6.8728895,1.0762935,4.1235676,149.9849
0.0,0.0,1.1985888,0.0,0.0
2.7052279,5.002343,2.035221,2.2971153,84.91393
11.452898,9.809811,4.787177,1.6430874,14.3464775
0.0,5.25095,1.1373572,5.25095,525094980.0
18.609222,8.547443,1.0407097,10.061779,54.06878
0.0,0.0,1.1303349,0.0,0.0
26.679516,9.603127,1.2753624,17.07639,64.005615
15.8895,10.234446,1.0240833,5.655054,35.58988
7.0261526,5.363702,1.2446826,1.6624508,23.660898
0.0,0.0,1.8263683,0.0,0.0
0.0,2.5067253,1.2501771,2.5067253,250672530.0
1.5806118,5.3162737,1.0750984,3.735662,236.34277
10.524576,5.947286,1.3494965,4.57729,43.491444
0.0,4.481696,1.5382073,4.481696,448169630.0
7.5226927,6.497738,1.3243313,1.0249548,13.62484
9.281101,8.994341,5.080483,0.28676033,3.089723
0.0,2.0350952,0.9910952,2.0350952,203509520.0
7.826634,5.903581,1.1982738,1.9230528,24.570625
0.0,0.0,1.3808941,0.0,0.0
0.0,4.3519177,1.1365443,4.3519177,435191780.0
9.380402,6.483853,1.2359333,2.8965487,30.878729
1.1995543,5.5256677,1.6467868,4.326113,360.64337
0.0,0.0,2.6798677,0.0,0.0
13.109314,9.964804,1.1349716,3.1445103,23.98684
8.275099,10.036236,5.2778664,1.761137,21.28237
0.0,0.9936516,1.0149488,0.9936516,99365170.0
8.528669,9.805269,1.0738033,1.2765999,14.968336
0.0,0.0,1.8152288,0.0,0.0
0.0,0.0,1.1165318,0.0,0.0
5.5873585,10.470009,1.2928302,4.8826504,87.38746
0.0,2.8190618,1.2847466,2.8190618,281906180.0
11.601925,15.32515,1.3600183,3.7232246,32.09144
39.492916,33.32343,1.4223781,6.169487,15.621757
10.185962,13.592352,2.0001698,3.4063902,33.44201
0.0,4.726067,1.3085196,4.726067,472606720.0
0.0,0.0,1.0457851,0.0,0.0
30.689173,14.151363,1.18424,16.53781,53.88809
7.98426,4.7026215,0.94023365,3.2816386,41.10135
7.1876235,10.605373,1.1505532,3.41775,47.550488
0.0,2.2046976,1.289454,2.2046976,220469760.0
0.0,0.0,1.2512081,0.0,0.0
0.0,0.0,1.3347607,0.0,0.0
21.15553,18.572725,1.7941196,2.5828056,12.208655
4.1585507,5.793622,1.1142977,1.6350713,39.318295
4.440892e-14,0.32276583,2.0681357,0.32276583,32276580.0
122.755844,100.81236,1.4859766,21.943481,17.875711
0.0,5.1927614,1.0350044,5.1927614,519276130.0
0.0,0.0,1.5667114,0.0,0.0
20.69873,17.202122,1.456384,3.4966087,16.892866
0.0,1.8063269,2.6580553,1.8063269,180632690.0
0.0,0.0,1.5108329,0.0,0.0
0.0,6.449227,1.3705826,6.449227,644922700.0
2.9672763,5.925536,5.105421,2.9582598,99.69614
28.650434,19.125078,1.4745779,9.525356,33.246815
0.0,5.2859535,1.053879,5.2859535,528595330.0
0.0,0.0,1.5859629,0.0,0.0
7.026367,4.0852976,1.1633718,2.9410696,41.857613
14.500064,13.240112,2.6502335,1.2599516,8.689283
0.784394,6.940768,1.4054768,6.156374,784.8573
5.079189,7.19694,1.168932,2.1177511,41.69467
0.0,1.6304765,1.1028484,1.6304765,163047650.0
0.0,4.2314506,2.9635136,4.2314506,423145060.0
7.3720965,5.1374574,1.574704,2.2346392,30.312124
9.3202915,6.7992773,4.071687,2.5210142,27.048662
0.0,3.02555,1.2796689,3.02555,302555000.0
0.0,0.3449371,1.0626545,0.3449371,34493708.0
12.119003,1.306271,1.1931534,10.812733,89.221306
46.651638,16.74354,1.249572,29.908098,64.10943
11.336251,5.697962,1.2402107,5.6382895,49.736805
0.0,7.582821,1.0260453,7.582821,758282100.0
2.3324213,2.321375,1.5960021,0.01104641,0.47360268
18.430864,9.233683,1.4226698,9.197182,49.900978
158.82053,145.29523,1.8408451,13.525299,8.51609
12.420368,11.706503,1.5015501,0.7138653,5.747537
8.852775,7.9867578,1.1749684,0.86601686,9.782434
0.0,0.0,0.939367,0.0,0.0
34.582558,45.315975,1.1846312,10.7334175,31.037085
12.318143,8.516563,1.1564943,3.8015795,30.86163
0.0,2.7811942,1.2558588,2.7811942,278119420.0
4.1906037,4.7253513,1.2343574,0.5347476,12.760634
28.086058,19.790583,1.4209586,8.295475,29.535917
3.448512,9.126443,1.071579,5.677931,164.64871
173.2411,130.89786,4.7835073,42.343246,24.441801
0.0,10.726183,1.1859162,10.726183,1072618300.0
4.926755,7.903502,1.879286,2.976747,60.420036
0.0,0.0,1.9692307,0.0,0.0
6.684333,8.232275,1.157593,1.5479422,23.157766
5.223886,3.9811628,1.599151,1.2427232,23.78925
11.123849,9.624693,2.476709,1.499156,13.476954
10.924158,11.762566,2.6091025,0.8384075,7.6748023
0.0,2.9577088,1.7744827,2.9577088,295770880.0
0.0,0.0,1.2131234,0.0,0.0
2.2904546,0.0,2.569238,2.2904546,100.0
60.231266,35.27977,2.2569115,24.951496,41.426155
4.811119,11.126432,1.1469553,6.3153133,131.26495
0.0,0.0,3.1850069,0.0,0.0
5.222513,10.480581,1.2665185,5.258068,100.6808
11.078809,10.671465,5.221877,0.40734386,3.676784
21.810661,14.942005,1.286223,6.868656,31.492195
31.131922,23.172646,1.7482532,7.959276,25.566286
1.4664252,6.4230723,2.169458,4.956647,338.00885
0.0,0.520942,1.0632117,0.520942,52094196.0
5.7816477,3.5343056,1.3896475,2.247342,38.87027
6.561374,6.6660867,1.4985479,0.104712486,1.5958927
4.694224,7.987468,1.2849472,3.293244,70.15524
97.29391,106.342476,2.5732248,9.048569,9.300241
0.0,7.2481794,1.0606972,7.2481794,724817900.0
0.0,0.0,2.1627586,0.0,0.0
0.0,2.9152029,1.0307341,2.9152029,291520300.0
0.0,4.417662,1.4355968,4.417662,441766200.0
9.610667,7.8373575,1.4627285,1.7733097,18.451473
14.808831,16.403585,2.2440171,1.5947542,10.76894
0.0,0.0,2.3193848,0.0,0.0
10.118144,8.922249,1.1115016,1.1958952,11.819314
28.137907,14.9713745,1.1354573,13.1665325,46.792862
15.506958,7.555553,1.6022544,7.951405,51.27637
0.0,5.5338755,1.1594155,5.5338755,553387600.0
4.020828,7.420355,1.1243625,3.399527,84.547935
0.0,0.0,1.2721571,0.0,0.0
0.0,4.09229,1.0492002,4.09229,409229000.0
0.0,0.109996796,1.1796795,0.109996796,10999680.0
9.16529,8.306567,1.4976121,0.8587227,9.369291
0.0,1.4284091,3.045733,1.4284091,142840910.0
19.537292,10.373241,1.7391672,9.164051,46.90543
10.092098,13.372383,3.8014588,3.280285,32.503498
0.0,0.0,0.9163978,0.0,0.0
16.250582,12.870346,1.4210795,3.3802357,20.800705
99.117546,118.75553,2.9480402,19.637985,19.812824
8.1430025,17.23968,3.5392427,9.096677,111.71158
17.6279,15.529493,1.7776395,2.0984058,11.903891
0.0,1.7062631,1.1310282,1.7062631,170626320.0
13.854351,9.007914,1.0456464,4.8464375,34.98134
0.0,0.0,2.8243225,0.0,0.0
3.1723742,1.2951998,3.6390169,1.8771745,59.172543
0.0,4.828438,1.1991116,4.828438,482843780.0
5.3179064,6.917914,1.6670951,1.6000075,30.08717
2.1324966,3.6672468,1.8062348,1.5347502,71.96964
100.40168,98.39227,4.5845327,2.009407,2.001368
13.885715,12.00325,5.234158,1.8824644,13.556843
0.0,0.15321541,2.6601162,0.15321541,15321541.0
0.0,0.0,1.3101954,0.0,0.0
0.0,4.5089054,2.4031758,4.5089054,450890530.0
11.270949,6.8976836,2.6103134,4.3732657,38.80122
9.520224,12.00845,2.7408667,2.488226,26.136213
11.822119,11.982607,2.0319889,0.16048813,1.3575243
0.0,5.6774907,1.198725,5.6774907,567749060.0
8.119421,9.53104,1.0571913,1.4116192,17.385714
25.197838,18.361023,1.1341016,6.836815,27.132547
0.0,0.84413195,1.2773976,0.84413195,84413190.0
0.0,2.1511664,2.5061016,2.1511664,215116640.0
0.0,5.2122245,1.2054739,5.2122245,521222460.0
0.0,0.0,2.21654,0.0,0.0
0.0,1.0852201,1.0827204,1.0852201,108522010.0
22.608238,26.245457,4.6748743,3.6372185,16.088024
0.21508619,5.4584923,1.1255485,5.2434063,2437.8164
0.0,0.0,1.3531219,0.0,0.0
0.0,0.0,1.0372815,0.0,0.0
0.0,2.311895,1.1327554,2.311895,231189490.0
8.161884,9.796398,1.519817,1.6345139,20.026182
14.461739,15.597149,3.1225948,1.1354103,7.851133
0.0,3.4748323,1.1101073,3.4748323,347483230.0
3.566783,4.421137,1.1943293,0.8543539,23.953068
0.0,1.9127353,0.9601553,1.9127353,191273540.0
73.94431,60.00701,1.9331617,13.937302,18.848375
0.0,2.0274966,0.9730789,2.0274966,202749660.0
11.017472,12.911528,0.9920714,1.8940554,17.191378
8.197948,9.851343,1.3877226,1.6533947,20.168396
3.768879,9.702384,1.3020389,5.933505,157.43422
0.0,0.0,1.1066105,0.0,0.0
4.670498,3.4591737,4.275521,1.2113242,25.935656
0.0,4.714422,4.933103,4.714422,471442240.0
57.039864,49.781273,3.110822,7.2585907,12.72547
0.0,5.5547514,1.5624074,5.5547514,555475140.0
0.0,6.236358,1.208396,6.236358,623635800.0
2.0344656,6.6703095,1.0727175,4.635844,227.86545
0.0,8.083889,1.1715268,8.083889,808388900.0
4.9620175,8.175959,1.7588317,3.213941,64.77085
1.2739708,8.394764,1.8736858,7.1207933,558.94476
0.0,2.1218371,1.3612939,2.1218371,212183710.0
0.0,1.7804198,2.1805165,1.7804198,178041980.0
3.9122875,7.1272206,2.0806623,3.2149332,82.17528
2.198324,0.5954299,1.6875284,1.6028941,72.914375
9.809476,6.610905,1.1081547,3.1985707,32.60695
44.906517,29.726717,1.4015385,15.1798,33.803112
0.0,2.6074991,1.3545046,2.6074991,260749900.0
5.09852,7.27963,3.0753396,2.1811104,42.779285
0.0,2.8961005,1.1887499,2.8961005,289610050.0
11.925462,8.796177,5.0303974,3.1292849,26.240368
0.0,7.4754305,1.611671,7.4754305,747543040.0
0.0,5.476195,1.550854,5.476195,547619500.0
0.0,1.775311,1.2660139,1.775311,177531100.0
7.6343074,9.248346,1.1416222,1.614039,21.141918
7.622694,7.0680375,1.0790306,0.5546565,7.2763844
7.4062705,10.114399,1.5123074,2.7081285,36.565346
0.0,0.0,1.0578243,0.0,0.0
5.416316,4.210656,2.2993674,1.2056599,22.259777
9.452612,4.698097,1.3699617,4.7545147,50.298424
1.4227659,3.8326955,2.0096614,2.4099298,169.38344
0.0,14.046833,1.4007074,14.046833,1404683400.0
0.0,4.9262147,1.4699132,4.9262147,492621470.0
0.0,6.6800685,1.5007076,6.6800685,668006850.0
0.0,0.0,1.211706,0.0,0.0
18.471188,18.989336,1.2732594,0.5181484,2.8051713
4.51613,5.364557,1.0399947,0.8484268,18.78659
0.8339222,0.50340104,1.3339216,0.33052117,39.634533
12.659131,16.021065,4.188939,3.3619337,26.55738
8.101792,10.613693,2.0337713,2.511901,31.004263
0.0,0.0,1.7681911,0.0,0.0
0.0,7.9574013,1.1347977,7.9574013,795740100.0
22.091438,19.7542,1.474647,2.3372383,10.579838
11.861055,9.635008,1.3307062,2.2260475,18.767702
53.005295,32.39487,2.419296,20.610424,38.88371
0.0,0.0,2.1451147,0.0,0.0
0.0,5.896213,1.157546,5.896213,589621250.0
0.0,0.0,1.5400382,0.0,0.0
0.0,4.9501266,5.4489837,4.9501266,495012670.0
15.320905,17.071314,3.0473216,1.7504091,11.424973
0.0,0.0,1.7928354,0.0,0.0
6.9582458,12.119482,1.0938993,5.1612363,74.17439
5.7838125,2.9761498,2.2297497,2.8076627,48.54346
3.2780662,5.854226,1.3264258,2.57616,78.5878
0.0,9.269226,2.4078386,9.269226,926922600.0
0.0,1.1256411,0.9917012,1.1256411,112564110.0
14.168471,14.880388,1.1173208,0.7119169,5.0246563
17.403852,15.053173,1.7996747,2.3506794,13.50666
150.69775,72.244995,1.9241177,78.45276,52.059673
0.0,0.0,1.1683755,0.0,0.0
3.753428,7.2972865,1.7610356,3.5438585,94.41659
0.0,1.8962379,4.630436,1.8962379,189623780.0
0.0,1.6595447,0.97379315,1.6595447,165954460.0
15.240921,6.4071965,0.98085696,8.833725,57.96057
0.0,0.0,2.7364707,0.0,0.0
16.92401,26.107176,1.5202041,9.1831665,54.261177
27.23557,9.605524,1.2268977,17.630047,64.7317
0.0,0.0,1.0832831,0.0,0.0
2.942306,4.5759254,1.6998956,1.6336193,55.521736
15.613926,8.768065,1.0763324,6.8458605,43.84458
7.605471,5.4956093,1.1124039,2.1098619,27.741371
0.0,3.8697476,1.0476811,3.8697476,386974750.0
4.876801,5.5839195,1.7019062,0.7071185,14.499639
4.684193,9.696581,1.2853612,5.0123878,107.006424
0.0,0.0,1.2873644,0.0,0.0
0.0,2.605426,1.1225833,2.605426,260542610.0
0.0,6.930662,1.1510521,6.930662,693066240.0
10.6321745,3.217226,1.6477821,7.4149485,69.74066
9.318714,7.279761,1.0534427,2.0389533,21.8802
0.0,0.8824506,1.2205095,0.8824506,88245060.0
0.0,0.0,1.3080071,0.0,0.0
0.0,5.8721747,1.5823473,5.8721747,587217500.0
2.5828712,7.6931024,1.5871693,5.1102314,197.8508
6.1128573,5.141316,1.5010068,0.9715414,15.89341
16.807608,16.171824,1.4788544,0.63578415,3.7827165
0.0,1.4866836,1.1147358,1.4866836,148668370.0
0.0,1.2984886,1.0661944,1.2984886,129848860.0
0.0,6.5626473,1.0445341,6.5626473,656264700.0
60.503597,32.680103,2.3989573,27.823494,45.98651
8.396258,3.6707633,1.151564,4.7254953,56.280968
21.32519,17.667585,1.3504579,3.6576042,17.151567
7.987911,6.1633515,2.7890348,1.8245597,22.84151
0.0,0.0,2.1690414,0.0,0.0
0.0,5.904989,1.3720541,5.904989,590498900.0
4.7195816,7.070022,3.0720909,2.3504405,49.801884
46.49873,14.5344925,1.746024,31.964237,68.74217
0.0,10.228302,1.7605091,10.228302,1022830200.0
0.0,3.1597385,1.1666306,3.1597385,315973860.0
0.0,2.1891737,1.0511689,2.1891737,218917380.0
3.5734177,7.4112487,2.171356,3.837831,107.39945
0.0,0.0,1.4623268,0.0,0.0
0.0,0.43401146,1.231205,0.43401146,43401148.0
10.52393,8.40798,5.292168,2.1159496,20.10608
10.198492,9.265711,1.5072876,0.9327812,9.146266
9.35909,8.851173,1.2047879,0.50791645,5.4269857
28.215197,12.240618,1.1566839,15.974579,56.616932
0.0,1.3975816,1.2568645,1.3975816,139758160.0
0.0,1.2241211,2.0522685,1.2241211,122412110.0
0.0,1.5411077,1.3570321,1.5411077,154110770.0
12.879525,8.645275,3.406449,4.23425,32.875824
5.153124,5.2346563,1.1581275,0.08153248,1.5821952
0.0,6.725776,1.5437604,6.725776,672577660.0
0.0,5.5794044,0.98719424,5.5794044,557940400.0
13.191105,6.334318,1.175052,6.8567867,51.98038
0.0,0.0,1.0666729,0.0,0.0
0.0,0.0,1.1205068,0.0,0.0
9.189798,7.85239,1.215296,1.3374085,14.553187
0.0,2.1781478,1.0037022,2.1781478,217814770.0
0.16748454,1.4120677,1.1307288,1.2445831,743.10333
5.409936,4.7759566,1.2056851,0.6339793,11.718796
3.7223938,3.598372,1.7567408,0.12402177,3.3317745
9.020131,6.221685,1.1282524,2.7984462,31.02445
0.0,3.2061448,1.3302059,3.2061448,320614460.0
0.0,1.912128,3.8338711,1.912128,191212800.0
0.0,0.7622795,1.3044304,0.7622795,76227950.0
15.441942,19.663311,2.043537,4.221369,27.337032
0.0,0.0,2.7819571,0.0,0.0
1.7154688,6.388861,1.1516187,4.6733923,272.42654
1.2854638,6.284002,1.0354162,4.998538,388.85092
0.0,3.5142941,0.9943998,3.5142941,351429400.0
0.0,1.1527863,1.098813,1.1527863,115278620.0
9.76913,10.577501,1.3305923,0.80837154,8.2747555
0.0,8.085979,1.3687109,8.085979,808597950.0
0.0,2.4479985,1.6659425,2.4479985,244799860.0
10.996101,6.5493207,2.6053894,4.4467807,40.439613
14.8421955,13.619051,1.4179279,1.2231445,8.240994
0.0,1.10336,1.2107203,1.10336,110336010.0
26.279202,17.078442,1.7879194,9.20076,35.011566
0.0,2.3818793,1.5685699,2.3818793,238187920.0
11.587646,8.408442,5.3022337,3.179204,27.436153
0.0,0.0,1.2404313,0.0,0.0
0.0,0.0,1.7290696,0.0,0.0
0.0,2.8283165,1.5281885,2.8283165,282831650.0
2.859958,2.6811943,1.3544025,0.17876363,6.250568
0.0,0.0,1.0970359,0.0,0.0
13.296737,5.170955,2.1890373,8.125782,61.1111
0.0,0.0,1.1564159,0.0,0.0
0.0,0.0,4.298549,0.0,0.0
0.0,0.94799876,2.381556,0.94799876,94799870.0
0.0,3.3796701,1.4719646,3.3796701,337967000.0
0.0,0.62162876,1.2661232,0.62162876,62162876.0
0.0,0.0,1.744682,0.0,0.0
4.416737,8.053857,5.368155,3.6371198,82.34857
14.253334,14.136452,1.7276068,0.116882324,0.820035
10.789033,13.629833,5.3742566,2.8408003,26.330442
9.211592,7.683389,1.4117137,1.5282025,16.589994
16.411745,7.9143853,1.5817794,8.49736,51.776093
5.8237867,8.549431,1.5828378,2.725644,46.80192
0.0,1.923357,1.1468006,1.923357,192335700.0
0.0,7.67146,1.5247054,7.67146,767146000.0
7.1965876,7.3733315,1.9213208,0.17674398,2.4559414
11.429312,13.643812,1.5247667,2.2145004,19.375624
9.963031,8.373182,1.1588149,1.5898485,15.957479
0.0,5.6968966,0.94788677,5.6968966,569689660.0
0.0,4.6318254,1.8543116,4.6318254,463182560.0
2.9362023,4.436395,1.3632311,1.5001929,51.092968
0.0,0.0,1.2005653,0.0,0.0
34.864616,16.58989,1.6119022,18.274727,52.416256
114.91311,116.036064,4.4290943,1.1229553,0.97722125
0.0,5.548395,1.9332141,5.548395,554839550.0
0.0,1.3778089,1.117773,1.3778089,137780900.0
7.0350704,2.1841013,1.0563772,4.8509693,68.954094
0.0,0.0,1.3545188,0.0,0.0
0.0,0.0,1.0716394,0.0,0.0
8.275049,8.800459,1.4438107,0.5254097,6.349324
1.1426132,6.479503,1.2958525,5.33689,467.0776
12.385687,7.78634,1.7728487,4.5993466,37.13437
6.6363163,6.995585,1.1565347,0.35926867,5.413676
22.803524,16.894241,1.0383162,5.9092827,25.913902
60.664066,57.254013,2.1186345,3.4100533,5.6212077
16.21388,22.589111,1.3584003,6.375231,39.319588
0.0,0.0,1.169693,0.0,0.0
0.0,0.0,1.2497346,0.0,0.0
0.0,0.0,1.211961,0.0,0.0
9.5964575,13.708822,5.085519,4.112365,42.852947
12.412856,10.101353,1.1201953,2.3115034,18.621851
8.0345745,12.869623,1.4430695,4.8350487,60.178032
10.145784,8.252707,1.3578885,1.8930779,18.658762
9.481879,7.855313,1.8104817,1.6265664,17.154474
0.0,8.582665,1.4726382,8.582665,858266560.0
0.0,4.6652484,3.4615624,4.6652484,466524830.0
0.0,8.692669,1.4957088,8.692669,869266900.0
0.0,1.8273058,2.228355,1.8273058,182730580.0
3.3931515,6.0806174,1.1223173,2.687466,79.202644
7.5981956,6.016386,4.1321187,1.5818095,20.818226
10.710457,12.698561,1.3210282,1.9881039,18.562271
29.894653,17.074602,1.8795265,12.820051,42.884094
0.0,0.0,2.1498353,0.0,0.0
0.0,0.49412847,1.2598513,0.49412847,49412844.0
7.9518056,4.657454,4.25797,3.2943516,41.428974
0.0,4.920328,1.0501478,4.920328,492032800.0
7.6722775,10.837671,1.4003853,3.1653938,41.25755
1.0925795,3.0449433,1.7267201,1.9523638,178.69307
0.0,3.3704019,0.9757801,3.3704019,337040200.0
0.0,1.6278319,1.3298173,1.6278319,162783180.0
3.6350436,3.7845128,1.1887796,0.14946914,4.111894
0.0,2.7052307,1.1861639,2.7052307,270523070.0
7.4319777,6.77383,1.3591709,0.6581478,8.855621
0.0,0.33942556,1.2034247,0.33942556,33942560.0
0.0,13.100786,2.3685863,13.100786,1310078600.0
12.9528885,6.2507052,1.101799,6.7021832,51.74277
8.905553,9.254778,1.6919025,0.34922504,3.9214303
0.0,1.7216225,1.173765,1.7216225,172162240.0
2.5926015,13.645073,1.5316126,11.052471,426.3081
5.359701,7.3633943,1.0069474,2.003693,37.38442
0.0,4.5455046,1.3081318,4.5455046,454550430.0
0.0,0.0,1.4084396,0.0,0.0
18.73069,10.255253,3.9800153,8.475437,45.24893
15.368215,2.7406979,1.2543148,12.627517,82.16646
1.703133,4.0973625,1.5556062,2.3942294,140.57796
0.0,5.780485,1.1177338,5.780485,578048500.0
84.56725,95.29807,2.4902,10.73082,12.689096
11.536451,23.248135,1.1332991,11.711683,101.51894
0.0,2.3282273,2.7722104,2.3282273,232822720.0
8.639735,8.266016,1.508003,0.37371922,4.3255863
7.887868,4.3242307,0.9814819,3.5636373,45.178715
2.4979286,6.113411,1.2118878,3.6154823,144.73921
16.551023,16.66318,1.2567462,0.112155914,0.67763734
0.0,3.4951038,1.2479676,3.4951038,349510370.0
7.2081094,11.020344,4.9753036,3.8122344,52.888134
20.939217,23.08433,1.5773127,2.145113,10.244475
9.229457,6.6404586,1.0334432,2.5889983,28.051472
53.463654,63.64348,3.8812919,10.179825,19.040646
0.0,0.9138222,1.000801,0.9138222,91382216.0
0.0,2.3077292,1.327557,2.3077292,230772910.0
17.001585,11.1942005,1.1284434,5.8073845,34.1579
21.738132,16.678833,1.1839806,5.0592995,23.273846
9.301405,7.101653,0.95057935,2.1997519,23.649673
6.016638,6.5374455,1.2162325,0.52080774,8.656126
7.1289854,6.7915883,2.109725,0.3373971,4.7327504
0.0,0.0,0.9865584,0.0,0.0
48.41926,34.370842,1.2475028,14.048416,29.014107
0.0,4.0555835,1.5831324,4.0555835,405558340.0
22.164978,8.88028,1.0939342,13.2846985,59.935535
5.332457,7.289241,3.0426779,1.9567838,36.695724
24.984097,10.491812,2.4028559,14.492285,58.00604
8.276871,8.65066,1.8178182,0.37378883,4.5160646
10.189252,6.987306,4.718219,3.2019458,31.424738
0.0,0.0,1.3560851,0.0,0.0
9.076304,10.985388,1.737455,1.9090834,21.033709
0.0,2.7653046,1.0674639,2.7653046,276530460.0
0.0,13.121567,1.4665596,13.121567,1312156800.0
1.7959752,4.9728837,1.0467175,3.1769085,176.89044
0.0,0.0,2.6958349,0.0,0.0
0.0,4.7045655,2.0656142,4.7045655,470456540.0
5.703379,3.9179976,1.4778823,1.7853816,31.303926
3.864439,10.516151,1.1115539,6.6517124,172.12622
2.9149003,9.32257,4.420645,6.4076695,219.82466
0.0,7.5845513,5.0929656,7.5845513,758455200.0
0.0,0.0,1.2190193,0.0,0.0
118.28234,123.424614,1.986814,5.142273,4.347456
143.6711,133.35983,1.4709685,10.311264,7.176993
6.3969183,8.32653,1.5770793,1.9296122,30.164715
13.912405,17.787199,1.1625674,3.874794,27.85136
0.0,4.3504343,1.1499239,4.3504343,435043420.0
17.581625,16.744623,1.651695,0.8370018,4.7606626
0.0,0.0,1.2541285,0.0,0.0
6.566144,5.3072467,1.069325,1.2588973,19.172552
0.0,3.865472,3.5312026,3.865472,386547200.0
7.331322,10.067511,2.6920674,2.7361884,37.321896
16.508757,8.045014,5.4082212,8.463742,51.2682
12.172225,12.488176,4.4828343,0.31595135,2.5956745
10.022052,11.843351,1.674124,1.8212996,18.172922
0.0,5.3713145,1.2196802,5.3713145,537131460.0
0.0,4.1651106,1.2393315,4.1651106,416511040.0
0.0,0.6571969,1.2634395,0.6571969,65719690.0
7.346038,12.290913,0.9775368,4.944875,67.3135
0.0,1.2393112,1.2835332,1.2393112,123931120.0
14.474044,12.630274,2.1673717,1.84377,12.738458
6.661338e-14,4.3353033,1.7494136,4.3353033,433530340.0
9.455549,7.94266,1.4794894,1.5128894,16.000015
0.0,2.6132736,1.3044603,2.6132736,261327360.0
1.6495639,4.516064,1.0898255,2.8665004,173.77321
10.534334,12.424284,1.8900515,1.8899498,17.940857
0.0,5.3312635,1.1559029,5.3312635,533126340.0
0.0,3.878602,1.3838089,3.878602,387860200.0
1.2235026,8.081045,2.7362134,6.8575425,560.4845
11.051775,8.410294,2.8255603,2.6414814,23.900969
2.433032,8.141287,1.2767965,5.708255,234.61487
22.525972,18.083414,1.080495,4.4425583,19.721937
8.350378,7.2531166,1.4949709,1.0972614,13.140261
0.0,0.0,1.2553453,0.0,0.0
4.2433376,6.362668,1.263752,2.1193304,49.944893
12.947256,8.461996,1.6002051,4.48526,34.64255
1.625203,6.3627725,1.0907772,4.7375693,291.50632
19.568945,20.736555,5.1063914,1.1676102,5.9666486
1.8029687,3.5683482,1.1744593,1.7653794,97.915146
17.43251,11.245592,1.7973299,6.1869183,35.490692
11.208454,6.5213637,0.95287,4.6870904,41.817455
0.0,4.661363,1.0050486,4.661363,466136320.0
0.0,2.212276,1.7444338,2.212276,221227600.0
0.0,4.4241023,1.3678321,4.4241023,442410200.0
4.004445,10.21785,1.1903621,6.2134047,155.16269
13.317113,6.002319,1.2091912,7.314794,54.92778
0.0,2.6403248,1.354984,2.6403248,264032460.0
0.0,3.0307431,1.4247911,3.0307431,303074300.0
0.0,0.0,1.1562551,0.0,0.0
24.970041,43.833565,1.2399269,18.863523,75.544624
0.0,0.0,1.1206796,0.0,0.0
19.115686,7.2555366,1.6947567,11.860149,62.044064
0.0,4.1149693,1.6454589,4.1149693,411496930.0
8.58603,10.946938,1.2516142,2.3609076,27.49708
0.0,2.0131736,1.8362337,2.0131736,201317360.0
0.0,10.32221,1.7811671,10.32221,1032221060.0
2.3560784,4.4176993,1.2162976,2.061621,87.50222
0.0,0.14698362,1.4492433,0.14698362,14698362.0
0.0,5.032979,1.2834493,5.032979,503297920.0
13.983098,10.7320175,1.3427931,3.2510805,23.250074
0.0,2.7692425,1.1171467,2.7692425,276924260.0
7.4700623,7.9463687,1.3981355,0.47630644,6.3762045
0.0,0.78336143,1.0539025,0.78336143,78336140.0
13.165298,2.9981265,1.5217434,10.1671715,77.22705
0.0,2.9539466,1.1715578,2.9539466,295394660.0
4.051255,8.008417,1.0511571,3.957162,97.67743
21.420284,18.227814,1.1799155,3.1924706,14.90396
5.5194554,11.995134,1.4740882,6.475679,117.32459
0.0,9.130316,1.6007162,9.130316,913031550.0
0.0,0.56272995,1.1598464,0.56272995,56272996.0
8.554698,3.002563,3.4979787,5.552135,64.90159
45.00874,74.996376,1.9501473,29.987637,66.62625
0.0,0.66174674,1.2621889,0.66174674,66174676.0
0.35915995,5.964681,0.97050285,5.605521,1560.7312
129.59674,133.23325,1.7654426,3.6365051,2.806016
5.1706057,7.3991995,1.6702538,2.2285938,43.10121
0.0,4.898984,1.0436591,4.898984,489898400.0
0.0,0.0,2.0730195,0.0,0.0
15.276162,4.3940268,1.123744,10.882135,71.23605
0.0,2.8851087,0.9235206,2.8851087,288510880.0
21.380718,15.0921955,1.8455833,6.2885227,29.412123
0.0,0.0,1.1344026,0.0,0.0
2.6176069,5.559433,1.784878,2.941826,112.38609
5.4490385,4.091476,1.3215731,1.3575625,24.9138
13.047152,10.337519,1.2163541,2.7096329,20.768003
15.762627,15.918552,4.7253647,0.15592575,0.98921174
9.267892,4.653058,1.0249517,4.614834,49.79378
2.8438652,3.385572,2.4650047,0.5417068,19.04826
8.910806,8.60347,2.7627103,0.30733585,3.4490242
0.0,6.3075466,1.1389886,6.3075466,630754600.0
0.0,7.41624,1.0275667,7.41624,741624000.0
0.0,0.58231556,1.3475077,0.58231556,58231556.0
21.767277,16.540428,1.620485,5.2268486,24.012415
9.139403,8.761663,1.1102774,0.3777399,4.1330914
7.123136,4.437195,1.4752684,2.6859412,37.707283
0.0,4.4512863,1.1013956,4.4512863,445128640.0
12.341532,6.610123,1.0724338,5.7314086,46.44001
12.409676,9.792528,5.379838,2.6171474,21.089573
173.2815,144.20311,1.8794093,29.078384,16.78101
8.7159815,9.733376,1.7715448,1.0173941,11.672743
13.886919,8.656588,1.0639039,5.2303314,37.663727
21.734259,10.7458515,1.1550602,10.988407,50.558002
24.342064,22.68375,1.5785106,1.6583138,6.812544
7.5067177,8.224457,1.3634185,0.7177391,9.561291
0.0,5.4779367,1.3991507,5.4779367,547793700.0
12.507694,13.546911,4.572997,1.039217,8.308621
0.0,0.0,1.4578637,0.0,0.0
5.9868507,6.5063057,2.2787366,0.51945496,8.676598
8.308161,9.3111725,2.3797917,1.0030117,12.072608
0.0,0.9412564,1.2616116,0.9412564,94125640.0
0.0,8.507444,1.1818393,8.507444,850744450.0
8.426297,4.516613,1.4793025,3.9096842,46.3986
5.9757566,4.842639,1.3238026,1.1331177,18.961912
34.71939,25.195591,4.4683595,9.5238,27.43078
11.416969,6.1393642,1.0374331,5.277605,46.22597
0.0,0.0,1.805985,0.0,0.0
0.0,0.0,1.4615315,0.0,0.0
0.0,0.31666577,0.98067415,0.31666577,31666576.0
0.0,0.9504473,1.1803083,0.9504473,95044730.0
0.0,1.1241088,2.2655873,1.1241088,112410880.0
0.0,4.3027973,3.88011,4.3027973,430279700.0
2.7851431,5.103858,1.0351998,2.3187149,83.25299
6.8832912,4.531934,0.8856094,2.3513575,34.160366
7.995503,7.312642,1.5427123,0.68286085,8.540562
0.0,4.2302876,1.236619,4.2302876,423028740.0
0.0,4.3266473,1.429757,4.3266473,432664740.0
4.2575035,5.807222,1.4489945,1.5497184,36.399696
0.0,5.631846,1.3428152,5.631846,563184600.0
0.0,6.698434,1.2417768,6.698434,669843400.0
0.0,1.2234588,1.3531718,1.2234588,122345880.0
0.7296904,4.2424583,1.2513582,3.512768,481.40527
36.343822,38.53747,4.477976,2.1936493,6.0358243
0.0,7.334851,2.7282815,7.334851,733485100.0
4.9798822,4.1102924,0.9523104,0.8695898,17.462057
6.1163235,7.840511,1.3464465,1.7241874,28.18993
34.566788,22.743914,2.001826,11.822874,34.202988
2.1378458,6.5054507,1.3862793,4.367605,204.29936
0.0,2.270967,1.0817564,2.270967,227096690.0
0.0,5.722765,1.1852276,5.722765,572276500.0
14.918719,6.1876216,1.1381509,8.731098,58.52445
0.0,2.3831968,1.1252773,2.3831968,238319680.0
0.0,4.1074533,1.9226059,4.1074533,410745340.0
75.82574,84.736046,2.4206707,8.910309,11.751035
0.0,0.0,1.8801814,0.0,0.0
4.1874623,8.77935,1.6457673,4.591888,109.65801
127.554985,102.40156,3.9928658,25.153427,19.719675
0.0,8.746603,1.1771336,8.746603,874660300.0
15.159189,8.34514,1.1019686,6.814049,44.94996
3.987695,8.544537,2.2410018,4.556842,114.272575
13.102086,7.6212816,1.2738502,5.4808044,41.83154
23.583395,21.431253,2.6565444,2.1521416,9.125665
5.2915783,9.933331,1.0819222,4.6417522,87.71962
50.20562,22.70974,1.2515785,27.49588,54.766537
0.0,8.413825,5.2918983,8.413825,841382500.0
2.8574731,3.8019605,1.1383604,0.94448733,33.053234
0.0,0.0,2.4132187,0.0,0.0
12.638782,6.1990347,1.7532097,6.439747,50.952274
8.715356,5.4912224,1.6189517,3.2241335,36.993713
2.6557393,7.0527644,1.5717555,4.397025,165.5669
14.151261,9.408966,1.0810703,4.7422953,33.511467
6.121654,16.774895,1.4257874,10.65324,174.02551
13.63404,5.8314657,1.2407995,7.802574,57.22863
4.7952394,7.811445,5.149892,3.0162058,62.9
0.0,0.0,1.2004279,0.0,0.0
7.644356,4.9568453,1.0374259,2.6875105,35.15679
0.0,0.48981524,1.0553864,0.48981524,48981520.0
0.0,5.191884,1.5586294,5.191884,519188400.0
0.0,2.0811563,1.4584426,2.0811563,208115630.0
0.0,6.5233445,1.2036545,6.5233445,652334460.0
11.4737425,5.9090095,1.0889099,5.564733,48.49972
19.770254,11.071882,3.394267,8.698372,43.99727
0.0,0.0,1.1073945,0.0,0.0
0.0,0.1668272,1.3001163,0.1668272,16682720.0
0.0,0.27514124,1.2206103,0.27514124,27514124.0
115.99773,133.05421,3.5228016,17.056488,14.704157
0.0,5.3643336,1.2315751,5.3643336,536433340.0
176.79927,147.11021,1.636508,29.689056,16.792522
9.474394,10.431459,1.9032601,0.9570656,10.101603
9.940109,8.041725,1.4584949,1.8983841,19.09822
0.0,0.0,1.2338079,0.0,0.0
0.0,0.07960415,1.4789634,0.07960415,7960415.0
0.0,11.593155,1.751258,11.593155,1159315500.0
8.433207,7.2431397,1.6125103,1.1900668,14.111676
8.384073,5.695578,1.3254074,2.6884952,32.066696
4.9692426,5.28641,2.1440964,0.31716728,6.382608
0.0,5.8454375,1.1633562,5.8454375,584543740.0
0.0,2.1531305,1.0283498,2.1531305,215313060.0
6.3644547,8.507393,1.3972178,2.1429381,33.67041
53.11606,57.193806,1.3167989,4.0777473,7.6770515
0.0,1.4821222,1.5140084,1.4821222,148212220.0
57.688103,48.56844,1.5043966,9.119663,15.808568
0.0,6.3513303,2.2043922,6.3513303,635133060.0
8.375891,6.930659,4.480339,1.4452319,17.254665
11.02356,8.616869,1.062133,2.4066906,21.832247
0.0,9.105974,1.4607614,9.105974,910597440.0
4.705295,4.515074,1.3765182,0.19022131,4.0427074
0.0,5.374787,1.0297546,5.374787,537478700.0
18.882467,17.846107,1.8126959,1.0363598,5.4884768
9.725601,10.883858,1.8684396,1.1582565,11.909357
85.61985,76.11184,4.306116,9.508011,11.104914
1.1662637,5.242062,1.0810403,4.0757985,349.47488
50.915962,30.739155,2.0326958,20.176807,39.627666
0.0,0.8670106,1.5523125,0.8670106,86701060.0
0.0,0.0,2.2995064,0.0,0.0
12.086159,15.5075035,1.4804136,3.4213448,28.307957
0.0,7.109183,1.1165318,7.109183,710918300.0
0.0,0.0,2.199484,0.0,0.0
0.0,0.0,2.0348804,0.0,0.0
9.87026,4.685986,1.1556603,5.184274,52.52419
19.477749,16.984758,2.2825725,2.4929905,12.799171
5.7832294,8.048416,2.0753155,2.2651868,39.168198
0.0,0.0,2.1015236,0.0,0.0
0.0,0.73296213,1.2170682,0.73296213,73296210.0
8.834954,6.7093987,2.1433325,2.1255555,24.05848
68.76641,67.403786,3.5286329,1.3626251,1.9815272
0.0,5.5325465,1.2669054,5.5325465,553254660.0
0.0,3.826653,1.4028382,3.826653,382665300.0
0.0,1.2830977,1.5064692,1.2830977,128309770.0
116.22798,153.26569,3.1992958,37.037704,31.866426
10.197355,9.003437,1.118053,1.1939182,11.708117
0.0,1.2925992,1.4020867,1.2925992,129259920.0
0.0,5.384027,1.280239,5.384027,538402700.0
0.0,6.0311036,1.0443707,6.0311036,603110340.0
1.5645337,5.334536,1.216369,3.7700024,240.96652
23.836882,14.690712,1.353174,9.14617,38.369823
10.108247,8.235483,1.2798963,1.8727636,18.527086
10.844486,6.9799957,2.438283,3.8644905,35.635532
0.0,1.2009741,1.418174,1.2009741,120097416.0
23.43287,22.177288,2.603841,1.2555828,5.3582115
13.354298,6.84837,1.0705211,6.5059276,48.717857
12.7396345,8.466436,1.0626689,4.273198,33.54255
0.0,0.0,1.5731075,0.0,0.0
20.389734,7.145489,1.272792,13.244246,64.95546
6.109632,6.4081964,1.0694364,0.29856443,4.8867826
0.0,6.798953,1.1257814,6.798953,679895300.0
1.9082949,8.753803,1.1537127,6.8455086,358.72382
4.1750674,7.7660565,1.0589434,3.590989,86.01032
3.4544632,7.0368176,1.5678881,3.5823543,103.7022
0.0,2.4095721,0.98473936,2.4095721,240957220.0
8.956068,9.4632435,1.3003414,0.50717545,5.6629252
126.77536,135.56654,1.6151123,8.791183,6.9344573
3.7410526,6.19373,2.4626412,2.4526772,65.56116
0.0,0.0,1.0217963,0.0,0.0
1.6241,5.787543,1.4385612,4.1634426,256.35385
0.0,2.1497922,1.186737,2.1497922,214979220.0
6.5571046,5.4711857,1.0310541,1.0859189,16.560951
0.0,2.074945,1.0441167,2.074945,207494500.0
6.0734563,16.759598,1.8867897,10.686142,175.94829
0.0,4.9383836,1.1558418,4.9383836,493838340.0
37.179874,52.31776,1.3287396,15.137886,40.715267
0.0,0.0,3.015637,0.0,0.0
7.5324206,8.398697,2.093993,0.86627626,11.500635
0.0,3.737645,1.038409,3.737645,373764500.0
20.65746,19.359777,4.2928963,1.2976818,6.2819047
2.0467074,6.806988,1.000146,4.7602806,232.58238
9.439345,9.086791,1.2270415,0.35255432,3.7349446
4.9532194,5.818327,4.4398084,0.86510754,17.46556
0.0,6.203143,1.0169821,6.203143,620314300.0
1.5880113,7.5546675,2.073382,5.966656,375.73138
0.0,0.0,1.392342,0.0,0.0
10.782272,8.288076,1.6384194,2.494196,23.132378
0.0,8.014105,1.1168973,8.014105,801410400.0
0.0,1.458983,1.3551881,1.458983,145898300.0
8.535553,5.673361,1.6073734,2.8621922,33.532593
0.42974576,5.714869,1.0722222,5.2851233,1229.8256
11.576217,12.69873,1.4651551,1.1225138,9.696724
0.0,0.7066903,1.7218778,0.7066903,70669030.0
0.0,9.366855,1.3959197,9.366855,936685500.0
7.488255,8.93439,1.7628353,1.446135,19.312044
0.0,10.997383,1.6839428,10.997383,1099738200.0
0.0,0.0,1.1744813,0.0,0.0
0.0,0.0,1.1809037,0.0,0.0
14.47146,14.322229,1.4898953,0.14923096,1.0312086
0.0,0.0,2.9369884,0.0,0.0
8.303548,4.521818,1.0265926,3.7817297,45.54354
3.4516518,2.5137901,2.6105995,0.9378617,27.171389
25.79345,14.50568,1.4239877,11.287769,43.762157
18.279024,9.881792,5.0258183,8.397232,45.93917
0.37817946,2.1666112,1.2284118,1.7884318,472.90555
0.0,5.272133,1.3096232,5.272133,527213250.0
11.366204,10.263191,1.207074,1.103013,9.704322
16.605726,9.992813,1.1339604,6.612913,39.82309
107.86151,118.98513,1.900044,11.123619,10.312872
0.0,4.7675557,1.5079265,4.7675557,476755600.0
0.0,0.0,2.775444,0.0,0.0
8.554638,10.185883,4.510269,1.6312447,19.06854
0.44912106,6.956592,1.370458,6.507471,1448.9348
13.752557,12.384802,4.950323,1.3677549,9.945459
0.0,1.2469783,0.9514247,1.2469783,124697830.0
8.195242,9.887661,1.1495963,1.692419,20.651241
25.952595,24.268919,1.3097041,1.6836758,6.487505
15.797247,19.056488,3.4097583,3.259241,20.631702
16.499596,20.958082,4.5201,4.4584866,27.021793
0.0,4.998817,3.0319905,4.998817,499881700.0
0.0,3.250629,1.2608486,3.250629,325062900.0
7.0656333,11.715563,4.6826744,4.6499295,65.81052
0.0,0.0,1.2729043,0.0,0.0
0.0,5.495551,1.0775615,5.495551,549555140.0
38.023834,50.003757,1.6656241,11.979923,31.506351
10.11512,7.5341034,1.2677807,2.5810165,25.51642
0.0,0.0,1.082501,0.0,0.0
3.0364132,6.2433424,1.038263,3.2069292,105.61571
7.1256757,5.315105,1.6203578,1.8105707,25.40911
4.778363,7.1962924,1.2051234,2.4179292,50.60162
18.704512,16.717379,1.2324669,1.987133,10.6238165
15.957234,6.9891944,1.5996423,8.96804,56.20047
74.56734,72.76165,1.9266671,1.805687,2.4215522
0.0,2.6312993,1.4654635,2.6312993,263129920.0
9.614719,8.79316,1.8024346,0.82155895,8.544805
14.8176365,10.099726,1.068447,4.717911,31.839834
2.6382422,7.871405,1.1973646,5.233163,198.35794
0.0,1.607625,1.5281379,1.607625,160762500.0
30.520765,19.41779,2.798204,11.102976,36.378433
0.0,2.5140486,1.2199577,2.5140486,251404860.0
0.0,1.3661789,1.09512,1.3661789,136617890.0
6.4442058,6.5278797,3.7949073,0.083673954,1.298437
78.76233,86.316246,2.3897634,7.553917,9.590775
22.367878,27.187267,1.3670042,4.8193893,21.546028
0.0,0.0,1.3885024,0.0,0.0
6.147794,5.47511,1.2188143,0.6726837,10.941872
16.778225,12.200037,5.2556944,4.578188,27.286486
6.9728727,6.7317615,2.015503,0.24111128,3.457847
0.0,0.19539022,1.223143,0.19539022,19539022.0
84.27788,89.889336,3.1509778,5.611458,6.6582804
0.0,6.0723376,5.4370694,6.0723376,607233800.0
0.0,3.905408,1.2813522,3.905408,390540800.0
0.0,3.792335,1.0835798,3.792335,379233500.0
2.4609861,8.897537,1.9841698,6.436551,261.54358
10.273578,12.563616,1.870039,2.290038,22.290562
4.1392956,7.162017,1.2082428,3.0227213,73.02502
0.0,0.0,1.2413344,0.0,0.0
23.956253,2.8272228,1.3825643,21.12903,88.198395
4.752607,9.651023,1.1295432,4.898416,103.067986
0.0,3.7936144,1.0022198,3.7936144,379361440.0
0.0,0.0,1.0949031,0.0,0.0
0.0,0.0,1.6296152,0.0,0.0
0.0,2.6837401,1.4966586,2.6837401,268374030.0
7.68276,10.917156,5.182175,3.2343965,42.099407
1.8412668,6.264143,1.1328202,4.4228764,240.20834
9.0195465,6.679522,1.0092944,2.3400245,25.943926
7.482583,4.892785,1.0392315,2.589798,34.611015
0.0,0.1618874,1.1121793,0.1618874,16188740.0
3.1663916,11.227407,1.2045875,8.061016,254.58052
0.0,1.642458,1.2913083,1.642458,164245800.0
2.5520713,8.603934,1.5355738,6.0518627,237.13533
9.571364,6.609679,4.1624207,2.9616852,30.943188
89.3246,131.65076,1.476768,42.326157,47.38466
0.0,5.109998,1.3897176,5.109998,510999800.0
0.0,0.0,2.39428,0.0,0.0
0.0,3.0414844,3.0415535,3.0414844,304148450.0
0.0,4.551334,1.3074864,4.551334,455133400.0
47.67358,49.663853,4.739413,1.9902725,4.1747913
0.0,7.9452567,3.5527143,7.9452567,794525700.0
0.0,0.0,1.8860986,0.0,0.0
0.0,0.3533349,1.126916,0.3533349,35333490.0
8.322296,9.163851,1.5144663,0.84155464,10.112049
10.741445,15.270617,1.5519753,4.529172,42.16539
16.039608,12.656387,1.0628116,3.3832207,21.092915
0.0,5.746672,1.7841004,5.746672,574667260.0
0.0,0.0,1.6437345,0.0,0.0
137.04622,143.69234,4.674596,6.646118,4.849545
0.0,5.111997,1.3491982,5.111997,511199700.0
0.03437626,5.406963,1.2722733,5.3725867,15628.7705
5.779844,3.4958696,1.2847749,2.2839742,39.516193
1.8049657,7.1741085,1.0634557,5.3691425,297.46506
6.3189297,5.7704973,1.5957218,0.54843235,8.679197
4.481639,14.830479,1.3076899,10.34884,230.91643
0.0,1.2493165,1.8077452,1.2493165,124931650.0
0.0,0.0,2.7527232,0.0,0.0
2.0838933,6.929145,1.3654985,4.8452516,232.50958
14.1504545,5.7676167,1.1207961,8.382837,59.240765
6.038376,11.2778225,5.3741636,5.2394466,86.769135
2.8257196,7.8635783,1.1566921,5.037859,178.28587
6.472364,9.178489,1.3933102,2.7061248,41.810455
0.0,6.3971257,0.9810854,6.3971257,639712600.0
14.437199,17.446331,4.6811295,3.0091324,20.84291
0.28935018,0.23542726,2.2555213,0.05392292,18.635868
0.0,2.1447365,1.7266306,2.1447365,214473650.0
0.0,3.1107779,1.0818516,3.1107779,311077800.0
10.078459,9.339145,1.7180669,0.7393141,7.335587
8.379741,9.787046,1.6486228,1.4073057,16.794144
11.161175,11.299976,2.2427158,0.13880157,1.2436107
10.949261,8.528412,2.4155033,2.4208488,22.109701
10.743454,5.6357546,1.6245201,5.1076994,47.54243
0.0,1.2552218,1.4172572,1.2552218,125522184.0
0.0,4.560128,2.172252,4.560128,456012830.0
0.0,4.843067,4.3295703,4.843067,484306700.0
13.593421,10.531557,1.4573959,3.061864,22.524603
0.0,0.0,1.546623,0.0,0.0
30.270702,28.91567,1.3071158,1.355032,4.4763813
7.292424,5.626812,1.0832778,1.6656122,22.84031
0.0,3.5268326,1.1711197,3.5268326,352683260.0
1.9774468,3.279917,1.1113437,1.3024702,65.86626
11.935944,8.570667,1.2396392,3.3652763,28.194473
0.0,3.8330936,1.4766601,3.8330936,383309340.0
0.0,6.109716,1.1301315,6.109716,610971650.0
6.2325106,6.7547965,1.1865754,0.52228594,8.380025
0.0,0.0,1.052508,0.0,0.0
0.032135002,0.7185936,1.5097822,0.6864586,2136.171
8.31625,7.467705,1.3533058,0.8485451,10.203458
8.805291,6.425295,1.6455129,2.3799963,27.029161
10.929569,7.8056474,3.207409,3.1239219,28.582296
0.0,0.0,1.5530299,0.0,0.0
0.0,1.315855,1.2175367,1.315855,131585510.0
2.7329042,6.4638457,1.2138348,3.7309415,136.51929
7.4764605,4.1355324,0.98073345,3.340928,44.68596
7.022771,1.7748501,3.7137122,5.247921,74.72722
0.0,0.0,1.2302774,0.0,0.0
2.4631789,6.579308,1.3799351,4.116129,167.10637
0.0,0.06519389,1.1601728,0.06519389,6519389.0
0.0,0.0,1.5605544,0.0,0.0
0.0,4.429535,1.6518463,4.429535,442953500.0
2.734186,4.0216374,2.2828765,1.2874515,47.087196
13.3277855,15.9219475,1.5324069,2.594162,19.464314
5.0079017,6.20035,5.121655,1.1924481,23.811333
0.0,0.06602383,1.4689027,0.06602383,6602382.5
0.0,5.9481645,1.220025,5.9481645,594816450.0
20.697876,12.220406,1.1447364,8.47747,40.958168
42.36323,40.55078,2.4885926,1.8124504,4.2783575
0.0,5.172905,1.2167233,5.172905,517290530.0
0.0,1.6140217,3.0557363,1.6140217,161402160.0
0.12263065,2.9166079,1.6329685,2.7939773,2278.368
179.8791,153.37282,1.8327215,26.506287,14.735612
0.0,6.8167415,1.369858,6.8167415,681674100.0
0.0,0.0,3.1162362,0.0,0.0
0.0,3.8001618,1.1944124,3.8001618,380016160.0
5.7461953,4.3225627,3.6648297,1.4236326,24.775223
0.0,7.2520294,1.1324017,7.2520294,725202940.0
0.0,0.0,1.2546736,0.0,0.0
0.0,0.21098375,1.484907,0.21098375,21098376.0
14.6386595,11.310818,1.6664062,3.3278418,22.733242
0.0,0.0,1.1711547,0.0,0.0
9.128865,8.901665,1.8242382,0.22720051,2.4888144
20.317942,19.857786,1.1201698,0.4601555,2.264774
8.648973,11.340052,1.4937992,2.6910782,31.114424
12.3218,7.358293,1.0857989,4.963507,40.282322
4.673085,4.5213804,1.1195284,0.15170479,3.246352
0.0,1.3791325,1.0874691,1.3791325,137913250.0
7.655503,6.9018703,1.2428416,0.75363255,9.844324
8.8983755,8.345293,2.0440726,0.55308247,6.215544
0.0,7.22075,1.3414246,7.22075,722075000.0
5.9998093,3.8725374,1.3364451,2.127272,35.455658
0.0,2.3815331,1.2435312,2.3815331,238153330.0
0.0,0.0,1.7084376,0.0,0.0
189.16238,158.65161,1.9364341,30.510773,16.129408
0.0,0.0,2.5278833,0.0,0.0
3.471638,5.5683994,2.3902621,2.0967615,60.396893
31.204807,12.058756,1.406636,19.146051,61.356094
20.491526,13.796371,1.0383015,6.695154,32.672794
0.0,0.0,1.3505151,0.0,0.0
0.0,3.0597446,1.6645755,3.0597446,305974460.0
3.1376157,6.138454,1.9311262,3.0008383,95.640724
10.040988,8.894863,1.6492687,1.1461248,11.414463
0.0,2.5135725,2.8665664,2.5135725,251357230.0
0.0,4.6713634,1.1504471,4.6713634,467136320.0
21.674326,24.733633,4.0290284,3.059307,14.11489
7.425841,8.142691,1.1010509,0.7168498,9.65345
0.0,4.06672,1.1023529,4.06672,406672000.0
0.0,4.281089,1.1285372,4.281089,428108900.0
0.0,3.3894181,0.96804804,3.3894181,338941800.0
8.768844,10.77865,2.2382703,2.0098066,22.919859
11.277671,7.255657,1.031253,4.0220137,35.663513
8.104909,4.7912493,1.8329047,3.3136597,40.8846
7.831114,9.886669,5.032469,2.0555553,26.24857
9.804521,4.651753,0.9669578,5.1527677,52.555023
0.0,3.966262,1.1321853,3.966262,396626200.0
24.70704,8.568438,1.485553,16.138603,65.319855
5.3666415,6.1643157,1.2465155,0.7976742,14.863564
119.415436,117.389206,1.5511355,2.0262299,1.6967906
0.0,2.7126465,1.5545166,2.7126465,271264640.0
32.527004,14.031578,1.2261101,18.495426,56.861755
5.843205,5.5150614,1.9384646,0.3281436,5.6158156
0.0,3.2192123,1.5852898,3.2192123,321921250.0
0.0,0.43339944,1.3272675,0.43339944,43339944.0
10.824676,7.640223,3.9509697,3.1844525,29.418457
0.0,1.7897611,1.122979,1.7897611,178976110.0
0.0,0.0,1.057799,0.0,0.0
0.0,1.9743681,1.0520957,1.9743681,197436820.0
0.0,5.107595,1.1642666,5.107595,510759500.0
0.0,5.430854,2.3114913,5.430854,543085400.0
7.289535,6.779118,1.8465979,0.510417,7.0020514
0.3381425,2.5107522,1.6952862,2.1726098,642.51306
9.547394,5.2920756,1.0067892,4.255318,44.57047
7.3482885,7.074199,1.5621156,0.27408934,3.7299752
0.0,0.0,1.1116183,0.0,0.0
0.0,6.2538,4.9290853,6.2538,625380030.0
1.8269342,8.588533,1.4598542,6.761599,370.10632
9.476671,5.269406,1.1051471,4.2072654,44.396027
0.0,3.499671,1.1473111,3.499671,349967100.0
0.0,10.440216,5.210364,10.440216,1044021600.0
0.0,0.0,1.2203985,0.0,0.0
0.0,1.6130245,1.2774633,1.6130245,161302450.0
0.0,2.1300824,1.1458014,2.1300824,213008240.0
1.5507735,9.605099,1.3843511,8.054325,519.3747
10.661518,7.8203387,1.190077,2.8411794,26.64892
2.3356745,4.0205336,1.1789566,1.684859,72.135864
4.9241896,4.6645174,1.0569801,0.25967216,5.273399
0.0,0.80580485,1.2459645,0.80580485,80580480.0
11.235489,11.936846,1.4279195,0.7013569,6.2423353
98.87605,99.85397,2.9675426,0.97792053,0.9890368
2.184783,4.1704044,1.3859814,1.9856215,90.884155
0.0,3.9212315,1.0207906,3.9212315,392123140.0
7.1742144,11.6219425,1.4411576,4.447728,61.996033
12.512421,14.361885,3.8596048,1.8494644,14.781028
0.0,0.0,2.2659514,0.0,0.0
0.0,0.0,1.1359107,0.0,0.0
0.0,4.314119,1.2721983,4.314119,431411900.0
161.09865,156.41618,1.8221177,4.6824646,2.906582
24.645555,20.702097,1.6383089,3.9434586,16.000689
6.7520375,9.694546,4.98038,2.9425082,43.57956
6.512306,5.5711846,1.5320795,0.9411216,14.451433
4.183456,16.211018,1.6193681,12.027561,287.503
3.4528234,4.2256308,2.0876021,0.77280736,22.381897
0.0,0.0,1.3755286,0.0,0.0
19.046635,14.723413,1.6706054,4.323221,22.698084
33.661873,21.3364,1.8791952,12.325474,36.615532
0.0,0.12762475,1.0924956,0.12762475,12762475.0
0.0,3.8749487,1.5457915,3.8749487,387494880.0
12.984004,9.765142,3.015696,3.2188616,24.79098
24.074,22.577015,2.8788486,1.4969845,6.2182627
0.0,0.23631239,1.0913384,0.23631239,23631238.0
4.6680913,8.469427,1.0867137,3.8013358,81.432335
13.443696,10.232006,1.0965968,3.21169,23.889935
11.443455,7.1465764,1.6030726,4.2968783,37.548786
0.0,3.627788,1.2656403,3.627788,362778800.0
5.873384,3.992535,1.3832388,1.8808489,32.02326
18.474907,12.487671,1.049649,5.987236,32.4074
12.03873,12.053402,1.9365494,0.014672279,0.121875644
10.744237,9.623184,4.19515,1.1210527,10.4339905
0.0,0.33306158,0.9361758,0.33306158,33306156.0
0.0,4.7193723,1.1843181,4.7193723,471937200.0
53.127296,52.602962,4.8917274,0.52433395,0.9869389
13.622944,6.907643,0.96659285,6.715301,49.294052
12.734478,12.003059,1.097599,0.7314186,5.743609
38.81805,30.196753,1.4418119,8.621298,22.209507
0.0,0.0,1.7681155,0.0,0.0
17.29619,15.8650875,4.646976,1.4311028,8.274093
0.0,0.415833,2.1452992,0.415833,41583296.0
0.0,0.0,1.833893,0.0,0.0
35.1399,14.611374,1.3443674,20.528526,58.41942
6.371403,5.662113,2.7333827,0.70929,11.132399
0.0,2.6474164,1.0958712,2.6474164,264741630.0
8.287307,4.578096,2.5807838,3.7092109,44.757736
0.0,0.0,1.1486734,0.0,0.0
0.0,0.0,1.0539478,0.0,0.0
0.0,0.0,1.725372,0.0,0.0
0.0,0.0,1.7708604,0.0,0.0
5.6012917,5.714395,1.1452261,0.11310339,2.0192378
0.0,0.0,1.4052386,0.0,0.0
0.0,6.748096,1.0355802,6.748096,674809600.0
11.780498,14.646727,1.5918833,2.866229,24.330288
55.434578,20.07768,1.5712652,35.356895,63.7813
10.647651,2.5445094,4.675555,8.103142,76.10263
8.740708,14.60626,2.9243011,5.865552,67.10614
0.0,2.3597283,1.5369228,2.3597283,235972830.0
0.0,9.812574,1.0824649,9.812574,981257500.0
0.0,2.8795683,1.271723,2.8795683,287956860.0
0.0,6.6865406,1.2339377,6.6865406,668654100.0
0.51923704,4.273633,1.2533662,3.754396,723.0601
1.8481396,4.182463,1.9170786,2.3343234,126.306656
0.0,4.1646657,1.1910334,4.1646657,416466600.0
7.1701665,8.505926,1.5289477,1.3357596,18.629408
9.136259,7.565039,1.3469316,1.5712199,17.19763
0.0,1.5069363,1.4894216,1.5069363,150693630.0
1.2861845,2.3219643,1.6484058,1.0357797,80.53119
9.497696,9.457026,1.0620046,0.040670395,0.42821327
6.3791723,5.3205304,2.7503433,1.0586419,16.595285
0.0,3.3698664,1.2219769,3.3698664,336986620.0
0.0,0.0,1.4147012,0.0,0.0
10.796553,6.300526,1.0222386,4.4960265,41.64317
10.343608,4.5873446,0.9345945,5.7562633,55.65044
53.753887,48.092583,1.5604645,5.6613045,10.531898
0.0,0.0,1.1796019,0.0,0.0
0.0,2.1587145,1.1928303,2.1587145,215871460.0
14.400185,8.313162,1.333461,6.087023,42.27045
1.8658029,5.4789824,1.113463,3.6131797,193.6528
26.600595,8.791168,1.5365765,17.809427,66.95123
4.2826605,6.5876007,1.3491169,2.3049402,53.820286
2.186075,8.694166,4.074188,6.508091,297.70667
2.1328561,4.4769564,2.250147,2.3441002,109.90428
0.0,6.000193,1.1674486,6.000193,600019260.0
10.16062,9.49519,1.8023133,0.66543007,6.549109
4.440892e-14,4.9453216,1.584882,4.9453216,494532160.0
0.0,4.821647,1.1359787,4.821647,482164700.0
0.0,0.0,2.0001593,0.0,0.0
22.743408,12.19721,1.2304441,10.546198,46.370346
11.753564,13.907469,1.1861904,2.153905,18.325546
2.7140813,7.8818455,1.3072764,5.167764,190.40565
0.0,0.5771234,1.4830484,0.5771234,57712340.0
0.0,0.0,1.4090732,0.0,0.0
175.32582,143.33005,1.8577496,31.995773,18.249323
0.0,1.0090733,1.1502001,1.0090733,100907330.0
4.948398,10.73708,1.5970964,5.7886815,116.98092
2.8086672,5.7297993,5.0105376,2.921132,104.00421
18.998602,12.27581,5.384729,6.7227917,35.38572
0.0,5.188634,1.891487,5.188634,518863400.0
0.0,0.61921406,3.7559898,0.61921406,61921404.0
0.0,1.5648882,1.2071072,1.5648882,156488830.0
25.339859,30.602661,4.917262,5.262802,20.76887
1.5816749,6.507623,1.1164362,4.925948,311.43872
37.738827,22.63929,1.3709297,15.099537,40.010616
0.0,7.7708244,4.7104893,7.7708244,777082430.0
7.4691143,8.274837,1.2217052,0.80572224,10.787386
0.0,4.0873747,1.0500487,4.0873747,408737470.0
0.0,0.34114265,1.0523776,0.34114265,34114264.0
0.0,8.576027,3.261729,8.576027,857602700.0
0.0,6.06199,1.0335604,6.06199,606199000.0
8.676057,3.07628,2.2268484,5.5997767,64.54288
13.279421,15.809744,2.3672714,2.530323,19.054468
97.14156,93.31916,4.6209183,3.822403,3.934879
15.230212,15.99663,1.6184326,0.7664175,5.0322185
22.440126,17.429628,1.7626292,5.010498,22.328297
134.27586,154.15497,4.5147696,19.879105,14.804674
8.723596,8.703869,1.2078243,0.019726753,0.22613099
13.263247,14.596148,4.7757254,1.332901,10.049583
8.738874,7.77116,1.3314034,0.9677143,11.073672
10.375941,10.463392,1.1683657,0.08745098,0.8428246
0.0,2.8461514,1.1249951,2.8461514,284615140.0
11.064348,19.578121,3.8733978,8.513773,76.94781
7.934701,11.326681,2.3820353,3.3919802,42.748684
7.3528914,6.8100758,1.125873,0.5428157,7.3823433
0.0,4.221899,1.0311031,4.221899,422189920.0
0.0,3.7688446,1.1670083,3.7688446,376884450.0
171.73184,157.18497,1.8922633,14.546875,8.470692
27.53221,28.065477,1.4861319,0.533268,1.9368877
19.269133,22.2688,1.479706,2.9996681,15.567219
7.8811064,7.7424917,5.024389,0.13861465,1.7588223
6.777715,14.973164,1.2885365,8.195448,120.917564
6.5074134,7.8562317,1.6613933,1.3488183,20.727411
7.087842,18.168196,4.9394865,11.080354,156.32903
0.0,5.9557567,0.9809999,5.9557567,595575700.0
4.922277,2.8544145,1.0713751,2.0678625,42.010284
14.923136,6.8313174,0.9733474,8.091818,54.223305
13.125278,12.013588,4.586788,1.1116905,8.469843
10.858011,10.725964,3.5714295,0.13204765,1.2161311
0.0,0.0,1.2515403,0.0,0.0
0.0,0.0,1.7117897,0.0,0.0
0.0,0.0,2.0635653,0.0,0.0
3.7839198,4.7883644,1.174699,1.0044446,26.54508
9.11058,7.772448,1.0976651,1.3381324,14.687674
54.257927,24.176954,1.2582039,30.080973,55.440693
5.6515493,7.858366,1.268907,2.2068167,39.047997
17.625647,13.378918,1.1146076,4.246729,24.094032
4.895344,2.8253722,4.0063667,2.0699716,42.2845
3.597713,11.812742,2.1428373,8.215029,228.3403
0.0,1.7841178,1.2960969,1.7841178,178411790.0
0.0,4.9055457,1.1949104,4.9055457,490554560.0
13.636192,12.132906,1.2840985,1.5032864,11.024239
0.0,1.0269909,1.0883465,1.0269909,102699090.0
7.7942753,8.00701,1.1711637,0.21273518,2.7293773
7.3637643,10.883905,4.3967547,3.5201411,47.803555
185.01225,151.25018,1.8531237,33.76207,18.24856
7.0940557,5.159685,1.257441,1.9343705,27.267485
107.942825,110.05744,4.4016285,2.1146164,1.9590153
10.3219185,7.217941,3.9586132,3.1039777,30.071712
0.0,5.554054,1.3565302,5.554054,555405400.0
7.236581,5.4063005,1.0610567,1.8302803,25.292059
35.109535,32.80881,1.2179095,2.300724,6.552989
0.0,8.540117,1.1088713,8.540117,854011700.0
0.0,0.0,0.9686537,0.0,0.0
13.818427,21.285576,1.2436363,7.467149,54.03762
7.8893223,4.772825,1.5847381,3.1164975,39.502728
4.7771153,6.8410907,1.2635589,2.0639753,43.205475
0.0,0.0,1.9509984,0.0,0.0
4.936251,6.393102,1.1210957,1.456851,29.51331
0.0,0.0,0.9817083,0.0,0.0
1.9239584,5.569091,1.2613198,3.6451325,189.46004
12.840841,9.159002,1.8557479,3.681839,28.67288
6.645069,9.53121,1.2479622,2.8861408,43.43282
0.0,1.5237625,1.1169213,1.5237625,152376260.0
8.5820265,9.0775795,2.1074662,0.49555302,5.7743125
0.0,1.4280953,1.3845289,1.4280953,142809540.0
11.174229,12.235266,3.8803332,1.0610371,9.495394
0.0,5.3428493,1.7215228,5.3428493,534284930.0
7.95412,9.333489,2.107647,1.3793693,17.341568
0.0,0.0,1.2022862,0.0,0.0
11.919253,9.57329,1.2611065,2.3459635,19.682135
14.625274,8.193553,1.089886,6.4317207,43.976753
0.0,0.0,0.94839776,0.0,0.0
0.0,3.2670288,0.9981531,3.2670288,326702880.0
0.0,0.0,1.2232631,0.0,0.0
0.0,5.313911,1.3790579,5.313911,531391100.0
0.0,0.0,1.1319848,0.0,0.0
0.0,6.082669,1.5984274,6.082669,608266900.0
0.0,1.1057974,1.1988372,1.1057974,110579740.0
12.36286,10.619591,1.2993964,1.743269,14.100856
9.151334,4.1127257,1.1070836,5.038608,55.058727
12.481114,13.947651,1.6919904,1.4665365,11.750045
16.185083,15.766933,1.4305239,0.41814995,2.5835514
25.12839,19.705105,3.8585584,5.4232845,21.5823
8.153109,4.675017,1.055381,3.4780917,42.659702
9.980207,10.758158,3.2662346,0.7779503,7.794931
0.0,0.4940766,1.383662,0.4940766,49407660.0
12.93108,8.955734,1.5524894,3.9753456,30.742563
37.188084,35.324825,4.3739724,1.8632584,5.010364
1.3697448,1.5293422,2.1028469,0.1595974,11.651616
0.37267792,3.7929115,2.048986,3.4202337,917.7452
0.0,0.0,1.2759522,0.0,0.0
13.867497,9.642205,5.3062716,4.225292,30.469032
5.5199437,3.4277744,1.147833,2.0921693,37.902004
0.0,0.0,1.0454293,0.0,0.0
6.3026505,7.4596376,1.292248,1.1569872,18.357153
0.0,0.0,1.173231,0.0,0.0
4.469087,7.786557,2.0123668,3.31747,74.23149
9.145917,12.836891,1.9766934,3.6909742,40.356525
9.889521,13.376581,2.1619298,3.4870605,35.26016
0.0,9.612961,1.0454458,9.612961,961296060.0
9.815872,10.084808,1.0954691,0.26893616,2.739809
114.0625,115.53951,4.6630583,1.4770126,1.2949152
12.19803,15.871664,1.9417826,3.6736336,30.116611
0.0,2.8989415,3.8198276,2.8989415,289894180.0
9.811415,8.749422,5.144266,1.0619926,10.824052
7.297596,5.633513,1.9179758,1.664083,22.803165
0.0,0.0,1.6509211,0.0,0.0
2.5524378,7.8577466,1.2566718,5.305309,207.85262
8.165637,9.414005,1.8473105,1.2483683,15.288069
54.035202,42.42993,1.4392592,11.60527,21.477242
0.0,5.09282,1.1121029,5.09282,509282020.0
19.118242,16.364761,1.3036405,2.753481,14.402374
0.0,0.0,1.1734505,0.0,0.0
6.394284,4.8598666,0.99216944,1.5344172,23.9967
11.099515,12.24535,4.1818223,1.1458349,10.323289
7.7536798,6.2348094,1.3920242,1.5188704,19.589027
0.0,2.316565,1.0043623,2.316565,231656510.0
0.0,0.0,1.1923457,0.0,0.0
14.859698,6.2832065,1.1112759,8.576492,57.716465
0.0,8.021919,1.4648557,8.021919,802191900.0
10.400241,13.48139,3.5867946,3.081149,29.625746
15.5017605,7.53497,1.0942479,7.9667907,51.392815
11.476065,11.70248,1.5226637,0.22641563,1.972938
3.8219626,11.482838,1.3231108,7.6608753,200.4435
0.0,3.4159656,1.06799,3.4159656,341596540.0
29.229847,23.269375,1.1303061,5.960472,20.391733
5.2435904,7.023517,1.1566987,1.7799268,33.94481
0.0,2.0494192,1.1000812,2.0494192,204941900.0
7.4853377,11.267555,1.285879,3.7822175,50.528347
4.040992,3.6420105,2.9488633,0.39898133,9.873351
0.0,2.893462,1.1095849,2.893462,289346200.0
10.739482,7.0960364,4.3114877,3.6434455,33.92571
0.0,0.0,1.8931456,0.0,0.0
146.74352,143.87445,1.53298,2.8690643,1.9551558
10.057406,9.240471,1.6674434,0.81693554,8.122726
2.3681097,2.789504,1.7071738,0.42139435,17.794544
11.334841,13.456213,1.9672571,2.1213722,18.715502
0.0,0.33097172,1.272968,0.33097172,33097172.0
1.4699254,0.0,3.7262142,1.4699254,100.0
33.43169,19.033562,2.3467128,14.3981285,43.067307
0.0,0.0,1.1203587,0.0,0.0
5.6419535,7.710442,1.0620503,2.0684886,36.662632
0.84094554,6.1786103,1.6726884,5.3376646,634.7218
0.0,2.706284,4.3092294,2.706284,270628400.0
0.0,0.0,1.2879065,0.0,0.0
6.485505,4.748481,1.3524098,1.7370243,26.783176
11.092166,6.7847,1.2884573,4.307466,38.83341
1.0396523,7.724485,5.353884,6.6848326,642.9873
0.0,14.401459,5.290534,14.401459,1440145900.0
0.0,2.9992063,1.0521963,2.9992063,299920640.0
3.813008,7.9812136,1.4399766,4.1682053,109.31541
5.327621,8.0115185,4.981895,2.6838975,50.377033
0.0,0.7070794,1.1597198,0.7070794,70707940.0
9.785696,9.667302,1.6694559,0.1183939,1.2098669
2.9303641,5.8793974,1.16192,2.9490333,100.63709
9.665831,10.441177,5.3565936,0.77534676,8.0215225
0.0,0.0,1.2422867,0.0,0.0
0.0,3.2132535,1.217734,3.2132535,321325340.0
0.0,0.0,1.2684162,0.0,0.0
21.603382,21.87546,3.0156066,0.27207756,1.2594211
0.0,2.9859211,0.88932645,2.9859211,298592100.0
0.0,2.0706182,1.0464569,2.0706182,207061810.0
15.199949,16.58795,1.0868436,1.3880005,9.131613
1.8103101,1.8633415,1.8746634,0.053031325,2.9294055
10.53492,9.7663765,1.1315019,0.76854324,7.295198
11.753216,9.092653,1.0593972,2.6605625,22.636889
0.0,0.83128595,1.1546894,0.83128595,83128590.0
11.728618,12.491528,5.391118,0.7629099,6.504687
11.179694,12.2103,1.4127023,1.0306063,9.2185545
40.13029,14.622358,1.6611223,25.507933,63.56279
9.139635,11.479752,1.9735249,2.3401165,25.604048
0.0,0.9206066,1.050923,0.9206066,92060664.0
96.1472,95.25082,2.1166267,0.8963852,0.93230504
13.706757,14.93387,1.9698117,1.2271137,8.95262
12.412334,16.292713,1.654064,3.8803787,31.26228
0.0,0.0,1.2274783,0.0,0.0
28.269073,11.824087,1.3282932,16.444986,58.173065
0.0,2.4584768,1.1048493,2.4584768,245847680.0
21.286829,16.56542,2.534358,4.721409,22.179953
1.1484944,0.0,2.411837,1.1484944,100.0
10.215162,8.669231,1.773728,1.5459309,15.133688
18.636436,13.480736,1.3841658,5.1557007,27.664627
0.8008682,3.7904348,1.7885162,2.9895666,373.2907
0.0,1.0073435,1.7636406,1.0073435,100734350.0
12.890732,14.409451,1.1388412,1.5187187,11.781478
12.703756,12.769529,4.8858204,0.06577301,0.5177446
0.0,0.0,1.2381781,0.0,0.0
11.129418,5.958481,1.0261503,5.1709375,46.461884
0.0,0.3654127,1.0438701,0.3654127,36541270.0
0.0,1.7807269,1.9850531,1.7807269,178072690.0
52.14992,11.297955,1.2418176,40.851967,78.335625
1.3258876,5.5929127,1.0115644,4.267025,321.82407
0.0,0.0,1.9197114,0.0,0.0
9.241979,10.161549,5.333165,0.91956997,9.949925
0.0,4.0669155,1.2784059,4.0669155,406691550.0
57.739468,53.22067,1.558343,4.518799,7.826187
2.7603823e-05,3.6152062,1.7881365,3.6151786,13096659.0
20.53458,16.062012,1.1600027,4.4725685,21.780666
94.45596,102.90953,2.3716626,8.4535675,8.949744
38.010033,37.236908,1.4298457,0.7731247,2.0340016
0.0,2.304472,1.2546432,2.304472,230447200.0
0.0,3.2889776,1.5283052,3.2889776,328897760.0
1.4079059,8.528943,1.1195029,7.121037,505.78925
14.41872,13.712164,5.3017063,0.7065563,4.9002705
0.0,3.8296342,3.2376306,3.8296342,382963420.0
0.0,7.279954,1.7059741,7.279954,727995460.0
0.0,2.1235209,1.0730108,2.1235209,212352080.0
15.918229,8.253431,1.0375674,7.664798,48.151073
0.0,11.022438,1.7529262,11.022438,1102243800.0
33.345715,32.81261,1.3283391,0.53310394,1.598718
4.384381,6.623522,1.0265313,2.239141,51.070858
0.0,5.1566052,1.187297,5.1566052,515660500.0
0.0,5.3324957,1.1232568,5.3324957,533249570.0
7.9548273,6.1478887,1.1343253,1.8069386,22.714994
13.19509,10.983227,5.4183383,2.2118635,16.762777
29.289845,18.140055,1.5073376,11.14979,38.067085
7.2571654,10.387299,1.201788,3.1301332,43.131622
12.367626,5.2895265,1.0271916,7.0780997,57.23087
32.462387,14.398439,1.3950217,18.063948,55.64578
2.001287,5.002831,1.051324,3.001544,149.98068
112.89811,121.8947,4.5470214,8.99659,7.9687686
9.548592,6.6191072,1.3836441,2.9294844,30.679752
30.006115,18.249657,1.1924897,11.756458,39.18021
0.0,0.0,1.2181169,0.0,0.0
5.4172006,7.932029,1.426422,2.5148282,46.423023
3.2267985,3.9267879,1.3694228,0.6999893,21.692997
2.6751711,3.4426105,0.95193577,0.76743937,28.687487
0.0,4.148035,1.121912,4.148035,414803500.0
0.0,6.787277,5.166371,6.787277,678727740.0
4.0489106,8.619165,1.0936822,4.570255,112.87616
32.50121,33.400864,4.5573545,0.8996544,2.7680643
8.188524,5.1999936,2.1565251,2.9885306,36.49657
0.0,0.0,1.6968539,0.0,0.0
9.097603,11.270592,1.4886127,2.172989,23.88529
17.069918,18.41414,1.6273026,1.344223,7.874807
7.2607985,4.9514613,2.060528,2.3093371,31.805553
0.0,0.0,1.5316375,0.0,0.0
15.997429,7.826219,1.0443432,8.171209,51.078266
0.0,3.9504137,1.3547609,3.9504137,395041380.0
11.504853,7.6617274,1.8605667,3.8431258,33.40439
0.0,4.2488046,3.0249052,4.2488046,424880450.0
3.6249542,4.135635,1.1445197,0.5106807,14.087921
0.0,2.1895325,1.1579859,2.1895325,218953250.0
9.014901,9.827642,1.0849668,0.8127413,9.015532
0.0,1.9486308,1.1438688,1.9486308,194863090.0
3.3951936,22.76426,1.7798468,19.369066,570.48486
20.169416,20.21027,1.4376262,0.0408535,0.20255172
5.4571624,7.7398124,1.6816844,2.28265,41.828514
8.342503,8.976706,5.2400956,0.63420296,7.602071
5.0567617,4.612953,1.0697209,0.44380856,8.776537
0.0,4.2617426,0.99628633,4.2617426,426174270.0
4.2535167,6.8727837,1.1475829,2.619267,61.578857
6.6724467,6.1825204,1.2209165,0.48992634,7.342529
2.9080856,3.2637484,3.1034124,0.35566282,12.230137
26.113354,26.373226,1.3666378,0.25987244,0.99517065
28.08601,7.9331727,1.1789793,20.152838,71.754005
9.3314295,9.510286,2.1688132,0.17885685,1.9167143
40.842693,25.594362,2.8128564,15.248331,37.334293
5.774251,6.0788817,2.5909414,0.30463076,5.275676
8.729789,5.4202304,1.5119076,3.3095584,37.911095
0.0,7.569693,1.3874689,7.569693,756969300.0
0.0,2.8992803,1.0694026,2.8992803,289928030.0
0.0,2.8988671,1.2336897,2.8988671,289886720.0
19.78866,9.293001,1.1369672,10.495659,53.038757
0.0,0.90306866,1.2695735,0.90306866,90306870.0
9.76805,7.6713185,1.1507952,2.0967317,21.465202
0.0,0.0,2.126054,0.0,0.0
0.0,3.6269011,1.03119,3.6269011,362690100.0
0.0,0.0,1.0112815,0.0,0.0
11.330624,6.1317344,1.2106793,5.1988893,45.883522
3.8371756,3.7367158,1.0736399,0.100459814,2.6180665
9.7884035,9.216965,5.117164,0.5714388,5.8379164
0.0,6.263619,1.1669478,6.263619,626361860.0
7.290218,11.944004,5.3806834,4.653786,63.83604
0.0,0.0,1.154872,0.0,0.0
10.693273,11.744469,1.9471663,1.0511961,9.830443
103.16147,112.87257,3.7859843,9.711098,9.413493
7.611053,4.9405527,1.0722284,2.6705003,35.08713
0.0,0.68567514,1.6734732,0.68567514,68567510.0
0.0,1.7419508,1.6102555,1.7419508,174195070.0
20.4845,10.814819,1.741328,9.669682,47.20487
6.6297746,7.1268387,3.3744051,0.4970641,7.4974513
0.0,4.671878,1.8565422,4.671878,467187780.0
0.0,0.0,2.9976938,0.0,0.0
7.7574,6.129025,1.3927768,1.628375,20.99125
0.0,1.3968883,1.372362,1.3968883,139688830.0
0.0,2.0104628,1.0344763,2.0104628,201046290.0
39.699177,10.507948,1.1612952,29.191229,73.53107
0.0,6.840704,1.0703305,6.840704,684070400.0
0.0,1.5330775,1.316139,1.5330775,153307760.0
40.694332,26.658928,1.5403751,14.035404,34.489826
9.68367,8.584421,1.1811799,1.0992489,11.351573
29.173777,12.855228,1.873638,16.318548,55.935673
118.7802,117.04284,4.7137294,1.7373581,1.4626664
5.2607546,6.420588,1.4208318,1.1598334,22.046904
6.359753,4.533944,0.9987787,1.825809,28.708803
20.732332,14.613108,1.5867648,6.1192245,29.515371
0.0,5.2766566,1.1881151,5.2766566,527665660.0
62.153984,70.630974,2.4009666,8.47699,13.638691
8.646945,6.762697,1.0276084,1.8842478,21.790907
9.025184,10.8971195,1.4612973,1.8719358,20.74125
9.804349,4.9054723,1.2474241,4.8988767,49.966362
11.285069,9.287027,1.8166116,1.9980421,17.705183
0.0,5.563574,1.534284,5.563574,556357400.0
0.0,0.0,1.5331777,0.0,0.0
10.322409,11.325876,1.2106463,1.0034676,9.721254
4.624966,4.44201,1.1141523,0.18295622,3.9558392
0.28544968,5.160289,1.1269685,4.8748393,1707.7753
3.2276025,9.623302,1.0974201,6.3957,198.15637
0.0,3.219122,1.1561207,3.219122,321912200.0
0.0,4.104481,1.1611342,4.104481,410448130.0
0.0,10.330923,5.287037,10.330923,1033092300.0
9.070604,13.160976,1.1676178,4.090372,45.094814
19.053604,8.1161585,1.1311977,10.937446,57.40355
49.981773,28.53488,1.2402653,21.446894,42.90943
23.005291,18.756075,1.8314649,4.249216,18.470604
0.0,0.0,1.2359602,0.0,0.0
0.0,3.296807,0.9770216,3.296807,329680700.0
0.7660662,7.0522447,1.3790723,6.2861786,820.57904
0.0,0.0,2.0974255,0.0,0.0
0.0,2.7404437,1.0416468,2.7404437,274044380.0
25.268307,21.806406,1.1653662,3.4619007,13.700564
40.07846,16.098152,1.1055034,23.980309,59.833405
17.90454,18.372547,1.5096937,0.46800804,2.6139073
0.0,1.1429464,1.2546455,1.1429464,114294640.0
0.0,0.0,1.6048088,0.0,0.0
0.0,0.7542238,1.7896616,0.7542238,75422376.0
13.705627,5.0201645,1.1120437,8.685463,63.371506
43.05645,52.663624,1.5751401,9.607174,22.312973
18.848013,13.647577,1.7434938,5.2004356,27.591427
0.0,0.0,1.0457139,0.0,0.0
13.769997,9.226119,5.3459377,4.5438776,32.998394
9.428101,9.138241,1.7062005,0.28985977,3.0744238
61.338566,57.152725,2.7124302,4.1858406,6.8241577
0.0,0.0,0.96913993,0.0,0.0
0.0,0.0,1.3342698,0.0,0.0
0.0,0.0,1.198008,0.0,0.0
0.0,1.3495247,1.1702057,1.3495247,134952460.0
0.0,0.0,1.4206767,0.0,0.0
17.69965,15.175518,1.8279165,2.5241318,14.260914
19.392305,8.923687,5.144367,10.468618,53.98336
0.0,0.5593753,1.3001889,0.5593753,55937532.0
126.34411,148.44412,3.3957276,22.100014,17.491924
6.802721,9.874399,1.6555977,3.0716782,45.15367
23.704742,17.265574,1.0863442,6.439169,27.164053
0.0,2.9107568,1.3012432,2.9107568,291075680.0
10.377798,8.954236,2.6875687,1.423562,13.717381
0.32359287,3.4665895,1.1716123,3.1429965,971.2811
27.24327,14.582975,1.8923923,12.6602955,46.471275
9.641992,11.246555,1.307102,1.6045637,16.641415
0.0,2.536723,1.0489646,2.536723,253672290.0
0.0,4.704438,1.2914855,4.704438,470443800.0
0.016123,9.622782,1.677738,9.606659,59583.566
0.0,0.0,1.3047695,0.0,0.0
0.0,1.5609593,0.9560584,1.5609593,156095940.0
121.06142,128.94608,1.8670022,7.884659,6.5129414
14.263613,11.046139,1.0640455,3.217474,22.557217
3.1922216,7.8239827,1.2353977,4.631761,145.09523
9.189746,10.374529,1.138404,1.184783,12.892446
30.83622,23.592916,1.2252666,7.2433033,23.489595
1.7584124,8.830492,5.2820716,7.0720797,402.1855
0.0,3.176743,1.1049063,3.176743,317674300.0
14.832113,16.427893,1.223518,1.5957794,10.758948
11.293397,5.9829745,1.1525276,5.3104224,47.022366
10.627874,11.120665,1.6881279,0.49279022,4.636771
7.2871103,6.0164638,1.2912928,1.2706466,17.436907
0.0,7.3188853,1.0651528,7.3188853,731888600.0
0.0,7.069306,3.9983184,7.069306,706930600.0
0.0,0.12095308,3.9464293,0.12095308,12095308.0
12.040198,11.33679,5.414544,0.70340824,5.8421645
0.0,0.0,1.3630267,0.0,0.0
9.664185,8.606865,1.0968655,1.0573196,10.9405985
0.0,4.7921004,1.131764,4.7921004,479210050.0
0.016364753,0.0,4.0622296,0.016364753,100.0
17.446278,14.532362,1.2700406,2.9139156,16.70222
9.027389,9.604195,1.459361,0.57680607,6.389512
10.983694,10.55765,1.1498137,0.42604446,3.8788815
9.914101,11.426783,3.8879998,1.512682,15.257883
12.314961,9.259457,1.6203936,3.0555048,24.811321
26.93346,14.092369,1.5698206,12.841091,47.677094
12.176154,6.000093,1.0958722,6.176061,50.722595
6.5350037,4.8250117,1.2889161,1.7099919,26.166656
0.0,0.0,1.2688341,0.0,0.0
6.392974,6.235025,1.8120581,0.15794897,2.470665
3.6769419,0.4347446,1.2611632,3.2421973,88.17646
9.540775,6.087554,1.7412338,3.4532213,36.194347
0.15023455,2.7491336,1.9882785,2.5988991,1729.8945
3.1948879,4.0699043,2.4000428,0.87501645,27.388018
10.476126,5.7154913,4.8773913,4.7606344,45.4427
12.328334,12.0766735,1.3027601,0.25166035,2.0413167
3.560993,5.6074996,1.1466991,2.0465066,57.47011
13.354035,6.107222,1.0105116,7.2468133,54.26684
45.39261,17.76872,1.2772311,27.623888,60.85548
2.6206095,6.4439554,1.4077867,3.823346,145.8953
0.92973465,4.4177446,2.8549156,3.48801,375.16187
9.839999,7.727033,4.8554916,2.112966,21.473234
0.0,0.0,1.3405988,0.0,0.0
8.462685,6.2202244,1.1752151,2.2424603,26.498215
15.483363,6.9217315,1.1533961,8.561632,55.29569
0.0,8.161955,1.4998177,8.161955,816195500.0
6.441865,7.0489955,1.8706478,0.6071305,9.424763
11.724987,15.038021,2.2694247,3.313034,28.256186
0.0,1.4282732,1.634159,1.4282732,142827310.0
9.591629,8.368097,1.6106356,1.2235317,12.756246
0.21401475,5.783442,1.4307039,5.5694275,2602.3567
0.0,3.080266,1.051947,3.080266,308026620.0
0.0,2.0657241,1.1856459,2.0657241,206572420.0
0.0,2.074718,1.2340646,2.074718,207471800.0
26.960573,20.155363,2.0422573,6.80521,25.24134
0.0,0.0,1.3372234,0.0,0.0
5.949625,3.6605525,1.6508576,2.2890725,38.47423
0.0,0.20974064,1.1822621,0.20974064,20974064.0
0.0,0.0,1.2316356,0.0,0.0
0.0,0.09774363,1.1715325,0.09774363,9774363.0
7.28896,4.7759724,1.0109155,2.5129876,34.476627
0.0,2.9037614,1.1180614,2.9037614,290376130.0
9.420379,8.821664,5.235035,0.5987148,6.3555284
0.0,1.8034756,1.2574586,1.8034756,180347570.0
13.423329,6.678662,1.0019124,6.7446675,50.24586
3.6379209,8.596884,1.1137713,4.958963,136.31311
0.0,2.7157497,1.2967244,2.7157497,271574980.0
0.0,8.426386,1.2740846,8.426386,842638600.0
87.83053,86.76575,1.8730062,1.0647812,1.2123133
10.07604,10.230679,1.1158509,0.15463829,1.5347129
0.0,3.2481909,1.2284847,3.2481909,324819100.0
13.977676,7.507737,1.0123144,6.469939,46.28766
0.0,11.023897,1.5354887,11.023897,1102389800.0
19.361614,17.292574,3.4278061,2.0690403,10.6863
7.327978,6.3986053,1.2954249,0.9293728,12.682527
11.882069,9.799427,1.4674425,2.0826416,17.527601
4.2318664,6.381163,1.5899944,2.1492968,50.788387
6.771895,7.0218067,1.4302919,0.24991179,3.690426
0.0,2.3321402,1.2541627,2.3321402,233214020.0
12.800552,9.29969,1.3431311,3.5008621,27.349304
0.0,2.3448386,1.0626581,2.3448386,234483860.0
33.081284,23.344175,4.229123,9.737108,29.43389
11.5973015,15.173048,1.6516794,3.5757465,30.832573
8.472595,7.2031937,1.9743294,1.2694016,14.982441
0.0,2.9276705,1.1394005,2.9276705,292767070.0
0.0,0.0,1.7396458,0.0,0.0
4.991222,4.6865854,4.78707,0.30463648,6.103445
0.0,3.85548,1.0316644,3.85548,385548000.0
10.214278,9.953419,2.9425013,0.2608595,2.553871
4.243376,8.611738,1.2488338,4.3683624,102.94545
0.0,1.0382257,1.1781912,1.0382257,103822560.0
0.0,5.4403977,1.0271732,5.4403977,544039800.0
13.359944,9.222429,1.2410325,4.137515,30.969553
0.0,1.5594215,1.3456849,1.5594215,155942160.0
0.0,2.945784,1.1869354,2.945784,294578400.0
0.0,0.0,1.1529164,0.0,0.0
11.618412,12.359159,1.1102045,0.74074745,6.375634
0.0,1.1412706,1.3393533,1.1412706,114127064.0
12.640651,5.01352,1.7949226,7.627131,60.33812
0.0,1.7262082,1.5823852,1.7262082,172620820.0
0.0,2.3032532,1.1541541,2.3032532,230325310.0
0.0,4.29244,1.1240113,4.29244,429244000.0
0.0,0.5369135,2.133924,0.5369135,53691350.0
2.7930195,2.8808637,1.3542025,0.08784413,3.1451313
8.580473,8.054844,1.1583334,0.52562904,6.125875
0.0,7.632769,1.4303826,7.632769,763276900.0
9.77131,11.947838,2.1829772,2.176528,22.274681
5.509768,6.4991565,1.7994659,0.98938847,17.95699
12.015339,11.242849,1.1198044,0.77248955,6.429195
22.616245,20.647512,1.4802306,1.9687328,8.70495
0.0,3.089203,1.6705644,3.089203,308920300.0
9.75963,10.322256,1.7496786,0.5626259,5.7648277
0.0,5.901774,1.1622113,5.901774,590177340.0
49.745358,57.72061,2.22072,7.975254,16.032158
7.154196,7.7562084,1.5200691,0.60201263,8.414819
6.55922,6.3245177,1.5996739,0.23470211,3.5782015
22.625181,11.275629,5.2600956,11.349552,50.163364
124.11197,124.03139,2.4725847,0.080581665,0.06492659
6.027259,6.120425,1.4965968,0.09316635,1.5457499
16.683002,17.599234,4.468626,0.91623116,5.492004
0.0,6.0371213,1.0601369,6.0371213,603712100.0
0.0,0.0,1.1862909,0.0,0.0
6.0063844,4.196368,1.4485555,1.8100162,30.13487
9.546025,7.4532166,1.1400046,2.0928087,21.923351
0.0,7.1170745,1.1176417,7.1170745,711707460.0
0.0,0.0,1.0880538,0.0,0.0
10.580928,10.320791,1.5073572,0.2601366,2.4585423
6.458229,9.576225,1.6736425,3.1179962,48.27943
0.0,1.2004471,1.2729387,1.2004471,120044710.0
11.138835,13.169601,1.8926841,2.0307665,18.231407
0.0,1.1993641,1.1043495,1.1993641,119936410.0
7.3083596,5.141566,1.4431058,2.1667938,29.648155
20.144209,8.451637,1.1123576,11.692572,58.044334
40.17274,18.523207,1.8116597,21.649534,53.891106
11.09103,7.033066,4.7125483,4.0579643,36.587807
4.7862797,7.7232757,5.2655916,2.936996,61.362812
2.9744155,3.592754,1.6478312,0.61833835,20.788567
3.1525345,8.841741,1.1833973,5.689206,180.46451
12.0957155,8.573053,2.0972595,3.5226622,29.123222
6.5722256,3.8735104,1.3505448,2.6987152,41.062424
175.33484,145.78807,1.3720075,29.546768,16.851624
0.0,2.7968917,1.4056464,2.7968917,279689180.0
0.0,1.8464642,1.087063,1.8464642,184646420.0
7.9507375,7.4457755,4.9349504,0.50496197,6.351134
0.0,0.0,1.2449278,0.0,0.0
1.1539294,3.7713933,1.3888718,2.617464,226.83052
19.517262,17.883383,1.5182889,1.6338787,8.371455
7.026906,7.746935,1.6843873,0.7200289,10.24674
0.0,0.0,3.5417871,0.0,0.0
10.020461,5.6126037,2.4584782,4.4078574,43.988567
5.4452267,8.76413,2.3597498,3.318903,60.950684
0.0,0.0,1.2029642,0.0,0.0
0.0,1.7992582,1.6444659,1.7992582,179925820.0
0.0,3.3263159,0.9259452,3.3263159,332631580.0
8.89594,10.504948,1.7375729,1.6090078,18.086992
1.30127,0.5755491,2.1872864,0.7257209,55.770203
10.8715515,11.966797,4.0902047,1.0952454,10.074416
1.568288,5.426749,2.0068111,3.8584614,246.03015
9.365742,7.86109,2.8346202,1.5046515,16.065481
8.081077,6.251285,4.642459,1.8297915,22.642918
0.0,3.8777552,3.6112,3.8777552,387775520.0
0.06841454,3.6307912,1.3208348,3.5623767,5207.0464
4.998343,6.727033,1.0652262,1.7286901,34.585266
20.183144,17.439577,1.1601055,2.7435665,13.593356
20.81606,4.746558,1.1925937,16.0695,77.19761
5.3283863,8.536267,1.4677733,3.207881,60.20361
12.430988,7.4876103,1.4252275,4.943378,39.76657
3.4496276,6.555586,1.9483557,3.1059582,90.03749
0.0,1.2354875,1.8371366,1.2354875,123548744.0
11.387251,7.3941894,0.99049646,3.9930615,35.06607
5.762653,4.4168262,2.1915305,1.3458266,23.354288
15.115027,8.768869,5.414795,6.346158,41.985752
9.945511,9.868544,2.2780306,0.07696724,0.77388924
4.022161,6.090692,1.8248764,2.068531,51.42835
4.847601,6.6841464,1.7966182,1.8365455,37.885654
0.0,7.940145,1.1692681,7.940145,794014500.0
4.126375,7.5927663,4.9489036,3.466391,84.005714
11.799236,11.776922,4.451675,0.022314072,0.18911454
9.865679,6.458721,1.1445698,3.4069576,34.533436
0.0,6.6335187,1.2404252,6.6335187,663351900.0
6.827519,7.184342,1.097208,0.35682297,5.2262464
0.0,3.3999767,1.1078638,3.3999767,339997700.0
0.0,2.5947948,1.5438334,2.5947948,259479460.0
0.0,3.7490091,1.0662472,3.7490091,374900900.0
9.924577,3.9456937,1.0464934,5.978883,60.243206
17.473534,9.075712,1.3394074,8.397821,48.060238
12.196593,6.05408,1.089014,6.1425133,50.362534
7.623027,7.325006,4.8332963,0.29802084,3.9094818
6.1110654,8.562754,1.0478531,2.4516883,40.118835
0.0,4.1096473,1.2195965,4.1096473,410964740.0
0.0,2.4596944,1.1810434,2.4596944,245969440.0
0.0,1.6523044,1.283476,1.6523044,165230430.0
0.0,3.886339,1.048831,3.886339,388633900.0
0.0,0.0,1.4278468,0.0,0.0
12.008443,6.0225625,1.0582128,5.9858804,49.847263
0.0,4.4380608,1.136155,4.4380608,443806080.0
3.54669,4.300313,1.04199,0.753623,21.24863
110.591606,115.42243,1.9680442,4.830826,4.368167
9.875493,10.314276,2.1701603,0.4387827,4.443147
12.929771,10.607431,1.2833043,2.32234,17.961184
12.18564,13.661325,2.1760786,1.4756851,12.110033
0.0,4.3944135,1.1753603,4.3944135,439441340.0
0.0,4.5178227,1.1901698,4.5178227,451782300.0
1.6056385,8.383273,1.1459438,6.7776346,422.11462
6.096082,6.2830634,1.4231228,0.1869812,3.0672355
3.6092944,6.9075546,1.1428788,3.2982602,91.38241
7.7283254,3.9295542,1.4637947,3.7987711,49.15387
0.65012383,6.1298943,1.2300634,5.4797707,842.88104
24.638386,14.298088,4.2183833,10.340298,41.968243
4.8511834,4.5049276,2.4688945,0.34625578,7.137553
0.0,3.5733538,1.387735,3.5733538,357335400.0
8.961738,5.0844727,1.1997691,3.877265,43.264656
0.0,0.0,1.1833562,0.0,0.0
0.0,5.1286607,1.6471459,5.1286607,512866080.0
9.009512,9.589905,1.2030886,0.58039284,6.442001
5.8047624,3.6881645,1.0823469,2.116598,36.463127
0.0,0.0,1.0735778,0.0,0.0
0.0,1.1387126,1.2924665,1.1387126,113871260.0
0.0,0.0,1.9280422,0.0,0.0
9.062138,12.561977,1.6413637,3.4998398,38.620464
0.0,1.7751248,1.2540395,1.7751248,177512480.0
11.208796,9.417003,1.2177881,1.7917929,15.985598
46.478516,17.406885,1.4822142,29.07163,62.548534
0.0,4.1210227,1.7658731,4.1210227,412102270.0
1.5980116,7.252948,1.1473243,5.6549363,353.8733
0.0,0.0,2.8786247,0.0,0.0
107.0903,110.48145,4.205481,3.3911514,3.166628
8.413592,8.331726,1.7212895,0.081866264,0.9730239
8.814686,5.898086,1.4668328,2.9165998,33.08796
0.0,1.3158296,1.0494846,1.3158296,131582960.0
0.0,0.27432013,1.2565944,0.27432013,27432012.0
6.0935974,8.476093,1.3885024,2.3824959,39.098347
0.0,6.3904963,1.2650146,6.3904963,639049600.0
0.0,2.0608964,1.3617618,2.0608964,206089650.0
0.0,0.7477751,1.28178,0.7477751,74777510.0
0.0,2.256939,1.0229008,2.256939,225693890.0
9.169865,6.381776,1.4959607,2.7880888,30.404905
0.0,5.399095,1.2476152,5.399095,539909500.0
3.806092,6.5218573,1.3705338,2.7157652,71.35312
2.8627949,12.894344,1.0984668,10.031549,350.41104
0.0,0.99533343,1.347333,0.99533343,99533340.0
11.592575,8.155905,1.4045469,3.4366703,29.645443
0.0,0.0,1.4162999,0.0,0.0
0.0,5.6189394,1.1083637,5.6189394,561893950.0
15.703768,18.877125,1.2420249,3.173357,20.207615
32.88668,20.63559,2.0070322,12.251091,37.25244
9.435031,5.530364,1.5222397,3.904667,41.38478
0.0,1.3653111,1.5101851,1.3653111,136531120.0
2.3386412,6.558789,1.009439,4.2201476,180.45299
18.460747,13.656,4.776841,4.8047466,26.026827
5.1253023,5.735238,1.4921973,0.60993576,11.900483
3.9084492,8.487089,1.1249485,4.57864,117.14723
6.3249874,5.11172,1.1089453,1.2132673,19.18213
0.0,0.73197174,1.2976823,0.73197174,73197176.0
0.0,0.60392284,1.1833602,0.60392284,60392284.0
8.08969,5.724812,1.2084599,2.3648782,29.233236
14.3859625,13.264982,2.3536122,1.1209803,7.792181
3.265783,8.351971,1.0469189,5.0861874,155.74174
0.0,0.0,1.2391914,0.0,0.0
16.43346,19.246628,1.201118,2.8131676,17.118536
0.0,0.0,1.05493,0.0,0.0
0.0,2.0866141,1.4607275,2.0866141,208661400.0
6.766551,3.6630347,1.6560572,3.1035163,45.865555
14.80469,8.678799,1.0964003,6.1258917,41.378048
5.800404,5.780646,1.5258571,0.019758224,0.3406353
6.1625776,9.212616,1.1025198,3.0500383,49.4929
0.0,1.634236,1.1925673,1.634236,163423600.0
0.0,1.2862744,1.1198853,1.2862744,128627440.0
0.0,9.1708355,1.3455275,9.1708355,917083600.0
8.805419,20.996614,1.2121829,12.1911955,138.45105
0.0,0.0,1.6052212,0.0,0.0
0.0,1.354455,1.3680865,1.354455,135445490.0
0.0,1.9882629,2.3787825,1.9882629,198826290.0
0.0,0.0,1.4099494,0.0,0.0
0.15059501,7.1340337,4.6580863,6.9834385,4637.231
0.0,4.3447604,1.4629847,4.3447604,434476030.0
1.3696913,4.904585,1.5450331,3.5348935,258.0796
0.0,0.58765066,1.1350363,0.58765066,58765064.0
0.0,7.0283613,1.1817231,7.0283613,702836100.0
2.0787945,9.043959,1.1047293,6.965164,335.05786
0.0,4.4996357,1.6353829,4.4996357,449963550.0
0.0,0.0,1.2322611,0.0,0.0
0.0,0.0,1.5942761,0.0,0.0
0.0,0.0,1.0604913,0.0,0.0
4.048077,11.465055,1.42862,7.4169784,183.22226
10.075971,6.6417623,1.099731,3.4342084,34.083153
0.0,0.4910189,1.1295676,0.4910189,49101892.0
8.705054,6.868392,1.5533941,1.8366623,21.098803
0.0,0.0,1.5614005,0.0,0.0
17.373348,27.952496,1.1616449,10.579147,60.89297
8.022275,9.240093,2.517543,1.2178183,15.180461
0.0,0.0,1.4433014,0.0,0.0
41.156616,38.288654,1.3399557,2.867962,6.9684105
8.929782,10.798761,1.8977729,1.8689795,20.929733
7.206456,4.7394786,1.3131162,2.4669776,34.23288
0.0,3.1952038,1.3701282,3.1952038,319520400.0
85.57008,88.70479,4.470088,3.1347046,3.6633184
6.661338e-14,2.030935,1.8611991,2.030935,203093500.0
6.410027,10.98192,1.2097999,4.571893,71.32409
6.1037235,1.8336844,3.9229598,4.270039,69.95794
17.656408,12.165112,1.0965855,5.491297,31.100872
13.890217,10.50724,1.7002501,3.3829765,24.355104
7.2669754,7.8677783,4.54072,0.6008029,8.267579
38.171078,37.990078,4.107119,0.18099976,0.47418037
0.0,3.2266417,1.223313,3.2266417,322664160.0
4.440892e-14,4.990586,1.1887451,4.990586,499058600.0
25.743845,10.066727,1.5824244,15.677118,60.89657
14.295397,18.252287,1.7963793,3.95689,27.679472
7.943726,8.282602,1.1191169,0.33887625,4.265961
8.488303,6.9668026,1.1281002,1.5215006,17.924673
0.0,0.0,1.2158687,0.0,0.0
0.0,0.0719862,0.9825502,0.0719862,7198620.0
13.672122,9.8903885,1.6575774,3.7817335,27.66018
0.0,2.4739587,1.177131,2.4739587,247395870.0
0.0,8.914112,5.175206,8.914112,891411200.0
94.72053,90.021416,1.7945298,4.699112,4.961028
0.0,0.0,1.5513569,0.0,0.0
130.59625,148.29721,2.060477,17.700958,13.553956
0.0,1.3512836,1.2030736,1.3512836,135128350.0
0.0,1.2916478,1.0871787,1.2916478,129164776.0
0.0,0.0,1.280525,0.0,0.0
12.712068,13.456287,5.3829713,0.7442198,5.8544354
0.0,3.4822106,1.0452013,3.4822106,348221060.0
30.40236,23.25516,2.678908,7.1472015,23.508705
0.0,7.4066186,1.3039024,7.4066186,740661900.0
1.3967907,9.430956,2.3953354,8.034165,575.1875
10.295851,11.195417,2.0397608,0.89956665,8.737177
14.697121,17.532942,3.755758,2.8358212,19.29508
0.0,1.2676139,1.2501405,1.2676139,126761390.0
7.212836,7.119823,1.0936325,0.09301281,1.2895457
4.403668,3.8160155,1.1202224,0.58765244,13.344613
6.8790083,6.918836,4.8001695,0.039827824,0.5789762
8.598786,8.376631,1.6240197,0.22215557,2.5835688
0.0,1.1077685,1.3863605,1.1077685,110776856.0
0.0,1.2531565,1.1586412,1.2531565,125315650.0
39.789955,26.45514,1.2898252,13.334816,33.51302
8.740544,6.963534,1.2574645,1.7770104,20.330662
0.0,3.942429,1.2128538,3.942429,394242900.0
2.038283,5.445094,1.604127,3.406811,167.1412
3.813231,9.245426,1.1954578,5.432195,142.4565
0.0,0.0,1.5773902,0.0,0.0
9.967469,6.6352077,1.3141834,3.3322616,33.43137
0.0,4.838809,0.97957367,4.838809,483880900.0
12.578647,2.420313,1.3256916,10.158334,80.75856
0.0,8.568712,1.2102003,8.568712,856871230.0
0.0,0.453362,1.2055886,0.453362,45336196.0
0.0,3.4006596,1.25011,3.4006596,340065950.0
9.247284,4.925656,1.0581894,4.321628,46.734028
0.0,0.0,1.8844479,0.0,0.0
33.290962,35.602974,4.557757,2.3120117,6.944863
0.0,0.0,1.4508921,0.0,0.0
0.0,5.149732,1.5445986,5.149732,514973220.0
0.0,0.0,1.2747753,0.0,0.0
7.554164,6.6134,4.834268,0.94076395,12.453581
0.0,0.0,1.1854843,0.0,0.0
2.8834739,10.268032,1.1445264,7.384558,256.09937
182.0412,163.423,2.030293,18.618195,10.227462
0.0,5.4679155,2.5242474,5.4679155,546791550.0
0.0,0.0,0.9285935,0.0,0.0
28.934801,33.896553,1.9878846,4.961752,17.148043
8.439488,4.188767,0.94832635,4.2507215,50.36705
28.431875,19.979576,2.2560604,8.452299,29.72825
0.0,1.2118907,1.0511099,1.2118907,121189070.0
5.5223627,4.81172,1.2203509,0.7106428,12.868457
9.506516,5.1804047,0.93795985,4.326112,45.5068
0.0,0.3143444,1.23701,0.3143444,31434440.0
13.125223,13.042753,4.5277114,0.08246994,0.6283317
0.0,4.046342,1.0584047,4.046342,404634180.0
0.0,0.0,1.3924078,0.0,0.0
10.871305,11.708321,1.5018429,0.83701515,7.6993065
2.1072185,7.153655,1.3394524,5.0464363,239.48329
2.3322651,6.955095,1.1775434,4.6228294,198.212
8.656012,12.970041,2.2378628,4.3140297,49.838535
3.0183737,8.630431,1.1812977,5.6120577,185.92984
6.9754906,8.196533,1.0753379,1.2210426,17.504757
0.0,4.050515,1.5642923,4.050515,405051520.0
0.0,0.0,2.4897926,0.0,0.0
2.2678356,5.6524844,1.0508758,3.3846488,149.24577
3.714055,10.269657,0.96374816,6.555602,176.50793
27.184057,4.642651,1.2960962,22.541407,82.92142
6.3048916,7.8822474,1.0657821,1.5773559,25.01797
13.134208,11.040808,5.380312,2.0934,15.938533
6.460684,11.1056595,0.9483616,4.6449757,71.896034
136.43254,122.385216,4.6792374,14.047325,10.296169
0.0,0.0,1.4818777,0.0,0.0
0.0,3.1411216,1.0865926,3.1411216,314112160.0
0.0,4.960579,1.4359721,4.960579,496057900.0
25.837706,20.8681,1.2513788,4.9696064,19.23393
30.078669,35.1892,1.5016587,5.1105328,16.990555
0.0,5.711242,1.1539004,5.711242,571124200.0
0.0,0.0,1.4491472,0.0,0.0
0.0,2.389852,1.2527361,2.389852,238985200.0
12.420464,7.004751,1.4239261,5.4157124,43.60314
0.0,3.1876044,1.1840595,3.1876044,318760450.0
0.0,0.0,2.3685324,0.0,0.0
0.0,3.03019,1.0303028,3.03019,303019000.0
0.0,1.0246725,1.3200663,1.0246725,102467256.0
7.2406964,4.644917,1.6716932,2.5957794,35.849857
12.380573,10.610077,5.2460775,1.7704964,14.300601
0.0,6.0687294,1.1889921,6.0687294,606872900.0
23.544277,35.50639,1.1968937,11.962112,50.806877
4.4441175,5.9620557,1.2752084,1.5179381,34.15612
7.783734,5.150127,1.0723636,2.633607,33.83475
0.0,3.9520564,1.2390113,3.9520564,395205630.0
0.0,5.1631346,1.0950886,5.1631346,516313470.0
0.0,0.0,1.5703613,0.0,0.0
0.0,5.625414,1.1805855,5.625414,562541400.0
39.889378,35.141094,3.443889,4.7482834,11.903628
11.262243,7.1103697,1.3376156,4.1518736,36.86542
0.0,1.6393976,1.2931526,1.6393976,163939760.0
37.970352,11.774282,1.0750283,26.19607,68.99085
0.0,0.0,1.6958132,0.0,0.0
0.0,4.6259403,0.99057734,4.6259403,462594020.0
0.58056873,6.6976147,1.8718811,6.117046,1053.6299
1.9917523,5.0379615,1.0907134,3.0462093,152.94118
0.24420474,4.6744843,1.3704858,4.4302797,1814.1661
3.227043,4.4110875,4.635355,1.1840446,36.69132
0.0,1.5651577,1.0832214,1.5651577,156515760.0
0.0,0.4159081,1.2727305,0.4159081,41590810.0
6.6559143,9.308856,1.1808633,2.6529417,39.85841
0.0,0.0,1.0507959,0.0,0.0
7.8163548,8.523874,4.979442,0.70751953,9.051784
0.0,3.8052783,4.5682387,3.8052783,380527840.0
11.384331,5.6606245,0.99651605,5.7237062,50.277054
0.0,2.2487416,1.1986144,2.2487416,224874160.0
14.388642,11.977617,1.3562876,2.411025,16.756447
0.0,0.011783838,2.3486059,0.011783838,1178383.9
32.12412,12.829958,1.1087767,19.29416,60.061295
15.938415,6.92314,1.1734813,9.015274,56.56318
0.0,0.0,1.8963553,0.0,0.0
0.0,0.0,1.7365425,0.0,0.0
199.6956,152.08725,1.6300483,47.608353,23.840462
0.0,7.2632623,1.3156419,7.2632623,726326200.0
0.0,0.0,1.1767292,0.0,0.0
8.125853,5.852096,1.4385751,2.2737565,27.98176
4.3307934,8.708795,5.2176013,4.378001,101.09005
0.0,2.7508152,1.0139937,2.7508152,275081500.0
0.0,0.0,1.3551515,0.0,0.0
7.271205,8.819687,1.3202548,1.548482,21.296083
37.09555,31.106552,1.8997583,5.9889984,16.144789
0.0,0.0,1.0678935,0.0,0.0
10.024208,11.387594,1.3842485,1.3633862,13.600937
11.890468,11.899828,2.2102573,0.009360313,0.07872116
62.746235,61.992035,2.219355,0.7542,1.2019844
10.942084,9.645012,1.7638445,1.2970724,11.85398
2.529555,4.8281384,1.8673388,2.2985833,90.86907
5.7919197,5.0890493,1.3582325,0.70287037,12.135361
36.44893,18.1172,1.4605277,18.331728,50.294285
12.342574,5.367209,1.0996208,6.975365,56.51467
0.0,0.0,1.5110425,0.0,0.0
12.185562,3.478261,1.2190272,8.707301,71.45589
11.093611,14.146551,1.0013278,3.0529404,27.519808
10.061029,7.0519156,1.1724235,3.0091138,29.908607
0.033308394,5.755555,1.7845317,5.7222466,17179.594
0.0,0.27755666,0.93050385,0.27755666,27755664.0
0.0,0.9435818,1.1233594,0.9435818,94358184.0
12.368299,13.154095,1.2482281,0.78579617,6.3533087
9.402877,12.614172,1.4784487,3.2112951,34.152264
16.171946,14.608786,1.1188152,1.56316,9.6658745
0.0,2.263774,1.0053778,2.263774,226377390.0
13.107671,11.163639,2.0872653,1.9440317,14.831252
3.7464035,5.5460086,1.2669138,1.7996051,48.035538
56.95505,59.70222,3.34178,2.7471695,4.823399
7.951031,8.566687,1.1568949,0.6156554,7.743089
0.0,0.0,1.755815,0.0,0.0
7.301714,7.057876,1.1074452,0.24383783,3.3394601
20.214647,10.1655655,1.6566371,10.049082,49.711884
0.0,12.226242,1.2225511,12.226242,1222624300.0
14.144844,9.831812,2.3234181,4.313032,30.491903
20.534063,17.26976,1.2473851,3.2643032,15.897016
14.33592,15.021215,1.6708527,0.6852951,4.780266
16.634127,13.872719,5.263448,2.7614079,16.600859
28.527082,42.120697,1.7441785,13.593615,47.65161
0.0,0.8967297,1.3324008,0.8967297,89672980.0
11.587493,5.2656693,1.1391728,6.3218236,54.557304
7.464287,4.4457393,4.375598,3.0185475,40.43987
4.277091,14.034985,1.471824,9.757894,228.14323
6.3781223,7.960289,2.015212,1.5821667,24.806152
2.9686801,5.463908,1.170032,2.495228,84.051765
0.0,4.9165807,1.1338418,4.9165807,491658080.0
8.505551,16.14691,4.1952343,7.6413584,89.83966
9.37096,6.137936,1.1145433,3.2330241,34.500454
0.0,0.0,1.3922002,0.0,0.0
21.737795,22.582457,1.3234336,0.8446617,3.8856826
5.8914433,9.246103,1.7454536,3.35466,56.941227
0.0,3.4895077,1.5154086,3.4895077,348950800.0
0.0,2.0284553,1.3075382,2.0284553,202845520.0
6.767032,5.8564878,2.598795,0.9105444,13.455595
0.0,0.0,2.2995868,0.0,0.0
33.38007,12.700748,1.1888678,20.679321,61.951103
0.0,0.0,1.4451002,0.0,0.0
0.0,4.1021953,2.1324635,4.1021953,410219520.0
0.0,0.0,1.1408166,0.0,0.0
0.0,2.2895145,1.1115488,2.2895145,228951440.0
1.7580434,10.000572,1.3074113,8.242529,468.8467
0.0,3.9400282,1.0464606,3.9400282,394002800.0
0.0,1.8950037,1.0928124,1.8950037,189500370.0
0.0,3.2833588,1.3198344,3.2833588,328335870.0
0.35066673,1.2821679,4.839577,0.93150115,265.63718
1.8718303,0.0,2.1699076,1.8718303,100.0
14.536195,11.829309,5.1332994,2.7068853,18.62169
10.913354,13.370598,1.1079609,2.457244,22.515938
0.0,4.2081423,1.6146309,4.2081423,420814240.0
12.750489,8.6964,1.0712372,4.0540895,31.79556
0.0,1.4054166,1.106233,1.4054166,140541660.0
107.7846,111.183716,4.831774,3.3991165,3.1536198
0.0,4.9185715,1.3873116,4.9185715,491857150.0
1.6891925,0.0,1.9829049,1.6891925,100.0
0.0,3.1247475,1.3316984,3.1247475,312474750.0
21.82701,20.010223,2.0470662,1.8167858,8.323567
0.0,1.0809188,1.1122452,1.0809188,108091880.0
7.9024596,4.513706,1.3965002,3.3887534,42.88226
0.0,5.1454105,1.3547362,5.1454105,514541100.0
8.49176,9.4019375,1.1610323,0.91017723,10.718358
4.901281,7.2581177,1.0392425,2.3568368,48.08614
86.97007,89.481865,3.595601,2.511795,2.8881142
0.0,5.9553676,1.2267414,5.9553676,595536800.0
0.0,7.9426622,1.5707778,7.9426622,794266240.0
0.0,4.564451,1.1463381,4.564451,456445120.0
10.064038,6.290894,4.4334326,3.7731442,37.491356
0.0,1.5896292,1.3584214,1.5896292,158962930.0
12.016433,13.586893,1.7117479,1.5704603,13.069273
12.063247,6.9772053,1.2959232,5.0860415,42.161465
0.0,5.7294583,4.616036,5.7294583,572945860.0
33.640614,15.115074,1.3097186,18.52554,55.06897
0.0,4.110547,1.1786646,4.110547,411054720.0
9.574593,2.9403539,1.3911716,6.6342387,69.29004
36.590843,31.904093,2.9843996,4.6867504,12.808534
7.111148,5.872022,2.734252,1.2391257,17.425116
0.0,3.4536269,1.7846723,3.4536269,345362700.0
10.067239,8.301391,1.0862994,1.7658482,17.54054
13.390003,8.204153,1.0961636,5.18585,38.729267
17.174313,15.532249,1.4050227,1.6420631,9.561158
0.0,0.0,1.6886628,0.0,0.0
69.58366,70.320496,4.0849676,0.7368393,1.0589257
6.990036,7.401996,1.290024,0.41196012,5.8935337
0.0,6.2054935,4.3758802,6.2054935,620549300.0
8.9580965,4.842963,1.4117657,4.1151333,45.937588
40.713993,59.44744,4.5031924,18.733448,46.01231
6.5988364,10.466167,1.8324827,3.867331,58.606255
1.9493546,7.4821134,1.372378,5.5327587,283.82516
12.802226,11.987989,2.659983,0.81423664,6.3601174
14.326936,6.955268,1.6468662,7.371668,51.45321
0.0,4.4610243,1.4701637,4.4610243,446102430.0
11.99696,9.34578,5.197152,2.6511793,22.098759
0.0,1.5845098,2.4235551,1.5845098,158450990.0
0.0,8.037786,1.3393933,8.037786,803778560.0
0.0,0.0,1.8573964,0.0,0.0
11.845319,10.749191,1.8393384,1.0961275,9.253676
0.0,1.5916386,1.4425201,1.5916386,159163860.0
2.1592085,3.0048435,1.5717003,0.84563494,39.164116
182.88596,128.64256,2.0339727,54.243393,29.659683
0.0,1.881485,3.369255,1.881485,188148500.0
32.623047,20.877335,1.1688324,11.745712,36.00434
0.0,2.2085435,1.3245983,2.2085435,220854350.0
0.0,0.0,1.3396139,0.0,0.0
4.4043355,9.115978,1.1266867,4.7116427,106.97738
0.0,0.0,2.4635868,0.0,0.0
0.0,1.966361,1.3173783,1.966361,196636110.0
19.441576,14.825968,1.2405682,4.615608,23.740915
1.7723787,5.196718,4.882383,3.4243395,193.20587
14.491445,7.4851317,1.3616897,7.006313,48.347927
7.1618595,9.287733,2.7688394,2.1258736,29.683262
0.0,0.045116186,1.2671064,0.045116186,4511618.5
0.0,2.0010939,1.7917254,2.0010939,200109390.0
15.696116,14.202438,1.4293561,1.4936781,9.516228
0.0,3.4300709,1.3790295,3.4300709,343007070.0
15.432109,10.456194,1.8094922,4.975915,32.243908
4.7328267,4.427614,1.0798681,0.3052125,6.4488416
0.0,2.5222147,1.0505954,2.5222147,252221470.0
76.75213,73.62353,4.533363,3.128601,4.07624
0.0,1.2369609,1.2079097,1.2369609,123696090.0
15.261095,11.736225,1.2065066,3.52487,23.097097
12.793361,9.229058,5.4298706,3.5643024,27.860563
3.776971,3.5459423,2.3508945,0.2310288,6.116774
14.350067,14.019333,1.5959817,0.33073425,2.3047576
10.064909,11.141741,2.4093058,1.0768318,10.698873
25.773624,27.390114,3.0769536,1.6164894,6.2718744
2.8201723,3.736395,0.9803269,0.9162226,32.488174
0.0,9.527194,1.6362317,9.527194,952719400.0
0.0,0.45452785,1.1773798,0.45452785,45452784.0
20.167767,9.60178,1.3865442,10.565987,52.390465
10.932591,18.610113,1.2496454,7.6775217,70.226006
0.0,3.3790734,1.0794848,3.3790734,337907360.0
0.0,1.841928,1.2516912,1.841928,184192800.0
2.0092506,8.179574,1.2391144,6.1703234,307.09576
0.0,4.2054706,1.2041179,4.2054706,420547070.0
2.3103755,8.297941,1.1250494,5.987566,259.15985
3.8942516,8.563527,2.0238807,4.6692753,119.90173
0.0,0.87326133,0.981238,0.87326133,87326136.0
6.112282,10.855024,4.913597,4.7427425,77.59365
0.0,1.7816606,1.1957625,1.7816606,178166060.0
0.0,0.0,1.4258208,0.0,0.0
4.1538644,7.340653,1.0219046,3.1867886,76.71865
0.0,0.0,1.5688666,0.0,0.0
12.944707,11.272079,2.9924355,1.6726274,12.921323
14.274425,9.981655,1.9307978,4.2927694,30.073153
0.0,0.0,0.95081204,0.0,0.0
0.98251706,5.0670304,2.184542,4.084513,415.71933
0.0,6.61759,1.1293802,6.61759,661759000.0
7.0387263,6.418367,1.1102251,0.6203594,8.813519
0.0,3.7344,1.1214477,3.7344,373440000.0
0.0,5.745829,1.1388873,5.745829,574582900.0
0.0,5.740101,1.3467177,5.740101,574010050.0
0.0,5.26425,1.283117,5.26425,526425000.0
0.0,7.940107,1.1862932,7.940107,794010700.0
0.0,5.239898,1.0480552,5.239898,523989820.0
0.0,0.6675153,0.93613607,0.6675153,66751530.0
0.0,0.07947922,1.3033756,0.07947922,7947922.0
14.427711,9.377834,1.2408541,5.049876,35.00123
0.0,1.4356906,1.1550313,1.4356906,143569060.0
0.0,1.0748167,1.2438127,1.0748167,107481670.0
11.552236,5.206125,4.926789,6.346111,54.93405
0.0,0.8284045,1.312644,0.8284045,82840450.0
0.0,0.040134907,1.2033962,0.040134907,4013490.8
2.8298125,8.566592,1.2337152,5.7367797,202.7265
5.900353,18.913622,1.242563,13.013269,220.55069
5.7915382,10.12199,1.1932013,4.330452,74.77205
0.0,0.0,0.99541396,0.0,0.0
8.480452,6.6607933,2.2195606,1.8196583,21.45709
0.60906863,8.059536,1.1015315,7.450467,1223.2557
15.046652,10.395088,2.3937087,4.6515636,30.914278
0.0,0.0,1.4469936,0.0,0.0
5.075684,6.566769,2.4489026,1.491085,29.377026
8.124511,8.202389,1.0189794,0.077878,0.9585562
9.768702,5.430808,1.4416207,4.3378935,44.40604
0.0,5.465485,1.0986933,5.465485,546548540.0
11.672812,6.0814385,1.2798135,5.591374,47.90083
0.0,2.5522895,0.98896635,2.5522895,255228940.0
0.0,3.4987357,1.3795958,3.4987357,349873570.0
3.8887327,5.9885077,1.7405409,2.099775,53.996384
0.0,1.4968829,1.2014197,1.4968829,149688290.0
5.530176,6.055231,1.0228971,0.52505493,9.494362
0.0,4.515216,1.1480473,4.515216,451521570.0
0.0,1.4078925,1.4937661,1.4078925,140789250.0
8.801751,4.219738,0.96725464,4.582013,52.057972
47.192272,29.735138,1.644507,17.457134,36.99151
63.47238,39.51165,4.3721757,23.960732,37.749855
0.0,2.088499,1.1364521,2.088499,208849920.0
3.6373637,6.792888,1.885122,3.1555245,86.75307
0.0,0.0,2.934262,0.0,0.0
0.0,0.0,1.0686934,0.0,0.0
0.0,0.0,1.3355435,0.0,0.0
0.0,0.7435436,1.475863,0.7435436,74354360.0
4.576189,6.791121,1.1475563,2.214932,48.401234
4.090285,11.40498,4.9526725,7.314695,178.83095
0.0,5.378144,1.1469885,5.378144,537814400.0
12.441877,11.8798275,5.4114733,0.56204987,4.517404
0.0,0.70599127,1.1548917,0.70599127,70599130.0
0.0,0.0,2.5041623,0.0,0.0
0.0,0.0,1.1105523,0.0,0.0
0.0,3.7671509,3.6074824,3.7671509,376715100.0
6.4073815,5.034546,1.6943482,1.3728356,21.425846
38.351536,27.745924,1.2700233,10.605612,27.65368
4.543411,5.889568,1.8389101,1.3461571,29.628778
14.638965,10.705477,1.0250736,3.933488,26.869987
0.0,15.803165,1.5067877,15.803165,1580316500.0
0.0,0.0,0.8926446,0.0,0.0
8.80148,7.161195,2.8141036,1.6402855,18.636473
25.929623,28.118065,2.743464,2.1884422,8.439931
10.881858,11.730883,1.6475794,0.8490248,7.8022046
37.28163,21.745535,1.1377496,15.536097,41.672253
9.459592,8.041386,1.5064971,1.4182062,14.992255
3.7631025,7.948651,1.1310021,4.1855483,111.226
9.983474,11.231813,1.3232989,1.2483397,12.504062
0.0,2.1089787,1.3653092,2.1089787,210897870.0
1.1490346,2.1937695,1.7526406,1.0447348,90.92283
0.0,2.2357817,1.4013262,2.2357817,223578180.0
15.471896,18.217062,1.105769,2.7451658,17.742918
0.0,2.5652351,1.2214733,2.5652351,256523500.0
0.0,4.5325437,1.3269736,4.5325437,453254370.0
5.115872,8.612256,4.2012815,3.4963841,68.34386
0.0,1.5578604,1.3984281,1.5578604,155786050.0
0.0,2.289082,1.0168808,2.289082,228908210.0
4.9841633,7.619058,1.2418605,2.6348948,52.865337
0.0,3.572167,1.1672101,3.572167,357216700.0
6.912418,7.36284,1.3053468,0.4504223,6.5161324
0.0,5.5564575,1.2231266,5.5564575,555645760.0
10.653063,5.2914915,1.1449363,5.3615713,50.328915
10.768215,6.9233937,0.98052824,3.8448215,35.70528
0.0,0.0,1.0641137,0.0,0.0
0.0,1.670733,2.0149062,1.670733,167073300.0
11.992865,9.8370495,1.0563086,2.1558151,17.975815
7.0720773,11.057194,4.837008,3.9851165,56.350014
0.0,2.3973448,2.1652098,2.3973448,239734480.0
0.0,8.394819,2.3633301,8.394819,839481900.0
0.0,0.0,1.2421077,0.0,0.0
8.345218,10.577471,2.9947782,2.232253,26.74889
0.0,2.0434704,3.7997499,2.0434704,204347040.0
17.621729,16.266075,4.654524,1.3556538,7.69308
20.301975,16.737059,4.7651234,3.5649166,17.559458
2.9495301,9.257521,1.6598766,6.3079906,213.86426
11.259566,10.622726,2.2426507,0.63683987,5.655989
10.778207,8.791077,1.6832687,1.9871302,18.436556
4.1972837,9.556898,1.0837188,5.3596144,127.692444
9.621815,2.7570467,1.0848701,6.864768,71.34588
11.903184,9.187964,1.7867061,2.7152195,22.810867
7.215226,7.4328103,2.8258977,0.21758413,3.0156245
0.0,2.985414,1.0858797,2.985414,298541400.0
0.0,0.0,2.2100565,0.0,0.0
0.0,0.60783815,1.2629896,0.60783815,60783812.0
0.0,5.432981,1.1671749,5.432981,543298100.0
8.725229,7.3194633,1.3676459,1.405766,16.111507
12.259607,13.42849,1.1888695,1.1688824,9.534419
11.359464,8.950382,1.8405923,2.4090815,21.207705
0.0,4.9231014,1.1426308,4.9231014,492310140.0
0.0,0.0,2.1470344,0.0,0.0
0.0,2.981645,1.2635528,2.981645,298164500.0
0.0,2.4455419,2.1929028,2.4455419,244554190.0
8.549267,3.543252,4.8752604,5.006015,58.5549
8.899074,9.59746,1.886588,0.6983862,7.847853
10.552847,9.770506,1.7277989,0.782341,7.413554
0.0,1.3459091,1.832659,1.3459091,134590910.0
20.78336,2.130221,1.1723073,18.65314,89.75036
13.596028,14.5918045,2.2631178,0.9957762,7.324023
7.6380434,11.872995,1.350193,4.234952,55.44551
10.655977,5.322264,1.1709145,5.333713,50.05372
0.0,2.6382535,1.0340697,2.6382535,263825340.0
16.07686,19.8793,2.080649,3.8024387,23.651625
0.0,11.624765,5.267562,11.624765,1162476500.0
178.71745,145.54266,2.1234877,33.17479,18.562702
0.0,2.296187,1.2157228,2.296187,229618700.0
0.0,0.0,1.3066407,0.0,0.0
0.0,0.0,1.1159893,0.0,0.0
36.39607,41.569313,4.2394576,5.1732445,14.213746
4.5881777,13.542084,5.2179775,8.953906,195.15169
16.28708,11.166531,5.333792,5.12055,31.439335
0.0,4.011986,1.6357415,4.011986,401198600.0
0.0,2.4355335,1.1296377,2.4355335,243553340.0
0.0,0.0,1.505354,0.0,0.0
14.388851,12.021837,1.1049943,2.367014,16.450333
0.0,0.055327892,1.4401329,0.055327892,5532789.0
0.0,0.0,1.2450802,0.0,0.0
20.201542,14.752737,1.0981907,5.448805,26.972223
0.0,0.0,1.2391021,0.0,0.0
6.4246573,3.3852193,1.1296631,3.039438,47.30895
3.2079637,3.8172011,2.0620677,0.60923743,18.991407
0.0,0.0,3.1309164,0.0,0.0
0.0,6.3227515,1.0451274,6.3227515,632275140.0
8.75446,7.4012933,1.3584536,1.353167,15.456888
7.6738467,5.2868924,4.556801,2.3869543,31.105057
9.035495,5.1371737,1.8210633,3.8983212,43.144524
0.0,3.3138194,1.3365557,3.3138194,331381920.0
0.0,3.787468,1.2124032,3.787468,378746780.0
3.5445175,4.02475,2.0573404,0.48023272,13.548606
48.796642,66.108116,1.547134,17.311474,35.476772
0.0,0.0,1.6544791,0.0,0.0
9.937254,12.993679,1.7195611,3.056425,30.75724
0.0,1.9825717,1.1153551,1.9825717,198257170.0
7.7561717,11.336903,1.0635049,3.580731,46.166214
11.672356,10.906681,1.3085763,0.7656746,6.559726
0.0,0.0,4.7674475,0.0,0.0
0.0,2.9779153,4.5936418,2.9779153,297791520.0
0.0,5.6911974,1.0545466,5.6911974,569119740.0
7.65611,6.981281,1.5691128,0.674829,8.814255
4.989608,7.4542356,1.8996428,2.4646277,49.395218
33.720703,21.471645,1.6792316,12.249058,36.325035
1.2958173,8.532436,1.1478944,7.236619,558.45984
11.123111,7.446551,1.454643,3.67656,33.053345
7.0635195,7.562527,1.6058235,0.4990077,7.064576
0.0,0.0,1.9937452,0.0,0.0
0.0,7.1777415,1.19639,7.1777415,717774140.0
12.679938,9.76022,2.9821463,2.9197187,23.026283
14.440873,5.899688,4.49103,8.541185,59.145905
0.0,0.0,1.3957577,0.0,0.0
22.339725,10.560162,2.078064,11.779564,52.729225
0.0,1.4030373,1.2509466,1.4030373,140303730.0
12.44991,11.491552,1.1342462,0.9583578,7.697709
20.307913,7.3494434,1.0196006,12.958469,63.80995
14.705411,6.7083993,1.368945,7.9970117,54.381424
0.0,0.0,1.0549164,0.0,0.0
33.64163,30.847025,1.839426,2.7946033,8.30698
0.0,0.0,1.1596285,0.0,0.0
4.500995,5.1538115,2.2315004,0.6528163,14.503821
0.0,0.051084757,1.1721762,0.051084757,5108475.5
10.220027,6.4854283,1.0366883,3.7345986,36.541965
3.4780731,15.86179,1.4061823,12.383717,356.0511
0.0,0.474751,1.540689,0.474751,47475096.0
0.7395589,5.4319324,2.906792,4.6923738,634.4828
0.0,4.552573,1.1896818,4.552573,455257300.0
0.0,0.0,2.1267362,0.0,0.0
0.0,0.0,1.8538636,0.0,0.0
11.450122,8.87727,5.1416388,2.5728521,22.470085
0.0,0.5619812,1.2365041,0.5619812,56198120.0
13.993871,7.0929475,1.0494128,6.9009233,49.3139
0.0,2.701365,1.1789049,2.701365,270136500.0
0.0,0.0,1.2285933,0.0,0.0
0.0,1.8060405,1.0246474,1.8060405,180604050.0
13.174692,11.355436,4.378005,1.8192558,13.808716
0.0,0.0,1.1772834,0.0,0.0
0.0,0.15347195,0.94155735,0.15347195,15347195.0
16.427752,18.792442,1.2704707,2.3646908,14.394488
6.450455,6.1836143,2.4507818,0.26684093,4.136777
0.0,3.6725838,1.3633863,3.6725838,367258400.0
7.221853,10.443125,2.0788088,3.221272,44.604507
1.2497689,5.2797384,1.2614241,4.0299697,322.4572
14.7404175,9.515036,1.1834408,5.225382,35.44935
50.368645,53.658096,1.4330909,3.2894516,6.5307527
7.121096,4.1744637,1.2734796,2.9466324,41.378918
0.0,0.0,1.0316329,0.0,0.0
0.0,0.7889867,1.0876523,0.7889867,78898664.0
0.0,0.0,1.2338551,0.0,0.0
0.0,3.801949,1.0522707,3.801949,380194900.0
0.0,0.0,1.2471198,0.0,0.0
15.122113,19.322142,1.1886239,4.2000284,27.774084
0.0,0.0,2.4945717,0.0,0.0
0.0,1.9510942,1.2574828,1.9510942,195109420.0
15.676476,9.89596,1.1358016,5.7805157,36.87382
2.6293645,1.4383557,2.0715482,1.1910088,45.29645
0.0,4.4014115,1.1997834,4.4014115,440141150.0
0.0,6.1561675,1.0301704,6.1561675,615616800.0
1.0621748,9.483053,1.1643167,8.420878,792.7959
35.33238,29.292082,1.4505483,6.0402966,17.095642
0.0,7.389459,1.822677,7.389459,738945900.0
14.819554,17.057276,3.8609977,2.2377214,15.099789
17.754725,11.196035,0.9955835,6.558689,36.94053
0.0,0.0,0.9888969,0.0,0.0
9.24314,4.0583024,0.9416131,5.184838,56.0939
0.0,0.0,1.2802762,0.0,0.0
0.0,3.9899507,1.2055988,3.9899507,398995070.0
7.3947783,6.1042795,1.2802583,1.2904987,17.451485
7.0083284,6.016154,1.8773485,0.9921746,14.157079
5.520483,5.4613686,0.9472487,0.059114456,1.0708203
13.334683,14.004503,1.5173589,0.66981983,5.02314
7.3963084,6.9277306,2.40902,0.46857786,6.335294
0.57103133,8.266809,1.1340479,7.695778,1347.698
96.23904,139.65543,2.5230324,43.41639,45.11308
0.0,2.7182474,1.1871226,2.7182474,271824740.0
12.9043865,8.588936,1.3221705,4.3154507,33.441734
8.424316,5.7967944,2.938269,2.627522,31.189735
0.0,5.1837234,1.6275452,5.1837234,518372320.0
0.0,7.1522503,1.4626327,7.1522503,715225000.0
0.0,1.829285,1.5210068,1.829285,182928500.0
0.0,0.0,1.2965692,0.0,0.0
9.644984,11.04332,2.045616,1.3983355,14.498058
0.0,0.14682245,1.0591542,0.14682245,14682245.0
0.0,2.4315867,1.9570762,2.4315867,243158670.0
10.952003,7.8790956,1.2607646,3.072907,28.057947
0.0,0.0,1.2545604,0.0,0.0
8.991042,6.614713,2.098289,2.376329,26.42996
13.199397,15.718628,1.576192,2.5192308,19.085953
127.899635,107.108696,4.840897,20.79094,16.255669
8.096994,8.815016,3.68319,0.7180214,8.867752
11.205582,10.696976,1.3022162,0.50860596,4.5388627
0.0,0.0,2.3171296,0.0,0.0
3.3117568,10.332342,1.1361835,7.020585,211.98976
0.0,0.0,1.3604761,0.0,0.0
8.205944,6.847037,1.6125423,1.3589072,16.560034
24.499392,17.710356,2.4840143,6.789036,27.711039
135.75539,137.52667,3.0466878,1.771286,1.304763
0.0,2.2032435,1.0405668,2.2032435,220324350.0
0.0,4.9691114,1.2808117,4.9691114,496911140.0
7.128105,10.389114,1.9881029,3.2610092,45.74861
11.71177,10.251068,5.116223,1.460702,12.472085
0.0,10.118015,1.1531332,10.118015,1011801540.0
0.0,0.033688188,1.6535279,0.033688188,3368818.8
11.429242,12.215479,2.2546,0.78623676,6.8791676
8.865385,6.4562287,1.5240016,2.4091563,27.174864
17.047523,10.741938,1.7938856,6.305586,36.98828
19.14147,5.6106324,3.409821,13.530838,70.6886
0.0,7.8907595,1.2386618,7.8907595,789075900.0
0.0,2.553986,1.2535398,2.553986,255398610.0
0.0,5.6379986,1.1395854,5.6379986,563799900.0
8.355862,6.8800364,2.9403987,1.4758253,17.662157
0.0,5.7161236,1.6077394,5.7161236,571612350.0
16.735025,6.710013,1.0863872,10.025013,59.904377
47.489902,12.353947,1.2941412,35.135956,73.98616
0.0,0.0,1.2499216,0.0,0.0
5.6211543,5.393734,1.2860532,0.22742033,4.045794
8.343993,6.7456794,1.7855672,1.5983138,19.155262
0.0,6.6131234,1.6517326,6.6131234,661312300.0
0.0,0.0,1.3612274,0.0,0.0
14.7625675,8.073818,1.3423094,6.6887493,45.30885
0.0,0.0,2.3597615,0.0,0.0
0.0,5.9960933,1.2364964,5.9960933,599609340.0
153.474,144.81386,1.587564,8.660141,5.6427417
27.009525,22.131678,1.3696679,4.8778477,18.05973
26.372055,21.784258,1.2645019,4.587797,17.396435
1.2262293,8.431963,1.2393914,7.205734,587.6335
10.505819,13.643909,1.3048989,3.1380901,29.870018
0.0,0.0,1.3161948,0.0,0.0
0.113020316,3.9139857,1.9114715,3.8009653,3363.0815
32.525017,23.573803,1.5392021,8.951214,27.521013
0.0,3.307591,1.5155069,3.307591,330759100.0
30.36664,27.534006,4.2805514,2.832634,9.328112
8.069802,8.849892,2.1960645,0.7800894,9.666772
0.0,2.6221738,1.0592054,2.6221738,262217380.0
16.434214,8.734961,1.2963992,7.699253,46.848927
0.0,0.16000628,1.1491143,0.16000628,16000629.0
34.28007,19.696684,1.1337308,14.583387,42.54188
6.430957,11.554239,1.6299423,5.1232824,79.66595
4.1815095,6.5011644,1.432665,2.319655,55.474106
6.848346,6.035506,2.2267678,0.81284046,11.869149
0.0,3.9683852,1.004461,3.9683852,396838530.0
21.307178,17.166948,1.2899035,4.14023,19.43115
8.787752,19.183289,1.4499788,10.395536,118.29573
0.0,1.5655096,0.9100862,1.5655096,156550940.0
0.0,4.786094,1.2293802,4.786094,478609400.0
31.937746,9.272446,1.3310107,22.6653,70.967125
0.0,5.365283,1.1007226,5.365283,536528320.0
6.666258,8.942631,1.6499417,2.276373,34.14769
4.5412173,10.779114,4.1571565,6.2378964,137.36177
0.0,1.619847,1.0563582,1.619847,161984700.0
13.719526,11.795891,5.307132,1.9236355,14.021152
10.320349,11.845341,1.3768355,1.524992,14.776556
54.2061,47.22761,2.627338,6.978489,12.873992
9.834088,9.845709,1.0465727,0.011620522,0.118165724
0.0,6.851133,1.4462929,6.851133,685113300.0
14.414394,13.432161,5.360638,0.98223305,6.8142514
3.7406228,5.106164,2.1066067,1.3655412,36.50572
0.0,0.0,2.3119602,0.0,0.0
5.783321,11.063871,1.6845282,5.2805505,91.30655
0.0,0.0,2.8400335,0.0,0.0
0.0,2.4679875,0.9890338,2.4679875,246798750.0
0.0,0.0,1.0774978,0.0,0.0
0.0,0.0,1.0017229,0.0,0.0
0.0,0.01575303,1.2094932,0.01575303,1575303.1
0.0,0.0,2.4019349,0.0,0.0
0.0,4.0155864,1.1393653,4.0155864,401558620.0
0.0,1.9381356,1.1420456,1.9381356,193813570.0
1.660075,4.835874,1.6502988,3.1757991,191.30457
0.0,0.0,1.3087062,0.0,0.0
78.54012,82.48851,3.1512907,3.9483871,5.027223
0.0,3.1766837,0.9751183,3.1766837,317668350.0
0.0,4.277486,1.2123103,4.277486,427748600.0
9.554152,12.961315,1.4867607,3.4071636,35.661606
9.401023,10.036726,1.7898066,0.6357031,6.762063
2.6849105,6.0087624,0.9829403,3.3238518,123.79749
0.0,0.22230005,1.08439,0.22230005,22230006.0
0.0,7.30011,1.1861928,7.30011,730011000.0
6.1768303,5.3063684,1.1833941,0.87046194,14.092373
0.0,1.075451,1.0334903,1.075451,107545100.0
0.0,0.0,1.6507455,0.0,0.0
0.0,0.0,2.1453567,0.0,0.0
0.0,1.0829563,1.2443148,1.0829563,108295630.0
9.757268,13.30467,1.1241182,3.5474024,36.356514
6.9667935,8.341533,1.4784325,1.3747392,19.73274
0.0,2.205638,0.96207434,2.205638,220563790.0
21.891302,17.869446,1.3722132,4.0218563,18.371937
0.0,0.0,1.1974936,0.0,0.0
10.011035,9.107232,5.035259,0.9038029,9.028067
109.07105,108.85594,4.582958,0.21511078,0.19722077
7.2090445,2.8204865,2.1575906,4.388558,60.875725
0.0,2.5724335,1.3243103,2.5724335,257243340.0
0.0,0.98795867,1.0826411,0.98795867,98795870.0
6.0741215,5.573629,1.2864447,0.5004926,8.239752
23.220896,21.856089,1.7911425,1.3648071,5.877496
7.2333713,4.1777644,1.2665975,3.0556068,42.24319
14.455873,7.21662,1.5689535,7.2392526,50.07828
3.2113724,7.136165,1.1424773,3.9247928,122.21544
33.32291,27.781778,1.6377382,5.541132,16.628595
0.0,5.6353135,1.209121,5.6353135,563531400.0
0.0,0.0,1.4516792,0.0,0.0
6.8711214,6.934397,4.377851,0.063275814,0.920895
25.429197,17.790009,2.034322,7.639189,30.041014
0.0,0.0,2.5247188,0.0,0.0
7.285611,6.686642,2.4763978,0.598969,8.221259
185.46921,147.49069,2.1754763,37.978516,20.476992
0.0,4.087725,1.3992755,4.087725,408772500.0
3.432579,0.9160156,1.0476665,2.5165634,73.31407
12.6324215,10.348043,1.6889796,2.284378,18.083454
0.0,0.3879261,1.3775529,0.3879261,38792612.0
18.947176,22.337946,1.2543551,3.39077,17.895912
0.92100406,7.446886,1.0244445,6.525882,708.5617
0.0,4.8484206,1.0513349,4.8484206,484842080.0
12.268191,12.62191,1.7416631,0.35371876,2.8832185
0.0,8.7470455,1.630387,8.7470455,874704500.0
0.0,6.7047296,1.1262236,6.7047296,670472960.0
30.88618,34.221947,3.125496,3.3357658,10.800189
4.113096,4.5356874,2.1245487,0.4225912,10.274284
0.0,0.0,1.5291524,0.0,0.0
0.0,5.2357297,1.1729814,5.2357297,523573000.0
94.31855,71.352455,1.686858,22.966095,24.349499
58.21068,52.520245,1.4674321,5.6904335,9.775583
7.6987505,5.3899226,1.7085888,2.3088279,29.989643
0.0,0.0,1.8702624,0.0,0.0
0.0,14.608091,1.3683242,14.608091,1460809100.0
0.0,6.0628295,1.2432728,6.0628295,606282940.0
0.0,7.5972915,1.2301464,7.5972915,759729150.0
88.26706,108.281715,2.2021103,20.014656,22.675114
12.875553,13.771433,2.6920455,0.89587975,6.95799
0.0,1.5597152,0.9706306,1.5597152,155971520.0
0.0,0.6477051,1.2038605,0.6477051,64770508.0
0.0,4.187723,1.2191805,4.187723,418772320.0
0.0,0.0,1.0667623,0.0,0.0
10.841154,5.478596,0.9828821,5.362558,49.464825
7.7467017,6.033665,1.082864,1.7130365,22.113108
0.0,0.0,1.3261476,0.0,0.0
28.361101,11.857756,1.8754278,16.503345,58.190075
5.0177464,9.359949,4.978773,4.3422027,86.53691
0.0,2.6798577,1.2332714,2.6798577,267985780.0
7.607133,8.530258,2.1729748,0.92312527,12.134996
11.231156,5.087801,0.9630245,6.1433554,54.699223
4.249444,5.1703663,1.510165,0.9209223,21.671595
6.1291556,8.959538,1.9608452,2.8303828,46.178997
0.0,0.0,2.8327117,0.0,0.0
0.0,0.0,1.1920042,0.0,0.0
0.0,7.0281425,1.1822265,7.0281425,702814300.0
1.7820667,1.1508595,2.2343738,0.6312072,35.419956
0.119038925,5.83841,1.6045325,5.719371,4804.622
0.0,0.0,1.5169799,0.0,0.0
0.0,0.0,1.5681698,0.0,0.0
1.2710289,0.8932713,1.9033072,0.37775755,29.720613
0.0,4.2712708,1.4020017,4.2712708,427127070.0
10.565114,8.670294,1.0674343,1.8948202,17.934689
11.145288,12.139299,1.8423198,0.9940109,8.918665
6.187303,5.8438354,2.3374836,0.3434677,5.55117
0.46121016,8.90826,5.4073606,8.44705,1831.497
7.2942147,6.7928886,2.407749,0.5013261,6.872927
6.825801,11.84483,1.1433234,5.0190287,73.53025
6.7919607,5.0191793,0.97408295,1.7727814,26.101171
0.0,0.6040969,1.2535945,0.6040969,60409692.0
0.0,3.6762516,0.9481745,3.6762516,367625150.0
7.429918,7.010711,1.0368797,0.41920662,5.6421432
7.1286497,9.997143,1.4914678,2.868493,40.23894
30.590218,31.574251,1.4243761,0.9840336,3.2168243
1.6391288,8.489742,1.0453783,6.8506136,417.94235
4.682702,10.026409,1.1140813,5.343707,114.11589
0.0,4.308041,1.3281165,4.308041,430804100.0
3.317075,6.3074064,1.3349115,2.9903314,90.14965
2.1662886,5.8399367,1.270702,3.673648,169.58258
7.3535438,7.3197036,1.5887458,0.03384018,0.46018872
0.0,0.8332324,1.8310275,0.8332324,83323240.0
0.0,5.956749,1.1430213,5.956749,595674940.0
0.0,3.819706,1.1528908,3.819706,381970600.0
0.0,3.817466,1.2903538,3.817466,381746620.0
1.5968813,9.346533,1.1737413,7.7496514,485.29916
0.0,8.532627,1.0127647,8.532627,853262700.0
8.80504,8.46144,1.1253104,0.34360027,3.9023135
10.730996,5.9896774,1.3772628,4.7413187,44.1834
0.0,0.0,1.1425732,0.0,0.0
0.45411196,6.634853,1.222665,6.180741,1361.061
28.092735,9.837631,1.289002,18.255104,64.98158
9.903273,14.385313,2.0873055,4.4820404,45.258175
11.437396,14.88208,2.7751567,3.444684,30.117731
4.1316347,6.8318872,5.15444,2.7002525,65.35555
0.0,6.9965787,1.125507,6.9965787,699657900.0
0.0,0.0,1.2457985,0.0,0.0
5.6303596,3.7658305,1.8368568,1.8645291,33.11563
5.3393464,6.6471944,1.1076493,1.307848,24.494532
74.61876,77.008156,2.0825937,2.3893967,3.2021394
4.4529905,8.578987,1.1362842,4.1259966,92.65676
0.0,4.5338874,1.2930205,4.5338874,453388740.0
0.0,0.46415222,1.0705906,0.46415222,46415224.0
40.93157,43.636997,1.5432279,2.705429,6.6096396
7.2436805,5.3945045,1.4609468,1.8491759,25.528126
9.469458,4.6211147,1.1833755,4.848343,51.199795
8.762822,11.376644,1.8341368,2.613822,29.82854
2.5519671,9.457304,1.3722591,6.905337,270.58878
10.189504,9.879202,4.9478064,0.31030178,3.045308
13.31466,6.8433423,0.96600664,6.471318,48.60295
0.0,0.0,0.993709,0.0,0.0
0.0,5.393041,3.6135566,5.393041,539304100.0
11.256409,11.753466,2.1860418,0.49705696,4.4157686
0.0,6.222243,1.044493,6.222243,622224300.0
0.0,1.5180888,1.2652061,1.5180888,151808880.0
27.00552,13.07695,1.5254626,13.92857,51.576748
2.8672986,5.3706255,1.1385916,2.503327,87.30611
5.396455,7.599655,2.3628447,2.2032003,40.82681
24.409725,7.6692953,1.1210998,16.740429,68.58098
0.0,5.620098,1.4880949,5.620098,562009860.0
8.645002,6.98344,1.6125896,1.6615624,19.21992
0.0,1.7954868,0.9562997,1.7954868,179548670.0
0.0,0.5170293,1.1881553,0.5170293,51702930.0
0.0,2.2481341,1.5806485,2.2481341,224813420.0
9.685899,10.222851,1.5473418,0.536952,5.543647
8.9650545,3.9434056,3.8012338,5.021649,56.013588
10.407416,7.811779,1.4604957,2.5956373,24.940266
0.0,6.311686,1.5120186,6.311686,631168600.0
0.0,0.0,0.9855061,0.0,0.0
0.0,0.26007843,1.7149451,0.26007843,26007844.0
13.971537,13.491499,1.4789053,0.4800377,3.435826
12.757526,8.401539,1.5429949,4.3559875,34.14445
15.738301,14.571661,5.36766,1.1666403,7.412746
13.294761,9.7215805,1.147705,3.5731802,26.876604
14.16459,9.084253,1.7683129,5.0803366,35.86646
17.766254,7.885581,1.0838931,9.880673,55.614838
0.0,0.0,1.6653774,0.0,0.0
0.0,4.3433046,1.7747858,4.3433046,434330460.0
10.661889,3.5226912,1.4660276,7.139198,66.95998
0.0,1.9035903,1.0356778,1.9035903,190359040.0
9.422915,10.372902,2.2052295,0.94998646,10.081661
0.0,4.3809233,1.0867682,4.3809233,438092320.0
0.0,0.0,1.3091869,0.0,0.0
0.0,5.2074237,3.7807853,5.2074237,520742370.0
0.0,0.0,1.9058373,0.0,0.0
0.0,6.7355905,1.4665304,6.7355905,673559040.0
32.057037,6.2308736,1.1868768,25.826164,80.56316
13.827524,16.965706,1.1643387,3.1381817,22.695183
22.821684,20.129107,1.8157468,2.6925774,11.798329
0.0,0.5734458,2.5210068,0.5734458,57344580.0
8.239966,8.210192,1.4069756,0.029774666,0.36134452
4.4068336,4.5419636,1.2324901,0.13512993,3.0663724
0.0,2.6877491,1.2088441,2.6877491,268774900.0
13.969789,8.956966,1.4566432,5.012822,35.88331
0.0,0.7527008,1.3461752,0.7527008,75270080.0
10.647444,9.591965,4.4453144,1.055479,9.912981
7.399213,4.642763,1.1524383,2.7564497,37.25328
5.596655,8.065905,3.1271234,2.4692497,44.1201
10.394856,10.315847,1.1117187,0.079009056,0.7600784
0.0,1.6366272,2.5747564,1.6366272,163662720.0
8.327647,4.536383,1.2662994,3.791264,45.526234
12.039681,6.1088567,1.0058292,5.9308248,49.260643
34.400993,15.858961,0.9869614,18.542032,53.8997
0.0,10.04332,5.291704,10.04332,1004331970.0
0.2837497,7.9062543,2.0459278,7.6225047,2686.3481
137.54018,137.75688,1.4484699,0.21670532,0.15755783
23.654095,18.032217,1.4664115,5.6218777,23.767036
8.700694,8.864716,4.4876456,0.16402149,1.8851541
27.077612,9.04758,1.2005049,18.030033,66.586494
25.346436,36.764282,1.2906345,11.417847,45.04715
8.343478,5.1968102,1.0981307,3.146668,37.714104
0.0,0.4808185,1.1220411,0.4808185,48081852.0
0.087092385,6.271257,1.4675809,6.1841645,7100.695
0.0,3.1423688,1.0937685,3.1423688,314236860.0
0.0,5.2451057,1.315309,5.2451057,524510560.0
0.0,1.0232005,1.220308,1.0232005,102320056.0
0.0,0.0,1.343293,0.0,0.0
2.5895813,5.5093246,1.0112324,2.9197433,112.74963
10.660798,11.343466,1.5738372,0.68266773,6.4035325
7.03166,18.81757,1.4362524,11.78591,167.61205
0.0,1.8509598,1.0439706,1.8509598,185095980.0
10.498077,7.393369,2.1461751,3.1047082,29.574064
125.16603,151.53798,2.8632905,26.371948,21.069572
1.7822313,0.0,3.8476272,1.7822313,100.0
20.189825,12.718334,1.192253,7.471491,37.00622
8.883609,5.7747116,3.4374647,3.1088972,34.99588
3.3317869,6.1887784,5.1268024,2.8569915,85.74953
21.6412,15.997793,1.1152833,5.643406,26.07714
6.6358414,3.604998,1.0538301,3.0308433,45.673836
86.6139,101.34141,3.567337,14.727509,17.003632
6.9977255,5.2281823,2.4939694,1.7695432,25.287405
0.0,1.4078026,1.2752637,1.4078026,140780260.0
0.0,1.2395921,1.1806662,1.2395921,123959210.0
0.0,5.041715,1.1793336,5.041715,504171520.0
15.7189455,10.253336,1.2027057,5.4656096,34.770844
9.127313,6.947823,1.0298055,2.1794896,23.878765
17.868038,12.278456,1.4795642,5.5895824,31.282576
7.103755,10.285646,1.0299473,3.1818914,44.791683
9.9983425,6.658917,0.96550596,3.3394256,33.39979
0.0,1.0716958,1.0120658,1.0716958,107169576.0
0.0,1.2006269,1.0005875,1.2006269,120062680.0
34.459698,29.247543,1.4764115,5.2121544,15.125363
0.0,6.501135,1.1081985,6.501135,650113500.0
31.591267,18.599125,1.283172,12.992142,41.125736
0.0,0.97263014,4.0297933,0.97263014,97263016.0
24.197683,4.591915,1.2390583,19.605768,81.02332
4.486211,3.8580728,1.5477694,0.62813807,14.001528
5.496188,8.657822,1.9927888,3.1616335,57.524117
7.1385064,7.6775193,1.0865303,0.5390129,7.55078
3.615509,5.8722596,2.4539378,2.2567506,62.418613
8.162428,12.997873,2.094843,4.8354454,59.240284
11.150291,8.83149,2.2146845,2.3188019,20.795885
10.15811,8.802082,1.0068158,1.3560276,13.349212
33.163807,7.526973,1.2127768,25.636833,77.30365
18.313923,11.165234,4.9694734,7.1486893,39.034176
3.3184533,2.9142003,1.2700548,0.404253,12.181971
13.812279,8.305843,1.1501421,5.5064354,39.866234
0.65012497,5.461525,1.0298251,4.8114,740.07306
4.6636133,9.054323,5.3958263,4.39071,94.14824
0.0,7.1122603,3.7450392,7.1122603,711226000.0
12.29182,12.72267,1.6327478,0.43085003,3.505177
0.0,0.780324,2.1099172,0.780324,78032390.0
5.8976736,3.3396697,2.1450498,2.558004,43.3731
36.990234,22.621145,1.91231,14.369089,38.84563
12.258028,13.536461,1.8855134,1.2784328,10.429352
87.658585,84.93077,2.4508343,2.7278137,3.1118615
8.197216,5.0941615,1.8234125,3.1030545,37.85498
9.272325,5.0715604,1.0896076,4.200764,45.304325
0.0,4.283956,1.1125325,4.283956,428395620.0
0.0,0.0,0.9478898,0.0,0.0
6.661338e-14,6.992095,1.1333362,6.992095,699209500.0
9.652574,5.826788,1.483469,3.8257856,39.634876
0.0,1.4130278,1.4806731,1.4130278,141302780.0
0.0,0.0,1.4278094,0.0,0.0
25.979385,15.100029,1.1688373,10.879356,41.87688
8.867475,4.3129435,0.982424,4.554531,51.362213
58.287567,54.197155,1.6831877,4.090412,7.0176406
0.0,0.936203,1.7256317,0.936203,93620300.0
6.6333995,7.8157873,5.2822337,1.1823878,17.824764
5.0756783,13.27536,1.2985352,8.199682,161.5485
0.0,0.0,1.8630571,0.0,0.0
4.629043,3.2686403,1.140636,1.3604028,29.388424
0.0,0.14594793,1.1020871,0.14594793,14594793.0
4.8597507,5.1360564,3.8369896,0.27630568,5.6855936
0.0,0.0,1.2019665,0.0,0.0
0.0,7.455395,4.9092846,7.455395,745539600.0
0.0,0.7628332,1.1819443,0.7628332,76283320.0
14.696203,9.235315,1.509177,5.460888,37.158497
14.318753,17.905869,4.029242,3.5871153,25.051868
0.0,0.0,1.201288,0.0,0.0
6.5391245,3.0013127,2.8054113,3.5378118,54.102226
38.485367,40.509785,1.2368944,2.0244179,5.2602277
11.817606,13.350739,5.2636642,1.5331326,12.973293
7.444227,3.4106572,1.0704544,4.0335703,54.18387
0.0,9.888052,1.7172914,9.888052,988805200.0
3.6800435,8.02568,1.2769444,4.3456364,118.08655
12.200069,8.137817,2.2360804,4.062252,33.29696
11.897431,14.212259,1.1155492,2.314828,19.456535
7.7150216,4.4840064,0.955779,3.2310152,41.879536
10.403565,11.176891,1.5462357,0.7733259,7.433278
0.0,0.0,1.2515616,0.0,0.0
0.0,0.0,1.175048,0.0,0.0
0.0,9.5912285,1.3577831,9.5912285,959122900.0
10.571012,9.28993,2.974707,1.2810812,12.118814
0.0,7.464147,3.255604,7.464147,746414700.0
11.302171,5.8841624,1.04443,5.4180083,47.937767
2.7878866,6.617703,3.060903,3.8298163,137.37346
11.773201,11.103514,1.186966,0.6696873,5.6882343
0.0,0.0,0.95154494,0.0,0.0
12.106098,6.1830163,1.1308831,5.923082,48.92643
4.463646,3.919626,2.2354474,0.54401994,12.187793
0.0,2.2139764,1.2329156,2.2139764,221397650.0
43.263023,39.416077,1.6842831,3.8469467,8.891997
0.0,6.677671,1.1333766,6.677671,667767100.0
8.72477,5.667186,1.1168768,3.0575838,35.04487
18.670053,16.443695,1.3255404,2.2263584,11.924756
48.390152,9.795414,1.2307464,38.594738,79.75742
0.0,2.4618328,1.2170392,2.4618328,246183280.0
3.4204762,6.2659335,2.7576697,2.8454573,83.18893
13.74627,12.145639,5.3787246,1.6006308,11.64411
7.0431247,6.173597,1.397127,0.8695278,12.345768
0.0,0.92799926,1.2302659,0.92799926,92799930.0
0.0,0.64501977,1.0808365,0.64501977,64501976.0
8.917869,6.420305,1.1285626,2.4975638,28.006287
12.102334,14.300785,1.2922179,2.198451,18.165514
0.0,5.236046,1.0708436,5.236046,523604600.0
0.5680187,3.1989214,1.4396083,2.6309028,463.17188
10.310634,8.909659,4.278832,1.4009743,13.587665
6.57419,6.8276696,2.3454864,0.25347948,3.8556762
0.0,1.8344827,1.4839208,1.8344827,183448270.0
12.29322,12.363852,5.3973556,0.07063198,0.57456046
0.0,8.9264345,5.408969,8.9264345,892643460.0
11.986133,16.115456,1.1406419,4.129323,34.450836
9.534773,9.317642,1.6193805,0.21713066,2.2772505
10.773465,5.7969937,1.0596906,4.9764714,46.19193
0.0,0.9351406,1.4993935,0.9351406,93514060.0
0.0,2.240993,1.0211195,2.240993,224099310.0
1.0542709,7.728606,2.1377957,6.6743355,633.0759
0.0,0.0,2.3396275,0.0,0.0
3.1547465,10.880299,1.1613904,7.725552,244.88663
6.4526,5.6350946,1.0545131,0.81750536,12.6693945
22.286005,4.6483126,1.3310387,17.637691,79.142456
13.985647,9.27286,1.8165402,4.7127876,33.697315
0.0,0.8556876,2.9227653,0.8556876,85568760.0
0.0,0.4144919,1.274865,0.4144919,41449188.0
0.0,9.34034,5.0010786,9.34034,934033900.0
0.0,3.5403214,1.2945125,3.5403214,354032130.0
0.59574556,5.4935403,1.0083339,4.8977947,822.1286
0.0,5.72579,0.9890068,5.72579,572579000.0
0.0,2.2599735,0.9511991,2.2599735,225997340.0
6.756948,4.3789616,1.261858,2.3779864,35.193203
118.37768,36.911182,1.8826004,81.46649,68.81914
0.0,5.058186,0.95938027,5.058186,505818600.0
0.0,2.594812,1.2232304,2.594812,259481200.0
18.250854,12.555449,1.2988341,5.695406,31.206242
0.0,0.228683,1.2980468,0.228683,22868300.0
0.0,0.0,1.541444,0.0,0.0
8.042929,5.452427,1.1832901,2.5905018,32.20844
8.918173,12.14072,1.1703948,3.2225475,36.134617
14.358515,10.626638,1.0893546,3.7318764,25.990685
8.400553,5.2985687,1.1530439,3.101984,36.92595
0.0,0.0,1.2635754,0.0,0.0
7.1222787,9.24472,1.2276297,2.1224418,29.800037
13.359273,5.8161597,1.0754194,7.543113,56.4635
0.0,13.241085,5.218571,13.241085,1324108500.0
46.65566,47.754704,3.08255,1.0990448,2.3556516
19.07591,21.359594,4.673197,2.2836838,11.971559
14.7095375,8.703312,2.3432658,6.0062256,40.832184
14.486372,15.372084,4.8670917,0.88571167,6.114103
0.0,3.8094072,1.4346147,3.8094072,380940740.0
0.0,7.7713165,1.5549526,7.7713165,777131650.0
85.056114,71.722534,1.8733209,13.33358,15.676216
0.0,1.5451796,1.2348927,1.5451796,154517950.0
0.0,0.26280308,1.3005791,0.26280308,26280308.0
0.0,2.9247534,1.0401937,2.9247534,292475330.0
17.186493,14.146635,2.8051903,3.0398579,17.68748
30.734774,10.094822,2.552119,20.639952,67.155045
0.0,0.0,2.994894,0.0,0.0
0.0,3.0550604,1.1453602,3.0550604,305506050.0
0.0,0.0,1.2429674,0.0,0.0
9.150517,7.208211,1.420523,1.9423065,21.226192
0.0,0.0,1.4435947,0.0,0.0
11.074984,12.277405,2.4556391,1.2024212,10.857092
7.830214,10.799644,1.4479041,2.9694304,37.922726
76.39004,132.43477,1.4301878,56.04473,73.36655
11.945304,11.21298,3.380967,0.73232365,6.13064
0.037379183,11.837955,1.1077011,11.800576,31569.914
0.0,0.9675627,4.3990197,0.9675627,96756270.0
5.97709,6.0479093,1.3147283,0.07081938,1.1848471
1.9592817,7.264898,1.2148415,5.3056164,270.79395
0.0,0.0,1.1864581,0.0,0.0
3.1042295,5.259888,1.8949597,2.1556587,69.442635
4.0480666,4.4683833,2.8719285,0.4203167,10.383146
0.0,3.6517787,1.3551297,3.6517787,365177860.0
22.706865,8.443012,1.0635041,14.263853,62.817356
0.0,2.9653118,2.0030372,2.9653118,296531200.0
0.0,1.5331802,1.218531,1.5331802,153318030.0
0.0,0.42096138,1.1152551,0.42096138,42096140.0
24.08056,17.331251,4.791146,6.7493095,28.028042
0.0,0.0,1.1797402,0.0,0.0
11.8542,9.141723,1.1146649,2.7124777,22.881996
7.7223716,7.3751845,1.2544311,0.34718704,4.4958606
8.803785,14.397417,1.1165763,5.5936317,63.536667
5.6299496,4.514637,1.4683573,1.1153126,19.810347
3.5851176,7.9935994,3.5764754,4.4084816,122.96616
0.0,0.123678446,1.3820207,0.123678446,12367845.0
16.418972,9.546425,1.67617,6.872547,41.857353
0.0,4.553461,1.7160097,4.553461,455346100.0
0.0,2.8652358,1.2378947,2.8652358,286523600.0
22.166777,10.946766,1.4057658,11.220011,50.61634
0.0,0.0,1.2303534,0.0,0.0
0.0,0.0,1.0177507,0.0,0.0
17.930399,15.812738,1.6442536,2.1176605,11.810449
0.0,0.0,1.0416486,0.0,0.0
14.155101,19.492855,4.045163,5.3377542,37.709053
8.601562,3.58942,5.454015,5.012141,58.27013
0.0,14.781025,2.2896254,14.781025,1478102500.0
20.345675,12.970629,1.3376427,7.375046,36.248714
0.0,0.028954268,1.2374779,0.028954268,2895426.8
10.240646,9.191782,1.1812865,1.0488644,10.242169
0.0,2.150649,1.5876926,2.150649,215064910.0
9.756024,10.481993,1.9564314,0.72596836,7.4412313
0.0,13.981474,5.070985,13.981474,1398147300.0
0.0,1.3826008,2.327103,1.3826008,138260060.0
0.0,0.0,1.601574,0.0,0.0
20.919098,14.454784,1.8496476,6.4643135,30.901491
0.0,1.5433338,1.1682816,1.5433338,154333380.0
8.0495615,7.5242977,2.056166,0.5252638,6.5253716
6.868463,10.936205,1.7242777,4.067742,59.22347
9.6127825,3.1741204,2.1859183,6.438662,66.98021
94.227936,97.153946,4.259705,2.9260101,3.105247
8.990181,8.764139,1.2245861,0.2260418,2.5143187
12.26737,14.048817,4.59254,1.7814465,14.521829
9.560688,9.403988,1.1338737,0.15670013,1.6390048
7.085432,6.576813,1.2108707,0.50861883,7.178375
12.263559,4.1541634,5.45284,8.109396,66.12595
1.0773821,6.62935,1.1751478,5.551968,515.32025
0.0,11.190712,1.1169461,11.190712,1119071200.0
0.0,4.2492194,1.1398566,4.2492194,424921950.0
10.34286,9.681177,4.883871,0.6616831,6.397486
0.0,4.393422,0.9680963,4.393422,439342240.0
6.160595,3.39855,1.271972,2.762045,44.83406
0.0,9.0064335,1.751363,9.0064335,900643400.0
0.0,0.0,1.0679256,0.0,0.0
0.0,2.2462344,1.166719,2.2462344,224623440.0
0.0,0.06711841,1.6965941,0.06711841,6711840.5
5.378305,6.8839135,2.3389854,1.5056086,27.994108
22.094809,12.460115,1.1557865,9.634693,43.60614
0.0,4.2208514,1.5931355,4.2208514,422085150.0
0.0,0.0,1.3184463,0.0,0.0
7.8431053,13.178255,2.691291,5.33515,68.02343
6.9124637,4.666559,1.5862004,2.2459044,32.49065
0.0,0.0,1.8551162,0.0,0.0
0.0,0.18480194,1.2196927,0.18480194,18480194.0
28.138819,24.745512,1.4854478,3.3933067,12.059166
6.733248,14.891975,1.1197814,8.158728,121.17075
7.75945,19.984488,4.792755,12.225038,157.55031
7.85307,10.906214,4.946011,3.053144,38.87835
0.0,5.7621417,1.466563,5.7621417,576214140.0
0.0,0.0,1.5085652,0.0,0.0
0.0,7.203387,2.6091027,7.203387,720338700.0
16.898182,7.673938,0.96731776,9.224244,54.5872
14.821317,14.518759,1.331934,0.30255795,2.0413702
52.218533,52.68061,4.875205,0.4620781,0.88489294
0.0,3.4945536,1.1181484,3.4945536,349455360.0
5.6028414,10.241804,1.523966,4.6389627,82.79661
7.471923,6.7279453,1.1620283,0.74397755,9.956975
13.148242,10.052446,4.9535275,3.0957956,23.545319
12.580774,10.658287,1.4533063,1.9224873,15.281152
0.0,0.0,1.4620404,0.0,0.0
11.957503,10.621849,4.872465,1.3356543,11.17001
2.00183,0.0,2.3904393,2.00183,100.0
0.0,4.8812203,2.1477993,4.8812203,488122050.0
15.659567,13.154644,1.1394942,2.5049229,15.996118
0.0,0.0,2.0825388,0.0,0.0
18.440262,9.579544,1.1654619,8.860718,48.050934
0.0,0.9402292,1.2132894,0.9402292,94022920.0
0.0,0.0,1.0760533,0.0,0.0
0.0,4.9984884,1.0788909,4.9984884,499848830.0
0.0,1.835382,1.3202548,1.835382,183538190.0
0.0,4.227458,1.6553701,4.227458,422745800.0
0.0,6.6971087,1.0575439,6.6971087,669710850.0
0.0,0.0,1.0995089,0.0,0.0
0.0,2.466155,1.0888214,2.466155,246615500.0
3.452941,15.840628,1.3424507,12.387687,358.75757
0.0,0.0,1.7603542,0.0,0.0
1.8090572,7.069158,1.1825056,5.260101,290.76474
0.0,9.173689,1.6136318,9.173689,917368900.0
8.881784e-14,5.3603983,2.040589,5.3603983,536039870.0
6.120551,10.846144,4.723856,4.7255926,77.20861
0.0,4.3209376,1.033982,4.3209376,432093760.0
4.1946187,6.185089,1.2399646,1.9904704,47.452953
0.0,3.2211103,2.5270185,3.2211103,322111000.0
86.702484,88.114426,4.692579,1.4119415,1.6284903
3.1831331,7.421942,1.2982128,4.238809,133.16469
0.0,3.8503833,2.2467473,3.8503833,385038340.0
0.0,0.10010874,1.0157012,0.10010874,10010874.0
9.890977,5.8179717,0.93190897,4.073005,41.178997
8.7914915,9.124014,1.9801987,0.3325224,3.7823205
3.4773335,2.5999787,2.6722395,0.87735486,25.23068
6.529367,4.1805425,1.229568,2.3488245,35.973232
32.341667,15.783178,1.3661779,16.558489,51.198624
0.0,0.0,1.3337114,0.0,0.0
0.0,1.8735578,1.3232961,1.8735578,187355780.0
0.0,0.0,1.0563384,0.0,0.0
10.768882,9.005269,3.3713226,1.7636127,16.376934
4.440892e-14,4.3504934,1.5232624,4.3504934,435049340.0
13.656745,10.794508,1.5134729,2.862237,20.958412
0.0,0.9699507,1.1375836,0.9699507,96995070.0
3.8440168,4.5281324,1.0502294,0.68411565,17.796896
5.7750816,7.437224,2.1541235,1.6621423,28.781279
12.717041,5.9054456,3.5098236,6.8115954,53.56274
0.0,5.137449,1.3478701,5.137449,513744860.0
5.405207,4.4349804,1.0657972,0.97022676,17.949854
79.81836,76.44383,4.8537083,3.374527,4.227758
13.280652,8.271784,1.4514769,5.008868,37.715527
0.0,5.5970063,1.251922,5.5970063,559700600.0
0.0,5.6498685,1.0337412,5.6498685,564986900.0
51.619953,45.1988,4.759825,6.421154,12.439287
178.59045,147.50542,1.7866206,31.085037,17.405766
16.959566,17.597658,1.9145981,0.63809204,3.7624314
0.0,5.7977357,1.3649502,5.7977357,579773600.0
0.0,2.115809,1.223804,2.115809,211580900.0
12.139838,6.7109137,1.0466455,5.4289246,44.71991
6.9616356,4.1741586,1.4817529,2.787477,40.04055
0.0,5.7305923,2.4324143,5.7305923,573059200.0
0.0,9.484487,5.113004,9.484487,948448640.0
2.2519882,7.1927524,1.0478867,4.9407644,219.39566
12.585592,9.636078,1.275236,2.9495144,23.435642
0.0,0.59221315,1.138466,0.59221315,59221310.0
0.0,5.873194,1.1554548,5.873194,587319400.0
9.144477,6.473992,1.828884,2.670485,29.203255
8.207352,7.7592363,1.9961827,0.44811535,5.459926
0.0,5.2261577,1.3277402,5.2261577,522615780.0
6.5102596,17.68309,5.135436,11.172831,171.61882
3.7800696,4.3343043,1.0473497,0.55423474,14.6620245
0.0,2.2398362,1.494592,2.2398362,223983630.0
0.0,6.8414254,1.1114758,6.8414254,684142500.0
13.114121,8.224798,1.0732499,4.889323,37.282887
1.2933191,5.4708037,2.206887,4.1774845,323.0049
38.61287,22.388529,1.1475629,16.22434,42.017963
10.7352085,7.8059688,1.5055764,2.9292397,27.286287
19.331034,8.81407,1.1884362,10.516964,54.40456
3.5675867,8.145088,1.0734481,4.5775013,128.30806
8.881784e-14,6.229453,1.1869154,6.229453,622945340.0
0.0,7.3557496,1.7578956,7.3557496,735575000.0
0.0,2.8667889,1.1236591,2.8667889,286678880.0
5.3610625,5.33247,1.4519867,0.028592587,0.53333807
9.415826,7.7559786,1.0723271,1.6598473,17.628271
17.322205,12.779108,1.0408427,4.5430965,26.22701
9.682607,8.427675,5.0553155,1.2549314,12.960678
4.0337486,10.379072,1.5106896,6.3453236,157.30588
8.767009,7.107918,1.2280461,1.659091,18.924253
0.0,0.95515823,1.2912138,0.95515823,95515820.0
0.0,0.0,1.7912745,0.0,0.0
0.0,2.16142,1.4420375,2.16142,216142020.0
0.0,2.591434,1.3221979,2.591434,259143410.0
0.0,0.0,1.443308,0.0,0.0
0.0,0.0,1.2999189,0.0,0.0
8.742158,7.134526,1.1281028,1.6076322,18.38942
0.0,3.194248,2.7610304,3.194248,319424800.0
0.0,7.8249397,1.4347031,7.8249397,782493950.0
8.454195,8.588821,1.8768933,0.13462639,1.5924212
0.0,7.0569253,1.3173674,7.0569253,705692500.0
10.8921,10.577639,2.2702973,0.3144617,2.887062
5.0043855,6.2037535,1.3724989,1.199368,23.96634
0.0,8.0066185,1.271357,8.0066185,800661900.0
6.350924,9.491407,1.142155,3.1404834,49.449234
31.267084,27.02557,1.242246,4.241514,13.56543
11.741779,7.094781,2.0578089,4.6469984,39.57661
9.993193,11.709547,2.4412334,1.7163544,17.175236
12.541774,15.579264,2.687029,3.03749,24.218983
12.831663,7.3885837,1.0958965,5.4430795,42.419125
10.9715185,12.382034,1.304545,1.4105158,12.856158
8.727722,4.2761636,1.0536962,4.4515586,51.004814
0.0,1.9159309,1.1149112,1.9159309,191593090.0
10.231119,9.290676,2.525981,0.94044304,9.191986
14.681227,12.656933,4.918489,2.024294,13.788315
52.54994,53.010777,2.6662161,0.46083832,0.8769531
3.8244174,6.926273,1.6366163,3.1018555,81.10661
35.459587,6.8819075,1.2161433,28.577679,80.59225
0.0,5.339464,1.1795745,5.339464,533946400.0
12.535692,10.234798,5.2422934,2.3008938,18.354742
13.137086,5.802625,0.9539653,7.3344607,55.830193
0.0,0.0,2.9553304,0.0,0.0
0.0,4.648865,1.3673774,4.648865,464886530.0
14.91711,12.430473,1.6837367,2.486637,16.669697
15.422511,12.543842,1.1817473,2.8786688,18.66537
16.384737,10.35449,5.33485,6.0302467,36.80405
0.0,2.0367918,1.6169553,2.0367918,203679180.0
4.21493,3.751224,1.3043258,0.46370602,11.001512
0.0,0.0,1.1492544,0.0,0.0
0.0,0.0,2.3457036,0.0,0.0
0.0,1.2331581,1.1621202,1.2331581,123315810.0
0.0,2.0452206,1.1655021,2.0452206,204522060.0
7.5877194,5.982532,1.4315475,1.6051874,21.15507
0.0,0.0,1.4179877,0.0,0.0
6.6315184,6.3555503,1.2419158,0.27596807,4.1614614
0.43445817,7.1380506,1.0658125,6.7035923,1542.9777
0.0,0.8963362,1.0367509,0.8963362,89633624.0
24.78079,3.2273462,1.1847093,21.553444,86.976425
19.797588,12.973558,1.1192558,6.82403,34.468998
0.0,0.0,1.0599147,0.0,0.0
0.0,0.0,1.0628439,0.0,0.0
1.8264105,4.0215034,1.2064047,2.195093,120.18617
8.209236,9.092554,1.9649158,0.88331795,10.760051
5.5619345,7.606923,1.5326864,2.0449886,36.767582
5.7842975,8.058395,3.1872158,2.274098,39.31502
12.819346,9.543269,1.2845833,3.2760773,25.555727
36.902233,9.327013,1.3503132,27.57522,74.72507
11.971223,12.190218,1.2177958,0.2189951,1.8293461
6.031085,7.4600472,1.5412422,1.4289622,23.693287
0.0,7.230212,5.318564,7.230212,723021250.0
2.4404106,3.5009818,1.3367605,1.0605712,43.45872
11.175196,6.887795,1.183087,4.2874007,38.36533
32.206356,23.046955,1.2310082,9.159401,28.43973
22.079657,29.466682,1.3822525,7.387026,33.456253
10.236451,9.637224,1.2443416,0.59922695,5.8538547
11.323626,9.739159,2.339291,1.5844669,13.992576
0.0,0.57272196,1.4215626,0.57272196,57272196.0
1.4019717,2.398293,2.0339668,0.9963213,71.06573
0.0,2.2702377,1.1710277,2.2702377,227023780.0
3.088116,3.2797441,1.7757941,0.19162822,6.205344
20.001106,15.915667,1.8734344,4.0854397,20.42607
11.045266,7.189547,1.148436,3.855719,34.90834
0.0,5.3743954,1.2559248,5.3743954,537439500.0
1.3767724,6.0248423,0.99532866,4.64807,337.60626
4.9953947,4.388576,1.1505052,0.6068187,12.147563
0.0,0.07754183,1.2114589,0.07754183,7754183.0
21.340115,15.64567,3.5889125,5.6944447,26.684227
0.0,0.0,1.0793134,0.0,0.0
0.0,0.0,1.301189,0.0,0.0
13.42673,11.124338,1.233549,2.302392,17.147823
9.96953,8.772139,1.4850959,1.1973915,12.010511
8.045589,11.129881,4.862785,3.0842915,38.335182
3.095711,6.763219,1.6656952,3.667508,118.47062
0.0,8.619267,1.0895586,8.619267,861926800.0
0.0,0.0,1.3071647,0.0,0.0
11.400685,6.9114623,2.3391435,4.489223,39.37678
0.7147131,6.516869,1.4868023,5.802156,811.81604
16.640392,10.480173,4.016618,6.160219,37.019676
9.765414,9.166685,1.2405728,0.59872913,6.131119
0.0,0.0,1.7593658,0.0,0.0
0.0,0.0,1.0047449,0.0,0.0
8.355901,6.6543665,1.2530208,1.7015343,20.363266
0.0,1.6697104,1.0668472,1.6697104,166971040.0
193.88892,111.87232,2.2945404,82.016594,42.300816
0.0,0.22925544,1.285163,0.22925544,22925544.0
0.0,2.861714,4.994438,2.861714,286171400.0
0.0,3.1215055,1.5041518,3.1215055,312150560.0
10.764705,3.552591,1.1792316,7.2121134,66.99779
8.504253,6.6453943,4.722375,1.8588591,21.857992
189.00864,124.15292,2.0898526,64.85571,34.313625
0.0,4.1020103,2.180039,4.1020103,410201020.0
0.0,5.7347245,1.143506,5.7347245,573472450.0
0.0,2.92268,1.2469118,2.92268,292268000.0
0.0,6.243173,1.2259288,6.243173,624317300.0
3.727029,9.578031,2.149088,5.8510017,156.98836
0.0,3.6695263,3.9407094,3.6695263,366952640.0
9.287275,12.105579,5.145587,2.818304,30.345865
0.0,0.8285036,1.3932493,0.8285036,82850360.0
0.0,1.0606874,1.2681936,1.0606874,106068744.0
7.502522,5.9423823,1.6528252,1.5601397,20.794868
0.0,4.571802,1.3008041,4.571802,457180200.0
19.204363,14.2579365,1.8022176,4.9464264,25.756784
0.0,1.4032156,1.5503589,1.4032156,140321570.0
5.7296576,7.1223283,2.0640156,1.3926706,24.306349
7.6551814,3.8440547,1.8829498,3.8111267,49.78493
10.356062,9.391872,5.3022766,0.9641895,9.310388
10.800733,8.29918,1.5297372,2.5015526,23.160954
0.0,0.0,1.4373503,0.0,0.0
7.735061,5.4132614,1.8398724,2.3217998,30.016567
54.069965,46.95996,3.284063,7.1100044,13.149637
49.622593,16.60242,1.149188,33.020172,66.54262
0.0,1.3786638,1.0988781,1.3786638,137866380.0
130.11919,142.35176,3.454532,12.232574,9.401053
6.9097486,9.581011,1.202072,2.6712623,38.659325
3.6346948,4.5681133,1.1372943,0.9334185,25.680794
6.5925584,8.79134,1.4566668,2.1987815,33.352474
4.3150153,5.89294,3.2663836,1.5779247,36.568233
0.0,7.3574986,1.132379,7.3574986,735749900.0
6.0171804,6.1081667,1.2238352,0.09098625,1.5121077
0.0,9.980608,1.5121642,9.980608,998060800.0
0.0,7.2174687,5.411258,7.2174687,721746900.0
0.0,0.0,1.5301567,0.0,0.0
0.91275007,8.281694,1.2463334,7.368944,807.3343
3.9065166,5.571932,1.5597316,1.6654153,42.631725
0.0,6.796081,1.1850055,6.796081,679608060.0
0.0,0.0,1.4872661,0.0,0.0
6.3746943,7.094817,1.0739152,0.7201228,11.296586
0.0,2.244893,1.3883877,2.244893,224489310.0
37.329983,34.048935,1.2316061,3.2810478,8.78931
2.5931752,4.935361,1.9923049,2.3421857,90.32115
0.0,2.6200876,1.7135098,2.6200876,262008750.0
11.242952,4.103074,2.633455,7.1398783,63.50537
119.50155,130.11732,1.8799167,10.615776,8.88338
69.53901,68.42271,1.9979348,1.1163025,1.6052896
17.890583,16.13188,1.355803,1.7587032,9.83033
7.8584256,3.8942046,1.9170687,3.964221,50.445484
2.2728622,5.7817073,1.4891219,3.508845,154.38002
6.905243,7.87223,1.2738675,0.96698713,14.003666
13.052125,9.352179,1.2795311,3.6999464,28.347464
4.1359034,4.335779,1.1239688,0.19987583,4.8327007
0.0,0.23635507,1.215092,0.23635507,23635506.0
0.0,1.2331533,1.3450794,1.2331533,123315336.0
18.314882,14.761311,2.2126098,3.5535717,19.402645
0.0,3.1770577,1.1222723,3.1770577,317705800.0
9.02609,7.3288064,1.6639411,1.6972833,18.804193
0.0,0.0,1.2399192,0.0,0.0
0.0,0.852406,1.116836,0.852406,85240600.0
0.0,0.0,1.2245581,0.0,0.0
17.388123,10.350388,5.000555,7.037735,40.47438
17.996937,13.982714,1.2530596,4.014223,22.305035
16.576359,9.304404,1.1515789,7.2719545,43.86943
0.0,3.6651998,1.0724454,3.6651998,366520000.0
42.250458,76.53168,1.84742,34.28122,81.13811
8.14246,5.4930487,2.274086,2.6494112,32.53822
10.63195,12.372269,3.5464761,1.7403183,16.36876
0.0,3.335887,0.9831178,3.335887,333588670.0
3.7507553,5.9403443,2.5319982,2.189589,58.377285
120.8542,129.73367,3.6543016,8.879471,7.3472586
0.0,0.0,3.4934676,0.0,0.0
26.816946,19.15817,1.446691,7.6587753,28.559462
0.0,1.6200415,1.1004375,1.6200415,162004140.0
0.0,3.7317846,1.1688733,3.7317846,373178460.0
0.0,5.5852885,1.1472479,5.5852885,558528900.0
15.995715,13.436558,4.0435257,2.5591574,15.999019
6.3750467,10.484535,1.0495418,4.1094885,64.46209
0.0,3.954406,1.228758,3.954406,395440600.0
14.03834,10.110367,1.3021678,3.9279728,27.980322
0.0,0.0,2.3960211,0.0,0.0
24.750715,25.699205,1.662619,0.94849014,3.8321726
0.0,4.2892237,1.0711837,4.2892237,428922370.0
0.0,3.1563754,1.2538433,3.1563754,315637540.0
5.2310967,6.2395444,1.941898,1.0084476,19.277939
9.513625,11.919199,1.7417393,2.4055738,25.285564
37.23741,28.153944,1.5165617,9.0834675,24.39339
0.0,4.202882,1.1047121,4.202882,420288200.0
10.625166,10.133575,1.9815655,0.4915905,4.626662
13.292826,7.2485948,1.1536698,6.044231,45.46987
0.0,3.048975,1.1169708,3.048975,304897500.0
5.0214453,9.5539,1.6893003,4.5324545,90.261955
12.978869,8.014139,1.1883286,4.9647303,38.25241
3.8402245,8.529617,1.14264,4.689393,122.11247
0.0,3.6495085,1.1248543,3.6495085,364950850.0
0.0,0.0,1.0298028,0.0,0.0
0.0,0.0,1.1258857,0.0,0.0
5.840468,10.811502,2.653538,4.9710345,85.11363
9.675547,6.8522534,1.2262866,2.8232932,29.179676
27.714539,33.686543,2.482102,5.972004,21.548271
0.0,6.5980372,1.7010419,6.5980372,659803700.0
0.0,0.0,1.9602635,0.0,0.0
10.691966,13.062532,4.401443,2.3705664,22.171473
6.2481675,8.220789,1.2487804,1.9726214,31.5712
4.4595647,9.841278,5.2266097,5.3817134,120.67799
0.0,1.8846738,1.1203799,1.8846738,188467380.0
0.0,3.0624957,1.089914,3.0624957,306249570.0
0.0,3.271707,1.1452386,3.271707,327170720.0
0.89660317,6.631842,1.0490865,5.735239,639.6631
0.0,2.8888798,1.6080793,2.8888798,288887970.0
0.0,0.0,3.3529184,0.0,0.0
0.0,2.1150558,1.160417,2.1150558,211505580.0
28.717464,27.403032,1.3375157,1.3144321,4.5771174
12.604828,9.361148,1.5425195,3.24368,25.733633
13.801152,16.986067,1.3267177,3.1849146,23.077164
0.8294045,7.566344,0.9988551,6.7369394,812.26227
0.0,0.0,1.2327416,0.0,0.0
11.168941,11.661991,2.0202768,0.49305058,4.4144793
0.0,1.1258092,1.374337,1.1258092,112580920.0
0.0,0.0,1.3029922,0.0,0.0
0.0,4.1034803,0.92140543,4.1034803,410348030.0
25.96466,14.606411,5.3843994,11.35825,43.745033
7.050345,9.134598,2.774374,2.0842528,29.562422
1.930034,9.4349165,2.8677511,7.5048823,388.84714
0.0,0.0,2.4217696,0.0,0.0
0.0,2.4677305,1.162108,2.4677305,246773060.0
0.0,1.5774611,1.1252197,1.5774611,157746110.0
9.248431,6.19978,1.9765033,3.0486512,32.96398
20.538685,12.886686,1.1035789,7.6519985,37.256516
0.0,11.900465,1.5435758,11.900465,1190046500.0
2.2880242,8.960724,1.5507936,6.6727,291.63593
3.9966285,3.2464917,1.0504202,0.75013685,18.769241
3.4741368,7.928883,1.3145694,4.4547462,128.22598
13.265238,5.883001,0.99982184,7.382237,55.650997
12.494197,5.2593575,1.2031553,7.2348394,57.905598
0.0,4.6080995,1.3047191,4.6080995,460809950.0
0.0,2.2958512,1.2004327,2.2958512,229585140.0
0.0,2.8383827,0.9786756,2.8383827,283838270.0
10.332936,8.338586,5.0430846,1.9943504,19.300907
7.1674905,8.241417,1.4280431,1.0739264,14.983298
0.0,5.120291,2.006158,5.120291,512029120.0
7.967459,7.38291,1.2712828,0.5845494,7.3367105
0.0,1.7413676,1.2612305,1.7413676,174136770.0
0.0,0.0,1.3411956,0.0,0.0
5.434928,10.825043,2.45766,5.390115,99.17546
0.0,6.32255,1.0642992,6.32255,632255000.0
17.42705,10.699747,1.11156,6.7273026,38.602646
6.0257807,7.689164,5.2704,1.6633835,27.604448
0.0,0.0,1.2109424,0.0,0.0
34.913734,22.631216,1.6238166,12.282518,35.17962
10.266822,10.766712,1.4460284,0.49989033,4.868988
0.0,0.0,2.027969,0.0,0.0
9.028776,14.733259,1.4324692,5.704483,63.181133
0.0,4.44989,1.1856066,4.44989,444989020.0
0.0,4.279357,0.9234659,4.279357,427935700.0
0.0,0.0,1.4431944,0.0,0.0
0.0,1.2607713,2.50336,1.2607713,126077130.0
24.142895,19.962315,1.9965888,4.18058,17.315985
16.904663,10.108929,1.2632977,6.7957344,40.20035
8.009577,6.3823876,1.2729567,1.6271892,20.315544
176.2784,120.86544,1.9225101,55.412956,31.43491
14.08269,6.8951573,1.0890648,7.187533,51.038067
6.6930513,6.170172,1.3322705,0.5228791,7.812268
0.0,0.0,1.1518265,0.0,0.0
20.899168,21.289299,1.3757635,0.390131,1.8667299
13.019179,11.447544,5.3268,1.5716352,12.071692
46.090885,14.402744,1.1301813,31.68814,68.75143
0.0,0.49928355,1.5181186,0.49928355,49928356.0
4.708283,9.556206,1.8482138,4.847923,102.96583
0.0,0.0,1.4110075,0.0,0.0
0.0,0.0,1.5519494,0.0,0.0
0.0,0.0,1.1180086,0.0,0.0
59.973225,22.129515,5.4281306,37.84371,63.10101
6.178913,9.745199,1.057166,3.566286,57.717045
1.5974277,3.0572832,1.5164229,1.4598554,91.38789
0.33320764,9.984911,1.6910303,9.651703,2896.603
0.0,2.6131487,0.94849527,2.6131487,261314880.0
0.0,4.981064,1.166082,4.981064,498106400.0
0.0,1.4775136,1.1216059,1.4775136,147751360.0
10.345098,8.701105,1.1874062,1.6439924,15.891513
0.0,15.045191,5.275067,15.045191,1504519000.0
0.0,7.178215,1.1656395,7.178215,717821500.0
7.641802,7.439299,2.014282,0.20250273,2.6499343
10.784394,9.072941,5.063112,1.7114534,15.869722
45.511616,27.52764,1.8671927,17.983976,39.515133
3.545138,10.033052,1.2997216,6.4879146,183.0088
0.0,2.5232525,1.3385022,2.5232525,252325260.0
1.8143829,5.8802238,1.5589194,4.0658407,224.08945
10.291644,7.9944205,1.0604535,2.2972236,22.321249
13.438807,8.594621,1.1844847,4.844186,36.04625
1.1000898,8.283516,1.6199652,7.183426,652.9854
25.484026,13.976978,3.547426,11.507048,45.15396
11.4258795,6.8870053,1.0684863,4.538874,39.724506
8.930824,9.277525,3.8413796,0.34670067,3.882068
0.0,0.0,1.2370516,0.0,0.0
0.0,0.14842033,1.1824315,0.14842033,14842033.0
30.07042,17.605879,2.2033904,12.4645405,41.45117
6.378218,10.108631,2.2225301,3.730413,58.486755
0.0,3.169622,1.4636214,3.169622,316962180.0
0.0,4.129921,1.0582092,4.129921,412992100.0
7.050757,8.062351,1.3761808,1.0115943,14.347315
7.0860715,11.828007,1.3095701,4.7419353,66.9191
0.0,0.0,1.345568,0.0,0.0
0.0,0.7108512,1.2435305,0.7108512,71085120.0
0.0,0.082641244,1.1055949,0.082641244,8264124.0
0.0,6.2057586,1.7114309,6.2057586,620575900.0
13.516919,8.569585,1.4789337,4.9473343,36.60105
0.0,6.9303956,1.3151373,6.9303956,693039550.0
0.7011402,5.187226,2.1036708,4.4860854,639.82715
42.967365,10.036684,1.127246,32.93068,76.64114
0.0,5.008383,1.4457718,5.008383,500838300.0
7.101036,3.460427,1.4053153,3.640609,51.268703
0.0,6.871742,1.2622176,6.871742,687174200.0
0.0,3.4634757,1.5693103,3.4634757,346347550.0
11.587056,10.879408,1.533146,0.7076483,6.107231
0.0,0.0,2.7536552,0.0,0.0
0.0,0.0,1.552807,0.0,0.0
0.0,1.0775151,1.23838,1.0775151,107751510.0
0.0,4.7694063,1.1371332,4.7694063,476940640.0
0.0,2.185834,1.585365,2.185834,218583400.0
0.0,0.0,1.2363638,0.0,0.0
0.0,3.1576371,2.094024,3.1576371,315763700.0
0.0,4.642595,1.218153,4.642595,464259500.0
19.692139,10.825399,4.978236,8.866739,45.0268
0.0,2.460486,1.2027755,2.460486,246048590.0
1.2643931,8.116105,1.281937,6.851712,541.8973
6.200707,12.015028,2.6440682,5.814321,93.768684
4.981591,4.5598106,1.0302417,0.4217806,8.4667845
12.328901,10.116142,1.2068197,2.212759,17.947739
8.534092,9.62327,2.2859566,1.0891781,12.762671
56.22324,52.434185,1.7674887,3.7890549,6.7393036
0.0,7.3967195,1.6915547,7.3967195,739671940.0
5.897408,3.8061953,1.1196775,2.0912127,35.45986
0.0,11.03471,1.5359539,11.03471,1103471000.0
12.712701,12.352325,2.4469848,0.3603754,2.8347666
0.0,3.8395104,1.5610652,3.8395104,383951040.0
8.857323,9.17247,1.1042432,0.3151474,3.5580435
32.400326,15.692621,1.638775,16.707705,51.56647
0.0,4.442313,1.1071154,4.442313,444231330.0
6.02697,5.93353,1.1974323,0.093440056,1.5503654
0.0,6.5964675,1.3366463,6.5964675,659646700.0
4.227691,7.315038,4.2479134,3.087347,73.02679
0.0,2.8513062,4.4041433,2.8513062,285130620.0
0.0,0.0,1.529418,0.0,0.0
0.0,3.4329941,1.4787222,3.4329941,343299420.0
11.434358,9.147873,1.0824059,2.2864847,19.996616
0.0,4.4167185,1.0152345,4.4167185,441671840.0
0.0,0.9579587,1.2443002,0.9579587,95795870.0
0.0,5.7238746,1.1134741,5.7238746,572387460.0
9.068011,13.080894,2.0296564,4.012883,44.253178
0.0,0.39755,1.1539466,0.39755,39754996.0
4.3564095,6.626203,1.4804136,2.2697935,52.10239
54.964672,55.70429,1.4930215,0.7396164,1.3456215
8.876192,7.629396,2.4222693,1.2467961,14.04652
0.0,6.532474,1.0659592,6.532474,653247360.0
87.56036,85.30628,1.3955206,2.2540817,2.5743175
10.596257,8.279345,5.244846,2.3169127,21.865387
0.0,2.1508245,1.4346286,2.1508245,215082460.0
14.54511,8.343826,1.0665003,6.2012835,42.634834
0.0,2.971902,1.2285856,2.971902,297190180.0
13.470742,11.990877,1.8741404,1.4798651,10.985773
9.457302,5.6262565,4.5439534,3.8310456,40.50886
0.0,3.668509,1.2345057,3.668509,366850880.0
16.502827,17.871023,1.3213509,1.3681965,8.290679
0.0,0.0,1.3041049,0.0,0.0
12.325455,14.9594,1.5899687,2.6339455,21.369965
0.0,5.148556,1.078746,5.148556,514855650.0
0.0,4.466602,1.7517719,4.466602,446660200.0
0.0,0.0,1.5371213,0.0,0.0
0.0,11.001911,1.4016861,11.001911,1100191100.0
63.984325,50.906334,4.9180226,13.0779915,20.43937
11.551726,11.597555,5.220259,0.04582882,0.39672703
0.0,2.6980844,1.077034,2.6980844,269808450.0
25.462795,17.771364,2.334331,7.691431,30.206547
11.065676,5.1117,1.0320784,5.9539757,53.805805
7.3536315,8.163846,1.3389239,0.8102145,11.017883
5.497595,7.978536,5.2922497,2.4809413,45.127758
14.283732,10.769356,4.268138,3.5143766,24.60405
7.0864835,8.244176,1.0804641,1.1576924,16.336628
0.0,0.0,1.0736532,0.0,0.0
0.0,0.0,3.176961,0.0,0.0
11.849736,12.993582,2.05711,1.1438456,9.65292
10.748863,10.891514,1.1440488,0.1426506,1.3271227
0.0,1.24793,1.2820263,1.24793,124793010.0
0.0,0.51524067,1.1010084,0.51524067,51524068.0
90.2735,98.076515,3.4096866,7.8030167,8.643751
10.222993,12.084972,4.416657,1.8619795,18.213644
2.4837823,5.86218,1.288475,3.378398,136.01828
10.053607,9.432169,1.4763353,0.621438,6.1812444
12.177455,6.224032,1.3405463,5.953423,48.888893
15.633155,8.712843,1.0429214,6.920312,44.26689
0.0,1.8375225,2.4637325,1.8375225,183752260.0
6.2045794,4.2914033,1.4155018,1.9131761,30.834904
0.0,1.3251352,1.0236855,1.3251352,132513520.0
0.0,5.8997436,0.98267055,5.8997436,589974340.0
1.8940735,7.0871396,1.8916332,5.193066,274.1745
0.0,3.2130728,1.1066691,3.2130728,321307300.0
8.452396,8.579893,4.35166,0.12749672,1.5084091
11.33166,7.8591113,1.1467199,3.472549,30.64466
4.6445584,6.2532067,2.1889844,1.6086483,34.63512
0.0,8.626992,1.33822,8.626992,862699200.0
0.0,3.502905,1.0688665,3.502905,350290500.0
18.924507,11.56901,1.2575548,7.3554974,38.867577
145.88106,146.28302,2.3260477,0.40196228,0.2755411
9.024882,10.390848,2.9408207,1.3659658,15.135553
11.547933,7.137866,1.089014,4.4100666,38.189228
6.661338e-14,3.7818885,3.6734154,3.7818885,378188830.0
8.224109,4.5632744,1.5307717,3.6608343,44.513447
14.00315,9.050106,1.0450827,4.953044,35.370926
16.174355,15.284895,3.0679421,0.8894596,5.499197
13.14529,11.482851,1.2270967,1.6624393,12.646653
2.8043058,7.8249745,1.2688965,5.020669,179.03429
0.0,1.5665526,3.6591957,1.5665526,156655260.0
2.7632196,4.5487123,1.606213,1.7854927,64.61639
15.386829,20.686918,4.8312287,5.300089,34.44562
0.0,5.437531,1.3973707,5.437531,543753100.0
10.357064,12.203354,1.1972674,1.8462896,17.82638
0.0,4.2054358,0.9672024,4.2054358,420543580.0
13.077952,12.866545,1.8137898,0.21140766,1.6165196
7.5207086,4.660184,1.1122538,2.8605247,38.03531
0.0,2.2071166,1.2383846,2.2071166,220711650.0
6.432962,5.4364824,1.0090799,0.9964795,15.490212
9.444176,4.065261,3.4396648,5.378915,56.954838
0.0,7.56785,1.2725296,7.56785,756785000.0
8.425097,9.174395,1.9643822,0.74929714,8.893632
16.449507,15.647409,1.929826,0.8020973,4.8761177
26.505901,35.152153,1.5275793,8.646252,32.620102
13.485267,7.52355,1.0359172,5.9617167,44.209114
41.239113,58.62945,2.8362954,17.390339,42.16953
12.943018,14.339235,3.1121516,1.3962173,10.787417
10.769176,12.149822,3.627142,1.3806467,12.820356
0.0,0.0,1.3147666,0.0,0.0
0.0,5.470584,1.0938827,5.470584,547058400.0
32.57004,8.371266,1.6010517,24.198776,74.29765
0.0,4.077324,1.2998881,4.077324,407732380.0
177.53601,150.7606,1.722389,26.775406,15.081676
0.0,0.0,1.3838936,0.0,0.0
0.0,0.0,1.1648989,0.0,0.0
25.878565,18.675192,3.5146174,7.203373,27.835287
5.657549,11.470726,1.0924711,5.813177,102.7508
0.0,5.686984,1.4470009,5.686984,568698430.0
0.0,0.0,3.087742,0.0,0.0
0.21438967,2.386313,1.2489712,2.1719234,1013.0728
4.3693075,6.061633,1.1898196,1.6923256,38.732124
0.0,0.0,1.7253659,0.0,0.0
62.6391,35.893578,5.2104163,26.745522,42.697807
51.201466,15.880398,1.5103462,35.321068,68.98448
14.099337,10.634569,1.3625103,3.4647675,24.573975
8.01017,10.105736,4.422546,2.0955658,26.161314
0.0,8.451366,1.0255823,8.451366,845136640.0
0.0,0.14472246,1.3862292,0.14472246,14472246.0
25.876093,19.03903,1.2803574,6.837063,26.422316
12.560932,12.325953,2.238157,0.23497963,1.8707181
5.726972,4.608238,1.4904866,1.1187339,19.534475
8.446306,8.602675,1.4450659,0.15636921,1.8513324
16.284163,12.345415,1.4684118,3.9387474,24.187597
0.0,0.0,1.155212,0.0,0.0
0.9451136,9.874599,1.0516415,8.929486,944.8056
29.203615,11.780649,1.1749294,17.422966,59.660305
0.0,7.0099225,1.1436578,7.0099225,700992260.0
9.479257,8.47607,5.075194,1.0031862,10.582963
52.808586,63.655807,1.5994915,10.847221,20.54064
0.0,0.0,1.4559118,0.0,0.0
14.729891,8.228819,1.2103342,6.501072,44.135235
41.828835,20.030712,1.2484726,21.798122,52.11267
0.0,0.0,1.1494627,0.0,0.0
0.0,0.0,0.97266626,0.0,0.0
64.09761,122.527306,3.0539737,58.429695,91.15737
19.377546,9.918381,4.482272,9.459166,48.815086
0.0,2.2975183,1.2216685,2.2975183,229751820.0
1.2345293,3.3131638,1.7001587,2.0786345,168.37466
28.891388,9.797003,1.2877014,19.094385,66.09023
75.67455,74.548416,2.6615634,1.1261368,1.4881314
10.258564,11.153366,1.657555,0.8948021,8.722488
28.13378,19.695541,2.0265615,8.438238,29.993261
10.127287,10.855482,2.095666,0.7281952,7.1904273
71.22039,100.72715,1.8603407,29.50676,41.430214
14.070642,11.911476,1.0764884,2.1591663,15.345186
177.98921,143.97945,2.2357743,34.009766,19.107767
0.0,2.9215827,2.4902601,2.9215827,292158270.0
45.38509,56.12483,1.6946223,10.739738,23.663584
9.750873,10.716621,2.0225391,0.9657488,9.904229
3.1478596,5.8623395,1.6516136,2.71448,86.23256
13.5618725,9.586714,5.356947,3.9751587,29.311281
0.0,0.65894055,1.2053821,0.65894055,65894060.0
0.0,1.4726788,1.2800155,1.4726788,147267890.0
0.0,0.0,1.6133193,0.0,0.0
0.0,6.628694,1.4977624,6.628694,662869400.0
0.0,7.1390324,1.5010412,7.1390324,713903200.0
12.492486,10.830318,1.0907212,1.6621675,13.305338
0.08873833,5.368411,4.1490607,5.2796726,5949.7095
0.0,0.0,4.356951,0.0,0.0
36.126686,20.21652,1.261232,15.910166,44.03993
14.893033,6.664756,1.5894696,8.228277,55.24917
2.8788102,10.356216,1.1743181,7.4774065,259.73947
9.391571,6.590377,1.0804561,2.8011942,29.826683
0.0,2.9088755,2.5496025,2.9088755,290887550.0
0.0,0.0,2.2545972,0.0,0.0
12.442536,11.697325,2.6542575,0.7452116,5.9892263
1.317004,0.0,4.429276,1.317004,100.0
2.8624377,6.6527214,1.0581406,3.7902837,132.41454
10.111907,9.821175,1.3982903,0.29073238,2.875149
0.0,0.5974072,0.9002669,0.5974072,59740724.0
15.08284,12.621042,1.114948,2.4617977,16.321846
47.15268,28.545294,1.310873,18.607386,39.46199
3.5229533,8.235644,1.2712685,4.7126913,133.77104
8.251097,5.8109465,1.3625145,2.4401503,29.573648
0.0,8.545448,1.2128829,8.545448,854544830.0
0.0,5.040891,1.5454701,5.040891,504089120.0
0.0,0.0,2.4675975,0.0,0.0
0.0,0.0,1.4334449,0.0,0.0
0.0,8.520351,1.335979,8.520351,852035140.0
12.522713,10.8123665,1.5975335,1.7103462,13.657953
0.0,3.6006355,4.4644194,3.6006355,360063550.0
10.022353,9.724211,1.3511307,0.29814243,2.9747748
0.0,0.0,3.3517447,0.0,0.0
10.039236,22.184626,4.91949,12.14539,120.97922
0.0,3.2722497,1.2689153,3.2722497,327225000.0
0.0,1.504643,1.3279133,1.504643,150464290.0
8.638391,11.16614,4.39123,2.527749,29.261805
0.0,2.540358,1.1767778,2.540358,254035800.0
24.89156,16.307203,1.8113133,8.584356,34.487015
5.9207716,5.2363644,1.6006204,0.68440723,11.559425
11.971542,3.2729466,5.454487,8.698596,72.660614
49.59478,35.36889,3.37936,14.225891,28.684252
8.862185,6.17916,1.6013346,2.6830244,30.274977
0.0,0.0,0.9989573,0.0,0.0
84.73691,90.963684,2.6188347,6.226776,7.3483634
10.316452,21.843555,1.1828717,11.527103,111.73515
0.0,0.4631518,1.2318895,0.4631518,46315180.0
0.0,0.19352245,1.974295,0.19352245,19352246.0
6.7780123,7.1856065,1.3998935,0.4075942,6.0134773
6.8600616,12.145168,4.117611,5.2851067,77.04168
5.0160427,8.830502,2.007094,3.8144588,76.04518
0.0,3.2962477,1.6883951,3.2962477,329624800.0
0.0,1.104108,1.0694079,1.104108,110410800.0
0.0,0.0,1.1692134,0.0,0.0
0.0,0.8275764,1.2327462,0.8275764,82757640.0
0.0,0.788239,1.5317533,0.788239,78823896.0
0.0,2.2004008,1.0266056,2.2004008,220040080.0
6.6324215,8.004936,2.1781032,1.3725147,20.694021
1.1059132,6.9322014,0.98525447,5.826288,526.83057
0.0,4.871681,1.1561627,4.871681,487168130.0
7.2532997,8.096146,1.5957338,0.8428459,11.6201725
0.6799193,8.571997,1.1421417,7.8920774,1160.7374
40.14928,28.959932,1.2892964,11.189348,27.869362
50.99627,32.61095,4.87153,18.385319,36.05228
0.0,0.0,2.1446478,0.0,0.0
10.756264,9.710054,3.2422228,1.0462093,9.726513
19.04391,20.867674,2.3948894,1.8237648,9.576631
22.034132,28.496931,2.4072723,6.462799,29.330854
9.686731,7.546003,1.1497464,2.1407285,22.099596
18.59973,15.859423,1.1231685,2.7403069,14.7330475
9.395739,7.0065093,1.9141383,2.3892293,25.428862
0.0,2.6354232,1.3070903,2.6354232,263542340.0
0.0,3.2697845,1.0004883,3.2697845,326978460.0
12.581905,5.5111785,4.0488296,7.070727,56.197586
17.562216,11.772791,1.2822472,5.789425,32.965233
13.5541525,9.1863575,5.0311813,4.367795,32.224773
0.0,2.994298,1.1984934,2.994298,299429820.0
0.0,4.170762,1.0216955,4.170762,417076200.0
0.0,4.808465,1.0402038,4.808465,480846500.0
4.112397,6.442476,1.3190964,2.3300786,56.659863
22.84709,9.146345,1.7539091,13.700745,59.967133
0.0,0.0,4.620208,0.0,0.0
10.315786,9.054267,1.1916609,1.2615194,12.229019
0.0,4.713695,1.2898037,4.713695,471369500.0
9.155181,7.5793777,1.9541122,1.5758033,17.212147
0.0,1.7350059,1.4019085,1.7350059,173500580.0
4.885694,5.9315724,4.22964,1.0458784,21.406958
0.0,0.0,1.846929,0.0,0.0
0.0,2.943006,1.2357234,2.943006,294300600.0
