y_true,y_pred,y_std,abs_error,rel_error_%
0.95419025,2.0334527,1.4292331,1.0792625,113.10768
1.2291563,1.325778,1.0503492,0.09662175,7.8608193
18.200472,11.258146,0.9446775,6.9423256,38.143658
1.0717522,0.9560263,1.4458519,0.115725875,10.797821
0.77949095,2.2660651,1.0719289,1.4865742,190.71089
1.4171962,1.1943687,1.3732179,0.22282743,15.723119
6.642539,7.2885423,1.2411305,0.64600325,9.725246
0.6359369,5.092138,1.0116956,4.456201,700.73004
0.9492041,1.0491412,1.4561963,0.09993708,10.528513
6.4880753,4.5695906,1.035995,1.9184847,29.569395
1.3489528,2.7218223,1.2605627,1.3728695,101.77299
1.4525224,1.0490305,1.4561963,0.40349185,27.778702
0.9229973,0.6889899,0.96971977,0.23400742,25.352991
20.989832,10.721291,1.1018395,10.268541,48.9215
0.9257183,1.0829241,1.4023756,0.15720582,16.982037
15.470308,14.342696,0.9582445,1.1276121,7.28888
1.2467067,0.13063556,0.89569384,1.1160712,89.52155
0.5742811,3.0643353,1.059165,2.4900541,433.595
0.44213542,1.0486255,1.4561963,0.60649,137.17291
1.796979,1.2290194,1.3739465,0.56795955,31.606356
0.4460771,0.087643504,1.3678836,0.3584336,80.35239
0.056008544,2.9598517,1.1967458,2.9038432,5184.643
0.34332,0.0,0.95814735,0.34332,100.0
11.795586,6.9992657,0.9703148,4.79632,40.66199
0.5656064,1.3584813,1.0572579,0.7928749,140.18138
0.34108385,2.9871273,1.0435945,2.6460435,775.775
2.521056,1.2451584,1.4556322,1.2758975,50.609646
19.477001,14.234292,0.94315463,5.242709,26.917437
5.4170356,4.8135986,1.2406006,0.60343695,11.139616
24.379723,25.388784,0.9839488,1.0090618,4.138939
0.22378178,2.1506119,0.9639771,1.92683,861.03076
0.5546935,1.1132125,1.4252174,0.55851895,100.689644
1.1462126,1.0476531,1.456192,0.0985595,8.59871
0.30861548,2.1106415,1.340695,1.802026,583.90656
0.42860907,0.86565286,1.3387208,0.4370438,101.96793
0.705307,1.0490311,1.4561963,0.34372413,48.733974
1.6934327,1.0484495,1.4561573,0.6449832,38.087322
0.9820315,0.7696508,1.1784556,0.2123807,21.626669
2.4544923,1.5479388,1.4488212,0.9065535,36.93446
4.705947,3.624854,1.4487675,1.0810928,22.972908
2.5395327,0.9660863,1.4555017,1.5734463,61.958107
0.97703564,1.1077168,1.3790153,0.13068116,13.37527
13.681907,7.8618727,0.9320209,5.820034,42.53818
0.37149945,0.77839464,1.3916696,0.4068952,109.5278
0.59242517,1.048485,1.4561963,0.45605987,76.98186
0.9890793,0.6808037,0.9932531,0.30827558,31.167934
22.561964,25.610706,1.0523968,3.0487423,13.512753
0.79765177,1.7644204,0.92712355,0.9667686,121.20184
1.6203524,1.4081248,1.3379446,0.21222758,13.09762
1.965835,2.2039204,1.0560929,0.23808539,12.111158
1.150696,0.93511385,1.1351615,0.21558219,18.73494
0.3198194,0.0,1.0573955,0.3198194,100.0
0.9509434,4.596679,1.0453204,3.6457357,383.38095
0.55016196,8.30654,1.2421299,7.7563777,1409.8353
9.206976,10.072073,1.1847314,0.86509705,9.396104
18.63261,17.445028,1.1629531,1.187582,6.373675
12.9143305,11.145568,1.3640968,1.7687626,13.696122
1.4716951,1.7102102,1.2021738,0.23851514,16.206831
0.22032839,0.0,0.96554774,0.22032839,100.0
0.6594069,0.0,0.9989488,0.6594069,100.0
0.88423777,0.78123283,0.9875398,0.10300493,11.649009
8.007062,8.514918,1.3505808,0.50785637,6.3426056
0.692029,0.0,1.2403461,0.692029,99.99999
0.21671763,0.0,1.0579438,0.21671763,100.0
0.8635508,1.0100248,1.321211,0.146474,16.961828
0.8370003,1.0376657,1.4561802,0.20066541,23.974354
0.6146317,0.80123305,1.4506625,0.18660134,30.359861
14.100134,11.8890915,0.96880156,2.2110424,15.681004
1.1324438,0.36537272,1.1143932,0.76707107,67.73591
1.0355444,1.2753717,0.94593424,0.23982728,23.159534
0.9911375,1.0307795,1.4555815,0.039641976,3.9996445
18.148788,17.903528,1.0452367,0.24526024,1.3513863
0.45596477,0.0,0.905865,0.45596477,100.0
9.757845,9.881428,1.1624742,0.12358284,1.2664973
0.60160726,0.3443566,1.3453712,0.25725067,42.760567
1.1213123,1.0814489,1.0425844,0.039863348,3.555062
11.561808,13.200397,1.3052353,1.6385889,14.172428
1.3764224,2.2857933,0.9872612,0.9093709,66.06772
0.32883957,0.0,0.9722836,0.32883957,100.0
0.81186086,0.6256859,1.3237045,0.18617499,22.931883
0.8368755,1.4073035,1.4515665,0.57042795,68.16163
0.53696305,0.0,1.2008331,0.53696305,100.0
6.178402,6.039587,1.4198406,0.13881493,2.2467773
0.9739983,1.0494007,1.4561855,0.07540238,7.741531
18.926378,18.57375,1.0368006,0.3526287,1.86316
14.976068,16.635925,1.1412593,1.6598577,11.083402
0.39372003,0.07740247,1.0771142,0.31631756,80.34074
0.23482019,0.0,0.9831717,0.23482019,100.0
7.032966,2.0475192,1.3374708,4.985447,70.88683
0.96296823,0.67327,1.0462146,0.28969824,30.083883
0.39484847,0.0,1.0212451,0.39484847,100.0
1.4059917,2.9116688,1.3077077,1.5056771,107.09004
7.344162,7.5092845,0.93513215,0.16512251,2.2483506
9.832037,11.884676,0.97201437,2.052639,20.877047
1.0334122,0.8356874,1.2321968,0.19772482,19.1332
0.57726926,0.0,1.0272855,0.57726926,100.0
0.49809366,1.0977463,1.4542139,0.5996526,120.38953
1.503518,1.4109888,1.4192413,0.09252918,6.1541786
2.5068564,1.7951461,1.0330665,0.71171033,28.39055
0.3378372,4.136946,1.1990333,3.799109,1124.5383
1.9728959,1.3206711,0.98500454,0.6522248,33.05926
0.4965097,7.2489367,0.9770654,6.752427,1359.9789
0.49262777,0.8851924,1.4374844,0.39256462,79.68788
9.333735,8.312747,1.3610041,1.0209885,10.938691
0.94648015,1.2732476,1.2047675,0.32676744,34.524487
0.9836294,0.8010464,1.2116158,0.18258303,18.562176
3.7295706,2.2824001,1.100356,1.4471705,38.802605
0.4881194,0.79342955,1.3578092,0.30531016,62.548252
0.3175573,0.0,1.1675589,0.3175573,100.0
9.068582,7.8872538,1.1956238,1.1813278,13.0266
0.8261327,0.8405799,1.1962153,0.014447212,1.7487762
0.25720853,5.240468,0.99678034,4.9832597,1937.4395
1.8019066,1.0511684,1.4557468,0.75073814,41.663544
0.35626724,0.0,1.106677,0.35626724,100.0
0.33175415,1.2009903,1.285904,0.8692362,262.01215
0.83153534,0.7941291,1.120429,0.037406266,4.498458
16.768265,15.523528,1.1824627,1.2447367,7.423169
0.6748085,0.0,0.9513732,0.6748085,100.0
0.54365766,7.37477,1.100257,6.8311124,1256.51
0.60614693,1.0401665,1.4561893,0.43401957,71.60303
0.7702749,0.0,1.2730529,0.7702749,100.0
0.67611855,0.7559997,1.44838,0.07988113,11.814664
0.57989544,0.67644113,1.3002982,0.096545696,16.648811
2.0867314,1.8513508,1.4257336,0.23538065,11.279873
2.3819878,2.767462,0.95645946,0.3854742,16.182878
0.63629717,1.04806,1.4561962,0.4117629,64.71236
4.911456,2.198113,1.4061344,2.7133431,55.24519
0.96543014,0.8169226,1.324013,0.14850754,15.382525
0.80103487,1.4870008,1.4517176,0.68596596,85.63497
0.16136155,1.047211,1.4561896,0.8858495,548.98425
0.35284886,0.34028602,1.0543827,0.012562841,3.5604029
0.9894448,1.0595,1.4561409,0.07005519,7.0802526
0.8631083,1.0382951,1.4561859,0.17518687,20.297209
1.1913716,0.47197092,0.9185807,0.71940064,60.38424
21.28555,19.823746,0.94799477,1.4618034,6.867586
17.161154,17.582987,1.0556134,0.42183304,2.4580693
0.43817022,0.052844882,0.9919669,0.38532534,87.93965
21.925116,21.847773,0.97562295,0.07734299,0.35275978
23.33911,21.418493,0.9546508,1.9206161,8.229175
0.73455006,1.2933398,0.9578365,0.5587898,76.07239
0.6094812,1.0657384,1.0276316,0.45625722,74.85993
0.9444166,0.5493669,1.289914,0.3950497,41.830025
1.9171604,1.4199424,1.4303403,0.497218,25.93513
12.760704,14.751628,1.0909698,1.9909239,15.601992
0.25862247,2.12564,0.979439,1.8670175,721.90845
0.81742,10.687543,0.9513248,9.870123,1207.4727
0.91353935,0.0,0.92974967,0.91353935,100.0
27.90443,25.462189,0.9240609,2.4422417,8.752165
4.263378,5.222664,1.3297483,0.95928574,22.5006
0.24718077,6.295174,0.9899455,6.047993,2446.7896
0.5209229,0.7837441,1.3414116,0.2628212,50.452995
0.06791626,1.8064961,1.0693467,1.7385799,2559.8875
20.02206,22.117826,1.0400307,2.095766,10.467284
1.000764,1.290506,1.4561507,0.289742,28.95208
2.0685105,1.377581,1.4401814,0.69092953,33.402275
3.0482912,0.7128911,1.1133082,2.3354,76.61342
7.3098083,4.421555,1.0381103,2.8882532,39.512024
1.4668605,0.5985955,1.2494665,0.86826503,59.192062
0.63504356,2.9768739,1.4200239,2.3418303,368.76688
20.188467,10.691468,0.9468266,9.496999,47.041702
1.4550095,1.04821,1.4561894,0.40679944,27.958542
0.5219013,0.62376,1.3488089,0.101858675,19.516846
0.5237702,12.95493,0.9780191,12.43116,2373.3994
12.787708,11.27041,0.94719774,1.5172987,11.865291
0.45027712,1.2678748,1.44959,0.81759775,181.57657
0.759971,1.832489,1.4390339,1.072518,141.12617
0.38146552,0.84266645,1.2491469,0.46120092,120.90238
1.2539811,1.03195,1.4455626,0.22203112,17.706097
3.3494346,3.1149998,1.4185447,0.23443484,6.9992366
0.68389124,0.8331229,1.4522916,0.14923167,21.820965
0.8550203,1.5850405,1.3632092,0.73002017,85.38045
1.4308871,1.0490311,1.4561963,0.38185596,26.686659
0.49116042,0.5099769,0.92057705,0.0188165,3.8310297
10.17286,10.425575,0.97099847,0.2527151,2.484209
0.48663604,0.0,1.0154765,0.48663604,100.0
1.0258746,1.5503057,1.3694484,0.5244311,51.12039
0.2986319,0.85076547,1.4083569,0.55213356,184.88766
1.4382695,1.1157781,1.455392,0.3224914,22.422182
0.95404917,0.9298154,0.95278513,0.024233758,2.5400953
0.9180833,1.2926484,1.0777159,0.37456512,40.7986
1.2720817,0.9550019,1.3561759,0.31707984,24.92606
2.432401,3.4990325,1.3847775,1.0666316,43.850975
0.724245,0.029180884,0.95558065,0.6950641,95.97086
2.6054747,2.290143,0.96239495,0.3153317,12.102657
0.91968787,1.0490311,1.4561963,0.12934327,14.063823
0.97830176,0.5645263,0.93070513,0.41377544,42.295277
8.9454365,5.866331,1.004249,3.0791054,34.42096
1.4741129,0.9796033,1.4364982,0.49450958,33.54625
12.299331,12.924058,0.9690479,0.62472725,5.0793595
1.2662567,1.0490394,1.4561963,0.21721733,17.15429
0.8467535,1.0676737,1.4524745,0.2209202,26.090261
1.2123946,1.0490311,1.4561963,0.16336346,13.474446
1.612811,0.48554265,0.9643888,1.1272683,69.89463
0.8959609,0.86613077,1.3290883,0.029830158,3.3294039
0.5301151,2.0257826,1.4538685,1.4956675,282.1401
0.7379838,4.4262133,1.4383671,3.6882296,499.7711
0.7612638,1.0647323,1.132408,0.30346853,39.86378
0.6726474,1.2852188,1.4427738,0.6125714,91.068726
1.2952037,1.0476886,1.4561913,0.24751508,19.110128
1.5976996,1.5872656,1.0717419,0.0104340315,0.6530659
0.4679792,3.3657713,1.0800856,2.897792,619.21387
0.69066596,0.3364414,0.9188041,0.35422456,51.28739
1.3674302,0.91971105,1.423985,0.44771916,32.741646
14.437955,13.625524,1.2242335,0.81243134,5.627053
0.8361306,1.0994204,1.4559382,0.2632898,31.489077
0.62354606,0.0,1.2061986,0.62354606,100.0
1.334225,1.0495695,1.4561963,0.28465557,21.3349
16.275255,1.0034773,1.4542783,15.271778,93.83434
9.009975,8.505215,1.34783,0.50476074,5.6022434
11.626176,10.365505,1.0054792,1.2606707,10.843382
20.79217,23.169594,0.96606183,2.3774242,11.434229
10.861289,11.367438,0.99070805,0.5061493,4.660122
0.6999559,0.0,0.9442165,0.6999559,100.0
0.36021614,0.43312335,1.1355013,0.07290721,20.239851
1.1065599,1.2219081,1.07883,0.11534822,10.424038
0.83152544,1.273533,1.4507424,0.44200754,53.156223
0.19596417,0.7422514,1.242589,0.54628724,278.76892
9.004999,4.508679,0.97383195,4.4963202,49.931377
0.34704837,6.923544,0.9415437,6.5764956,1894.9795
0.42876425,1.0248023,1.4552951,0.5960381,139.01302
0.2743374,1.0490308,1.4561963,0.77469337,282.38705
0.18307497,0.47323263,1.1371497,0.29015768,158.49118
0.9466478,1.103939,1.4557958,0.15729123,16.615602
0.45008802,0.0,0.9720804,0.45008802,100.00001
19.56102,14.523104,0.94077003,5.037916,25.754875
14.958157,10.8365965,0.9738969,4.12156,27.55393
0.37046844,6.5001817,1.1381041,6.129713,1654.5845
21.795956,21.812365,0.9466995,0.01640892,0.07528424
13.854471,3.3837328,1.3310431,10.470738,75.5766
15.767322,14.761164,0.94870144,1.0061579,6.3812857
0.53156555,1.0782433,1.4247066,0.5466777,102.84295
0.96437854,1.48721,1.0086622,0.5228315,54.214344
15.84181,12.09092,1.019523,3.7508898,23.677155
0.41027337,9.700883,0.9975532,9.290609,2264.4924
0.95662963,0.93911546,0.9987778,0.01751417,1.8308203
0.9879442,1.0457127,1.4561688,0.057768524,5.8473473
1.7274295,1.8646955,1.1206672,0.13726604,7.9462605
1.5615102,0.9744066,1.4419239,0.5871036,37.59845
1.2681872,1.296144,1.4544691,0.027956843,2.204473
0.35695523,0.0,1.3132119,0.35695523,100.0
1.4391223,1.0502489,1.4561963,0.38887346,27.02157
1.4708322,1.6701092,1.1306882,0.19927692,13.548583
15.503436,15.651402,0.96614,0.14796638,0.95441025
0.9606894,0.97471803,1.454499,0.014028609,1.4602647
1.1315358,1.0490311,1.4561963,0.08250463,7.2913857
0.9506046,1.3744197,1.0703045,0.42381507,44.58374
0.15227453,0.0,0.9786931,0.15227453,100.0
23.245523,28.120337,0.97025436,4.874813,20.970976
0.28180283,0.0,0.96207505,0.28180283,100.0
0.80923474,0.9488075,1.3201705,0.13957274,17.247498
1.3145847,1.2910566,1.0597197,0.023528099,1.7897743
10.441005,11.189722,1.3071057,0.7487173,7.170932
5.7339892,5.03947,1.1486785,0.69451904,12.112319
0.8383404,0.99161243,0.98754877,0.15327203,18.282793
0.45504007,0.8038343,1.1600373,0.34879425,76.65133
0.3885045,11.347521,1.1577208,10.959017,2820.8213
1.5190651,0.715489,1.052573,0.8035762,52.89939
1.075339,1.0490321,1.4561963,0.026306868,2.4463792
4.529554,3.792729,1.0101857,0.736825,16.267054
0.25356823,5.003929,0.93120635,4.750361,1873.4054
25.158276,26.377382,0.9537163,1.2191067,4.845748
1.5147233,2.1864362,0.94222707,0.6717129,44.34558
0.4270691,0.0,0.92070407,0.4270691,100.0
0.3689142,1.0356858,1.4559194,0.6667716,180.73895
8.645168,9.720552,1.3159456,1.0753841,12.439135
0.77242035,0.2480511,0.9780424,0.52436924,67.88651
1.0613585,1.0490314,1.4561963,0.012327075,1.1614431
12.900441,11.346784,0.9816852,1.5536575,12.043445
0.7152833,0.0,0.9020669,0.7152833,100.0
18.873108,10.587867,1.283196,8.285241,43.89972
9.929131,8.632186,1.0343186,1.2969446,13.062016
0.23056036,6.905035,1.099823,6.6744747,2894.8923
20.51483,12.230182,1.0148011,8.284648,40.3837
0.88224363,2.6037989,1.4180202,1.7215552,195.13376
0.397121,0.0,1.2633138,0.397121,100.0
1.2699965,1.0114783,1.4542855,0.25851822,20.355822
17.95498,11.126521,1.068922,6.8284597,38.031002
24.832237,22.74918,0.9625375,2.0830574,8.388521
0.25359985,0.0,0.9635353,0.25359985,100.0
0.96443254,0.38758242,0.9575364,0.5768501,59.81239
0.6956085,1.7038999,1.0577644,1.0082914,144.95099
24.25769,20.039946,0.96275604,4.217745,17.387247
17.32062,17.763988,0.9695887,0.4433689,2.559775
5.4574203,6.278482,1.2908359,0.8210616,15.044867
0.837168,1.2402141,1.4544879,0.40304613,48.143997
0.6560964,0.70990217,1.0425947,0.05380577,8.200894
0.6063816,1.0203265,1.4549537,0.4139449,68.264755
0.2076779,0.74006796,1.4361575,0.53239006,256.35373
1.6110855,1.2802601,1.1286565,0.33082545,20.53432
2.7802427,2.958507,1.3442899,0.17826438,6.4118285
0.5879282,0.65507424,1.3490664,0.06714606,11.420794
11.925925,11.043849,1.3680925,0.88207626,7.396292
7.9418306,7.517565,1.2781712,0.42426586,5.342167
0.76645595,0.0,0.9514178,0.76645595,99.99999
1.8226441,1.0490685,1.4561963,0.77357566,42.442497
0.26916957,2.9266849,1.0433012,2.6575153,987.3015
0.8094273,1.14045,1.129134,0.33102268,40.895912
11.280384,9.908626,1.3048909,1.3717585,12.160564
0.8168901,0.0,0.942091,0.8168901,100.0
0.9239668,1.0095809,1.4545782,0.085614026,9.26592
1.1148596,1.4765308,1.2427402,0.3616712,32.440968
0.80888873,1.464891,1.3918499,0.6560022,81.09919
16.819477,15.830141,0.95821303,0.989336,5.8820853
0.5282842,3.403401,1.4383777,2.8751168,544.23676
1.4507195,0.8986415,1.1132745,0.55207795,38.055458
1.5411475,1.0491387,1.456196,0.4920088,31.924837
6.7702775,3.7644534,0.9176918,3.005824,44.397354
10.925053,9.856645,0.9746547,1.068408,9.779431
0.055825848,1.3343334,1.071346,1.2785076,2290.1714
0.22218461,0.0,0.928603,0.22218461,100.0
0.8673719,0.0,0.8770638,0.8673719,100.0
0.32176065,0.5545642,1.0580835,0.23280352,72.35301
2.0828893,1.7878823,1.3637185,0.295007,14.163354
0.2298011,0.0,1.0090908,0.2298011,100.0
0.4711108,1.537596,1.4493932,1.0664852,226.37671
0.9352393,1.0705154,1.370846,0.13527608,14.464328
0.10587076,0.9001006,1.4285352,0.7942298,750.18805
22.602459,25.783724,1.0337924,3.1812649,14.0748625
0.70504516,0.12272179,1.3041822,0.5823234,82.59377
0.94379216,0.67316747,1.2351043,0.2706247,28.674183
1.8546146,1.7865212,1.0471847,0.06809342,3.671567
0.90279335,0.0,0.9336884,0.90279335,100.0
0.284873,0.0,0.9871023,0.284873,100.0
0.66119087,0.8788898,0.99708766,0.21769893,32.925278
0.16173078,1.0490311,1.4561963,0.8873004,548.628
0.24647492,5.0962954,1.1058323,4.8498206,1967.673
0.67218447,0.99717444,1.4485235,0.32498997,48.34833
7.664614,9.347602,1.3453536,1.6829877,21.957891
0.9124046,1.1018112,1.3305842,0.18940657,20.759054
1.6576216,0.88089716,1.439041,0.77672446,46.857765
0.7240915,1.1185205,1.4561247,0.39442903,54.472263
1.1847553,1.064084,1.4561063,0.12067127,10.185332
3.652844,4.427922,1.2861112,0.7750778,21.218475
15.561445,16.248163,0.9607764,0.686718,4.412945
2.5340502,1.2572185,1.45555,1.2768317,50.386993
0.49961677,0.9054216,1.4176437,0.40580484,81.22322
0.23933631,6.5783033,1.0131816,6.338967,2648.5603
17.983393,10.458672,1.3179337,7.524721,41.84261
0.77375424,1.8537798,1.0551769,1.0800256,139.5825
0.86151475,1.0490321,1.4561963,0.18751734,21.766005
0.38806695,1.6751021,1.0236679,1.2870352,331.6529
0.40461457,0.0,1.3680397,0.40461457,100.0
0.4659135,3.5875874,1.317858,3.1216738,670.0115
21.15902,18.129776,0.9609414,3.0292435,14.316559
1.349317,1.4121126,1.0001465,0.06279564,4.6538835
0.50356394,0.88171697,1.419152,0.37815303,75.09534
0.74304223,2.7695794,1.0686698,2.0265372,272.73514
0.57572484,1.018526,1.4561131,0.44280112,76.91194
1.433252,2.945129,0.94017553,1.511877,105.48578
12.590563,7.0208716,1.3164481,5.569691,44.23703
15.418613,12.476038,0.9526107,2.9425755,19.084566
21.39988,20.299131,1.2508634,1.1007481,5.1437116
1.31854,1.0782461,1.2968721,0.24029386,18.224237
0.6666653,1.4555671,1.4469496,0.7889018,118.33551
12.839203,2.625952,1.407153,10.213251,79.54739
0.28131944,1.021775,0.9781196,0.74045557,263.2081
0.36416975,0.332209,0.99033856,0.031960756,8.776335
0.8292418,1.596539,1.4497238,0.7672972,92.52997
0.7595935,0.63276976,0.9539171,0.12682372,16.696262
0.7998614,1.2590415,1.1975286,0.45918018,57.40747
25.790077,24.150103,0.94802636,1.6399746,6.358937
1.5645033,1.3434253,0.98339933,0.22107804,14.130877
2.498242,3.147606,1.3356024,0.649364,25.99284
0.6579797,1.9297296,1.400533,1.2717499,193.281
6.657237,1.4784222,1.4505601,5.178815,77.79225
0.22034127,0.94370186,1.4387907,0.7233606,328.29102
0.9616769,1.0585884,1.4561933,0.09691149,10.077344
20.294556,17.726292,1.0156413,2.568264,12.654942
0.8262844,2.3311539,1.3992066,1.5048695,182.12486
0.26042098,1.9139264,1.4554704,1.6535053,634.9355
0.78935945,1.0443463,1.4527091,0.25498688,32.303013
0.8639605,1.6039164,1.4491485,0.7399559,85.64696
14.558262,12.31833,0.9439365,2.239932,15.385985
0.91301227,0.43656224,1.1713798,0.47645003,52.184406
4.5564885,5.21559,1.3497771,0.6591015,14.465119
1.8517605,1.0885683,1.4561793,0.7631922,41.21441
6.2811074,7.2773657,1.2678887,0.99625826,15.861188
1.4072818,1.1331134,1.4552815,0.27416837,19.482124
1.6695124,1.0922635,1.4512148,0.57724893,34.575897
0.6248835,1.0490159,1.4561963,0.4241324,67.87384
0.9892459,1.0490311,1.4561963,0.059785247,6.043517
3.4573817,2.617834,1.4392643,0.83954763,24.282759
15.923364,16.166859,1.1582563,0.24349499,1.529168
12.143315,12.009833,1.3451545,0.13348198,1.0992218
0.23322766,1.0488002,1.4561962,0.81557256,349.68948
1.0314208,1.0479082,1.4561932,0.01648736,1.5985096
0.9543573,0.9680292,1.4367741,0.013671875,1.432574
2.1610043,1.3025949,1.230433,0.8584094,39.722706
0.6772232,0.23182285,0.9538527,0.44540036,65.768616
0.5306709,0.9198214,1.0058606,0.3891505,73.3318
22.618448,20.587929,0.94535655,2.0305195,8.977271
18.120682,3.4294996,1.3701891,14.691182,81.07411
1.1777666,1.2488528,1.053936,0.07108629,6.0356855
8.395631,9.237497,1.366252,0.8418665,10.027435
11.911976,8.154619,0.9787176,3.7573566,31.54268
0.78366613,1.0488437,1.4561963,0.2651776,33.838085
1.0724516,1.2791115,1.2422751,0.20665991,19.26986
6.9030313,7.129009,1.2171345,0.22597742,3.273597
14.969459,11.971069,1.0846432,2.9983892,20.030045
5.6102514,5.4790573,0.9134833,0.13119411,2.3384712
1.0992049,0.8652011,1.3750521,0.23400378,21.28846
0.60375446,1.4597844,1.4553993,0.8560299,141.78444
1.0872535,0.9020946,0.96466506,0.18515885,17.02996
0.5285305,8.236951,0.9592075,7.7084203,1458.4628
9.060045,5.692545,1.0355686,3.3675003,37.168694
0.5747332,1.5740039,1.4409556,0.99927074,173.86688
7.4042125,5.06449,1.003829,2.3397226,31.599884
0.63814753,0.09829366,0.90715533,0.5398539,84.59703
0.54421777,1.0193169,1.0638095,0.47509915,87.29945
0.5777806,0.0,1.1174667,0.5777806,100.0
8.386564,9.683565,0.99392647,1.2970009,15.465223
0.31530023,3.1428833,1.4008355,2.827583,896.79065
3.9695175,1.1682256,1.4561822,2.801292,70.57008
0.73120487,0.8533502,1.4526416,0.122145355,16.70467
1.4400073,1.7978741,1.2771107,0.35786676,24.85173
0.92211807,2.3389301,0.9486079,1.4168121,153.64758
0.8663513,0.92710596,1.1167365,0.060754657,7.0127044
0.7567269,2.4926548,0.9896317,1.7359278,229.39952
0.7813829,1.6634603,1.3573577,0.88207734,112.886696
0.38575342,0.89807916,1.3909242,0.51232576,132.81172
26.501593,21.834587,0.9650152,4.6670055,17.610283
11.233622,8.020412,1.2999665,3.2132092,28.603502
0.34124836,3.8879228,1.303343,3.5466745,1039.3235
0.78484106,1.6601484,1.4482261,0.8753073,111.526695
0.9582243,1.8344702,1.1965356,0.87624586,91.444756
0.38706297,2.5260873,1.00704,2.1390243,552.6295
0.9789497,1.2365406,1.0033524,0.25759083,26.312979
0.96558166,1.0342216,1.4561588,0.06863999,7.108668
11.391667,8.250892,1.0665482,3.1407757,27.570816
1.3416984,1.0490311,1.4561963,0.29266727,21.813194
0.84176934,2.401873,1.3703649,1.5601038,185.33626
18.98673,18.546034,1.2669538,0.44069672,2.3210773
10.634371,9.289138,1.1257104,1.345233,12.649859
0.7663333,0.24941957,1.1186249,0.5169137,67.45286
0.7584056,0.36816895,1.181781,0.39023668,51.454876
0.9445238,1.3296652,1.3941984,0.38514137,40.77625
13.401395,13.607798,0.98222816,0.20640278,1.5401589
0.5816074,1.0292408,1.4558637,0.44763345,76.96488
0.8587811,0.0,0.87468433,0.8587811,100.0
1.7958786,1.0019196,1.403927,0.793959,44.21006
1.0440302,2.018179,1.4471517,0.97414875,93.306564
1.0391958,0.8809517,1.1970977,0.15824407,15.227551
0.5948687,4.932433,1.235988,4.3375645,729.1633
23.89344,20.656258,1.018681,3.2371826,13.548416
0.4548954,0.0,1.013178,0.4548954,100.0
0.457409,0.4641589,1.0321393,0.006749898,1.4756811
2.514038,2.5093822,1.3325126,0.004655838,0.18519361
1.005897,1.0492561,1.4561963,0.04335904,4.310485
0.17994444,0.9846354,1.4509116,0.80469096,447.18854
5.4859395,7.119677,1.3645276,1.6337376,29.78045
1.1940804,2.1125364,0.9088868,0.9184561,76.91745
0.6844388,1.9132348,1.3995141,1.228796,179.53336
0.57176423,2.4990597,1.3601667,1.9272954,337.0787
0.38026932,0.0,1.4053535,0.38026932,100.0
8.185284,9.034631,1.3244576,0.8493471,10.3765135
0.51754946,10.926298,1.0170857,10.408749,2011.1603
2.4579809,1.999604,1.4432752,0.45837688,18.648514
2.7716393,1.0490311,1.4561963,1.7226082,62.151237
0.4316528,1.530558,1.4329847,1.0989052,254.5808
3.1333964,2.0111854,1.4352269,1.122211,35.814526
0.60549706,3.4742799,1.0454865,2.8687828,473.7897
1.3272362,1.4731941,1.4314669,0.14595795,10.997134
0.9631484,1.1046891,1.4322718,0.1415407,14.695628
0.22689165,6.1405764,1.1179464,5.913685,2606.3916
9.028106,8.544094,0.9590589,0.48401165,5.361165
0.7757306,0.0,1.3012533,0.7757306,100.0
0.36752895,0.0,0.8871152,0.36752895,100.0
0.19510715,1.7585027,1.4466567,1.5633956,801.3011
22.436733,21.192215,0.95162374,1.2445183,5.546789
1.0354812,1.1352236,1.4415661,0.09974241,9.632469
5.3007345,1.8140788,1.455588,3.4866557,65.77684
9.506024,8.695803,1.0527173,0.8102217,8.523245
0.9010921,0.15534317,0.9310805,0.74574894,82.76056
2.8829138,1.9056268,1.4522864,0.97728705,33.89928
0.83061254,2.2051616,1.4111459,1.374549,165.48619
0.08965828,0.85347164,1.4079804,0.7638134,851.91614
17.391792,16.578758,1.2441792,0.81303406,4.6748147
1.9744506,1.9901216,1.1935571,0.015671015,0.7936899
0.36260217,0.29884702,1.1812034,0.063755155,17.582672
0.5057877,0.45651805,1.1857208,0.049269617,9.741166
0.31173128,0.16775584,0.9556067,0.14397544,46.185753
0.6263042,0.86060715,1.3584172,0.23430294,37.410404
0.87007344,0.9352217,1.351075,0.065148234,7.487671
17.000454,14.264066,1.1713693,2.7363882,16.095972
8.399249,3.8649306,0.98212546,4.5343184,53.98481
1.0640924,1.683644,0.9677091,0.61955166,58.223484
0.53166854,1.7781506,1.440843,1.246482,234.4472
0.8374276,0.6454979,1.1909215,0.1919297,22.91896
4.491597,3.2981477,1.0996786,1.1934495,26.570715
10.842293,10.653844,0.9722821,0.1884489,1.7380909
1.345292,1.4636799,1.3814118,0.11838794,8.800167
1.2865939,1.0256438,1.3755325,0.2609501,20.282242
1.4245526,0.91573995,1.0826311,0.5088126,35.71736
0.28815472,2.3685694,1.0526962,2.0804148,721.97833
22.340128,19.155272,0.952769,3.1848564,14.256214
9.172078,6.9497557,0.97145575,2.2223225,24.229214
1.0471237,0.8036508,1.1829929,0.24347287,23.251589
0.41553295,3.1616435,1.4219348,2.7461104,660.8647
0.5744213,0.5085517,0.967255,0.06586957,11.467118
0.48923334,0.0,0.98912215,0.48923334,100.0
0.92872053,1.0483614,1.4561954,0.11964089,12.882335
7.5147996,8.11039,1.4085895,0.5955901,7.9255624
1.051014,0.45008826,1.0246072,0.6009257,57.175804
0.18969324,1.0489782,1.4561963,0.859285,452.9866
0.25763455,0.0,1.0803508,0.25763455,100.0
24.875269,12.105549,0.96496195,12.76972,51.335003
1.1147207,1.466327,0.92690873,0.35160625,31.542095
2.7288017,2.4856713,0.9886675,0.24313045,8.909788
0.4138888,1.4417794,1.3328558,1.0278906,248.34944
13.42617,14.116938,1.2038618,0.6907673,5.144932
13.55273,11.452434,0.94458234,2.100296,15.497218
0.97348493,1.0490396,1.4561963,0.07555467,7.7612567
0.9650269,1.0379872,1.4548931,0.07296032,7.560444
0.19200718,5.449932,0.95282966,5.257925,2738.4001
0.2252209,0.4224956,1.3016684,0.1972747,87.59165
13.986375,10.811371,0.9466106,3.175004,22.700693
2.0648236,1.3275712,1.4178784,0.7372525,35.70535
11.576302,12.545264,1.114715,0.96896267,8.370227
0.90791166,1.0335833,1.4560696,0.12567163,13.841834
0.42602444,1.7076557,1.2571225,1.2816312,300.83514
5.8772635,6.848133,1.0810777,0.97086954,16.519073
1.5553362,1.0279549,1.0370582,0.5273813,33.907864
0.12616572,0.82670635,1.3947635,0.70054066,555.2544
15.388939,16.653605,1.2333696,1.2646656,8.218017
9.333431,8.187655,1.0770247,1.1457758,12.27604
1.2130738,0.77833366,1.2237184,0.4347402,35.8379
12.731758,6.699109,1.031632,6.032649,47.382687
0.14494963,10.867547,0.96879476,10.722597,7397.465
0.88859355,0.0,0.9526318,0.88859355,100.0
0.7541188,1.1960454,1.4559575,0.4419266,58.601723
1.1395664,0.8807064,1.0351708,0.25886,22.715656
13.009289,9.265086,0.9598147,3.7442026,28.780994
16.846014,1.0409553,1.456188,15.8050585,93.82076
24.924139,26.885893,0.98048794,1.9617538,7.870899
0.88140285,1.1875792,1.4551169,0.3061763,34.737385
5.80581,5.9608665,1.4351618,0.15505648,2.6707122
0.7021819,0.68368983,1.2862831,0.018492043,2.6335118
0.92680633,0.6034864,1.036689,0.3233199,34.885384
1.2342843,0.31914717,1.0092936,0.9151371,74.143135
6.602731,5.8569837,0.97898513,0.74574757,11.294531
1.375819,0.76752317,1.3354169,0.6082958,44.21336
0.6037419,4.883565,1.0083332,4.2798233,708.88293
0.14202952,3.009451,1.402851,2.8674214,2018.891
1.2755798,1.0374829,1.4560268,0.23809695,18.665783
0.85569805,1.1778581,1.2752111,0.32216007,37.648804
6.057431,4.356531,1.0591729,1.7009001,28.079561
0.2918946,2.683793,0.9944563,2.3918984,819.439
9.2731085,7.9909935,1.1401982,1.282115,13.826162
1.3359963,1.0490313,1.4561963,0.286965,21.479477
26.61624,23.421873,0.9334865,3.1943665,12.00157
4.0578866,3.3821297,1.3140165,0.67575693,16.652927
1.8410271,1.610435,1.3760954,0.23059213,12.525189
1.7233659,1.0482191,1.456089,0.6751468,39.176056
9.958893,10.17769,0.911534,0.21879673,2.1969986
0.09886562,1.0481544,1.456195,0.9492887,960.1808
25.997572,24.185152,0.95073897,1.8124199,6.9714966
7.832447,5.7533827,1.4345633,2.0790644,26.54425
3.2071438,2.6239119,1.4123826,0.5832319,18.1854
12.609169,7.36808,0.96874,5.241089,41.565697
10.514594,10.680319,1.1633599,0.16572475,1.5761403
15.442035,3.927774,1.3964603,11.514261,74.56441
1.9300998,1.0490311,1.4561963,0.8810687,45.64887
0.99558514,1.0315024,1.4557018,0.035917222,3.6076496
1.0912316,1.0490311,1.4561963,0.042200446,3.867231
0.42073995,0.0,0.9489365,0.42073995,100.0
0.17079493,1.0403699,1.4560679,0.8695749,509.13388
0.96608853,1.1084684,1.4227552,0.14237988,14.737767
9.193795,7.222522,1.1263248,1.9712734,21.441347
0.3789659,9.768631,1.0696553,9.389665,2477.707
0.39857182,1.0290061,1.4556327,0.6304343,158.17331
1.0009121,0.8584156,1.4183093,0.14249647,14.236662
0.95495963,1.1443912,1.2370534,0.18943155,19.836603
0.72261345,0.19347173,0.98219836,0.5291417,73.22611
1.3625367,1.2652745,1.4184791,0.097262144,7.138314
1.355377,1.4141389,1.33713,0.058761954,4.3354692
18.536055,22.379515,1.001298,3.84346,20.73505
0.23141941,2.3454542,0.9815937,2.114035,913.508
0.58508265,1.0484607,1.4561963,0.46337807,79.19874
0.7860404,0.98710465,1.4321378,0.20106423,25.579374
6.795606,6.222883,0.9776674,0.5727229,8.427842
0.10059952,9.516223,1.0646566,9.415624,9359.512
18.849539,19.160925,1.1797007,0.3113861,1.6519561
18.571814,17.897999,0.9904599,0.6738148,3.628158
1.4834913,0.8274413,1.3644255,0.65605,44.22338
1.4487306,1.2360268,1.3028722,0.21270382,14.682082
0.65885663,0.60349035,1.3610193,0.055366278,8.403388
0.43212298,0.0,0.93970275,0.43212298,100.00001
0.7820363,0.09971845,1.3160836,0.68231785,87.24888
0.53703815,0.8519783,1.4409207,0.31494015,58.643906
0.7516688,1.5105706,1.3661996,0.75890183,100.96226
11.347664,9.679586,0.9682657,1.6680775,14.699742
20.691616,22.30553,0.95935726,1.6139145,7.7998476
17.721691,16.62347,1.2542201,1.0982208,6.197043
0.9262509,1.0490311,1.4561963,0.12278026,13.255617
0.36390957,0.0,0.9757163,0.36390957,100.0
0.40505594,3.7012882,0.9925564,3.2962322,813.7721
1.242984,0.96763045,1.2881501,0.2753536,22.152626
1.0689448,0.6751667,1.398257,0.3937781,36.838017
17.865032,10.200532,1.0130836,7.6645,42.902245
0.435613,2.79993,1.3911382,2.3643172,542.75635
15.579006,6.7674227,1.023484,8.8115835,56.560623
14.172679,11.219802,1.3035178,2.952877,20.834997
1.0857697,0.68744993,1.0044823,0.39831972,36.68547
1.4280926,1.0496724,1.4561962,0.37842023,26.498297
0.849637,1.1923025,1.3611538,0.3426655,40.33081
0.57497305,1.1144587,1.4548625,0.53948563,93.82799
6.1005387,6.251924,1.3135164,0.1513853,2.4815073
19.32596,15.910733,1.1062338,3.415227,17.671707
1.5196134,1.0473465,1.4561958,0.4722669,31.078096
1.0201949,1.5751898,1.0400027,0.55499494,54.40087
0.6786069,1.3000091,1.3580269,0.6214022,91.570274
1.8526431,1.9372466,1.4311389,0.08460343,4.5666337
2.1985843,1.4674333,0.9601724,0.731151,33.255535
9.655118,4.4401507,1.2764026,5.2149673,54.012463
0.43283266,2.1694734,1.2302479,1.7366407,401.2268
1.3650373,0.95771956,0.9972976,0.40731776,29.839314
1.4628421,0.7362822,0.9416181,0.7265599,49.66769
21.71983,17.979666,0.9576268,3.7401638,17.220043
14.042963,12.954224,1.3667095,1.0887394,7.752918
0.8650626,0.0,0.9755906,0.8650626,99.99999
1.5304883,0.9264656,1.4290805,0.6040227,39.46601
9.110728,8.657762,1.1096967,0.4529667,4.9717946
0.36663732,4.468074,1.0306994,4.1014366,1118.6632
0.54001796,0.64990026,1.1508638,0.109882295,20.347897
21.81685,15.948868,0.9682775,5.867983,26.896563
5.5141344,3.8498836,1.2006929,1.6642509,30.181541
0.8645405,1.0051252,1.4558687,0.14058465,16.261198
0.21648344,6.6215096,0.95682186,6.405026,2958.668
0.62952393,4.712342,1.0266662,4.082818,648.55646
19.126848,13.5345545,1.0058798,5.5922937,29.237926
0.54138297,0.9678212,1.4555994,0.4264382,78.76831
0.7922002,1.0515168,1.3311664,0.25931656,32.733715
2.9137244,2.1608763,1.4367248,0.75284815,25.838001
0.623014,1.8325077,1.3992176,1.2094938,194.1359
0.9578708,0.048199654,0.9233708,0.9096711,94.96804
1.5123206,0.5554843,1.2776165,0.95683634,63.26941
0.8180757,1.2195498,1.3559955,0.40147406,49.075417
0.7100633,7.970854,1.0930377,7.2607903,1022.5554
1.018575,1.0495946,1.4561963,0.031019688,3.0454006
0.8343356,2.1458604,1.3538374,1.3115249,157.19391
0.6818912,1.2649783,1.1824648,0.5830871,85.510284
0.7191983,1.0482445,1.4561963,0.3290462,45.7518
14.09951,11.355393,1.0178491,2.7441168,19.462498
16.741684,10.835407,0.9453105,5.9062767,35.27887
0.8397686,0.128173,1.2687774,0.7115956,84.73711
0.6025865,0.0,1.1147871,0.6025865,100.0
0.24988507,0.0,0.9975461,0.24988507,100.0
0.8411639,1.1366076,1.4058568,0.29544377,35.12321
0.908233,1.1209083,1.4551574,0.21267527,23.416378
18.606644,17.132055,1.0350047,1.4745884,7.9250636
0.62335604,3.0913033,1.3370227,2.4679472,395.91293
20.46059,17.033564,1.1102031,3.4270267,16.749403
0.118833,0.1403141,1.1812224,0.021481104,18.076715
1.4856595,1.0431466,1.4561291,0.44251287,29.785618
0.2563943,1.4329499,1.1407801,1.1765556,458.88525
1.0492153,1.0473068,1.4544872,0.0019085407,0.18190172
1.2376673,1.0489448,1.4561963,0.18872249,15.248241
17.182041,17.163862,1.2298242,0.01817894,0.10580198
0.90035886,0.95831835,1.4286944,0.057959497,6.4373775
4.203697,2.7748976,0.96017724,1.4287996,33.989117
0.19822267,7.3858237,1.0601853,7.187601,3626.024
0.78451324,0.66436434,0.9033628,0.1201489,15.315088
2.282214,4.216554,1.4464978,1.9343402,84.75718
13.56705,12.386279,1.3081862,1.1807709,8.703225
1.3860227,0.6797727,1.0423905,0.70625,50.955154
0.21404162,8.887891,0.9679056,8.673849,4052.4124
0.7960729,1.2311589,1.4561448,0.43508595,54.654034
2.7383525,1.0555415,1.4561963,1.682811,61.453407
10.684285,8.763006,1.0618471,1.921279,17.982288
0.51946694,0.8980515,1.4537683,0.37858456,72.87943
0.41411844,1.8246362,1.4476339,1.4105178,340.60736
1.6872842,0.88460696,1.3836317,0.8026773,47.572144
0.60731155,0.60107553,1.1013727,0.0062360168,1.0268234
1.2233785,1.2489488,0.9599903,0.025570273,2.0901358
0.8678649,2.3819356,1.3784465,1.5140707,174.45926
18.161697,18.086601,1.1703308,0.07509613,0.4134863
0.6278264,0.38418037,0.9471635,0.24364603,38.807865
5.3761115,5.0553117,1.4409648,0.32079983,5.967135
0.9822296,1.048959,1.4561962,0.06672943,6.7936687
0.8412105,1.0490311,1.4561963,0.20782065,24.704954
1.0673969,1.0490402,1.4561963,0.01835668,1.7197615
0.9906751,1.1601756,1.43393,0.16950047,17.109592
0.96877015,1.4999318,1.3179731,0.53116167,54.82845
1.9067214,1.3058543,1.015064,0.60086703,31.513102
15.895795,12.863513,1.0935,3.0322819,19.076
0.68740535,0.96077543,0.91960114,0.2733701,39.7684
22.795135,20.47559,0.9480309,2.3195457,10.175617
0.8592397,0.98194337,1.4489386,0.12270367,14.280493
0.8317379,1.3928305,1.3471755,0.5610926,67.460266
0.6579141,1.0630332,1.3480858,0.40511912,61.576294
4.1837444,4.3144917,1.0217875,0.13074732,3.1251268
0.3330699,1.3970101,1.184999,1.0639402,319.4345
1.1315151,1.0085922,1.4535441,0.1229229,10.863566
0.5020206,2.7527006,1.0695137,2.25068,448.32422
3.5540714,3.5946631,0.918393,0.040591717,1.1421188
0.77553976,1.4009019,1.448935,0.62536216,80.635735
1.6058569,1.0489281,1.4561963,0.55692875,34.681095
0.7198212,1.1399077,1.0496304,0.4200865,58.35984
0.49242708,1.9424158,1.048397,1.4499887,294.45755
0.8617528,0.9774147,1.4480655,0.11566192,13.421704
6.4260025,6.0521517,0.9410969,0.37385082,5.817782
0.8567621,0.665895,1.1221858,0.19086713,22.277727
0.90498155,1.0368533,1.3424481,0.13187176,14.571762
1.0295813,0.6413077,0.95801723,0.3882736,37.711796
0.84322023,1.0490311,1.4561963,0.2058109,24.407728
1.3349146,1.4630954,0.9150406,0.12818086,9.602178
0.67517,1.061842,1.4434974,0.38667196,57.27031
0.523375,0.0,0.96436834,0.523375,100.0
1.4515789,1.358106,1.0296408,0.09347284,6.439391
19.212866,20.663984,1.1940695,1.4511185,7.5528474
0.23948821,10.575055,1.0275445,10.3355665,4315.689
0.84120506,0.44621956,1.284009,0.3949855,46.954723
0.35204268,0.68779814,1.1300958,0.33575547,95.37351
2.4096892,2.128951,1.1892072,0.28073812,11.650387
16.364744,9.715503,0.9615059,6.6492414,40.6315
17.245754,15.122681,0.96202147,2.1230736,12.310703
0.60440034,1.5915755,1.4134079,0.98717517,163.33133
23.213133,26.433979,0.957421,3.2208462,13.875104
0.45062378,1.0218523,1.3934106,0.5712285,126.76395
17.324469,15.218975,0.98256874,2.1054935,12.153294
1.0880408,0.7421572,1.3250661,0.3458836,31.78958
8.932826,2.4853387,1.3596721,6.4474874,72.17746
25.716604,15.357653,0.943312,10.358952,40.281178
1.0049244,1.4799232,1.0498971,0.47499883,47.26712
13.170002,14.397454,1.192234,1.2274523,9.320061
18.245384,15.527878,0.98768884,2.7175064,14.894213
0.9133381,0.7552919,1.2904605,0.15804625,17.304243
0.9531112,0.84835374,1.2331618,0.10475743,10.991102
0.9520303,1.9420009,1.3482159,0.98997056,103.98519
8.1973715,8.336221,0.9197259,0.13884926,1.6938266
0.40729356,3.5816908,1.3398987,3.1743972,779.38806
2.6954684,2.3805933,0.9725174,0.31487513,11.681647
0.63484716,0.57213706,1.1680664,0.06271011,9.877984
0.49769285,0.6872972,1.0053322,0.18960437,38.096664
0.41619727,4.3660216,1.1300709,3.9498243,949.0269
0.30617714,16.226736,1.006524,15.920559,5199.787
19.46214,17.82178,0.92224,1.6403599,8.428466
0.221468,1.0490233,1.4561963,0.8275553,373.66812
0.7310642,0.9751738,1.4555225,0.24410957,33.39099
7.8582163,5.648734,1.0175831,2.2094822,28.11684
1.2082072,0.60301566,0.9187158,0.6051916,50.090046
0.5159892,0.6386071,1.4388615,0.1226179,23.763657
1.2344186,0.99125355,1.4152355,0.24316508,19.698753
0.83667374,0.15706372,1.0992978,0.67961,81.2276
2.6913934,3.0195532,1.4221355,0.3281598,12.192933
0.123631954,2.234705,1.0972024,2.111073,1707.5464
3.9428113,4.3325205,1.0158737,0.38970923,9.884046
0.7575162,1.0838497,1.3651047,0.32633346,43.079403
13.001414,10.321683,1.1614892,2.6797314,20.611076
1.8156893,1.0521214,1.390561,0.7635679,42.05389
0.87172025,1.3260959,0.938984,0.45437568,52.124027
0.9256209,0.55495644,1.2752649,0.37066448,40.044956
0.88812935,1.0490032,1.4561963,0.16087389,18.11379
1.0182234,1.2094419,0.9300847,0.1912185,18.779621
1.8670884,1.2085471,1.4450084,0.6585413,35.27103
0.24258813,1.0310029,1.4556748,0.7884147,325.00134
0.71956414,0.065472186,0.94369197,0.65409195,90.90113
0.2287641,4.5039115,0.9450831,4.2751474,1868.8016
6.1933093,5.798887,1.2224003,0.39442253,6.3685265
0.43311235,1.0320653,1.0645036,0.5989529,138.29042
0.7694095,0.16473842,1.035724,0.60467106,78.58898
1.5041072,0.7935748,0.9997253,0.7105324,47.239483
1.0945634,1.0113456,0.98172843,0.08321774,7.6028247
0.655055,0.44532382,0.9868326,0.20973116,32.017338
1.4567021,1.0490311,1.4561963,0.40767097,27.985886
0.4522961,0.9018335,1.4540156,0.44953737,99.39005
1.0642642,1.0251027,1.4521701,0.039161444,3.6796732
0.88075715,1.078349,1.1748981,0.19759184,22.434315
0.29537484,1.7980961,0.97804576,1.5027212,508.75058
0.8102879,1.9179331,1.4197276,1.1076453,136.69774
0.8249145,0.9274743,1.437667,0.102559805,12.432779
1.1130065,0.6302843,0.90888613,0.48272216,43.371014
0.7343778,1.0527426,1.4561963,0.3183648,43.351635
19.269596,14.866943,1.1439582,4.4026527,22.847664
0.87158185,1.631547,1.4408946,0.7599651,87.19378
0.7738925,0.97232395,1.4531296,0.19843143,25.640697
3.474353,1.4964981,0.97855324,1.977855,56.927288
1.1688926,0.916653,1.1885415,0.25223964,21.579369
1.3302498,1.5919607,1.0972797,0.26171088,19.673817
1.613068,1.1445673,1.3513554,0.46850073,29.044079
0.49632958,1.1895641,1.4561679,0.69323456,139.67223
0.74622107,0.0,0.9213467,0.74622107,100.0
11.796099,11.575827,1.3073648,0.22027206,1.8673298
6.3727894,7.162145,1.2554338,0.78935575,12.386347
16.685522,14.745178,0.97178936,1.9403439,11.628907
16.0672,10.5780115,0.991867,5.489188,34.16394
0.45840904,5.3449726,1.3160713,4.886564,1065.9833
1.0164423,1.116357,1.4561936,0.09991467,9.829842
0.516542,5.759447,1.0174602,5.242905,1015.00073
0.98305064,0.32704926,0.95632327,0.6560014,66.731186
0.53983986,1.3880996,1.3900875,0.8482597,157.13171
0.4243126,1.7971239,1.2407005,1.3728113,323.53772
21.221542,19.200638,0.9682693,2.0209045,9.522892
0.28104383,7.453497,1.2092184,7.172453,2552.0764
11.0043,5.2785616,0.95372194,5.7257385,52.03183
0.62052685,9.242488,1.023311,8.621961,1389.4581
6.0208178,5.652685,1.2568887,0.3681326,6.114329
1.8256638,1.5969014,1.3045108,0.22876239,12.530368
0.7881345,1.0485244,1.4561962,0.26038986,33.038757
12.078448,10.220623,1.3842862,1.8578253,15.381325
0.41467163,0.0,0.9523452,0.41467163,100.0
1.037457,1.2090963,1.4548088,0.17163932,16.544235
0.50262773,0.70340854,1.4296303,0.20078081,39.946228
1.0469854,1.0336813,1.3934362,0.013304114,1.2707068
1.9812479,1.4155561,0.95529765,0.5656918,28.5523
9.850393,7.0776434,0.985735,2.77275,28.148623
0.18852443,0.0,0.9535853,0.18852443,100.0
2.436145,1.6941197,1.0426823,0.7420254,30.458998
12.806014,11.408036,1.3008682,1.3979778,10.916574
0.56271935,0.6969788,1.4438996,0.13425946,23.859045
6.5635486,6.863241,1.3278989,0.29969263,4.5660152
0.76016194,1.182978,0.96032,0.4228161,55.621845
0.4900772,1.0592599,1.4561962,0.5691827,116.14143
0.6355764,1.942957,1.2042688,1.3073807,205.7
0.7474762,0.48876035,1.2275264,0.25871587,34.61192
1.1725316,1.0559084,1.445058,0.11662316,9.94627
0.72024375,1.0132136,1.2582172,0.29296988,40.67649
0.5963554,1.2063928,1.4526831,0.6100374,102.29427
0.901731,0.89199346,1.1109885,0.009737551,1.0798732
0.4843168,0.0,1.1210232,0.4843168,100.0
7.172275,1.0491562,1.4561963,6.123119,85.37206
0.953643,0.27446556,0.9248366,0.67917746,71.21925
3.4288454,3.0245943,1.4023488,0.4042511,11.789715
0.27742887,5.729953,1.1608528,5.452524,1965.3774
1.4979457,0.8477589,1.1585686,0.6501868,43.40523
0.20532244,0.8864113,1.3938414,0.68108886,331.7167
0.6298255,0.5881519,1.0710001,0.0416736,6.6166906
0.5539493,0.08105838,0.98512906,0.4728909,85.36719
0.2401805,1.1882777,1.2800817,0.9480972,394.74362
1.5387229,1.0490583,1.4561963,0.48966455,31.822788
23.971886,23.588179,1.1962,0.38370705,1.6006544
0.52180326,0.15957302,0.94679683,0.36223024,69.41893
13.890344,10.937636,0.985818,2.9527073,21.257265
16.877996,12.244328,1.1897808,4.633669,27.453903
13.1085825,8.808024,0.94302565,4.300558,32.807194
0.59688354,2.4781084,0.9464158,1.8812249,315.17453
0.8935318,0.0,0.96423256,0.8935318,100.0
0.77847844,1.0369473,1.4561808,0.2584688,33.201794
18.611673,16.430635,1.021915,2.181038,11.718656
3.4027467,1.876584,1.1342965,1.5261626,44.850903
28.6293,23.609627,0.9195348,5.0196724,17.53334
0.6022987,1.0354346,1.4561791,0.43313593,71.91381
1.3995844,1.750499,0.9919806,0.3509146,25.072773
0.44020975,1.0848007,1.4480449,0.644591,146.42815
1.0013417,1.1092294,1.4558178,0.107887745,10.774319
0.725018,0.97592515,1.3371688,0.25090712,34.607018
19.428171,20.271221,0.9647999,0.84305,4.3393173
7.8658743,8.526612,1.1610502,0.660738,8.400058
0.32454076,8.80057,1.0324696,8.476028,2611.6992
0.94070184,1.2832093,1.4485244,0.34250748,36.409782
0.96071917,1.0370569,1.1874098,0.076337755,7.945897
1.5989095,0.8725966,1.4121902,0.7263129,45.425514
1.1318367,1.0575948,1.0305839,0.07424188,6.5594163
2.447276,2.4262266,0.9362797,0.0210495,0.8601195
1.1626862,1.0417498,1.4560171,0.120936394,10.401464
0.665086,2.6571589,1.3370981,1.9920728,299.5211
2.072926,2.113861,1.3741676,0.04093504,1.9747467
0.7293294,1.5614932,1.4426,0.83216375,114.09985
1.0547639,0.94234073,1.4139062,0.11242318,10.658611
1.25485,1.0490311,1.4561963,0.20581889,16.401873
0.20720789,0.18912172,1.2137305,0.018086165,8.728512
0.99334806,2.0773745,1.3247937,1.0840263,109.12855
0.22301447,0.97267747,1.0863206,0.749663,336.14993
1.4568099,1.2850436,0.96864027,0.17176628,11.790576
0.84521097,0.7854121,1.3638016,0.059798896,7.0750265
1.23199,0.9922033,1.4503964,0.23978668,19.463364
0.60517746,1.0490305,1.4561963,0.44385308,73.34263
0.8647169,2.180492,1.3380548,1.315775,152.16252
0.4367675,0.0,1.4023263,0.4367675,100.0
2.230149,1.6204876,1.3125522,0.60966146,27.337252
14.540754,13.36461,1.3226339,1.1761446,8.088608
0.85675204,1.1984257,1.3653909,0.3416736,39.880108
0.8614384,1.4229406,1.1301829,0.5615022,65.18194
12.586181,2.4156218,1.420256,10.170559,80.80735
13.535442,11.634404,1.3117348,1.9010382,14.044891
0.65108997,0.4069907,0.9037396,0.24409926,37.490864
0.59825516,1.3234295,1.45209,0.7251743,121.21489
1.6295644,1.081176,1.455991,0.54838836,33.65245
3.4004102,2.789698,1.3736389,0.6107123,17.959959
18.69697,17.645086,1.1400887,1.0518837,5.625958
0.9172658,1.0432655,1.4561318,0.12599969,13.736443
0.61444527,1.0349169,1.4561764,0.4204716,68.43109
23.414635,14.271257,0.9792655,9.143377,39.04984
0.6346357,0.938803,1.4343936,0.30416733,47.927864
15.107315,10.865183,0.95376456,4.242132,28.079988
0.46008378,1.0487454,1.4561963,0.5886616,127.94661
0.9772196,0.62906855,1.2592387,0.34815103,35.626694
2.3967173,3.12789,1.3115712,0.7311728,30.507261
0.48149303,5.078993,1.0375525,4.5975,954.84247
1.3635875,1.8579743,1.0855707,0.4943868,36.25633
0.8638254,1.2606602,1.3725352,0.3968348,45.939236
0.32937124,0.23608577,1.2175878,0.09328547,28.322289
0.9682302,0.6162363,1.2905208,0.35199386,36.35436
1.3969855,1.1780581,1.4347956,0.21892738,15.671413
3.059291,2.1365178,0.9682943,0.9227731,30.162975
0.53524244,0.9929954,1.4429808,0.45775294,85.522545
0.120723136,0.0,1.0447006,0.120723136,100.0
0.93163484,0.4880141,1.0762911,0.44362074,47.61745
0.60552186,4.869031,1.2875423,4.2635093,704.1049
0.3427909,0.13294041,0.99121624,0.20985049,61.21822
0.5304642,0.0,0.9862361,0.5304642,100.0
0.27814242,0.21638775,1.1124516,0.061754674,22.202538
0.68504655,0.64802504,1.2566772,0.037021518,5.404234
0.5516486,0.48983914,1.1222074,0.06180948,11.204502
0.9718309,1.3131894,1.3259715,0.34135848,35.125298
0.18453526,6.545089,1.0356805,6.3605537,3446.7957
1.076423,0.72596437,1.1021798,0.35045868,32.55771
0.18323696,0.87392604,1.453133,0.6906891,376.93765
1.6925513,1.0610657,1.4561538,0.6314856,37.30969
15.208842,15.372672,0.9409527,0.1638298,1.077201
1.7946498,1.2862058,1.3217142,0.5084441,28.3311
19.838415,16.24496,0.952142,3.5934544,18.113615
1.0525346,1.4508936,0.98142844,0.39835906,37.8476
19.751839,15.718469,0.9400127,4.03337,20.420225
0.6658158,1.0320678,1.4302131,0.366252,55.00801
1.234974,1.2851115,0.9517354,0.05013752,4.0598035
0.547248,0.0,1.3439597,0.547248,100.0
3.4096415,4.663048,1.3971134,1.2534063,36.760647
1.130801,1.2781628,1.4532529,0.14736187,13.031636
1.4417672,1.2407146,0.9686285,0.20105267,13.944877
0.85055166,1.20668,1.4561769,0.3561284,41.87028
0.74011195,1.503015,1.3854791,0.7629031,103.079414
0.7043482,1.4594785,1.1123471,0.7551303,107.2098
1.7677324,1.0490692,1.4561963,0.7186632,40.654522
1.2845653,1.0470958,1.0135502,0.23746955,18.486374
0.25474882,0.9587918,1.4433465,0.704043,276.3675
7.2527323,8.898353,0.9717041,1.6456203,22.689661
0.7267742,0.9139452,1.3879534,0.18717098,25.753662
0.2249524,6.8558154,0.9470549,6.630863,2947.6738
10.735644,12.586919,1.0851624,1.8512745,17.244184
0.30602017,2.8948903,1.2783368,2.58887,845.98016
0.7009923,0.7107943,1.2671995,0.009802043,1.3983097
0.89934474,2.597271,1.3795278,1.6979263,188.79594
11.3859215,10.591585,1.2890625,0.7943363,6.976478
0.63987076,0.2450828,1.2323023,0.39478797,61.698082
1.0371083,0.9459162,1.4193565,0.091192126,8.792923
0.85658014,3.676746,1.2821093,2.8201656,329.23547
26.817707,29.665833,0.9575392,2.8481255,10.620317
24.420431,22.052967,0.9476397,2.367464,9.694604
0.55885434,0.0,1.1990908,0.55885434,100.0
11.57548,9.709091,1.3826596,1.8663893,16.123644
0.9179334,0.3713538,1.0121565,0.5465796,59.54458
2.0230203,1.155769,1.453154,0.8672513,42.869133
0.59112895,2.5869684,1.3844103,1.9958395,337.63184
0.8411745,1.0491121,1.4561963,0.2079376,24.719913
1.9853714,2.2028155,1.3338712,0.21744418,10.952318
6.638232,5.7109895,1.1996163,0.92724276,13.968218
1.0229797,0.64348793,1.0213082,0.3794918,37.096706
0.41294125,1.6929091,0.9906622,1.2799679,309.96368
0.527131,0.65964067,1.4396353,0.13250965,25.137897
15.839783,15.687191,1.280745,0.1525917,0.9633447
10.008192,1.1574622,1.4558872,8.85073,88.43485
0.9419943,1.1107188,1.4561931,0.16872454,17.911417
0.09074688,0.80342424,1.3727427,0.71267736,785.34644
1.0579733,1.0490316,1.4561963,0.00894165,0.8451679
6.859074,7.2003307,0.9615646,0.34125662,4.975258
0.7861542,0.62712646,1.1118919,0.15902776,20.22857
0.44538292,2.8076663,0.99637216,2.3622835,530.3938
0.45119357,2.1544278,1.453905,1.7032342,377.49524
0.4315922,1.4104033,1.4560537,0.978811,226.79071
1.1373032,1.3717217,1.4532968,0.23441851,20.611786
17.057468,8.804821,1.0055182,8.252647,48.38143
0.9318486,1.0531795,1.4561963,0.12133092,13.020454
7.1198564,7.188476,0.91349787,0.06861973,0.9637797
11.187833,10.627622,1.0174917,0.5602112,5.007325
0.4932529,0.0,1.3238035,0.4932529,100.0
0.93065304,1.9331721,1.2306811,1.0025191,107.722115
11.330565,11.744886,1.1997015,0.41432095,3.656666
1.2197955,0.6485847,1.2402117,0.57121074,46.828403
0.9604044,1.4649694,1.3128841,0.504565,52.536724
1.5220771,0.8601669,1.2843574,0.6619102,43.487297
0.5324811,0.0,0.96375734,0.5324811,100.0
0.16264203,1.0089582,1.453733,0.8463162,520.35516
0.5603871,0.70120215,1.4452673,0.14081508,25.128181
0.2196184,11.534152,1.1585261,11.314533,5151.9062
1.3239712,0.97759885,1.4447848,0.3463723,26.16162
0.64015687,0.0,0.94500643,0.64015687,100.0
0.54549754,4.8024206,0.9743936,4.256923,780.3744
2.217309,2.1236234,1.219225,0.09368563,4.225195
0.8002615,1.0109929,1.4558284,0.21073139,26.332817
0.49067113,2.2741208,1.1521069,1.7834496,363.4715
19.898155,12.379154,1.0303128,7.519001,37.787426
1.5621059,1.0671848,1.4561894,0.4949211,31.68294
0.55682725,0.8120888,1.4502505,0.25526154,45.84214
0.44301617,0.5852476,1.2582352,0.1422314,32.10524
12.241606,11.98109,1.100961,0.26051617,2.128121
0.48118484,0.0,0.96146965,0.48118484,100.0
0.5912652,1.0490592,1.4561963,0.45779395,77.42616
0.8436202,1.141304,1.4543544,0.29768384,35.286476
15.031189,11.8329315,1.1135166,3.1982574,21.277475
0.58235335,1.0235337,1.4561337,0.44118035,75.75819
2.9053237,1.0490311,1.4561963,1.8562926,63.892796
13.84908,8.369539,1.0459343,5.479541,39.5661
0.73925966,0.43548465,0.94404656,0.303775,41.091785
0.24158424,2.9017553,1.1076908,2.660171,1101.136
0.77969545,1.4052297,1.439553,0.62553424,80.22802
0.792911,0.03448379,0.9940552,0.7584272,95.650986
4.084692,3.2167501,1.2411232,0.86794186,21.24865
0.1494705,10.136977,0.9528189,9.987507,6681.9253
0.75009215,0.0,0.9217398,0.75009215,100.0
3.1711123,2.6319828,0.9842582,0.5391295,17.001274
8.95722,8.546765,1.1999403,0.41045475,4.58239
15.037815,14.552765,1.319588,0.4850502,3.2255363
7.60861,6.779015,0.9017782,0.8295951,10.903373
0.8897232,1.0490329,1.4561963,0.15930974,17.90554
1.2349654,0.8816744,1.2098054,0.35329103,28.60736
0.46064234,5.0127406,1.0419834,4.5520983,988.20667
0.5829019,0.27267706,0.96863025,0.31022483,53.220764
24.020056,21.505096,0.942257,2.5149593,10.470248
0.42299202,0.0,1.1503172,0.42299202,100.0
2.6973333,2.5565624,1.2451503,0.14077091,5.218892
0.72169983,1.4934874,1.3829017,0.7717875,106.94023
0.8387253,1.0454789,1.4561949,0.20675361,24.650932
0.23187074,0.85782886,1.4512528,0.6259581,269.95993
1.0042785,1.1964828,0.9438669,0.19220424,19.13854
14.343286,1.637174,1.4507134,12.706112,88.585785
6.3894677,4.8903193,1.4380429,1.4991484,23.462807
1.036086,1.5382408,0.9206461,0.5021548,48.466522
0.7086067,1.0490078,1.4561963,0.34040105,48.03808
2.0543523,4.2553782,1.4452045,2.201026,107.139656
2.524099,2.6586413,1.3883119,0.13454223,5.330307
18.673079,16.942806,0.9601004,1.7302723,9.266132
0.71997976,0.5054592,0.94434834,0.21452057,29.79536
0.416782,3.2594252,1.0833992,2.8426433,682.0456
0.6130719,0.0,0.9869074,0.6130719,100.0
1.4653105,3.5022583,1.2850664,2.0369477,139.01135
5.232516,6.1332827,1.3030461,0.90076685,17.214794
0.5202384,1.0490311,1.4561963,0.52879274,101.64431
0.25477782,0.9067554,1.0869988,0.65197754,255.90044
0.8679028,0.9984101,0.9489953,0.13050729,15.037086
1.3343841,1.5880105,0.98097,0.25362647,19.007006
1.0304506,1.3875443,1.1556388,0.3570937,34.654133
1.1053743,0.7519343,1.4197187,0.35344005,31.974693
0.5951631,1.2084664,0.97236013,0.6133033,103.047935
5.063474,2.1670496,1.3605062,2.8964245,57.202316
3.6928294,4.078549,1.357099,0.38571954,10.445095
0.9417957,0.50093675,0.878217,0.44085896,46.810467
0.2558092,0.0,0.9684108,0.2558092,100.0
1.4122609,1.0490311,1.4561963,0.36322975,25.719734
0.693296,0.78361523,0.9394903,0.090319216,13.027511
0.89431244,1.0790561,1.4183873,0.1847437,20.657625
0.5424558,0.030095935,0.9625513,0.51235986,94.45191
0.8086426,1.048799,1.4561963,0.24015641,29.698708
1.9782985,1.1434786,1.4550683,0.8348199,42.198887
1.9840608,2.1772037,1.3691258,0.19314289,9.734727
0.39373735,2.9261918,0.981013,2.5324545,643.1837
0.44358197,2.7338123,1.3897468,2.2902303,516.3037
1.0057179,1.0006672,1.4423417,0.005050659,0.5021944
1.4933695,1.0439098,1.4561437,0.44945967,30.09702
0.5604672,1.0480211,1.4561944,0.4875539,86.99062
0.8355153,0.0,0.8879558,0.8355153,100.0
19.087841,13.406341,0.9530796,5.6815004,29.765022
0.298906,1.031417,1.454855,0.73251104,245.06403
4.1513596,3.2942166,1.4491484,0.8571429,20.647284
0.75533175,0.7435491,1.3580252,0.011782646,1.55993
15.297561,15.756825,1.1741202,0.45926476,3.0022092
0.426832,1.4159868,1.1381404,0.9891548,231.74336
1.0036066,0.9300256,0.92924684,0.07358098,7.331656
3.1678362,3.027614,0.8806706,0.14022207,4.4264307
0.97744733,1.072134,0.93089336,0.09468669,9.6871395
0.45316932,0.3698839,1.2447643,0.08328542,18.378433
2.6390731,1.9514476,1.31975,0.6876255,26.055569
0.5213889,13.133039,0.9825327,12.61165,2418.8567
0.52680665,0.59578496,1.3888625,0.06897831,13.093667
25.54618,30.106918,0.95473003,4.5607376,17.852913
2.046928,1.794327,1.4276644,0.2526009,12.340488
1.3632859,0.93880457,1.2606375,0.42448133,31.136633
0.5799187,1.8068082,1.4089744,1.2268896,211.56236
1.4634687,1.0489686,1.4561963,0.41450012,28.32313
8.491068,8.364104,1.2779219,0.12696362,1.4952608
3.1674652,2.9000883,0.9645715,0.2673769,8.441353
1.0781286,1.248564,1.2686808,0.17043543,15.808451
0.94074154,1.3048604,1.0181522,0.3641188,38.70551
0.6763756,1.0498188,1.4561962,0.37344313,55.21239
21.000269,21.94495,0.94979864,0.94468117,4.498424
0.86023164,0.8634868,1.3936712,0.0032551885,0.37840837
19.495771,17.020914,0.960439,2.4748573,12.694329
7.473735,7.795124,1.2557044,0.3213892,4.300249
15.211432,7.77614,0.9869447,7.4352922,48.879635
1.7868532,1.2397494,1.4359542,0.54710376,30.618282
0.98384327,0.84898543,1.4203632,0.13485783,13.707248
1.1763979,1.0490412,1.4561963,0.12735677,10.825994
23.71224,15.281234,1.1275634,8.431006,35.555504
1.0109566,2.8678536,0.94223183,1.856897,183.67722
0.36778006,0.0,0.9585866,0.36778006,100.00001
0.74444646,1.2492894,1.4491996,0.50484294,67.814545
0.6025237,1.6932771,1.1184801,1.0907534,181.03079
1.3573785,1.0495198,1.4561961,0.3078587,22.680387
2.208755,1.8901532,1.3074967,0.31860185,14.424499
0.42344055,0.8721735,1.453066,0.44873294,105.97307
1.0792737,2.3687294,1.3431195,1.2894557,119.474396
2.5927746,1.1416132,1.4561346,1.4511614,55.969437
24.511341,15.615571,0.94002783,8.89577,36.292465
0.118443035,1.0489807,1.4561963,0.9305377,785.6416
17.066027,7.5231304,1.0096586,9.542896,55.917503
20.35348,22.5965,0.96665263,2.243021,11.020331
11.518099,9.419824,1.2128725,2.0982752,18.217201
0.87874675,1.974673,1.431382,1.0959263,124.71469
23.554613,25.976961,0.9523909,2.422348,10.283964
1.2481159,0.97966486,1.444836,0.26845104,21.508503
0.56718117,2.1891024,1.0345564,1.6219213,285.96176
0.9954472,0.99266684,1.3723314,0.0027803779,0.27930942
0.86344194,0.5342611,0.9319933,0.32918084,38.124256
0.90674806,0.17170346,1.0102645,0.7350446,81.06382
13.889063,8.449346,0.98329604,5.4397173,39.165474
0.6431214,0.6548892,1.3296949,0.011767805,1.8297951
1.4616938,1.0112386,1.4529934,0.4504552,30.817343
0.80637306,2.3767676,1.0424458,1.5703945,194.7479
0.7635418,1.2211435,0.9806852,0.45760167,59.931446
12.198962,6.9329824,0.9542698,5.26598,43.16744
8.242327,8.3869095,1.2955421,0.14458275,1.7541497
0.40420282,0.8492642,1.4524332,0.4450614,110.10843
6.5646667,5.3627625,1.3180089,1.2019043,18.308687
0.9733413,1.3549558,1.4283288,0.3816145,39.20665
0.2537837,2.7122278,0.939144,2.458444,968.7163
0.53980917,0.0,0.9864881,0.53980917,100.0
5.329865,4.600384,1.1286118,0.72948074,13.686665
3.9474218,1.956335,1.3775246,1.9910868,50.440186
1.0604032,1.1712067,1.4490794,0.110803485,10.449184
0.82658195,1.2043747,1.4433101,0.37779272,45.705414
2.5917351,1.9312671,1.4445822,0.660468,25.483622
10.360497,5.4372396,0.9917502,4.923258,47.519512
0.47304228,1.5888865,1.4557902,1.1158442,235.8868
0.44478968,0.0,0.9396022,0.44478968,100.00001
0.44941497,0.16475165,1.119266,0.28466332,63.340862
4.2402444,2.6762805,0.92495686,1.5639639,36.883816
1.7517116,1.8534979,0.9264218,0.101786256,5.810674
0.8845935,0.9663069,1.4556067,0.08171344,9.2374
0.9375973,1.193892,0.9256134,0.25629473,27.335268
1.4273325,0.92444444,1.4095109,0.5028881,35.23272
0.92175394,1.0492004,1.4561963,0.12744647,13.826517
0.32349527,0.0,0.9841362,0.32349527,99.99999
2.800709,1.8047224,1.0519094,0.9959866,35.561943
0.1665277,7.6497207,1.2603984,7.483193,4493.6626
1.0050529,0.78478885,1.205552,0.22026408,21.915668
0.43712738,1.7630512,1.4495298,1.3259238,303.32663
2.3534133,2.3425264,1.2955658,0.010886908,0.46260074
0.35664773,1.0422963,0.9814964,0.68564856,192.24812
1.3475689,1.8282092,1.4176179,0.4806403,35.667217
2.0952518,2.0256636,1.3459365,0.069588184,3.3212326
15.260949,17.63511,1.0437795,2.3741617,15.557104
1.5024178,1.0490301,1.4561963,0.45338774,30.177208
4.277806,2.849453,0.99219364,1.4283528,33.389847
23.391462,21.54936,1.0492523,1.842102,7.8751044
11.340627,7.6414156,0.97987205,3.6992111,32.619106
0.69269764,0.5843059,0.986219,0.10839176,15.647774
8.15804,8.2262745,1.3807806,0.06823444,0.8364073
1.1894903,1.504952,1.4172612,0.31546164,26.52074
2.0739443,1.6033671,0.9729928,0.47057724,22.689964
0.9486738,0.046652913,0.8956761,0.9020209,95.082306
0.7786131,1.305281,1.4434876,0.52666795,67.6418
4.0831785,2.7734175,1.0347935,1.309761,32.076996
3.0637774,1.143564,1.4561867,1.9202135,62.674706
0.9111985,1.9341214,1.398226,1.0229229,112.26126
0.14522496,0.0,1.1279124,0.14522496,100.0
0.15451884,4.2366624,0.9717728,4.082144,2641.842
4.504248,2.419305,1.4537795,2.084943,46.288372
16.308722,17.858658,0.96234745,1.5499363,9.503726
3.125213,2.0222802,1.112848,1.1029327,35.29144
2.6433983,2.084207,0.93652314,0.5591912,21.154255
0.43876693,7.653432,1.0899832,7.214665,1644.3047
0.8080444,0.96374816,1.2868443,0.15570378,19.269213
0.5832274,10.100617,0.9525724,9.51739,1631.849
0.5174468,0.24539113,0.92461294,0.2720557,52.57655
7.205142,4.566909,1.0678918,2.6382332,36.615974
1.3233864,0.8402444,1.3995007,0.48314202,36.508007
0.5962841,1.0185275,1.4561129,0.42224342,70.81246
1.1359435,0.72460765,1.0998193,0.4113359,36.210945
1.7269932,1.5017271,0.96241236,0.2252661,13.043832
0.8243519,1.9202956,1.3798485,1.0959437,132.94609
0.9048371,1.0596601,1.4561938,0.154823,17.110596
13.770372,5.128346,1.3379592,8.642027,62.75812
6.964395,5.750195,1.2201108,1.2142,17.434393
13.093656,6.81732,1.0469793,6.2763357,47.934174
0.47483656,0.8603723,1.4528662,0.38553575,81.19336
0.3873777,0.0,1.2608023,0.3873777,100.0
1.0156549,1.0491095,1.4561963,0.033454537,3.293888
1.2640303,0.9404422,1.078342,0.32358813,25.599712
0.4989276,0.4602388,1.2896726,0.03868878,7.7543874
1.1403102,1.061047,1.4561281,0.07926321,6.951022
12.40757,13.1022625,1.2381208,0.6946926,5.598942
0.28120273,7.4463243,0.9857257,7.1651216,2548.0269
0.35719746,0.0,1.0147831,0.35719746,100.0
5.614717,4.766868,1.0590633,0.8478489,15.100474
1.0996794,1.1362935,1.4476398,0.03661418,3.3295324
1.442934,1.0386939,1.4560888,0.40424013,28.015148
0.5024774,1.5784407,1.4540133,1.0759633,214.13167
11.682204,8.951918,0.98061866,2.7302866,23.37133
1.1039523,2.1773162,1.1785686,1.0733639,97.22919
0.8857738,0.60358113,1.2620344,0.28219265,31.85832
0.19918008,1.0302522,1.4558392,0.83107215,417.2466
1.5422636,1.6167132,1.036438,0.07444954,4.82729
1.4568814,0.74753034,0.9142721,0.70935106,48.68969
0.8693728,0.19610012,1.2666792,0.67327267,77.4435
1.0559617,1.0089434,1.4532737,0.04701829,4.452651
1.5418736,1.0490316,1.4561963,0.49284196,31.963837
15.083186,13.528848,1.059458,1.5543385,10.305106
9.815899,2.6370487,0.96944064,7.17885,73.134926
0.6841324,1.049031,1.4561963,0.36489862,53.337425
0.59489435,0.0,0.9235258,0.59489435,100.0
1.0113863,0.54721767,1.2714815,0.4641686,45.8943
0.35681134,0.54346275,1.2040228,0.18665141,52.310947
2.9183226,2.1941223,1.4039619,0.72420025,24.815636
0.753519,1.0487429,1.4561963,0.2952239,39.179356
3.0161426,3.1683435,1.3662103,0.15220094,5.0462117
18.61815,12.960486,1.2813351,5.6576643,30.387896
0.35208684,0.38054168,0.9793663,0.02845484,8.081768
1.6543171,0.8155681,1.431176,0.83874905,50.700623
1.8970349,1.544761,1.0071715,0.35227394,18.569714
0.22802609,1.0487876,1.4561962,0.8207615,359.94193
16.512781,15.694781,1.0366273,0.81799984,4.9537377
20.72904,22.424627,1.0783259,1.6955872,8.179767
5.1275067,5.894691,1.3055767,0.76718426,14.9621315
12.568247,11.87451,1.2907113,0.69373703,5.5197597
0.26815438,0.0,1.0176097,0.26815438,100.0
3.4838872,3.8737226,1.2336019,0.38983536,11.189667
1.174396,0.9171109,1.2264538,0.25728512,21.907867
1.0625868,0.89419246,1.4316919,0.16839433,15.847583
0.3111598,0.0,0.9993337,0.3111598,100.0
1.4073716,1.0491518,1.4561963,0.35821986,25.453112
1.0382749,1.0494418,1.4561113,0.01116693,1.0755273
12.6840315,11.607476,1.1563435,1.0765553,8.487485
0.4306908,0.13643253,1.2225939,0.29425827,68.322395
1.2629509,0.98184264,1.2769202,0.28110826,22.25805
0.648637,13.2054205,0.9726946,12.556784,1935.8722
1.2243042,1.0162045,1.0233465,0.20809972,16.997387
1.017518,1.184308,1.4538238,0.16679001,16.391848
9.595877,6.439761,0.94382584,3.1561155,32.890327
0.46837553,0.9252273,1.4383548,0.45685175,97.539635
0.58530354,1.405349,1.172189,0.8200455,140.10602
14.153793,14.005306,1.3059565,0.14848709,1.0490975
1.7761676,1.5214331,1.450228,0.25473452,14.341806
0.9460644,1.6928295,1.0321075,0.7467651,78.93385
1.5737462,1.0467899,1.4561802,0.5269563,33.4842
1.0071404,0.30321407,0.94853985,0.7039263,69.89356
16.275263,11.425135,1.2954454,4.850128,29.800613
0.9142847,0.87168276,1.0837381,0.042601943,4.6595926
0.9369719,0.0,0.89919376,0.9369719,100.0
0.5710159,1.5849209,1.4503441,1.013905,177.56161
25.194546,22.621025,0.94639164,2.5735207,10.214594
24.114796,17.939072,0.9727086,6.175724,25.609688
0.3205494,0.0,1.0266478,0.3205494,100.0
0.9002565,0.667423,1.1565698,0.2328335,25.863018
0.565284,2.027769,1.4319506,1.4624851,258.71686
0.27737477,8.415112,1.1885046,8.137736,2933.8416
0.42775464,1.0493,1.4561963,0.6215453,145.30417
1.5028362,1.1017772,1.4545554,0.40105903,26.68681
0.99639493,1.3883407,1.0794895,0.39194578,39.336388
0.7120102,0.98360103,1.4471784,0.27159083,38.144234
0.2226902,1.0219684,1.4548707,0.79927814,358.9193
0.71504396,5.1004696,0.9823613,4.3854256,613.30853
6.6649055,6.802945,1.3149016,0.13803959,2.071141
0.36304015,3.293583,0.9876465,2.9305427,807.2227
0.3637534,1.6294587,1.171526,1.2657052,347.95694
0.5169875,0.724681,1.2308556,0.20769352,40.173798
4.8757668,6.0678577,1.3581512,1.192091,24.449303
18.919813,20.7806,0.9746898,1.8607864,9.83512
0.47938672,1.0113014,1.4560696,0.5319147,110.95733
12.294422,11.085195,0.9588231,1.2092276,9.835579
0.5739854,0.5250509,1.3833231,0.04893452,8.525394
2.0063674,1.0491955,1.4561963,0.9571719,47.70671
0.87757903,1.0490311,1.4561963,0.1714521,19.536942
0.34843427,6.918621,1.2170596,6.5701866,1885.6316
0.4226703,3.4219728,1.3817164,2.9993024,709.60803
24.527723,21.752705,0.9598224,2.7750187,11.313805
0.78723884,1.0490301,1.4561963,0.26179123,33.25436
0.83890647,0.9788741,1.0359757,0.13996762,16.684532
0.32245386,0.0,1.1352595,0.32245386,99.99999
8.522261,5.903738,1.4378058,2.6185226,30.725681
0.64478344,1.2408097,1.3638111,0.59602624,92.4382
1.9930037,1.5421965,1.2378285,0.4508072,22.619488
17.587421,16.678066,0.94739497,0.90935516,5.170486
0.50833935,3.208199,1.4422668,2.6998596,531.11365
1.1319374,0.75186443,1.1645961,0.38007295,33.577206
1.5244559,1.0070149,1.4542723,0.51744103,33.94267
0.97445005,1.1058557,1.4558163,0.13140565,13.485108
0.5328118,1.048967,1.4561963,0.5161552,96.87382
0.45243472,1.1129173,1.0273331,0.6604826,145.98405
0.362263,0.0,0.94581956,0.362263,100.0
0.4389091,1.0490311,1.4561963,0.610122,139.00874
0.73460215,0.0,0.91277677,0.73460215,100.0
0.93568647,1.0490452,1.4561963,0.113358736,12.115034
0.6431299,0.911629,1.4283087,0.26849914,41.74882
0.824153,0.7407975,1.3001813,0.08335549,10.1140785
2.5775466,0.4555937,0.98294526,2.121953,82.324524
0.8956114,0.9856975,1.4557903,0.0900861,10.058615
1.1914448,1.1314782,1.4557213,0.059966564,5.0330963
0.7845244,0.90618193,1.0793415,0.12165755,15.507173
2.2299128,2.0249329,0.97863,0.2049799,9.192284
15.941251,13.063497,1.0444632,2.8777542,18.052248
0.46821693,0.9246784,1.4547467,0.45646146,97.48931
0.7655486,1.7046729,1.390694,0.93912435,122.673386
0.8268372,1.8087006,1.4473801,0.9818634,118.749306
1.2258941,1.0490311,1.4561963,0.17686296,14.427261
0.50477177,1.6217507,1.0185937,1.1169789,221.28395
1.4604421,1.3193582,1.4507867,0.14108384,9.660351
0.9542949,1.0490298,1.4561963,0.09473491,9.927215
0.34045053,0.0,1.1192863,0.34045053,100.0
0.8132529,0.71798754,0.9375914,0.09526539,11.714116
0.44871363,0.5302493,1.0320562,0.08153567,18.17098
0.9800043,1.0490458,1.4561963,0.06904149,7.045019
1.3191465,1.0490278,1.4561963,0.2701187,20.476778
16.18402,12.626829,1.0278673,3.55719,21.979645
5.679049,3.2045703,1.4068695,2.4744787,43.572063
7.509227,7.817962,1.3260993,0.30873537,4.1114135
0.46229118,1.7150846,1.2904018,1.2527933,270.99658
1.0391557,0.32448918,1.1642298,0.71466655,68.773766
0.55633324,0.5940703,1.1760964,0.03773707,6.7831774
1.1203358,1.046222,1.4561532,0.074113846,6.615324
0.5067301,0.0,1.1864817,0.5067301,100.0
1.5576625,1.0474174,1.4561958,0.5102451,32.757103
0.48314834,0.4880867,1.3810967,0.004938364,1.0221217
2.1730309,2.0522366,0.9481097,0.120794296,5.5587935
21.162893,11.417396,0.9623065,9.745498,46.04993
0.49873164,0.0,1.0909315,0.49873164,100.0
14.581734,12.649404,0.9658323,1.9323301,13.251718
0.66301244,0.96688724,1.3374158,0.3038748,45.832443
0.82395804,1.0563309,1.4561962,0.23237288,28.202028
0.41305414,1.7056162,1.4500656,1.2925621,312.928
1.348638,0.8116037,1.334141,0.53703433,39.820496
0.5579956,1.0487193,1.4561963,0.49072367,87.944
0.95607865,1.0334878,1.4561639,0.07740915,8.096525
16.77233,6.171718,1.069481,10.600611,63.20297
0.97257113,0.78134114,0.9359525,0.19123,19.662313
0.77323145,1.1883956,1.2255926,0.41516417,53.692097
0.99030906,3.8522787,0.9473785,2.8619697,288.99762
22.625956,23.84631,0.97389585,1.2203541,5.3936024
0.77371347,2.116054,1.4389923,1.3423406,173.49324
1.4345353,1.7493045,1.1336219,0.31476927,21.942247
0.58971626,0.0,0.9066586,0.58971626,100.0
2.1422179,2.4287345,1.4303354,0.28651667,13.374768
1.1678416,0.45340765,1.0864642,0.7144339,61.175583
14.198429,11.102644,1.1101698,3.0957851,21.803717
0.81875867,1.5713956,1.1287305,0.75263697,91.92415
0.9129896,1.1480044,1.4511609,0.2350148,25.741236
0.38574535,6.6747036,0.9760438,6.288958,1630.3394
11.423299,6.7411747,0.9740878,4.682124,40.987495
1.5507362,1.1509544,1.4544904,0.39978182,25.780132
13.979437,14.143872,1.2782322,0.16443539,1.1762662
1.1231865,1.0426989,1.4561894,0.08048761,7.1660066
1.5164666,1.9483256,1.4081724,0.43185902,28.477978
0.9838092,1.08118,1.4553074,0.0973708,9.897326
12.24275,13.527915,1.1294616,1.2851648,10.497354
0.6283012,0.37391698,1.2665665,0.25438422,40.48762
0.90441054,0.71660566,1.2000016,0.18780488,20.765444
20.096376,16.889969,1.0254145,3.2064075,15.9551525
21.043943,16.085249,1.0105549,4.9586945,23.563522
16.034863,14.898362,0.9758911,1.1365004,7.087684
7.7590966,8.995698,0.99759436,1.2366014,15.93744
22.722092,26.755367,0.96254635,4.0332756,17.75046
19.09899,13.544588,1.047493,5.5544014,29.082174
0.06381147,5.13171,1.0200332,5.0678988,7941.987
0.67413855,1.9213614,1.0408156,1.2472229,185.00987
0.64831406,0.5745553,0.95654756,0.07375878,11.377014
0.9119448,1.5280006,1.4358054,0.6160558,67.55406
0.8551404,2.3168154,1.3946229,1.4616749,170.92807
0.80998605,1.7488186,1.4558935,0.9388326,115.90725
0.14372961,0.44894952,0.9847376,0.3052199,212.357
1.0166924,1.0490268,1.4561963,0.032334447,3.180357
18.878088,8.432452,1.19952,10.445636,55.332066
0.5534298,0.8940436,1.4129307,0.34061384,61.545994
0.7080791,1.0488721,1.4561963,0.340793,48.129227
2.1310163,1.6504375,1.41122,0.48057878,22.551624
2.1033542,1.8649725,1.376866,0.23838174,11.333409
12.223943,11.4268465,0.9945049,0.79709625,6.5207787
0.9288263,1.0490311,1.4561963,0.120204866,12.941587
1.0622888,1.1564877,0.94671196,0.09419894,8.867546
24.90509,24.646858,0.9641435,0.25823212,1.0368648
0.86871445,1.309465,1.4314281,0.4407506,50.735954
17.153584,17.701075,1.0459013,0.5474911,3.191701
0.74305516,1.0357406,1.4558427,0.29268545,39.389465
1.3543004,0.9703907,1.4479734,0.3839097,28.347454
1.3623729,1.0129817,1.4544114,0.34939122,25.645784
0.84451246,2.270502,0.9616487,1.4259896,168.85359
0.99735445,0.6672002,1.253125,0.33015424,33.102997
0.59879327,1.0490103,1.4561963,0.450217,75.187386
0.90490264,1.0857884,1.4549719,0.18088573,19.989525
0.790653,2.5736432,1.3892138,1.7829902,225.50858
0.32482922,1.0490311,1.4561963,0.7242019,222.9485
1.0258912,1.5338902,1.42939,0.50799906,49.517834
2.2525356,1.7715178,1.4377967,0.48101783,21.354506
0.8424651,0.0,1.0158447,0.8424651,100.0
1.2263724,1.0438169,1.4561281,0.18255544,14.885807
0.7306686,1.530382,1.4461178,0.79971343,109.44954
8.630034,7.022961,0.9595349,1.6070733,18.621864
0.48479837,0.0,1.2154601,0.48479837,100.0
10.789354,11.629943,1.215709,0.84058857,7.790907
1.0274608,1.1870173,0.92942166,0.15955651,15.529205
0.95116127,1.0524082,1.456196,0.10124695,10.644562
1.4165388,1.0829887,1.1759111,0.3335501,23.546839
3.2488,3.0277565,1.0452222,0.22104359,6.803853
7.597337,6.5430937,0.9609634,1.0542431,13.876482
0.90738755,0.0,0.9603691,0.90738755,100.0
0.24658452,11.58458,0.9600992,11.337996,4598.016
1.0055221,1.068188,1.4561863,0.06266582,6.2321672
0.4174038,0.0,1.0631572,0.4174038,100.0
0.5353055,1.019626,1.3545232,0.48432052,90.47554
0.25959414,3.4526167,0.98791003,3.1930225,1230.0056
0.4831705,9.756285,0.97339404,9.273114,1919.2218
0.41667196,1.7742188,1.0008917,1.3575468,325.8071
0.79899406,1.2802564,0.9876253,0.48126233,60.23353
8.292277,7.117255,0.95736945,1.1750221,14.170077
0.4285056,5.6883774,0.9895325,5.259872,1227.492
1.4222877,1.110977,1.4560789,0.31131065,21.888023
21.98047,14.34487,0.98102313,7.635601,34.738113
0.91414547,1.3424263,1.4561332,0.42828083,46.850403
4.962757,4.470597,1.3121557,0.49216032,9.917075
0.4798607,0.79970837,1.4385024,0.31984767,66.654274
1.015257,0.9224181,1.4010696,0.09283888,9.144372
0.78887105,1.1566094,1.4559737,0.36773837,46.61578
1.483911,0.9542346,1.444279,0.52967644,35.694622
4.24855,3.072537,1.1808023,1.176013,27.68034
2.6711469,1.0891669,1.4561902,1.58198,59.224747
0.37158605,0.0,1.3234041,0.37158605,99.99999
19.727718,14.733293,0.9731638,4.994426,25.316793
0.34367555,0.0,0.959503,0.34367555,99.99999
1.4526663,1.3223279,1.3797351,0.13033843,8.972359
1.5559932,1.3185374,1.4560865,0.23745584,15.260725
26.679554,27.085913,0.94896185,0.40635872,1.5231091
1.4684289,0.37948692,1.0016931,1.0889419,74.156944
0.9090325,1.3526536,1.26561,0.4436211,48.801456
3.40707,1.0490311,1.4561963,2.358039,69.210175
5.2863936,1.0935252,1.4561937,4.192868,79.31434
1.4396869,3.1954527,1.067602,1.7557658,121.9547
0.4710062,0.96710026,1.4472264,0.49609405,105.32644
1.8456194,1.0497485,1.4561963,0.7958709,43.122154
8.069092,6.933326,1.0485158,1.135766,14.075512
0.59797394,2.139026,1.336,1.541052,257.71222
0.38264534,0.0,1.1401215,0.38264534,100.0
1.3895661,1.0490311,1.4561963,0.34053493,24.506567
9.738126,10.039988,0.9625155,0.30186176,3.0997932
2.9603164,2.542467,0.96173495,0.4178493,14.115022
16.176208,15.811287,1.2736087,0.36492157,2.2559154
0.84176874,1.0086489,1.4560142,0.16688013,19.824938
1.8873049,2.5074186,0.9576802,0.62011373,32.8571
14.783394,15.267736,1.0010074,0.48434258,3.276261
0.6357506,1.8830775,1.0264089,1.2473269,196.19751
1.8323559,1.4162621,1.4439982,0.4160937,22.708128
0.72663444,0.06419003,0.9989516,0.6624444,91.166115
0.8434916,0.4756992,1.2079263,0.36779243,43.60357
6.970686,5.194365,0.98180336,1.7763209,25.482729
1.3599079,1.0490311,1.4561963,0.31087673,22.860132
0.8818482,0.73182917,1.3506355,0.15001905,17.01189
0.25794744,0.6996907,1.0446062,0.44174325,171.25319
0.65345573,0.97498304,1.43011,0.3215273,49.204144
3.984551,2.29046,1.1005311,1.6940908,42.516483
0.5374729,0.6432358,1.4406663,0.1057629,19.67781
0.38282675,0.32348454,1.3035849,0.059342206,15.50106
0.89033085,2.3435488,1.3772635,1.453218,163.22223
11.707242,12.31053,1.2681231,0.6032877,5.1531153
0.6157279,1.3119603,1.2221099,0.69623244,113.0747
4.1593056,3.5240755,0.8911362,0.63523006,15.272503
0.8343955,1.4374396,1.4441302,0.60304403,72.27316
2.108589,1.2286956,1.4554883,0.8798933,41.72901
0.7156908,1.5982301,1.4432316,0.88253933,123.31294
0.82517534,0.8657509,1.4073082,0.040575564,4.917205
1.0065237,1.2316914,1.4523128,0.22516763,22.370823
1.7082198,1.6056285,1.4289865,0.102591276,6.005742
0.6753168,1.4478117,1.0616541,0.7724949,114.39
0.9547546,1.0493902,1.4561963,0.094635606,9.912034
24.832638,23.363483,0.95634437,1.4691544,5.9162235
0.4010466,0.0,1.0860626,0.4010466,100.0
11.58095,10.575144,1.1618917,1.005806,8.685004
1.1070222,1.1863914,1.4550235,0.07936919,7.1696115
0.20520815,0.0,0.9943124,0.20520815,100.0
0.88666844,1.865981,1.3474673,0.97931254,110.448555
14.775259,10.245099,1.29785,4.53016,30.660442
1.3962601,1.0490311,1.4561963,0.347229,24.868504
0.29624566,1.7000401,0.9645782,1.4037944,473.86157
0.40960297,0.20126253,1.3422611,0.20834044,50.863995
1.0354971,1.9484141,1.3627801,0.912917,88.1622
0.49346328,0.6823591,1.0613078,0.18889582,38.27961
0.552998,0.90006393,1.4539158,0.34706593,62.76079
0.75314415,0.0,1.3151639,0.75314415,100.0
2.463467,2.6336353,1.0583007,0.1701684,6.9076796
4.8894286,4.654703,0.8836975,0.23472548,4.800673
0.77008694,0.9743761,0.9894967,0.20428914,26.52806
0.77380127,1.0490311,1.4561963,0.27522987,35.568546
0.37691942,3.6903062,1.3466536,3.3133867,879.07025
0.84956104,0.8425029,1.3280896,0.0070581436,0.83079886
2.7307968,2.668946,0.9576993,0.061850786,2.2649355
0.45069492,0.35349077,0.9748356,0.09720415,21.567616
1.0372082,2.5188856,1.3715645,1.4816774,142.85246
0.7659744,0.0,1.2997707,0.7659744,100.0
0.32685676,0.0,1.051132,0.32685676,100.0
14.243072,10.591157,0.9728718,3.6519146,25.639938
0.47451758,0.0,0.94301987,0.47451758,100.0
0.55219644,0.7791113,1.2091303,0.22691488,41.093143
1.4522824,1.0490311,1.4561963,0.4032513,27.766727
0.33556712,2.9768023,1.0523287,2.6412354,787.096
0.6847848,1.5743266,1.0418246,0.8895418,129.90092
0.91174966,0.0,0.89414537,0.91174966,100.0
0.30573654,2.237773,0.9759599,1.9320364,631.9285
0.95723075,0.8450194,1.0142496,0.11221135,11.722497
0.60807186,1.0488425,1.4561963,0.4407707,72.48661
0.2996126,0.34608942,1.168676,0.04647681,15.512301
0.49712637,0.0,0.99553126,0.49712637,100.0
25.786142,26.02412,0.96109676,0.23797798,0.92289096
0.6593424,1.3982798,1.3656516,0.7389374,112.07187
0.56650734,6.9587965,1.0451028,6.392289,1128.3683
1.0211955,0.72750217,0.92336476,0.29369336,28.759758
0.35030442,0.57563657,0.9806169,0.22533214,64.32466
1.4527603,1.0510325,1.4561963,0.4017278,27.652723
0.6982406,0.7795718,0.9474806,0.08133119,11.648019
0.7439096,1.0488691,1.4561963,0.30495954,40.994164
1.4056522,1.3744737,1.4383283,0.031178474,2.2180789
29.24037,3.9939647,1.3831147,25.246405,86.34092
0.29515463,4.0645533,1.0064348,3.7693987,1277.0929
0.7991873,2.0425177,1.3989779,1.2433304,155.57434
0.63789046,1.0165147,1.4528509,0.3786242,59.355675
25.268534,25.75138,0.9411483,0.4828472,1.9108636
0.42276728,2.4888477,0.9512602,2.0660806,488.704
11.778286,9.273904,1.1409575,2.5043821,21.262705
0.44451135,0.96642077,1.4255883,0.5219094,117.41194
0.9430945,3.3942685,1.437764,2.451174,259.90756
0.87361073,1.4687334,1.0645553,0.5951227,68.12218
10.669024,6.2139673,1.0017569,4.455057,41.75693
0.47161707,0.009054303,1.1354339,0.46256277,98.080154
5.2506504,2.8704376,1.2477561,2.3802128,45.331768
0.93952477,2.748536,1.3868421,1.8090113,192.54536
0.45769635,0.0,1.2718817,0.45769635,100.0
1.131093,1.1832132,1.4547889,0.05212021,4.6079507
1.1778446,1.0490311,1.4561963,0.1288135,10.936375
0.94554484,1.4430915,1.1163701,0.49754667,52.620106
3.8053946,2.269949,1.0574774,1.5354457,40.349186
0.91860485,0.74678385,1.3248,0.171821,18.704561
0.82798034,0.6347816,1.1361705,0.19319874,23.333735
0.43978134,2.917812,1.4267056,2.4780307,563.4688
0.7887308,1.3072528,1.3526888,0.51852196,65.74131
0.21717547,0.0,0.94860375,0.21717547,100.0
1.4588106,1.0412033,1.4560641,0.4176073,28.626562
0.777287,0.9589204,1.4549283,0.18163341,23.367613
0.6609369,1.558258,1.4552922,0.89732116,135.76503
1.4291502,0.8401464,1.1490741,0.5890038,41.213566
14.326184,11.224895,1.0027895,3.1012897,21.647701
5.8220744,5.1738644,0.95820296,0.64821005,11.133661
15.493032,9.633952,1.0423433,5.8590803,37.817516
0.3278131,0.0,0.9876093,0.3278131,99.99999
24.777401,21.319887,0.9606997,3.4575138,13.954304
0.46308526,0.7241244,1.2552938,0.2610391,56.369556
4.886244,6.2202535,1.3159941,1.3340096,27.301332
1.1308041,1.3517109,1.0173057,0.22090685,19.535378
16.449837,17.865944,1.0255635,1.4161072,8.60864
0.8319207,1.563137,1.0775965,0.7312164,87.89496
0.9920662,0.3572364,0.9394268,0.6348298,63.990673
1.3296745,1.0490311,1.4561963,0.28064334,21.106169
8.251209,8.513833,1.0530978,0.2626238,3.182852
1.1316984,1.0490311,1.4561963,0.08266723,7.3047056
3.2248867,3.6593108,1.2597249,0.43442416,13.47099
1.0562835,1.0059309,1.4527422,0.050352573,4.7669563
0.48712564,1.3572512,1.4561272,0.87012553,178.62445
1.0974033,1.4000739,0.9689449,0.3026706,27.580616
4.498982,4.927087,1.2964903,0.42810488,9.5155945
0.82781875,0.94968975,1.429151,0.121870995,14.721942
0.22385518,3.7612715,1.0698984,3.5374162,1580.2252
0.8866532,1.0700758,1.4561925,0.18342257,20.68707
1.4856942,1.9750868,1.3856566,0.48939264,32.940334
1.2677668,0.5132804,1.4238904,0.75448644,59.51303
0.43208542,0.8147728,1.2645036,0.38268736,88.56753
5.6244993,5.6642804,1.2695973,0.039781094,0.7072824
11.04184,7.9291525,1.0843375,3.112687,28.189932
0.39543793,6.62588,1.218926,6.230442,1575.5802
1.0238357,1.4495068,0.94872594,0.4256711,41.576115
2.3047385,2.036461,0.9457971,0.2682774,11.640253
0.4255253,0.0,1.3447248,0.4255253,100.0
0.18662427,0.64435077,1.2443862,0.45772648,245.26631
0.32536718,0.0,0.9317311,0.32536718,99.99999
0.54788876,1.0490311,1.4561963,0.5011424,91.46791
0.25213623,1.1675513,1.2841749,0.91541505,363.06366
0.75546324,0.4730994,0.9571809,0.28236383,37.37625
0.31179017,5.9353094,0.9594655,5.6235194,1803.623
5.641126,3.5885363,1.1231617,2.05259,36.386173
0.7217688,1.0122199,1.4560485,0.2904511,40.241573
0.90860665,0.8525827,1.1110827,0.056023955,6.16592
0.66946703,0.685747,0.99178874,0.016279995,2.4317844
0.2352861,0.3876887,0.98017883,0.1524026,64.77331
1.2664596,1.0973872,1.4370372,0.16907239,13.350002
1.0048167,0.7971188,1.2334741,0.20769787,20.670225
11.887698,11.506269,1.2434493,0.38142872,3.2086003
0.20735279,3.939312,0.96946263,3.731959,1799.8114
1.1818193,1.3328938,0.97975624,0.15107453,12.783216
0.95807177,0.6315875,1.2285365,0.32648426,34.077225
0.43784013,0.11886543,1.230142,0.3189747,72.85187
0.99755,1.1055787,0.97490805,0.10802865,10.829397
11.725336,4.050626,0.9998051,7.6747103,65.45407
1.8815974,1.0490606,1.4561963,0.8325368,44.24628
0.7069431,0.5220244,1.0972555,0.1849187,26.157509
0.76834023,0.0,0.9218485,0.76834023,100.0
0.34909388,0.0,1.2236421,0.34909388,100.0
0.5103919,0.0,1.389005,0.5103919,100.0
4.123702,2.9715362,1.2049109,1.1521659,27.940086
2.3081264,2.6857243,1.1198031,0.3775978,16.359493
0.8878394,1.4634066,1.3630435,0.5755672,64.82785
8.034463,9.48549,1.355986,1.4510269,18.060036
5.384321,3.1590328,1.0125648,2.2252884,41.32904
0.5010922,0.0,1.1498725,0.5010922,100.0
0.28054398,0.0,1.063453,0.28054398,100.0
0.6446254,0.23622179,1.3385153,0.40840364,63.355183
0.2706415,13.57712,1.0594817,13.3064785,4916.6436
3.3092117,2.543199,1.4240401,0.76601267,23.147888
4.506527,2.377136,1.376309,2.129391,47.251266
0.22560412,0.94167507,1.0556173,0.71607095,317.40155
0.74738604,1.1503564,1.4549361,0.40297037,53.9173
0.2656875,4.1276827,1.0061826,3.8619952,1453.5856
24.957232,24.346123,1.0040456,0.6111088,2.4486241
1.3740534,1.0490311,1.4561963,0.32502222,23.654263
0.586028,0.93384546,1.440266,0.34781748,59.35169
0.5136903,0.9079211,1.4543895,0.39423078,76.744835
17.827417,12.438112,1.015843,5.389305,30.230433
9.508944,10.4366,1.3294756,0.9276562,9.755618
6.326222,5.3874626,1.1043649,0.9387593,14.839177
9.819853,5.9063125,0.99587286,3.9135404,39.85335
5.7291746,3.5461287,1.2391732,2.1830459,38.10402
0.85106164,1.9873424,1.4196838,1.1362808,133.51334
0.87994426,1.0490392,1.4561963,0.16909498,19.216557
20.473915,16.156532,0.9365362,4.317383,21.087236
0.18593013,1.0479434,1.4561962,0.8620132,463.62213
1.1835288,0.99313504,1.4486611,0.19039375,16.086956
0.54521316,0.3724597,0.9642771,0.17275345,31.685488
0.7843874,1.1137226,0.9787118,0.32933515,41.986286
0.21205415,2.0321455,1.1312898,1.8200914,858.31445
1.3890707,1.4338386,0.9375184,0.044767857,3.2228637
0.5980063,0.69957876,1.3797915,0.101572454,16.985182
0.76297396,0.894563,1.3669714,0.13158906,17.24686
6.7761593,4.0372534,0.98998666,2.738906,40.41974
0.74885124,0.641845,1.0247487,0.10700625,14.289388
0.46749833,0.05782634,1.0479186,0.409672,87.630684
25.874712,21.99929,1.0922697,3.8754215,14.977641
9.086207,5.222499,1.0319597,3.8637085,42.522785
0.5218856,0.5658232,1.4326776,0.043937624,8.419015
0.64710534,0.5197178,1.0037771,0.12738752,19.685747
1.0221661,1.3470447,1.3913257,0.32487857,31.783344
0.7107097,0.7722963,0.94641477,0.06158662,8.66551
0.5243722,0.09722018,1.1600916,0.42715204,81.459694
0.83769625,1.0493414,1.4561963,0.21164519,25.265146
0.45104527,11.202279,0.97508496,10.751234,2383.6265
0.60952353,2.0812817,1.0299526,1.4717581,241.46042
0.9415303,0.64399636,0.9632827,0.29753393,31.6011
0.9188359,1.9815924,1.4193431,1.0627565,115.66337
1.1278971,0.8873019,1.3423215,0.24059522,21.331308
0.5729019,4.19075,1.1560316,3.6178482,631.49524
6.921323,5.3369203,1.4384402,1.5844026,22.891615
3.2649195,1.7166185,1.454501,1.548301,47.42233
1.3590109,1.0490311,1.4561963,0.3099798,22.809221
6.9065266,6.9477205,1.1325902,0.041193962,0.5964498
0.55240405,0.61089027,0.96325576,0.058486223,10.587581
0.6198724,0.1598168,0.9702807,0.4600556,74.21779
11.644369,2.7957768,1.4539224,8.848593,75.99031
0.73328596,0.36314702,1.3111763,0.37013894,50.47675
0.94148695,1.2507582,1.4547471,0.30927122,32.84923
0.7055963,0.5719433,0.98451734,0.13365304,18.941856
0.82462937,1.0621772,1.4561955,0.23754781,28.806616
0.6873929,1.0699726,1.4113963,0.38257974,55.65663
0.29814252,4.27674,0.93981826,3.9785976,1334.4617
0.96637034,0.72531796,0.9310458,0.24105239,24.944101
1.381767,1.3420124,1.0362511,0.03975463,2.8770862
22.15606,20.070045,1.0506272,2.0860138,9.415094
0.29094604,1.0319734,1.4557018,0.74102736,254.69582
0.118269145,12.788573,0.9885953,12.670304,10713.11
0.7221502,1.1582413,1.45581,0.43609107,60.387863
0.97888285,1.90505,1.4409919,0.9261672,94.614716
1.244761,1.1850964,1.4547806,0.059664607,4.793258
1.2647291,1.0490366,1.4561963,0.21569252,17.054443
0.47633556,1.6342629,0.9842476,1.1579274,243.0907
0.4147432,8.014238,0.9902145,7.599495,1832.3373
0.4229123,0.0,1.0504115,0.4229123,100.0
0.1990594,0.0,1.0041115,0.1990594,100.0
0.5468506,0.8501408,1.4038649,0.3032902,55.46125
2.7138426,1.4336158,1.4433646,1.2802268,47.173954
0.20500281,1.0490311,1.4561963,0.84402835,411.71548
17.222317,20.7012,1.0998172,3.4788837,20.19986
1.1386874,1.5363811,1.1101574,0.39769375,34.925632
0.8675334,1.4514765,1.1404525,0.58394307,67.31073
25.399158,13.707252,0.9954606,11.691907,46.032654
1.3985368,0.9764292,1.4394491,0.42210758,30.182087
1.3280828,1.0091791,1.4541286,0.31890368,24.012335
9.456292,9.099284,0.9904331,0.35700798,3.7753484
0.8704757,0.81411666,1.355016,0.056359053,6.4745116
0.55758137,0.74633145,1.4206948,0.18875009,33.851578
22.092455,15.861788,0.9422641,6.230667,28.202692
0.7061435,12.3059435,1.0453161,11.5998,1642.6973
19.853275,17.2856,0.965284,2.5676746,12.933254
0.55327487,0.0,1.3671831,0.55327487,100.0
4.3391576,4.555218,1.3610148,0.21606064,4.9793224
1.1284244,1.5606118,1.2259309,0.43218744,38.30008
20.654926,18.110897,0.955061,2.5440292,12.316815
13.990831,11.671594,0.9909121,2.3192377,16.57684
19.455746,16.303532,0.9537779,3.152214,16.20197
0.9252661,1.2710006,1.0495921,0.34573454,37.365955
11.542136,8.748787,0.95072925,2.7933493,24.20132
1.5951496,1.0490311,1.4561963,0.5461185,34.236195
9.412273,8.411768,0.9411957,1.0005054,10.629796
0.52243024,0.0,0.96613383,0.52243024,100.0
0.86391413,0.46082842,1.2088943,0.4030857,46.658077
27.688297,17.17822,0.95487267,10.5100765,37.958553
0.5748571,5.6986904,0.9847165,5.123833,891.3229
0.551911,0.74415976,1.4478219,0.19224876,34.83329
0.63512135,0.0,0.97109485,0.63512135,100.0
1.7597407,1.7333473,0.95934165,0.026393414,1.4998467
0.8954994,0.5160749,0.8931059,0.3794245,42.37016
0.3269587,8.949483,1.0219784,8.622524,2637.191
0.85096765,1.0587939,1.4561801,0.20782626,24.422344
0.55391836,0.0,0.9318403,0.55391836,100.0
0.9194718,1.4590926,1.4035963,0.5396208,58.688133
0.75791323,0.5153276,0.95241904,0.24258566,32.00705
0.861064,1.2830269,1.4432592,0.42196292,49.004826
15.019867,9.728756,0.96834296,5.291111,35.227413
0.49450234,0.0,0.92254597,0.49450234,100.0
11.476698,5.6840267,0.9927544,5.792671,50.473324
0.80190253,1.0426737,1.4561925,0.24077117,30.024994
0.98535776,0.8776597,1.4297079,0.10769808,10.929845
0.81038433,1.140398,1.4540406,0.3300137,40.72311
23.270393,18.200325,0.9675467,5.0700684,21.787636
6.0635285,6.785002,1.2807561,0.7214737,11.898579
1.5870662,1.0578151,1.4561962,0.5292511,33.347767
5.174303,5.463232,0.8961481,0.288929,5.583921
1.0039138,1.0490105,1.4561963,0.045096755,4.4920945
0.73554003,2.3638291,1.1817951,1.6282891,221.37328
21.53702,21.653866,0.9545707,0.116846085,0.542536
1.0075002,0.0,0.95092183,1.0075002,100.0
0.45593435,0.7030769,1.3949285,0.24714255,54.205734
17.079391,12.174855,0.95219696,4.9045362,28.716106
1.358512,0.5744782,0.9528727,0.78403383,57.71269
25.819641,26.72399,0.9535999,0.9043484,3.50256
0.4508398,0.231969,1.0991437,0.21887079,48.547356
26.080898,27.184532,1.0716549,1.1036339,4.2315793
0.3141486,2.0624738,1.3049346,1.7483251,556.528
2.0478263,2.4747825,1.3398873,0.42695618,20.849237
2.300719,3.814847,1.0480902,1.514128,65.81107
1.3088565,1.0892959,1.0169067,0.21956062,16.774996
5.817988,5.651551,1.3847966,0.16643715,2.8607337
1.1727278,1.4401381,1.0045891,0.26741028,22.802416
0.41886696,0.62845063,1.0107473,0.20958367,50.035854
0.6987457,0.0,1.0508425,0.6987457,100.0
1.479136,1.0128213,1.4541539,0.46631467,31.526152
0.4824761,0.9828016,1.4420525,0.50032556,103.699554
0.36603174,5.760413,0.98593473,5.3943815,1473.747
0.7416096,1.3261614,1.3578731,0.5845518,78.822044
0.34222618,5.6629925,1.2460723,5.3207664,1554.7515
1.5419474,0.9352295,1.4355319,0.6067179,39.347507
1.0593616,1.2341785,0.98504335,0.17481697,16.502106
0.63167995,7.257136,1.3656641,6.625456,1048.8628
0.7009913,0.0,0.8874848,0.7009913,100.0
0.5055342,0.99957573,1.1649953,0.49404156,97.72664
0.78998816,1.0490313,1.4561963,0.2590431,32.790756
0.5128536,1.0120184,1.4560596,0.49916482,97.33086
1.3084804,0.85192233,0.9938194,0.45655805,34.892235
0.8952149,1.0525721,1.4561962,0.15735722,17.57759
0.4942508,0.0,0.9905066,0.4942508,100.0
28.242844,26.505028,0.92650986,1.7378159,6.153119
1.3946439,0.38058966,1.0558248,1.0140543,72.710625
0.7970802,0.39520705,1.0459193,0.40187317,50.41816
7.11061,5.0762935,0.953375,2.0343165,28.609592
19.641003,20.37194,1.211858,0.73093796,3.7214901
0.94254315,1.2502618,1.4067657,0.30771863,32.647697
1.3034216,0.9234341,1.4230101,0.37998754,29.153078
20.47264,15.430469,0.9313109,5.0421705,24.628824
1.2214729,1.0445371,1.45616,0.17693579,14.485446
6.649588,5.4202604,0.97079873,1.2293277,18.487276
0.7126878,1.1824515,1.2325336,0.4697637,65.914375
0.50436175,0.6771563,1.2027346,0.17279458,34.260048
0.24226035,0.76934326,1.0711124,0.5270829,217.56879
0.16581963,1.0490311,1.4561963,0.8832115,532.63385
1.3001839,1.0490314,1.4561963,0.25115252,19.316692
0.33598146,4.1078916,1.2639,3.7719102,1122.6543
0.25472292,6.839027,0.967765,6.584304,2584.8884
0.92694306,1.086399,1.4550656,0.1594559,17.20234
1.239512,0.8939481,0.912432,0.3455639,27.879028
0.3827877,0.8296488,1.4456512,0.4468611,116.73862
3.3108869,1.9057941,1.0542551,1.4050927,42.43856
14.905334,13.880028,0.959736,1.0253067,6.8787904
1.1894348,1.0490373,1.4561963,0.14039743,11.80371
22.187344,22.789194,0.9479307,0.6018505,2.7125847
0.5010855,7.9411488,1.0271901,7.4400635,1484.7892
0.330979,5.555249,1.0637965,5.2242703,1578.4297
1.4450605,1.1240624,1.4529717,0.32099807,22.21347
2.541772,1.6530504,1.4556463,0.88872147,34.96464
1.2427698,1.1339995,1.4357944,0.10877037,8.752254
0.9304094,1.1021948,1.4530894,0.17178541,18.463423
18.388973,17.006237,1.1268176,1.3827362,7.5193768
2.7715054,3.733243,1.3922359,0.96173763,34.700912
1.1221002,0.8635797,0.932376,0.25852054,23.038988
0.8967782,0.9960346,1.4519079,0.0992564,11.06811
2.1232147,1.2863536,1.4481974,0.83686113,39.414814
1.5399171,1.0490254,1.4561963,0.4908917,31.8778
0.41809264,2.1454728,1.3192502,1.7273802,413.1573
1.1195759,1.2815962,1.4506859,0.16202033,14.4715805
1.0569456,1.0535319,1.4561963,0.0034136772,0.3229757
6.1539664,5.800408,1.3601254,0.35355854,5.745214
1.055763,1.395892,1.36295,0.34012902,32.216415
0.9495368,1.3633456,1.2048028,0.41380882,43.58007
0.5099021,0.70628273,1.0053024,0.19638062,38.513393
0.26384267,1.8155856,1.2678558,1.5517429,588.1319
0.9174259,1.1480296,1.4229772,0.2306037,25.135948
0.34686133,0.923151,1.4318831,0.57628965,166.1441
1.436946,1.1122085,1.4559635,0.32473755,22.599148
1.5673678,1.0355924,1.407733,0.53177536,33.927925
1.0180683,1.1352353,1.0235282,0.117166996,11.508756
1.5419601,1.3463675,1.4210674,0.19559264,12.684676
0.71206045,1.0490311,1.4561963,0.3369707,47.323322
0.9606544,1.0661498,1.4554694,0.10549545,10.981624
1.2670503,1.4674592,1.4154632,0.20040894,15.816968
0.8671856,1.1004572,1.3849068,0.2332716,26.899847
0.9142441,1.6134164,1.010729,0.6991723,76.47545
1.8090389,1.0496043,1.4561963,0.7594346,41.980003
1.4580526,1.0490317,1.4561963,0.4090209,28.052547
0.9906796,0.24836922,0.9727691,0.7423104,74.92941
6.142705,6.676246,0.9837197,0.5335412,8.685769
1.014514,0.39215648,1.1961159,0.6223575,61.345383
1.9792031,0.6422627,0.93612593,1.3369404,67.54943
1.8881273,2.031824,1.3458352,0.14369678,7.610545
2.022113,1.8645196,0.9266948,0.15759349,7.793505
0.96308273,0.77687824,0.9260114,0.1862045,19.334215
0.099827856,0.55033207,1.1981126,0.4505042,451.28107
0.8472107,0.052171707,0.9974488,0.795039,93.84194
0.557418,1.0490311,1.4561963,0.49161315,88.19471
0.22524747,0.16741633,1.217241,0.05783114,25.67449
4.6848717,2.007385,0.9373733,2.6774867,57.15176
13.125013,10.9074955,1.11297,2.2175179,16.895357
17.347996,7.7752233,1.083902,9.572773,55.18086
1.110954,0.6986102,0.9740951,0.41234386,37.116196
4.043182,3.499425,1.241568,0.54375696,13.448738
0.5160044,0.18853855,1.0401554,0.32746583,63.46183
0.57174927,1.664506,1.1025368,1.0927567,191.12517
0.9123909,1.5533886,1.0385115,0.6409977,70.25472
0.5376489,1.0870309,1.4499059,0.549382,102.18229
1.4892436,1.042727,1.4561146,0.44651663,29.98278
0.38768423,0.0,1.035189,0.38768423,100.0
1.4040322,1.0240284,1.4552542,0.3800038,27.065178
1.8657782,1.6267583,1.2265103,0.23901987,12.810734
21.743713,11.470361,0.9443222,10.273353,47.24746
0.8634823,0.6488223,1.0926111,0.21465999,24.859802
0.4763871,0.8233242,1.2679323,0.3469371,72.82672
0.6813325,0.9327738,1.2078402,0.2514413,36.904346
1.2994612,0.87023234,1.407089,0.4292289,33.031296
0.8315127,1.5691757,1.3162061,0.73766303,88.71339
0.83794945,1.030915,1.4561646,0.19296557,23.028307
0.8099136,1.0971829,1.4561719,0.2872693,35.469128
1.0408492,2.8649728,1.151966,1.8241236,175.2534
1.048233,0.6666719,0.8971576,0.38156116,36.400414
4.6606884,3.793159,1.061428,0.8675294,18.61376
15.128482,13.423497,1.2967551,1.7049847,11.270032
1.3689977,0.66994965,1.2273186,0.69904804,51.06276
0.8125374,0.60807097,0.89142257,0.2044664,25.163939
12.8883505,11.61617,0.979128,1.2721806,9.870779
6.053634,4.15424,0.9973057,1.899394,31.376097
5.686507,6.431811,1.2902685,0.74530363,13.106527
1.1582638,0.9076737,1.4303197,0.2505901,21.634975
0.098178394,12.748616,0.965743,12.650437,12885.153
1.1321125,0.99588215,1.288924,0.13623035,12.033288
0.33453453,0.0,0.99198216,0.33453453,100.0
23.059431,16.975178,0.94490004,6.0842533,26.385098
0.83379614,1.1155186,1.0438514,0.28172243,33.787926
6.2148046,5.556392,1.3655527,0.65841246,10.594258
0.5882623,1.0468633,1.456196,0.458601,77.95859
0.87610424,1.0899355,1.4297862,0.2138313,24.407063
0.49586335,1.1318259,1.3469813,0.6359626,128.2536
4.9067326,4.2769966,0.96670717,0.62973595,12.83412
16.304935,15.470626,0.96833163,0.8343096,5.1169143
0.38218617,3.324957,1.2451587,2.9427707,769.9836
0.8790692,0.13397908,1.1513507,0.7450901,84.75898
11.0853815,6.353554,1.3545681,4.7318277,42.685295
15.649867,12.349881,0.9670789,3.299986,21.086351
8.108196,8.031402,0.9419785,0.076794624,0.9471234
0.8899694,0.0,0.8843938,0.8899694,100.0
0.9544702,0.5971002,0.9494573,0.35737002,37.441715
1.0256833,1.0293305,1.3653479,0.0036472082,0.35558814
0.637715,1.9138273,0.9588486,1.2761123,200.107
0.04441246,1.8795395,1.2857548,1.835127,4132.0093
0.3823412,0.9744323,1.4472169,0.5920911,154.85934
22.688572,19.822079,0.9604603,2.8664932,12.634084
0.30105472,0.0,0.9797626,0.30105472,100.0
0.7396898,1.5710601,1.340349,0.83137023,112.39444
0.35239306,0.0,1.3108497,0.35239306,100.0
1.3410513,1.6029425,1.1767137,0.26189113,19.528793
25.835802,22.686968,0.9708284,3.1488342,12.187871
0.29555872,0.0,1.0358944,0.29555872,100.0
0.87198246,1.0499992,1.4561963,0.17801678,20.415178
1.2524691,1.546282,1.3915756,0.293813,23.458702
0.3335132,3.6839752,1.2178587,3.350462,1004.59656
0.5817416,0.34856957,1.0486919,0.233172,40.081715
17.229305,17.901653,1.2444088,0.672348,3.9023514
3.5255554,2.0229633,1.1249416,1.5025921,42.620014
1.0126426,0.6239592,1.3882705,0.38868344,38.38308
0.8945714,1.0289669,1.4559187,0.13439548,15.023449
0.4296321,0.0,0.9284874,0.4296321,100.0
15.22005,14.943106,0.97452176,0.27694416,1.8196008
0.5569426,0.05706215,1.140758,0.49988043,89.754395
17.484825,16.341822,0.9684403,1.1430035,6.537117
10.957922,8.760963,1.0309147,2.1969585,20.049044
1.2815666,1.1983919,1.2397105,0.083174706,6.4900804
0.8959401,0.9267583,1.2130059,0.030818164,3.439757
0.61610353,1.3291726,1.3353922,0.7130691,115.73852
0.8352183,1.0679259,1.0090897,0.23270762,27.86189
2.7466955,2.3576918,0.9893943,0.38900375,14.162609
11.582598,8.982306,0.9701919,2.6002922,22.449993
0.51412797,7.282443,0.97233284,6.7683153,1316.4651
0.771484,3.3852654,1.3428518,2.6137815,338.79916
7.145027,8.280632,1.3410354,1.1356049,15.89364
10.5938,12.380549,1.1130357,1.7867498,16.865997
1.9427894,1.337292,1.4546534,0.6054975,31.166397
3.6753235,2.7811205,1.163863,0.89420295,24.329912
1.1098417,1.0485193,1.4561963,0.06132245,5.525333
0.54620105,3.0721235,1.1998949,2.5259225,462.45288
0.23181762,3.1604748,1.0105395,2.928657,1263.3452
13.959254,13.800537,0.9710008,0.15871716,1.1370031
1.4685146,3.407301,1.1025604,1.9387864,132.02364
0.41160536,1.7073358,1.0899754,1.2957305,314.79922
0.94279194,1.1050084,1.4477404,0.16221642,17.205961
18.456625,15.854489,0.94773793,2.6021357,14.098654
12.264397,12.651208,1.2708714,0.38681126,3.1539364
23.079882,23.33518,1.1226665,0.2552986,1.1061522
0.67030525,2.6887527,1.1753683,2.0184474,301.12363
0.93713534,1.6501672,1.1916872,0.7130319,76.086334
15.905115,14.582797,0.9675583,1.3223181,8.313791
0.0950161,1.0084093,1.4539982,0.91339314,961.3036
10.459056,9.671106,1.2656827,0.78794956,7.533658
0.6474062,0.4997012,1.3241602,0.14770502,22.81489
0.8257424,1.1164652,1.4557507,0.2907228,35.207443
23.095142,26.4797,1.0345007,3.3845577,14.654847
0.7364152,0.90121496,1.3582705,0.16479975,22.378645
1.1144377,1.0364778,1.4558649,0.077959895,6.9954467
1.2604333,0.40382522,0.9460668,0.8566081,67.9614
2.1970878,1.9588778,0.95638055,0.23820996,10.842077
0.632374,1.0482372,1.4561962,0.41586322,65.76223
1.6493131,1.6684787,1.2377284,0.019165635,1.1620374
0.729239,0.2337209,1.1661127,0.4955181,67.95003
0.9509565,1.0425019,1.4561924,0.0915454,9.626665
0.83457226,0.66679966,1.3212236,0.16777259,20.102825
0.908433,1.1215189,1.4441222,0.21308583,23.456415
1.0074344,1.0478506,1.4561962,0.04041624,4.011799
0.7845596,1.0455419,1.4561951,0.26098228,33.264812
4.1043677,3.3028111,0.93803924,0.8015566,19.529356
0.4155698,0.8980015,1.4248993,0.48243168,116.0892
0.2930451,2.9594126,1.1921337,2.6663675,909.883
0.7992582,1.4025159,1.3917967,0.6032577,75.4772
0.4765145,0.57174075,1.1709063,0.09522626,19.983917
0.969415,1.5128367,1.1874864,0.5434217,56.05666
22.969904,21.12533,0.9522677,1.844574,8.030395
14.9768095,14.88043,0.9529196,0.09637928,0.64352345
0.6900952,1.7525642,1.4331504,1.062469,153.95978
2.4914372,1.9602196,1.0797482,0.5312176,21.321733
0.8874258,1.0497167,1.4561963,0.16229093,18.287832
0.46171388,1.5710274,1.4527484,1.1093135,240.25995
6.501643,7.160812,1.2290109,0.6591687,10.138494
0.500025,1.0124898,1.4560765,0.5124648,102.48785
22.950974,21.87589,0.9528015,1.0750828,4.684258
3.6107557,2.5390334,1.2014129,1.0717223,29.681383
6.689162,7.3657775,0.8900422,0.6766157,10.115106
0.82279557,1.0490311,1.4561963,0.22623557,27.495962
1.10084,2.5778131,1.112142,1.4769732,134.16783
0.4322512,1.0979929,1.4293532,0.6657417,154.01732
0.747157,0.9361609,0.9534849,0.18900394,25.296417
0.25996944,5.3927608,1.0667523,5.1327915,1974.3827
1.1611205,1.0426952,1.4561125,0.11842537,10.199231
0.8883509,1.0434669,1.4561926,0.15511602,17.46112
23.666151,19.93018,0.9938575,3.7359715,15.786139
0.9629054,1.171097,1.2057099,0.20819163,21.621193
0.9350542,0.15215838,0.9694358,0.7828958,83.72732
1.7313852,1.049033,1.4561963,0.6823522,39.410767
1.0334013,0.9390309,1.4275249,0.094370365,9.132016
16.34343,17.306604,1.1878221,0.9631748,5.893346
14.353753,9.210023,1.0659115,5.14373,35.835438
0.46240905,1.9071292,0.98114234,1.4447201,312.43338
1.3185273,0.6871016,1.0776677,0.63142574,47.88871
19.216955,12.080871,1.0033941,7.1360846,37.134315
1.5466022,1.434962,1.3817574,0.111640215,7.218418
0.8398137,1.6650584,1.0530405,0.82524467,98.265205
7.225535,7.9801717,1.1536167,0.75463676,10.444026
0.43515766,0.88519514,1.3129922,0.45003748,103.4194
0.58642846,0.0,1.0384264,0.58642846,100.0
0.21389937,9.044696,0.95594543,8.830796,4128.482
0.9138709,2.342155,1.0004414,1.4282842,156.28949
5.5202837,5.4906473,0.89854807,0.029636383,0.5368634
0.8799676,1.9150411,1.4069463,1.0350735,117.62633
0.7553707,0.0,0.93490255,0.7553707,100.00001
3.7583513,3.5505571,1.3801851,0.20779419,5.5288653
0.7254828,1.0485792,1.4561963,0.3230964,44.535362
21.529604,19.784288,0.9573654,1.7453156,8.106585
18.112085,15.990229,1.2815099,2.1218567,11.715143
3.582306,3.9730272,1.2734704,0.39072132,10.906978
1.5883152,1.0490311,1.4561963,0.5392841,33.953217
5.9084535,5.475888,0.9488385,0.4325657,7.321132
0.70269495,0.9389657,0.94330114,0.23627073,33.623512
0.40733394,0.9045538,1.4542161,0.49721983,122.06689
1.1087793,1.21578,1.4554356,0.10700071,9.650316
24.096634,25.491957,0.98045975,1.3953228,5.79053
0.782516,1.2661786,1.4153129,0.4836626,61.808655
0.19420676,0.529299,1.0388948,0.33509225,172.54407
0.5773305,0.7121029,1.4387358,0.13477236,23.344055
6.0247073,5.3474135,0.9744776,0.6772938,11.241937
0.43204,0.6519555,0.97694796,0.21991548,50.90165
0.95992607,0.16825569,0.94130766,0.7916704,82.472015
16.936329,13.308196,0.953269,3.6281328,21.422192
1.1347762,1.0509278,1.4561963,0.08384848,7.3889875
15.329027,10.387073,0.9566332,4.9419546,32.239193
16.478046,13.03938,1.1237628,3.4386663,20.868168
1.1726723,0.8863305,1.4189112,0.2863418,24.417887
0.911763,1.6402712,1.0522999,0.7285082,79.90104
0.5797965,0.49949098,0.98747945,0.08030552,13.850639
0.76472473,1.4364061,1.4216002,0.6716814,87.83309
0.5113925,4.4498367,0.9843427,3.9384441,770.14124
0.36999494,0.31270593,1.2624252,0.057289004,15.4837265
16.138187,12.181188,1.0476606,3.9569998,24.519482
15.122455,0.96461624,1.4533898,14.157839,93.62131
1.5039643,2.0968049,1.11567,0.59284055,39.418526
0.7216739,0.38662446,0.9196314,0.33504945,46.42671
0.28539327,2.544736,1.2277864,2.2593427,791.6594
0.62442213,0.53571993,1.1275903,0.0887022,14.205486
1.124736,1.0490311,1.4561963,0.07570481,6.7308965
0.6874573,0.12685645,0.92262954,0.5606009,81.54701
0.56831574,1.0490196,1.4561963,0.48070383,84.58393
7.1557918,4.6642346,1.1015573,2.4915571,34.81875
5.083176,2.9429717,0.96184343,2.1402044,42.103683
1.1242365,1.4328651,1.2048688,0.30862868,27.452291
0.7108066,3.0170197,1.3094063,2.3062131,324.45013
0.76094,0.02587223,1.3476515,0.7350678,96.59996
1.5908321,1.1689761,1.2850999,0.42185605,26.517948
11.298255,9.557544,1.0186328,1.7407112,15.406903
23.734415,18.129587,0.94969535,5.604828,23.61477
0.4571597,0.0,0.9607395,0.4571597,100.0
5.5793576,3.6335325,0.98989856,1.9458251,34.87543
13.154543,1.6156067,1.4508384,11.538937,87.71826
2.6670034,2.677546,0.9395937,0.010542631,0.39529875
16.96881,16.845287,1.2326208,0.123521805,0.7279344
0.8466361,0.904246,1.3463798,0.057609856,6.8045588
1.0277369,1.0490311,1.4561963,0.021294236,2.071954
0.49209365,11.090853,0.9776845,10.598759,2153.8093
0.6834211,1.1820593,1.357493,0.4986382,72.96208
0.48944223,1.1571653,1.2661794,0.66772306,136.42531
0.99927527,1.0601352,0.9233761,0.06085998,6.0904117
0.64731634,7.2878075,1.0369272,6.640491,1025.8494
0.42580843,0.9111554,1.2088225,0.48534697,113.982475
16.541435,13.765797,1.0641015,2.7756386,16.779913
0.17002697,9.463073,0.9604116,9.293046,5465.6304
0.65616673,1.0319026,1.4561701,0.37573582,57.26225
0.9357858,1.0545311,1.1664834,0.11874533,12.689371
23.135654,17.729744,0.9533166,5.4059105,23.366146
0.46961325,0.0,1.1320666,0.46961325,100.0
13.222009,12.569273,1.3019987,0.6527357,4.9367366
1.3207802,1.3522174,0.98617566,0.031437278,2.3802052
0.7619466,1.4660687,1.3963706,0.7041221,92.41096
0.8549701,0.11997366,0.95459116,0.73499644,85.9675
1.3128284,1.1893353,1.3704498,0.123493075,9.406643
1.9741739,1.0548633,1.4561962,0.91931057,46.56685
5.216812,4.9283624,0.93694675,0.28844976,5.5292344
21.135998,16.160149,0.95435387,4.975849,23.542059
0.92219937,0.6917373,1.1846122,0.23046207,24.990482
10.434363,9.299531,1.0559802,1.1348324,10.875914
0.4435322,1.0490311,1.4561963,0.6054989,136.51747
4.070279,1.9572483,1.4552287,2.113031,51.91366
0.9324153,0.68094933,1.0123106,0.25146598,26.969309
19.378788,15.93473,0.9654522,3.4440584,17.772312
0.9072229,0.9922632,1.3582361,0.08504027,9.373691
7.8411393,8.093643,1.3718259,0.25250387,3.2202446
0.31849897,1.5670718,1.0619284,1.2485728,392.01785
0.85325754,0.06767094,0.94644266,0.7855866,92.06911
4.791731,6.2538915,1.3097888,1.4621606,30.514248
3.9038053,4.4605927,1.3615546,0.5567875,14.262686
0.3486186,0.77258587,1.4471588,0.42396727,121.6135
0.76056266,1.773158,1.0120087,1.0125953,133.13765
13.358423,12.162517,1.0193212,1.1959066,8.952454
1.0438502,0.69987977,1.2483517,0.34397042,32.952087
1.3011127,1.0490342,1.4561963,0.2520784,19.374065
4.8266144,4.65589,0.9603135,0.17072439,3.5371459
8.305787,8.544788,1.2772565,0.23900127,2.877527
0.3642484,4.343359,1.2124653,3.9791107,1092.4169
0.4084661,0.4616655,1.3902917,0.05319941,13.024192
20.751278,19.476986,0.9639699,1.274292,6.140788
0.32693744,4.8455515,1.0440977,4.518614,1382.1035
0.9392783,1.0221387,1.4544591,0.08286041,8.821711
0.6856811,1.2553353,1.4542009,0.5696542,83.0786
0.9468642,1.1255859,1.4460859,0.17872173,18.875118
0.9645045,1.2028457,1.4531496,0.23834121,24.71126
1.5478442,0.5729548,1.1766758,0.9748894,62.98369
0.38519412,0.0,1.0621681,0.38519412,100.0
0.6831027,0.0,0.94531906,0.6831027,100.0
25.971174,29.723288,0.9166587,3.7521133,14.447223
0.28520715,3.292202,0.9819897,3.0069947,1054.3195
0.40406513,0.0,0.92793703,0.40406513,100.0
1.1860505,0.52965564,1.121108,0.6563949,55.34291
0.2954181,5.277065,1.0005331,4.9816465,1686.3036
8.313908,8.5544195,1.0178838,0.2405119,2.8928864
9.714989,7.0688314,1.0147855,2.6461573,27.237883
0.49646556,0.0,1.0741557,0.49646556,100.0
0.24763042,10.037598,0.98658997,9.789968,3953.4592
0.5290382,1.2715907,1.0385092,0.7425525,140.35896
6.9357967,4.1734924,0.99947554,2.7623043,39.82678
0.94057167,1.0461608,1.4558116,0.10558915,11.226061
1.6004431,0.8716655,1.1110834,0.72877765,45.53599
0.6262902,1.0988109,1.4561944,0.4725207,75.44756
0.7573375,0.5993314,1.1977935,0.15800613,20.86337
9.311655,9.912323,1.3538624,0.60066795,6.450711
0.9977414,0.69870716,1.1659867,0.29903424,29.971115
0.8263505,1.4131085,1.4531939,0.58675796,71.00594
0.67260045,3.1127353,1.2004335,2.4401348,362.79114
0.9141697,1.0503954,1.4561863,0.13622564,14.90157
0.61020213,0.0,1.2312907,0.61020213,100.0
0.5905364,0.40807664,1.0034986,0.18245977,30.897295
0.9424957,1.0490311,1.4561963,0.106535435,11.303546
0.7514654,1.4899364,1.4518625,0.738471,98.27079
26.939909,19.616022,0.9408299,7.323887,27.186012
0.47890392,0.0,0.9306519,0.47890392,100.0
0.22984792,1.049031,1.4561963,0.8191831,356.40222
0.8355128,5.5439844,1.2899525,4.708472,563.5427
0.90762633,0.53970623,1.4098326,0.3679201,40.53652
0.5683357,3.7320023,1.0429388,3.1636665,556.65454
0.44806883,0.2678486,1.0001503,0.18022022,40.22155
0.5914817,1.4618889,1.4559555,0.8704072,147.15709
0.9383641,1.140485,1.1587807,0.20212096,21.539715
15.2001095,16.831543,1.1796622,1.6314335,10.733037
0.54304117,0.0,1.258222,0.54304117,100.0
0.91236895,1.0371482,1.4331304,0.124779284,13.676406
19.536558,17.492832,0.95136,2.043726,10.461034
6.797754,4.6034617,0.9571127,2.194292,32.279663
1.0994797,1.0542896,1.4561913,0.045190096,4.1101346
4.8888283,4.614869,1.3976662,0.27395916,5.60378
0.2371334,0.5945443,1.0942717,0.3574109,150.72145
9.324851,9.909302,1.253618,0.5844507,6.2676682
0.38835597,7.49094,1.1399963,7.102584,1828.8849
21.501577,22.2285,0.9570302,0.726923,3.380789
10.371765,5.9678583,1.1184669,4.403907,42.460533
0.21870413,8.9260435,0.9799693,8.707339,3981.3328
1.4202542,1.282337,0.9366999,0.13791728,9.710746
9.024435,6.718034,1.0866941,2.3064013,25.557293
9.433506,6.7876296,1.0507162,2.6458764,28.047647
1.8368839,1.0666339,1.4561961,0.77024996,41.932423
1.5636392,1.2189966,1.4559815,0.34464252,22.041052
0.90764266,1.0490953,1.4561963,0.14145261,15.584615
0.5705676,1.6805993,1.0241784,1.1100317,194.54868
1.9823616,1.9655527,1.3802441,0.016808867,0.8479214
0.79433316,0.29145145,1.2111878,0.5028817,63.308662
28.282238,16.113985,0.97716975,12.168253,43.024364
0.63215756,1.0490311,1.4561963,0.41687357,65.94457
0.54948443,0.69402146,1.2824037,0.14453703,26.304117
1.5421588,1.2953398,1.455255,0.24681902,16.004772
1.7748446,1.7937372,1.2536956,0.018892527,1.0644609
0.84301764,1.7346641,1.4285086,0.89164644,105.76842
17.50282,17.188372,0.9631743,0.3144474,1.7965529
0.92200106,1.3446152,1.4533107,0.42261416,45.836624
0.43094313,10.561491,1.1336757,10.130548,2350.7852
0.71855664,1.1774421,0.9847278,0.45888543,63.86211
0.48740262,0.0,0.91764075,0.48740262,100.0
0.62295157,1.0441042,1.4561942,0.42115265,67.606
0.24632275,4.4953246,1.0065454,4.249002,1724.9735
1.051923,2.5369616,1.4043272,1.4850385,141.17368
3.5228822,4.33471,0.9309211,0.8118279,23.044424
1.4681406,1.0507486,1.4561963,0.41739202,28.429976
15.030579,10.47032,0.93377537,4.560259,30.339874
1.1142597,1.0349247,1.4558747,0.079334974,7.1199713
0.4607734,0.9426117,1.1454412,0.4818383,104.57164
6.643304,5.6197624,1.4387561,1.0235415,15.407114
0.26343092,1.0358323,0.9922383,0.77240133,293.2083
0.52002424,1.4252474,1.0660417,0.9052232,174.07326
0.09990024,9.338934,0.9620522,9.239034,9248.26
0.6961223,0.6063168,1.4378172,0.089805484,12.900821
1.5803323,1.3185453,1.4407185,0.26178694,16.56531
0.86713135,2.4542084,1.3848832,1.587077,183.02614
1.0167751,0.8054454,1.1254603,0.21132976,20.784317
0.65826696,0.7835709,1.0740739,0.12530392,19.035427
0.91018367,0.7702254,1.4003519,0.13995826,15.376925
9.013235,7.765361,1.3328611,1.2478743,13.84491
0.6593781,1.0484638,1.4561963,0.3890857,59.007977
0.76665735,0.20524132,0.93729454,0.56141603,73.229065
3.865372,3.5098147,1.4489378,0.3555572,9.198525
1.430901,0.50506496,0.9957502,0.9258361,64.70301
0.76176727,1.0482343,1.4561962,0.28646708,37.60559
0.4269607,0.9148861,1.2315936,0.4879254,114.27876
0.5550194,0.0,0.90910345,0.5550194,100.0
0.8925399,1.417098,1.4505585,0.5245581,58.771393
0.27497128,0.9725171,1.4476557,0.69754577,253.6795
5.2638817,4.345806,1.0081625,0.91807556,17.441038
0.14314936,1.0490311,1.4561963,0.90588176,632.82275
7.147596,5.8711443,1.3918626,1.2764516,17.858475
0.6989774,6.432764,1.0621244,5.7337866,820.3107
6.928151,7.211438,1.3051662,0.28328705,4.0889273
0.6503385,1.0063063,1.4530392,0.35596782,54.73578
5.4856353,5.245205,1.2723725,0.24043036,4.3829083
1.8925763,1.6535394,1.3835078,0.23903692,12.6302395
0.41189215,2.2245011,1.4382255,1.812609,440.06882
2.670737,1.6431205,1.4498646,1.0276165,38.476887
0.47874567,0.3544184,0.99834883,0.12432727,25.969378
1.4417485,1.1873633,0.98997366,0.25438523,17.644217
15.655585,17.153841,1.1397355,1.4982557,9.570104
0.61778975,0.38878715,1.2514031,0.2290026,37.068047
4.401535,4.292514,1.4229093,0.10902119,2.47689
19.544334,18.593323,0.9718563,0.95101166,4.86592
0.6653462,0.0,1.2278587,0.6653462,100.0
2.223803,1.0503564,1.4561963,1.1734467,52.767563
0.3944087,0.79086685,1.210099,0.39645815,100.51962
1.5992723,1.0735431,1.4560995,0.5257292,32.873024
25.206587,28.964195,0.946642,3.7576084,14.907248
3.859736,4.356016,1.3026229,0.4962802,12.85788
0.8550591,0.3098632,1.3307045,0.5451959,63.761192
0.87574697,2.7534628,1.1283873,1.8777158,214.41304
0.70675915,0.025193095,1.341392,0.68156606,96.43541
0.9870545,0.85981,0.97932404,0.12724453,12.891337
4.399897,2.491533,0.9644715,1.908364,43.372925
0.63860303,1.0490295,1.4561963,0.41042644,64.26942
3.7342815,2.4899793,0.96048343,1.2443023,33.321064
0.33069292,0.0,1.053824,0.33069292,99.99999
0.9575606,1.0490311,1.4561963,0.09147054,9.552454
1.9708858,1.0671422,1.4555912,0.9037435,45.854687
1.027036,1.0464808,1.4561822,0.019444823,1.8932953
0.90962625,1.597854,1.4299247,0.6882278,75.6605
0.82042444,1.0382754,1.4561414,0.21785092,26.55344
1.0297953,0.44861603,0.92429113,0.58117926,56.43639
0.32117197,14.37437,0.95919776,14.053198,4375.599
5.003161,4.0258646,1.0929501,0.97729635,19.533579
0.54754585,1.8620723,1.3817949,1.3145266,240.07607
0.54428136,2.3125653,0.93020713,1.768284,324.8842
1.7541331,0.5451882,0.9372686,1.2089449,68.91979
17.562416,14.523427,0.9722751,3.038989,17.303934
0.63898546,0.9959451,0.95726943,0.35695964,55.863503
0.5784633,0.1610834,1.0171826,0.41737992,72.15322
0.7374413,1.2912244,0.98346126,0.55378306,75.09521
1.148949,1.0912715,1.4312552,0.057677507,5.0200233
9.281835,8.103127,1.0847002,1.1787081,12.699084
1.1354241,1.0494256,1.4561963,0.085998535,7.574133
12.267312,7.230451,0.96208566,5.036861,41.059208
2.3230007,1.8184335,1.4458208,0.50456715,21.720491
0.86816293,0.8670416,1.2271743,0.0011213422,0.12916264
4.571623,6.829718,1.3353972,2.2580953,49.393734
0.9258934,1.0333598,1.4561385,0.10746634,11.606771
0.8280639,1.0898944,1.4537344,0.2618305,31.6196
8.191858,8.017762,1.0553924,0.17409611,2.1252334
1.047676,1.0294375,1.4557049,0.018238425,1.740846
0.87996185,1.4532065,1.1867431,0.5732447,65.14427
0.8156867,1.028554,1.2084084,0.21286726,26.096693
4.6064134,3.0914278,0.96385306,1.5149856,32.888615
14.335416,5.8789916,0.9693906,8.456425,58.98974
0.41890943,0.85957944,0.9892023,0.44067,105.19458
0.8088754,0.75326383,1.0507106,0.05561155,6.8751693
0.699643,0.7261635,1.0649784,0.02652049,3.7905746
8.510357,4.1299434,0.9475676,4.3804135,51.47156
10.206867,9.228092,1.0260391,0.978775,9.589377
10.845095,11.114847,1.2108669,0.2697525,2.4873228
0.8930482,0.678353,1.3002719,0.21469522,24.040718
0.2106526,4.4581146,1.0180076,4.247462,2016.3348
2.6103752,1.4785496,1.0091547,1.1318256,43.35873
1.2857741,1.0490377,1.4561963,0.23673642,18.411976
2.956593,0.8176751,1.05418,2.138918,72.34401
22.710361,24.141665,0.9471292,1.431303,6.3024235
0.82196265,0.25426722,0.916795,0.56769544,69.06584
0.621149,1.5625553,1.3262564,0.9414063,151.55885
0.49244136,2.3375454,1.1159866,1.845104,374.685
16.624912,17.925886,1.2289171,1.3009739,7.8254476
1.3479956,1.4946861,1.4281182,0.14669049,10.882118
0.8100412,0.5151912,0.95119435,0.29485,36.399384
0.35172537,1.1828567,1.319013,0.83113134,236.30122
5.430947,4.976541,1.2779603,0.45440578,8.366972
1.2107728,1.0497118,1.4561951,0.16106093,13.302325
0.7680433,1.1624069,1.033906,0.39436364,51.34654
0.35180348,0.93256366,1.311575,0.5807602,165.08086
0.87139577,1.4960734,0.97239256,0.6246776,71.68701
0.41105118,0.0,0.9341234,0.41105118,100.0
4.3892474,3.3358097,1.0176014,1.0534377,24.000418
5.106686,2.976625,1.1534067,2.1300611,41.711224
1.1551062,1.0889039,1.4497793,0.06620228,5.7312727
10.670181,8.233001,0.9531771,2.4371805,22.841042
0.5879691,1.2024229,1.136713,0.61445373,104.504425
11.339446,8.102683,1.1293188,3.236763,28.544277
3.3328078,2.763403,1.1019361,0.56940484,17.084839
0.9691473,0.6563771,0.89226913,0.31277025,32.272724
0.42709652,0.0,1.2927451,0.42709652,100.0
0.49259666,1.0490309,1.4561963,0.5564343,112.95941
3.9852943,3.2851558,0.91040593,0.70013857,17.56805
1.0072572,1.9682219,1.4032252,0.9609647,95.4041
3.6264753,4.803821,1.3990496,1.1773458,32.46529
26.8091,22.870499,1.0328975,3.9386005,14.691282
18.386347,13.321326,1.0298704,5.0650206,27.547726
20.452175,21.279804,1.0045315,0.8276291,4.0466557
0.54145354,4.629275,0.9704295,4.0878215,754.97174
0.90844,1.0494969,1.4561963,0.1410569,15.527377
0.8572393,1.3277574,1.0845783,0.47051805,54.887596
0.7611107,1.0490311,1.4561963,0.28792042,37.82898
16.192749,13.115375,0.95599824,3.0773745,19.004646
3.9503453,3.8029475,1.3969328,0.14739776,3.7312627
15.222996,15.56246,0.9462961,0.3394642,2.2299433
7.4509025,6.968963,1.4260001,0.48193932,6.4682007
0.6259729,0.8842932,1.406098,0.25832027,41.267006
0.42548767,0.0,1.1709355,0.42548767,100.0
1.7047465,1.338677,1.4530573,0.36606944,21.473541
0.16207865,0.30223382,0.9537352,0.14015517,86.47355
0.88281155,4.4698186,1.3430003,3.587007,406.31628
20.286957,17.289852,1.0214548,2.9971046,14.773554
1.0809231,0.90472686,1.4473604,0.17619622,16.300531
0.8086294,1.3149588,1.4474105,0.5063294,62.615757
0.87860584,1.1856208,1.4161329,0.30701494,34.94342
0.36977187,1.2601174,1.0296642,0.8903456,240.78241
1.3619342,0.86844265,1.3684871,0.49349153,36.234608
0.839311,1.4216083,0.9875226,0.5822973,69.37801
0.9781775,0.73581195,1.3403441,0.24236554,24.777256
2.2754054,2.2535508,0.96499497,0.021854639,0.96047235
0.7157717,1.7065332,1.4339557,0.9907615,138.41866
0.39054486,16.340176,0.9457117,15.949631,4083.9434
0.58794403,2.1995435,1.0075215,1.6115994,274.10764
12.41516,9.272307,1.072017,3.1428528,25.314638
0.57187873,0.5433605,1.275709,0.02851826,4.986767
0.93561053,1.0638174,1.4561958,0.12820685,13.703014
0.2812067,16.749807,0.9460174,16.468601,5856.4043
3.419981,4.062283,1.1912153,0.64230204,18.780865
0.7950767,0.0,0.90964895,0.7950767,100.0
23.270536,13.343131,0.9307992,9.927405,42.660835
0.6587359,0.91550934,1.4311466,0.25677347,38.979733
0.42274243,0.71684265,1.138935,0.29410022,69.5696
0.8579198,0.0,0.91278225,0.8579198,100.00001
0.20866355,0.6678943,1.2117637,0.45923075,220.08192
13.782581,12.495488,0.992982,1.2870932,9.33855
2.0231097,2.3250327,1.414961,0.30192304,14.92371
0.20601285,0.36482263,1.2163998,0.15880978,77.08732
1.0594449,1.0497088,1.4561963,0.009736061,0.91897756
11.604187,9.974161,1.3194788,1.6300259,14.046878
0.268165,3.9828463,1.1251861,3.7146811,1385.2223
21.825054,22.917255,0.9817584,1.0922012,5.004346
0.7148624,1.0489242,1.4561963,0.3340618,46.730927
2.648064,1.8393615,1.4546102,0.80870235,30.539381
0.87202555,1.0564885,1.4561963,0.18446296,21.15339
0.6515766,1.0502347,1.4561963,0.3986581,61.183617
0.805869,0.6151112,1.4322255,0.19075781,23.67107
0.95887655,1.0474273,1.4548291,0.08855075,9.234843
0.3601592,1.035038,1.4559149,0.67487884,187.38348
0.92107224,1.8065262,1.0627548,0.88545394,96.13295
0.3596906,5.345919,1.2051014,4.9862285,1386.2548
0.29843453,1.0578872,1.4510295,0.7594527,254.47882
0.15988223,1.0442617,1.4561598,0.88437945,553.1443
12.213311,6.375581,0.9891048,5.8377304,47.7981
0.9678618,3.724411,1.3470598,2.7565494,284.80817
17.751934,15.789573,0.9696996,1.9623613,11.054352
2.5070603,1.6590523,1.1476786,0.84800804,33.824795
0.8616055,0.53766245,1.4179695,0.32394308,37.597607
0.98374486,0.6237023,1.3409837,0.36004257,36.599182
0.3009876,1.0336199,1.4558626,0.7326323,243.40945
0.6435002,2.941432,1.185858,2.2979317,357.09882
0.41147557,3.9556923,1.3027248,3.5442166,861.34314
3.9772654,2.3565004,1.1339241,1.620765,40.750736
0.62349623,1.0328109,1.455526,0.4093147,65.6483
1.581407,1.0491908,1.4561963,0.5322162,33.654602
0.9894683,1.0553533,1.4518632,0.06588501,6.658628
1.1030663,0.9801188,1.4533015,0.122947514,11.145976
3.8137376,3.282477,1.3096603,0.5312607,13.930185
0.08258167,2.818616,1.0574445,2.7360342,3313.1255
0.54577434,0.7833828,1.4195554,0.23760843,43.536022
0.8056799,1.3945279,1.3586425,0.588848,73.08709
0.35409486,2.286367,0.9502176,1.9322721,545.6933
2.9035485,2.222951,0.94750774,0.68059754,23.440199
0.8761073,1.1307427,1.4554292,0.2546354,29.064407
3.7535508,1.5077142,1.4559238,2.2458367,59.83233
0.40783942,1.7723093,1.45542,1.3644699,334.56058
18.822496,13.329848,0.96646154,5.492648,29.181295
21.120514,18.499235,1.0350386,2.6212788,12.411056
13.83191,11.691356,1.0904381,2.1405544,15.47548
0.35848397,1.1297302,1.456188,0.77124625,215.14107
0.5966237,1.0491347,1.4561963,0.452511,75.8453
0.9201715,1.0490311,1.4561963,0.12885964,14.003872
23.217695,23.235613,0.9229835,0.017917633,0.07717232
18.174265,14.746342,0.954756,3.4279232,18.861414
6.356163,6.2325706,1.2114598,0.12359238,1.9444494
0.41935003,0.15923595,1.1613021,0.26011407,62.027916
3.5952792,2.7707465,1.1680461,0.82453275,22.933762
19.074272,19.43512,0.9514731,0.36084747,1.8918021
0.85734034,0.28605473,1.3246424,0.5712856,66.634636
8.171274,8.516696,1.1652247,0.3454218,4.2272696
0.20129351,2.1218965,0.996052,1.920603,954.1306
1.0885658,1.2229848,1.4521952,0.13441896,12.348263
4.302982,3.8462977,1.4467983,0.4566841,10.613201
1.1690365,1.1256387,1.1317497,0.043397784,3.7122693
0.32327932,0.77640176,1.3426193,0.45312244,140.16438
1.4127014,1.0476061,1.4561961,0.36509526,25.843767
1.2859403,1.084673,1.4137523,0.20126724,15.651367
23.557024,14.090192,0.9412286,9.466832,40.18688
10.465608,3.3943205,0.96638215,7.071287,67.5669
1.6771576,1.3923461,1.4114475,0.2848115,16.981796
0.6677355,2.7170615,1.3560951,2.049326,306.90683
3.075894,2.9066417,1.3339542,0.1692524,5.502543
0.7912083,1.3177522,1.3682209,0.5265439,66.54934
2.1313295,2.976606,1.0008187,0.84527636,39.65958
0.5777035,2.0949197,1.0577605,1.5172162,262.62888
0.44183573,4.2775803,0.97391504,3.8357446,868.1382
7.8420167,2.3814597,1.4542663,5.460557,69.63205
0.73801184,4.536525,1.4201144,3.798513,514.6954
1.0011783,1.0618912,1.093132,0.060712934,6.064148
0.879983,1.2112759,1.4063475,0.33129293,37.647648
0.9332137,1.1502498,1.4500682,0.21703613,23.256851
0.44443098,0.0,1.3693635,0.44443098,100.0
0.88686043,0.7354535,1.1165146,0.15140694,17.07224
0.24364439,0.68182015,1.3249449,0.43817577,179.84235
1.0341171,1.0480539,1.4549085,0.013936758,1.3476963
4.5069723,4.76503,1.3661025,0.2580576,5.725742
1.0146244,1.4862891,0.98816705,0.4716648,46.48664
0.7728077,1.0755911,1.4561871,0.30278337,39.179653
0.092178755,1.0490311,1.4561963,0.9568524,1038.04
23.807083,30.117832,0.99801654,6.310749,26.507862
0.27312884,1.052917,1.4557256,0.77978814,285.50195
2.4753466,1.8471795,1.190726,0.62816703,25.376932
0.6752156,0.6246084,0.95404804,0.050607204,7.49497
0.06333277,0.7733537,1.1464665,0.7100209,1121.0957
0.27604976,0.0,0.950383,0.27604976,100.0
19.17304,19.642103,1.183392,0.4690628,2.4464707
0.79677176,1.5074918,1.4498228,0.71072006,89.19996
20.190416,22.385223,0.9649079,2.194807,10.87054
1.7498164,1.0323795,1.4551443,0.7174369,41.000694
13.96055,13.6762495,0.99132764,0.2843008,2.0364585
0.95778143,0.90021014,0.8973438,0.057571292,6.010901
0.7154378,0.2315917,1.2951487,0.48384613,67.62937
2.8515782,3.1245341,1.262696,0.2729559,9.572099
0.78792125,1.3693511,1.4503767,0.5814299,73.79289
0.98673946,2.4219413,1.1942123,1.4352019,145.44891
3.748621,3.4852734,1.3934902,0.26334763,7.0251865
3.6082854,3.8609834,1.3750597,0.25269794,7.003269
1.2798467,1.0490311,1.4561963,0.23081553,18.034624
24.026865,21.327518,0.94475496,2.6993465,11.234702
0.6606994,0.265863,1.001257,0.39483643,59.760372
4.46206,3.9333186,0.92129457,0.52874136,11.849714
23.418337,21.419544,0.9477425,1.9987926,8.535161
3.2648315,3.931378,0.97189915,0.66654634,20.415949
0.9524335,1.049038,1.4561963,0.096604526,10.142916
19.715296,20.413435,0.96904385,0.6981392,3.5411043
17.09819,13.900201,1.0329714,3.1979895,18.703672
0.7653758,0.8757787,1.3087873,0.11040288,14.424664
1.1694362,1.268082,1.4540262,0.09864581,8.435329
1.8098729,1.6179166,1.2501987,0.19195628,10.606065
0.94677454,0.8662683,1.4148536,0.080506265,8.503214
0.80270463,0.49150622,1.0982157,0.3111984,38.76873
0.9006081,0.8344578,1.2653245,0.06615031,7.3450713
0.7427261,1.379453,1.4518456,0.63672686,85.728355
0.8577148,0.35100996,0.9431447,0.5067048,59.07614
21.141884,18.953524,1.0183444,2.1883602,10.350829
17.418484,15.951434,1.0050577,1.4670496,8.422373
18.406513,18.796738,1.0809978,0.39022446,2.1200347
1.8757375,1.8759161,0.94824135,0.00017857552,0.009520283
12.833945,11.400134,1.1746411,1.4338112,11.172022
0.5270694,0.37019563,1.2217238,0.15687376,29.763397
5.7035437,6.5603104,1.4240227,0.8567667,15.021655
22.087975,17.23733,0.9544469,4.850645,21.96057
0.88533443,0.5850519,1.2621549,0.30028254,33.91741
2.0277562,1.3777194,1.4430916,0.6500368,32.05695
0.38176185,5.2770915,0.9421805,4.8953295,1282.2993
11.357447,5.14435,0.9418094,6.2130966,54.70505
0.52940124,3.1522303,1.0387565,2.622829,495.4331
0.38432595,2.680931,1.0841081,2.296605,597.567
0.82491887,5.333964,1.0836984,4.509045,546.6047
0.9582883,1.0492284,1.4561958,0.09094012,9.489849
0.34464732,3.6862955,1.0508862,3.341648,969.5848
9.299088,9.164342,1.1112057,0.1347456,1.4490196
0.6855504,0.0,0.9098858,0.6855504,100.0
7.7839475,6.5218444,1.0450126,1.2621031,16.214178
16.928936,10.345527,1.0239553,6.5834093,38.8885
1.4286451,0.6404238,1.1962782,0.78822136,55.17265
1.5223274,0.87907267,1.442843,0.64325476,42.254692
1.0219778,0.6141905,0.9630366,0.40778726,39.90177
0.65337664,0.79263026,1.379442,0.13925362,21.312916
0.94093066,1.3051779,1.429421,0.36424726,38.71138
0.991757,0.7175691,1.283674,0.27418786,27.646679
0.2207763,1.0202888,1.4561207,0.7995125,362.1369
1.4383835,1.2956688,0.9215775,0.14271462,9.921875
0.9520338,0.8470684,0.9881354,0.10496539,11.025385
1.5126214,1.1859545,1.4414728,0.32666695,21.59608
0.9521398,1.0775086,1.4273319,0.12536877,13.167056
0.8390946,5.9298196,1.0362388,5.090725,606.6926
1.737673,1.8094757,1.0185801,0.071802616,4.132113
24.52843,27.271858,0.94842535,2.7434273,11.184683
1.4113923,1.0335028,1.4557575,0.3778895,26.774237
21.574356,19.360977,0.96574664,2.213379,10.259305
2.0486894,1.0677257,1.2567981,0.9809637,47.882504
0.8968332,1.6325679,1.2572223,0.7357347,82.036964
16.486568,17.71439,1.2210652,1.2278214,7.447404
1.4292023,1.0172096,1.4530149,0.41199267,28.826757
0.391265,2.895564,1.1318637,2.5042992,640.05194
0.5970355,1.0490307,1.4561963,0.45199513,75.70657
0.6956263,1.0490259,1.4561963,0.35339957,50.803078
0.25869712,7.0091047,0.96679354,6.7504077,2609.3865
1.683679,1.9736353,1.4520313,0.28995633,17.221592
0.6875569,2.2814176,1.01595,1.5938606,231.81508
15.085651,15.322791,0.9428287,0.2371397,1.5719553
1.3922102,0.8975011,1.3656316,0.49470913,35.53408
0.64153004,1.0796809,1.4555525,0.43815088,68.29779
0.5181263,1.0278131,1.4561546,0.50968677,98.37115
1.7267674,2.614078,1.2478228,0.8873106,51.385647
22.30561,16.944128,0.9660744,5.3614826,24.036474
0.912199,0.9859548,1.438951,0.0737558,8.085494
1.0899242,1.0490311,1.4561963,0.040893078,3.7519193
0.6248225,1.4994681,0.9704129,0.8746456,139.98305
13.896936,15.229143,1.2355468,1.3322067,9.586334
0.63297737,0.94015837,1.4276252,0.307181,48.529537
0.5066042,0.9103959,1.1964512,0.40379173,79.70557
0.16001423,0.9770943,1.4483202,0.8170801,510.62964
0.34906232,2.0534973,1.4317069,1.704435,488.28958
0.59341633,2.837381,1.1640265,2.2439647,378.1434
13.760344,8.80032,0.9674466,4.960024,36.045784
1.0045052,1.5784385,1.2701759,0.57393336,57.13593
0.4070859,1.0476238,1.4561938,0.64053786,157.3471
0.58809537,4.2814274,1.2139181,3.693332,628.0158
0.18829224,0.0,0.9429793,0.18829224,100.0
0.1652826,0.6914225,1.2736614,0.5261399,318.32745
9.221721,9.949805,1.2489711,0.72808456,7.8953223
0.9606394,1.5749326,1.2478994,0.61429316,63.94628
0.43688264,1.0237715,1.4552485,0.5868889,134.3356
0.43370876,11.39772,0.9568864,10.964011,2527.9663
4.7801003,4.531251,0.9344626,0.24884939,5.205945
0.47837287,0.8613116,1.3387384,0.38293874,80.05026
5.539825,5.837983,1.3186038,0.29815817,5.3820863
11.243484,3.0916004,1.0296396,8.151883,72.50318
0.47877604,0.9561236,1.4441863,0.47734755,99.70164
0.81770337,2.2010512,1.4116857,1.3833479,169.17479
0.521913,0.0,1.227348,0.521913,100.0
0.6537789,2.0429935,0.95727986,1.3892146,212.48997
1.0871593,0.7169564,1.3575507,0.3702029,34.052315
14.274343,15.443126,1.1659688,1.1687832,8.188
1.8011476,1.7620716,1.3891667,0.03907597,2.1695042
0.49599943,0.5504838,1.2877703,0.054484397,10.98477
19.596548,12.004741,1.175638,7.5918074,38.740532
0.72953695,1.046553,1.4561958,0.31701607,43.454422
1.0669304,1.2672745,1.4264076,0.20034409,18.777615
11.936653,8.594756,1.1509578,3.341897,27.996935
0.32928592,0.0,0.974754,0.32928592,100.0
17.36587,14.948709,0.959406,2.417161,13.919032
0.31942973,1.1710731,1.0645955,0.8516433,266.61368
0.67050624,2.0182285,1.3501956,1.3477223,201.00072
0.3447507,6.179487,1.204479,5.8347363,1692.4509
1.4463918,1.0268521,1.454376,0.4195397,29.005949
1.9992751,2.0674093,1.0054098,0.06813419,3.4079447
0.46752742,0.3806771,1.0511562,0.086850315,18.576519
0.5087585,0.0,1.0072485,0.5087585,100.0
6.888778,6.9538584,0.9543409,0.065080166,0.94472724
1.0734464,0.64439267,0.92082614,0.42905372,39.969738
0.072040856,0.5348719,1.2662884,0.46283102,642.45636
1.3280678,1.0943581,1.0134124,0.2337097,17.597723
0.75283206,1.4961702,1.3969914,0.7433381,98.7389
1.5783638,1.0591135,1.4561862,0.5192503,32.89801
3.7945175,3.05225,0.97443616,0.7422676,19.56158
1.2686155,1.0490311,1.4561963,0.21958435,17.308975
1.2569983,0.8092589,1.3814563,0.44773942,35.61973
0.6248029,1.0455844,1.4561788,0.42078155,67.34629
0.8251273,0.524199,1.2797073,0.3009283,36.470528
19.633846,15.063599,1.0070624,4.5702477,23.277393
0.9757284,1.0490311,1.4561963,0.073302746,7.512618
1.7541541,1.0939851,1.4559289,0.660169,37.634605
3.5423133,3.182571,1.4422723,0.3597424,10.155578
0.26728305,4.2141886,1.0528979,3.9469056,1476.6763
5.422174,4.84274,1.4329683,0.5794339,10.686376
6.114762,4.484292,1.0856864,1.6304698,26.664486
14.491899,15.016421,0.98447037,0.5245228,3.6194208
13.619952,13.144764,1.0948445,0.47518826,3.4889128
14.868498,12.507552,1.0769594,2.3609457,15.878845
10.100663,3.7852154,1.403265,6.315448,62.52508
15.195274,9.248633,0.94813424,5.946641,39.134808
10.964434,9.102497,0.95476687,1.8619366,16.981604
1.8037057,1.238616,1.3750782,0.5650897,31.329374
9.265568,7.780199,1.021988,1.4853687,16.03106
0.58557045,1.3900839,1.4557148,0.80451345,137.3897
3.299963,3.0924087,1.0043793,0.20755434,6.289596
16.550678,12.246628,0.9672011,4.3040504,26.00528
0.56016797,0.0,1.268549,0.56016797,100.0
1.2368406,1.0483035,1.4561938,0.18853712,15.243445
0.6646097,1.0396821,1.0771472,0.37507248,56.435
18.821556,16.229607,0.9452156,2.5919495,13.771175
0.8322056,1.8046205,1.186039,0.9724149,116.84792
0.51651,6.9014697,0.9591125,6.3849597,1236.1735
4.386829,3.6170335,0.98529047,0.7697954,17.547878
2.6966865,3.6069746,1.3619534,0.9102881,33.7558
4.0447307,5.2531366,1.3289397,1.208406,29.876057
23.444298,15.890719,0.9495108,7.5535784,32.219257
0.8207462,0.15236759,1.3053105,0.6683786,81.43548
1.2528867,1.0464728,1.4561048,0.20641387,16.475063
13.366304,8.080457,1.0384755,5.2858477,39.546066
0.8432772,1.4566829,1.4517101,0.6134057,72.74069
12.56763,14.280368,1.1419442,1.712738,13.628171
1.5260956,1.0490311,1.4561963,0.4770645,31.260458
0.59930694,1.0488869,1.4561963,0.44957995,75.01665
1.0269231,0.9981678,1.4541317,0.028755248,2.8001366
1.8737463,1.6485789,1.0654877,0.2251674,12.016963
10.364646,9.111118,1.0302421,1.2535276,12.094264
0.83667123,0.0,0.9506337,0.83667123,100.0
0.50278336,0.0,1.3189108,0.50278336,100.0
0.57125556,0.46232665,0.93834555,0.10892892,19.068335
0.4320968,0.75093865,1.3941154,0.31884184,73.789444
0.2584799,0.4114555,1.1211563,0.15297562,59.182793
0.35172078,2.2243466,1.1668686,1.8726258,532.41833
1.0222673,0.9687559,0.9555623,0.05351144,5.2345834
12.709582,12.70931,1.0900333,0.00027275085,0.0021460254
0.54255027,1.049031,1.4561963,0.50648075,93.35186
0.8229435,1.3995278,1.4525058,0.5765843,70.06365
6.5114784,6.406824,1.3340895,0.10465431,1.6072282
1.5567096,1.141085,1.4484398,0.41562462,26.698917
0.3941131,1.042644,1.4561927,0.64853096,164.55453
1.7769328,2.096179,1.2052103,0.31924617,17.966137
1.7426267,1.0575081,1.4558842,0.68511856,39.31528
0.9264273,1.1439767,1.4395548,0.21754938,23.482618
25.265041,17.492828,1.037377,7.772213,30.762716
0.76285416,2.768629,1.3651354,2.005775,262.93033
0.98418677,1.1847323,0.90891224,0.20054555,20.376776
2.9269502,0.4745263,0.97306263,2.452424,83.78769
1.0056816,1.1134233,1.4551209,0.10774171,10.713303
0.76795346,0.7079327,1.3129023,0.060020745,7.8156743
0.8403603,1.8242215,0.9727224,0.9838612,117.076126
0.8061061,0.96707183,1.4555286,0.16096574,19.968307
0.8684672,1.1671492,1.4555119,0.29868197,34.391853
7.644453,8.117232,1.3002802,0.47277927,6.1846056
1.1021893,1.725845,0.9621769,0.6236557,56.58335
0.4678568,6.0659456,1.2763519,5.5980887,1196.539
0.7203159,1.6093471,1.394212,0.88903123,123.42241
1.5299382,0.8931248,1.2798848,0.6368134,41.62347
25.394388,2.2018704,1.4426084,23.192518,91.3293
0.3672268,10.337814,1.1148362,9.970588,2715.1035
0.92773944,3.5838275,1.066505,2.656088,286.29678
0.8004385,1.1883525,1.1266148,0.38791394,48.462677
0.5777709,0.9766059,1.4557272,0.398835,69.02995
0.90665925,1.4531255,1.4550048,0.54646623,60.272503
7.4362273,4.2595325,1.0390964,3.1766949,42.719173
20.577293,19.279364,0.94739103,1.2979298,6.3075824
26.535696,11.598798,1.0420129,14.936898,56.28983
17.765377,15.75236,0.9806852,2.0130167,11.331122
0.31790364,0.5491171,1.0446851,0.23121345,72.730675
1.0944631,1.3307533,1.0265999,0.23629022,21.5896
11.2490835,10.119335,1.2655785,1.1297483,10.043026
0.45861378,1.2910986,1.384396,0.83248484,181.52197
0.97375745,1.0492674,1.4561963,0.075509965,7.7544947
18.362791,10.927762,1.0414147,7.435029,40.489647
0.2551262,4.689246,1.055729,4.43412,1738.0105
0.93052906,0.14944565,0.9697595,0.7810834,83.939705
1.42219,1.0721383,1.4328171,0.35005164,24.613565
0.773599,1.4125065,1.4230206,0.63890743,82.58897
3.6167357,2.5371978,1.4451406,1.0795379,29.848404
20.573881,21.01277,1.1632718,0.43888855,2.1332316
0.84260964,1.1539952,0.9571872,0.3113855,36.954895
2.0465925,1.2688336,1.4486058,0.77775884,38.002625
1.6921418,1.5739179,1.3167151,0.118223906,6.986643
13.6565275,13.557308,1.2748977,0.09921932,0.72653407
3.7369435,3.1816983,1.2631007,0.55524516,14.858271
1.9089924,1.43329,1.4476235,0.4757024,24.919031
25.363413,21.183266,0.9336615,4.180147,16.481012
0.99832255,1.3232718,1.1162875,0.3249492,32.54952
1.4417046,0.9681515,1.4466218,0.47355312,32.846752
1.3360804,1.033837,1.4549934,0.30224347,22.621653
0.82047504,1.0490311,1.4561963,0.2285561,27.856558
1.4709294,1.0390224,1.4559128,0.43190694,29.36286
0.6423121,2.6520977,1.0200485,2.0097857,312.8986
0.9964039,1.0855463,0.9544496,0.08914238,8.94641
11.644751,10.968066,1.1015643,0.6766844,5.8110685
2.055889,1.668519,0.96846044,0.38736987,18.841967
0.9118512,1.0356752,1.2145488,0.12382394,13.579401
0.89820045,1.0615568,1.356971,0.16335636,18.187073
0.4071771,0.0,1.2549158,0.4071771,100.0
0.57345545,0.15544498,1.083273,0.41801047,72.89328
0.38790545,7.7709074,0.98324615,7.383002,1903.2993
0.87639976,1.466882,0.930326,0.59048223,67.3759
1.293851,1.3033803,1.4521364,0.009529233,0.7365016
1.2822541,1.3914464,1.4497473,0.10919225,8.515649
0.96184766,1.2991055,1.3642901,0.33725786,35.06354
22.408796,5.712078,1.2741822,16.696718,74.50967
20.271444,9.352855,0.9494827,10.91859,53.861923
1.6563467,1.391656,0.95320296,0.26469064,15.980388
1.6672245,1.5803149,1.1219039,0.08690965,5.2128344
0.7179082,1.253665,1.0564349,0.53575677,74.62747
0.7457523,2.2668457,0.944483,1.5210934,203.96765
0.98037386,0.75021374,1.2468636,0.23016012,23.47677
0.51854557,1.1950452,1.3157552,0.67649966,130.46098
5.711546,5.2192974,1.176162,0.49224854,8.618482
0.16376014,0.3920682,1.1001391,0.22830807,139.41614
0.25569272,0.0,0.95357466,0.25569272,100.0
1.2274802,0.9829555,1.451137,0.24452466,19.920864
1.4265468,1.0409946,1.4560999,0.38555217,27.026957
1.4799501,1.049044,1.4561963,0.43090606,29.116257
0.60734344,4.490949,0.97155505,3.8836057,639.44147
4.8354716,5.5338097,1.3084767,0.69833803,14.441983
1.3402661,1.3129492,1.3226136,0.027316928,2.038172
0.71789503,1.511216,1.4165784,0.793321,110.506546
0.5842688,0.2682625,1.3926184,0.3160063,54.085773
0.20920452,3.058972,0.9795095,2.8497674,1362.192
8.460969,5.6639633,0.91539735,2.7970057,33.057747
17.416649,14.708802,1.0423957,2.7078466,15.547461
0.70030457,2.6877737,1.3545314,1.9874692,283.8007
1.4159632,0.8553034,1.1109022,0.56065977,39.595646
1.1708843,1.3367267,0.99771637,0.16584241,14.163861
1.1985831,0.99916,1.4520072,0.19942313,16.63824
0.42736772,8.651126,1.0515794,8.223758,1924.2815
1.5390127,1.0490314,1.4561963,0.4899813,31.83738
0.33400854,0.0,0.97680527,0.33400854,100.00001
17.401445,19.210705,1.0333961,1.8092594,10.397179
0.2664911,1.0490168,1.4561963,0.7825258,293.6405
0.55478626,1.7601628,1.4486246,1.2053766,217.26865
0.6340661,0.40084982,0.94967914,0.23321629,36.781067
26.275036,16.877943,0.96881694,9.397093,35.76434
0.25306997,1.9609746,1.0390242,1.7079046,674.87445
0.54777473,1.0444657,1.0795466,0.49669093,90.67431
1.3737214,1.0437348,1.4561173,0.32998657,24.021362
0.18494888,0.12514222,1.1819681,0.05980666,32.33686
0.46792164,0.5204948,1.1195238,0.052573174,11.235466
0.8925558,1.0776329,1.2394259,0.18507713,20.735638
4.2142878,4.5331693,1.0366371,0.3188815,7.566676
14.45474,14.072982,0.9606327,0.38175774,2.6410558
0.4762267,8.6586075,1.2084087,8.182381,1718.1692
0.90210974,0.95923394,1.2773657,0.057124197,6.3322887
0.14356619,1.0490197,1.4561963,0.9054535,630.68713
0.11727207,0.45381945,1.2043245,0.33654737,286.98
25.315031,16.079924,1.0076373,9.235107,36.48073
23.548237,26.955074,0.9700053,3.4068375,14.467484
0.74790823,4.144575,1.3509513,3.396667,454.15558
0.417988,2.4081335,1.0047371,1.9901454,476.125
0.29425183,2.24584,1.2545662,1.9515883,663.2374
0.9171094,1.0490311,1.4561963,0.13192177,14.384519
0.31313053,1.3866888,1.2202194,1.0735583,342.84692
0.6965291,1.1865538,1.4478784,0.49002475,70.35237
0.16746895,0.0,1.149035,0.16746895,100.0
18.180561,16.137077,1.141412,2.0434837,11.239938
11.721781,2.2718024,1.4065875,9.449978,80.618965
0.1632023,10.116136,1.057847,9.952933,6098.5254
6.1608396,4.5684824,1.0503033,1.5923572,25.846432
0.99614143,0.0,1.4003613,0.99614143,100.0
2.6529768,2.5306735,0.94557315,0.12230325,4.6100383
22.036367,24.32369,0.96840966,2.287323,10.379765
3.208566,3.4480839,1.449723,0.23951793,7.464953
11.669929,11.381642,1.2000289,0.2882862,2.470334
0.59234715,2.5602436,1.0702055,1.9678965,332.22012
0.15432273,0.0,1.0029345,0.15432273,100.0
0.5003914,3.565537,1.0730612,3.0651455,612.54956
0.8114754,1.1372006,1.4055363,0.3257252,40.139874
9.406897,8.6329975,1.3504412,0.7738991,8.226933
0.618103,0.7430794,1.2708689,0.1249764,20.219347
0.29292265,0.21830785,0.9952928,0.07461479,25.472525
1.0565388,0.78339535,0.98220545,0.27314347,25.852667
0.7151009,1.2095509,1.3141952,0.49444997,69.14408
20.94274,15.556629,0.9286318,5.3861103,25.71827
1.3718365,1.0490321,1.4561963,0.32280445,23.530825
0.7568634,0.8651621,1.0113851,0.10829866,14.308878
0.5960145,1.0489132,1.4561963,0.45289874,75.98788
0.2758238,0.0,0.9528615,0.2758238,100.0
9.107472,8.657306,1.391176,0.4501667,4.942828
0.9615457,1.2088027,0.96771556,0.247257,25.714535
0.75702316,0.23625493,0.8912986,0.5207682,68.79159
0.36316085,0.0,0.94237983,0.36316085,100.0
0.99667835,1.0491496,1.4561963,0.05247128,5.264615
0.08593367,1.0361621,1.4559627,0.95022845,1105.7697
0.52828497,0.82490426,1.4458474,0.2966193,56.147594
0.7797853,1.3011527,1.374337,0.52136743,66.86038
1.1488265,1.0510608,1.4561963,0.097765684,8.510048
0.16682763,0.0,1.0085579,0.16682763,100.00001
0.70150626,1.6099052,1.4195346,0.908399,129.49265
0.71747065,0.29788536,0.9675425,0.4195853,58.481182
21.724552,20.330317,0.9678622,1.3942356,6.417787
0.8518426,1.6345509,1.3762664,0.78270835,91.884155
0.25095448,1.8962799,0.9927913,1.6453254,655.6271
0.9732819,1.820342,0.9264223,0.84706,87.03131
3.9554958,3.3021445,0.9265703,0.6533513,16.517557
25.292877,22.306408,1.1142076,2.9864693,11.80755
1.0363895,0.9439227,0.93217397,0.09246677,8.92201
1.0438538,1.0473658,1.4561782,0.0035120249,0.33644798
0.46551982,4.6328087,1.0985409,4.167289,895.1904
6.2542644,6.993335,1.0321997,0.7390704,11.817064
0.63880825,1.0467883,1.4561878,0.40798008,63.865814
0.50345767,1.2988204,1.456149,0.7953627,157.98006
1.6102049,1.0400414,1.4561847,0.5701635,35.409374
0.5495659,0.0,0.98023087,0.5495659,100.0
1.5418826,1.0489552,1.4561963,0.49292743,31.969193
1.8393514,1.0490693,1.4561963,0.79028213,42.96526
0.8322267,0.5061821,1.3597481,0.32604462,39.17738
0.96340185,0.5189581,0.89120454,0.44444376,46.13275
0.55911154,1.0971614,1.4561946,0.5380499,96.23302
1.4315903,1.0383407,1.4554493,0.39324963,27.469425
3.3899133,2.4614959,0.94274056,0.92841744,27.387646
11.3742075,9.063523,0.9573954,2.3106842,20.315123
1.3163098,2.434047,0.95033103,1.1177372,84.914444
0.18638258,0.7748611,1.2854564,0.5884785,315.73688
0.49715585,0.619408,1.2857511,0.122252166,24.590311
0.87523204,1.1171216,1.410165,0.24188954,27.63719
0.6017123,0.0,0.91195834,0.6017123,100.0
0.19177589,0.2632501,1.0446507,0.071474224,37.26966
13.397054,11.580631,1.1205637,1.8164225,13.5583725
17.756657,15.903567,0.9515455,1.8530893,10.436026
0.49719813,0.0,1.2984599,0.49719813,100.0
0.91973865,1.8361431,1.0258087,0.9164045,99.63749
0.44685096,0.0,1.0373768,0.44685096,100.0
4.2895513,3.4821992,1.4497511,0.80735207,18.821363
0.15451425,1.1668038,0.9635241,1.0122895,655.1431
1.1510938,1.2521851,1.1518091,0.101091266,8.782192
0.25586346,3.313693,1.1042156,3.0578296,1195.1022
1.0671803,0.62025064,1.1005926,0.44692963,41.879486
0.4619159,0.0,1.2544748,0.4619159,100.0
0.89993733,1.1323884,1.421602,0.23245102,25.829689
0.9756829,1.051863,1.4546726,0.07618004,7.8078685
0.61605626,0.5111474,1.1894472,0.10490888,17.029108
0.16937038,0.0,0.9729192,0.16937038,100.0
0.6642128,1.0593091,1.4561962,0.3950963,59.483387
0.35294822,1.2789274,1.3373005,0.92597926,262.35556
0.4496081,1.0885811,1.292909,0.638973,142.11777
0.45982528,0.0,1.0085187,0.45982528,100.0
1.812819,1.0490311,1.4561963,0.76378787,42.132603
0.2437483,5.444186,1.2085677,5.200438,2133.5278
1.0177406,1.0469226,1.4561799,0.029181957,2.8673277
5.0039,4.783365,1.3476949,0.22053528,4.407268
1.5784881,1.1524683,1.3622351,0.4260198,26.989103
0.50259674,0.78811204,1.416482,0.2855153,56.80803
0.9132319,1.178352,1.4551519,0.2651201,29.03097
0.603378,0.8469403,1.4525293,0.24356228,40.36645
1.4832518,0.9455332,1.3535495,0.5377186,36.25268
0.50790524,0.054454923,0.91587645,0.45345032,89.27853
1.4168396,1.2534338,0.9220369,0.16340578,11.533118
4.863977,5.505395,1.3390833,0.641418,13.18711
0.36838374,0.28051615,1.1613693,0.08786759,23.852188
1.3723731,0.55159295,1.2417583,0.82078016,59.807365
14.840052,14.414114,1.2256807,0.42593765,2.87019
3.2098536,3.1104379,1.3906965,0.09941578,3.0972059
0.21974479,0.0,1.1062753,0.21974479,99.99999
0.99645185,0.95112354,0.96219623,0.04532832,4.5489726
0.7162725,1.1351818,1.3787694,0.4189093,58.48463
2.6990705,2.8865423,1.3183022,0.18747187,6.9457936
1.5781662,1.0490311,1.4561963,0.5291351,33.528477
0.49613097,0.60414326,1.2206175,0.10801229,21.770922
3.8113472,3.7753239,1.3501838,0.03602338,0.9451613
1.1572059,1.2430856,0.9508004,0.08587968,7.421297
13.071914,9.877037,0.9855217,3.1948767,24.440773
1.6820458,1.0548551,1.4561925,0.6271907,37.287373
10.753653,8.151026,1.178134,2.6026268,24.20226
3.1141846,1.2201533,1.4561692,1.8940313,60.819492
7.3579493,6.3655996,1.0715027,0.9923496,13.486769
0.625858,1.1298928,1.427416,0.5040348,80.53501
0.8791877,1.0062889,1.4554932,0.12710118,14.45666
16.570532,17.250183,0.9710243,0.67965126,4.101566
1.451757,1.3617965,1.4494721,0.089960456,6.1966615
0.7448046,0.0,1.2888334,0.7448046,100.0
0.94778335,1.0490311,1.4561963,0.10124779,10.682588
0.9308576,0.40668654,0.9036323,0.52417105,56.310555
24.892965,13.011767,0.9527652,11.881198,47.729137
0.7165678,0.37949955,0.92421436,0.33706826,47.03927
0.23480038,1.0470835,1.4561905,0.8122831,345.94623
0.5398342,1.6107539,1.0248457,1.0709198,198.37938
0.9714544,0.47072613,1.0232259,0.50072825,51.544186
0.9632186,1.0539554,1.3947939,0.09073681,9.420168
16.103716,17.838415,0.9658209,1.7346992,10.772043
9.436645,9.90763,0.98939526,0.4709854,4.9910264
0.6846117,0.0,1.208366,0.6846117,100.0
1.0119156,1.0488536,1.4561962,0.03693807,3.6503117
8.443413,7.591362,1.4192882,0.8520508,10.091308
0.9181545,0.0,0.9289292,0.9181545,100.0
0.11425612,1.0484214,1.4561957,0.93416524,817.6063
0.7089455,0.11749631,1.1647437,0.5914492,83.42661
21.048382,18.56041,0.9979501,2.4879723,11.820254
0.94360024,0.51245826,0.94021666,0.43114197,45.691166
1.0597765,1.519077,1.4311527,0.4593004,43.339363
26.237595,16.465857,0.95979863,9.771738,37.24327
0.76658064,1.2855725,1.4539818,0.5189919,67.702194
0.990822,1.5393574,0.980047,0.5485354,55.361652
0.7625715,0.59987026,1.0825347,0.16270125,21.335867
0.6078876,0.037747502,1.2395884,0.5701401,93.79038
0.086427085,0.5475554,1.0789301,0.4611283,533.5461
25.85775,16.837568,0.98255414,9.020182,34.88386
1.5345683,1.0652606,1.45586,0.46930766,30.58239
0.93996096,1.0490311,1.4561963,0.10907018,11.603693
0.9471062,0.6496365,1.272612,0.29746968,31.40827
22.199858,18.369755,0.9522953,3.830103,17.252827
22.270449,20.08505,0.94786906,2.185398,9.812995
0.94960135,1.0715836,1.1882126,0.12198228,12.845631
0.5394259,0.0,0.9892571,0.5394259,100.0
0.8281782,7.3227267,0.9680366,6.4945483,784.19696
1.8293376,1.1571765,1.3150578,0.6721611,36.743416
1.3450695,1.0490319,1.4561963,0.29603767,22.009098
0.9689146,1.1020529,1.455689,0.1331383,13.7409725
23.671144,14.045726,1.0328184,9.625419,40.66309
1.4334352,1.0490311,1.4561963,0.38440406,26.816982
0.8448975,1.0490311,1.4561963,0.20413363,24.160755
0.8037418,0.5640297,1.351836,0.23971212,29.824518
0.9557411,1.35888,1.4209642,0.40313894,42.180767
0.586704,0.014896393,0.9636312,0.5718076,97.461006
3.4684536,2.5849507,1.1946371,0.88350296,25.472532
2.90517,3.6641927,1.1477028,0.7590227,26.12662
0.6318823,1.0438995,1.4560914,0.41201723,65.20474
8.495769,8.868363,1.3578224,0.37259483,4.385652
0.5785792,1.6218326,1.1373852,1.0432534,180.31299
0.89845896,0.6644959,1.3423449,0.23396307,26.040485
0.17663242,2.265863,0.9877697,2.0892305,1182.8126
0.22341132,0.95595324,1.4372431,0.7325419,327.88934
5.5035963,5.955302,1.3444422,0.45170546,8.20746
27.68073,20.957558,0.93256557,6.723173,24.288279
0.9375188,1.0836816,1.4561949,0.14616281,15.590387
1.7117077,1.8207933,0.9756815,0.10908556,6.372908
1.0393509,0.72661936,0.9883512,0.3127315,30.089119
1.5744644,1.4803889,0.97020113,0.09407556,5.9750834
4.0916677,3.7957144,0.9736565,0.29595327,7.2330723
0.9984684,0.9949006,0.93454826,0.0035678148,0.35732877
0.33189052,0.0,1.364224,0.33189052,100.0
1.2932647,1.2193668,0.96872157,0.07389796,5.7140627
22.965647,15.326594,1.0517613,7.6390524,33.26295
0.86287755,0.8294558,1.3919703,0.033421755,3.8732905
6.4660716,6.310884,1.1333848,0.1551876,2.4000292
14.196896,13.993726,1.2271881,0.20316982,1.4310863
0.66610897,0.46500015,1.0364639,0.20110881,30.19158
0.603601,0.51414,1.0413655,0.08946097,14.821209
0.6413869,0.0,0.98924744,0.6413869,100.0
0.8158971,0.50893635,0.92792785,0.30696076,37.622482
19.443586,21.461498,0.96280426,2.017912,10.378291
0.8755628,0.7506404,1.3570262,0.124922395,14.267668
0.92866856,0.46717167,1.031434,0.4614969,49.694466
2.9053042,1.0491277,1.4561963,1.8561765,63.88923
0.60856485,0.9421896,1.4550332,0.33362472,54.821556
0.77333814,1.0487785,1.4561963,0.2754404,35.61707
0.2667409,1.0448105,1.4561576,0.7780696,291.69492
0.9050184,1.0490118,1.4561963,0.14399344,15.910554
11.937755,9.93168,1.1437119,2.006075,16.804457
0.985753,1.3596432,1.3764371,0.37389022,37.9294
0.4940177,0.6639492,1.4427372,0.1699315,34.397858
5.867825,3.3832378,1.1444432,2.4845872,42.34256
23.410288,25.831202,0.9564795,2.4209137,10.341238
19.314016,17.742186,0.9603597,1.5718307,8.13829
0.8771192,1.0571069,1.4560674,0.17998767,20.52032
0.20635688,0.09987724,1.1635116,0.106479645,51.599754
2.9230354,2.6888528,1.4497769,0.2341826,8.011623
6.576692,7.087228,0.91162133,0.5105357,7.7628045
8.608054,8.8734,1.2087451,0.26534557,3.0825267
1.5605552,0.6987575,1.2664167,0.8617977,55.22379
4.7896643,3.6252608,1.0999349,1.1644034,24.310753
1.2141412,1.0781274,1.4556732,0.13601387,11.202475
1.1715051,0.8323407,1.3803368,0.33916438,28.951166
0.26049864,0.5710528,1.4254645,0.31055415,119.21526
0.4809274,1.0490245,1.4561963,0.56809705,118.12532
0.68318987,0.53076255,0.9596418,0.15242732,22.31112
3.464067,4.975794,1.4403496,1.5117269,43.640232
0.87315303,1.0382038,1.3609694,0.1650508,18.902851
1.0782067,1.8037958,1.0203347,0.72558916,67.29592
5.1828146,3.9776144,0.99563533,1.2052002,23.253778
1.5707715,1.0836022,1.4488521,0.48716927,31.01465
1.7214665,1.1693572,1.4551158,0.55210936,32.072037
10.799872,5.4950447,0.95047903,5.3048277,49.119358
0.11240374,0.0,0.9158601,0.11240374,100.0
1.2928965,1.0877163,1.4557104,0.20518017,15.869806
10.525661,8.319524,0.9499499,2.2061377,20.959612
12.566016,13.068076,0.95987266,0.50205994,3.9953787
0.84137,1.050494,1.4561963,0.20912397,24.855173
8.848562,8.264639,1.0885096,0.58392334,6.599076
0.6732134,0.1589247,0.9027327,0.5142887,76.39312
1.5186821,0.68934906,1.2002457,0.82933307,54.60873
0.60201794,2.1636143,0.9788099,1.5615964,259.39365
1.3851622,0.8786591,1.3836354,0.5065031,36.566338
1.0665418,1.0433846,1.4561901,0.023157239,2.1712453
19.928602,12.555855,1.1800785,7.3727474,36.995808
0.5086957,0.0,0.9708246,0.5086957,100.0
25.026173,21.932251,0.9161819,3.0939217,12.362743
1.0165228,9.457425,0.9781408,8.440903,830.37024
0.20755689,0.7379563,1.114452,0.5303994,255.54411
2.844824,3.2256103,1.3073596,0.38078618,13.385227
18.1997,16.903877,0.9879648,1.2958221,7.1200194
0.33180812,0.0,0.9759774,0.33180812,100.0
18.027508,14.4456215,1.0337411,3.5818863,19.869005
0.5272735,1.6221771,1.4557208,1.0949037,207.65385
1.0715716,1.0490311,1.4561963,0.02254045,2.1034946
16.689941,15.622308,1.3363783,1.0676336,6.3968687
0.23278888,0.0,0.9974261,0.23278888,100.0
18.967836,16.00252,0.94745314,2.9653168,15.633395
1.1707877,0.683185,1.2875078,0.4876027,41.647404
2.2342784,2.5474901,1.0118542,0.31321168,14.018471
0.9903433,1.0354764,1.4545585,0.045133173,4.557326
2.8561316,1.0530334,1.4561963,1.8030982,63.13078
5.4644957,5.383519,1.3896756,0.080976486,1.4818656
6.380181,7.377211,1.3536018,0.99703026,15.62699
0.5878891,1.1173346,1.4561155,0.5294455,90.05875
2.957778,3.8690243,0.98273474,0.9112463,30.808477
0.8578718,0.92742175,1.3748032,0.06954998,8.10727
1.1151866,0.9777367,1.4460487,0.13744986,12.325279
1.4302331,1.0026771,1.4534672,0.42755604,29.89415
0.59517354,1.0466272,1.4561958,0.45145363,75.85244
0.64408827,0.0,0.9750196,0.64408827,100.0
0.93337107,1.0485089,1.456196,0.115137815,12.335696
0.83187646,0.72404546,1.2831256,0.107831,12.962381
0.6330541,0.0,0.982342,0.6330541,100.0
0.6253943,1.0490311,1.4561963,0.42363685,67.73917
0.40554214,0.71151686,1.1843594,0.30597472,75.44832
0.24150755,7.3892546,1.0017897,7.147747,2959.6372
0.4048112,0.0,0.9460446,0.4048112,100.0
1.1612064,1.0490315,1.4561963,0.11217487,9.660201
1.7019924,1.1257224,0.9620108,0.57627,33.85855
0.3332059,7.420881,0.9542469,7.087675,2127.1157
24.292912,13.458882,0.95650536,10.834029,44.597492
15.536009,12.713138,0.98248947,2.8228712,18.16986
8.935018,6.2341156,0.9712775,2.700902,30.22828
1.3962475,1.6643409,1.4520581,0.26809335,19.200989
0.9630643,1.1127476,1.4555357,0.14968324,15.542393
0.4366393,1.1517057,1.037188,0.71506643,163.76593
7.9502354,4.7513113,0.9390758,3.198924,40.236847
23.037102,23.235817,1.1339103,0.19871521,0.8625877
0.2678453,1.0449071,1.4561511,0.7770618,290.1159
1.4209286,1.6894107,1.1135701,0.2684821,18.894835
13.585642,3.334464,1.3341975,10.251178,75.45597
9.826579,8.7411375,1.0160762,1.0854416,11.045977
0.3880821,4.13534,1.1132976,3.7472582,965.5839
0.5953134,2.0196843,0.9541155,1.424371,239.26407
0.9335947,1.0489982,1.4561963,0.11540353,12.361203
1.0507269,1.0494864,1.4561963,0.0012404919,0.11806035
0.4764386,14.357931,0.9873077,13.881493,2913.5952
3.697897,4.0055676,1.2194841,0.3076706,8.32015
0.25617793,4.1666813,1.1329583,3.9105034,1526.4795
0.90318924,1.0947695,0.9852821,0.19158024,21.211529
0.8462123,0.91920495,1.3548895,0.07299262,8.625805
0.7097908,1.0490305,1.4561963,0.33923972,47.794323
8.664677,7.0076427,0.98761386,1.6570339,19.124014
0.59522516,0.8498368,1.3918442,0.25461167,42.77569
1.0135051,0.5196282,1.1557579,0.49387687,48.72959
0.8552063,1.0492924,1.4561963,0.19408613,22.694656
0.8079743,2.4616547,1.3322024,1.6536803,204.66992
15.060091,14.363306,1.2983737,0.696785,4.6266985
0.9591613,1.0491529,1.4561963,0.08999157,9.3823185
1.950689,1.2029383,1.4554315,0.74775064,38.33264
0.4343478,4.9323115,1.297085,4.497964,1035.5673
0.5637511,0.0,1.010159,0.5637511,100.0
1.877799,1.4320645,1.4381528,0.4457345,23.73707
0.41019204,0.0,0.9728127,0.41019204,100.0
27.891808,23.269184,0.95250493,4.6226234,16.573408
15.713241,13.475102,1.1323426,2.2381382,14.243645
0.6434524,0.40921158,1.0197818,0.23424083,36.403755
25.561813,22.11653,0.95708454,3.445284,13.478245
0.56797415,12.279738,1.0546257,11.711764,2062.0242
7.714643,4.495296,0.94192606,3.219347,41.730343
22.661089,22.481121,0.9520691,0.17996788,0.7941714
0.24853486,7.2432876,1.1097802,6.994753,2814.395
0.6928034,0.046609998,1.2728758,0.6461934,93.27226
8.651065,9.356987,1.3349274,0.7059221,8.159945
0.6711985,0.09562677,0.98120356,0.5755717,85.75283
0.32285705,13.924128,1.0353045,13.601271,4212.784
0.77228427,1.574147,1.4019465,0.8018627,103.829994
1.0318232,1.0519376,1.4561963,0.020114422,1.9494059
1.3090407,1.2088656,0.969149,0.10017502,7.652552
1.1498067,0.8475263,1.209549,0.30228043,26.289673
5.453901,1.624347,1.4283142,3.8295538,70.21679
0.63502884,1.049,1.4561963,0.4139712,65.189354
1.554627,1.0346463,1.3135692,0.51998067,33.447296
1.5975093,1.0170146,1.4510282,0.58049464,36.337482
16.671602,14.413232,1.0246981,2.2583704,13.54621
0.31563336,0.56544363,1.1324184,0.24981028,79.14571
1.4868435,1.0430804,1.4561133,0.44376302,29.84598
1.9263585,1.2180991,1.454389,0.70825934,36.766747
1.282862,1.5945238,0.9989885,0.31166184,24.294262
0.40546447,0.0,1.0051299,0.40546447,100.0
9.285527,9.519625,0.95314974,0.23409748,2.5211005
1.2874063,2.848363,1.3078206,1.5609566,121.24817
4.5112867,3.375863,1.0071528,1.1354237,25.16851
0.40540895,1.0490055,1.4561963,0.64359653,158.75241
0.5679573,0.87125593,1.3952425,0.30329865,53.401665
0.6509426,2.1272974,1.4011577,1.4763548,226.80261
10.543862,8.427832,1.0222491,2.1160307,20.068838
1.0256001,0.6136967,1.0612279,0.41190338,40.16218
1.0852823,0.5310464,1.402118,0.55423594,51.068363
0.1538865,1.0490223,1.4561963,0.8951358,581.6857
0.89159256,2.29909,0.92839533,1.4074974,157.8633
0.6116221,0.2686504,0.9359558,0.34297168,56.075752
0.62270296,1.0490305,1.4561963,0.4263276,68.464035
0.8847775,1.8582441,1.4417673,0.9734666,110.02389
0.6637919,0.28519398,0.9242414,0.37859792,57.035633
0.63471323,1.5790884,1.0246186,0.9443752,148.7877
0.61274594,1.0490189,1.4561963,0.43627292,71.199646
0.4303507,1.4440212,1.4525365,1.0136706,235.54524
0.3813872,0.0,1.290256,0.3813872,100.0
0.31841758,0.8401102,1.234126,0.52169263,163.83914
3.1889474,2.0402708,1.0132638,1.1486766,36.020557
0.9459386,0.82588565,0.9421288,0.12005293,12.691408
1.1275061,1.0172876,1.0969814,0.110218525,9.775426
0.30260095,6.056073,1.1627401,5.7534723,1901.3398
1.5055473,1.0490674,1.4561963,0.4564799,30.319866
1.233357,2.1135406,1.0683484,0.8801837,71.36488
0.64309746,0.6295494,1.3077308,0.013548076,2.106691
23.617147,21.08109,0.9517796,2.5360565,10.7382
1.2425035,0.38919097,1.1863859,0.85331255,68.67687
0.7346378,1.166311,1.4552501,0.43167323,58.76001
0.88982475,1.107471,1.4060955,0.21764624,24.45945
9.179017,4.225647,0.9666076,4.95337,53.964058
0.39019352,1.0568252,1.4561962,0.66663164,170.8464
0.91110843,1.4644294,1.0474309,0.55332094,60.730526
12.282007,11.452161,1.190549,0.8298464,6.756602
0.69723165,0.2757691,0.96879226,0.42146254,60.447994
0.6381925,0.49727178,0.98516995,0.1409207,22.081223
0.40141293,1.0472122,1.4561901,0.6457993,160.88153
0.4301255,0.62354314,1.0316426,0.19341764,44.967724
1.451669,0.93711066,1.3254082,0.5145583,35.445984
0.29442236,0.9861226,1.0494506,0.6917002,234.93468
0.98808384,0.029288054,1.1995037,0.9587958,97.03587
0.3083009,0.69836307,1.2683058,0.39006215,126.51994
24.738997,19.26306,0.91335195,5.475937,22.134838
1.6535842,1.4950259,0.9437522,0.15855837,9.588769
1.0157475,1.2387154,1.3450985,0.22296786,21.95111
0.8527453,1.5906651,1.4066802,0.7379198,86.53461
0.842206,0.48138237,1.3188783,0.36082363,42.84268
0.53907466,1.0490311,1.4561963,0.5099565,94.59849
0.20061862,1.019473,1.4550434,0.81885433,408.16467
0.9869312,0.82832646,1.2188693,0.15860474,16.070496
0.18927605,16.450861,0.94751257,16.261585,8591.465
5.2738423,4.9801617,1.3030566,0.29368067,5.5686283
1.4483802,2.0342948,1.0443166,0.5859146,40.453094
2.1533124,2.1687121,1.2082644,0.015399694,0.71516305
11.609526,11.074869,1.2667189,0.5346565,4.605326
9.589293,8.654733,1.2049612,0.9345598,9.745868
0.97452664,1.785331,1.2048672,0.81080437,83.199814
6.8341937,5.2822294,1.4280164,1.5519643,22.708813
0.76192385,0.0,1.1975956,0.76192385,100.0
0.3844844,0.9298563,1.3945407,0.5453719,141.845
0.9725322,0.8602797,1.1933069,0.11225253,11.5422945
1.1674918,1.047787,1.456192,0.11970484,10.253163
0.94432735,1.1962276,1.3794295,0.2519002,26.675093
0.698816,2.353981,0.9641102,1.655165,236.85275
0.8172693,0.6574682,1.1398506,0.15980113,19.553055
0.77211124,1.9860879,1.4167364,1.2139766,157.2282
0.34125042,1.2416501,1.3273809,0.9003997,263.85306
1.5369959,1.0457394,1.4561738,0.49125648,31.96212
0.6654164,1.0286207,1.4452155,0.3632043,54.583008
0.91580814,1.5918236,1.2051882,0.67601544,73.81628
0.42836392,3.3898,0.9998797,2.9614363,691.3365
0.5952255,0.091456175,0.93732923,0.50376934,84.63504
9.678691,8.838091,0.9925536,0.8406,8.685059
0.9396038,0.5915989,1.4321647,0.34800488,37.037407
0.75020003,1.0493516,1.4561963,0.29915154,39.876236
0.5836133,0.8249372,1.4516251,0.24132395,41.349976
0.45693055,1.2780236,0.9739163,0.8210931,179.69757
0.3522536,4.294907,1.1511248,3.9426534,1119.2656
0.4033598,0.0,0.9938712,0.4033598,100.0
1.1495801,1.0490313,1.4561963,0.10054886,8.7465725
0.4788864,0.0,0.9771369,0.4788864,100.0
3.3580885,4.614987,1.3339732,1.2568984,37.428986
1.7938079,1.932689,1.2418883,0.13888109,7.74225
0.9018003,0.9595123,1.4228969,0.05771202,6.3996453
0.5408199,1.0515523,1.0915929,0.5107324,94.43669
0.9061757,1.0490311,1.4561963,0.14285547,15.764654
1.8262045,2.6053967,1.3992903,0.7791922,42.6673
1.276516,1.0501301,0.92809993,0.22638583,17.734667
16.066093,15.666354,0.9767288,0.39973927,2.4880924
13.346681,1.3766955,1.4520417,11.969985,89.68511
11.92433,11.423478,1.1293299,0.50085163,4.2002497
6.2320795,5.0250463,1.0566804,1.2070332,19.368065
0.71377975,1.5604753,1.3020755,0.8466956,118.621414
4.4614387,3.7479339,1.271615,0.7135048,15.992706
0.3688542,0.0,0.9330065,0.3688542,99.99999
0.5968307,0.27896821,0.9911797,0.3178625,53.258404
10.077663,12.1015,0.9655821,2.0238361,20.082394
0.13245629,5.870854,0.98661655,5.7383976,4332.2954
0.37008694,3.255557,0.9986339,2.8854702,779.67365
14.519401,13.026102,0.97058314,1.4932985,10.284849
20.23153,19.66253,1.1854361,0.56899834,2.8124337
1.5413163,0.74575704,1.2321401,0.7955592,51.615574
1.243688,1.0488818,1.4561926,0.19480622,15.663592
0.46695638,2.2350585,1.3526373,1.7681022,378.64395
1.0751474,1.0508635,1.4561845,0.024283886,2.2586565
0.8966083,1.3888141,1.3471069,0.4922058,54.896416
0.17680787,0.0,0.9525035,0.17680787,100.0
1.0070102,0.66112614,1.2430264,0.34588408,34.347626
0.6262614,0.8802618,1.3971181,0.25400037,40.5582
2.4107087,1.0490515,1.4561963,1.3616571,56.483685
0.8927599,2.4219913,1.1149306,1.5292314,171.29257
0.80282634,0.62657946,1.0853708,0.17624688,21.953299
0.47045675,1.1990706,0.9584569,0.72861385,154.87372
0.82684535,2.2629826,1.434411,1.4361372,173.68874
0.7257002,0.7918898,1.2665206,0.06618959,9.12079
1.3502929,1.0488639,1.4561962,0.30142903,22.323233
23.246151,22.674547,0.9837722,0.5716038,2.4589179
1.7405493,1.8793672,1.4064631,0.1388179,7.9755225
2.978189,1.6178224,0.97538376,1.3603666,45.677643
1.6118813,1.4476378,1.3561325,0.16424346,10.189551
0.2736329,4.20142,0.98450845,3.9277868,1435.4219
0.57682574,1.3815626,0.946483,0.80473685,139.51126
1.0378686,5.514104,1.0473559,4.4762354,431.29114
1.2449592,1.7205173,1.0335356,0.47555804,38.198685
0.36460608,8.427675,0.97431594,8.063069,2211.4468
5.6707225,5.2039604,0.9055033,0.46676207,8.231087
0.72826445,1.0501449,1.4561962,0.32188046,44.19829
16.26929,15.533265,1.0217724,0.7360258,4.5240192
17.670534,14.671872,1.1197234,2.998662,16.969845
0.9236778,0.5392951,1.2898922,0.38438272,41.614372
0.9239501,1.4975958,1.4249693,0.5736457,62.086224
0.7537211,1.1067976,1.4561914,0.35307646,46.844444
0.83478624,0.754913,0.9019345,0.079873264,9.56811
0.36541864,0.0013301373,1.1884997,0.3640885,99.636
17.669508,13.059739,1.1795837,4.609769,26.088837
0.1177643,1.0461807,1.4561841,0.92841643,788.36835
1.0288361,0.45247388,0.8731189,0.57636225,56.0208
0.87785727,1.0261644,1.4561324,0.14830714,16.89422
1.1845089,0.7311741,1.2437376,0.4533348,38.27196
10.536838,12.088547,1.2168441,1.5517092,14.726517
23.79904,24.559212,0.9805383,0.7601719,3.1941285
0.20952544,0.0,1.1137611,0.20952544,100.0
9.254255,6.1722803,0.98337185,3.081975,33.30333
0.33004192,5.8640933,1.4138057,5.5340514,1676.7723
3.595959,4.723221,1.1159143,1.1272619,31.348019
2.1372495,1.0490202,1.4561963,1.0882293,50.91728
1.146536,0.93201256,1.2477521,0.21452343,18.710571
0.2897765,4.8475323,1.0660774,4.557756,1572.8522
0.30354056,1.0490311,1.4561963,0.74549055,245.59834
0.37370193,3.5650048,1.4471563,3.1913028,853.9701
0.48530132,5.6359262,1.3011031,5.1506248,1061.3252
1.1063609,1.2893319,1.2952965,0.182971,16.538094
0.74132645,1.0936589,0.99847037,0.35233247,47.5273
5.6681805,5.686889,0.956442,0.018708706,0.33006546
0.52075136,1.0426731,1.4560748,0.52192175,100.224754
4.1436443,3.368802,1.4498845,0.77484226,18.699535
0.7949447,1.0490373,1.4561963,0.25409263,31.963562
14.869952,13.496149,1.2618543,1.3738031,9.238787
7.3087163,5.9915757,1.1920352,1.3171406,18.021503
1.2031795,1.3587716,1.2206018,0.15559208,12.931743
14.981654,14.778321,1.0225153,0.2033329,1.3572127
0.59841573,0.0,1.0260376,0.59841573,100.0
1.2846305,2.4942656,1.4098468,1.209635,94.162094
1.7473474,1.0026304,1.4433318,0.744717,42.61986
1.4667817,1.5082722,1.4089477,0.041490436,2.8286715
1.5258731,1.0490311,1.4561963,0.47684193,31.250433
1.2646585,0.7811674,1.4430519,0.48349106,38.23096
8.755323,8.632416,1.2793995,0.12290764,1.4038047
0.7551567,1.1680934,1.4555347,0.41293675,54.68226
0.62837744,1.0205456,1.4561214,0.39216816,62.40965
0.25025645,0.0,0.9203548,0.25025645,100.0
12.053217,11.268922,1.001369,0.7842951,6.5069356
0.17516759,1.0408099,1.4561902,0.8656423,494.1795
0.78100157,1.4852954,0.9851889,0.70429385,90.17828
0.6968032,0.12590605,0.98464197,0.57089716,81.93091
1.1344907,1.0423993,1.4560561,0.09209144,8.117426
1.3976262,1.0491899,1.4561963,0.34843624,24.930574
24.560795,11.739701,1.002432,12.821094,52.20146
1.3339134,0.6474422,1.2054728,0.6864712,51.46295
0.7970267,0.94396937,1.279288,0.14694268,18.436356
1.555163,1.0490311,1.4561963,0.5061319,32.54526
11.826663,10.388165,1.282226,1.4384975,12.163175
0.74962586,1.6254394,1.1212043,0.87581354,116.83342
0.58214074,0.9114548,1.2980754,0.32931405,56.56949
0.8740678,0.9779521,1.071573,0.10388434,11.885158
10.799631,7.927584,1.0441865,2.872047,26.593935
0.94415826,0.3188913,1.1269534,0.62526697,66.2248
7.8427253,6.2722006,1.068304,1.5705247,20.025242
0.7664152,1.0877013,1.2131305,0.32128614,41.920635
1.3968233,1.1791351,1.4493157,0.2176882,15.584519
0.71528167,0.9858854,1.447506,0.27060372,37.831768
1.2699233,1.0551771,1.4558274,0.21474624,16.910173
0.49627486,0.352463,1.407265,0.14381185,28.978268
0.5306957,0.98486,1.4468431,0.45416433,85.57905
0.9070615,0.7300085,1.3920474,0.17705303,19.519407
1.2737578,1.338512,1.3493345,0.06475413,5.083708
1.0339048,1.6435635,1.3191046,0.6096587,58.96662
0.792285,1.2875619,1.4102114,0.49527687,62.512463
0.8628255,1.3465453,1.4285331,0.48371983,56.0623
0.9024139,0.45204437,1.0092307,0.45036954,49.907204
20.266428,14.93013,1.091555,5.336298,26.330729
17.903568,18.103237,1.2128726,0.19966888,1.1152463
0.61655647,0.39709127,1.4158593,0.2194652,35.595314
12.834354,8.37517,0.93218803,4.4591846,34.74413
0.32809368,1.0108875,1.4532559,0.68279386,208.10944
15.325009,15.522286,0.95909834,0.19727707,1.2872884
12.002235,9.363094,1.0654157,2.639141,21.988747
13.249349,14.614914,1.1455034,1.3655653,10.30666
0.9150798,1.0490324,1.4561963,0.13395268,14.63836
0.30810866,3.214571,0.9994359,2.9064624,943.32385
0.42135444,0.9055675,0.979544,0.48421308,114.91823
0.65416205,10.381857,0.9399191,9.7276945,1487.0466
0.66973233,2.8864481,1.3727691,2.2167158,330.98535
1.257104,1.0286354,1.4540476,0.22846866,18.174206
0.96998507,1.0557666,1.45619,0.085781515,8.843592
1.3578243,1.2227006,0.9287174,0.13512373,9.9514885
1.0026292,1.0603707,1.435185,0.057741523,5.759011
0.5297479,1.0838374,1.4561955,0.5540895,104.59493
3.622848,4.4688606,1.3863151,0.8460126,23.35214
0.37540412,0.0,1.0667611,0.37540412,100.0
10.746294,9.401656,0.96188474,1.3446379,12.512573
0.31168398,3.4273705,0.98020583,3.1156867,999.63
0.32529268,0.15021527,1.0733892,0.17507741,53.8215
0.9438372,1.0490664,1.4561963,0.1052292,11.149083
0.6960584,0.0,0.9415745,0.6960584,100.00001
1.6475217,2.1753569,1.3382415,0.52783513,32.038128
0.3422069,0.0,1.0643637,0.3422069,99.99999
3.8652859,1.2540563,1.4554962,2.6112294,67.55592
0.8148016,1.1168545,1.4551438,0.30205297,37.07074
0.83711654,7.285625,1.1290838,6.4485083,770.32385
0.8991748,1.612029,1.0503417,0.71285415,79.27871
0.49671653,1.0446639,1.4561609,0.5479474,110.3139
1.1137619,0.9585124,1.4433768,0.15524948,13.9391985
0.38265756,2.554812,1.1389313,2.1721544,567.64966
1.0804366,1.1612499,0.9621564,0.08081329,7.4796886
1.3186873,1.01249,1.4535809,0.3061973,23.219854
0.76489437,0.0,0.94754,0.76489437,99.99999
3.6402445,2.170898,1.0514935,1.4693465,40.36395
0.6206063,0.7469279,1.436219,0.12632161,20.35455
0.919266,0.8621263,1.2539713,0.057139695,6.2157955
0.7959969,0.78549623,0.9154134,0.0105006695,1.3191847
0.5866302,12.300813,0.93841124,11.714183,1996.8599
17.30151,16.783394,1.0328498,0.518116,2.994629
18.541441,21.908548,1.0147308,3.3671074,18.159903
0.7332819,1.0476471,1.456191,0.3143652,42.87099
1.0441481,0.57381165,1.1881727,0.47033644,45.044994
0.61126757,1.2756635,1.4484776,0.6643959,108.691505
0.9723675,0.723359,0.90007746,0.24900854,25.60848
9.076415,10.284249,1.3432539,1.2078342,13.307393
0.7646885,1.0533196,1.4561963,0.28863108,37.744923
1.4818561,0.771255,1.2414109,0.7106011,47.95345
1.2545822,1.0490322,1.4561963,0.20554996,16.383938
9.152485,7.6419554,1.0151749,1.5105295,16.504036
0.67454064,0.5514191,0.9662664,0.12312156,18.252653
19.965458,14.499753,0.9938151,5.465705,27.375805
0.5509053,3.5518923,1.0770936,3.000987,544.73737
14.082761,11.620025,1.2122545,2.4627361,17.487595
1.6790457,1.1069652,1.4561894,0.5720805,34.071766
2.0079436,1.5934808,0.9301821,0.4144628,20.641157
0.41600367,1.9435524,1.1206068,1.5275487,367.19595
0.68003273,1.3252265,1.4231677,0.6451938,94.87687
0.6275992,0.0,1.2538162,0.6275992,100.0
0.28726846,0.0,1.0309893,0.28726846,100.0
6.270236,5.468964,0.9425625,0.8012719,12.7789755
0.96544015,0.9975241,1.4478612,0.03208393,3.3232436
2.7241948,4.3559537,1.3355182,1.6317589,59.89876
20.402708,21.708937,0.94845545,1.3062286,6.4022317
1.6278619,1.2807103,0.9391602,0.34715152,21.325613
0.8305798,1.0490311,1.4561963,0.21845132,26.301064
0.9028486,1.048374,1.456195,0.14552546,16.118479
0.84642345,1.3514905,1.4525723,0.50506705,59.67073
4.218379,1.2956954,1.4540263,2.9226837,69.28452
4.829894,4.3604093,0.952727,0.4694848,9.720395
3.2400706,2.3890667,1.2182533,0.8510039,26.26498
0.6161184,1.4771789,1.3832172,0.86106056,139.7557
0.2966776,3.5289392,0.9930049,3.2322617,1089.4863
0.54421335,6.192992,1.0265183,5.648779,1037.9713
0.83583844,1.2784781,1.3712436,0.4426397,52.957565
0.7876423,0.30683076,0.91121584,0.48081154,61.044403
0.8970189,1.4623585,1.3468487,0.56533957,63.024265
0.6740111,0.35003793,0.9442474,0.32397318,48.06644
0.39687216,1.592675,1.3203307,1.1958028,301.3068
15.217876,7.054812,0.95852363,8.163065,53.64129
2.6582441,4.162259,1.0527629,1.504015,56.57926
2.635638,2.0996652,0.9241467,0.53597283,20.335602
1.2184489,1.0490311,1.4561963,0.16941774,13.904379
0.8966436,0.90553176,1.4202316,0.008888185,0.9912729
0.8221319,1.5176814,1.4060392,0.6955495,84.60315
1.4922222,0.6784476,1.267483,0.8137746,54.53441
6.4080095,5.6072025,0.9658801,0.800807,12.49697
11.159248,11.408969,1.2902517,0.24972057,2.2377903
1.140421,1.0812225,1.4559902,0.0591985,5.1909337
0.61942476,3.8278694,1.120408,3.2084446,517.9716
0.32134527,0.18228996,0.9656286,0.13905531,43.272865
1.6481663,1.0490311,1.4561963,0.59913516,36.35162
21.64442,20.306194,1.0244858,1.3382263,6.1827774
0.4386128,0.73634636,1.3570951,0.29773358,67.88073
0.9773815,1.0362834,1.4557824,0.058901846,6.0264945
2.0471234,2.1698074,1.4405012,0.122684,5.992995
0.5649077,1.8994212,1.4296849,1.3345134,236.23564
0.50371,0.9196497,1.4332184,0.41593975,82.57525
0.93338513,0.25080752,0.9050408,0.6825776,73.12926
8.491487,7.997635,1.0151657,0.49385166,5.8158445
0.55063283,0.9087945,1.283276,0.3581617,65.04546
0.5161584,0.0,1.0893999,0.5161584,100.0
0.41369742,4.1875706,0.9751165,3.773873,912.2302
1.2910202,0.5201181,1.2299191,0.77090204,59.712624
0.43110958,2.0209913,1.4318752,1.5898818,368.7883
0.90549463,1.3851488,1.1471181,0.47965413,52.971504
1.1307073,0.87262106,1.1614622,0.2580862,22.825201
4.1472826,2.981996,1.1258632,1.1652865,28.097593
0.6937027,1.5104232,1.3551711,0.8167205,117.733505
0.889189,1.0490311,1.4561963,0.15984213,17.97617
0.23899359,0.0,1.0024583,0.23899359,100.0
29.54854,22.713657,1.0069914,6.8348827,23.131033
0.7719488,0.5976485,0.98713726,0.17430031,22.579258
12.459172,13.265742,1.2727957,0.80657005,6.473705
17.722261,17.817593,1.2373576,0.09533119,0.53791773
23.150652,24.546999,0.9445765,1.396347,6.0315666
0.5785471,1.0490311,1.4561963,0.47048402,81.32164
0.38106963,0.5324762,0.9902863,0.15140656,39.73199
1.8481691,1.4693375,0.9658176,0.37883162,20.497671
0.98367876,2.0098662,1.3810521,1.0261874,104.321396
1.1704096,0.7067015,1.2329961,0.46370804,39.619297
1.062781,2.752849,1.0584819,1.6900681,159.02318
18.12561,10.61391,1.0599787,7.5117006,41.44247
0.7170566,1.4277855,1.0210314,0.71072894,99.11755
5.6708274,1.0543326,1.4561963,4.6164947,81.40778
0.8915135,0.8609375,0.9218488,0.03057605,3.4296787
0.9352595,1.7889895,1.4403846,0.85373,91.282684
1.2741593,1.0490311,1.4561963,0.22512817,17.668762
0.43390268,0.0,1.3910373,0.43390268,99.99999
0.44357473,6.4293847,1.0100342,5.98581,1349.4479
3.4117475,2.6003366,1.225927,0.8114109,23.782854
0.6456525,1.0975487,1.3846532,0.45189625,69.99063
0.8630861,0.33366293,1.1975027,0.5294232,61.340714
0.7588893,0.10103917,0.98273623,0.65785015,86.68591
0.8129988,1.2800288,1.3525274,0.46703005,57.445354
0.8270308,1.1980785,1.455963,0.37104774,44.865047
0.6484513,0.73218477,1.059321,0.08373344,12.912834
1.0849227,1.0490352,1.4561963,0.03588748,3.3078375
21.299873,19.621058,0.98639536,1.6788158,7.8818116
15.636519,13.621858,1.0480087,2.0146618,12.884337
0.3581177,0.0,1.3293,0.3581177,100.00001
0.6175932,1.6613916,1.4434446,1.0437984,169.01067
9.674428,10.229829,1.0420792,0.55540085,5.7409167
0.6342472,0.6441383,0.97928447,0.009891093,1.5595013
0.63804346,0.95205134,1.4418569,0.31400788,49.214184
0.66930515,0.0,0.9661338,0.66930515,99.99999
25.859877,21.294096,1.0656637,4.5657806,17.655848
14.376488,13.946765,1.1772374,0.4297228,2.9890666
20.442627,16.162788,1.0293522,4.2798386,20.935854
25.57056,18.373236,0.94439405,7.1973248,28.14692
0.8551617,0.97103727,1.3774053,0.11587554,13.550132
22.413614,12.043213,1.0681411,10.370401,46.268314
1.3163877,1.7654889,1.4343473,0.4491012,34.116184
0.24504681,0.0,1.0037354,0.24504681,100.0
20.257,19.190022,0.9590833,1.0669785,5.2672086
1.4006095,1.7059777,1.0350602,0.30536819,21.802523
0.9022822,0.98383754,1.057961,0.08155537,9.038787
0.98953104,3.222309,1.2739955,2.232778,225.64001
0.67318183,1.9210236,1.3698695,1.2478418,185.36475
6.464193,7.1520395,1.4054742,0.68784666,10.640875
9.320161,9.586692,1.2873515,0.266531,2.8597252
14.774901,14.053636,1.1182646,0.7212658,4.881696
8.472225,7.2830763,0.985609,1.1891489,14.035851
2.234928,4.7015324,1.2502443,2.4666045,110.36617
23.289349,23.508488,1.0022153,0.2191391,0.9409413
1.0733056,1.051117,1.3854026,0.022188663,2.06732
1.1818984,1.1268718,0.9245161,0.05502653,4.655775
0.8288625,1.0492064,1.4561963,0.22034389,26.58389
22.415789,15.711993,0.9536394,6.7037954,29.906578
0.8813172,1.7193235,1.0253218,0.8380063,95.08566
0.786331,1.348717,1.4519165,0.562386,71.52026
0.45104516,6.997456,0.9924341,6.546411,1451.3871
0.24803829,0.6253538,1.3027555,0.37731552,152.11987
0.7905128,1.1071554,1.4530562,0.31664264,40.055347
0.71641064,1.3459232,1.4502583,0.62951255,87.87035
0.50214165,13.634515,0.92672694,13.132373,2615.2727
0.91385514,0.8441626,0.9878452,0.06969255,7.6262145
0.8962837,4.483609,1.3284358,3.5873256,400.24442
0.872996,1.3854239,1.4304245,0.5124279,58.697628
5.7528763,5.160885,0.9007289,0.5919914,10.290356
0.70093447,0.0,0.94702154,0.70093447,100.0
0.25072572,1.7936581,0.9966286,1.5429324,615.3866
0.92822146,2.0623846,1.3814367,1.1341631,122.1867
1.307652,0.7618133,1.3822054,0.5458387,41.741894
25.89332,12.590748,1.0013349,13.302572,51.37453
0.9870592,1.0258776,1.4561034,0.03881842,3.9327347
1.8758336,1.3383694,1.4560776,0.53746426,28.652021
14.856141,15.539577,1.2476928,0.68343544,4.6003566
12.658433,10.748584,1.1186262,1.9098492,15.087564
1.0234771,0.44775915,1.2154704,0.5757179,56.25118
1.2871559,0.96686715,0.9408321,0.32028872,24.883446
14.263108,10.97296,0.9468349,3.2901478,23.067537
0.920054,1.7374313,1.1866213,0.81737727,88.84013
1.1983083,1.0086383,1.4540969,0.18967009,15.828154
11.54355,10.26369,1.0233567,1.2798595,11.087227
1.0730714,1.4029603,1.3956244,0.32988894,30.742498
0.7168963,1.7001605,1.4318774,0.9832642,137.15572
0.4083869,1.0480013,1.4561937,0.6396144,156.61972
0.722315,0.18444467,0.91612685,0.53787035,74.46478
0.47693557,1.0307133,1.4436941,0.55377775,116.11166
0.58498764,1.0490311,1.4561963,0.4640435,79.32535
19.97338,21.887125,0.9781895,1.9137459,9.581483
0.85816914,1.0077213,1.1251683,0.14955217,17.426888
16.756886,7.895382,0.9722839,8.861504,52.882763
0.8769684,0.6280364,1.3410633,0.248932,28.385515
1.2900565,1.0480506,1.4561962,0.24200583,18.759321
0.90458155,6.8794985,1.0993022,5.974917,660.5172
0.8068013,1.6097888,1.3741735,0.80298746,99.52728
6.7484503,6.512984,1.0734332,0.23546648,3.4891934
0.6633934,1.6454134,1.4476234,0.98202,148.02982
1.8440498,1.2327075,1.2729595,0.6113423,33.152157
19.452309,12.410943,1.0001153,7.0413656,36.198097
24.725368,28.691484,0.9184073,3.966116,16.040674
20.140244,7.972185,0.9860444,12.168058,60.416637
0.4721054,1.0490311,1.4561963,0.57692575,122.202736
1.1093425,1.0490311,1.4561963,0.060311317,5.4366727
17.016129,12.2358055,0.94419414,4.780323,28.092894
0.57360435,1.0922462,1.4561788,0.5186418,90.418045
0.88313705,1.1002458,1.0664387,0.21710879,24.583817
1.4987042,0.8455384,1.3144351,0.6531658,43.58204
1.5629035,1.0490315,1.4561963,0.513872,32.87932
0.89150417,1.0425607,1.4561923,0.15105653,16.944008
0.26309046,0.0,1.0689031,0.26309046,100.0
14.58942,12.12638,1.142347,2.4630404,16.882372
12.874581,9.705924,1.3792857,3.1686573,24.61173
1.3948021,1.0161082,1.4545532,0.37869394,27.15037
0.75644094,0.0,1.1847652,0.75644094,100.0
17.306973,14.127521,0.95209336,3.179452,18.37093
15.737468,14.581809,0.95711416,1.1556587,7.343359
0.60925275,1.0484074,1.4561963,0.43915468,72.08087
0.9603368,1.0491028,1.4561963,0.08876598,9.243214
0.9083092,1.8167857,1.4289614,0.9084765,100.01842
1.1339177,0.6585823,1.4308137,0.47533536,41.91974
0.1586711,0.899178,1.0959666,0.74050695,466.69305
0.75591695,0.17841536,0.85723853,0.5775016,76.39749
12.813496,12.039649,1.3275156,0.7738466,6.039309
1.5093871,1.4271622,1.0335591,0.082224965,5.4475727
24.085945,16.776352,1.0334547,7.309593,30.347961
1.0961775,1.1985998,0.92712384,0.10242236,9.343593
0.7637392,1.0450423,1.4560932,0.28130305,36.83234
1.1008297,1.6412878,1.4164256,0.5404581,49.09552
0.54940724,1.0490314,1.4561963,0.49962413,90.93876
0.21678743,0.0,1.0077596,0.21678743,100.0
1.5639738,1.0272129,1.4546709,0.5367609,34.320328
0.6191461,5.2794943,1.1314656,4.660348,752.7057
2.317033,0.46835423,0.9587638,1.8486788,79.78647
0.5037298,0.0,0.9829717,0.5037298,100.0
0.49950802,1.1104535,1.4542197,0.61094546,122.30944
1.499516,1.0488073,1.4561957,0.45070875,30.056948
0.92758065,0.13041246,0.9820032,0.7971682,85.94058
0.22702797,1.0490268,1.4561963,0.8219989,362.06946
1.5292984,0.5405208,1.1555052,0.98877764,64.65563
0.92390984,0.20593357,1.0937221,0.7179763,77.71065
0.8815377,1.0574638,1.4561021,0.17592609,19.95673
0.40659574,1.9505376,0.98345035,1.5439419,379.72406
0.38247326,1.4054471,1.1188,1.0229739,267.46283
2.740731,3.1456733,1.3870004,0.40494227,14.774974
0.6936069,0.87667996,1.4068834,0.18307304,26.394352
0.888189,1.0490161,1.4561963,0.1608271,18.107306
0.8752667,0.46956676,0.8587567,0.4056999,46.351578
0.7972374,0.7466359,1.3506688,0.050601482,6.3471036
2.4065182,2.2767487,1.0073047,0.12976956,5.39242
0.59525985,1.0450641,1.419235,0.44980425,75.56435
0.94772726,1.0019326,1.002535,0.054205358,5.7195106
1.7567977,1.5318829,0.9098772,0.22491479,12.802543
0.9347133,0.68339485,0.98592645,0.25131845,26.887224
1.3390528,1.0651141,1.4561856,0.27393866,20.457644
23.768612,11.949223,0.97394234,11.819389,49.726883
1.2297748,1.0471946,1.4561868,0.18258023,14.846639
0.69205683,0.695328,1.4142579,0.0032711625,0.47267252
0.8056836,2.3853602,1.3543761,1.5796766,196.06662
0.86770344,0.57319283,0.8869639,0.2945106,33.94139
0.7039272,0.86925566,1.453157,0.16532844,23.486582
1.0347685,1.0464044,1.4561793,0.0116359,1.124493
0.9513804,1.0645163,1.456176,0.113135934,11.891767
11.509539,10.285022,1.2422616,1.2245169,10.639149
0.8314392,6.6033635,0.97495013,5.7719245,694.20886
0.16652825,0.0,1.0882863,0.16652825,100.00001
4.027192,3.73358,1.2283623,0.293612,7.2907376
0.4300141,1.5163094,1.449347,1.0862952,252.61852
13.907484,14.578334,1.1524233,0.6708498,4.82366
22.301474,24.390957,0.9491276,2.0894833,9.369262
0.36694452,2.0813332,1.439761,1.7143886,467.20648
0.6973716,1.6414891,0.9670173,0.94411755,135.38228
5.0498376,6.952234,1.2031143,1.9023962,37.672424
0.44574824,4.1734085,1.4433371,3.7276602,836.2703
1.7861158,2.1525264,1.3473132,0.3664106,20.514381
0.61195683,1.0045533,1.3399916,0.39259648,64.154274
5.038689,4.5434504,1.2991831,0.49523878,9.828723
0.72406983,1.0490311,1.4561963,0.3249613,44.87983
0.17052303,0.0,1.024188,0.17052303,100.0
0.37451005,5.9062014,0.97691494,5.5316916,1477.0475
1.2264422,1.049196,1.4561963,0.17724621,14.452064
7.050418,3.6824517,0.95272356,3.3679662,47.76974
26.292793,25.582708,0.9690522,0.7100849,2.7006826
0.4526831,1.0822138,1.0623175,0.62953067,139.06653
0.96661365,1.0478559,1.4561927,0.0812422,8.404826
1.3335952,0.79069895,1.3932996,0.5428962,40.70922
0.9053843,0.9260837,1.4309199,0.020699382,2.2862537
0.25886586,5.819804,0.9462144,5.5609384,2148.1929
16.754538,15.954022,1.0014043,0.8005152,4.7779007
0.74917054,0.8637296,0.903098,0.114559054,15.291452
0.30939767,0.0,0.96111387,0.30939767,100.0
0.89619064,1.0762765,1.0412496,0.1800859,20.094599
1.2287433,1.0490311,1.4561963,0.17971218,14.6256895
0.7175014,1.0678571,1.4553376,0.35035574,48.829975
23.961338,23.79576,0.9760593,0.16557884,0.691025
0.36506116,0.0,0.9543801,0.36506116,99.99999
0.37898716,0.0,1.007634,0.37898716,100.0
23.725468,23.665276,1.0592784,0.06019211,0.25370252
8.343769,7.794286,1.0291096,0.5494833,6.5855527
0.339148,1.6536978,1.4557791,1.3145498,387.60358
0.288454,3.02775,1.4521885,2.739296,949.6474
18.77964,12.298045,0.9689594,6.481595,34.513947
1.8584865,1.7977986,1.4410684,0.0606879,3.2654474
0.2551498,0.0,1.0150311,0.2551498,100.0
0.6193536,0.921232,1.4547313,0.3018784,48.74088
1.269238,0.94073737,1.4374748,0.32850063,25.881721
0.51554096,0.0,1.4027544,0.51554096,100.0
1.2133636,1.0422802,1.4561008,0.17108345,14.099932
0.6252394,1.1540529,1.4505802,0.5288135,84.57777
0.6323682,0.6090644,1.1351658,0.023303807,3.6851642
0.45009536,0.64816666,1.436885,0.1980713,44.00652
2.528361,2.0793223,1.4297447,0.44903874,17.76007
0.7567796,0.956833,1.4542303,0.2000534,26.434828
1.0210665,0.6180805,1.4063691,0.40298605,39.46717
1.6995941,1.21563,1.4553276,0.4839641,28.475273
0.6508919,1.0490341,1.4561963,0.39814222,61.168713
18.164745,14.148805,0.9569606,4.0159407,22.108433
2.966127,2.7527645,0.96403563,0.21336246,7.193302
16.915964,15.849955,1.244139,1.0660095,6.301796
0.46703422,15.37505,1.066077,14.908015,3192.0605
0.88357997,1.3825963,1.3405111,0.49901628,56.47664
0.959148,0.57438344,1.2797376,0.38476455,40.115246
0.4790916,1.0490303,1.4561963,0.56993866,118.96236
6.6663313,2.560104,1.4540709,4.1062274,61.59651
0.43014485,0.0,0.970506,0.43014485,100.0
0.3899741,0.92898005,1.4042568,0.539006,138.21585
0.8004445,0.45450878,1.1120174,0.3459357,43.217953
0.9114633,1.1659994,1.231143,0.2545361,27.926092
0.5925368,1.7115327,1.3643961,1.1189959,188.84833
5.9176893,4.022659,1.3712542,1.8950305,32.02315
1.3410722,1.0558003,1.4560516,0.28527188,21.271925
4.2045426,1.048791,1.4561963,3.1557517,75.05576
1.0966418,0.8489674,0.9682492,0.2476744,22.584805
1.0226475,1.2420452,1.4494244,0.21939766,21.45389
16.40985,12.676238,1.0211254,3.733611,22.752258
0.6840167,1.3508854,0.964686,0.6668687,97.49304
0.41786066,0.0,1.1409377,0.41786066,100.0
0.85435116,1.9081649,1.3738915,1.0538137,123.34667
1.0496587,0.8721727,1.2131361,0.17748594,16.90892
0.98133355,1.6294268,1.2175612,0.6480933,66.0421
0.66440517,0.91019934,1.4006921,0.24579418,36.99462
3.463299,2.5080824,1.4031299,0.95521665,27.58112
7.545443,7.376754,1.257847,0.16868925,2.235644
0.7218543,0.0,1.1950548,0.7218543,100.0
0.93616587,1.019,1.4320259,0.082834184,8.848238
6.9825597,5.5518594,1.4198018,1.4307003,20.489626
0.17300178,2.6426787,1.0888938,2.469677,1427.5442
11.043691,1.0040587,1.455971,10.039632,90.9083
0.8592758,1.0490278,1.4561963,0.18975198,22.082779
26.132435,17.506987,0.9553673,8.625448,33.006676
14.210318,9.621886,0.94293875,4.5884314,32.289436
1.1800458,1.0490968,1.4561963,0.13094902,11.096944
12.9532175,8.433267,0.96835774,4.519951,34.894424
0.5606796,1.0035683,1.4208897,0.44288868,78.9914
1.2249414,0.9516208,1.3952539,0.27332056,22.31295
1.4062414,1.0490311,1.4561963,0.35721028,25.401775
0.5203602,1.0468574,1.4561958,0.5264972,101.17938
1.0927047,1.4503822,1.2153751,0.35767758,32.733234
16.92912,15.8691225,1.0877188,1.0599966,6.261381
0.5415894,0.92813987,1.4547235,0.3865505,71.37335
0.811384,1.1262145,1.3167067,0.31483048,38.801662
8.848664,8.949935,1.051439,0.101270676,1.1444741
3.5146763,3.530908,1.4090638,0.016231775,0.46182844
0.96845865,2.0893483,1.2161213,1.1208897,115.73955
1.0009351,1.1226792,1.45619,0.121744156,12.163042
1.0952091,0.9954987,1.4476974,0.099710405,9.104235
1.9662745,1.7044568,1.0476149,0.2618177,13.31542
5.54182,4.9574227,0.98952454,0.5843973,10.545223
18.575386,18.9389,0.95852655,0.36351395,1.9569658
4.432693,1.9584178,1.1210039,2.474275,55.81878
26.383308,20.308468,1.0350666,6.0748405,23.025318
1.5969571,2.4120913,1.3708179,0.81513417,51.04296
0.42043495,1.9072571,1.3099502,1.4868221,353.63907
0.31670797,0.48966753,1.2269171,0.17295957,54.611683
5.376495,4.034955,0.9429991,1.3415399,24.951942
0.59797716,0.99208087,1.4502302,0.3941037,65.90614
0.34433162,4.5966744,1.161996,4.2523427,1234.9557
0.4445499,0.837741,1.0961957,0.39319113,88.44702
0.75097924,1.0490197,1.4561963,0.29804045,39.68691
2.3114913,2.9717498,1.3983501,0.66025853,28.564182
1.1415083,1.0490228,1.4561963,0.09248555,8.102047
0.8363866,1.2636319,1.4253088,0.42724532,51.082275
0.7340259,0.9760178,1.4537283,0.24199188,32.96776
0.5265644,0.8103341,0.93455905,0.28376967,53.890778
0.5802083,1.2105317,0.9715576,0.6303234,108.637436
0.38806266,1.0359147,1.4559373,0.647852,166.9452
20.301643,18.551907,1.241731,1.7497368,8.618695
1.035682,0.71384746,1.1999722,0.3218345,31.074644
1.3756989,1.0530077,1.456196,0.3226912,23.456528
0.52798325,0.0,0.9562446,0.52798325,100.0
0.9547432,1.0490311,1.4561963,0.09428793,9.875737
7.022425,3.8524103,1.0140241,3.1700149,45.14131
2.2017734,1.950383,0.9942497,0.25139046,11.417635
1.2003947,1.155206,0.94535524,0.045188785,3.7644937
0.5876452,0.7521667,1.3766838,0.16452152,27.996746
0.31751314,0.0,0.984347,0.31751314,100.0
0.9923476,5.1925125,1.4403206,4.200165,423.2554
1.1148467,0.6569615,1.0711384,0.4578852,41.071583
1.0463873,1.475794,0.9257771,0.42940664,41.037067
0.9618981,1.0617015,1.4559181,0.09980345,10.375678
27.0216,19.17485,0.985451,7.8467503,29.038807
1.5853616,1.0492029,1.4561963,0.5361587,33.819332
7.501146,7.399987,1.2860153,0.10115862,1.3485756
0.3480693,1.394014,1.2513138,1.0459447,300.49896
