y_true,y_pred,y_std,abs_error,rel_error_%
9.992176,10.312816,0.9787762,0.3206396,3.2089067
6.8516145,4.997379,0.9510119,1.8542356,27.062756
41.635715,41.24057,0.9072567,0.39514542,0.949054
9.097072,7.3068094,1.1772735,1.7902622,19.679543
39.238155,41.996986,0.875113,2.758831,7.030991
3.8314269,4.203966,1.1378956,0.37253928,9.723252
28.529457,28.182219,1.0695597,0.34723854,1.2171228
38.613213,39.6454,0.9451228,1.0321884,2.6731482
10.131597,8.863628,2.1383684,1.2679682,12.514989
36.765923,38.92894,0.9113918,2.1630173,5.883212
20.412897,19.254738,0.9424657,1.1581593,5.673664
9.675321,9.605164,2.2256496,0.07015705,0.72511345
15.875248,14.437956,0.89702135,1.4372921,9.053668
42.469753,42.536366,0.96481997,0.06661224,0.15684631
3.9234092,4.004446,1.0938705,0.081036806,2.065469
41.886868,43.410984,0.8997951,1.5241165,3.63865
5.320159,3.295065,1.0798582,2.025094,38.06454
28.849482,29.210485,0.98892295,0.36100388,1.2513357
25.608797,31.525873,1.50444,5.917076,23.10564
4.8478656,6.4758215,1.209225,1.6279559,33.58088
48.99216,41.02829,0.9895751,7.963871,16.255398
19.173351,16.601025,0.97268534,2.5723267,13.416156
37.642372,38.764217,0.9063399,1.1218452,2.9802725
35.372566,34.890095,0.89251155,0.48247147,1.3639708
30.437775,30.780554,0.9592816,0.34277916,1.1261637
37.73937,39.589554,0.8718403,1.8501854,4.902534
5.548533,5.388028,1.5975395,0.16050482,2.8927433
43.04542,43.09254,0.96392304,0.04711914,0.109463766
33.49669,33.40275,0.9614266,0.093940735,0.2804478
44.35025,44.01556,1.0106666,0.3346901,0.7546521
43.00232,42.396526,1.0182407,0.605793,1.4087449
8.271277,10.75123,1.1111796,2.4799528,29.982706
7.508695,7.065492,2.0586221,0.44320297,5.9025297
8.790381,6.719652,0.95001984,2.0707293,23.556763
6.0919805,5.3881645,1.0943706,0.70381594,11.553155
39.98744,28.696396,1.8953794,11.291042,28.236473
10.887459,10.855793,1.9673233,0.031665802,0.2908466
6.1824236,5.582248,1.0309038,0.6001754,9.707769
10.989715,6.475184,1.3158562,4.5145307,41.079597
12.742585,13.748581,1.4184633,1.0059958,7.8947544
17.693617,24.910927,1.3221809,7.21731,40.790474
3.5229325,4.116175,0.99419427,0.59324265,16.839455
39.31496,38.261543,0.9457247,1.0534172,2.679431
2.5711162,2.9319336,1.021435,0.36081743,14.033493
27.618105,26.245377,1.3588214,1.3727283,4.9703927
5.8516293,6.6086655,0.89667207,0.7570362,12.937187
43.82874,43.8913,0.8682604,0.062561035,0.14273976
20.516796,21.251875,0.9062215,0.7350788,3.582815
3.6593661,4.9060907,0.85856664,1.2467246,34.069416
4.7581162,6.646648,1.0042678,1.8885317,39.690742
12.606079,11.847504,0.9312077,0.75857544,6.0175366
11.184996,9.032154,0.8825661,2.1528416,19.247585
40.1181,42.961403,0.84758925,2.8433037,7.087334
40.639847,38.8352,0.8841445,1.8046455,4.4405813
32.795654,33.294987,1.0436933,0.49933243,1.5225567
42.74931,43.118015,1.0766007,0.36870575,0.8624835
39.64753,41.333088,1.0317518,1.6855583,4.2513576
6.9279604,5.9429774,1.1189567,0.98498297,14.217504
11.391258,10.134493,0.87114155,1.2567654,11.032718
5.7227015,4.355508,0.9793646,1.3671937,23.890705
3.3255205,4.1107335,0.91631716,0.785213,23.611732
35.603527,35.27429,1.1576347,0.3292389,0.92473674
6.248488,6.786811,0.98309696,0.5383229,8.615251
13.488437,14.525585,0.9904322,1.0371485,7.689167
1.9007152,2.7330925,1.0409518,0.8323773,43.792847
12.86087,15.403095,1.3138983,2.542225,19.76713
18.255224,16.284258,0.9278466,1.9709663,10.796725
40.573303,42.730225,0.9213816,2.1569214,5.3161097
3.677331,4.694657,1.1370175,1.0173259,27.664791
4.988371,4.3481846,0.88509613,0.6401863,12.833575
8.672948,6.881751,1.4927065,1.7911968,20.652689
42.14898,41.64499,0.93169713,0.5039902,1.1957352
18.695513,19.520649,0.9484865,0.8251362,4.413552
39.98345,40.48931,0.87126666,0.5058594,1.2651719
32.768806,35.58077,0.95945036,2.8119621,8.581217
5.292082,4.6395946,1.0294205,0.6524873,12.3295
39.64825,38.06087,0.94824415,1.5873795,4.003656
8.450759,11.117088,0.99650985,2.6663294,31.55136
4.7503204,3.604307,0.9501212,1.1460135,24.124971
22.34785,23.055208,0.89747494,0.7073574,3.1652145
12.316796,11.392069,1.0771743,0.92472744,7.5078573
7.8170056,7.7382298,0.9523467,0.07877588,1.0077502
22.17574,22.125881,1.2380328,0.049858093,0.2248317
10.603712,9.686953,1.9674145,0.9167595,8.645647
42.855793,44.30971,0.87979114,1.4539185,3.3925834
41.57075,41.603477,0.9256588,0.032726288,0.07872431
1.8345243,2.9771576,1.0554112,1.1426333,62.284992
4.1077757,4.935589,0.92345893,0.82781315,20.152344
18.365318,23.314304,0.91903293,4.948986,26.947456
5.0897293,5.6811323,0.9115022,0.591403,11.619537
17.505976,17.773136,0.8831562,0.26716042,1.5261098
19.277147,18.080101,0.93336916,1.1970463,6.209665
38.49028,39.788715,0.97462475,1.2984352,3.3734107
40.055004,42.24136,0.96739614,2.1863556,5.458383
5.642189,4.4955654,1.1244763,1.1466236,20.322319
17.50298,17.188864,0.95239174,0.31411552,1.7946403
4.4320793,6.2188716,1.3934523,1.7867923,40.31499
5.8368855,5.968297,0.9976753,0.13141155,2.2513986
14.633358,13.700481,0.9198513,0.9328766,6.375
39.506805,40.406887,0.973538,0.90008163,2.278295
6.216016,5.257393,0.8928385,0.95862293,15.421822
43.470448,44.768307,0.8620101,1.2978592,2.9856126
2.7442157,2.0218759,1.5346899,0.72233987,26.32227
26.225262,25.126661,1.3750668,1.0986004,4.189092
16.279694,15.472902,0.95520437,0.8067913,4.955814
7.9980597,5.411472,1.0188062,2.586588,32.34019
34.821587,37.204334,0.9262222,2.3827477,6.8427315
2.3610213,0.83421135,1.1016319,1.5268099,64.66735
37.270924,38.51815,1.0224996,1.2472267,3.34638
33.978752,34.743134,0.9824126,0.7643814,2.2495866
13.695385,11.980697,0.9400282,1.7146883,12.52019
43.983273,44.33881,1.0535561,0.3555374,0.80834687
6.559124,6.4724946,1.6129682,0.08662939,1.3207463
17.324457,19.861536,1.0614318,2.5370789,14.644493
8.234799,5.455894,1.1216671,2.7789054,33.745876
7.879447,8.321365,0.93982506,0.44191837,5.6084948
41.832043,42.339855,0.9140384,0.5078125,1.2139319
14.035548,18.22345,0.9305579,4.1879015,29.83782
41.36794,42.078236,0.9036662,0.71029663,1.7170221
19.389124,20.985388,1.0999794,1.5962639,8.2327795
32.567875,33.817352,0.94329536,1.2494774,3.8365333
20.353308,19.26653,1.0366411,1.0867786,5.3395677
3.9980984,4.449174,1.0709033,0.45107555,11.282252
14.387774,14.522561,0.9597979,0.1347866,0.9368135
7.75106,8.412347,0.90769917,0.66128683,8.531567
16.717354,17.76029,1.2210263,1.0429363,6.2386446
19.061806,16.101984,1.0560964,2.9598217,15.527499
3.8625166,4.9467487,1.2059131,1.0842321,28.070614
36.519466,29.725689,1.0246986,6.7937775,18.603167
2.201162,2.4928207,2.042195,0.29165864,13.250212
3.9887936,5.050303,0.8849765,1.0615094,26.612291
7.9783487,8.299738,1.5833918,0.3213892,4.028267
32.63244,13.857481,1.0248289,18.774958,57.534645
7.040295,6.2061186,0.9130872,0.83417654,11.848602
43.583397,46.26398,0.89241725,2.680584,6.1504707
35.47683,36.69701,0.95823073,1.2201805,3.439373
21.75229,24.248842,0.9837489,2.4965515,11.477189
43.665745,44.37557,0.8553427,0.7098236,1.6255846
43.652534,42.194706,0.94104195,1.4578285,3.3396194
22.501255,22.829975,0.9183421,0.3287201,1.4608967
6.8541102,5.7731657,0.9272516,1.0809445,15.770749
5.73605,4.4391823,1.0747479,1.2968678,22.609074
13.632563,10.777397,1.2871152,2.8551655,20.943718
41.01785,41.483627,0.89980465,0.46577835,1.1355504
43.922188,44.348843,0.97637933,0.42665482,0.9713879
42.813118,43.83977,0.9367802,1.0266533,2.3979876
9.236039,8.730854,0.88240725,0.5051851,5.469716
44.696487,45.989216,0.8998237,1.2927284,2.8922372
29.377592,29.479961,1.2174941,0.10236931,0.34846053
32.3407,31.252247,0.9017561,1.0884514,3.365578
10.24885,7.7791433,0.9547148,2.4697065,24.097403
16.171642,12.212862,0.9338866,3.9587803,24.479767
43.127457,43.35934,0.88232887,0.231884,0.5376714
5.728299,6.7189665,1.6085178,0.99066734,17.294268
9.328416,6.7532005,1.3808185,2.5752153,27.606138
12.522617,7.4261236,0.989591,5.0964937,40.69831
34.444202,32.11875,0.9686185,2.325451,6.7513566
7.7610064,8.441668,1.1150488,0.6806612,8.770269
45.842678,39.616253,0.99342203,6.226425,13.582158
42.47381,42.269104,0.9134524,0.20470428,0.48195416
8.357184,10.89427,1.7415473,2.5370855,30.358137
4.2715726,5.6107974,1.0812824,1.3392248,31.352034
43.93618,44.63837,0.9777173,0.7021904,1.5982054
40.646873,40.245243,0.96363777,0.4016304,0.98809665
49.883606,49.160927,0.9994665,0.72267914,1.4487307
16.009222,18.308928,0.9583245,2.2997055,14.36488
5.6026807,3.013614,1.119,2.5890667,46.211216
7.0566072,6.2194433,1.2847056,0.8371639,11.863547
18.039854,18.184305,1.092236,0.14445114,0.80073345
4.204779,4.9868183,1.1572473,0.78203917,18.598818
18.10475,21.106379,0.9002491,3.0016289,16.579235
9.555922,10.329274,2.3216667,0.7733526,8.092916
3.3365946,4.465314,1.1146264,1.1287193,33.828484
39.989456,40.161182,0.983626,0.17172623,0.42942876
5.5498667,4.199996,0.91838986,1.3498707,24.322577
2.466795,3.979685,1.0016025,1.5128901,61.330196
1.4359409,1.0596042,1.3483508,0.3763367,26.20837
7.886844,9.667764,1.3870559,1.7809196,22.580889
11.428586,15.122744,0.90032226,3.6941576,32.323837
10.574415,11.8528,0.91628283,1.2783852,12.089417
5.618967,4.116952,1.1939952,1.5020151,26.73116
28.468573,27.953772,0.9620848,0.514801,1.8083135
12.218603,16.372288,0.9672024,4.1536846,33.99476
7.7554255,8.120415,0.86447483,0.36498928,4.7062445
11.495418,11.022909,2.342424,0.47250843,4.110407
12.098265,10.252876,0.88124573,1.8453884,15.253332
38.547512,40.794865,0.9004655,2.2473526,5.830085
6.492321,5.541877,1.4916282,0.9504442,14.639513
40.844032,40.76848,0.98861307,0.075553894,0.18498148
12.038343,12.257647,2.3059583,0.21930313,1.8217052
4.12823,4.458295,1.2312515,0.33006477,7.9953094
12.186786,9.460381,2.3596208,2.7264051,22.371815
6.548098,4.6792426,0.90162945,1.8688555,28.540432
6.1413875,4.1389422,1.0602138,2.0024452,32.605747
28.972124,29.75487,1.473872,0.78274536,2.701719
33.979603,33.07549,1.4335585,0.90411377,2.6607544
9.21409,10.70314,0.9340645,1.4890499,16.160576
11.158545,8.919591,1.0548034,2.2389536,20.064924
8.571145,8.136286,2.0580254,0.43485928,5.073526
9.1235695,8.905197,0.93553406,0.21837234,2.3934968
18.700935,20.361515,0.9184096,1.6605797,8.879662
19.89723,20.898237,0.9217627,1.0010071,5.0308867
7.2676415,6.405316,1.3716422,0.86232567,11.865275
41.44139,41.572742,0.9833351,0.13135147,0.3169572
35.043217,29.834194,1.1435041,5.2090225,14.864567
6.946713,7.6129103,1.0095563,0.6661973,9.590108
11.938388,10.604699,2.1621938,1.3336887,11.171431
36.00447,36.04873,1.2572243,0.044258118,0.12292395
38.616188,39.47737,1.0157115,0.86118317,2.2301092
38.6732,39.839874,0.92657095,1.1666756,3.0167549
43.368233,44.884663,0.8871077,1.5164299,3.4966376
40.425102,43.231884,0.9176336,2.8067818,6.9431653
8.318199,8.304085,0.87769604,0.01411438,0.16968071
2.0263834,3.039156,1.1216251,1.0127726,49.979313
10.014907,9.111237,0.921078,0.9036703,9.0232525
8.768762,3.538409,1.0699823,5.2303524,59.647556
1.1700151,3.2262855,1.3079892,2.0562704,175.74733
27.028278,28.491238,0.8963875,1.4629593,5.4126987
40.16432,39.828075,0.96093225,0.3362465,0.83717704
2.1776462,4.413568,1.7645397,2.2359219,102.67609
1.6270903,2.7549224,2.2663999,1.127832,69.31588
3.4404824,2.352754,1.1032857,1.0877283,31.615574
5.093523,6.4502087,1.4035847,1.3566856,26.635506
6.1099896,5.436099,0.9176637,0.6738906,11.029325
42.227177,42.47604,0.9600555,0.24886322,0.5893437
41.766727,43.667736,0.8846626,1.9010086,4.5514903
40.257637,43.01059,0.943147,2.7529526,6.838336
43.563988,44.667892,0.9262498,1.1039047,2.5339847
33.023693,31.062359,0.9529996,1.9613342,5.9391727
41.988434,43.951065,0.96533483,1.9626312,4.6742187
7.604699,5.7805233,1.1492028,1.8241758,23.987482
3.3487031,4.9422765,1.1257404,1.5935733,47.587776
39.107002,37.775764,0.96130705,1.3312378,3.4040906
42.65801,42.53488,1.0362248,0.12312698,0.28863743
6.5992417,6.4834175,0.91961205,0.11582422,1.7551141
8.211973,7.091145,2.0069919,1.1208282,13.648707
7.5509343,8.4080925,0.9765058,0.8571582,11.351684
6.0878606,6.1115108,1.223638,0.02365017,0.3884808
2.2535498,4.762869,1.2385273,2.509319,111.34961
22.073954,22.976288,1.1745939,0.9023342,4.087778
7.892087,9.403174,2.163146,1.5110874,19.146866
7.2722225,3.1753752,0.9983981,4.0968475,56.335564
41.6381,44.089314,0.9357968,2.4512138,5.8869495
3.7811148,4.2849007,1.1968191,0.50378585,13.323739
8.622291,6.7664638,2.302422,1.8558269,21.523594
10.215521,11.174338,0.9049892,0.9588175,9.385889
5.578058,4.8312,0.90406317,0.74685764,13.389205
44.0168,43.73535,0.9130122,0.28144836,0.6394112
11.147072,9.711929,0.8796906,1.4351425,12.874615
6.3500137,6.0785933,0.9118654,0.27142048,4.274329
7.2912455,5.192977,0.9590686,2.0982685,28.777916
38.532574,38.111683,0.97145337,0.4208908,1.0922987
37.876236,39.791748,0.8684457,1.9155121,5.0572925
1.4448911,5.1927304,0.8839754,3.7478395,259.3856
2.8407128,3.831615,1.2640789,0.9909022,34.882168
41.214462,42.03574,0.9667435,0.8212776,1.9926928
7.486672,6.2894373,1.19219,1.1972346,15.991547
12.215594,11.02179,2.3073685,1.1938047,9.772793
22.596382,22.002266,0.9339802,0.5941162,2.6292536
40.406395,40.01582,0.9375869,0.3905754,0.9666178
44.557415,44.502705,0.99605274,0.05471039,0.12278627
21.973385,21.796736,0.8760021,0.1766491,0.803923
12.231802,10.363342,0.8786604,1.8684597,15.275425
0.6310746,3.6917348,1.9739916,3.0606601,484.9918
36.839413,36.62432,1.1691893,0.2150917,0.583863
3.9619706,4.550332,0.8954936,0.5883615,14.8502245
10.731335,8.94928,2.3030899,1.7820549,16.606089
35.635822,34.893204,0.91897744,0.74261856,2.0839102
18.374025,18.301,0.9352547,0.07302475,0.39743468
42.345062,44.446407,1.0265244,2.101345,4.9624324
40.12906,42.61594,0.8620687,2.4868813,6.197208
40.026314,39.926487,0.9365929,0.09982681,0.24940297
42.16531,42.997818,0.864806,0.8325081,1.974391
28.553698,30.219318,0.9046582,1.6656208,5.8332925
11.057892,13.716986,1.0158448,2.6590939,24.047024
9.797531,9.674164,1.464127,0.12336731,1.2591673
42.115948,40.002796,1.0768902,2.1131516,5.017462
43.79254,43.80367,0.87963235,0.011127472,0.025409514
36.942932,37.00524,0.94711757,0.062309265,0.16866356
3.421696,4.3009825,0.94192165,0.8792865,25.697388
12.991901,14.890966,0.99397534,1.899065,14.617298
44.34148,44.95972,0.95683986,0.61824036,1.3942709
42.421505,44.804714,0.90352875,2.3832092,5.617927
35.50698,35.963406,1.1357257,0.4564247,1.2854507
23.62704,23.833214,1.1243349,0.20617294,0.8726143
2.4033544,4.5177336,0.92765206,2.1143792,87.976166
2.3107026,3.7605255,1.5732412,1.4498229,62.743813
49.79179,49.631077,1.0907857,0.1607132,0.32277048
10.115463,9.889576,0.94109035,0.2258873,2.233089
9.077948,9.423859,0.97477883,0.34591103,3.8104541
4.3107886,4.3315425,1.0450633,0.02075386,0.48143998
35.605858,35.736126,1.248926,0.1302681,0.36586142
34.53533,34.747,0.98630005,0.21166992,0.6129083
8.5412,7.6895595,0.97945076,0.8516402,9.970967
10.648478,9.985282,2.2721572,0.6631956,6.2280793
42.388435,42.578655,0.96960086,0.19021988,0.4487542
11.1455965,11.470331,0.8976497,0.3247347,2.9135695
40.18012,42.165276,0.9571281,1.985157,4.940645
13.35791,13.908604,0.86630195,0.5506935,4.1226025
10.503583,11.489318,1.7597053,0.98573494,9.384749
9.453442,8.1295,0.97942907,1.3239412,14.004859
3.3568504,6.4243298,1.0084642,3.0674794,91.379684
42.282516,44.10447,0.90316135,1.8219528,4.308998
22.878351,22.529623,1.4904569,0.34872818,1.5242715
6.365513,5.861724,1.2870977,0.50378895,7.9143496
8.185037,8.193512,1.7782727,0.008475304,0.103546314
24.64571,25.06236,0.90539217,0.41665077,1.690561
38.87289,39.91972,0.9410934,1.0468292,2.6929545
16.684887,12.727198,0.9075092,3.9576893,23.720203
7.847361,7.6146026,0.9629661,0.23275852,2.9660738
7.1080546,8.109188,0.89487386,1.0011334,14.084493
1.439664,2.9301102,1.0412952,1.4904462,103.52736
9.999205,4.7960835,1.1852115,5.203121,52.03535
6.74903,4.7898264,0.9718999,1.9592037,29.029413
49.794067,49.04089,0.9863723,0.75317764,1.512585
3.882839,2.9713511,1.0480365,0.9114878,23.474777
2.0896733,1.1868482,1.4184674,0.9028251,43.20413
43.851376,44.092197,0.8633372,0.24082184,0.5491774
44.359222,44.123676,0.9147927,0.23554611,0.5309969
4.9583216,4.3074636,1.1192833,0.6508579,13.126577
7.6355486,7.40393,0.949756,0.2316184,3.033422
12.412164,13.194117,0.8702922,0.78195286,6.2998915
22.392153,26.24677,1.0252503,3.854618,17.214146
4.98303,5.375265,0.9373229,0.39223528,7.871421
49.992996,56.79858,1.5162773,6.805584,13.613075
44.812603,44.24055,1.2936218,0.572052,1.2765427
2.4196146,4.571604,1.4537293,2.1519892,88.93935
33.591286,33.608093,0.96779186,0.016807556,0.050035466
6.757842,3.435606,0.9392792,3.322236,49.161198
6.98801,5.8655033,1.1591786,1.1225066,16.063324
10.69262,8.566221,1.9693307,2.126399,19.886604
8.087969,8.202654,1.4706731,0.11468506,1.4179711
32.504604,32.43098,1.0427551,0.07362366,0.22650224
41.88138,43.446136,0.9105278,1.5647583,3.7361672
11.2083435,7.558857,1.6741843,3.6494865,32.560448
42.67776,46.846058,1.036096,4.168297,9.766906
44.23956,44.135258,1.2187815,0.10430145,0.23576513
42.558075,42.475147,1.1006297,0.082927704,0.19485775
6.710848,9.168137,1.0229667,2.4572887,36.61667
12.368718,9.775915,2.3258524,2.592803,20.962585
39.3094,40.37331,0.99752206,1.0639114,2.7065065
16.757067,15.639345,1.2372222,1.1177216,6.6701503
38.15237,37.5094,0.99972117,0.64297104,1.6852715
40.797295,41.181774,0.8946431,0.38447952,0.9424143
5.814035,4.7237916,0.9858145,1.0902433,18.751923
2.5901136,1.560113,1.3838689,1.0300007,39.76662
22.488298,22.157164,0.9864586,0.3311348,1.472476
21.873741,23.648666,1.0063428,1.7749252,8.114411
23.421837,24.371029,0.8943787,0.94919205,4.052594
40.551983,40.52714,0.96831447,0.024841309,0.06125794
41.585346,42.529133,0.9005402,0.9437866,2.2695172
43.45628,42.49531,0.88294125,0.960968,2.2113445
8.279878,8.062385,1.1401924,0.21749306,2.6267664
23.613695,24.562534,1.0680995,0.9488392,4.018173
29.934492,32.251526,0.97973675,2.3170338,7.7403474
39.85872,40.743954,0.8858829,0.88523483,2.2209315
6.7673435,6.5551705,0.9232885,0.21217299,3.1352477
18.16157,20.147652,0.97164357,1.9860821,10.935631
12.714267,11.49161,0.86279416,1.2226572,9.616419
12.368012,11.806725,0.9399397,0.5612879,4.5382223
44.16594,43.438374,0.9123709,0.72756577,1.6473459
13.026552,10.90069,0.89280134,2.1258621,16.319454
9.644652,10.568043,0.93001074,0.9233904,9.574118
9.76078,9.731177,0.88260716,0.029603004,0.3032852
17.627089,21.986784,1.0576926,4.3596954,24.73293
2.2620249,2.9739747,1.4296433,0.7119498,31.474007
10.475793,10.904213,2.0321317,0.42842007,4.0896196
41.197132,41.536457,0.88796085,0.33932495,0.82366157
20.92108,23.220444,0.92607033,2.299364,10.990657
49.991837,47.69896,1.2728661,2.2928772,4.586503
3.6270297,0.21261454,1.4829011,3.4144151,94.13805
17.880243,18.712458,0.9799146,0.83221436,4.6543794
41.627613,43.153164,0.93179,1.5255508,3.664757
3.8708887,3.5539875,0.9586066,0.3169012,8.186782
28.03196,28.039616,1.4715643,0.0076560974,0.027312031
12.100093,11.56707,2.0027559,0.5330229,4.405114
35.357044,38.55877,0.9423858,3.201725,9.0554085
6.8463483,5.5290337,1.3529818,1.3173146,19.241127
6.176762,7.3469815,1.3927587,1.1702194,18.945515
40.40505,34.929626,1.8431389,5.475422,13.551331
10.222305,8.656996,2.28429,1.5653095,15.312685
15.522327,16.420439,1.0436327,0.89811134,5.785932
41.9385,42.069576,0.9957509,0.13107681,0.3125453
39.598316,37.74355,1.027869,1.8547668,4.683954
1.7113223,1.9942789,2.1144526,0.2829566,16.534384
5.6652617,3.5703213,2.0526135,2.0949404,36.978706
8.553049,9.25793,1.3793706,0.7048807,8.24128
9.6599045,11.440501,0.9514543,1.7805967,18.432861
18.18142,22.668716,0.91574794,4.487297,24.680676
19.01045,19.531424,0.95979995,0.5209732,2.7404568
43.90774,45.437298,0.92243314,1.5295563,3.4835684
41.571842,44.24667,1.0600321,2.6748276,6.434229
36.79202,39.346786,0.8641797,2.5547676,6.943809
32.654667,32.91181,1.0870833,0.25714493,0.7874676
38.98766,41.172943,0.89945984,2.1852837,5.605065
5.098839,5.7168856,1.409483,0.61804676,12.121324
7.6954756,8.47987,0.9715061,0.78439426,10.192927
37.263985,37.94132,0.88655764,0.67733383,1.8176634
39.617393,41.293297,0.92653185,1.6759033,4.2302213
22.743017,23.16913,0.92854375,0.42611313,1.8735998
7.183455,5.60016,1.1488308,1.5832949,22.040854
3.8086615,5.9209943,1.3706415,2.1123328,55.46129
9.977575,9.613887,0.8996642,0.36368847,3.6450586
43.0191,44.596195,0.8931001,1.577095,3.6660345
28.172018,28.376785,0.9001615,0.20476723,0.72684616
47.487614,48.757748,1.0271708,1.270134,2.6746638
24.987558,25.618362,0.8843963,0.63080406,2.5244725
16.56758,17.545225,0.94501907,0.9776459,5.900958
37.24375,38.49254,0.8779364,1.2487869,3.3530107
36.011124,37.471043,0.8649281,1.459919,4.0540776
39.577717,42.788715,0.9345417,3.2109985,8.113148
33.112526,33.41021,1.5292841,0.29768372,0.89900637
14.6787615,13.9884815,1.7880136,0.69027996,4.7025766
31.88007,35.84475,1.0747992,3.9646797,12.436233
6.7247386,6.7689176,1.0004888,0.044178963,0.6569618
17.844143,21.543892,0.8975132,3.699749,20.733688
11.443239,10.717087,0.91932166,0.7261524,6.3456893
31.48455,32.391186,0.9192734,0.9066353,2.8796196
31.990274,31.19801,0.92642814,0.79226494,2.4765806
0.70643926,2.7226493,1.4184642,2.01621,285.40457
44.890484,44.84347,1.0001413,0.04701233,0.10472672
40.471638,41.49732,1.151978,1.0256805,2.5343194
38.896824,39.30532,1.0610536,0.40849686,1.0502062
11.379663,14.589041,0.98560846,3.2093773,28.202745
3.5483828,4.4540796,0.9933025,0.90569687,25.524216
11.626884,14.829258,0.9897601,3.2023735,27.542835
2.7026176,4.126026,0.9935617,1.4234085,52.667774
9.90653,14.496023,1.2676834,4.589493,46.327953
35.906136,32.713608,0.99121326,3.1925278,8.891315
8.746492,7.6711426,2.3467293,1.0753498,12.294641
25.01382,23.97806,0.99099845,1.0357609,4.140754
42.682964,41.93552,0.9053076,0.74744415,1.7511533
40.36465,42.49817,0.8723933,2.1335182,5.2856107
9.607752,9.468159,0.9482147,0.13959312,1.4529219
4.481925,4.320318,1.077555,0.16160679,3.605745
9.506248,8.153917,0.99924195,1.3523312,14.225709
40.40872,42.80627,0.9350714,2.3975525,5.9332557
2.9593725,4.1224313,1.7285471,1.1630588,39.300858
19.333689,18.50913,0.9340047,0.82455826,4.2648783
2.8018167,5.5198345,1.4607141,2.7180178,97.009125
41.153175,39.71343,0.9156735,1.4397469,3.4985073
2.02609,5.394858,1.2319505,3.368768,166.26942
36.831543,37.398945,0.902266,0.5674019,1.5405325
44.057537,43.849365,0.8533717,0.20817184,0.47249997
31.574371,31.876226,1.0488387,0.3018551,0.95601296
13.828781,12.336672,0.8945714,1.4921093,10.789884
4.8498316,2.685118,0.9786415,2.1647136,44.63482
12.170677,13.443569,2.2356641,1.272892,10.458678
1.0751103,2.993195,1.7586775,1.9180847,178.40817
37.56732,39.35834,0.9599112,1.7910194,4.7674932
16.6452,16.880968,0.90576786,0.23576736,1.4164284
22.778872,23.517683,0.94808495,0.7388115,3.243407
26.520782,31.673607,0.8944198,5.1528244,19.429384
7.502602,4.895373,1.3931351,2.6072292,34.751
35.11087,34.936615,1.1467965,0.17425537,0.49630034
42.14934,43.459564,0.92203814,1.3102226,3.1085246
16.250177,17.615423,1.0403159,1.3652458,8.401421
5.604864,7.6559486,2.3705678,2.0510845,36.594727
4.0741796,7.7677884,1.527064,3.6936088,90.65896
13.384936,10.991125,1.075819,2.3938112,17.884367
27.102316,28.058506,0.9647602,0.9561901,3.5280752
7.622179,5.076298,1.1754606,2.5458808,33.400955
3.9186876,6.21916,1.0756851,2.3004725,58.705177
44.45766,44.357265,1.2791249,0.1003952,0.22582206
27.34351,27.86596,0.90363824,0.5224495,1.9106892
9.043744,4.30441,0.99994534,4.739334,52.404556
36.485577,36.657604,0.99496496,0.17202759,0.47149476
49.973446,47.6405,1.067868,2.3329468,4.6683726
43.281708,45.711403,0.9038205,2.4296951,5.6136765
9.385975,6.551772,1.274918,2.8342028,30.196148
26.234959,23.987339,1.549306,2.2476196,8.567269
24.949099,25.656416,0.9416835,0.70731735,2.8350418
3.9161549,3.6732755,0.9251415,0.24287939,6.2019863
27.940205,26.110458,1.2947125,1.8297462,6.5487933
30.287386,30.700966,0.9605838,0.41357994,1.3655188
2.1469781,0.6411662,1.3309586,1.5058119,70.136345
41.989998,41.183456,0.91672665,0.80654144,1.9207942
8.185638,6.347047,1.0533775,1.8385916,22.461187
2.394748,2.8467104,1.0197351,0.45196247,18.87307
8.612202,5.3933516,0.9649373,3.2188501,37.37546
10.965588,8.527355,0.9025466,2.4382324,22.23531
2.6996238,2.7932029,1.1479514,0.093579054,3.466374
8.2129545,9.305174,0.89997524,1.0922194,13.298739
41.959454,41.89028,0.9143793,0.069171906,0.16485417
35.991364,36.187366,0.89261574,0.19600296,0.5445833
2.2685764,6.4025054,0.9063352,4.1339293,182.2257
9.809256,8.809275,1.0822581,0.9999809,10.194259
7.6090007,8.622716,0.88838387,1.0137153,13.322581
37.071735,39.273212,0.8675959,2.201477,5.9384246
39.865757,39.96874,0.9729728,0.10298157,0.25832087
11.734579,12.154842,1.2889888,0.4202633,3.5814092
5.546782,5.844276,1.1748716,0.29749393,5.363361
6.359294,5.2128315,1.2577804,1.1464624,18.02814
41.012863,40.246128,1.0642402,0.7667351,1.869499
43.08292,42.545746,0.88878983,0.5371742,1.246838
27.485523,28.279263,0.8851888,0.7937393,2.887845
11.193504,10.111051,0.9444785,1.0824537,9.670374
26.260353,38.478176,1.0552285,12.217823,46.525738
7.4015126,5.4090824,0.90314895,1.9924302,26.919231
30.907476,32.281338,1.0373732,1.3738613,4.445078
4.7594767,4.4012704,2.0829678,0.35820627,7.526169
23.927656,23.37145,1.6563101,0.55620575,2.3245308
8.709501,11.382238,0.91896784,2.6727371,30.687603
0.9796537,1.7981615,2.154835,0.8185078,83.55072
43.6309,44.143814,1.0501834,0.51291275,1.1755722
44.510696,44.667988,0.9407591,0.15729141,0.3533789
9.877297,11.609983,0.8903344,1.732686,17.542107
13.574566,11.704895,0.8700037,1.8696709,13.773338
23.639507,24.192535,1.2775303,0.5530281,2.3394232
41.03087,41.297813,0.9368166,0.2669449,0.65059525
40.725082,41.29913,0.9416961,0.5740471,1.4095664
13.472844,11.220356,2.3265665,2.2524881,16.718727
3.954097,5.7854934,1.6162994,1.8313963,46.316425
42.552597,41.964962,0.9265344,0.58763504,1.3809617
6.1652327,6.988428,1.0512984,0.82319546,13.3522215
41.297916,43.243156,0.94290453,1.94524,4.710262
10.037456,6.8949203,1.2183224,3.1425352,31.308084
40.706142,40.884354,0.9775819,0.17821121,0.4377993
6.5320883,11.140274,1.559079,4.608186,70.5469
12.969423,12.222761,0.9843604,0.74666214,5.757096
38.305805,38.056316,1.0514809,0.24948883,0.6513081
10.039385,7.948927,0.910015,2.090458,20.822569
2.3397129,0.21197462,1.2263302,2.1277382,90.94014
41.510445,41.367847,0.89138967,0.1425972,0.34352124
39.946026,42.563656,0.86069477,2.61763,6.552917
7.9670186,7.136267,1.079141,0.8307514,10.4273815
38.908615,40.56965,0.8736275,1.6610336,4.269064
37.137466,37.341396,0.8958245,0.2039299,0.54912174
9.889919,10.807875,0.8772684,0.9179554,9.281728
7.6114597,6.794576,1.8299263,0.81688356,10.732285
6.9988666,4.6928864,0.9863189,2.3059802,32.94791
41.18065,41.635223,0.93433017,0.45457458,1.1038549
41.307224,33.585693,1.3688931,7.721531,18.69293
44.467026,45.02021,0.8883718,0.5531845,1.2440331
19.46683,19.409178,1.0222193,0.05765152,0.2961526
31.17882,32.608173,1.4642088,1.4293537,4.584374
6.4569745,6.799268,0.88958675,0.34229326,5.30114
10.678323,9.810241,0.89976037,0.86808205,8.129386
5.189004,4.3506083,0.9266589,0.8383956,16.15716
37.244755,38.69307,0.9414135,1.4483147,3.8886406
8.315034,8.500892,1.0643008,0.18585777,2.2352016
40.549065,40.50999,0.95489883,0.039073944,0.09636214
33.0684,28.859554,1.0948602,4.208847,12.7277
6.8848457,5.4012547,1.3833191,1.4835911,21.548645
14.433915,15.766029,0.9105574,1.3321142,9.229057
25.948143,23.436693,0.9444944,2.5114498,9.678727
44.082783,44.01434,1.0584416,0.0684433,0.15526085
39.972588,40.176224,0.94428414,0.20363617,0.5094395
9.912673,9.230132,2.3268192,0.6825409,6.885538
43.418827,43.876163,0.9199213,0.45733643,1.0533136
22.451859,24.17326,1.0415932,1.7214012,7.6670766
7.0240006,5.822485,0.89129794,1.2015157,17.10586
7.4429693,8.009596,1.8037816,0.56662655,7.61291
39.9089,41.003963,0.9287109,1.0950623,2.7439048
0.59261805,1.6796417,2.0772483,1.0870237,183.42738
44.071213,45.16744,0.90522754,1.0962257,2.4873962
19.452206,15.072281,2.1915922,4.379925,22.51634
13.942829,13.642118,1.0379641,0.30071068,2.1567407
37.016697,34.7749,0.9657815,2.2417984,6.0561814
40.18728,41.392925,0.8878357,1.2056465,3.00007
37.58755,37.75475,0.93400604,0.16719818,0.4448233
12.373117,11.129611,2.3426657,1.2435064,10.050066
8.553046,7.230541,1.7288,1.322505,15.462386
12.09902,13.717176,2.295985,1.6181564,13.374277
9.347109,7.5904255,0.95499915,1.7566833,18.793869
1.1511618,2.6528075,1.9967313,1.5016457,130.4461
5.0884986,5.838271,1.1288815,0.74977255,14.7346525
26.471382,26.57482,0.9556937,0.10343742,0.39075187
43.779026,44.42086,1.2521812,0.64183426,1.4660771
2.2896345,3.667213,1.9393233,1.3775785,60.165867
9.135872,7.563683,1.1225123,1.5721889,17.208963
4.9398894,4.540982,0.9970597,0.39890766,8.075234
2.8541322,4.423028,0.93221974,1.5688958,54.96928
7.301858,6.6775723,1.1661747,0.6242857,8.549683
4.595423,4.000319,0.9394142,0.5951042,12.949933
42.73408,42.97831,0.9368456,0.24422836,0.5715072
43.78361,43.599033,1.0648253,0.18457794,0.42156857
47.151314,39.902466,1.5236742,7.248848,15.373586
5.056669,4.1126595,1.4955572,0.9440098,18.668608
18.635517,19.943184,0.88962775,1.3076668,7.0170674
37.647858,37.84573,0.90414965,0.19787216,0.5255868
42.823467,42.96111,0.9082188,0.1376419,0.321417
39.218117,39.033504,0.9261239,0.18461227,0.47073212
8.097783,7.778923,0.9827773,0.31886005,3.9376216
2.5450897,5.2022443,1.0757449,2.6571546,104.403175
6.6498537,5.4181027,0.9535786,1.231751,18.522978
6.6326885,4.9781666,0.89359915,1.654522,24.944967
8.902333,5.8961926,0.9818312,3.0061407,33.76801
24.858727,26.629843,1.0058539,1.7711163,7.124727
21.140406,26.392485,0.96039146,5.252079,24.843794
40.297543,41.79891,0.8981373,1.5013657,3.7257004
43.330082,44.004986,0.9203426,0.67490387,1.5575874
42.203026,41.829124,0.8637892,0.37390137,0.8859587
3.362632,9.92218,2.2200537,6.5595484,195.07184
38.955666,40.09867,0.89303845,1.1430054,2.9341185
42.427116,42.463493,1.0438265,0.036376953,0.085739866
8.123026,8.179724,1.1242709,0.056697845,0.6979892
5.425463,4.784975,0.9999351,0.64048815,11.805224
41.71683,39.40877,1.0163919,2.3080597,5.5326824
37.046597,36.94527,1.1900223,0.10132599,0.27350956
40.690197,37.630974,0.96441066,3.0592232,7.518329
35.84666,33.414597,1.2042092,2.432064,6.784632
3.6355505,3.5785568,0.95014304,0.056993723,1.567678
7.8284745,7.283936,1.8465823,0.5445385,6.9558697
12.302021,13.909058,0.89904916,1.6070366,13.063191
6.0675044,6.2910905,1.382495,0.22358608,3.684976
35.091045,33.78841,1.4050244,1.3026352,3.7121584
43.00839,43.995094,0.930716,0.9867058,2.294217
9.211803,9.5247555,1.8305326,0.31295204,3.397294
14.876362,13.590269,0.92789567,1.2860928,8.645211
3.6622412,6.781024,1.0254399,3.1187828,85.16049
3.0179183,5.5279603,1.1115538,2.510042,83.1713
10.247839,7.755364,0.88416284,2.492475,24.321957
27.76963,27.031696,0.96084166,0.7379341,2.6573422
9.762633,11.181567,0.9026573,1.4189339,14.534335
12.092752,10.114545,0.89319646,1.9782076,16.358622
7.3436465,6.726639,1.2364831,0.61700773,8.401926
42.645824,42.5517,0.8597133,0.09412384,0.22071056
37.251106,37.493176,1.0579348,0.24206924,0.649831
9.04552,8.701576,0.89297223,0.3439436,3.802364
8.31859,7.901165,1.353177,0.41742516,5.0179796
39.575146,41.030224,0.874052,1.4550781,3.6767473
41.00219,40.236237,1.045456,0.76595306,1.8680785
11.771768,9.974499,0.89146245,1.7972689,15.267621
43.154476,41.75829,0.9853992,1.3961868,3.2353234
20.16469,17.282667,0.96233255,2.8820229,14.292422
14.531587,13.929762,1.468676,0.60182476,4.141494
39.39346,39.955154,0.9116803,0.5616951,1.4258587
42.648735,44.466385,0.99173605,1.8176498,4.261908
41.813583,41.161224,0.92189664,0.652359,1.5601605
21.428207,19.875181,1.0290681,1.5530262,7.247578
31.25221,34.411026,0.90061533,3.1588154,10.107494
12.904263,13.357648,1.0228889,0.45338535,3.5134542
8.623079,8.926783,0.8896923,0.3037033,3.5219822
7.500064,7.552221,0.8901558,0.052156925,0.6954197
6.951768,4.3349953,1.0431218,2.6167727,37.64183
16.844255,19.937239,0.8864245,3.0929832,18.362246
41.890068,43.077854,0.9116251,1.1877861,2.8354838
15.172969,12.526553,2.2910206,2.6464157,17.441647
16.20065,16.468243,0.9269898,0.26759338,1.6517448
16.1686,14.738285,0.9278415,1.430315,8.846251
35.58789,25.878849,1.2871283,9.709042,27.28187
32.542194,33.68351,0.8870147,1.1413155,3.5071867
35.981396,36.11728,0.90457594,0.13588333,0.37764886
4.0252457,4.428525,1.0142334,0.4032793,10.01875
15.116915,14.8526535,0.96237046,0.26426125,1.7481163
5.2671576,5.036433,0.8922,0.23072433,4.3804336
3.3253963,8.2014885,0.96917784,4.876092,146.6319
4.0389023,4.9779353,1.4585625,0.93903303,23.24971
42.800602,43.816692,0.8603011,1.0160904,2.3740096
45.72927,46.0777,0.90428865,0.34843063,0.76194227
43.29288,44.00724,1.1608806,0.7143593,1.6500617
3.033099,2.525177,1.032078,0.50792193,16.745974
8.8454275,8.326281,1.6315867,0.5191469,5.869099
41.971924,42.032265,1.2083312,0.06034088,0.14376487
11.281006,8.847709,1.6341031,2.4332972,21.56986
8.960523,8.437924,1.9873902,0.52259827,5.8322296
42.274136,42.280872,0.914269,0.0067367554,0.01593588
9.732193,11.049532,1.2449117,1.317339,13.53589
21.429161,21.1613,0.8738108,0.2678604,1.2499808
44.765636,43.399216,1.060466,1.3664207,3.0523877
4.0005617,5.0383234,0.87258404,1.0377617,25.9404
9.309277,10.051405,1.8546363,0.7421284,7.9719234
37.28871,35.68251,1.0060779,1.6062012,4.307473
5.8387785,4.80681,1.1824533,1.0319686,17.674393
42.184246,41.49217,0.9761593,0.69207764,1.6406069
2.902927,5.806477,1.4834117,2.9035501,100.02147
24.277605,11.8276205,2.1349494,12.449985,51.281765
39.736694,39.769726,0.89510566,0.033031464,0.083125845
25.317282,33.99138,1.0238295,8.674097,34.261566
27.095284,35.040455,0.90602785,7.9451714,29.32308
9.934325,9.749819,1.2817358,0.18450642,1.8572617
10.13841,11.638602,0.9635868,1.5001926,14.797119
6.0288053,6.028616,0.90424776,0.00018930435,0.0031399978
14.7821245,14.6027775,0.9437818,0.17934704,1.2132697
42.61413,43.517094,0.86340487,0.90296555,2.1189346
7.958973,6.235399,0.87566996,1.7235742,21.655737
27.187132,28.34979,1.4518838,1.1626587,4.2765036
3.5858958,4.556946,2.1044297,0.97105,27.079706
5.9602127,8.360992,2.3618474,2.4007797,40.2801
10.721441,10.907169,2.2511208,0.18572807,1.732305
7.0984597,4.4657106,1.189793,2.632749,37.08902
9.003027,11.224491,1.0889387,2.2214642,24.674637
10.588729,9.04969,0.97299635,1.5390387,14.534688
37.63973,36.57651,0.998989,1.0632172,2.8247206
15.029887,15.664595,0.92551225,0.63470745,4.222969
43.961086,45.520687,0.9148172,1.5596008,3.547685
8.77015,8.527332,1.4449847,0.24281788,2.7686856
1.7266431,3.895483,1.3488727,2.16884,125.6102
4.287078,4.643931,1.0898093,0.356853,8.323922
21.68885,21.562847,0.95349306,0.12600327,0.5809587
13.6416235,13.934231,0.94074875,0.2926073,2.1449594
8.286815,6.7237744,1.2481211,1.5630403,18.861774
18.880337,19.433472,0.9504401,0.5531349,2.9296877
14.569894,17.413982,0.91702384,2.8440886,19.52031
10.488064,14.586731,1.0494874,4.098667,39.07935
8.878268,9.73417,2.1605287,0.8559017,9.640413
19.618963,23.690165,0.976066,4.0712013,20.751358
25.733843,26.983809,0.95738137,1.2499657,4.8572836
4.4821267,4.3004646,1.1736706,0.18166208,4.0530334
37.393303,38.590458,0.99171805,1.197155,3.2015226
4.41082,5.9238453,1.2420164,1.5130253,34.30258
6.079009,6.5568414,1.235994,0.47783232,7.8603654
1.9329287,5.2995596,0.9094623,3.366631,174.17255
16.128477,10.476128,2.230411,5.6523495,35.045773
2.2831461,4.9256496,0.85928226,2.6425035,115.73956
4.358577,4.784017,1.1500527,0.4254403,9.760991
4.0912313,3.7990189,0.9256475,0.2922125,7.1424093
15.6005125,14.167475,0.92363346,1.4330378,9.185838
42.89144,43.37453,0.9707114,0.48308945,1.1263074
43.258797,43.719128,0.92180353,0.46033096,1.0641326
3.561691,2.6824927,0.9996344,0.8791983,24.684856
4.2283087,2.8046136,1.1722019,1.4236951,33.670555
6.789186,8.215927,0.9496948,1.4267411,21.014908
36.848797,35.544502,0.95683837,1.3042946,3.5395854
41.172096,41.837154,0.92827463,0.66505814,1.6153128
30.895876,35.108494,0.98793304,4.212618,13.634887
43.96322,43.906696,0.8995277,0.05652237,0.1285674
8.112604,5.9088154,0.9077593,2.2037888,27.164999
42.43455,42.652145,0.94119215,0.21759415,0.5127759
7.7824006,7.375758,1.1207974,0.40664244,5.2251544
21.987408,27.0646,0.9381548,5.0771923,23.091364
44.71612,44.517418,0.95665544,0.19870377,0.44436717
6.4353204,7.2915874,1.0586559,0.856267,13.305739
40.885845,40.86325,0.8863263,0.022594452,0.055262282
42.04409,41.24136,0.94438887,0.80273056,1.909259
5.308105,4.150653,0.96473545,1.1574521,21.805372
3.084488,3.7929025,1.121574,0.70841455,22.967007
15.013799,12.929474,0.9547929,2.0843248,13.882728
38.920708,39.716583,0.90986985,0.79587555,2.044864
34.780773,37.432568,0.8930964,2.6517944,7.6243114
18.859539,18.36265,0.9309304,0.4968891,2.6346831
9.749002,7.6674156,0.9055409,2.0815868,21.351793
23.960127,24.846764,0.9467663,0.88663673,3.7004676
40.283436,41.297565,0.9544108,1.0141296,2.5174854
43.555496,43.279026,0.9264088,0.27647018,0.6347538
37.28283,38.43332,0.8952577,1.1504898,3.0858436
1.0502412,1.7441983,2.214994,0.6939571,66.075966
41.33878,36.5872,1.045837,4.7515793,11.494242
18.95322,20.113388,0.93056613,1.1601677,6.121217
2.478796,3.869433,0.9141167,1.3906369,56.101303
34.141384,37.015804,0.9428884,2.8744202,8.4191675
6.925493,4.704303,1.1078283,2.22119,32.072662
1.6878973,3.8421328,1.0780969,2.1542354,127.62834
32.3385,32.464054,1.2217054,0.12555313,0.3882466
28.229841,26.538862,0.90907526,1.690979,5.990041
13.630848,13.225138,0.9326877,0.40571022,2.9764123
16.505024,18.348621,0.94422275,1.8435974,11.169916
30.312546,28.701204,1.0317947,1.6113415,5.3157578
7.108683,7.7660503,1.2175615,0.6573672,9.247384
14.658644,17.03655,0.8881775,2.3779068,16.221874
3.769007,3.4165277,0.96881616,0.35247922,9.352044
5.3021073,6.1744127,2.020778,0.8723054,16.452051
5.3332443,4.2085667,0.89474547,1.1246777,21.088058
10.558825,9.549651,1.5563657,1.0091734,9.557631
1.371708,3.2531712,1.9438317,1.8814632,137.16208
10.37857,8.630718,0.8858234,1.7478514,16.840967
39.919426,39.763275,0.90220785,0.15615082,0.391165
23.498518,22.10638,1.0248805,1.3921375,5.9243627
39.553253,39.652798,1.0627133,0.099544525,0.25167215
11.195918,10.505529,0.92851603,0.6903887,6.166432
6.8256297,5.568057,1.104925,1.2575727,18.424273
5.800741,5.9436746,0.87964207,0.14293337,2.4640536
4.0807686,3.8890831,1.0153141,0.19168544,4.697288
9.250718,8.53184,2.359005,0.7188778,7.7710485
49.92555,48.022976,1.1294818,1.9025726,3.8108196
11.329985,9.834809,1.440552,1.4951754,13.196623
6.311724,6.1669617,0.96346927,0.14476252,2.2935495
41.68785,42.456867,0.9208005,0.76901627,1.8447012
28.851463,29.254856,0.98536456,0.4033928,1.398171
4.8000317,4.6040435,1.4247689,0.19598818,4.0830603
6.9908457,9.117733,0.9722112,2.1268873,30.423893
7.899809,7.6591773,2.1741872,0.24063158,3.0460432
42.245045,43.8277,0.9631354,1.5826569,3.7463727
10.540431,13.858488,1.0135154,3.318057,31.479328
5.402659,4.7563004,1.132949,0.6463585,11.963711
9.428228,7.2282906,0.88925517,2.1999378,23.333523
11.575638,12.681937,0.95324075,1.1062994,9.557136
6.458759,5.3696995,0.9994011,1.0890594,16.861744
8.307944,5.774893,1.0864949,2.5330515,30.48951
7.5277977,9.2613125,1.3868208,1.7335148,23.02818
5.822137,5.780062,0.89784014,0.04207468,0.72266734
40.10756,39.833652,0.8868491,0.2739067,0.6829304
36.988445,36.68574,0.9061176,0.30270386,0.8183741
40.79588,40.65513,0.9508933,0.14075089,0.34501252
41.538616,43.74738,0.8720506,2.2087631,5.317373
36.653687,37.557106,1.3394408,0.9034195,2.4647439
38.29645,32.016922,1.8308655,6.2795296,16.397158
42.044064,43.633198,0.85846,1.5891342,3.7796874
5.245033,5.2941494,0.93665165,0.04911661,0.9364405
6.677804,5.968546,0.9098829,0.7092581,10.621128
16.483765,16.763815,1.02613,0.28005028,1.6989461
43.43267,43.710625,0.97875065,0.2779541,0.6399655
40.28341,41.919834,1.1780837,1.636425,4.06228
38.482895,37.11154,0.94370574,1.3713531,3.5635395
39.93025,40.468487,0.92566866,0.5382385,1.3479469
34.8562,35.540535,0.9188298,0.6843338,1.9633057
3.5847,1.862575,1.0153803,1.722125,48.04098
27.929121,24.07264,1.8714453,3.8564816,13.808103
33.343445,33.126453,1.3553863,0.21699142,0.65077686
6.350494,4.724284,0.90981716,1.6262097,25.60761
5.2480607,4.6451855,1.3829885,0.60287523,11.487581
4.6108503,4.2611737,1.227714,0.3496766,7.5837765
4.5978003,5.0740924,1.0896044,0.47629213,10.35913
9.923955,7.651519,0.8679794,2.2724361,22.898495
40.19753,40.995323,0.9488034,0.79779434,1.9846851
8.8848,6.5025215,0.9023957,2.3822784,26.812967
14.822577,13.573354,0.9100687,1.2492237,8.427844
35.538334,34.96407,1.0781305,0.5742645,1.6159017
21.764215,23.988567,0.8893275,2.224352,10.220225
29.137209,29.48035,1.2169933,0.34314156,1.1776748
23.468307,24.08946,0.9818312,0.6211529,2.6467733
49.941784,45.110134,1.8814698,4.83165,9.674563
36.640747,37.716362,0.8938251,1.0756149,2.9355705
4.597384,4.0620513,1.0323856,0.5353327,11.644289
8.791712,8.131124,1.4870268,0.66058826,7.513761
4.623681,4.6860194,1.1234726,0.062338352,1.3482407
6.865792,4.5283494,1.2842712,2.3374424,34.044758
4.413597,2.4769168,0.939184,1.9366803,43.87986
35.392715,37.00993,0.8956507,1.6172142,4.569342
18.561476,10.943497,2.3327436,7.617979,41.04188
8.282894,8.705195,0.89897835,0.4223013,5.098475
16.050688,14.47777,1.0777385,1.5729179,9.799692
39.351727,40.31323,1.1034306,0.9615021,2.4433541
6.5285664,6.7196083,1.276465,0.19104195,2.9262466
4.2378592,2.3942952,1.2837199,1.843564,43.502247
4.598268,4.593433,0.95215386,0.004835129,0.10515109
30.643864,30.824163,1.0223279,0.18029976,0.5883715
8.559921,6.1694283,1.1253023,2.390493,27.926575
14.444779,11.691025,2.2969234,2.7537546,19.064013
44.215336,43.791035,0.90519226,0.42430115,0.9596244
7.498012,5.822338,0.86975837,1.675674,22.348244
38.97175,39.7557,0.8993347,0.7839508,2.0115874
42.31107,43.80721,1.1964751,1.4961395,3.5360475
40.360138,40.502018,0.9629782,0.14188004,0.35153505
22.060545,24.331036,0.8967885,2.2704906,10.2920885
7.488564,8.063261,0.8913215,0.574697,7.674329
4.7085495,9.215649,1.2900555,4.507099,95.7216
41.18546,42.889923,0.9063462,1.704464,4.1385093
31.93869,32.75787,0.9121169,0.81917953,2.56485
44.3702,44.066586,0.89868474,0.30361557,0.68427813
49.767742,45.754574,1.1140091,4.0131683,8.063794
11.120995,11.017632,0.9555385,0.10336304,0.92944056
49.840466,48.63481,1.0333602,1.2056541,2.4190266
7.1946254,6.000314,1.461452,1.1943111,16.600046
4.55341,5.136537,1.1642851,0.583127,12.80638
42.9912,44.407665,0.8637078,1.4164658,3.2947807
38.414677,39.457726,0.9021627,1.0430489,2.7152352
44.68476,44.692104,0.9979847,0.0073432922,0.01643355
6.7691092,4.7300606,1.3337822,2.0390487,30.12285
3.4895666,5.0854926,1.1630236,1.595926,45.73422
6.7676325,6.7547574,1.0212572,0.01287508,0.19024497
7.490216,8.582552,0.8904595,1.0923362,14.583508
7.7748103,7.99037,0.8793179,0.21555948,2.7725368
8.534147,7.5096555,1.788392,1.0244918,12.004619
45.249886,45.12759,0.8960089,0.12229538,0.2702667
17.87542,17.04817,1.1000942,0.8272495,4.6278605
22.13946,19.259344,0.9687748,2.8801155,13.008968
8.145954,9.989819,1.023272,1.8438644,22.63534
6.962632,5.8984103,2.2813954,1.0642219,15.284763
3.5206578,2.9358602,1.0867975,0.5847976,16.610466
39.15227,38.763615,0.90970784,0.38865662,0.9926796
6.778123,3.9804602,1.2487893,2.7976627,41.274887
4.5347066,6.052096,0.91358864,1.5173893,33.461685
12.816733,12.471754,0.95581543,0.3449793,2.691632
7.9226627,6.389815,1.1669288,1.5328479,19.347635
27.19399,27.296108,1.6970828,0.10211754,0.3755151
18.98563,18.149736,0.9637232,0.83589363,4.40277
11.729676,8.475784,1.1979586,3.253892,27.740679
5.438017,7.1761217,1.0757561,1.7381048,31.962109
40.325115,39.654728,1.0466017,0.67038727,1.6624559
22.814184,25.87475,0.92126954,3.060566,13.415189
11.002509,12.308408,0.9293404,1.3058987,11.8691
28.436283,32.264915,0.98693484,3.8286324,13.463898
40.687485,40.251728,1.0644443,0.43575668,1.0709846
3.90672,3.5851696,0.988238,0.32155037,8.2307
9.302142,10.007055,1.2975869,0.70491314,7.577966
7.643011,6.4981503,1.4061332,1.1448607,14.979185
15.589419,17.260653,1.0691943,1.6712332,10.7203045
42.733032,43.33253,0.8810274,0.59949875,1.4028931
4.607162,5.007296,2.0171123,0.4001341,8.685045
13.871832,25.150229,1.3795463,11.278397,81.3043
44.132526,44.63917,0.9863249,0.5066452,1.1480086
3.027631,2.2867794,1.4138862,0.74085164,24.46968
40.602222,38.82179,0.9652259,1.7804337,4.3850646
42.9125,39.34769,1.5428958,3.564808,8.307155
6.334238,4.6591444,1.1043373,1.6750937,26.44507
28.27929,28.349903,0.90921736,0.07061386,0.24970168
40.93704,42.921886,0.884313,1.984848,4.8485384
13.653246,12.802422,0.92201406,0.85082436,6.2316637
11.5618,11.873519,1.0389649,0.31171894,2.6961107
36.962505,38.425587,0.95972294,1.4630814,3.958285
6.002116,6.701811,1.1177654,0.69969463,11.657466
6.259162,7.21253,1.1800963,0.9533682,15.231564
8.828903,8.876709,0.8793501,0.047805786,0.54146916
7.3908086,5.1516767,1.2546222,2.239132,30.29617
6.36692,3.9835463,0.94669986,2.3833737,37.4337
3.8455367,3.0296886,0.95228887,0.8158481,21.215454
35.501358,35.683167,1.1607239,0.18180847,0.51211697
21.629549,24.14302,0.91291404,2.5134716,11.620546
12.250623,9.786467,0.8854398,2.4641562,20.114538
4.30443,5.135644,0.98776114,0.83121395,19.310663
1.2998031,3.7832656,1.1080505,2.4834623,191.0645
1.88446,3.0452294,1.079784,1.1607695,61.59693
9.141823,8.982569,0.94643766,0.15925407,1.7420385
32.480003,30.91709,0.9458069,1.5629139,4.8119264
7.066881,5.896777,1.2111652,1.170104,16.557573
49.98862,53.176376,1.1150377,3.1877556,6.3769627
8.3383255,7.127085,1.6338403,1.2112403,14.526181
41.671635,42.054073,0.904669,0.38243866,0.9177434
2.8923852,6.4180436,1.1424195,3.5256584,121.89449
43.172264,45.028416,0.9140092,1.8561516,4.2994075
5.9520288,4.4614773,0.8916857,1.4905515,25.042746
42.104572,41.437588,0.9026269,0.66698456,1.5841143
15.630142,12.697205,1.194584,2.9329376,18.764626
16.811033,15.773716,0.87168986,1.0373173,6.170455
36.9235,38.904846,0.9534191,1.9813461,5.366084
30.961655,30.499882,1.3054348,0.46177292,1.4914349
7.225888,6.6429963,1.2796608,0.58289146,8.06671
10.723014,10.551156,0.89259166,0.17185783,1.6027008
10.649856,8.821115,1.6302373,1.8287411,17.17151
6.0880785,7.6902657,0.9951353,1.6021872,26.316795
24.51639,24.6426,0.9986627,0.12620926,0.5147954
10.542459,9.968733,2.2072716,0.5737257,5.4420485
2.54156,4.2280293,0.93045133,1.6864693,66.355675
0.43570006,2.2112746,1.725464,1.7755746,407.52222
39.065624,40.269768,0.9810013,1.2041435,3.082361
2.944742,3.9037125,1.36712,0.95897055,32.56552
41.040585,39.84717,0.92335385,1.1934128,2.9078844
40.292175,40.54357,0.93234843,0.25139618,0.623933
36.32601,37.510746,1.099212,1.1847343,3.261394
3.4702957,4.0760546,1.0585713,0.6057589,17.455542
13.099511,13.484489,0.93635535,0.3849783,2.9388752
36.589912,35.97615,0.97968465,0.6137619,1.6774074
30.58137,30.903385,0.9038691,0.32201576,1.0529802
5.4375944,4.704957,1.4367948,0.7326374,13.473557
30.141981,28.28632,1.0012428,1.8556614,6.156401
44.964123,44.893326,0.9497746,0.07079697,0.15745212
44.08017,45.768772,0.8881413,1.6886024,3.830753
30.219604,31.401354,0.8835812,1.1817493,3.9105387
38.965157,41.438263,1.1474336,2.4731064,6.346969
12.196356,12.013233,0.9075297,0.18312263,1.5014536
12.466724,10.059457,1.7483462,2.4072676,19.309544
38.754395,36.75995,0.94135,1.9944458,5.1463733
10.902419,9.46768,2.2584808,1.4347391,13.159823
4.3858795,3.547904,0.927861,0.8379755,19.106213
25.476463,25.241879,1.0280532,0.23458481,0.9207903
7.078429,5.526765,1.2041112,1.5516644,21.921028
41.160393,42.670067,0.91392,1.5096741,3.6677835
24.228708,30.14791,0.90111554,5.919201,24.430527
41.2197,40.92331,0.9264845,0.29639053,0.7190507
30.112467,30.41334,1.1619837,0.3008728,0.99916357
9.680219,8.765659,1.8152027,0.91455936,9.447714
2.1208575,2.2385364,1.3468775,0.11767888,5.5486465
10.927394,11.996424,2.3227262,1.0690298,9.783027
24.382782,24.911346,0.91567737,0.52856445,2.1677775
9.3847065,9.409846,0.9373875,0.025139809,0.26788062
4.0477505,7.7851367,1.029452,3.7373862,92.33243
9.890245,11.18923,1.4605895,1.2989845,13.133997
4.4834104,1.4931178,1.6902089,2.9902925,66.69683
29.937933,27.024244,1.0596961,2.9136887,9.732431
41.771584,43.556503,0.8638129,1.7849197,4.273048
13.116888,11.42519,2.1868553,1.6916981,12.897099
38.404938,39.623295,0.9664912,1.2183571,3.172397
40.617233,40.824326,0.9370151,0.20709229,0.5098631
36.584087,41.193584,0.9960166,4.609497,12.599732
15.461306,13.286865,0.9722823,2.1744404,14.063756
40.346165,41.035034,0.8776474,0.6888695,1.7073977
5.8624487,5.778199,1.0590616,0.0842495,1.4371042
3.2938597,4.683518,1.3315504,1.3896582,42.189358
8.167176,6.988193,1.1418717,1.1789832,14.435629
22.18618,22.861729,0.9557523,0.67554855,3.044907
2.1288457,2.8403077,1.4910755,0.711462,33.420086
21.956419,18.477058,0.9768949,3.4793606,15.846667
43.03562,44.163616,1.0273377,1.1279945,2.6210718
7.146319,5.7902145,1.2766742,1.3561044,18.976265
28.328634,29.15743,0.9317772,0.8287964,2.925649
40.76641,42.117363,0.94760984,1.3509521,3.3138855
9.562068,8.969261,0.97519356,0.5928068,6.199567
10.949874,11.12162,1.461141,0.17174625,1.568477
22.588665,28.062204,0.88988334,5.4735394,24.231354
41.60896,42.746258,0.87637675,1.1372986,2.733302
7.3272963,7.8837833,1.7177212,0.5564871,7.5947123
21.940615,25.84113,0.9135135,3.9005146,17.7776
16.60787,17.71139,1.0041543,1.1035194,6.6445575
40.779003,40.03561,1.063285,0.74339294,1.8229797
10.3417845,10.156237,0.87859935,0.18554783,1.7941568
3.9459586,7.1881104,2.3261647,3.2421517,82.16386
4.848083,5.3913164,1.3569527,0.5432334,11.205118
41.35344,43.07632,0.85276157,1.7228813,4.1662345
18.783537,25.87438,1.1924216,7.090843,37.75031
5.9467053,8.173987,2.3691096,2.227282,37.454052
33.11786,33.07176,0.95569474,0.046100616,0.13920169
4.615445,4.998506,0.8959307,0.38306093,8.299544
43.699566,44.014385,1.3245401,0.31481934,0.72041756
9.745446,10.373526,1.1692717,0.6280794,6.4448504
14.402289,16.647093,0.8950939,2.2448034,15.586435
31.19381,31.919052,0.9779428,0.7252426,2.324957
41.373737,40.65608,0.9565149,0.717659,1.7345762
10.204263,12.471065,0.91573155,2.2668018,22.214264
17.844666,17.06973,0.88546026,0.77493477,4.342669
39.551025,40.0767,0.867227,0.5256729,1.3291006
39.9836,39.710648,0.9367298,0.27295303,0.6826625
25.860497,26.203104,0.95697635,0.3426075,1.3248296
11.893392,8.877447,2.3203728,3.0159445,25.358154
2.1076348,4.1214957,1.0269786,2.013861,95.55075
42.603535,43.764023,0.8819648,1.1604881,2.7239246
8.129363,6.319111,0.86740214,1.8102522,22.26807
42.681587,43.08691,0.8935589,0.40532303,0.94964373
36.48195,37.26821,0.8768228,0.7862625,2.1552098
10.777939,10.397353,0.99382466,0.38058567,3.5311544
2.8309128,7.2257504,1.0759583,4.3948374,155.24454
5.9127984,10.394936,1.3425308,4.482137,75.80399
49.9872,53.276188,1.0725163,3.2889862,6.5796566
9.606998,11.927308,0.9000982,2.3203096,24.152285
32.282875,33.475636,1.0456239,1.1927605,3.6947157
29.320276,27.498745,1.2078766,1.8215313,6.2125316
13.260472,15.204096,0.8871595,1.9436235,14.657272
10.384025,9.601577,1.566195,0.7824478,7.5351114
30.692253,31.662195,1.5788445,0.9699421,3.160218
22.42277,22.208725,0.9801457,0.21404457,0.9545858
39.422253,38.514927,0.9240069,0.90732574,2.3015573
23.101341,23.905912,0.9670885,0.80457115,3.4827898
40.769123,40.31669,1.0728487,0.45243454,1.109748
24.168285,24.550335,0.9071724,0.38204956,1.5807889
32.53352,32.60001,1.0173955,0.06649017,0.20437436
34.885284,34.455334,1.2638531,0.4299507,1.2324702
49.93313,48.016804,2.0093658,1.9163246,3.837782
6.121151,3.9099746,1.2353739,2.2111764,36.12354
15.141865,17.978113,0.8870993,2.8362484,18.73117
5.959733,4.7575407,0.91279,1.2021923,20.171915
1.9236313,6.1633887,0.962767,4.2397575,220.40385
5.112911,5.9260693,1.1784234,0.81315804,15.904013
26.21898,26.535162,0.97245836,0.31618118,1.2059247
12.536331,14.669195,0.9462346,2.132864,17.013464
21.964256,22.37045,1.5274895,0.40619278,1.8493354
2.6737473,6.3395815,0.931941,3.6658342,137.10474
11.003643,8.626282,0.89062387,2.3773613,21.60522
15.564379,14.281362,2.2910273,1.2830172,8.243292
16.343998,15.492662,0.8876464,0.8513355,5.208857
7.0927334,5.224738,1.11249,1.8679953,26.336748
7.333355,5.4336357,0.8955328,1.8997192,25.905186
6.4409485,8.628601,1.435475,2.1876526,33.96476
3.5080085,7.146964,1.5124587,3.6389556,103.73281
4.912069,6.2817936,1.0370634,1.3697248,27.884884
33.917595,33.41723,0.9144674,0.5003662,1.4752408
34.86567,37.40215,1.0226817,2.53648,7.2750072
4.934161,5.3403044,1.2934618,0.4061432,8.231251
9.15477,11.141689,2.0590296,1.9869194,21.703651
3.6818974,3.2407897,2.0675948,0.44110775,11.980447
17.756111,17.995554,0.96892124,0.23944283,1.3485094
41.166996,39.079384,0.9676019,2.0876122,5.071082
6.7469296,4.011673,1.4942249,2.7352567,40.54076
12.439455,13.195303,1.5518262,0.75584793,6.0762143
11.286224,10.350583,0.9165308,0.9356413,8.290118
41.756084,41.891205,0.9428967,0.13512039,0.3235945
10.403866,13.696728,0.9910516,3.292862,31.65037
4.302889,3.6214173,0.91210437,0.6814716,15.837536
16.171307,16.259262,0.89238197,0.087955475,0.5438984
10.895865,11.965643,0.88243127,1.0697775,9.818197
2.3541799,3.9238667,1.1657788,1.5696869,66.67659
6.610036,8.70411,0.921526,2.0940742,31.680225
41.917088,41.692127,0.94549555,0.22496033,0.53667927
2.0688274,3.5051003,1.0949099,1.4362729,69.42449
44.637558,44.991024,0.8536337,0.35346603,0.7918579
4.3472786,5.5214553,1.0571786,1.1741767,27.009466
8.356812,7.9870853,1.1082399,0.36972618,4.424249
9.482258,8.914431,1.0636108,0.5678272,5.9883122
7.822054,6.599078,2.1516387,1.2229757,15.63497
37.24868,36.612343,1.01155,0.6363373,1.7083485
11.530182,11.184483,0.8748438,0.3456993,2.998212
2.8675127,5.5346103,1.01858,2.6670976,93.01083
7.5216346,8.771979,0.9515911,1.2503448,16.623312
2.470389,4.940199,2.0845728,2.46981,99.97657
39.581444,40.40813,0.89562196,0.82668686,2.0885718
3.8831458,3.3291283,1.0222547,0.55401754,14.267236
42.179806,43.54391,0.911364,1.3641052,3.2340245
38.29699,38.69222,0.9306079,0.39522934,1.0320115
36.97792,34.118927,0.98443526,2.8589935,7.731623
9.642061,8.961362,1.4418169,0.68069935,7.0596867
8.927984,8.089034,0.9169955,0.83895016,9.39686
14.845868,9.386043,2.3064563,5.4598255,36.776733
42.913475,43.6488,1.0432242,0.73532486,1.7135057
17.827396,21.4371,0.9019716,3.609703,20.248066
7.091074,6.2130933,0.9066103,0.8779807,12.381492
25.47133,25.19135,1.068967,0.2799797,1.0991955
6.726252,7.1347423,0.9182011,0.40849018,6.073073
2.8099828,7.5774555,2.0795193,4.7674727,169.662
3.9934406,3.1303134,1.113527,0.86312723,21.613623
49.547153,44.920063,1.1212026,4.6270905,9.338761
20.089811,24.776154,0.9044587,4.6863422,23.32696
5.9553585,5.4283037,1.8868906,0.5270548,8.850093
42.79741,41.455814,0.920735,1.3415947,3.1347568
0.6473936,1.1399064,2.1693337,0.49251282,76.076256
40.297882,39.95614,0.8893487,0.34174347,0.84804326
43.240654,44.478794,0.919617,1.2381401,2.8633704
40.643696,40.893383,0.98313844,0.2496872,0.6143319
13.666058,14.67177,0.9697142,1.0057125,7.3592
44.123943,44.98248,0.8929773,0.85853577,1.9457368
6.941224,5.3867683,1.3013542,1.5544558,22.394547
6.463434,8.758345,0.9963787,2.2949104,35.506054
4.616056,5.065572,1.091196,0.44951582,9.738093
6.2644954,6.2773128,0.91231215,0.012817383,0.2046036
13.243491,13.99194,0.88386697,0.7484484,5.651443
39.85186,41.500553,0.8904501,1.6486931,4.1370544
8.123535,7.405566,0.89170843,0.71796894,8.838134
7.633271,6.4621725,1.388401,1.1710987,15.34203
23.580008,28.05642,1.0057467,4.476412,18.983929
3.9533622,4.0373335,1.0701646,0.08397126,2.1240468
39.853504,41.055096,0.92907715,1.2015915,3.0150208
32.487244,33.279118,1.0035306,0.79187393,2.437492
49.641903,45.346382,1.1746471,4.295521,8.653013
37.116737,37.233494,1.4328262,0.11675644,0.31456548
7.05139,3.6002734,0.9844161,3.4511168,48.942364
42.407764,43.50287,1.0354183,1.0951042,2.58232
20.111984,21.29418,0.9126852,1.1821957,5.8780656
34.127045,34.147,0.91906434,0.019954681,0.058471754
9.449555,11.281368,0.9180295,1.8318129,19.385176
8.81271,6.050688,1.3009231,2.762022,31.341349
5.4975057,5.1740513,1.3142458,0.32345438,5.8836565
8.912015,10.512123,1.0772451,1.6001081,17.954506
39.71232,41.288868,0.8699552,1.5765495,3.9699256
11.718873,13.252266,1.3469181,1.5333929,13.084816
4.4774547,4.220292,0.92953944,0.25716257,5.7434993
3.4967124,3.563171,1.1181623,0.06645846,1.9005985
22.793549,22.64691,0.87898487,0.14663887,0.643335
8.485168,8.822749,0.8905409,0.33758068,3.9784794
4.6450143,3.3350763,1.3519393,1.309938,28.200945
3.8245146,3.784354,0.93484545,0.040160656,1.0500851
4.881456,4.3102117,1.2222683,0.57124424,11.702333
13.243341,10.520089,2.2687616,2.7232523,20.56318
7.3653703,5.147872,0.9097121,2.2174983,30.107086
11.973699,12.53311,0.92055213,0.55941105,4.671999
39.109867,42.262577,1.0048085,3.15271,8.061163
4.422541,4.3714952,1.1401533,0.051045895,1.1542209
26.18392,31.52172,0.93719244,5.337801,20.385798
6.6709967,8.352438,1.0533233,1.6814413,25.20525
41.892624,43.032497,0.9733751,1.1398735,2.7209408
5.2125835,3.9609861,0.9971272,1.2515974,24.011076
4.5257845,5.533284,0.92032033,1.0074997,22.261328
41.805393,42.287834,0.90563965,0.48244095,1.154016
8.597124,7.8125715,2.2394016,0.7845526,9.125756
22.466568,21.886219,0.88763994,0.58034897,2.583167
44.102203,43.889156,0.9283134,0.21304703,0.4830757
35.88485,35.35191,0.9180027,0.5329399,1.485139
17.812357,17.57126,0.86771786,0.2410965,1.353535
32.5258,30.837938,1.092691,1.6878605,5.189297
5.634414,5.177145,0.96425265,0.4572692,8.115647
3.4296281,5.2152305,1.0395174,1.7856023,52.06402
5.3630943,5.0887012,0.9027679,0.27439308,5.11632
14.928651,12.519344,1.0080819,2.4093065,16.13881
34.90157,37.646324,0.95596486,2.7447548,7.864273
9.194162,9.743271,1.7907826,0.5491085,5.97236
7.686141,9.097183,0.9113648,1.4110422,18.358265
5.3728433,4.640257,1.0044067,0.7325864,13.634985
34.19836,33.580578,0.8783909,0.6177826,1.8064685
15.437126,12.797272,2.248202,2.6398544,17.100685
42.1186,44.82699,0.9417931,2.7083893,6.430388
36.2249,38.607845,0.86570454,2.382946,6.578199
9.479189,9.910821,0.8892305,0.43163204,4.55347
41.072727,42.3048,0.9439126,1.2320709,2.99973
5.147041,5.711444,1.0558047,0.56440306,10.965584
43.099266,45.02863,0.9166392,1.9293633,4.4765573
4.6789355,3.8433259,0.9465858,0.8356097,17.858969
25.922077,24.167856,0.91613996,1.754221,6.7672853
8.137084,7.8048754,0.9637338,0.33220863,4.0826497
28.251831,27.353174,1.0617689,0.89865685,3.18088
3.5370195,4.6039104,1.165923,1.066891,30.163559
8.837545,8.908407,0.8906129,0.07086182,0.8018269
16.054626,21.19627,0.9067118,5.1416435,32.025932
10.066435,10.538145,2.0443268,0.4717102,4.685971
33.618587,33.869812,0.9849473,0.25122452,0.74727863
20.349966,19.6521,0.99338627,0.69786644,3.4293249
32.118336,32.771404,0.91710675,0.65306854,2.03332
49.904675,47.00593,1.1160384,2.8987427,5.8085594
32.991463,33.965824,0.95235944,0.9743614,2.9533744
7.122362,7.1298313,2.152802,0.0074691772,0.10486938
5.8865623,5.4065695,1.3024844,0.47999287,8.154044
27.376753,27.363544,1.0673243,0.013208389,0.048246734
7.587502,6.1177244,1.7241157,1.4697776,19.371033
40.338554,40.323593,0.8496949,0.014961243,0.037089188
43.03867,43.616764,0.9518233,0.5780945,1.3431978
35.173218,35.21207,0.98560095,0.03885269,0.11046101
38.39565,41.228645,0.873595,2.8329964,7.3784304
8.449549,7.198983,1.4376734,1.2505655,14.800382
7.7197924,8.951429,1.4363365,1.231637,15.954276
8.310537,8.840923,1.3919185,0.530386,6.38209
38.779175,39.32729,0.9189865,0.5481148,1.4134256
7.747559,3.294435,1.0333921,4.453124,57.477768
7.3262663,7.22047,1.0693495,0.10579634,1.4440689
0.90752774,3.0317845,1.9440423,2.1242568,234.07074
3.2405694,5.9453745,0.90093136,2.7048051,83.466965
6.4602056,4.5854287,1.0858872,1.8747768,29.020391
4.454637,2.7520213,0.9806253,1.7026157,38.2212
7.2952676,5.133965,1.2746811,2.1613026,29.62609
10.120672,11.185593,2.2719626,1.0649204,10.52223
33.84215,34.265865,0.918495,0.42371368,1.2520294
38.198273,38.906,0.8816766,0.7077255,1.8527684
10.907465,15.632097,1.9228526,4.7246323,43.315586
4.07143,3.9515357,0.91380703,0.119894505,2.944776
7.9129596,6.666811,1.1017165,1.2461486,15.7481985
18.777596,20.768723,0.9747766,1.991127,10.603738
10.339547,10.553801,1.0115447,0.21425343,2.072174
12.88699,12.588782,1.511668,0.29820728,2.3140182
12.344794,14.531687,0.9995542,2.1868925,17.7151
42.760345,42.767197,0.9469413,0.0068511963,0.016022313
42.094536,43.27539,0.98047674,1.1808548,2.805245
7.48561,7.796663,1.1943638,0.3110528,4.1553435
9.673704,8.026687,0.8643805,1.6470175,17.025717
1.4286153,1.5812583,2.1228828,0.15264297,10.684679
37.197235,36.98598,0.9582645,0.21125412,0.5679296
43.287636,43.565475,0.9036686,0.27783966,0.6418453
31.239584,30.870993,0.9163817,0.3685913,1.1798855
38.377285,37.37739,1.028333,0.9998932,2.6054296
35.547485,36.60248,0.8694069,1.0549965,2.9678512
10.527459,10.592989,0.978288,0.06552982,0.6224657
3.0129635,6.284772,0.9664885,3.2718084,108.59104
9.115971,8.009826,1.0067798,1.1061449,12.134143
42.622215,43.27335,1.0536188,0.6511345,1.527688
7.9571834,8.222084,2.1982489,0.26490068,3.329076
8.438155,7.5185223,1.5203693,0.9196329,10.898506
41.053234,42.06544,1.1010885,1.012207,2.4655964
4.125775,4.6757817,0.9796975,0.55000687,13.330996
5.5233183,4.8245907,1.0796325,0.6987276,12.650503
43.044838,43.671604,0.9697228,0.6267662,1.4560775
2.196007,4.46129,0.9766879,2.2652829,103.15463
1.9842525,5.1316366,1.273281,3.1473842,158.61812
27.590515,28.676456,0.8896323,1.0859413,3.9359226
3.0795438,2.7914417,1.6040192,0.28810215,9.355351
3.977424,5.571437,1.195467,1.594013,40.076515
39.100887,39.076,0.9755832,0.024887085,0.06364839
2.9294245,5.1198797,1.228706,2.1904552,74.77425
5.405531,3.049666,0.9932831,2.355865,43.58249
6.086647,4.2271824,2.035915,1.8594646,30.549902
2.5406497,3.986958,1.0383477,1.4463084,56.926716
41.94435,41.68996,0.9763039,0.25439072,0.6064958
8.967942,8.169205,0.9191891,0.7987375,8.906586
5.5974565,5.243098,0.9018521,0.35435867,6.330709
23.145638,32.20492,0.90923625,9.059284,39.140354
43.488346,43.642075,0.89945984,0.15372849,0.3534935
44.3181,44.944004,0.93598425,0.6259041,1.412299
39.502007,41.64236,0.89126235,2.1403542,5.418343
9.22658,10.962551,0.97406733,1.7359715,18.814896
18.752121,22.18179,0.95517766,3.4296684,18.289497
41.04259,42.610706,1.1646892,1.5681152,3.8207023
5.485206,5.6879463,2.1425953,0.20274019,3.6961272
6.1434364,6.9250493,1.5502652,0.7816129,12.722731
9.028598,10.345931,0.9062302,1.3173332,14.590673
3.0056849,4.6963797,1.4616996,1.6906948,56.249905
1.7731361,3.1643844,1.8223451,1.3912482,78.46257
40.71137,43.214863,0.88269657,2.5034943,6.149374
28.030554,28.279356,0.99554783,0.24880219,0.8876107
42.966606,43.831753,0.99415064,0.86514664,2.0135326
16.771152,17.831228,1.0196953,1.0600758,6.3208284
2.401552,3.8784647,1.3367023,1.4769127,61.49826
37.189453,38.584408,0.9669226,1.3949547,3.7509418
37.608395,39.155422,0.89832807,1.5470276,4.113517
49.942696,46.796833,1.0243735,3.1458626,6.298944
30.478909,31.74815,0.88304305,1.2692413,4.1643267
15.820147,14.261316,1.1338593,1.5588303,9.85345
10.706336,9.678268,2.2406924,1.0280676,9.602423
14.700606,11.61417,2.337598,3.0864363,20.995298
40.734856,41.960804,1.0862911,1.2259483,3.0095806
32.377396,32.689415,1.4270461,0.31201935,0.963695
44.137035,43.936554,0.94284207,0.20048141,0.4542249
5.646909,6.0033913,1.7843428,0.35648203,6.3128695
7.1893015,6.7144566,0.93047106,0.47484493,6.6048827
40.050743,40.598846,1.0486592,0.54810333,1.3685223
30.724943,28.24081,2.014433,2.4841328,8.085069
7.2104254,7.1648493,1.0246739,0.045576096,0.6320861
9.135911,9.296164,0.9647641,0.16025257,1.7540952
42.47716,43.335762,0.9249665,0.8586006,2.021323
32.26848,32.67087,1.3888589,0.40239334,1.2470168
6.7843294,7.0808077,0.9361791,0.29647827,4.370045
7.144361,6.4951053,1.1686499,0.64925575,9.087667
6.4771852,5.2973404,1.4604527,1.1798449,18.215395
19.027052,24.899656,1.7839557,5.8726044,30.8645
36.127663,37.047207,1.0659791,0.9195442,2.5452635
34.151497,34.519615,0.98437613,0.3681183,1.0778979
44.181602,50.419697,1.8706253,6.2380943,14.119213
12.823937,15.11348,0.9198524,2.2895422,17.85366
8.599375,8.459451,2.0737581,0.13992405,1.6271421
3.769942,3.03102,1.424694,0.7389221,19.600357
5.9045434,4.937172,0.99471045,0.96737146,16.38351
8.593437,5.8664,0.90675306,2.7270374,31.733953
36.579845,39.326324,1.3553866,2.746479,7.5081754
8.175861,8.095234,1.4393693,0.08062744,0.9861645
6.4272566,6.0336885,0.92079145,0.39356804,6.123422
9.122512,8.399403,0.8950569,0.72310925,7.9266467
41.222248,40.693485,0.92796427,0.5287628,1.2827122
49.93471,47.194157,1.097605,2.7405548,5.488276
37.575043,35.100636,0.951655,2.4744072,6.5852413
40.417225,36.83331,0.91881293,3.5839157,8.867298
9.524708,7.60858,2.3246014,1.9161277,20.117443
34.035774,35.09685,1.0110942,1.0610771,3.1175349
6.356135,6.0245767,1.384296,0.33155823,5.2163496
23.471088,16.277977,1.9345131,7.1931114,30.64669
3.841718,3.1632848,1.1073167,0.6784332,17.65963
7.1818013,6.6727567,0.9021579,0.50904465,7.0879803
2.885106,4.637847,0.8973039,1.7527409,60.751347
10.48025,8.881273,2.2294884,1.5989771,15.2570505
10.266534,11.381914,2.2216625,1.1153803,10.864234
41.689625,40.365925,0.9482894,1.3237,3.1751304
20.703953,24.009445,0.9942842,3.3054924,15.965514
28.601112,29.734406,1.0140264,1.1332932,3.9624093
4.6835833,4.3084006,0.9103191,0.37518263,8.01059
6.76426,4.881733,1.1062391,1.8825269,27.830494
37.848984,38.287174,0.9194163,0.43819046,1.1577338
7.7892275,7.3771534,1.9522723,0.4120741,5.2903075
5.452501,5.2790875,0.9436353,0.17341328,3.1804357
9.673335,8.915726,1.8056151,0.75760937,7.831936
10.2807665,12.49008,1.3924384,2.2093134,21.489773
9.3225155,8.986491,0.86239475,0.33602428,3.6044378
42.449657,42.563084,0.8942774,0.11342621,0.2672017
37.3332,38.52649,0.8684759,1.1932907,3.196326
36.55552,36.033966,0.89823973,0.52155304,1.4267423
3.552131,3.4801402,0.9380402,0.07199073,2.0266912
10.329516,8.1550865,2.1495614,2.17443,21.050646
49.59614,47.87447,1.0176209,1.721672,3.471383
6.5330706,4.981565,1.1490515,1.5515056,23.74849
28.204924,30.536022,1.523111,2.3310986,8.264864
6.0539103,6.1635313,1.7098532,0.10962105,1.8107479
35.43407,34.991444,1.0119147,0.44262695,1.2491564
6.017689,5.9619293,0.91379505,0.055759907,0.9266
28.271227,29.224949,0.9405455,0.953722,3.3734722
31.097448,31.896984,0.93259716,0.79953575,2.5710654
43.893715,44.569607,0.8527048,0.6758919,1.5398375
44.310333,39.999226,0.94493204,4.3111076,9.729351
7.068584,5.8458195,1.0138012,1.2227645,17.298578
19.580067,19.859219,0.90829337,0.27915192,1.4256945
29.961779,29.312702,1.1600407,0.64907646,2.1663482
6.460177,4.189483,1.051614,2.2706938,35.149097
40.07414,41.378647,0.9156261,1.3045082,3.255237
9.581459,11.573567,0.9353643,1.9921083,20.791283
10.114561,7.3347993,1.1215732,2.7797618,27.48277
42.538223,43.517067,0.9669783,0.9788437,2.3010921
37.38907,38.609715,0.89347005,1.2206459,3.2647133
7.6003895,9.922995,1.4056487,2.3226051,30.559029
40.267746,40.208717,0.92307466,0.059028625,0.14659034
8.93252,10.728189,1.7453943,1.7956696,20.10261
4.6450343,6.0691113,0.89863116,1.424077,30.65805
6.684391,5.5703835,1.2225729,1.1140075,16.665804
40.80707,41.370087,0.92471594,0.563015,1.3796996
4.1201525,4.0650873,1.0412235,0.055065155,1.3364835
5.5224714,4.7601957,0.9693348,0.7622757,13.803163
42.454426,43.950134,0.8813913,1.4957085,3.523092
42.30106,41.589737,0.8977549,0.7113228,1.681572
41.87877,42.09569,0.94674414,0.21692276,0.5179779
39.272774,39.48643,0.9957933,0.21365738,0.54403436
43.880188,43.716602,0.9095729,0.16358566,0.37280074
42.9416,43.4266,1.077708,0.4850006,1.1294423
22.971968,22.502735,0.90916073,0.46923256,2.0426311
20.861492,20.47581,0.9962136,0.38568306,1.8487798
4.1908755,4.108127,0.92664224,0.08274841,1.9744899
6.0371985,6.747466,1.0485121,0.71026754,11.7648535
17.069143,17.54182,0.9467603,0.47267723,2.7691913
21.729034,25.513266,1.8463204,3.7842312,17.415552
4.8556256,3.44719,1.0058612,1.4084356,29.006262
6.881965,4.803676,2.15583,2.078289,30.199064
37.496376,33.778946,1.0435901,3.71743,9.914105
2.2775435,3.2663577,1.2559661,0.9888141,43.415813
7.950464,9.242147,1.3961179,1.2916837,16.246645
3.5586402,5.028793,1.2553108,1.4701526,41.3122
3.6231563,4.7308235,1.1969064,1.1076672,30.571886
35.813198,36.393932,0.8995484,0.58073425,1.6215649
9.999695,9.967248,2.338133,0.03244686,0.3244785
4.1697783,4.1307516,0.89895767,0.039026737,0.9359427
43.527092,44.017273,0.8963021,0.49018097,1.1261514
3.5230896,5.6367645,1.0461917,2.1136749,59.994923
42.171623,41.38473,0.93559396,0.78689194,1.8659276
4.7284803,5.8739495,1.8716626,1.1454692,24.224892
9.99604,10.306984,1.4860603,0.3109436,3.1106677
10.122687,10.381126,1.5758243,0.25843906,2.5530677
22.264149,23.293282,0.90029204,1.0291328,4.622377
7.3350906,3.9418283,1.0144707,3.3932624,46.260674
48.69483,40.07161,1.724085,8.623222,17.708702
18.369127,20.097393,0.9919185,1.7282658,9.408535
13.017195,13.471905,1.9145181,0.45471,3.493149
1.6758697,5.98908,2.368202,4.3132105,257.37146
5.8601046,4.1139717,1.1297508,1.7461329,29.796957
9.761951,9.227106,1.0534147,0.53484535,5.4788775
5.9546313,7.499154,0.8981277,1.5445228,25.938175
8.441827,7.724436,1.99099,0.717391,8.4980545
22.153353,22.578182,0.98503494,0.42482948,1.9176759
39.801357,41.033108,0.9364847,1.2317505,3.094745
33.649242,34.96355,0.8974468,1.3143082,3.9059072
40.10896,40.491196,0.913431,0.38223648,0.95299524
4.5585165,4.3204927,0.88304144,0.23802376,5.221518
3.883605,6.842877,2.0221756,2.959272,76.1991
8.005792,6.349321,1.052272,1.6564708,20.690907
17.654058,16.80984,0.94854504,0.8442192,4.782012
38.289062,39.517056,0.9484608,1.227993,3.207164
3.9413178,3.5303385,0.9793059,0.41097927,10.427459
43.34399,43.169727,1.0106893,0.174263,0.4020465
7.72003,6.3354034,1.5563493,1.3846264,17.935507
3.2320266,4.2721786,1.0180763,1.0401521,32.18266
26.166084,25.129265,0.9871476,1.0368195,3.9624555
40.092846,38.930225,0.97443515,1.1626205,2.8998206
43.618237,44.732018,0.85968035,1.113781,2.5534754
7.2183137,9.185842,0.9611247,1.9675279,27.257446
20.398926,20.400284,0.9066426,0.0013580322,0.0066573713
26.650248,27.197643,0.8817845,0.5473957,2.0539985
41.54745,42.630245,0.9915702,1.0827942,2.6061628
12.732054,11.697895,1.902492,1.0341587,8.122481
43.140774,43.30672,0.8709782,0.16594696,0.38466385
5.8088317,9.996853,1.9244415,4.188021,72.09748
23.991821,25.68909,1.0379802,1.6972694,7.0743666
39.6238,40.8068,0.9157956,1.1830025,2.9855857
5.778293,4.5943804,1.3739392,1.1839128,20.48897
2.6756234,7.0990195,1.8087945,4.423396,165.32207
8.818161,9.991054,1.5056205,1.1728926,13.300876
34.9004,36.179176,0.89409024,1.2787781,3.6640787
4.60614,7.570288,1.9661399,2.964148,64.352104
30.01657,28.879442,1.0789583,1.1371269,3.7883308
42.09669,41.458942,0.8805729,0.6377487,1.5149616
37.59373,38.804016,0.8979549,1.2102852,3.2193804
2.5713577,5.363711,1.1317953,2.7923532,108.594505
5.8941145,9.566622,1.3509498,3.6725073,62.30804
44.87545,44.919544,0.9561282,0.044094086,0.098258816
6.842506,5.5620055,1.155815,1.2805004,18.713911
6.2140584,7.1153264,1.1429932,0.901268,14.503694
10.496158,8.745462,2.3151646,1.7506952,16.679392
24.04727,18.819937,2.2137213,5.227333,21.73774
18.764357,17.601393,0.946724,1.1629639,6.1977286
2.729888,3.7384076,1.0193733,1.0085196,36.94363
15.726387,12.706736,2.2733123,3.0196514,19.201178
23.032745,22.615732,0.92573637,0.41701317,1.810523
31.844578,32.11139,0.94756,0.26681137,0.8378549
35.67186,37.987244,0.87104934,2.315384,6.4907856
10.323547,9.090499,2.3626516,1.2330484,11.944037
39.92499,41.884193,0.9419986,1.9592018,4.9072065
12.178805,12.756544,0.948443,0.57773876,4.743805
41.21815,40.491077,0.9276238,0.72707367,1.7639648
18.083084,21.682878,1.1856719,3.5997944,19.906971
8.746525,9.2292795,0.90296704,0.4827547,5.5193887
41.67467,41.599068,0.9321369,0.075603485,0.18141352
6.3671756,8.446505,0.9709737,2.079329,32.65701
3.421676,5.3420415,1.2296541,1.9203656,56.12354
10.595371,11.797424,0.9025117,1.2020531,11.3450775
7.0589943,7.108111,0.9547815,0.04911661,0.69580185
38.004692,40.007275,0.9286973,2.0025826,5.2693033
10.35803,9.132589,2.3625731,1.225441,11.830831
12.753992,13.303297,0.9041254,0.54930496,4.306926
43.81385,44.370724,1.0115646,0.5568733,1.2709984
9.588403,5.327329,1.2969537,4.2610736,44.43987
35.280922,37.594986,0.91998684,2.314064,6.558967
23.039333,21.933187,0.9720321,1.1061459,4.8011193
25.980797,26.285355,1.1499739,0.3045578,1.1722419
13.470981,13.439226,0.9455313,0.031754494,0.23572518
39.43816,39.306896,0.87001795,0.13126373,0.33283433
24.293251,25.254707,0.92903763,0.9614563,3.9577096
22.255869,21.97607,0.9177245,0.2797985,1.2571898
19.910128,20.286415,1.0081993,0.37628746,1.8899299
3.926148,5.906358,1.5851929,1.9802098,50.436455
9.956422,9.177809,1.0820342,0.7786131,7.8202105
4.3181143,5.5485916,1.0785081,1.2304773,28.495708
2.0239115,5.521293,1.1132675,3.4973817,172.80309
6.5542865,6.8669567,1.1034542,0.31267023,4.770469
7.568261,9.374478,0.97312576,1.8062172,23.865683
12.828351,12.558218,2.2353015,0.27013302,2.10575
43.957676,43.426937,0.8892932,0.53073883,1.207386
5.7006507,3.7417676,1.0124763,1.958883,34.362446
40.674107,41.4381,0.8766931,0.7639923,1.8783259
7.57677,6.1249294,1.4300454,1.4518404,19.161732
44.139736,44.20348,0.9584775,0.06374359,0.14441317
11.213318,11.02383,0.9398083,0.18948746,1.6898429
41.473568,41.70559,1.0627402,0.23202133,0.5594439
11.909323,12.843897,2.3200274,0.9345741,7.8474164
34.354656,33.821484,0.93146116,0.5331726,1.5519661
33.59992,38.825718,0.9906108,5.2257996,15.553013
8.527805,10.14365,0.9610595,1.6158447,18.947954
29.83251,31.637936,0.97420806,1.8054256,6.051873
19.442226,28.19948,0.99728066,8.757254,45.042442
27.250315,30.210947,0.9631327,2.9606323,10.86458
12.074052,11.047043,0.9462482,1.027009,8.5059185
21.964113,22.573359,0.9650705,0.6092453,2.7738216
25.371235,26.080801,0.89669627,0.7095661,2.7967346
12.977276,10.142131,2.3453448,2.835145,21.846996
32.168243,32.191948,1.5000957,0.023704529,0.07368922
21.577564,22.484787,0.95839316,0.90722275,4.2044725
11.194562,11.349335,0.87271494,0.15477276,1.3825709
3.239348,4.857197,0.88963526,1.6178489,49.943657
27.397402,29.377304,0.94147736,1.9799023,7.2266064
29.756212,31.019703,0.95208853,1.2634907,4.246141
3.135444,3.5892997,0.932725,0.45385575,14.475007
41.55735,42.61824,0.9318504,1.0608902,2.552834
12.582247,10.800122,0.8957338,1.7821245,14.163802
13.709442,18.432636,0.8891514,4.723194,34.452126
10.261049,7.163144,2.3716152,3.0979052,30.190922
42.404827,42.776268,1.0614986,0.3714409,0.8759401
25.40779,25.726288,0.97793406,0.3184986,1.2535471
6.00515,5.9524097,0.91711015,0.052740097,0.8782478
40.92302,42.08684,0.9764411,1.1638222,2.8439302
11.85242,11.839092,0.8982694,0.013327599,0.112446226
49.410305,43.00717,1.4919153,6.4031334,12.9591055
2.3980458,4.0790825,0.98565537,1.6810367,70.10027
22.503426,23.491016,0.9397799,0.9875908,4.388624
44.712646,45.330997,0.87677795,0.618351,1.3829442
9.238595,8.702489,0.9206822,0.5361061,5.8028965
43.099186,44.657337,0.9359784,1.5581512,3.6152685
8.597586,8.433995,0.89023054,0.16359043,1.9027485
3.948514,3.4235916,1.0264956,0.5249224,13.294175
4.260372,6.751641,2.2421353,2.4912686,58.475376
2.7028902,4.2009964,0.9142445,1.4981062,55.426086
7.416783,5.61608,1.2945797,1.800703,24.278763
6.819931,6.0175357,1.299863,0.80239534,11.765447
44.900394,44.035,0.88120544,0.8653946,1.9273652
41.557526,42.38521,0.887844,0.8276825,1.9916549
24.413721,27.374958,0.9347738,2.961237,12.1293955
2.3115962,3.202701,1.5241374,0.89110494,38.549335
42.36762,43.55276,0.9198692,1.1851425,2.7972836
40.798763,41.920067,0.9301279,1.1213036,2.7483764
40.78619,41.610638,0.931402,0.82444763,2.0213892
6.1938477,4.281673,1.5360501,1.9121747,30.872162
29.31201,29.67095,1.364584,0.35894012,1.2245497
8.687059,9.281397,0.91305923,0.59433746,6.8416414
29.184433,30.234772,0.8681794,1.0503387,3.5989692
3.4361825,3.3127332,0.95958924,0.123449326,3.5926301
15.522177,16.37592,0.9785891,0.8537426,5.5001473
36.693905,35.721043,0.92686886,0.97286224,2.6512911
27.68367,27.497852,0.97562766,0.18581772,0.6712178
6.854027,5.7332115,1.3860749,1.1208153,16.352654
10.797456,9.175261,2.3502748,1.6221952,15.023866
10.354171,10.4604,0.9690474,0.10622883,1.0259521
11.490014,10.82606,0.9519112,0.6639538,5.7785287
3.5503418,6.3895907,1.034495,2.839249,79.971146
4.498851,4.382538,1.1271409,0.11631298,2.5853932
19.739481,19.565752,1.519899,0.17372894,0.88010895
23.28041,25.174343,0.8996804,1.8939323,8.135304
37.04026,37.28006,0.9318872,0.2397995,0.6474023
8.803064,9.425688,1.9983767,0.62262344,7.0728035
11.169607,9.810486,1.1664486,1.3591213,12.168033
24.055532,23.21294,1.5012219,0.84259224,3.5026963
6.4495273,5.5502768,1.2437894,0.8992505,13.94289
41.560352,41.698196,1.0250306,0.13784409,0.33167207
19.386208,20.415716,0.9053429,1.0295086,5.3105206
40.98379,42.186607,0.8588027,1.202816,2.9348578
9.953083,8.301362,0.8849003,1.651721,16.59507
44.475296,45.452972,0.8884,0.9776764,2.198246
2.18836,3.2070668,1.0890164,1.0187068,46.551155
36.24559,36.636063,1.1820138,0.3904724,1.0772964
13.161466,12.978041,0.9177759,0.18342495,1.3936514
42.143612,42.832993,0.8818121,0.68938065,1.6357892
5.616544,6.952084,1.0001444,1.3355403,23.778687
9.803684,9.550673,0.89523774,0.2530117,2.580782
11.487155,11.160713,2.3341794,0.32644176,2.8417983
39.72648,39.778072,0.96813154,0.05159378,0.12987253
9.934626,8.707118,2.3650405,1.2275076,12.355852
11.979544,12.008953,0.9540508,0.029409409,0.2454969
7.306241,5.3121557,1.2371206,1.9940853,27.292904
43.54455,44.240448,1.5667106,0.69589615,1.5981245
6.1745434,4.5201745,0.8974444,1.6543689,26.79338
30.366356,30.27646,1.1159815,0.08989525,0.29603568
3.708434,2.5084395,1.3497897,1.1999946,32.358524
43.760082,44.087982,1.2564515,0.32789993,0.7493129
8.62734,7.611372,2.0124419,1.0159683,11.776148
7.781008,8.185276,1.0472438,0.40426826,5.195577
40.27743,31.106525,0.97812,9.170906,22.76934
2.4401643,3.6864905,1.2440331,1.2463262,51.075504
35.33275,35.228176,0.9692568,0.104572296,0.29596424
32.770916,32.55674,0.9289111,0.21417618,0.6535557
27.376661,30.198788,0.8820213,2.8221264,10.308512
5.8713527,7.1545506,0.9143931,1.2831979,21.855236
7.373001,7.0297775,0.8742596,0.34322357,4.655141
21.666792,20.35181,1.0707171,1.3149815,6.06911
1.6785946,3.0923233,1.1411834,1.4137287,84.22097
9.775771,10.424742,1.0248245,0.6489706,6.638562
48.90141,45.574505,1.6871208,3.3269043,6.8032894
4.831376,3.955401,1.2774564,0.87597513,18.130964
2.5704951,4.389181,0.9128318,1.818686,70.752365
43.09751,43.60545,1.0316355,0.5079384,1.1785793
38.21592,38.584927,0.859573,0.3690071,0.9655848
27.505146,27.693958,1.1504238,0.18881226,0.68646157
14.83759,13.05798,0.9355649,1.7796106,11.993933
27.7569,27.925966,0.9649361,0.16906548,0.6090935
14.553208,15.9044,0.88631475,1.3511915,9.2844925
6.074018,6.4385347,1.2635415,0.36451674,6.001246
3.8526235,4.9943695,1.1254377,1.141746,29.635548
40.491184,40.725174,0.9435486,0.23398972,0.5778782
41.06897,40.56256,0.9437196,0.5064087,1.233069
5.9424486,4.4708524,0.9098502,1.4715962,24.76414
6.9377728,9.428719,1.0025188,2.4909458,35.904114
4.078011,3.7897012,0.9953258,0.2883098,7.069864
8.787753,8.908257,0.92208385,0.120503426,1.3712655
37.745075,38.34691,0.86101246,0.60183334,1.5944685
6.4973307,8.1276245,2.3392212,1.6302938,25.09175
10.457668,11.121916,0.9484317,0.6642475,6.3517747
3.815889,3.7600503,0.90860015,0.055838585,1.4633179
14.584664,14.281937,1.0056357,0.3027277,2.0756576
13.942667,12.254023,1.0919905,1.6886444,12.111344
31.941929,32.611374,0.94859356,0.66944504,2.095819
19.244242,18.378529,0.9413963,0.8657131,4.4985566
2.0335479,4.2872124,1.0296148,2.2536645,110.824265
33.618393,33.175503,0.9714239,0.44289017,1.3174044
17.979156,18.01243,0.8947473,0.033273697,0.18506818
17.27489,17.556149,0.9812531,0.28125763,1.6281297
6.7621922,8.273312,0.990373,1.5111194,22.34659
4.9357595,2.2751741,1.1751873,2.6605854,53.904274
43.057816,43.74818,0.9164821,0.69036484,1.6033438
9.127616,10.107145,1.0273662,0.9795294,10.731492
14.28363,15.639328,0.92748064,1.3556976,9.491268
11.218289,10.271342,0.9464603,0.9469471,8.441101
39.260468,36.498898,0.9681451,2.76157,7.033971
43.997913,44.499687,0.9564633,0.50177383,1.1404492
43.452644,44.438602,0.91656953,0.9859581,2.2690406
9.1111355,9.253977,2.3484843,0.14284134,1.5677665
3.6980157,3.5958724,1.6581708,0.10214329,2.7621107
23.874994,20.920996,1.1716751,2.9539986,12.372771
41.68092,41.854748,0.91540295,0.17382812,0.41704485
34.21329,34.262615,1.0888374,0.049324036,0.1441663
37.10338,37.94766,0.91367894,0.84428024,2.2754807
35.06428,35.543297,0.8958205,0.47901535,1.3661063
18.642889,16.172928,0.98220193,2.4699612,13.248812
22.874365,23.969904,0.97295666,1.0955391,4.789375
12.489268,11.342111,2.2991276,1.1471577,9.185147
42.61606,42.766216,0.94431996,0.15015793,0.3523506
49.989803,52.917603,1.3125637,2.9277992,5.8567924
9.592773,7.8631268,1.2808666,1.7296467,18.030725
17.725561,18.237762,0.9202882,0.5122013,2.8896198
6.5350575,5.2971897,1.0119859,1.2378678,18.941957
44.04547,44.419445,1.3254921,0.37397385,0.8490631
2.5589037,5.201808,0.86523294,2.6429043,103.282684
18.44719,21.108995,0.9393254,2.661806,14.429331
4.744556,2.7510839,1.0306067,1.9934721,42.01599
24.64873,25.0787,0.8748678,0.4299698,1.7443893
34.75601,34.744907,0.8618768,0.011100769,0.031939138
34.81555,35.05573,0.9646005,0.24017715,0.68985593
44.403103,44.289856,0.9649319,0.11324692,0.2550428
37.912964,39.945683,0.8908819,2.0327187,5.36154
27.812572,33.645706,0.90932673,5.8331337,20.97301
4.9945345,4.7681394,1.1410402,0.22639513,4.5328574
3.5554883,3.5179365,0.9951368,0.03755188,1.0561665
20.075836,20.117481,0.9175333,0.04164505,0.20743868
7.427732,9.469206,0.98393744,2.0414739,27.484484
1.776104,8.50321,2.356967,6.727106,378.75635
44.249275,45.099155,0.87897235,0.8498802,1.9206647
3.8406217,9.101729,1.0502027,5.2611074,136.98582
3.6624913,4.3955317,1.0476797,0.73304033,20.0148
6.7806873,8.598363,0.9777777,1.8176756,26.806658
5.306412,4.3372645,1.1451008,0.9691477,18.263708
39.395695,40.705677,0.8814551,1.3099823,3.3251915
36.817562,37.77836,1.6377875,0.96079636,2.6096144
7.836432,6.295092,1.1643878,1.5413399,19.6689
10.96,7.7436304,2.3701043,3.2163696,29.346437
23.682508,22.137917,1.000618,1.5445919,6.5220795
38.50703,40.59917,0.9250152,2.0921402,5.4331384
10.410148,9.767248,0.88703966,0.6428995,6.1756997
26.301825,19.675192,1.8724185,6.6266327,25.194574
20.175337,24.834318,0.9082571,4.6589813,23.092459
5.9189315,7.7503595,1.0960853,1.831428,30.94187
18.799541,18.654837,0.92938966,0.14470482,0.76972526
12.020112,9.701958,2.0991344,2.3181543,19.28563
3.9184048,4.338006,1.1358832,0.4196012,10.70847
42.209854,43.210472,0.9630631,1.000618,2.370579
5.4167,3.3008943,0.97060406,2.1158056,39.060787
7.1156797,5.175788,0.95917374,1.9398918,27.262213
43.757,43.0718,1.0518316,0.68519974,1.5659202
1.2864922,3.0111697,1.9526662,1.7246774,134.06046
36.50634,37.353333,0.92263085,0.8469925,2.3201244
4.091787,5.8864017,1.6665292,1.7946148,43.85895
24.215591,26.975685,0.9894891,2.7600937,11.398003
10.899114,8.344577,1.5799942,2.5545368,23.438023
6.2519417,6.093061,2.246197,0.15888071,2.541302
39.2194,40.59431,0.98265964,1.3749123,3.5056944
43.93451,44.762573,0.9240123,0.82806396,1.8847688
5.487317,3.7833192,0.9476664,1.7039979,31.053387
3.6290102,4.438435,0.92195743,0.8094249,22.304289
2.3498168,2.0139365,1.3580863,0.33588028,14.293892
5.296575,7.511487,1.0353088,2.214912,41.817814
1.047349,4.341081,2.3424442,3.2937322,314.4828
42.32271,42.346436,0.89739287,0.023727417,0.05606309
7.3716435,5.1788073,0.93994373,2.1928363,29.746912
6.3062296,6.16712,0.97831064,0.13910961,2.2059078
44.63261,44.37521,1.0343676,0.2574005,0.5767095
6.8639636,5.6385884,1.4486811,1.2253752,17.852297
9.639573,10.668474,1.6686367,1.0289011,10.67372
40.017517,39.544426,0.9775663,0.47309113,1.1822101
4.917066,5.457691,1.4343674,0.5406251,10.994871
1.1425492,3.1895092,1.248902,2.0469599,179.15727
43.075325,42.650696,0.91353774,0.4246292,0.985783
43.946808,44.10848,0.9318901,0.16167068,0.3678781
43.092438,44.84208,0.88824433,1.7496414,4.0602055
11.171615,12.2998085,1.0600841,1.1281939,10.098753
24.387783,23.747295,1.2141373,0.6404877,2.6262643
4.2013383,4.6100435,1.2294745,0.40870523,9.727977
41.288765,40.770485,0.8962915,0.51828,1.2552568
41.10641,40.325657,0.97202456,0.7807541,1.8993487
41.556587,43.517345,0.89488214,1.9607582,4.718285
10.975869,10.547567,0.93159425,0.4283018,3.902213
40.730976,42.476406,0.9296613,1.74543,4.2852645
11.610753,11.687149,2.3414512,0.07639599,0.65797615
27.944319,28.120483,0.9414176,0.17616463,0.63041306
3.0845385,3.483148,1.0183594,0.39860964,12.922829
8.322006,8.435712,0.94937414,0.113705635,1.3663248
44.947247,45.028378,0.9095708,0.08113098,0.18050267
40.52905,41.493176,0.9719581,0.9641266,2.3788533
21.889763,19.649887,0.9528475,2.2398758,10.232527
29.342772,30.059105,0.9140494,0.7163334,2.44126
3.4112074,5.906309,0.84665626,2.4951017,73.14423
6.015786,5.2296343,0.9248278,0.7861519,13.068149
44.528526,44.41828,1.0460329,0.11024475,0.2475823
10.767099,12.053873,2.0102298,1.2867737,11.950978
9.111585,8.556333,0.87478083,0.5552521,6.0939136
6.4940276,7.3342667,1.000917,0.84023905,12.9386425
11.170401,13.4916935,0.94523174,2.3212929,20.780748
6.793525,7.701853,1.0302817,0.9083276,13.370489
38.0343,36.796482,0.9467756,1.2378197,3.2544825
10.0217905,8.680757,0.9199879,1.3410339,13.381181
37.77049,38.43608,0.87797743,0.6655922,1.7622017
7.6869397,6.420126,1.7575674,1.2668138,16.48008
9.776941,9.209805,1.0917912,0.56713676,5.800759
4.5326056,5.2518187,1.2972208,0.719213,15.86754
43.73596,43.75649,0.92070264,0.0205307,0.046942383
32.9307,33.07047,0.9317012,0.13977051,0.42443833
11.473285,8.493081,2.080267,2.9802036,25.975155
38.219093,39.81505,0.91137505,1.5959549,4.175805
8.013273,5.906493,2.1339645,2.10678,26.29113
24.556402,24.405062,1.0112053,0.15134048,0.6162975
43.48702,44.618034,0.8941881,1.1310158,2.6008124
5.933466,4.0684824,0.9254754,1.8649836,31.431604
4.531875,4.4456487,0.9457772,0.08622646,1.9026663
39.8708,38.076595,0.959085,1.7942047,4.5000467
2.8430643,4.7161255,0.9583061,1.8730612,65.881775
44.41244,45.540974,0.8982068,1.1285324,2.5410275
5.0872407,5.1923337,0.9215539,0.105093,2.0658154
44.765648,44.950382,0.9317729,0.18473434,0.41266987
31.719559,32.21664,1.2604178,0.49708176,1.5671144
24.549574,24.77103,0.90480185,0.22145653,0.9020789
20.655062,19.183586,0.97185653,1.4714756,7.124043
8.901643,9.724009,0.8927749,0.82236576,9.238359
34.963917,33.869038,0.9965754,1.0948792,3.1314545
4.0314183,3.9926429,0.9719556,0.038775444,0.96183133
40.007015,41.82279,0.876253,1.815773,4.5386367
34.775166,36.65595,0.87679344,1.8807831,5.4084086
10.139753,10.446267,1.589834,0.3065138,3.022892
2.7492146,3.5506182,1.42233,0.8014035,29.15027
42.62667,43.240192,0.99004555,0.6135216,1.4392904
25.042007,26.454182,0.954502,1.4121742,5.639221
38.193314,38.997612,1.0736383,0.8042984,2.105862
8.497626,8.687039,1.4050386,0.18941307,2.2290115
9.166026,9.879223,0.8857004,0.71319675,7.7808714
41.091904,45.029026,0.9888026,3.9371223,9.58126
5.5777855,6.5903997,0.9449593,1.0126143,18.154415
5.9845004,5.4997234,1.4063685,0.48477697,8.100542
11.806073,10.139706,2.3329792,1.6663675,14.114494
30.369526,35.43078,1.1745384,5.0612526,16.665564
6.320761,5.9343686,1.2865512,0.3863926,6.1130705
11.829649,12.595367,2.1362178,0.76571846,6.4728756
7.046257,5.027228,0.93002796,2.0190291,28.653923
44.771996,46.045002,0.897078,1.2730064,2.8433096
5.9841275,5.575202,1.1716307,0.40892553,6.8335032
7.1026845,8.274799,0.88976604,1.1721148,16.50242
25.86904,26.874542,0.8992178,1.0055027,3.8868961
42.97562,43.08645,0.8906346,0.1108284,0.25788668
3.729834,3.8548424,1.0366292,0.12500834,3.3515792
8.541828,6.9648952,1.0900277,1.5769329,18.461306
41.69045,40.31735,0.93802345,1.3731003,3.2935607
9.905086,11.6351185,2.0694382,1.7300329,17.466108
24.172564,24.584658,0.88394004,0.41209412,1.7048011
4.366395,4.422216,1.2359815,0.055820942,1.2784218
19.261677,23.221039,0.8920052,3.959362,20.555647
43.986866,43.634937,1.0315988,0.3519287,0.8000768
1.1977059,3.8290062,2.325367,2.6313004,219.69504
12.645931,11.518887,2.3221695,1.1270447,8.912311
36.79788,37.506912,1.0829268,0.70903397,1.9268339
42.39988,42.337322,0.93145525,0.06255722,0.14754103
6.0158343,5.218147,1.46912,0.79768753,13.259799
5.6319256,3.9242032,1.080521,1.7077224,30.322178
29.417837,38.169617,1.0257844,8.75178,29.749908
34.915398,36.600082,0.8832701,1.6846848,4.825048
41.7171,43.6299,0.89619917,1.9128036,4.585179
7.596414,6.389693,2.2524576,1.2067213,15.885407
43.7958,46.238003,0.89785635,2.4422035,5.576342
44.038914,44.38405,0.9756824,0.34513474,0.78370404
43.047398,42.791077,1.1024417,0.25632095,0.5954389
7.1259465,4.9406643,1.2574136,2.1852822,30.666555
27.03646,24.405674,1.5139632,2.630787,9.730515
4.8603754,6.637758,1.194683,1.7773824,36.56883
11.573554,9.317699,1.5577009,2.2558546,19.49146
42.422623,41.04681,0.94882226,1.3758125,3.2431104
28.492332,27.738735,0.941273,0.75359726,2.6449125
5.0683994,5.527523,0.89987963,0.4591236,9.058553
6.137739,5.4233246,1.1568531,0.7144146,11.639703
3.4715917,5.87339,1.3544647,2.4017985,69.184364
10.752654,12.28059,2.2894213,1.527936,14.209849
28.128212,28.5042,1.2189301,0.375988,1.3366936
6.554419,7.08514,1.1549803,0.5307212,8.097151
5.9469867,7.7877173,2.1037672,1.8407307,30.952324
36.952545,38.070766,1.3991532,1.1182213,3.0261009
5.9485087,5.256733,0.9149564,0.6917758,11.629399
14.803897,12.851833,0.9628331,1.9520636,13.186147
23.740534,24.638538,0.939051,0.89800453,3.7825794
14.057322,14.53216,1.0197049,0.47483826,3.3778715
4.599916,4.452125,1.1003237,0.14779091,3.2129045
1.642546,2.0590258,1.475689,0.4164797,25.355742
6.4441433,5.7096686,1.4268473,0.73447466,11.3975525
5.1863847,4.3932505,1.3131243,0.7931342,15.292623
6.8406496,4.0984397,0.936795,2.74221,40.08698
5.9386115,5.618839,0.98831856,0.31977272,5.384638
3.9571373,8.0404825,2.3668756,4.0833454,103.18938
7.11332,7.5309486,1.6355628,0.41762877,5.8710814
5.2477283,4.3746357,0.9083624,0.87309265,16.637535
9.827961,6.4232826,1.3571628,3.4046783,34.642773
8.184365,9.715847,0.9002396,1.5314817,18.712286
13.417244,12.136744,2.2351372,1.2805004,9.543693
10.279229,11.892523,2.3053036,1.6132936,15.6946945
5.380114,3.7445762,1.0761939,1.6355379,30.399687
39.037853,39.907135,0.94729,0.86928177,2.2267663
6.214248,5.1205406,1.1149731,1.0937076,17.599998
6.768354,6.051382,0.9148871,0.7169719,10.593002
4.4289575,5.686468,0.9973122,1.2575107,28.392927
4.384726,5.803751,0.89972013,1.419025,32.36291
3.909937,4.0047035,0.9050197,0.09476662,2.4237378
2.800658,3.314892,1.0932962,0.51423407,18.361189
18.492678,17.045338,0.8920923,1.44734,7.8265576
2.9273405,4.7781534,2.3359733,1.8508129,63.225067
3.171949,3.0801828,1.0877242,0.09176612,2.8930516
36.908764,37.868126,0.9420859,0.95936203,2.5992799
41.19052,41.86047,0.96936995,0.6699486,1.6264629
41.710186,44.062305,0.91359466,2.3521194,5.639197
11.388991,11.035803,0.8967795,0.3531885,3.1011395
29.12417,29.062305,0.95287,0.061864853,0.21241756
12.01186,8.941613,0.9134563,3.0702467,25.560127
12.784588,13.541859,0.91544694,0.7572708,5.9233103
14.064778,14.264854,0.92420274,0.2000761,1.4225329
27.795404,35.851913,0.9939151,8.056509,28.985039
9.212584,10.635082,2.032105,1.4224987,15.440824
14.717829,19.634409,0.9905504,4.91658,33.40561
8.7569275,10.0341835,1.8165241,1.277256,14.585664
5.719062,6.933571,0.97834086,1.214509,21.236156
42.549126,42.375088,0.91179246,0.17403793,0.40902823
12.5423355,11.987877,0.92828465,0.5544586,4.4206967
3.111812,3.5424843,1.236782,0.43067217,13.839915
10.249538,7.5103807,0.9234321,2.7391577,26.724693
7.9860225,6.527919,1.1496488,1.4581037,18.258196
11.681002,13.431093,1.0858103,1.7500916,14.982376
5.860865,3.9378467,1.6663184,1.9230185,32.811172
8.170842,7.559962,1.9684631,0.6108804,7.476345
5.901887,7.209482,1.0781612,1.3075953,22.155544
5.4960127,3.4964588,1.0322926,1.9995539,36.3819
33.970383,36.2779,1.0154805,2.307518,6.7927346
39.035854,38.567955,1.0068134,0.46789932,1.1986399
8.375186,8.13578,1.1941085,0.23940563,2.8585112
4.3524137,4.62161,0.8890275,0.2691965,6.1849937
39.85801,39.868015,0.960523,0.010005951,0.02510399
13.490061,15.651911,0.9415642,2.16185,16.025501
38.2451,37.771076,0.9665744,0.4740219,1.2394319
9.009638,7.730291,1.055675,1.279347,14.1997595
39.788998,39.756588,0.8882156,0.032409668,0.081453845
8.115823,7.399628,1.0781574,0.7161946,8.824671
42.621834,43.40604,1.0343074,0.7842064,1.8399171
43.99723,43.698948,0.96996665,0.29828262,0.6779577
19.224272,18.840912,0.9241385,0.3833599,1.9941453
22.62596,22.744085,1.4887335,0.118125916,0.5220814
34.4042,32.416634,1.2666365,1.9875679,5.777108
5.1678224,5.7194176,1.1967778,0.5515952,10.673649
7.5765615,4.49346,1.123734,3.0831013,40.69262
21.650024,21.23315,0.89006364,0.41687393,1.9255126
42.139153,44.47643,0.90082526,2.3372765,5.5465674
36.117912,36.971577,0.9379355,0.8536644,2.3635485
33.466087,35.866806,0.875866,2.4007187,7.1735864
37.410748,41.106777,0.97301304,3.6960297,9.879593
41.993458,44.82006,0.906904,2.826603,6.7310553
39.526485,41.248653,0.9257951,1.722168,4.3569975
6.330093,7.994275,0.9637048,1.6641822,26.29001
12.329316,13.624037,0.8775108,1.2947206,10.501155
3.1134536,3.6738663,0.96175736,0.56041265,17.99971
24.222197,24.777645,0.9176967,0.55544853,2.2931385
12.33223,8.688584,1.1005452,3.6436453,29.545713
1.8818876,2.8485827,1.1554044,0.9666952,51.36838
42.203514,43.943428,0.8963239,1.739914,4.1226754
10.568163,8.442382,0.8924263,2.125781,20.114954
24.520428,30.409786,0.9103335,5.8893585,24.018171
26.00962,25.690472,1.1214796,0.31914902,1.2270422
7.174524,5.676427,1.0259383,1.498097,20.880785
44.72231,43.032448,1.1476597,1.6898613,3.7785645
4.3924913,3.0722618,1.0740826,1.3202295,30.056507
9.369888,9.713981,2.1728256,0.34409237,3.6723208
4.858307,4.6475415,0.87913567,0.21076536,4.3382473
39.549847,40.58163,0.9554592,1.031784,2.6088192
7.553377,5.5986195,0.9830628,1.9547577,25.879255
42.183636,42.369347,0.9072551,0.1857109,0.44024396
35.015636,37.0033,0.89978665,1.9876633,5.6765018
4.8407493,4.5679765,0.97765756,0.2727728,5.634929
5.7173085,7.996777,1.2073056,2.2794685,39.86961
3.9417782,3.9359782,0.93127835,0.005800009,0.14714193
41.813156,44.429337,0.90457964,2.6161804,6.2568355
14.538411,15.115223,0.97545,0.5768118,3.9675024
39.7083,39.247963,0.9209051,0.4603386,1.1593007
40.527855,42.27286,0.9361246,1.7450066,4.305697
5.0921807,4.277313,1.2096174,0.8148675,16.002329
6.400841,6.8522778,0.9722921,0.45143652,7.0527687
9.201103,6.4152355,1.0795714,2.7858677,30.277538
3.4567978,5.4169865,0.917185,1.9601886,56.70533
16.341202,15.0385,0.879809,1.302702,7.971886
30.728268,31.372223,0.8733035,0.64395523,2.0956445
42.674084,43.237885,1.0034313,0.5638008,1.3211784
44.80814,42.759274,0.8677847,2.0488663,4.572531
30.610035,31.21971,1.0161377,0.60967445,1.991747
40.265194,40.64819,0.91438085,0.3829956,0.95118284
7.601384,11.269871,1.1432285,3.6684866,48.260773
33.156807,33.482403,0.9134981,0.32559586,0.98198795
8.023922,12.063995,1.8125674,4.0400734,50.350357
36.12614,36.852657,1.0072055,0.7265167,2.0110555
34.842674,32.44103,0.9830409,2.4016457,6.892828
32.47599,33.243355,0.911296,0.7673645,2.362867
23.640568,24.201456,0.9738237,0.5608883,2.372567
39.035336,40.11077,0.8718477,1.0754356,2.755031
10.259167,7.4397345,1.5371835,2.8194323,27.48208
41.49409,41.169456,0.94822025,0.32463455,0.78236336
39.617134,39.237194,0.94026506,0.37994003,0.95902956
43.854343,43.80823,0.8922361,0.04611206,0.10514822
21.590506,21.22506,1.0088779,0.3654461,1.6926241
6.109592,6.2417855,0.98570204,0.13219357,2.1637053
36.621017,36.79379,0.8932344,0.17277145,0.47178224
1.3910477,2.6517937,1.7021924,1.260746,90.632835
39.09735,38.19563,1.1068746,0.90172195,2.3063505
24.789162,30.04081,0.917217,5.251648,21.185259
11.299769,9.623968,1.7893993,1.6758013,14.830402
43.994774,43.533695,1.0352794,0.46107864,1.0480305
36.32046,34.24274,0.9518173,2.0777206,5.720524
8.144531,6.9822392,1.8496779,1.162292,14.270827
6.1430345,4.6581364,1.1486417,1.4848981,24.172062
4.6995134,6.788945,0.8740381,2.0894318,44.460598
27.428967,26.66346,1.455698,0.76550674,2.7908697
3.6693542,4.9417415,1.2474568,1.2723873,34.676052
3.3107717,7.7831583,0.96497315,4.4723864,135.08592
14.064151,21.760614,1.2985711,7.6964636,54.723984
5.4900665,2.1867948,0.9376401,3.3032718,60.168156
3.8106859,4.202613,1.1113442,0.391927,10.284946
8.474929,7.64731,1.8881326,0.8276191,9.765499
20.306068,25.270348,1.4721302,4.964279,24.44727
14.707102,16.931686,0.87035656,2.2245846,15.125921
2.376364,1.1871572,1.4187571,1.1892068,50.043125
37.718235,38.930286,0.99733204,1.2120514,3.2134361
18.323326,23.070889,0.97370476,4.7475624,25.909937
3.2834165,4.4231005,0.96715164,1.139684,34.710308
5.867463,6.3231735,0.96410805,0.4557104,7.7667365
42.167656,41.44973,0.894807,0.717926,1.7025514
41.684845,42.420742,0.91869587,0.73589706,1.7653828
9.005856,9.438448,0.9891652,0.4325924,4.803457
10.574427,10.348333,0.9132276,0.22609329,2.138114
1.9410006,7.2273507,2.2686374,5.2863503,272.3518
25.726137,28.462166,1.015258,2.7360287,10.63521
34.882416,34.144226,0.92089814,0.7381897,2.1162229
33.783813,32.82689,1.0996462,0.95692444,2.8324938
43.98463,45.280334,0.9052455,1.2957039,2.9458106
11.0074415,11.991213,0.95775485,0.9837713,8.93733
38.056465,39.472656,0.90865445,1.4161911,3.7212892
12.404219,10.93277,2.343883,1.4714489,11.862488
17.864206,16.901857,0.9196079,0.96234894,5.387023
22.814293,21.648,1.3124111,1.1662922,5.112112
14.767214,20.222784,0.9395939,5.45557,36.9438
43.190094,43.253147,1.1944876,0.06305313,0.1459898
8.170588,7.534835,1.9939655,0.6357527,7.780991
6.0379553,11.699123,1.4516329,5.661168,93.75969
43.177853,42.932926,0.8561058,0.24492645,0.5672502
13.2330475,11.387203,0.9657842,1.8458443,13.948747
14.515034,15.50671,0.87352103,0.99167633,6.8320637
10.924891,9.585828,2.2766762,1.3390636,12.256998
5.8672194,4.728718,1.441743,1.1385016,19.40445
42.047676,42.902527,0.90853506,0.85485077,2.0330513
37.12584,37.90372,0.93345296,0.7778816,2.0952566
8.254573,11.466581,0.97874457,3.2120085,38.911865
7.024683,5.428208,1.1718451,1.5964751,22.726648
42.14562,42.950764,0.8860379,0.80514526,1.9103891
6.0410366,4.933843,1.111312,1.1071935,18.327871
6.6699886,8.026776,0.96099746,1.3567877,20.34168
37.93864,38.809784,0.9240391,0.87114334,2.2961903
4.9727607,3.244915,1.1422333,1.7278457,34.746204
4.2587233,3.6047006,0.98337024,0.6540227,15.357247
40.296837,40.324455,0.9426656,0.027618408,0.06853741
18.56975,23.633682,0.9471246,5.0639324,27.269794
37.395336,38.943054,0.9656282,1.547718,4.1387997
16.900568,16.048698,1.032187,0.8518696,5.040479
8.549429,7.1073685,0.9039941,1.4420605,16.867332
28.527555,27.94331,0.99982685,0.5842457,2.0480046
7.6035705,9.129581,1.512328,1.526011,20.069664
43.502426,42.50098,1.0103049,1.0014458,2.3020458
41.934723,39.69911,0.92682076,2.2356148,5.331178
15.483841,14.423296,0.92726105,1.060545,6.849366
9.194355,7.3245625,2.3049433,1.8697925,20.33631
37.802708,39.83449,0.9440892,2.031784,5.3747053
24.25921,25.762697,0.94059414,1.5034866,6.197591
48.938316,42.029797,1.148301,6.9085197,14.116791
40.198753,35.580105,1.068127,4.6186485,11.489532
44.281174,44.6621,0.86377347,0.38092804,0.86024827
35.25269,32.96765,1.0054231,2.285038,6.4818826
9.7893,7.476872,0.9376975,2.312428,23.621996
9.990168,6.5448775,1.4018282,3.44529,34.486813
23.555168,23.607569,0.88722026,0.05240059,0.22245899
17.92963,18.858738,0.8736261,0.92910767,5.1819677
3.518529,4.407153,0.94218844,0.8886242,25.25556
41.1774,41.21027,0.91525,0.032871246,0.079828374
8.761046,8.251144,1.935323,0.509902,5.8201036
41.87628,42.94955,0.9313306,1.0732689,2.5629518
42.041256,40.082737,1.0976267,1.958519,4.6585646
7.956206,6.143249,1.134853,1.8129568,22.786701
5.834628,7.796912,0.9996432,1.9622841,33.63169
17.411655,16.877764,0.87755615,0.5338917,3.066289
12.198333,15.509607,0.98116827,3.3112745,27.145304
40.294483,41.76617,0.9306102,1.4716873,3.6523294
4.0302434,3.4110665,1.0920366,0.61917686,15.363262
42.092075,42.391792,1.102074,0.29971695,0.7120508
36.424877,40.274082,1.1448427,3.849205,10.567517
6.101006,3.6018045,0.98171973,2.4992015,40.96376
19.615828,20.580711,0.9163945,0.9648838,4.9189043
17.478224,21.29216,0.9379304,3.8139362,21.821074
4.2799187,4.8157363,0.9764987,0.5358176,12.519341
9.874076,8.880184,2.3542237,0.9938917,10.065668
19.008883,19.926676,0.91751564,0.9177933,4.8282337
49.91519,45.94589,1.6700469,3.9693031,7.952094
22.857574,21.00597,1.0034993,1.8516045,8.100616
18.399086,18.563988,0.8670821,0.16490173,0.8962496
5.4945803,5.922528,1.1938337,0.42794752,7.7885394
27.788294,29.656437,0.8736602,1.8681431,6.7227697
35.95389,35.18665,0.9669899,0.76724243,2.1339622
3.3784125,2.9463265,1.0572214,0.432086,12.789617
28.85685,29.64032,0.92877173,0.78347015,2.7150233
44.228134,45.61938,0.9203074,1.3912468,3.1456149
9.231223,9.102506,0.9017818,0.12871742,1.3943702
38.705803,41.407825,0.86679393,2.7020226,6.980924
30.769802,32.28208,1.0430295,1.5122795,4.9148173
11.475592,12.012298,0.87793803,0.536706,4.676935
42.14648,41.700943,0.8727933,0.44553757,1.0571169
3.5120714,4.771005,1.2775506,1.2589338,35.845905
12.042168,12.732216,2.3252401,0.6900482,5.7302656
42.779305,44.039013,0.93389934,1.2597084,2.9446678
31.654673,36.285465,0.9150468,4.6307926,14.629096
11.512389,10.192736,1.0363466,1.3196535,11.462898
4.3843327,3.855799,0.90226364,0.5285337,12.055055
42.0596,44.083736,0.8922866,2.0241356,4.812541
10.499562,8.291377,0.96975136,2.2081852,21.031212
37.815075,39.091267,0.9543571,1.2761917,3.3748226
43.46918,42.58697,0.8891085,0.8822098,2.0295062
16.583439,13.338091,1.1612529,3.245348,19.569813
3.7527196,4.5542097,1.2030427,0.80149007,21.35758
43.52818,44.243534,0.89399475,0.7153549,1.6434295
23.457403,26.333761,0.87177056,2.876358,12.262048
39.269238,38.792843,1.0412079,0.47639465,1.2131498
2.5030036,5.182716,0.90173286,2.6797123,107.05986
21.651884,21.083984,0.9928478,0.5678997,2.622865
7.680502,7.0380716,0.90316373,0.6424303,8.36443
2.5749319,5.61253,1.0912127,3.0375984,117.9681
12.442194,11.095484,2.1348448,1.3467102,10.823736
21.31953,21.366491,0.8860309,0.04696083,0.22027141
42.80379,43.995365,0.9404773,1.1915741,2.7838051
6.2568297,5.1540613,1.1778705,1.1027684,17.625034
40.310318,43.08327,0.87048066,2.772953,6.879015
2.1612802,5.1545973,2.355273,2.9933171,138.49742
12.909878,14.100134,1.538588,1.1902561,9.219732
5.8139443,5.887005,0.9138506,0.07306051,1.2566428
43.03486,44.77724,0.89070845,1.742382,4.048769
3.9078784,2.324473,1.0193387,1.5834055,40.518288
34.3753,34.447872,1.143893,0.0725708,0.2111132
38.587914,39.48331,1.0223917,0.8953972,2.3204083
5.843468,4.923421,0.921705,0.9200473,15.7448845
34.543873,34.07119,1.0397866,0.47268295,1.3683554
29.815996,29.727509,0.9934278,0.088487625,0.29677904
38.007866,41.361244,1.1478344,3.3533783,8.822853
20.94741,25.685291,0.96632516,4.7378807,22.61798
41.001595,41.53708,0.8856223,0.5354843,1.3060085
4.992408,5.5526867,1.1119136,0.5602789,11.222619
13.200026,10.378633,2.3150055,2.821393,21.37415
19.827122,20.0538,0.87906784,0.22667885,1.1432766
36.378765,35.98665,0.98294634,0.39211655,1.077872
37.792267,38.813183,0.94811314,1.020916,2.7013886
4.526576,7.2295804,1.0632918,2.7030044,59.714108
41.29071,41.235195,0.89514184,0.05551529,0.13444982
42.136387,42.057972,1.0689936,0.07841492,0.18609786
4.029856,4.3329153,1.6202753,0.3030591,7.520345
42.718136,37.283115,1.1191472,5.4350204,12.722982
3.7498298,4.279299,1.141573,0.529469,14.119814
2.9547706,5.724534,1.1293684,2.7697635,93.7387
7.0764637,5.9360547,1.1544833,1.140409,16.11552
38.902554,39.73269,1.0495318,0.83013535,2.133884
8.953252,7.9728403,0.9171619,0.9804115,10.95034
44.75253,44.457973,1.0239209,0.29455566,0.65818775
39.689865,41.23449,0.8855222,1.5446243,3.8917348
15.021133,16.859125,0.93465674,1.8379917,12.236038
7.261414,6.1238775,1.0817797,1.1375365,15.665496
39.3687,36.345383,0.9967433,3.0233154,7.6794906
25.48133,25.986015,0.94355565,0.50468445,1.9806048
34.907677,35.16949,0.8955996,0.26181412,0.7500187
35.96657,37.505264,0.91995394,1.5386925,4.278118
42.75193,42.854584,1.0229338,0.1026535,0.24011432
21.816942,24.004917,1.0218234,2.187975,10.028788
24.421705,24.706907,0.8846257,0.28520203,1.1678219
8.890708,8.6908455,1.7085489,0.19986248,2.2479928
7.5288124,5.2067547,1.0515034,2.3220577,30.842285
38.855236,36.017475,1.8321152,2.837761,7.3034196
5.3866844,5.917481,1.006697,0.5307965,9.853863
31.97755,31.984844,1.2100344,0.007293701,0.022808818
3.543061,4.2670226,1.00397,0.7239616,20.433224
19.616037,21.740564,0.97618,2.124527,10.830562
26.395166,25.979328,1.0223532,0.41583824,1.5754333
3.7639916,6.116293,1.9167099,2.3523014,62.49486
10.509287,10.94452,0.99510634,0.43523312,4.141414
18.200283,19.966469,1.0211258,1.7661858,9.704166
10.659429,8.718042,2.29496,1.9413862,18.212854
42.495255,33.77067,0.90726775,8.724583,20.530722
44.257507,44.405563,0.8886734,0.14805603,0.33453315
3.2289708,3.5079942,1.14248,0.2790234,8.641249
1.1815695,2.9176908,2.2896209,1.7361213,146.9335
45.649944,43.391018,0.88513494,2.2589264,4.948366
4.65069,5.864456,0.9552935,1.2137661,26.098623
41.240566,43.284393,0.87486476,2.043827,4.955866
3.0873141,2.7821362,1.1360855,0.30517793,9.8849
3.4654198,9.470058,1.3862605,6.0046387,173.27306
7.21845,7.4866757,0.9626293,0.26822567,3.7158346
41.54761,41.30024,0.9021249,0.24737167,0.59539324
6.421328,8.059389,1.0328343,1.638061,25.509693
10.219804,8.617035,1.2570235,1.6027689,15.682971
42.97129,42.722683,0.97163105,0.24860764,0.57854354
37.149487,37.70457,0.954109,0.5550842,1.4941908
10.690898,7.3569894,2.018157,3.3339086,31.184553
17.524124,16.90662,1.241624,0.6175041,3.5237374
43.992912,44.054874,1.2339144,0.061962128,0.1408457
38.92169,39.050224,0.9295743,0.12853241,0.33023337
39.93876,39.728336,1.1297541,0.21042252,0.5268629
43.584,44.23171,0.8942566,0.6477089,1.4861163
36.790443,38.54422,0.92532986,1.7537766,4.766935
43.971035,43.539753,1.0021439,0.43128204,0.98083216
4.279958,5.801219,0.8720856,1.5212612,35.54384
29.566029,27.94653,0.9711603,1.6194992,5.4775677
35.794994,32.418034,0.9975622,3.3769608,9.434171
3.2911348,10.446674,2.09078,7.1555395,217.41861
3.3716793,6.8690634,1.8273406,3.497384,103.72826
4.242413,8.924841,2.2490747,4.682428,110.37181
26.250393,27.541796,0.93084663,1.2914028,4.9195566
4.915019,6.344736,0.9131475,1.4297171,29.08874
5.8545675,7.0738897,0.9332251,1.2193222,20.826853
45.117546,44.812355,0.8661663,0.30519104,0.67643535
49.74308,42.136806,1.8437545,7.6062737,15.29112
1.0417889,3.3701587,1.0245601,2.3283696,223.49725
3.3847542,6.5433197,1.5375887,3.1585655,93.31743
7.7616353,8.084878,1.0031431,0.32324266,4.1646204
10.881161,10.880676,0.98843604,0.00048446655,0.0044523426
42.474052,43.699196,0.89133835,1.2251434,2.8844514
5.3831935,4.453807,1.2434012,0.9293866,17.264595
40.522675,41.26245,0.9651011,0.7397766,1.8255868
22.336048,22.726025,0.9274433,0.3899765,1.7459512
4.8156514,4.42486,0.9025685,0.39079142,8.115026
22.485693,22.204386,1.0942495,0.28130722,1.2510498
38.778984,39.473347,0.8628837,0.69436264,1.7905643
23.190271,26.074986,0.9025878,2.8847141,12.439328
37.262558,38.657127,0.95395154,1.3945694,3.7425487
7.9480104,9.092983,2.0079012,1.1449728,14.405779
40.29898,39.575268,0.95482165,0.7237129,1.7958591
9.271946,9.226773,1.8471463,0.04517269,0.48719752
5.561821,4.173428,1.2013212,1.3883929,24.962921
31.830547,30.668034,1.9184259,1.1625137,3.6521952
41.35008,42.123318,0.95508957,0.77323914,1.8699822
12.798545,13.956734,0.90539765,1.1581888,9.049378
38.263214,37.074215,0.9532455,1.1889992,3.1074212
8.169114,11.678497,0.9323653,3.5093832,42.959164
7.457024,8.306747,1.2058071,0.84972334,11.394939
28.450401,28.050364,1.0210246,0.40003777,1.4060884
7.618422,4.7968745,0.9985632,2.8215475,37.035854
4.4661903,4.869581,0.93679804,0.40339088,9.032103
9.219124,7.1380725,1.2598556,2.0810513,22.5732
39.777477,41.277576,1.0066512,1.5000992,3.7712276
16.382872,15.033682,1.2146267,1.3491898,8.235368
11.269854,10.626083,0.9363174,0.6437702,5.712321
9.597262,13.755375,1.9742647,4.1581125,43.326027
6.7043004,5.8579926,1.1505308,0.84630775,12.623357
33.08676,27.19597,1.9268916,5.890791,17.804073
32.59343,32.224403,1.0095018,0.36902618,1.1322104
8.918285,7.6326323,0.9321584,1.2856531,14.415922
15.129131,15.9317665,1.000172,0.8026352,5.3052297
1.7877312,3.083846,1.0448928,1.2961149,72.50055
38.245785,39.910027,0.9122429,1.6642418,4.3514385
1.1424342,6.205709,2.3701646,5.063275,443.20056
19.358248,19.493984,1.5327866,0.13573647,0.7011816
38.652683,39.46902,0.9569051,0.8163376,2.1119816
37.433968,37.392376,1.2474979,0.041591644,0.111106694
4.5820208,4.0712748,1.3360522,0.510746,11.146741
33.66703,33.932724,0.9742516,0.26569366,0.7891806
8.595433,5.0053654,1.0966679,3.5900679,41.767155
49.640976,48.91242,1.0192716,0.7285576,1.4676536
7.757156,7.6961384,1.0405263,0.061017513,0.7865965
20.24364,20.968613,0.9433186,0.7249718,3.581232
5.5669265,4.3011007,0.9641555,1.2658257,22.738323
41.90165,42.216274,0.97368664,0.3146248,0.7508649
2.292477,5.3926215,0.99656224,3.1001446,135.23123
18.72293,18.388119,1.2089763,0.33481216,1.7882465
43.033623,42.811356,0.9917553,0.22226715,0.5164965
5.6913695,4.2856855,0.9912376,1.405684,24.69852
3.8486135,8.042413,2.1868706,4.193799,108.96909
2.7339892,3.8198223,1.2791911,1.0858331,39.71607
8.889175,10.696797,1.6080645,1.807622,20.33509
44.53964,45.122604,0.8798686,0.58296585,1.3088697
28.778696,28.812687,1.1503661,0.03399086,0.118111186
13.715338,14.703634,0.9029816,0.9882965,7.2057757
6.1451273,7.230478,1.0524956,1.0853505,17.66197
13.195998,13.711367,0.9123626,0.51536846,3.9054906
7.9538927,7.363387,0.91628,0.5905056,7.424108
22.789255,22.1645,0.87585676,0.62475586,2.741449
21.80533,22.338917,1.6629804,0.5335865,2.4470463
37.12288,39.710247,0.8982904,2.587368,6.96974
37.649773,38.890812,0.8695451,1.2410393,3.296273
13.777082,10.958469,2.3430076,2.818613,20.458708
11.339399,11.280113,1.7412052,0.059286118,0.522833
8.972902,9.31132,2.0444043,0.338418,3.7715557
13.652023,14.888361,0.9282512,1.2363377,9.056076
23.40948,21.835478,1.2587746,1.5740013,6.723778
8.541729,8.247524,0.88607097,0.2942047,3.4443228
43.784515,44.176575,0.9303496,0.39205933,0.8954292
37.820057,40.28127,0.86404806,2.4612122,6.5076904
15.627212,18.823448,0.8955317,3.1962366,20.453018
13.277016,15.577063,0.975471,2.300047,17.323524
7.02211,5.2478085,0.90502393,1.7743015,25.267355
42.51837,44.76219,0.8797394,2.2438202,5.2772956
34.427692,36.6948,0.9748913,2.267109,6.5851316
1.4662044,3.589591,1.135646,2.1233866,144.822
7.0432067,6.871222,0.91513044,0.17198467,2.4418519
7.2490644,8.053774,1.3019638,0.80470943,11.100874
26.274443,26.472267,0.96021813,0.19782448,0.752916
12.883732,12.408775,2.2350655,0.4749565,3.6864824
39.163845,40.559757,0.9199687,1.3959122,3.564288
6.482922,7.452408,1.1813002,0.96948576,14.954456
6.0773435,6.9103208,0.8900894,0.8329773,13.706273
35.44916,36.62623,0.94230986,1.1770668,3.3204362
6.8878293,4.9497623,1.6111076,1.938067,28.137558
4.218443,4.856282,1.2867913,0.6378393,15.1202545
39.45904,42.4969,0.89747816,3.037857,7.6987605
10.984229,14.170768,1.1349319,3.1865387,29.010126
16.481447,15.561188,0.9565837,0.9202595,5.5836086
10.381943,11.836983,0.9417761,1.45504,14.015103
14.611482,14.7658615,0.88110155,0.15437984,1.0565653
40.17716,40.855705,0.8788324,0.6785469,1.6888872
12.555402,12.568923,0.92825943,0.013521194,0.10769225
2.0219257,4.0926685,1.2541099,2.0707428,102.41439
35.871506,37.771526,0.8697109,1.9000206,5.2967405
39.175503,40.857494,0.88511795,1.6819916,4.293478
28.796175,29.468697,0.91771024,0.6725216,2.3354547
39.924675,40.527424,0.8704382,0.6027489,1.5097152
5.4809837,5.8627977,1.0461897,0.381814,6.9661584
26.979404,25.247375,0.89688367,1.732029,6.419819
33.97275,36.33179,0.94874084,2.3590393,6.943916
7.0906224,7.1387057,2.2666678,0.048083305,0.6781253
11.1064,7.185342,0.9150244,3.9210577,35.30449
43.898468,44.99121,0.90958,1.0927429,2.4892507
7.2584047,9.218127,0.90976316,1.9597225,26.999357
28.547958,32.554607,0.91004115,4.006649,14.0348015
39.234848,40.292408,0.88634753,1.05756,2.6954608
42.00392,41.958767,0.866513,0.04515457,0.10750084
5.7820473,5.3241467,1.0796257,0.45790052,7.9193497
22.033014,22.044195,0.88957465,0.011180878,0.05074602
20.76721,22.266413,1.3436654,1.4992027,7.2190857
30.524086,30.140566,1.0042915,0.38352013,1.2564508
8.849754,8.22227,2.0593085,0.6274843,7.090415
3.5913248,4.0483456,0.9520096,0.45702076,12.725687
6.450458,3.9728036,1.1908327,2.4776545,38.41052
18.260006,17.734268,0.8903904,0.52573776,2.8791764
14.668179,13.912241,0.8727365,0.7559376,5.153589
21.879639,21.406979,0.92433995,0.47266006,2.1602736
21.644737,19.007072,1.0208815,2.6376648,12.186172
5.478017,5.3684244,1.2008643,0.10959244,2.000586
29.382683,30.060846,0.8824764,0.6781635,2.3080382
15.207496,14.156504,0.9098819,1.050992,6.9110126
40.665382,41.56048,0.9001382,0.8950958,2.201125
7.561899,7.9916105,0.94828284,0.42971134,5.682585
3.7873244,4.136691,0.89287424,0.34936666,9.22463
25.163898,25.603184,1.0121781,0.43928528,1.7456964
35.87362,21.196175,1.8312998,14.677444,40.91431
20.892391,20.22375,0.9062131,0.66864204,3.2004094
5.802937,7.1810417,0.96533483,1.3781047,23.7484
26.091858,25.75052,1.426858,0.3413372,1.3082135
44.380547,45.014393,0.9454368,0.6338463,1.4282075
42.435406,40.368908,0.9860005,2.0664978,4.869749
43.30926,43.434174,1.001454,0.12491226,0.28841928
41.09925,42.81497,0.915175,1.7157173,4.1745706
10.000688,8.013611,2.2454069,1.9870768,19.869402
1.5621933,5.439889,0.9141764,3.8776956,248.22125
13.928275,9.996648,2.3548565,3.9316273,28.227667
40.622196,41.225582,0.9393066,0.6033859,1.4853601
15.659128,16.106186,1.4919105,0.44705772,2.8549337
41.7275,42.447025,0.9212251,0.7195244,1.7243409
27.883377,28.03586,1.4594958,0.15248299,0.5468598
2.490651,2.3719687,1.2451394,0.118682146,4.7651057
21.483078,22.150633,0.9806885,0.66755486,3.107352
7.7100563,6.3775616,1.4171444,1.3324947,17.282557
38.117317,37.623676,0.89460474,0.4936409,1.2950568
44.791294,41.805115,0.9070851,2.9861794,6.666874
42.357914,43.737232,0.89088535,1.3793182,3.2563412
5.1900697,5.817324,1.4770428,0.6272545,12.085666
35.219685,29.08423,1.0701418,6.135454,17.420525
11.728649,11.845793,1.0511029,0.11714363,0.998782
24.116796,27.013327,0.9902011,2.8965302,12.0104265
7.130344,5.8525996,1.1309587,1.2777443,17.919813
8.812668,9.517731,0.9111587,0.70506287,8.000561
4.8184237,4.7232647,1.0859284,0.095159054,1.9749
7.2591853,8.224884,0.8832369,0.9656987,13.303128
4.2580957,3.3460226,1.1798956,0.91207314,21.419743
44.448856,44.9882,0.89883727,0.5393448,1.2134054
6.802244,9.828192,0.9975407,3.0259476,44.484547
38.057945,34.793736,1.0012828,3.2642097,8.576946
3.0111485,2.0866141,1.008458,0.9245343,30.70371
12.8317175,9.991499,2.1315851,2.8402185,22.13436
44.427017,44.721672,0.89257914,0.29465485,0.66323346
20.521852,19.529726,0.96766573,0.99212646,4.834488
11.6115465,13.167994,0.90558517,1.556447,13.404304
42.81882,41.53826,0.9350176,1.2805595,2.9906464
3.743964,3.178286,1.4222124,0.5656779,15.109063
3.8890543,2.7903686,1.1801859,1.0986857,28.250717
6.370717,6.874305,0.8870273,0.5035877,7.904726
2.0623004,2.2764473,1.0886173,0.21414685,10.383882
40.44244,42.370884,0.9203605,1.9284439,4.768367
23.253569,22.554968,1.0248314,0.69860077,3.0042734
1.8149333,2.9193132,0.97563136,1.1043799,60.849613
11.175947,11.191149,2.18838,0.015201569,0.1360204
31.041294,28.774914,1.3320129,2.2663803,7.3011785
44.17056,44.433083,1.320903,0.26252365,0.5943408
43.664062,45.197315,0.8610645,1.5332527,3.511475
3.221082,3.266026,2.117859,0.044944048,1.3953091
6.9265757,7.2005353,1.4866424,0.27395964,3.955196
10.259531,11.363884,2.019012,1.104353,10.764166
4.299103,8.325051,2.2045796,4.0259485,93.64625
5.241455,4.1462765,1.2086177,1.0951786,20.894552
6.7750964,7.280224,1.5640044,0.50512743,7.455649
2.5249836,3.5491598,1.9759259,1.0241761,40.56169
6.7166286,4.0366178,0.97395617,2.6800108,39.90113
18.852795,24.528255,0.8979482,5.675461,30.104082
7.897249,8.166589,1.6215259,0.26933956,3.4105492
0.89501303,2.0727992,2.0279112,1.1777861,131.5943
34.729206,34.448524,0.87585753,0.2806816,0.8082005
38.683723,38.498024,0.99346596,0.18569946,0.48004547
42.477722,44.65138,0.88433295,2.1736565,5.117168
15.256075,15.6361885,0.9303268,0.3801136,2.4915557
4.1853576,4.82337,1.1136724,0.6380124,15.243916
8.866545,7.875362,1.1376703,0.9911828,11.178907
2.1916564,3.3360772,1.9678311,1.1444209,52.217167
18.84598,19.208258,0.94408816,0.36227798,1.9223092
34.05512,33.453262,1.3498529,0.60185623,1.7673004
36.2388,37.912815,0.868267,1.674015,4.6193995
4.0716767,4.1494627,1.8216052,0.07778597,1.9104161
9.075165,9.26615,2.2231712,0.19098568,2.1044872
4.4369636,5.8199744,1.3649118,1.3830109,31.17021
6.0078464,4.5196457,1.2164327,1.4882007,24.77095
22.929848,24.60461,1.0450094,1.6747627,7.3038545
24.47,22.234695,0.9103649,2.2353039,9.134875
15.018475,12.901543,1.1880612,2.116932,14.095519
14.5616455,16.1114,0.8918603,1.5497551,10.642719
39.47529,40.784985,0.9263924,1.3096962,3.3177621
16.933046,16.13456,0.8912062,0.7984867,4.715553
21.304413,21.550669,1.0181742,0.24625587,1.1558914
11.57069,7.6074543,2.3338618,3.9632359,34.252373
49.48223,48.006626,1.1506654,1.475605,2.9820907
40.38984,40.090008,0.85631883,0.2998314,0.7423436
40.85576,41.44129,0.95108783,0.58553314,1.4331716
40.34976,41.228832,0.89792085,0.8790741,2.1786354
10.0086975,12.446672,2.0867064,2.437975,24.358562
3.220569,6.3297005,2.3175147,3.1091316,96.539825
13.7829485,13.81547,2.3061397,0.032521248,0.23595276
44.050262,44.082,0.9603793,0.03173828,0.072050154
42.701797,44.649837,0.9110702,1.94804,4.5619626
37.09633,37.180702,0.9387041,0.084373474,0.22744428
9.631405,8.834291,0.9136116,0.7971134,8.276191
32.01957,32.648663,0.90354586,0.62909317,1.9647146
42.91194,44.504498,0.9238046,1.592556,3.7112186
8.104054,5.292375,1.0446649,2.8116794,34.694725
38.476845,38.43394,0.9350143,0.0429039,0.11150576
32.26057,31.546389,0.88348305,0.7141819,2.2137918
10.410754,6.545759,1.3255875,3.864995,37.125027
22.765654,22.149069,1.3423126,0.6165848,2.7083993
8.733683,8.716989,0.94275683,0.016694069,0.19114582
1.3486146,3.3701665,1.2339863,2.021552,149.89844
9.480108,9.165715,1.88935,0.31439304,3.3163445
5.4859805,4.8531365,1.0293043,0.632844,11.535659
42.206738,41.336636,0.9094072,0.8701019,2.0615237
38.62318,39.55103,0.90176934,0.9278488,2.4023108
5.601991,5.470072,0.9690494,0.13191938,2.354866
44.957596,41.142006,0.89013195,3.81559,8.487086
23.037643,23.493717,0.9130778,0.45607376,1.9796892
39.119164,36.19286,0.9544258,2.9263039,7.4804864
8.188712,8.785244,0.9097472,0.59653187,7.2848067
30.4376,31.896679,0.9448195,1.4590797,4.7936754
42.335354,43.364418,0.9991556,1.0290642,2.4307442
18.441896,17.260612,1.9981388,1.181284,6.4054365
29.457628,28.52782,1.7984643,0.92980766,3.156424
11.94652,10.876415,0.9288146,1.0701046,8.9574585
4.3588214,5.3840656,1.0644246,1.0252442,23.521133
4.6490192,4.6927404,1.22438,0.0437212,0.94043916
24.15986,22.498466,1.0460329,1.6613941,6.876671
9.798829,9.83533,0.9347549,0.03650093,0.37250298
1.3353323,2.5425735,1.1186123,1.2072412,90.407555
9.386212,6.180704,1.617769,3.2055082,34.15124
23.275198,23.508009,0.9248278,0.23281097,1.0002534
6.723656,8.589123,0.892616,1.8654666,27.744825
8.024525,7.5091925,2.0072834,0.5153322,6.4219656
0.72851264,3.068358,2.3008764,2.3398452,321.18112
44.174076,44.18971,0.94399625,0.01563263,0.035388697
5.2737184,8.106926,1.6181848,2.8332076,53.723152
13.128743,12.343752,0.9854749,0.78499126,5.979181
20.542425,20.68727,0.92568356,0.14484406,0.70509714
3.381625,3.5572064,0.975841,0.17558146,5.1922216
14.237994,14.980026,0.8951336,0.74203205,5.211633
42.766464,42.23071,0.9107956,0.53575516,1.252746
19.268627,18.19933,1.0006894,1.0692978,5.5494237
43.205612,45.686405,0.89981496,2.480793,5.7418303
8.141504,7.6831007,1.5714375,0.4584036,5.630453
34.200184,34.45895,0.9031144,0.25876617,0.7566222
3.7027187,3.9829235,0.92089164,0.28020477,7.5675416
3.5846288,4.6897736,1.0853616,1.1051447,30.830103
31.823572,32.22165,0.9391383,0.398077,1.2508873
6.872069,10.378833,1.0558702,3.506764,51.029232
17.025026,18.509468,0.9620139,1.4844418,8.719175
18.58588,19.152771,0.9592826,0.5668907,3.0501149
24.178532,24.3377,0.9466054,0.15916824,0.65830404
8.539838,7.3926115,2.359284,1.1472263,13.433819
43.297516,42.584785,0.86456805,0.7127304,1.646123
8.547009,6.7934337,0.9000836,1.7535758,20.516834
20.621645,20.548338,0.8867539,0.07330704,0.3554859
43.189384,45.1591,0.89590997,1.9697151,4.5606465
10.553546,11.696264,0.8894061,1.1427183,10.827814
7.5057774,5.6660266,2.2106984,1.8397508,24.51113
43.027195,42.34318,0.9480684,0.68401337,1.5897233
40.376102,41.826862,0.9054769,1.4507599,3.5931153
18.383862,22.09149,0.8983233,3.7076283,20.167843
6.891066,6.759675,1.2242203,0.13139105,1.9066868
4.5501595,5.1589756,0.97824115,0.60881615,13.380106
8.739877,9.73325,0.88506675,0.9933729,11.365984
1.4126451,4.876076,0.9895648,3.4634311,245.17348
6.330215,6.337847,0.9867155,0.0076322556,0.12056866
31.151243,32.870754,0.97957003,1.719511,5.5198793
14.477547,16.516758,0.8735221,2.0392113,14.085338
42.44515,44.38382,0.9100069,1.9386711,4.567474
42.424217,41.61908,1.0163478,0.80513763,1.8978256
42.7053,42.73111,1.0060565,0.025810242,0.06043803
18.92538,18.340878,0.8827098,0.5845032,3.0884619
40.516125,40.412445,0.89088404,0.10367966,0.25589728
20.245958,20.186275,1.0025537,0.059682846,0.29478893
18.267563,17.93668,1.6357149,0.33088303,1.8113146
43.37718,44.34622,0.89720875,0.9690399,2.2339857
6.396252,6.150419,0.9872421,0.24583292,3.84339
10.861,6.9314113,1.3635657,3.9295888,36.18073
40.109306,40.920895,0.93403745,0.8115883,2.0234413
39.037594,38.729332,0.9233288,0.30826187,0.7896539
21.021893,22.06921,0.9681347,1.0473175,4.9820323
11.23799,15.348808,0.97902685,4.110818,36.579655
39.457985,37.012516,1.009399,2.445469,6.197653
12.198806,13.875798,2.2166681,1.6769924,13.747186
39.336697,39.90844,1.0030919,0.571743,1.4534596
39.91719,43.02059,0.901419,3.1034012,7.774598
7.985415,6.182402,0.8924432,1.8030128,22.578825
35.972385,38.021797,0.90604734,2.0494118,5.6971807
41.157845,41.85277,0.87579304,0.6949272,1.6884441
7.181982,5.787598,1.1288139,1.3943839,19.415028
6.2938585,4.08176,1.1994648,2.2120986,35.14694
3.375884,4.5557513,0.9262418,1.1798673,34.949875
5.756065,3.548019,1.1075993,2.208046,38.360336
6.515252,3.5476499,0.9766269,2.9676023,45.548542
2.067505,2.5488658,0.98688096,0.4813609,23.282215
49.992706,52.967335,1.2334303,2.9746284,5.9501247
6.7793784,7.0310717,0.87026614,0.25169325,3.7126303
4.4447465,4.481429,1.2348765,0.036682606,0.82530254
6.889746,7.8294535,1.2353401,0.9397073,13.6392145
1.8879071,5.5134397,1.292734,3.6255326,192.03976
39.897743,39.31338,0.9603579,0.58436203,1.4646493
5.3494463,5.139411,0.93469626,0.21003532,3.9263003
44.38526,46.033966,0.8921022,1.6487045,3.7145314
9.27806,9.840578,1.8646423,0.5625181,6.0628853
41.56836,41.350124,0.8756408,0.21823502,0.5250027
5.8543553,5.916112,1.3949244,0.06175661,1.0548832
16.096964,14.406558,0.9290078,1.6904058,10.501396
42.000233,42.05469,0.90411067,0.05445862,0.12966266
6.3697243,4.976431,1.5320157,1.3932934,21.873686
40.85498,39.435055,1.0823857,1.4199257,3.4755266
49.905293,42.69875,1.7514257,7.206543,14.440438
5.0935545,4.24352,2.1986966,0.8500347,16.688438
41.5295,41.566814,0.99428993,0.03731537,0.08985268
18.140652,18.302858,1.3010458,0.16220665,0.8941611
23.149881,24.657974,0.93545127,1.5080929,6.514474
41.74871,43.101185,0.96741706,1.3524742,3.2395592
6.7905126,5.5132356,1.2140247,1.277277,18.809729
11.141795,8.744499,1.7739893,2.397296,21.516245
45.7966,38.839397,1.2122549,6.957203,15.191526
15.666178,14.339409,0.90683377,1.3267689,8.469002
43.14759,41.78787,0.9825048,1.3597221,3.151328
11.909056,12.971622,1.4196676,1.0625668,8.922342
11.555383,11.916084,2.3336945,0.36070156,3.1215024
7.075777,7.363568,0.9186528,0.28779078,4.0672674
41.015198,41.36034,0.93165565,0.34514236,0.84149873
15.89301,14.648508,1.1143626,1.2445021,7.8304996
2.6461205,3.205807,1.1481025,0.5596864,21.151207
1.7197807,3.2518258,1.0665839,1.5320451,89.08375
4.553109,11.153633,1.6872125,6.600524,144.96739
38.318,39.241817,0.8999978,0.9238167,2.4109209
37.360973,35.99016,0.94641143,1.3708115,3.6691
4.1960907,7.79536,0.923156,3.5992694,85.77673
2.7572544,3.093503,2.0380669,0.33624864,12.195053
38.703136,39.011906,0.9222059,0.30876923,0.7977886
7.317948,5.134492,0.91682625,2.183456,29.836998
5.55419,5.330093,1.1399877,0.22409725,4.0347424
39.229008,39.533165,1.044306,0.30415726,0.77533764
7.3263526,7.861513,1.076722,0.53516054,7.304597
2.2000234,3.4991264,1.8862561,1.299103,59.04951
42.918568,43.236767,1.0207735,0.31819916,0.7414021
36.286865,37.741795,1.0019045,1.4549294,4.0095205
3.6086943,3.4673047,1.1126701,0.14138961,3.9180267
36.567524,36.53999,1.419357,0.027534485,0.075297646
38.388935,39.357166,0.8610371,0.9682312,2.5221622
49.074276,44.091904,0.9287088,4.9823723,10.152718
21.220669,21.933607,0.92399347,0.7129383,3.359641
13.247901,13.406441,1.0147315,0.15853977,1.1967162
21.736149,27.746454,0.9423377,6.0103054,27.651196
8.963341,8.765606,1.2375767,0.19773483,2.2060394
41.460182,41.81223,0.97407246,0.35204697,0.8491206
3.3382761,3.9391956,1.1361945,0.6009195,18.000893
12.63042,12.4651375,1.0042899,0.16528225,1.3086046
42.80477,42.468052,0.9663165,0.3367195,0.78664017
7.899848,7.4873276,1.1858255,0.4125204,5.2218776
6.497964,5.9206223,1.0245827,0.57734156,8.884961
40.51253,41.2672,0.86420834,0.7546692,1.8628043
11.284648,13.742374,0.92930907,2.4577265,21.77938
41.012703,41.58114,0.92693037,0.56843567,1.3859991
20.219576,23.285604,0.9692145,3.0660286,15.163664
22.435413,21.79274,0.9884744,0.6426735,2.8645494
38.843853,39.809143,0.9776205,0.96529007,2.4850523
5.985197,4.650318,1.7294216,1.3348789,22.303005
11.136365,11.329317,0.9026475,0.19295216,1.7326314
31.282824,33.083595,0.9983081,1.8007717,5.7564235
26.06224,28.198387,1.0460752,2.1361465,8.196327
24.704103,25.011242,0.91874313,0.30713844,1.243269
16.192917,15.3628845,0.905866,0.83003235,5.125898
2.1870887,1.2411633,1.2640551,0.9459255,43.25044
2.5159922,4.3308516,0.9204273,1.8148594,72.13295
6.5478992,5.5922737,1.0763942,0.95562553,14.594383
13.667436,13.767408,2.1856024,0.099972725,0.7314666
20.136036,19.240944,0.8917224,0.895092,4.445225
10.179339,12.41596,2.3291461,2.236621,21.972162
8.333308,7.822747,0.9327362,0.510561,6.1267505
13.20619,13.946209,1.3761915,0.74001884,5.6035757
6.63981,7.298003,1.0697004,0.6581931,9.91283
42.769836,42.7869,0.9805572,0.01706314,0.039895266
11.871879,14.9336815,2.2705057,3.0618029,25.790382
7.6918874,6.172577,1.3953665,1.5193105,19.752115
24.89223,24.312746,1.2804197,0.57948303,2.3279676
43.80037,43.98739,1.101746,0.18701935,0.4269812
32.39938,33.149467,1.3169957,0.75008774,2.31513
16.91176,18.198854,0.9280182,1.2870941,7.6106453
41.352463,44.399555,0.91470385,3.0470924,7.368587
41.29738,43.846127,0.8899078,2.548748,6.1716943
41.58675,43.756348,0.85366887,2.1695976,5.2170405
31.477968,29.723978,1.1362643,1.7539902,5.57212
41.85523,42.708553,0.9258064,0.8533249,2.0387535
40.54231,42.831593,0.9300595,2.2892838,5.6466537
2.9031603,6.0803604,1.1858909,3.1772,109.439354
38.510853,37.932747,0.97325164,0.5781059,1.5011507
32.872803,33.950657,1.4509553,1.0778542,3.278863
17.110754,16.043167,0.91290516,1.0675869,6.2392745
42.219418,42.743042,0.95450425,0.5236244,1.2402455
28.584898,28.795584,0.9152758,0.21068573,0.73705256
10.272283,10.914026,2.096496,0.64174366,6.247332
15.26375,13.486916,0.9261656,1.7768345,11.640878
42.322865,42.053078,0.9227032,0.26978683,0.6374494
21.193945,20.870886,0.9719971,0.32305908,1.5242989
42.693794,44.247246,0.9018579,1.5534515,3.6385887
20.275635,19.73632,0.9378714,0.53931427,2.659913
28.810902,28.604713,0.99531573,0.2061882,0.71566033
30.675476,30.957724,1.2897722,0.28224754,0.92010814
42.97797,43.572113,0.8917007,0.5941429,1.3824359
9.400084,4.142864,0.9894223,5.2572193,55.92737
10.896159,9.816653,1.7708871,1.0795059,9.907215
37.612106,38.505695,0.8899075,0.893589,2.3758016
13.628511,13.293398,1.011323,0.33511353,2.458915
40.783463,40.413555,0.9155011,0.36990738,0.90700334
11.057119,11.064688,2.3340063,0.0075683594,0.06844784
40.838886,36.144928,1.5563494,4.6939583,11.493845
4.9093266,4.4992104,1.3734798,0.4101162,8.353818
8.543454,7.3275967,0.91956615,1.2158575,14.231452
23.704678,26.814405,0.9338447,3.1097279,13.118625
9.386478,10.844483,0.880967,1.458005,15.533034
19.794992,20.738811,1.0735961,0.94381905,4.7679687
4.1743865,4.1588883,1.1409705,0.015498161,0.371268
7.0228667,4.8142004,1.0015439,2.2086663,31.44964
3.6058564,4.933573,0.94664824,1.3277164,36.82111
43.351734,41.748165,1.1367072,1.603569,3.6989732
12.69197,11.856766,0.9176055,0.8352041,6.5805717
30.421963,31.453695,0.95551133,1.0317326,3.391407
3.4251683,3.9818606,2.273265,0.55669236,16.252993
16.010117,17.189436,1.0241214,1.1793194,7.366089
32.803337,30.744152,1.5543772,2.059185,6.2773643
9.0503,10.33865,1.3660811,1.2883501,14.235441
49.954254,45.544426,1.389698,4.409828,8.827733
3.8129816,6.1569796,0.97453374,2.343998,61.474148
8.851532,6.8631973,1.4896641,1.9883347,22.46317
3.7602165,4.252637,1.1096795,0.49242043,13.095534
44.297314,45.208218,0.9317688,0.91090393,2.0563412
44.452057,40.3471,0.93031883,4.1049576,9.234572
1.9023579,4.0196943,0.9315062,2.1173363,111.30063
10.949574,8.882548,0.8985603,2.0670261,18.877684
7.376557,7.193027,1.36423,0.18352985,2.4880152
23.416727,24.031746,0.9723166,0.61501884,2.6264083
13.8811455,13.126242,0.8866945,0.7549038,5.438339
28.771679,26.925985,1.0100335,1.8456936,6.414967
6.294246,6.310413,1.601429,0.016166687,0.25684866
32.113487,32.74565,1.0166055,0.632164,1.9685311
23.088957,23.174965,0.87432176,0.08600807,0.3725074
46.41473,46.788113,0.97209865,0.37338257,0.8044484
27.653673,26.959915,0.9301174,0.693758,2.5087373
6.5515714,6.2257824,1.2297498,0.32578897,4.9726844
42.70468,41.630466,0.93319213,1.0742149,2.51545
43.71481,42.11217,1.1620696,1.6026382,3.666122
19.153812,21.241114,0.99230134,2.0873013,10.897576
36.92575,38.1522,0.8636142,1.226448,3.3213897
37.80892,26.83756,1.0316653,10.971361,29.017916
6.001653,8.062298,1.2417979,2.0606446,34.334618
37.96191,40.64419,0.89209074,2.6822815,7.0657177
43.237526,44.513554,0.91907084,1.2760277,2.9512043
44.93536,43.79343,0.9981985,1.1419296,2.5412717
41.95194,43.368374,0.8988017,1.4164352,3.3763285
4.0749598,4.7222185,0.9173158,0.64725876,15.883807
6.9453135,4.607877,0.92133605,2.3374367,33.654877
38.464104,37.799812,0.95945483,0.6642914,1.7270424
16.223711,20.000263,0.95994425,3.7765522,23.277979
6.9558535,7.4820986,2.2340987,0.5262451,7.5655003
39.113403,39.175014,0.8848297,0.061611176,0.15751934
41.872566,43.26009,1.1617966,1.3875237,3.3136818
6.2237935,6.678379,0.9098816,0.45458555,7.303995
9.410078,6.0421376,1.1819723,3.3679404,35.79078
6.9169493,6.911952,0.9146379,0.0049972534,0.07224649
16.845488,17.518791,1.0629523,0.6733036,3.9969375
43.30299,43.238274,0.90990025,0.06471634,0.14945005
16.47431,19.598436,0.8962024,3.1241264,18.963627
3.3374317,5.608237,1.4195443,2.2708051,68.0405
3.1282697,2.8065784,1.1070672,0.32169127,10.283361
39.96877,39.241547,0.9617856,0.72722244,1.8194767
29.599195,30.31289,0.91656876,0.7136936,2.4111927
3.673012,5.103397,1.2021605,1.4303849,38.943104
44.47255,43.907364,1.0131804,0.56518555,1.2708639
7.6558404,4.1958385,0.9770755,3.460002,45.19428
8.398271,8.665569,1.3100382,0.2672987,3.1827826
4.909594,3.981808,1.8400129,0.9277861,18.89741
1.8227462,7.9151998,2.365258,6.0924535,334.24585
6.717227,5.5880895,1.9660952,1.1291375,16.809578
24.142403,25.358553,0.9574302,1.2161503,5.0374036
3.7332366,4.3058796,0.8924474,0.57264304,15.339051
40.634842,39.872303,1.0609076,0.7625389,1.8765643
8.789428,7.124716,0.89130515,1.664712,18.939936
14.762572,12.862671,0.95736444,1.8999014,12.869718
11.046227,12.191748,0.91144437,1.1455202,10.370239
8.984342,13.1976185,1.0156561,4.213277,46.89578
6.3685565,4.862522,0.9213599,1.5060344,23.64797
42.363533,42.96023,0.976579,0.59669876,1.4085199
12.27359,15.709278,0.88808674,3.435688,27.992525
5.1553125,5.450692,1.3364127,0.29537964,5.7296166
3.918351,5.1745763,1.2996535,1.2562253,32.06005
8.777821,7.5911646,1.1412865,1.186656,13.518801
41.450996,40.359646,0.92272645,1.0913506,2.6328692
42.496803,41.117195,0.93852985,1.3796082,3.246381
35.452312,38.04657,0.90424937,2.5942574,7.3175964
10.611767,9.401132,0.9565069,1.2106352,11.408422
13.869364,16.595629,0.9430322,2.726265,19.656742
30.276754,30.618906,0.9131791,0.34215164,1.1300803
3.7559671,3.711741,0.99364907,0.04422617,1.1774908
8.273309,5.497144,1.0863096,2.7761645,33.555676
35.908737,36.955246,0.9291895,1.0465088,2.914357
3.2950072,2.2494507,1.0633366,1.0455565,31.73154
11.213367,9.791124,0.88349277,1.4222431,12.68346
10.352244,11.126844,1.6088572,0.7746,7.482436
10.050371,12.65451,2.1370287,2.6041384,25.91087
12.360099,11.231959,2.2920554,1.1281395,9.127269
39.88933,41.433273,0.9370461,1.5439415,3.8705626
30.132936,30.351816,0.98853517,0.2188797,0.7263802
4.930948,4.796442,1.3477159,0.13450575,2.727787
11.067122,10.889528,1.0244288,0.17759418,1.6047007
18.680351,22.266657,0.8736291,3.5863056,19.198277
40.099323,40.35372,0.88732934,0.25439835,0.6344206
26.054892,27.088701,0.93155664,1.0338097,3.9678142
39.506325,38.732315,0.96891725,0.7740097,1.9592046
44.365715,38.389812,0.9611354,5.9759026,13.469642
6.5211244,5.1680946,1.2336195,1.3530297,20.748413
6.103176,4.4533596,0.9527882,1.6498165,27.032099
8.820263,7.4569564,1.2681862,1.3633065,15.45653
41.84003,42.965153,0.955899,1.1251221,2.6891043
11.109438,11.471294,2.3272386,0.36185646,3.2571986
5.6452827,5.144524,0.8873393,0.50075865,8.870391
42.411583,43.003727,0.87786067,0.592144,1.3961847
1.3572054,2.3454776,2.1831024,0.9882722,72.816696
30.551933,30.518682,1.3911601,0.03325081,0.10883373
9.433602,7.2077465,0.90209895,2.2258558,23.594973
44.866047,45.5296,0.88508135,0.66355133,1.478961
43.777256,44.208584,1.076139,0.43132782,0.9852783
11.974688,12.333879,0.89932334,0.3591919,2.999593
7.021429,5.8561287,1.9907504,1.1653004,16.596342
7.0211124,4.654892,1.0957283,2.3662205,33.701504
0.84879434,3.0412254,1.1015918,2.192431,258.29944
5.9761815,4.602332,1.140097,1.3738494,22.988749
17.555656,17.001375,0.9455268,0.55428123,3.15728
41.57884,43.57432,0.9151281,1.9954834,4.7992764
39.795547,40.689068,1.0662589,0.89352036,2.2452772
11.953487,12.741508,0.9290925,0.78802013,6.592387
0.9513646,1.5057807,2.2056487,0.5544161,58.275883
2.5820487,1.1685739,1.2702647,1.4134748,54.742374
44.63113,44.226604,1.0567703,0.40452576,0.90637577
44.124825,44.643448,0.8523407,0.51862335,1.1753551
22.364765,24.660194,0.94591403,2.2954292,10.263597
41.419632,41.453033,1.0299549,0.03340149,0.08064169
37.48523,38.89297,1.0166276,1.4077415,3.7554567
11.840266,8.958254,2.336075,2.8820124,24.340773
36.77113,38.145866,1.0293534,1.3747368,3.7386308
7.83415,9.179014,1.015386,1.3448644,17.16669
4.6290603,2.9705791,1.1280377,1.6584811,35.8276
42.658073,42.04896,1.0271112,0.6091118,1.4278933
27.857624,30.09541,0.9080739,2.2377853,8.032937
43.634544,43.668056,0.9461625,0.033512115,0.0768018
23.57809,23.503803,0.9361771,0.074287415,0.31506968
6.2327986,4.6999607,0.9685776,1.5328379,24.593092
13.38882,12.542086,0.87831897,0.84673405,6.3241873
43.688824,43.000523,0.9869592,0.6883011,1.5754626
15.265303,15.758368,1.4405766,0.49306488,3.2299712
34.785236,35.256977,1.0627977,0.47174072,1.3561522
37.373768,37.612656,0.91407573,0.23888779,0.6391857
34.541477,34.647377,0.8770966,0.10589981,0.30658737
30.402315,31.493015,0.97314584,1.0907001,3.5875561
23.05233,24.587812,0.9287507,1.5354824,6.660856
27.334755,27.28197,1.2682458,0.052785873,0.193109
4.0131464,4.958585,1.3492548,0.9454384,23.558533
10.245264,10.785415,0.8875349,0.54015064,5.272198
4.8455706,3.5063448,1.2121723,1.3392258,27.638144
9.072267,7.68793,1.0031359,1.3843365,15.258993
42.74915,42.596394,0.9551619,0.15275574,0.35733047
10.09872,10.270445,2.2722154,0.17172527,1.7004658
6.694716,5.5195746,0.95639545,1.1751413,17.553267
3.7892177,3.458201,2.1207788,0.33101678,8.735755
4.3744483,3.7753727,0.9491089,0.59907556,13.694882
26.141714,25.981571,1.2879491,0.1601429,0.61259526
3.4920604,4.201334,1.021907,0.7092736,20.311035
4.696509,4.4304085,0.9106768,0.2661004,5.6659193
16.889116,17.717798,0.925964,0.82868195,4.9066033
3.450376,8.503251,2.3585727,5.052875,146.44418
0.6248834,2.495916,1.9802687,1.8710325,299.42105
49.43433,47.204235,0.9871469,2.230095,4.511227
16.515703,15.73904,0.9401844,0.7766628,4.702572
7.6561303,7.849346,1.9697994,0.19321585,2.523675
37.900528,38.59547,0.8765865,0.6949425,1.8335958
27.14204,31.405258,0.9979451,4.263218,15.707065
5.5600057,4.499467,0.91984123,1.0605388,19.074419
43.284576,43.54202,0.88327575,0.25744247,0.5947672
7.9690685,7.9896164,0.8940881,0.020547867,0.25784528
31.181288,29.89298,0.8917167,1.2883072,4.1316676
14.801019,17.451693,0.9009901,2.6506739,17.908726
35.53377,37.488674,0.9551874,1.9549026,5.5015345
43.624523,44.032806,1.0102049,0.40828323,0.935903
8.20544,7.686185,0.924155,0.5192547,6.3281765
10.568678,10.441267,2.0197084,0.12741089,1.2055519
34.103565,34.24784,1.0162591,0.14427567,0.42305157
20.602741,21.77517,0.9404527,1.1724281,5.6906414
3.6251295,4.080108,2.0526767,0.4549787,12.550689
48.818756,47.20628,1.582642,1.6124763,3.3029854
2.7635477,7.9525437,1.7626634,5.1889963,187.76578
31.164042,31.756561,0.9319627,0.59251976,1.901293
6.716835,4.274576,2.141439,2.4422588,36.360264
12.01713,10.637217,2.2774572,1.3799133,11.482886
8.749611,5.876408,1.10972,2.8732028,32.838062
4.9090037,5.060294,0.8947055,0.15129042,3.0818965
37.77387,40.76387,1.7514422,2.9900017,7.9155297
4.9117446,4.0916333,1.9135591,0.8201113,16.696943
36.17707,37.8885,0.9636353,1.7114296,4.7307024
30.271318,30.918533,0.89355195,0.6472149,2.1380465
25.498556,25.73347,0.8825769,0.23491478,0.9212866
5.931331,6.022876,1.097618,0.09154463,1.5434078
2.9882634,3.7738724,1.1014904,0.785609,26.289818
5.4382553,3.7220967,1.0395398,1.7161586,31.557154
19.667715,21.007496,0.9251995,1.3397808,6.812082
4.68004,4.707422,0.9013835,0.027381897,0.5850783
41.26866,42.45594,0.86339056,1.1872787,2.87695
42.535477,43.29008,0.92222995,0.75460434,1.7740587
4.423471,2.466227,1.1158925,1.9572439,44.24679
11.589762,12.098507,0.9205646,0.5087452,4.389609
29.69316,31.71731,1.0004524,2.0241508,6.816893
12.874741,13.926182,1.4629487,1.0514412,8.166698
34.817795,34.396095,0.90131235,0.42169952,1.2111609
4.3121448,4.7078505,1.2033376,0.3957057,9.17654
42.835033,43.099606,1.3125756,0.26457214,0.61765367
7.1932344,4.169572,1.009928,3.0236626,42.034813
32.943974,31.947134,1.0761766,0.9968395,3.0258632
13.991216,16.9124,0.9018376,2.9211836,20.878696
6.5077972,4.982137,1.1841816,1.52566,23.443571
2.6274452,4.0241113,1.070001,1.396666,53.15681
36.25723,36.381504,0.9005558,0.12427521,0.34275982
6.182444,3.089435,1.9455513,3.093009,50.028904
7.231067,5.1586356,0.90702283,2.0724316,28.660109
13.9280815,14.353861,1.009916,0.42577934,3.056985
2.5782282,3.4253993,1.1173624,0.84717107,32.858654
13.618769,14.027223,2.2944639,0.40845394,2.9991987
44.188217,44.394993,1.3758757,0.20677567,0.46794298
10.507561,11.044004,2.0483034,0.5364437,5.1053114
21.192797,22.448454,1.3154119,1.2556572,5.9249244
5.2148557,6.313632,1.4287602,1.0987763,21.07012
6.6728225,7.538138,1.1078289,0.86531544,12.967757
5.7091346,8.147001,1.0913408,2.4378667,42.70116
19.501343,21.896372,0.90525705,2.395029,12.281354
6.1259804,5.620151,1.2691351,0.50582933,8.257116
5.0695376,3.5678716,0.97630703,1.5016661,29.621363
9.678501,10.000662,0.8735644,0.32216072,3.328622
27.669949,27.347258,1.1353964,0.32269096,1.1662146
0.7313222,2.8109345,1.0542036,2.0796123,284.36334
6.491358,7.3673944,1.0836545,0.87603664,13.495431
41.159492,41.383327,0.9055962,0.22383499,0.5438235
8.3476,9.221014,0.94805855,0.87341404,10.463056
2.9922338,3.8658133,0.94859105,0.8735795,29.194895
4.928756,4.183956,0.899059,0.7448001,15.11132
22.512884,21.392542,0.9459856,1.1203423,4.9764495
10.552256,11.733337,0.9401837,1.1810818,11.192695
11.426141,9.715238,2.352108,1.7109032,14.973587
35.52322,36.548523,0.92963797,1.0253029,2.8862894
21.917786,21.330078,0.9944384,0.5877075,2.6814184
4.8157725,4.3716354,0.8858102,0.4441371,9.222551
40.386112,42.162193,0.8981691,1.7760811,4.3977523
8.07088,7.938299,1.6611799,0.13258076,1.6427051
28.771965,27.146353,1.0200549,1.6256123,5.6499867
7.797304,7.900258,2.164625,0.10295391,1.3203783
20.951292,20.321165,0.9444437,0.63012695,3.0075805
4.6350393,5.21047,1.091466,0.57543087,12.4148
5.6468897,0.0,1.4394944,5.6468897,100.0
42.208565,45.095394,0.9110804,2.8868294,6.8394394
7.821666,6.9086814,1.2299955,0.9129844,11.672505
39.875122,38.138687,0.9431202,1.7364349,4.3546824
10.44046,8.596746,2.2872505,1.8437138,17.659315
6.205929,6.825802,0.897145,0.61987305,9.9884
44.51163,44.639988,0.94717747,0.12835693,0.28836718
12.661953,11.922567,0.93921876,0.7393856,5.839428
1.8629287,2.0876513,2.053358,0.2247225,12.0628605
28.293125,29.652245,0.9421915,1.3591194,4.803709
3.4834175,4.0337825,0.97176355,0.550365,15.79957
4.0476193,4.360035,1.1243984,0.3124156,7.7185025
42.033016,43.893215,0.9500344,1.860199,4.425566
39.44729,39.584255,0.92946273,0.1369667,0.3472145
32.81862,33.751175,0.8909897,0.93255615,2.841546
6.4220057,5.6038513,2.118522,0.81815434,12.739857
29.684656,28.185987,1.2185136,1.4986687,5.0486307
5.7020187,5.3169274,0.9141532,0.3850913,6.7535963
0.6541531,1.1089401,2.0933335,0.45478702,69.523026
12.380404,11.8862505,0.9747057,0.49415398,3.9914203
42.65997,44.475494,0.8941889,1.815525,4.255805
3.8857398,3.61935,1.0092258,0.26638985,6.855576
6.732738,4.4441953,1.0665531,2.2885427,33.991264
44.588875,44.72384,0.8843505,0.13496399,0.30268535
21.25786,21.134167,0.9936454,0.123693466,0.5818717
8.170406,8.999643,0.9003551,0.829237,10.149275
7.456054,5.880485,0.9483625,1.5755692,21.131407
3.984426,6.11148,0.9932204,2.1270542,53.384205
3.5564868,2.9308157,1.1696463,0.62567115,17.592394
44.751064,45.350113,0.93575346,0.5990486,1.3386242
10.570779,10.877295,1.8306423,0.3065157,2.899651
13.824486,14.873375,2.2725167,1.0488892,7.587184
4.925998,5.2806463,0.9961559,0.3546481,7.199518
40.563354,40.36558,0.8822221,0.19777298,0.48756564
43.21863,42.482796,0.90211433,0.735836,1.7025899
6.0927157,6.570858,0.98608243,0.47814226,7.847769
18.647411,24.909752,0.95992386,6.2623405,33.582897
40.731876,42.096725,0.93170965,1.3648491,3.3508132
3.2654362,5.402505,1.080405,2.1370687,65.44512
9.671737,9.112063,2.2530036,0.5596733,5.786689
3.9044018,5.049986,1.5949701,1.1455841,29.340836
44.217484,44.805912,1.0121588,0.5884285,1.3307598
9.733598,7.988652,2.369214,1.7449455,17.927036
2.443568,7.7568145,2.365528,5.3132467,217.43805
10.719553,9.224988,0.99222153,1.494565,13.942419
5.7991943,6.305665,1.0449095,0.5064707,8.733466
10.896056,8.087243,0.90328753,2.808813,25.778255
32.195744,32.857536,0.9196154,0.66179276,2.0555286
16.452597,15.603485,0.9359374,0.84911156,5.160958
1.2586466,5.0588984,1.9723358,3.800252,301.9316
28.635195,29.273376,1.0601463,0.6381817,2.228662
18.694967,19.085613,0.98718315,0.39064598,2.0895784
5.1712627,5.446334,1.1229717,0.27507114,5.319226
34.30998,32.887264,0.9455765,1.4227142,4.1466484
3.9515944,3.7961924,1.5004743,0.15540195,3.9326391
35.815773,36.089027,1.4337074,0.2732544,0.7629443
44.420563,44.638367,0.9005272,0.21780396,0.49032238
2.125766,3.342213,2.0195718,1.2164469,57.22393
7.3283987,7.8071494,0.8587094,0.4787507,6.5328145
1.9421697,4.6892076,0.89283764,2.747038,141.44171
3.7971365,5.14435,0.9341768,1.3472135,35.47972
15.117101,14.03989,0.8916897,1.0772104,7.125774
3.975681,3.6441028,1.0158099,0.33157825,8.340162
44.979473,49.048008,0.96995145,4.068535,9.045315
2.4852965,4.869316,0.9145349,2.3840196,95.92496
43.21333,43.31929,0.9219344,0.105960846,0.24520408
4.41605,4.4658813,1.1051413,0.04983139,1.1284155
38.160492,39.844616,0.86364096,1.684124,4.4132657
41.067356,40.519115,1.030009,0.54824066,1.3349792
2.3258133,4.4308825,0.97491604,2.1050692,90.50895
16.514318,20.956964,0.9523662,4.442646,26.901781
26.38949,27.38155,0.9103686,0.9920597,3.7592986
4.535261,4.0209837,1.06322,0.51427746,11.339534
43.002945,44.883015,0.9233185,1.8800697,4.371956
7.2465305,2.8045974,0.9879518,4.441933,61.29738
4.849996,3.1627367,1.0186244,1.6872594,34.78888
10.831342,8.488731,2.3047097,2.3426104,21.62807
20.96193,26.240911,0.9729547,5.278982,25.183664
8.0710535,9.063987,1.4984338,0.9929333,12.3024
2.0531552,2.8775256,2.014332,0.8243704,40.151394
4.069951,5.6302743,2.07683,1.5603232,38.33764
40.83738,41.5585,0.9570058,0.7211189,1.7658305
14.656492,15.458319,0.9724586,0.8018265,5.4707937
25.063164,20.056822,1.1195302,5.006342,19.9749
14.541396,13.942266,0.9893226,0.5991297,4.1201663
44.08028,45.181896,0.86476296,1.1016159,2.4991128
42.991516,42.793,0.96306634,0.19851685,0.4617582
9.531478,10.464092,1.8535728,0.9326143,9.784572
44.256523,44.12749,1.3534424,0.12903214,0.29155508
11.055717,12.037514,1.3096367,0.98179626,8.880439
38.56178,39.39828,0.9350225,0.8365021,2.1692517
38.337524,38.32273,0.9024919,0.014793396,0.03858725
7.9109564,9.163317,1.107621,1.2523603,15.830708
19.402725,17.759537,0.98675,1.6431885,8.468854
8.247079,10.45731,1.4040481,2.2102308,26.800167
8.337855,7.1371107,1.1015689,1.2007446,14.401121
49.985092,51.74943,0.98830557,1.7643394,3.5297313
3.922934,3.692384,2.1650326,0.23055005,5.87698
17.189135,21.808683,0.9316344,4.619549,26.87482
10.844945,10.070152,2.177687,0.7747927,7.144274
4.782188,4.5789685,1.1251794,0.20321941,4.249507
2.0588017,3.3997366,0.95973533,1.340935,65.13182
37.047245,38.834587,0.9108637,1.7873421,4.824494
8.642833,7.859272,1.3628856,0.78356075,9.066018
14.139048,12.41254,1.8154137,1.7265072,12.2109165
35.291664,33.783092,0.9431177,1.5085716,4.2745833
3.9740372,2.782084,1.0618068,1.1919532,29.99351
7.49614,5.267804,1.7145286,2.2283359,29.726444
29.397076,29.821007,0.9203167,0.42393112,1.442086
31.39397,31.958775,0.8858748,0.5648041,1.7990845
5.4664173,5.7228737,2.076269,0.25645638,4.691489
37.54138,39.658,0.9275688,2.116619,5.638096
4.7997904,4.5861125,0.91207165,0.21367788,4.451817
8.062468,7.5581126,1.138716,0.50435495,6.2555904
21.796547,22.60219,0.9349248,0.8056431,3.6961958
6.023933,4.9732714,1.2267339,1.0506616,17.441454
7.1464596,7.497885,1.5587522,0.35142565,4.9174786
40.655235,40.76716,1.0313084,0.11192322,0.27529842
20.628864,22.026579,0.98026466,1.3977146,6.7755284
44.511494,44.439213,0.92007625,0.072280884,0.16238701
41.918102,44.527943,0.8821062,2.6098404,6.226046
36.917778,38.68874,0.91404337,1.7709618,4.7970433
7.7938733,8.327942,0.9025606,0.5340686,6.8524156
40.67038,40.90255,0.9426868,0.2321701,0.570858
12.8730545,15.654924,1.0161356,2.78187,21.610022
41.977707,43.424973,0.8636142,1.4472656,3.4477005
3.9371557,4.5355973,1.4348023,0.5984416,15.199846
13.315326,6.8480783,2.3720045,6.4672475,48.56995
41.076298,39.3775,0.9842967,1.6987991,4.1357164
37.114582,36.05646,0.9589226,1.0581207,2.850957
42.261784,42.503124,0.96066123,0.24134064,0.5710612
8.025101,8.989738,1.0989741,0.96463776,12.020257
5.5233684,6.7894216,0.9555418,1.2660532,22.921759
9.304123,8.728415,1.5554322,0.5757084,6.1876698
19.288054,13.626228,2.156436,5.661825,29.35405
30.71133,28.714378,0.99246424,1.996952,6.50233
37.69775,38.817062,0.945726,1.1193123,2.9691753
6.0194454,7.0540547,1.9543287,1.0346093,17.187784
12.2727375,13.292877,0.890467,1.0201397,8.3122425
4.8710427,5.542005,1.4543087,0.67096233,13.774512
9.17672,7.581331,1.2363085,1.5953889,17.385178
6.605769,5.4755487,1.26057,1.1302204,17.109596
22.393919,26.058037,1.3813895,3.6641178,16.36211
6.7270293,7.181753,0.8887244,0.45472383,6.7596526
6.9482546,5.2482343,1.8757308,1.7000203,24.466867
5.447351,4.900367,1.0501832,0.5469842,10.041287
6.409969,5.4518723,0.96746856,0.9580965,14.946976
4.10228,6.904825,2.3719378,2.802545,68.316765
0.7426707,3.1375299,1.1468315,2.394859,322.4658
42.936592,41.78937,1.0146446,1.1472206,2.6718948
8.593671,7.1553655,0.91039896,1.4383054,16.7368
10.697383,9.945129,2.2997365,0.75225353,7.0321274
10.536641,8.171713,0.8899367,2.3649282,22.444803
41.608902,42.812298,0.9104236,1.2033958,2.8921595
44.354492,44.507633,0.94323117,0.15314102,0.3452661
40.279617,40.5886,0.9165713,0.30898285,0.7670948
39.894974,42.67,0.8910012,2.7750244,6.955825
38.24918,37.74586,0.9239989,0.5033188,1.3158944
6.043154,6.6012487,1.616158,0.558095,9.235161
18.383932,19.25606,0.9796508,0.87212753,4.743966
26.070652,26.548008,0.9625726,0.47735596,1.8310089
43.95984,44.67835,0.9034633,0.7185097,1.6344684
4.7636447,4.6745677,2.0336156,0.089076996,1.8699337
7.0392075,5.5426407,1.0316852,1.4965668,21.260445
29.219809,34.423893,0.9114807,5.2040844,17.810125
30.499609,29.818647,0.91652113,0.6809616,2.2326896
26.763796,29.287838,1.03622,2.5240421,9.430807
21.774956,22.2119,0.9207109,0.43694496,2.00664
32.145115,20.89748,1.9603465,11.247635,34.99018
12.971187,12.4455595,2.2426608,0.52562714,4.052267
42.165703,42.61754,0.96270806,0.45183563,1.0715715
35.170025,35.428406,0.91719955,0.2583809,0.73466223
42.647617,43.89253,1.2994138,1.2449112,2.9190638
4.526555,3.5933125,0.937312,0.93324256,20.61706
14.781445,16.466784,0.89206344,1.685339,11.401721
11.192936,12.172533,1.7306728,0.9795971,8.751923
39.753178,41.675697,0.87472713,1.9225197,4.836141
3.5075595,3.8402212,1.1437371,0.33266163,9.484134
4.849546,4.3868704,1.1089749,0.46267557,9.540595
3.9620647,6.532427,2.2149467,2.570362,64.874306
14.033727,14.24597,0.9325192,0.21224308,1.5123786
39.889393,39.212223,0.9825997,0.6771698,1.6976187
10.325601,9.360291,2.2135901,0.9653101,9.348706
7.30743,6.8634844,1.6139392,0.4439454,6.0752606
40.076992,39.5985,1.0868118,0.47849274,1.1939337
25.918062,27.488342,0.92660594,1.5702801,6.0586324
10.752792,7.807302,1.1452948,2.9454904,27.392796
10.321042,8.504137,0.8851942,1.816905,17.603891
44.77583,44.15354,0.8925345,0.62228775,1.3897849
41.04725,42.457928,0.91753304,1.4106789,3.4367197
3.0243664,4.992216,0.90293986,1.9678497,65.06651
44.598648,44.6978,0.97119886,0.09915161,0.22231977
41.782104,42.186047,0.9933587,0.4039421,0.96678257
26.009243,26.945198,0.89380246,0.93595505,3.598548
43.541466,45.665512,0.89949614,2.1240463,4.878215
37.193954,38.3759,0.932252,1.1819458,3.1777902
3.0164928,7.7366376,1.0449299,4.7201447,156.4779
39.10934,39.462574,0.96232784,0.35323334,0.9031943
8.421313,8.038896,0.88186914,0.38241768,4.5410695
42.91375,43.57012,0.8877898,0.6563721,1.5295146
2.5680025,5.746317,1.1866952,3.1783144,123.76602
14.305066,11.9473,2.207748,2.3577662,16.482037
9.292001,8.887749,0.9054053,0.40425205,4.3505383
5.5238924,4.5963116,1.1355742,0.92758083,16.79216
14.613187,19.512749,0.9601186,4.899562,33.52836
27.652729,25.818993,1.6684222,1.8337364,6.631304
7.7931876,6.412415,1.1178498,1.3807726,17.717686
3.1562,4.958585,1.3491737,1.8023849,57.106167
38.956635,39.756573,0.9076847,0.7999382,2.053407
3.5093863,2.568192,1.0316415,0.9411943,26.819342
9.3981285,10.286586,2.0148838,0.8884573,9.453556
13.471791,10.395107,1.6957003,3.076684,22.837973
6.378257,5.0907984,0.90251195,1.2874584,20.185116
40.92649,42.020622,1.0348616,1.0941315,2.6734066
39.472927,40.02288,0.98882914,0.54995346,1.3932421
30.211906,29.853233,0.943352,0.3586731,1.1871912
36.723774,39.703873,0.9256467,2.9800987,8.114903
3.0639303,3.415287,2.161138,0.35135674,11.467517
1.6213133,1.8437552,1.18962,0.22244191,13.719859
13.700991,17.297304,0.91624147,3.5963135,26.248566
26.111935,28.130516,0.9236466,2.0185814,7.7304935
12.1235285,10.782684,0.92957175,1.3408442,11.059851
5.166413,4.5453825,0.93110836,0.62103033,12.020533
0.920274,1.8555961,2.2033322,0.93532205,101.63517
13.955846,18.91512,0.9049805,4.9592733,35.535454
7.4177275,5.5976696,0.87261575,1.8200579,24.536596
18.554052,21.536413,1.9859871,2.9823608,16.073906
16.01886,16.881489,0.9746531,0.86262894,5.385083
17.400263,16.910631,0.88034487,0.48963165,2.8139324
16.582737,15.755215,0.9062931,0.8275223,4.9902635
15.24754,13.813112,1.8859437,1.4344282,9.407604
49.766037,48.746365,1.0521204,1.0196724,2.0489323
26.975077,27.174639,1.1026545,0.19956207,0.7398017
5.264306,3.875761,1.201311,1.388545,26.376602
35.289215,37.453503,0.9054585,2.1642876,6.133
5.0802655,3.380515,0.9371718,1.6997504,33.457905
4.8578625,4.4545937,1.1930996,0.4032688,8.301363
41.306194,41.942814,1.3457727,0.63661957,1.5412205
4.0141788,7.3439665,2.2813025,3.3297877,82.95065
5.128263,3.3964577,0.9816318,1.7318053,33.76982
4.7139225,4.8818994,1.1029835,0.16797686,3.56342
43.447655,42.139183,0.9066426,1.3084717,3.0116048
2.4545867,5.5223546,0.97733194,3.0677679,124.98103
9.517284,7.7407947,1.4131871,1.7764897,18.665932
3.5297291,3.0645568,0.95090383,0.4651723,13.178696
21.962406,26.755257,0.91956717,4.7928505,21.822975
3.6531992,5.121672,2.2284632,1.468473,40.196903
14.004082,14.339596,0.91640955,0.33551407,2.3958306
40.947582,41.734356,1.0474308,0.7867737,1.9214166
7.144981,5.9095926,0.91251385,1.2353883,17.290295
4.776717,5.057581,0.9308822,0.28086376,5.879849
0.6900671,2.6287103,2.0465152,1.9386432,280.93546
21.986177,23.159857,0.96209913,1.1736794,5.33826
7.905383,9.587317,1.2077136,1.6819344,21.27581
16.165482,16.702917,0.9436678,0.53743553,3.324587
4.129022,4.5073915,0.96518165,0.37836933,9.163654
1.8303986,3.2734988,1.1911027,1.4431002,78.84077
44.45774,44.494846,0.9432269,0.03710556,0.083462544
4.4688497,6.218933,0.8888282,1.7500834,39.161835
3.6194837,4.3546205,1.1590422,0.73513675,20.310541
14.035908,12.510244,1.010152,1.5256634,10.869717
4.0843554,1.4077339,1.0274872,2.6766214,65.53351
3.0941486,5.8109474,2.3621633,2.7167988,87.804405
1.4566035,2.850226,1.838123,1.3936224,95.67617
4.523865,4.398017,1.1366774,0.1258483,2.7818754
42.80844,42.86191,0.9120369,0.05347061,0.124906704
26.27947,27.539314,1.035114,1.2598438,4.794023
5.0941777,5.530925,0.91919506,0.43674707,8.573456
7.3752837,7.6656346,0.9663257,0.2903509,3.93681
38.954403,37.882908,0.92311805,1.071495,2.7506392
38.37826,38.0913,0.91666627,0.2869606,0.74771655
3.564798,4.21132,0.9967859,0.6465218,18.136282
33.22006,31.107357,1.1860205,2.1127014,6.359716
30.437769,32.371113,0.8853733,1.9333439,6.3517923
2.64983,3.9498658,1.5216798,1.3000357,49.061096
34.904366,36.47284,0.8703818,1.5684738,4.4936323
7.6575184,5.818609,2.0483234,1.8389091,24.014427
8.592479,8.616292,1.0898477,0.023813248,0.27714062
22.611408,28.39978,0.9494522,5.788372,25.599344
8.045543,8.461774,0.9419581,0.41623116,5.173438
28.729433,29.98668,0.95623463,1.257246,4.37616
26.10398,26.66645,1.337448,0.5624714,2.1547344
10.429439,12.583406,2.1371598,2.1539679,20.65277
6.5821486,5.5914216,1.1747371,0.99072695,15.051725
5.923218,5.6063194,0.9875789,0.31689835,5.350105
39.712822,41.113476,0.96094835,1.4006538,3.5269563
5.1502743,4.3951936,0.9226112,0.7550807,14.660981
39.500835,39.711487,0.8934148,0.2106514,0.5332834
5.751971,6.9858294,1.1383952,1.2338586,21.451057
11.82551,8.513286,2.250485,3.3122244,28.009146
22.029213,20.405046,1.0218859,1.6241665,7.372785
16.476109,18.666622,0.9586705,2.1905136,13.295091
20.378866,26.278063,0.88222784,5.8991966,28.94762
36.001423,37.16619,0.86974084,1.1647682,3.2353394
10.533188,8.995793,2.290524,1.5373945,14.595719
7.1725655,5.3083906,0.89345133,1.8641748,25.990349
30.718416,27.951317,1.6710528,2.7670994,9.007949
6.553617,7.8378134,0.95192,1.2841964,19.59523
4.277694,6.2930994,1.16512,2.0154052,47.11429
15.971276,19.58838,1.0010778,3.6171045,22.64756
9.997463,10.229141,2.34295,0.23167801,2.317368
6.8022594,8.451589,0.9709128,1.6493292,24.246784
5.4412255,3.8370805,0.99648905,1.604145,29.48132
42.00071,43.37203,0.89135116,1.3713188,3.2649896
37.991978,41.25008,1.0034881,3.2581024,8.575765
40.722,42.138287,0.878706,1.4162865,3.4779394
30.227802,28.200975,0.95073056,2.0268269,6.705174
10.162901,8.223806,1.0488231,1.9390945,19.080128
29.12314,29.185398,0.9798168,0.062257767,0.21377422
12.181788,10.333203,0.88919264,1.8485851,15.174991
10.064862,9.143365,0.90738755,0.92149734,9.155588
26.263235,27.983253,0.89940524,1.7200184,6.5491486
35.218796,34.13316,0.9311488,1.0856361,3.0825477
41.589252,42.430416,0.9860326,0.84116364,2.0225506
41.344418,40.877537,0.9454827,0.4668808,1.1292475
43.042103,42.858448,0.871462,0.18365479,0.42668638
2.3197427,6.0381417,1.1401461,3.718399,160.2936
10.863763,11.021266,2.0838819,0.15750313,1.4498028
27.348352,31.29321,0.90757203,3.9448566,14.424476
6.6433606,5.8110385,1.682486,0.8323221,12.52863
7.1037145,8.183025,0.9458548,1.0793109,15.193613
35.829563,34.979168,0.94562286,0.8503952,2.3734457
7.7734504,6.4761953,1.1883312,1.297255,16.688278
4.6451125,4.5839343,1.1231875,0.061178207,1.3170447
7.694788,8.68899,2.333473,0.99420166,12.920456
5.2906013,6.2704725,0.998086,0.9798713,18.52098
6.391586,7.637635,0.8923291,1.2460494,19.495153
16.87502,17.357468,0.9516377,0.48244858,2.8589513
37.07683,35.095806,0.89218694,1.9810257,5.3430285
17.512506,22.16594,0.8976861,4.653433,26.572056
8.884099,8.907497,2.1281126,0.0233984,0.2633739
43.529102,42.84872,0.9573871,0.6803818,1.5630503
3.1198528,3.7226102,1.0715492,0.60275745,19.32006
11.755086,11.033282,0.89271456,0.72180367,6.1403522
4.4438224,4.884085,1.2178277,0.4402628,9.9073
44.25128,44.361904,0.97619444,0.110622406,0.2499869
18.539042,18.771252,0.92452693,0.23221016,1.2525468
30.587803,31.259552,0.9373514,0.6717491,2.1961339
2.2430544,3.7228043,0.9498381,1.4797499,65.97031
44.377014,45.017063,0.87643147,0.640049,1.4422984
37.676174,39.41263,0.9288148,1.736454,4.6088915
10.548877,8.058807,2.1307395,2.4900694,23.605066
41.91464,41.919025,0.89426833,0.004386902,0.010466277
41.179462,43.54822,0.9656531,2.3687592,5.7522826
3.8495364,2.4920955,0.98019093,1.357441,35.26245
13.573781,11.088456,1.0243797,2.4853249,18.309746
3.6845398,2.354895,1.8353635,1.3296447,36.087128
19.657637,20.444834,0.9772053,0.7871971,4.0045357
4.558105,3.6241055,1.0395008,0.93399954,20.490961
42.10743,40.0874,0.9246899,2.020031,4.7973266
0.4736587,1.8528857,2.0410695,1.379227,291.18582
2.00457,6.5424633,0.9652513,4.5378933,226.3774
5.8859305,8.502892,1.7011893,2.616961,44.461296
6.947226,6.646926,1.0630913,0.30030012,4.3225904
39.573437,39.84201,0.9439735,0.26857376,0.67867184
44.02621,45.988064,0.8985393,1.961853,4.4561024
8.187423,6.0112705,1.024185,2.1761522,26.579208
34.66911,34.346203,0.90739864,0.3229065,0.9313954
48.837833,47.342766,1.100096,1.4950676,3.0612898
35.349636,36.847286,0.90744305,1.4976501,4.2366776
8.11131,13.722275,1.9845172,5.610965,69.17458
6.548138,4.1111813,1.28726,2.436957,37.21603
39.9318,42.092075,0.87100416,2.1602745,5.40991
1.5445721,3.9782114,2.326499,2.4336393,157.56075
49.82607,47.46833,1.1898704,2.3577385,4.7319374
41.282253,40.517246,1.1162342,0.765007,1.8531135
2.4433095,7.735425,1.0529703,5.292115,216.59619
5.199259,4.3100963,0.9262364,0.88916254,17.101717
38.879055,39.834534,0.9624408,0.95547867,2.4575665
3.146451,5.1320944,1.9698565,1.9856434,63.107395
10.30089,12.393738,1.7606257,2.0928478,20.317156
10.032696,8.300674,2.3121517,1.7320213,17.263767
40.88486,39.4788,0.9102243,1.4060593,3.4390707
25.199677,23.737259,1.0204597,1.4624176,5.803319
6.8667254,5.5388794,1.0913056,1.327846,19.337399
41.765034,42.32311,0.94429904,0.55807495,1.3362253
21.317509,21.936335,1.035016,0.6188259,2.9028997
9.451619,9.890852,0.9877204,0.43923283,4.64717
10.937221,10.628437,1.2218231,0.30878353,2.8232358
5.179803,4.8175173,1.0046644,0.3622856,6.994197
10.680022,10.513849,2.3517604,0.16617298,1.5559236
6.244383,5.519085,1.1282526,0.7252979,11.615206
35.915257,35.3471,1.0173205,0.5681572,1.5819383
4.0825853,5.757732,1.5432105,1.6751466,41.031517
17.54924,12.969959,1.2037821,4.579281,26.093899
10.479965,9.882206,0.9539178,0.59775925,5.7038283
28.831045,30.059772,0.90994185,1.2287273,4.2618203
49.992928,54.612476,0.9987773,4.619549,9.240405
9.411318,9.875271,0.9611037,0.46395302,4.9297347
9.467727,9.36388,0.892433,0.10384655,1.0968478
8.266675,7.332496,1.8638161,0.9341788,11.300539
8.754677,8.363032,2.1157222,0.39164448,4.473546
44.399754,44.231537,1.1912677,0.1682167,0.37886855
6.9366794,5.286023,1.1317157,1.6506562,23.796059
28.13744,28.72533,0.97616756,0.5878906,2.0893536
3.8414738,8.812094,2.3609056,4.97062,129.39357
38.987576,37.71017,1.1528407,1.2774048,3.2764406
19.01023,20.575277,1.0328035,1.5650482,8.232663
4.848849,4.4560776,1.2828026,0.39277124,8.100299
8.141992,9.325692,0.90097505,1.1837006,14.5382185
39.286312,37.68685,1.0422553,1.5994606,4.0712924
6.1770425,5.4538727,1.071149,0.7231698,11.707379
39.502674,41.85368,0.8960632,2.3510056,5.95151
24.717688,25.361132,0.91385084,0.64344406,2.6031725
8.348011,6.0311723,1.3734207,2.3168387,27.753181
3.0809777,3.1632102,1.0826086,0.082232475,2.6690383
6.3385696,6.179114,1.5154189,0.15945578,2.515643
24.667774,29.854733,0.8747072,5.1869583,21.027264
24.322777,25.517868,0.9959295,1.1950912,4.9134655
9.274279,7.5823116,1.263479,1.691967,18.24365
4.7420373,5.0341296,1.3919092,0.29209232,6.159638
9.645879,8.789905,1.0790662,0.8559742,8.873989
3.7900114,5.094036,1.0529804,1.3040247,34.40688
10.050358,9.013945,1.0221833,1.0364132,10.3122015
10.656314,11.4960785,0.89263654,0.8397646,7.880441
40.83066,41.563663,0.97442335,0.7330017,1.7952237
42.494156,42.72002,0.868525,0.22586441,0.53151876
13.6977625,12.752804,1.017775,0.9449587,6.898635
39.57581,38.914043,0.93293357,0.66176605,1.6721479
1.7916926,2.9242437,1.53114,1.1325511,63.211235
41.831215,43.7356,0.9270669,1.9043846,4.5525446
35.32682,35.782116,0.9243464,0.45529556,1.2888099
40.94888,40.82034,0.9386635,0.12854004,0.3139037
11.323934,9.8743725,2.2945147,1.4495611,12.800862
40.477608,40.99162,0.97570586,0.5140114,1.269866
40.704388,42.193985,0.90568465,1.4895973,3.6595497
42.58698,44.250084,0.9297659,1.663105,3.905196
45.522026,41.22538,0.90086204,4.296646,9.438609
4.7886844,4.0099835,1.702429,0.7787008,16.261269
7.8991303,9.3035345,1.9791982,1.4044042,17.779224
10.878783,10.570574,0.8828524,0.30820942,2.833124
4.9842095,6.6904206,1.1302587,1.7062111,34.23233
49.4485,45.975864,1.699825,3.4726372,7.022735
23.868567,23.967873,1.6148025,0.09930611,0.41605392
35.007576,35.495434,1.0695472,0.48785782,1.3935778
26.555052,28.91351,0.8799844,2.3584576,8.88139
36.69175,36.81424,0.8828673,0.12248993,0.33383507
3.5554535,2.93287,1.1356808,0.6225836,17.510666
10.266897,9.289657,2.1911216,0.97724056,9.518364
13.117663,16.659258,0.9209672,3.5415945,26.998669
22.376423,21.890852,1.087972,0.4855709,2.1700113
37.254852,39.252037,0.8708991,1.9971848,5.3608713
19.824629,7.3023353,1.576267,12.522293,63.165333
28.083078,29.37673,0.97886026,1.2936516,4.6065164
40.79918,41.76878,0.8697066,0.9696007,2.3765202
6.755026,6.266403,0.93435466,0.48862267,7.2334685
2.6770742,3.3127613,2.0221233,0.6356871,23.745592
8.2334585,6.753125,1.395853,1.4803333,17.979483
25.402203,27.515598,1.0287952,2.1133957,8.319734
1.9646218,5.9960527,0.86149603,4.031431,205.2014
7.5212345,6.3495703,1.462812,1.1716642,15.578085
5.9441133,6.0710573,0.8898469,0.12694407,2.1356266
9.934866,10.290074,0.93961316,0.3552084,3.5753717
3.0825634,4.3230057,1.2698846,1.2404423,40.24061
3.8515596,4.6840925,1.1062099,0.8325329,21.615475
17.757223,17.274792,0.89416194,0.4824314,2.7168179
43.31272,44.20272,0.9310669,0.8899994,2.0548222
42.38072,44.279644,0.87388724,1.8989258,4.480636
42.747036,43.313572,0.9170756,0.56653595,1.3253222
4.122534,3.5105095,2.0449507,0.6120243,14.845829
5.962366,4.2783175,1.1401106,1.6840487,28.244637
27.464226,27.933939,1.0888866,0.4697132,1.7102729
8.972589,11.785089,0.978805,2.8125,31.345469
38.65557,38.015186,0.97220165,0.6403847,1.6566427
3.8445218,7.654087,2.1329496,3.8095653,99.09075
8.502869,7.020008,1.210176,1.4828606,17.439533
13.16576,9.654626,2.324915,3.5111341,26.668676
27.388227,27.818367,0.90540874,0.43013954,1.5705271
5.3036203,4.613207,0.90784305,0.6904135,13.017777
41.871372,41.62139,0.8855343,0.24998093,0.5970211
40.251698,41.954155,0.864672,1.7024574,4.2295294
41.444874,42.885574,1.212501,1.4407005,3.476185
5.3442397,8.057232,2.0323677,2.7129922,50.764793
6.6981254,6.501534,0.84281015,0.19659138,2.935021
15.838582,18.473473,0.9820053,2.6348906,16.635899
9.8910885,10.956776,1.0865724,1.0656872,10.774216
4.04912,4.8927054,1.0303925,0.8435855,20.8338
3.0676997,3.3961868,0.94146115,0.32848716,10.7079315
37.644627,38.906315,0.9252603,1.2616882,3.3515759
9.09426,7.7405586,1.4744601,1.3537016,14.885231
31.044664,31.181587,0.9248768,0.13692284,0.4410511
43.269405,44.917233,0.94674164,1.6478271,3.8082962
4.1951413,5.8756137,0.9108464,1.6804724,40.057587
11.698435,9.259178,2.3613262,2.4392567,20.851137
3.750576,2.0684566,2.0781155,1.6821194,44.84963
1.7584642,7.133494,1.2059985,5.3750296,305.6661
13.885024,14.151573,1.266472,0.2665491,1.9196877
13.156529,16.428944,0.8786137,3.2724142,24.872929
8.329644,9.409382,0.97774875,1.0797377,12.962591
17.305801,20.225685,0.9470224,2.9198837,16.872282
42.70326,42.922523,1.002525,0.21926498,0.51346195
41.93193,41.526184,1.0509096,0.40574646,0.9676312
8.744543,9.830135,0.9263414,1.0855923,12.414511
8.565674,7.5130615,0.8940273,1.0526123,12.288728
8.575489,8.352811,0.9454716,0.22267818,2.596682
4.817975,5.3699813,0.88791543,0.55200624,11.457225
10.091608,11.160528,0.9144698,1.0689201,10.592169
33.840267,34.949657,0.9046237,1.1093903,3.278314
10.785109,12.394909,0.95115626,1.6098003,14.92614
14.832271,13.978466,0.9010515,0.8538046,5.7563987
9.325306,7.7848024,2.3395474,1.5405035,16.519604
5.3654966,4.29929,1.3556535,1.0662065,19.871532
20.921873,20.010136,1.0505575,0.91173744,4.3578196
8.147709,8.793466,1.1154226,0.6457567,7.925623
37.63026,39.4251,0.8784853,1.794838,4.7696667
37.323837,37.07006,0.9917026,0.25377655,0.6799316
7.7167015,6.44211,1.4067748,1.2745914,16.51731
39.45346,41.022995,0.86655015,1.5695343,3.9781916
39.199005,39.772106,0.93374103,0.57310104,1.4620296
12.712135,11.280901,2.336281,1.4312344,11.258804
43.567055,43.74469,0.8741047,0.1776352,0.40772825
6.9440017,9.073803,1.0197203,2.1298013,30.671095
7.882412,6.3943415,1.5118892,1.4880705,18.878365
32.22254,31.777983,1.2014483,0.4445591,1.3796525
21.902729,27.67724,0.98281074,5.7745113,26.364346
1.7903842,1.8294644,1.3882223,0.039080262,2.1827865
6.5957165,5.400998,0.89461195,1.1947184,18.113548
20.234732,22.174904,0.9252853,1.9401722,9.588326
36.10208,35.34105,1.0467173,0.7610321,2.1080008
21.125507,22.02424,1.0759995,0.89873314,4.254256
43.066948,44.26216,0.97788185,1.1952133,2.775245
6.7326584,7.073099,1.0625235,0.34044075,5.0565577
49.887478,49.438015,0.99419,0.4494629,0.90095335
6.4047894,7.194659,0.9471699,0.7898698,12.332486
5.8275876,4.203617,1.189017,1.6239705,27.866943
33.86852,36.736008,0.9640081,2.8674889,8.466532
24.537321,26.058006,0.94217855,1.5206852,6.1974373
15.262919,10.741427,2.3552625,4.521492,29.624031
40.3218,41.03077,0.90952176,0.7089691,1.7582774
45.40763,45.136997,1.002849,0.2706337,0.5960093
13.071727,16.916311,1.0150332,3.8445845,29.41145
39.871044,39.923832,0.8758309,0.05278778,0.13239628
42.36336,42.205166,0.940767,0.1581955,0.37342528
44.013824,44.73902,0.9078696,0.72519684,1.6476569
42.58181,18.294407,2.30841,24.287403,57.037037
1.8485656,3.6608064,1.0922217,1.8122408,98.03498
2.8638039,4.7994227,0.9628846,1.9356189,67.58909
18.834425,20.23541,0.9614434,1.4009857,7.4384313
3.5666,3.4166138,1.0876944,0.14998627,4.205301
15.54105,17.093096,0.9139547,1.5520458,9.986751
40.977917,42.517452,0.89918256,1.5395355,3.7569883
23.28683,23.794611,0.94544435,0.5077801,2.180546
21.78141,13.899683,2.270752,7.881727,36.18557
17.39333,16.666592,0.89680153,0.726738,4.178257
12.724749,14.076927,0.9938839,1.3521786,10.6263685
10.57246,10.095939,2.3366485,0.4765215,4.507196
16.720463,14.52643,1.1582401,2.1940327,13.121841
40.53474,41.885807,0.9422163,1.3510666,3.3331077
32.668316,34.166,0.91271657,1.4976845,4.584517
3.8352983,4.071621,1.1451402,0.23632264,6.16178
5.8436213,6.8395824,0.931541,0.9959612,17.04356
5.2844415,5.0846615,0.89868,0.19977999,3.7805316
9.028034,9.892359,0.93785614,0.86432457,9.573785
19.575472,18.06797,1.3785102,1.5075016,7.7009716
3.8261623,3.8577986,0.96364695,0.031636238,0.8268399
8.835843,6.7735453,2.1901906,2.0622978,23.340136
43.46719,43.22237,0.88948864,0.24481964,0.5632286
35.347584,35.949707,0.93506736,0.60212326,1.7034354
25.871254,25.139585,1.1533054,0.7316685,2.8281138
16.841007,15.564455,1.2861485,1.2765522,7.580023
39.734493,39.2526,1.0263393,0.48189163,1.2127792
3.9143298,4.742714,0.91158324,0.82838416,21.16286
3.9237385,3.6664207,1.2218326,0.25731778,6.5579743
13.573355,18.0603,0.9585757,4.486946,33.05702
44.345024,46.098255,0.99992055,1.753231,3.953614
41.393246,42.283573,0.874256,0.89032745,2.1509004
40.924404,41.102783,0.946822,0.17837906,0.43587455
44.656555,44.512043,0.9627972,0.14451218,0.32360798
5.8987913,7.3746176,1.1955795,1.4758263,25.01913
43.840088,44.37318,1.2425888,0.5330925,1.2159932
2.3691807,6.0920534,1.0167309,3.7228727,157.13756
43.80606,44.108124,0.9190895,0.302063,0.6895461
43.277504,43.599586,1.000842,0.32208252,0.7442262
6.0540333,5.1249914,0.93658674,0.92904186,15.345834
11.046887,13.5334,0.92950994,2.4865122,22.508713
34.055023,34.90683,0.9399491,0.85180664,2.5012658
22.355465,21.563416,0.9943391,0.7920494,3.542979
30.50188,30.556175,1.3971988,0.054294586,0.17800406
36.227566,35.717957,1.0333978,0.5096092,1.4066892
41.631104,43.229813,0.87701476,1.5987091,3.8401794
39.67759,40.764744,0.90412223,1.0871544,2.739971
36.797256,38.09902,0.95136154,1.3017616,3.5376594
44.068085,44.936337,0.9112727,0.8682518,1.9702508
7.134076,6.0825577,0.94623506,1.0515184,14.739377
19.822275,19.237156,0.8953419,0.58511925,2.9518268
11.430978,10.04338,2.2455354,1.387598,12.1389265
43.879944,45.062954,0.90832615,1.1830101,2.6960156
7.9708943,9.308498,0.9942811,1.337604,16.781103
15.484498,20.475431,1.0840961,4.9909334,32.231808
43.43877,44.500443,0.8666737,1.0616722,2.444066
6.1106434,6.1461296,1.0722924,0.03548622,0.58072805
10.179186,7.2973056,1.4725608,2.8818803,28.3115
32.823017,31.99025,1.0490131,0.8327675,2.537145
43.404037,43.77126,0.928167,0.36722183,0.84605455
8.797554,8.71418,0.91927856,0.08337402,0.9476955
45.405758,43.54362,0.88733476,1.8621368,4.101103
11.69212,13.7638855,0.94914937,2.071766,17.719336
23.761423,24.211815,0.9695873,0.45039177,1.8954747
16.25189,20.10856,0.9193665,3.8566704,23.730597
44.06612,44.132214,1.0404078,0.066093445,0.14998698
13.106077,12.669264,0.9834549,0.43681335,3.332907
7.8177476,5.9991302,1.1002462,1.8186173,23.262678
44.732075,44.76755,1.013306,0.035476685,0.07930928
19.802048,19.131693,1.6366596,0.67035484,3.3852804
10.229345,12.717588,1.4436344,2.488243,24.324558
41.298218,41.253025,0.92165536,0.04519272,0.109430194
41.08065,41.956497,0.9295979,0.87584686,2.132018
7.4826775,6.4786305,1.0832102,1.0040469,13.418284
7.201473,6.759104,0.8945357,0.44236946,6.1427636
39.87344,40.017357,0.94759446,0.14391708,0.3609347
18.385868,17.573788,0.9494495,0.8120804,4.4168725
10.757914,11.031942,1.6695855,0.27402878,2.5472298
32.10943,31.7448,0.92538863,0.36462784,1.1355788
5.593168,5.184418,0.89456666,0.40874958,7.308016
40.095387,38.476727,0.99300915,1.61866,4.037023
1.8058281,2.0763412,2.066576,0.27051306,14.9800005
3.4598072,4.213498,0.9246481,0.75369096,21.78419
26.298065,30.210823,0.9318532,3.9127579,14.878501
3.2119875,6.488475,2.3708878,3.2764874,102.0081
43.172733,43.29989,0.9826853,0.1271553,0.29452688
6.823308,7.533368,0.94334286,0.7100601,10.406391
39.966625,40.317593,0.88142806,0.3509674,0.87815124
10.464722,11.21056,0.9299059,0.74583817,7.1271667
9.385552,9.441624,1.9095385,0.05607128,0.5974212
40.153603,40.88812,0.87984455,0.73451614,1.8292658
20.721272,25.348915,0.90929866,4.6276436,22.332815
38.87346,39.110123,0.859695,0.23666382,0.60880566
20.21129,23.562658,0.99549633,3.351368,16.581661
4.3007646,4.4662523,1.0069884,0.16548777,3.8478684
43.021454,42.88511,1.12694,0.13634491,0.31692305
44.42691,44.087532,0.9939031,0.33937836,0.76390266
42.472576,40.894894,1.0250943,1.5776825,3.714591
40.04859,31.800808,1.7294236,8.247784,20.594442
11.782323,12.119576,2.33168,0.33725357,2.862369
41.536163,41.81055,0.9135586,0.27438736,0.6605987
9.983503,7.622988,2.0322022,2.360515,23.644156
9.495299,9.175854,0.9232085,0.3194456,3.36425
8.912872,10.667133,1.1397032,1.754261,19.682331
14.597507,12.122622,2.337798,2.474886,16.954168
5.766147,8.171215,1.8302317,2.405068,41.710136
4.1367407,5.0059905,0.9521694,0.8692498,21.012915
40.342907,41.80379,0.92368716,1.4608841,3.6211672
40.068607,40.725742,1.1269212,0.657135,1.6400245
8.664257,9.1406975,1.6130004,0.47644043,5.4989185
5.9838233,5.9913754,0.95676285,0.007552147,0.1262094
36.307858,36.68404,0.8793461,0.37618256,1.0360913
34.559654,35.835003,0.8928566,1.2753487,3.6902819
22.611002,23.853878,1.3273499,1.242876,5.4967756
8.80994,6.143629,2.185873,2.6663113,30.264807
7.8184543,6.531245,1.080718,1.287209,16.463728
5.7991514,5.2373223,1.161212,0.5618291,9.688126
6.0527973,3.8792796,1.2490617,2.1735177,35.90931
4.76938,3.4597838,0.93912613,1.3095963,27.458416
40.165054,41.081535,1.0865659,0.916481,2.2817872
7.054776,5.378216,0.98031306,1.6765604,23.764898
44.317383,44.416836,0.91568077,0.09945297,0.22441076
7.5396686,7.5077643,0.92273265,0.03190422,0.4231515
1.3761804,5.3515015,1.939587,3.975321,288.86627
5.001941,8.082846,1.016161,3.0809045,61.594177
2.570528,4.854072,2.2467825,2.283544,88.8356
6.8861866,4.3538637,0.949129,2.532323,36.77395
7.537032,6.44812,1.4948419,1.088912,14.447491
38.13342,39.045822,0.9460403,0.9124031,2.3926601
9.111409,6.507192,0.90325665,2.604217,28.581934
37.95462,39.668648,0.9659254,1.7140274,4.515991
49.74056,48.616505,1.0570962,1.124054,2.2598338
11.321319,12.662632,2.1936555,1.3413134,11.847677
5.9606695,4.354161,1.0817094,1.6065087,26.951818
0.48573357,2.0716486,2.2234962,1.5859151,326.49896
6.569964,5.9683676,1.1584369,0.60159636,9.156768
4.217604,3.0584803,0.99351925,1.1591239,27.482994
10.909973,12.593351,1.9161811,1.6833782,15.42972
40.06278,41.21879,0.95157105,1.1560097,2.8854954
36.50858,37.484123,1.0384613,0.975544,2.672095
16.448954,16.903084,1.7935703,0.45413017,2.7608454
2.2952883,2.0408516,1.2464215,0.25443673,11.085175
12.259877,12.590929,1.9439174,0.33105183,2.7002866
18.071764,18.120594,0.93665475,0.048830032,0.2702007
5.5015664,2.976791,1.017366,2.5247755,45.89194
15.642277,14.250986,0.9143099,1.3912907,8.894425
4.5359025,5.7584224,1.1756891,1.2225199,26.952074
5.91677,5.6862607,0.9219018,0.23050928,3.8958635
6.0675726,6.790325,0.8542761,0.7227526,11.911724
10.929415,10.317744,0.9117401,0.6116705,5.596553
8.728096,8.517436,1.7334914,0.21065998,2.4135847
43.920177,43.609386,0.9921831,0.31079102,0.70762694
8.256972,7.076158,2.0362737,1.1808143,14.300815
11.28254,12.101976,1.2867205,0.8194361,7.2628684
29.709204,28.50772,0.9059097,1.2014828,4.044143
5.9600267,5.4862175,0.9271096,0.47380924,7.949784
40.615524,25.615139,0.9134561,15.000385,36.93264
8.118635,10.288387,1.6859211,2.1697521,26.725578
4.7215295,4.9655337,1.5042537,0.24400425,5.1679068
40.46934,40.74992,1.0014049,0.2805786,0.6933115
40.30102,41.53266,0.9342975,1.2316399,3.0561008
8.799451,7.6396923,1.0082247,1.1597586,13.179897
34.28077,35.36101,0.90615207,1.0802422,3.1511607
49.4579,46.509514,0.95876205,2.9483871,5.9614077
41.313953,41.702457,0.9440306,0.38850403,0.94037
43.77759,44.623173,0.90661556,0.84558105,1.9315386
32.457027,32.35496,1.3501562,0.10206604,0.31446514
19.662403,20.61985,0.9214786,0.95744705,4.8694305
38.66582,39.49236,0.9123751,0.8265381,2.1376452
26.187077,26.407085,1.5996504,0.22000885,0.84014285
4.253896,4.342328,0.94102013,0.088431835,2.0788434
3.8279607,3.7824783,0.93800664,0.045482397,1.1881626
26.426853,27.560898,1.0199062,1.1340446,4.291259
16.201984,14.38924,2.2413933,1.8127441,11.188408
3.0936623,4.4650736,0.9159906,1.3714113,44.329704
42.966072,43.99867,0.978143,1.0325966,2.4032836
11.63007,9.235091,2.1947184,2.3949785,20.592985
25.438608,26.436361,0.89772916,0.99775314,3.9222002
44.84369,44.57226,1.0101541,0.27142715,0.6052739
29.636002,31.365772,0.98806643,1.7297707,5.836721
6.8270936,5.00217,2.046694,1.8249235,26.730606
4.7565417,5.031719,1.2253709,0.27517748,5.7852426
5.4141107,4.5260086,1.3840135,0.88810205,16.403471
43.592457,44.165783,1.0201837,0.5733261,1.3151957
42.220966,43.862103,0.8583242,1.6411362,3.887017
20.217447,21.425169,0.9383962,1.2077217,5.973661
8.229195,6.882266,0.8951182,1.3469286,16.367683
18.626238,18.111216,0.91978884,0.5150223,2.7650366
10.856323,9.63668,2.3308537,1.2196436,11.234407
39.086544,38.921463,1.0172812,0.16508102,0.42234746
43.82273,43.09558,0.980742,0.72714996,1.6592987
17.404194,18.946913,0.89642555,1.5427189,8.864063
28.747662,30.658686,1.0220847,1.9110241,6.647581
44.1351,44.265797,0.89550346,0.13069534,0.29612562
39.545525,42.570015,0.8941305,3.0244904,7.648123
49.98769,48.775047,1.1875681,1.2126427,2.4258826
38.222214,37.94658,1.6591167,0.27563477,0.72113764
40.678497,40.6005,0.8636907,0.077999115,0.19174533
3.0092304,4.899131,1.1859396,1.8899004,62.80345
21.8458,26.170506,0.97749436,4.324705,19.796507
14.180948,17.600819,0.9122541,3.4198704,24.11595
7.9835715,7.0026574,1.3757555,0.9809141,12.286658
15.268967,13.220884,1.0836354,2.0480824,13.413365
8.183122,7.6866803,1.9932877,0.49644136,6.06665
43.807327,36.900322,0.91729677,6.9070053,15.766782
5.117389,5.163299,1.1443058,0.04590988,0.89713484
49.92229,48.704906,1.0889477,1.2173843,2.4385586
11.97756,13.244341,1.0370951,1.2667809,10.576284
31.426521,32.193363,0.97655755,0.7668419,2.4401107
5.87387,5.438203,0.9950462,0.43566704,7.417036
6.5114365,5.7095423,1.4309614,0.8018942,12.315166
4.0899324,8.174041,2.3669283,4.0841084,99.8576
40.97909,41.158585,0.90896773,0.17949295,0.43801105
11.217541,11.759202,0.86109525,0.54166126,4.8286986
42.144184,41.838795,0.92069536,0.3053894,0.72463
42.67186,43.205853,0.91539484,0.53399277,1.2513932
16.79482,19.641531,0.9049386,2.8467102,16.949928
7.9992647,6.5344977,1.0617423,1.464767,18.31127
0.874866,3.002584,2.2452693,2.127718,243.205
20.530706,21.429747,1.6248448,0.8990402,4.379003
19.382498,20.095787,0.9610702,0.71328926,3.6800687
4.645352,3.5185695,1.1980101,1.1267824,24.256124
11.879735,11.950484,0.93797565,0.07074928,0.59554595
9.171208,9.109929,0.92996,0.061279297,0.6681704
34.02375,33.42109,1.0826325,0.60266113,1.7712954
20.807623,21.643318,1.0440636,0.83569527,4.016294
7.7648263,9.137745,1.4674968,1.3729186,17.681253
9.361327,10.57323,2.000791,1.2119026,12.945842
3.0790322,3.841617,0.9287666,0.7625849,24.767033
6.5583286,5.3666086,1.3271487,1.19172,18.171093
39.761505,40.760887,0.89159644,0.999382,2.513441
10.284507,10.7156725,0.95685804,0.4311657,4.192381
23.483904,24.194727,0.97478104,0.71082306,3.0268521
8.010417,9.393192,0.9051817,1.3827753,17.262213
5.145491,4.086032,1.1786082,1.0594592,20.59005
15.214875,15.5724125,0.99242,0.35753727,2.349919
1.4350209,2.875115,1.2588226,1.440094,100.353516
11.38412,11.706129,1.2706134,0.3220091,2.8285813
36.080437,36.301888,0.9147302,0.2214508,0.61376977
33.670586,35.670296,0.8654247,1.9997101,5.9390416
3.959924,5.4073906,1.1541901,1.4474666,36.552887
38.00975,38.13698,1.4981304,0.12722778,0.33472407
39.63422,40.30969,0.9353044,0.67546844,1.7042557
31.98595,35.725037,1.2239465,3.7390862,11.689777
8.323976,10.691715,2.1587803,2.3677397,28.444818
43.985508,43.50583,0.9035377,0.4796791,1.090539
40.31474,41.05877,0.95311695,0.74403,1.8455533
11.429246,10.925821,2.213633,0.50342464,4.4047055
40.795536,42.80769,0.88762033,2.0121536,4.9322886
6.1920996,8.09635,1.1044774,1.9042501,30.7529
4.6155415,4.466401,1.1937183,0.14914036,3.2312646
11.021954,6.6019783,2.3721035,4.4199753,40.10156
44.374363,22.478415,1.3961045,21.895948,49.34369
6.5327296,5.389237,1.1014239,1.1434927,17.504057
42.101254,40.526657,0.981099,1.5745964,3.7400227
22.115576,25.47549,0.97132355,3.3599148,15.192527
32.938534,34.77002,0.93096215,1.8314857,5.5603137
27.917574,27.058023,0.95569795,0.8595505,3.0788867
31.863361,31.058031,1.0351161,0.8053303,2.5274491
16.184252,13.98723,0.9645464,2.1970215,13.575057
7.825697,7.3341208,1.8656467,0.4915762,6.281564
5.1754394,4.9068646,1.3986816,0.2685747,5.189409
6.675926,8.884753,1.0060177,2.208827,33.086452
22.415722,22.56115,0.90810275,0.1454277,0.64877546
42.718647,43.037796,0.9282461,0.31914902,0.74709535
16.785988,13.077696,0.91394556,3.708292,22.091593
44.891594,45.305183,0.98753375,0.41358948,0.9213072
12.617985,11.835774,0.9361735,0.78221035,6.1991706
34.39391,33.740437,1.0254477,0.6534729,1.899967
3.1609077,2.829011,1.0472509,0.33189678,10.500047
22.862518,23.603703,0.8770947,0.74118423,3.2419186
3.5476692,3.4466298,1.1915234,0.10103941,2.8480506
40.72972,41.500538,0.94276243,0.7708168,1.8925167
11.071396,12.487822,0.9783111,1.4164257,12.793561
11.188931,19.79289,1.9443891,8.603959,76.89706
33.194775,33.27959,1.1325089,0.08481598,0.25551003
9.055072,7.816945,2.1755202,1.2381268,13.673296
25.214859,25.282824,0.98123485,0.067964554,0.26954168
41.118504,34.201435,0.94343865,6.9170685,16.822277
23.675528,25.161509,0.90976447,1.485981,6.276443
18.42119,19.06423,0.94593924,0.6430397,3.4907608
2.083364,3.3029962,1.9832747,1.2196321,58.54148
42.943134,42.48292,0.90043664,0.4602127,1.0716794
4.074635,2.912242,1.0852575,1.1623931,28.52754
7.4215665,9.299267,2.0070353,1.8777003,25.300592
34.82593,37.047153,0.97474825,2.221222,6.378069
8.855009,7.110388,2.3296618,1.7446213,19.702084
18.647522,21.953428,0.8871034,3.3059063,17.728395
7.5391655,7.3693123,0.9097254,0.16985321,2.2529445
2.1973393,6.0071144,0.89767814,3.809775,173.38129
3.79909,3.8033192,0.94194067,0.004229307,0.11132422
10.837289,10.929773,0.98156255,0.092484474,0.85339123
28.523308,27.660917,1.9235027,0.8623905,3.023459
6.7007647,6.656275,1.1720213,0.04448986,0.663952
13.52337,15.416584,0.8837836,1.8932142,13.999575
5.345011,5.4162025,1.7711868,0.07119131,1.3319207
44.52463,44.66376,0.8914528,0.13912964,0.31247792
10.252339,7.2908807,2.1670017,2.9614587,28.885687
34.361977,33.52288,1.0757049,0.83909607,2.441932
4.535617,4.0650425,1.0134394,0.47057438,10.375091
