,MAE,MSE,R2
Kp,6.215135,172.991410,0.219612
Ki,3.455295,51.189811,0.072374
Kd,5.210997,93.839888,0.657836
