,MAE,MSE,R2
Kp,8.878713482613977,298.1366300462374,0.2311976920057216
Ki,4.318595451203569,99.68814554965842,0.15888443408752073
Kd,8.992803177173226,246.9637399980891,0.6366893645617617
