,R2_log,MAE_log
Kp,0.9897471070289612,0.020540155470371246
Ki,0.971579372882843,0.046624258160591125
Kd,0.9294726252555847,0.39639541506767273
