,MAE,MSE,R2
Kp,9.807578386716047,255.45404226512176,0.3412629060393041
Ki,5.269351220337385,88.15429687752504,0.2562009163986275
Kd,9.113518383671314,210.1530431198321,0.6908419202117022
