,R2_log,MAE_log
Kp,0.9840510487556458,0.02913137711584568
Ki,0.9638097882270813,0.057125020772218704
Kd,0.9365792274475098,0.35174718499183655
