,MAE,MSE,R2
Kp,61.697967,5775.331659,0.211910
Ki,60.675917,5516.979788,0.290351
Kd,52.924203,4377.375824,0.422951
