Kp,Ki,Kd,ISE,Overshoot,SettlingTime,RiseTime,Cost
0.5101289429856561,1.9992238485433598,1.9909212786547554,0.11338765323300262,0.15572292582699973,0.003828974877114248,3.9380768770221253,0.8648808168384489
0.5107028812251224,1.9935629153066068,1.9895571045813991,0.1165681444088075,0.1554024339478379,0.000808130897107566,3.9451941531929164,0.8669082013710955
0.5090774069464281,1.997418485679114,1.996382523447949,0.11281803880611943,0.15559255773942635,0.007822035798713704,3.9509490997018135,0.8679999541704385
0.5084965889774922,1.9984733188801034,1.9703014355697719,0.11922094682692289,0.15608399548844168,0.00719217283745615,3.951053334393894,0.8705542792747276
0.5085718717401282,1.998320909567204,1.9677647596244152,0.1199720276257982,0.1561109935183421,0.006630997308472324,3.9505268012570536,0.870642569467093
