Kp,Ki,Kd,ISE,Overshoot,SettlingTime,RiseTime,Cost
2.75342682006334,0.01,0.3892846145738544,17.98591941837234,0.4625243232681453,211.28355246054997,16.024572650989885,0.4362901159400533
2.7534268133472595,0.01,0.38928461464249087,17.985919411131896,0.46252432377548613,211.28355250691135,16.024572635990403,0.4362901159607684
2.7534268222234477,0.01,0.3892846148280102,17.98591942032223,0.462524323108897,211.28355244582383,16.024572661684093,0.43629011596097333
2.7534268222234477,0.01,0.3892846148280102,17.98591942032223,0.462524323108897,211.28355244582383,16.024572661684093,0.43629011596097333
2.7534268233472594,0.01,0.38928461464249087,17.985919421772483,0.4625243230215278,211.28355243794948,16.024572665621086,0.4362901159657558
