,MAE,MSE,R2
Kp,0.028348,0.002608,0.993135
Ki,0.010549,0.003117,0.747645
Kd,0.151768,0.081123,0.992933
