Kp,Ki,Kd,ISE,Overshoot,SettlingTime,RiseTime,Cost
14.733088680165672,0.39514687704073914,15.234339652965058,13.672185905838957,0.015236172271759413,390.8096161833465,176.362586261935,416.05786559861303
19.587311125611983,1.78177316524412,18.444617396774596,11.377558946920102,0.17413378467535576,433.4150981853004,113.72852320131659,440.9107791191521
15.126369949233116,0.8746010399242188,15.016227627488782,12.911047290089941,0.12498812696622749,323.32187350488164,127.24169304664922,339.73049417642227
11.883569401472654,0.07098569785447495,15.556242868878346,9.65808923812614,0.19247674899768405,421.59535740972893,191.1704263094586,448.9739534900612
10.403778581230966,0.22303392719909354,18.851554637857745,5.850248934040492,0.29581881808285326,421.9629615573932,181.1977454179898,446.73779015790177
10.81229668145858,0.07691051675023353,17.290825057950784,6.479098354092901,0.22220740219011556,430.65761693631566,194.13263205209512,458.1929460523089
9.44580275872969,0.08787770679024298,14.220393927425325,8.514109013480905,0.21530209071210313,378.13966757462305,157.87454190965212,399.33156211015546
