Kp,Ki,Kd,ISE,Overshoot,SettlingTime,RiseTime,Cost
7.865747136721502,0.2392638148758195,16.278993605644718,8.080535686644456,0.3077758871845854,377.4985055340322,167.054549439144,112.20438044672994
16.18835976059525,0.08768130058871115,19.706509584322177,9.936402608512587,0.0039790724121027965,521.2527431229677,257.9831240332742,159.82253028913584
11.70996716167647,0.3129985284078636,19.700194956588923,5.4277927280895515,0.3337223034781186,419.16479873679896,180.3335046968746,122.13752223866615
