Kp,Ki,Kd,ISE,Overshoot,SettlingTime,RiseTime,Cost
3.5299410253262167,0.010001170919427555,0.9149237751380171,14.530441734849157,0.5496526988354856,140.07482935414617,20.607446372220497,38.0585623789801
3.5299410153262167,0.010001170919427555,0.9149237751380171,14.530441729692535,0.5496526987786854,140.0748294014574,20.607446337439494,38.05856237941214
3.5299410485891687,0.010001170919419157,0.9149237785749329,14.530441738361155,0.5496526984205651,140.0748292471271,20.60744647714658,38.05856237988331
3.5299410153262167,0.010001170919427555,0.9149237851380172,14.530441705008228,0.5496526971869983,140.0748293915479,20.60744640731244,38.05856238121276
3.529940967860344,0.010001170919442068,0.9149237864765586,14.530441677227843,0.5496526967043464,140.07482961479155,20.60744625157336,38.05856238350499
