Kp,Ki,Kd,ISE,Overshoot,SettlingTime,RiseTime,Cost
14.733088680165672,0.39514687704073914,15.234339652965058,13.672185905838957,0.015236172271759413,390.8096161833465,176.362586261935,1.1152072472338856
17.465452470682024,1.516427616445723,16.562336580126853,12.05927943927149,0.2059402759844687,397.0102920268791,104.65429895001031,0.803409908357787
18.220120687402364,1.8352869189449876,17.412545847997468,11.36851123575324,0.2727274428858909,451.8349229451653,96.59020741831571,0.805471637375017
14.39735754863102,0.2389173909214417,15.401780625081638,12.928691166906933,0.017226526362713462,414.8077612342668,190.61155427949853,1.1970900115225718
12.042199547727193,1.1056646919406141,18.322983928941145,7.169752884041388,0.578266719328017,339.7547296987267,89.72570079709003,0.7809969308769211
17.90388572384887,0.1312882572751981,0.23253202570733222,29.091113542826452,0.0017032375331001715,483.10031166951387,359.18754729160213,2.110641485533109
10.472506941273721,0.34391375467565233,16.13096870322116,7.674801417840904,0.33375626932458513,366.2828433557616,139.83862946885245,0.9849606398978915
