Kp,Ki,Kd,ISE,Overshoot,SettlingTime,RiseTime,Cost
7.270362602957905,0.16829393201725118,4.376463026576021,18.465726887255713,0.13199724615643268,225.66411483560427,76.32945957568236,0.66597161848974
8.950127379470215,0.023666425110469902,4.708620896257743,19.177721672047554,0.003763330775378465,264.02056191681504,134.70282049920158,0.9502981286886166
5.19325303570216,0.01446333709948,3.520764798090985,13.22750137838148,0.17916279512856734,208.1571465318965,64.76399856476124,0.5718955252097574
4.737044321540204,0.011888532733224544,3.300538829499997,12.338002458937352,0.20005427021810882,207.4025027711277,57.233350235093724,0.5324165885575898
3.8857627330282156,0.021689835908100363,2.576059797093641,11.173709786250829,0.31674003755399416,193.64388835762185,39.72216941142533,0.45842062402131734
3.5027390599526225,0.02242629608008251,2.558922436856235,10.977555065853073,0.3621941014823774,207.06725155225985,37.828613825448436,0.4655568832678645
4.657477535953271,0.017948757269506288,3.1163358843589966,12.115798079445751,0.21859715845817293,200.6442457386398,54.948700619105864,0.5205834011752355
7.0421588372313,0.1939490216510782,4.115289533552881,18.210017594263675,0.15587073847623886,220.47739938196517,68.80237038112047,0.6297933681726222
3.8066545938902934,0.02867755845422426,2.540280412204854,11.164214932841672,0.3294101052706464,194.8125534654637,38.2743062876991,0.4548619464852015
