Kp,Ki,Kd,ISE,Overshoot,SettlingTime,RiseTime,Cost
3.3599455094807738,0.01,0.99979800002237,14.17997177789658,0.5351770359074365,141.02510028323985,21.543280658081247,0.4183730007431097
3.359945499480774,0.01,0.99979800002237,14.179971773600853,0.5351770358506363,141.0251004215034,21.543280654414037,0.4183730007474874
3.359945499480774,0.01,0.99979801002237,14.179971740170764,0.5351770344552578,141.0251003040381,21.5432807909049,0.4183730007716387
3.3599455102925466,0.01,0.9997979750467847,14.179971861738903,0.5351770398873794,141.0251005653925,21.54328031748503,0.41837300080500806
3.3599455202925466,0.01,0.9997979650467846,14.17997189946472,0.5351770415358666,141.0251005445943,21.543280184661384,0.4183730008255561
