,R2_log,MAE_log
Kp,0.977935791015625,0.03474746271967888
Ki,0.9646297693252563,0.06211501359939575
Kd,0.9414428472518921,0.3421013653278351
