,R2_log,MAE_log
Kp,0.9853755235671997,0.029424630105495453
Ki,0.9548786878585815,0.06085385009646416
Kd,0.9469029903411865,0.34710338711738586
