y_true,y_pred,y_std,abs_error,rel_error_%
1.0244209,1.5028746,1.5083346,0.47845376,46.704803
0.6507597,0.60002595,0.85919803,0.050733745,7.79608
9.9390335,8.795057,0.8916113,1.1439762,11.509934
0.76684624,0.49223208,1.5074965,0.27461416,35.810852
4.1110253,3.912147,0.87349236,0.19887829,4.837681
0.6771854,0.042316914,0.9537187,0.6348685,93.75106
0.6887489,1.4660716,1.0413477,0.7773227,112.8601
6.946136,7.6365843,0.8955802,0.6904483,9.940034
0.9094064,0.09680772,1.7622975,0.8125987,89.35485
1.8670017,2.5717618,0.9031187,0.7047602,37.748238
1.517607,2.0934706,1.0674474,0.5758636,37.945503
0.5362559,0.20245361,1.8042204,0.33380228,62.24683
1.4303333,1.8436351,0.9074125,0.41330183,28.89549
12.19471,6.74142,0.9951636,5.45329,44.718487
1.0197042,1.9324025,1.3452168,0.91269827,89.50618
6.5242434,11.282855,0.89392716,4.7586117,72.93737
0.48328203,1.4426341,0.88411605,0.9593521,198.50772
4.3582845,5.2457476,0.8949995,0.8874631,20.362669
10.859898,11.804005,1.7161083,0.94410706,8.693517
0.91742915,0.57321703,1.0702208,0.3442121,37.519203
11.401994,15.747608,1.6305296,4.3456144,38.11276
2.0550418,2.184988,0.91961646,0.12994623,6.323289
5.182475,3.5626807,0.9022803,1.6197944,31.255226
2.2492168,2.6777434,0.8763724,0.42852664,19.052261
4.171824,4.2286005,0.8739859,0.056776524,1.360952
2.5163386,2.651887,0.89024675,0.13554835,5.3867297
0.98805183,0.49715042,1.4175848,0.4909014,49.683773
23.942583,26.163471,0.9412901,2.2208881,9.275891
3.0563152,2.095968,0.9702126,0.9603472,31.421732
22.48845,21.552937,0.9397268,0.93551254,4.1599693
9.181316,9.568935,0.9486657,0.38761902,4.221824
3.6684415,3.428648,1.3916955,0.23979354,6.5366597
0.5595827,0.16379642,1.4912226,0.3957863,70.72883
0.6935744,1.3836622,1.1203545,0.6900878,99.4973
1.0792358,0.48427474,0.9697432,0.59496105,55.127995
3.3318698,5.238858,1.8965564,1.9069884,57.23478
0.50651675,1.1015724,1.6811115,0.59505564,117.47996
0.49635282,0.8657116,0.92327744,0.3693588,74.41457
1.2190229,0.7611085,1.4997284,0.45791435,37.56405
3.6041868,2.836478,1.5768259,0.7677088,21.30047
0.6067429,1.7125227,1.7499856,1.1057799,182.2485
0.9029846,0.81199026,1.3823216,0.09099436,10.077066
5.997522,4.1476974,0.85956424,1.8498244,30.843145
0.3442627,0.6227582,1.1057242,0.27849552,80.896225
5.06627,8.214496,1.796161,3.1482258,62.1409
1.332323,1.4619641,0.8770486,0.12964118,9.730461
31.764008,30.154337,0.9196893,1.6096706,5.067593
2.977384,2.8709893,0.87563974,0.10639477,3.573431
0.6841081,0.7130704,1.037701,0.028962314,4.2335877
0.5920017,1.6200451,0.92060965,1.0280434,173.65549
1.6428171,1.8465822,0.9067318,0.20376503,12.403391
1.4273069,1.7561713,0.9043179,0.32886446,23.040907
3.364887,3.5423484,0.86205035,0.17746139,5.2739186
3.0762103,16.07409,1.1085123,12.997879,422.52893
1.7560734,1.753314,0.97980994,0.0027593374,0.1571311
46.463085,38.97489,0.97540694,7.4881935,16.116436
20.834133,19.569061,1.5160598,1.2650719,6.072112
0.51500237,0.8240148,0.9291032,0.3090124,60.002132
2.2077441,1.6455474,0.8641864,0.56219673,25.46476
1.1099412,1.0038235,0.9735049,0.106117725,9.560661
1.4004513,1.4103069,0.91063344,0.009855628,0.70374656
17.388153,16.091148,1.4504056,1.2970047,7.4591284
2.2416942,2.7508888,0.987309,0.5091946,22.714722
4.5346165,2.0452302,0.8797642,2.4893863,54.897396
2.4103363,1.9798563,1.1405997,0.43048,17.859749
1.476408,2.5257428,1.660499,1.0493348,71.073494
4.6421347,5.9599695,1.6739407,1.3178349,28.388552
2.5833437,4.3850718,0.8759241,1.801728,69.74403
0.3453866,0.531332,0.93260753,0.18594542,53.836895
0.81491524,0.73931557,0.845472,0.07559967,9.276998
0.82150745,0.20517933,1.1372349,0.6163281,75.02405
23.588284,19.186584,0.89149857,4.401699,18.660532
2.8188033,2.4170513,0.90886015,0.401752,14.252574
7.6797924,7.475633,0.9734646,0.20415926,2.6583955
3.2125509,4.359131,1.2130977,1.14658,35.69064
0.4743145,0.82786304,0.8832134,0.35354853,74.53883
7.5229297,7.166916,1.2074276,0.35601377,4.7323823
2.2410598,1.7063811,0.9074051,0.5346787,23.858297
0.8141703,1.8000395,0.90623546,0.9858692,121.08882
1.7432997,1.5461006,1.2838258,0.1971991,11.31183
1.3875355,4.036273,1.5800704,2.6487374,190.89513
2.2581723,2.3122811,0.93878514,0.054108858,2.396135
5.4841576,6.8665504,1.6025631,1.3823929,25.207024
0.88930297,0.7468754,1.6938448,0.14242756,16.01564
8.0774355,13.972387,0.8961961,5.894952,72.980484
16.332537,21.731676,0.91573584,5.3991394,33.057568
0.54117334,0.75605685,0.92391825,0.2148835,39.706963
3.081844,1.0082557,0.90161467,2.0735884,67.28401
0.973476,1.1663898,1.034029,0.19291383,19.81701
0.3836312,0.9360262,0.91237265,0.552395,143.99115
2.0974615,1.5830361,0.861049,0.5144254,24.526094
1.7151688,2.4563453,1.2024242,0.7411765,43.21303
3.3605227,5.479789,0.86684716,2.119266,63.063583
3.1606288,5.435086,0.877301,2.274457,71.962166
0.81038684,0.7271366,0.93118775,0.083250225,10.2729
3.2983727,3.0503707,0.90656424,0.24800205,7.5189214
4.0559626,4.0742683,1.5908012,0.018305779,0.45133007
0.52702373,0.84137607,1.1849754,0.31435233,59.646713
0.6827667,1.3398383,0.8970271,0.6570716,96.236626
17.70361,16.717642,1.098727,0.98596764,5.569303
0.45397565,2.7433271,0.893434,2.2893515,504.2895
7.0226703,8.347428,0.8784935,1.324758,18.864021
0.21063405,0.5439942,1.3037722,0.33336014,158.26508
10.983944,11.886341,1.198101,0.90239716,8.215602
2.0042737,1.8129231,0.9225337,0.19135058,9.547128
0.83302104,1.3838367,0.9104397,0.5508157,66.122665
2.0894098,2.013106,0.90409786,0.07630372,3.651927
0.45218152,0.6192513,0.9554076,0.1670698,36.947506
13.396087,11.763296,1.0649585,1.6327906,12.188563
1.9974282,1.8048778,0.93137324,0.19255042,9.639917
1.4967506,1.3248501,0.89462036,0.17190051,11.484914
20.035048,23.14552,0.93638706,3.1104717,15.525153
0.5049001,1.3663155,1.590244,0.8614154,170.61105
5.6327004,6.314226,0.9810662,0.6815257,12.099449
0.84697324,0.7330737,0.9020337,0.11389953,13.44783
1.7449838,2.3321214,0.93373144,0.5871376,33.647163
13.068656,11.021186,0.97069424,2.04747,15.667028
2.8936005,4.428277,0.9121459,1.5346766,53.03692
7.126731,7.572654,0.9802706,0.44592285,6.257046
4.5176516,6.383091,1.7128351,1.8654394,41.29224
2.8402743,2.8543866,1.1904838,0.014112234,0.49686167
4.5194354,9.512783,1.5743253,4.9933476,110.4861
0.35452113,0.6225412,0.98846316,0.26802006,75.600586
1.5464112,1.9241099,1.434443,0.37769878,24.424215
0.8182325,2.8139453,0.8720119,1.9957128,243.90535
3.7454019,5.7994175,1.7628354,2.0540156,54.840996
1.730468,2.3480647,1.3773015,0.6175966,35.68957
0.29909497,0.0,1.0332372,0.29909497,100.0
2.039144,2.7740898,1.5385096,0.7349458,36.041874
0.16961505,1.258352,1.3177086,1.088737,641.8871
0.5361539,0.95657593,0.8971318,0.42042202,78.41443
0.81700295,1.3640844,1.6370286,0.5470814,66.96199
1.5665834,2.0717666,1.8066652,0.5051832,32.24745
0.940562,1.6761748,0.87659657,0.73561275,78.209915
5.317453,8.002537,0.88865346,2.6850839,50.495678
32.647064,7.9634385,0.8708398,24.683626,75.60749
5.891366,7.1920567,0.9217826,1.3006907,22.077911
12.150933,20.916466,0.91372997,8.7655325,72.138756
41.10046,19.043634,0.9196776,22.056826,53.66564
2.5628054,2.1070056,0.8760025,0.45579982,17.78519
0.8328028,3.8259928,0.8793752,2.99319,359.41162
0.9518767,0.5378275,0.9332288,0.4140492,43.4982
1.2922345,1.0341332,1.4332817,0.25810134,19.973259
14.091038,18.449694,0.8802635,4.358656,30.932116
16.01175,17.968296,0.966482,1.9565468,12.219444
6.9237647,10.157142,0.9254408,3.233377,46.699696
1.2015386,0.89665186,0.8695818,0.3048867,25.374691
5.0128174,10.065544,0.88857734,5.0527267,100.79614
14.854463,14.868176,1.2476304,0.013713837,0.09232132
1.7692934,2.4231305,0.87304324,0.6538371,36.954697
0.8080349,0.79562545,1.2417924,0.012409449,1.5357565
1.1013854,1.8029584,0.8591087,0.701573,63.699142
18.820633,25.209843,0.9185575,6.3892097,33.9479
0.92402816,2.1381013,1.7253667,1.2140732,131.38919
0.6608162,0.40746117,1.3569491,0.25335503,38.339714
0.578053,1.3541288,0.8759279,0.77607584,134.25687
1.4712114,1.7224046,0.980033,0.25119317,17.0739
0.5301758,1.0210873,0.93376464,0.49091148,92.59409
7.6513753,7.8193474,1.5797871,0.16797209,2.195319
8.9049835,9.2064705,0.9029714,0.30148697,3.3855982
0.50368375,0.14614558,1.6953127,0.35753816,70.98465
4.214774,4.2481146,1.3711972,0.033340454,0.79103774
12.054543,17.10027,0.918624,5.045727,41.85747
7.874849,12.2647085,0.84625334,4.3898597,55.74532
18.060007,18.293276,1.5615355,0.23326874,1.2916315
1.7755568,1.8610827,1.3330146,0.08552587,4.8168483
0.4922954,0.25092173,0.8905216,0.24137369,49.030254
0.7093124,0.8523861,1.0720994,0.14307374,20.170767
3.0445123,3.8263683,1.5718561,0.78185606,25.680832
0.43788582,0.5172224,1.4418831,0.07933658,18.1181
1.5257394,0.91003066,1.1186864,0.61570877,40.35478
0.53308344,0.19651699,1.8802408,0.33656645,63.135796
0.50520444,0.70266676,0.9733909,0.19746232,39.085625
4.504372,6.1740217,0.86992955,1.6696496,37.06731
0.6938929,1.8347223,0.93399274,1.1408293,164.41
2.1466467,2.6099951,1.3935378,0.4633484,21.584753
0.2736817,0.26483917,1.0748122,0.008842528,3.2309532
0.5345859,1.5319719,1.6199646,0.99738604,186.5717
2.0639222,4.717765,0.8827556,2.6538427,128.5825
1.715705,2.3125467,0.8893007,0.5968417,34.786964
0.65701586,0.9860814,1.0844253,0.32906556,50.084873
2.4885058,3.7197967,1.4050531,1.2312908,49.479122
2.5764427,3.69734,0.96497846,1.1208973,43.505615
0.6583609,2.825337,0.8489292,2.166976,329.14713
1.0424078,1.4225142,1.945532,0.38010645,36.464275
1.2162222,1.2619557,0.89670223,0.04573357,3.7602975
2.3224943,3.0448523,0.91620725,0.722358,31.102682
0.5440355,0.09483409,1.0502443,0.4492014,82.5684
9.977905,14.788546,0.9149168,4.8106403,48.21293
0.6379451,0.0968132,1.8617787,0.5411319,84.82421
1.3084964,1.8149679,1.5837477,0.5064715,38.706375
0.67902684,1.432569,1.9455487,0.7535422,110.97384
0.5219063,1.8485475,0.8974894,1.3266411,254.19142
0.9127176,1.2114078,1.1003386,0.2986902,32.72537
5.214579,4.373755,1.5947359,0.8408241,16.124487
3.030047,11.659567,1.5797278,8.62952,284.79825
2.2565866,2.1534247,0.88393414,0.10316181,4.5715866
1.848358,1.1900414,1.2555704,0.6583166,35.616295
0.610589,0.0,1.4199998,0.610589,100.0
1.0396391,2.020408,0.92984205,0.9807688,94.33743
2.1397936,3.7430553,0.89073884,1.6032617,74.925995
2.976983,3.0393806,0.8809355,0.06239748,2.095997
0.51779777,0.0,0.9298338,0.51779777,100.0
21.893095,23.289577,0.96679556,1.3964825,6.378644
1.9381114,3.637744,1.6067427,1.6996325,87.6953
2.6799927,2.3856356,1.0514857,0.29435706,10.983502
0.79950655,0.24898076,1.7757531,0.5505258,68.85819
1.5434561,4.3026514,1.6506444,2.7591953,178.76733
8.854174,6.3242707,1.0155011,2.529903,28.573
2.8159027,4.494052,0.88660455,1.6781492,59.59543
7.299704,15.340421,0.88877404,8.040716,110.15126
3.3074954,6.590288,0.8821916,3.2827928,99.25313
1.2786458,3.1681895,0.90821224,1.8895438,147.77696
0.3887596,0.52946115,0.9241476,0.14070153,36.192425
0.973853,1.9079087,0.9025819,0.9340557,95.91342
0.95912755,0.9746798,1.4170179,0.015552282,1.621503
0.21233693,0.38906205,1.0271862,0.17672512,83.22863
2.7955534,4.352992,0.86780155,1.5574386,55.71128
3.2730217,2.9889889,0.88872,0.28403282,8.6779995
0.4544185,0.48318648,1.3526047,0.028767973,6.330722
0.14056426,0.7830131,1.7878135,0.64244884,457.0499
0.2867763,0.6424581,0.90423113,0.35568178,124.027596
0.9698443,2.8215668,1.621814,1.8517225,190.92987
1.5286609,0.8648958,0.94700086,0.6637651,43.421345
3.7833967,4.8940015,0.90226877,1.1106048,29.3547
5.948625,9.061207,0.89004946,3.1125817,52.32439
3.6980217,3.4872503,1.0863016,0.21077132,5.69957
7.378169,11.76913,0.8845625,4.3909607,59.51288
2.9425688,4.098116,1.3097504,1.1555471,39.270016
3.7698042,4.684663,0.9149341,0.9148586,24.268064
0.6923676,0.8626972,1.2489,0.17032957,24.60103
0.9235211,2.589438,0.8968697,1.6659169,180.38753
1.9687228,3.1624467,0.90442914,1.1937239,60.634434
17.91263,20.460745,0.95141506,2.5481148,14.225241
1.0553086,1.3294091,0.85985506,0.27410054,25.973495
0.8237836,0.5058296,1.5195204,0.317954,38.59679
1.0625544,1.439275,0.9418289,0.37672067,35.454247
0.5047272,0.6577409,1.3973776,0.1530137,30.316122
0.7089708,1.5151949,1.557343,0.8062241,113.71754
8.734459,8.518692,1.1400392,0.2157669,2.470295
0.5505872,0.2697624,1.8473129,0.28082478,51.004597
0.8027523,1.6431636,0.9304219,0.84041125,104.69122
3.4821808,6.3713326,0.8816456,2.8891518,82.96961
0.39058784,1.3197395,1.5634826,0.92915165,237.88547
0.71299946,0.14247966,1.8806888,0.5705198,80.01686
1.6117921,2.25671,0.88634825,0.64491796,40.01248
1.4238397,1.0032725,0.87370294,0.42056715,29.537537
36.943226,28.46514,0.9158275,8.478086,22.948961
2.429842,1.1301615,0.8517406,1.2996805,53.48827
1.5203745,1.769056,1.1803237,0.24868143,16.35659
0.62036157,0.7002963,0.87798893,0.079934716,12.885181
19.799017,24.06236,1.0567738,4.263344,21.533108
4.3259864,3.8226655,0.86258906,0.50332093,11.634825
0.5443738,1.0995922,0.88831884,0.5552184,101.99212
0.5277136,0.27846456,0.8612342,0.24924904,47.231876
24.547901,25.514301,0.9768799,0.96640015,3.9367933
0.5194306,0.5951486,0.9052564,0.075718045,14.577126
0.78200877,0.2548883,1.9063494,0.5271205,67.40595
1.0619559,2.3670225,0.90164536,1.3050666,122.89272
4.5525117,3.7572017,0.87521064,0.79531,17.469698
21.36073,21.84346,0.8913504,0.48273087,2.259899
1.7836584,1.7620986,0.88245976,0.021559834,1.2087424
1.4434531,1.2169867,0.8754185,0.22646642,15.689212
0.1371999,0.3193158,1.1876796,0.1821159,132.73764
23.368921,25.251492,1.4841022,1.8825703,8.055871
1.7319622,0.88685787,0.88623106,0.84510434,48.79462
0.7658434,1.9144542,1.9394721,1.1486108,149.97986
3.6679199,3.54822,0.8701027,0.119699955,3.263429
2.4426422,1.7031839,0.86790115,0.7394583,30.272886
8.996792,5.9702673,1.4362646,3.0265245,33.64004
3.573293,4.892755,0.88201267,1.3194621,36.925663
18.309034,11.887761,0.8781812,6.421273,35.07161
6.356417,5.6107836,0.8787903,0.7456336,11.730408
1.6610646,1.8776565,1.4031856,0.21659184,13.039338
7.127504,6.053739,0.9777435,1.0737648,15.065089
0.6228481,0.35288358,1.3848779,0.26996452,43.34356
33.686348,19.376095,0.98035187,14.310253,42.480865
29.814062,16.179585,0.9030119,13.634478,45.7317
6.130141,4.143868,0.9302316,1.9862728,32.40175
0.9275964,0.9151975,0.8654805,0.012398899,1.3366696
2.657752,2.5145445,0.8824478,0.14320755,5.388296
15.16729,20.228539,0.9114722,5.061249,33.3695
4.7292967,9.068874,0.86980623,4.3395777,91.75947
20.316656,20.090551,1.1642659,0.22610474,1.1129034
1.657164,5.109453,1.5910621,3.452289,208.32513
0.4839674,0.6996037,0.8677815,0.21563628,44.555954
0.15506026,1.192556,1.4747815,1.0374957,669.092
36.562927,28.600988,1.4760183,7.961939,21.77599
1.3105423,1.772038,0.93297815,0.46149564,35.214096
0.8725951,1.4057722,1.2362115,0.53317714,61.10247
3.0761216,3.0636425,1.3130633,0.012479067,0.40567535
36.19653,30.595264,1.3401761,5.601265,15.47459
9.030897,8.480941,1.0750417,0.5499563,6.08972
0.9774104,1.0687131,1.0331203,0.09130269,9.341285
0.600117,0.30473983,1.9020771,0.2953772,49.219933
15.043348,14.64695,1.0280373,0.39639854,2.635042
1.5489434,2.031149,0.8996116,0.4822055,31.131254
3.2537336,3.8984141,1.3726922,0.6446805,19.81356
1.3302202,1.6950846,0.871532,0.36486435,27.428867
1.02225,1.7086363,1.6435491,0.6863862,67.14465
0.93881017,1.1923461,1.0117519,0.25353593,27.00609
1.9361303,2.236871,1.3251629,0.30074072,15.533083
5.9529686,10.533899,0.8789801,4.5809307,76.95204
9.807974,9.68193,1.5542628,0.12604427,1.2851204
0.550295,0.34647286,0.8743418,0.20382214,37.038704
0.49207672,0.34877956,1.7188792,0.14329717,29.1209
1.7361193,2.6839159,0.8577122,0.9477966,54.592827
2.3851647,3.617566,0.8789852,1.2324014,51.669445
0.8485021,2.1546376,0.8818383,1.3061354,153.93425
4.2907777,1.9227225,0.89843476,2.3680553,55.189423
1.3726543,0.94395745,0.8754437,0.42869687,31.231232
0.48822105,1.0399251,0.95352256,0.55170405,113.00292
0.89337856,0.9531256,1.3251255,0.05974704,6.6877627
1.6078768,1.1759918,0.97664666,0.431885,26.860579
16.390526,18.348297,1.5772742,1.9577713,11.9445305
1.019523,1.887042,1.3578314,0.867519,85.090675
0.3928819,0.27938926,1.0147883,0.11349264,28.887215
24.83481,27.464111,0.9139847,2.629301,10.58716
5.456867,5.70861,1.3329577,0.25174284,4.613322
0.9123681,0.98212683,0.90839666,0.06975871,7.6458955
0.7329881,2.2080202,0.87020683,1.4750321,201.23546
1.4773026,1.5827677,0.864218,0.10546517,7.1390367
7.255676,8.344559,0.9636123,1.0888829,15.007326
1.1973724,2.0924165,0.93696636,0.8950441,74.75069
39.692436,15.074763,1.8432518,24.617672,62.021065
34.684727,30.482529,0.97495085,4.202198,12.115413
0.7063971,0.44334114,1.327761,0.26305598,37.239105
6.770176,7.7478414,1.4005721,0.9776654,14.440768
0.8726537,0.48179615,1.012573,0.39085758,44.78954
0.4949958,0.49341094,1.3560823,0.0015848577,0.32017598
2.1309164,2.5503302,1.6739123,0.4194138,19.682322
0.65870225,1.2355028,1.6425322,0.5768006,87.56621
11.96578,10.417767,1.0125923,1.5480137,12.937005
5.540501,10.720042,0.8612372,5.179541,93.48506
0.9686395,0.32590246,1.4323142,0.64273703,66.35462
7.702727,13.81285,1.3905504,6.110123,79.32416
25.450611,28.259808,0.98084515,2.8091965,11.037835
21.548222,15.687123,1.4191691,5.8610983,27.199915
2.1594677,1.9766304,0.92585033,0.18283725,8.466774
1.3588129,0.9610559,1.9300927,0.39775705,29.27239
8.228947,9.928559,0.91958743,1.6996126,20.654072
6.889413,6.631405,1.4012351,0.258008,3.7449925
8.553728,9.356241,1.4340923,0.8025131,9.382028
6.6952777,7.390026,0.8671848,0.6947484,10.376693
0.53731257,1.2663721,0.90202737,0.7290595,135.6863
0.24224566,0.0,1.1019368,0.24224566,100.0
2.5158885,2.6436193,1.0162102,0.12773085,5.0769677
5.436329,7.800454,1.697284,2.3641253,43.48753
2.6131253,3.3572464,0.8575728,0.7441211,28.476288
13.836267,10.470279,1.4243068,3.3659887,24.32729
6.8163314,10.057642,0.8918897,3.2413106,47.552128
35.53721,27.928587,1.0388466,7.6086216,21.410297
0.5955087,0.66264796,0.9419813,0.06713927,11.274272
1.7080275,1.4925625,1.2594386,0.21546495,12.614841
1.107895,1.2446809,1.3344774,0.13678586,12.346465
5.77563,3.775848,0.88807076,1.9997821,34.624485
2.5495749,2.01493,0.8938721,0.53464484,20.969961
1.5167623,1.7385917,1.4262439,0.22182941,14.625194
1.4327451,1.6361705,0.8740669,0.2034254,14.1982975
2.0670164,1.8833445,0.9560568,0.18367183,8.885843
39.940197,14.961176,0.88634163,24.979021,62.541058
0.8295218,2.0503464,0.90693,1.2208246,147.17209
2.0849154,2.47868,1.2999531,0.3937645,18.886354
0.94075274,1.3385596,1.1257894,0.39780688,42.28602
0.9701466,1.5726707,1.4540113,0.6025241,62.106503
0.84412456,0.103121996,1.1745181,0.74100256,87.78356
1.0324475,0.645329,1.734834,0.38711846,37.49522
19.014595,7.2408614,0.9025648,11.773733,61.919453
1.62772,1.2135321,1.1997058,0.4141879,25.445896
46.696457,22.907227,1.5082269,23.78923,50.9444
1.8215292,2.5211315,1.5293972,0.69960237,38.40742
1.3510388,0.6075931,1.4370334,0.7434457,55.027706
4.875388,6.8448586,0.87544,1.9694705,40.39618
1.0988303,1.2282023,0.9272279,0.129372,11.77361
22.461859,23.963913,1.4942642,1.5020542,6.687132
0.78688115,1.0350599,1.7158207,0.24817878,31.539553
2.2948117,2.6639595,0.9584228,0.36914778,16.086191
0.5979612,1.9842848,1.6015426,1.3863236,231.84172
0.58009577,0.9926284,1.2285463,0.41253263,71.11457
5.305495,6.947036,1.8871368,1.641541,30.940393
0.8047099,1.2031827,1.9285274,0.3984728,49.51757
1.7928596,1.840857,1.3264755,0.047997475,2.6771464
23.728426,24.64532,0.9627322,0.9168949,3.8641202
9.851803,5.896826,1.3043438,3.954977,40.144703
0.21129707,1.2138913,1.4100062,1.0025942,474.4951
0.80231875,0.76914567,1.6207668,0.033173084,4.1346517
0.9526161,1.0206684,1.174297,0.06805229,7.143727
2.2100258,1.7883686,0.9381679,0.4216572,19.07929
2.8559167,4.874125,0.9048869,2.0182083,70.66762
4.0760713,3.1870432,0.89374954,0.8890281,21.810907
7.0829563,10.798747,0.89447564,3.7157907,52.461014
15.355685,6.782375,1.4116496,8.573311,55.83151
3.6452029,2.7170668,0.87518615,0.9281361,25.461851
9.363813,8.737604,1.4032899,0.62620926,6.6875453
1.8174528,3.2037754,0.8887542,1.3863226,76.27833
1.9468875,2.6124165,1.8716317,0.665529,34.184258
1.1000718,0.94267964,0.88344216,0.15739214,14.307443
6.8794107,6.402918,0.9045488,0.47649288,6.926362
3.9810774,4.0278025,0.8888015,0.046725035,1.1736782
1.1930254,2.3381414,0.91488004,1.1451161,95.98422
0.7365128,0.2820537,0.917691,0.45445907,61.704166
3.128555,3.9379544,1.6678326,0.80939937,25.871347
0.9536179,1.59003,0.84896755,0.6364121,66.736595
6.4802647,8.79505,0.8991164,2.314785,35.72053
1.5179919,3.0038586,0.90039825,1.4858667,97.883705
9.155995,10.689556,1.3804265,1.5335608,16.749252
1.3554872,3.0202103,0.8929398,1.664723,122.81363
3.081869,2.668035,0.89619,0.41383386,13.428016
4.7699575,4.7857327,0.9791402,0.015775204,0.33072
4.6775346,4.183963,0.9128661,0.49357176,10.551964
2.7724526,5.168457,0.8824803,2.3960044,86.42184
23.81234,26.696201,1.5654619,2.8838615,12.110786
2.3087897,2.33066,1.8507204,0.021870375,0.94726574
2.7071543,5.4718046,1.6592655,2.7646503,102.123856
0.7501889,1.1041261,1.0787792,0.3539372,47.17975
2.2152834,4.212741,0.8705497,1.9974575,90.16714
1.8319091,1.4791329,0.92397565,0.35277617,19.257298
3.289568,4.8552446,0.8820953,1.5656767,47.595207
1.4713521,1.382136,1.0561368,0.08921611,6.0635467
0.2189131,0.24717641,1.0596995,0.028263316,12.910748
35.86725,24.266428,0.93678695,11.600821,32.34377
37.22712,36.692425,0.9839595,0.5346947,1.4363042
17.33426,17.299538,1.3160182,0.03472328,0.20031591
1.3617749,1.5854828,1.2889518,0.22370791,16.427673
0.99130225,1.6580336,0.9040847,0.66673136,67.258125
7.371097,5.658818,0.88309026,1.7122793,23.229641
0.44060844,1.8112226,0.9101935,1.370614,311.07303
1.0245646,1.8589189,1.6608257,0.8343543,81.435005
1.9159043,2.382018,0.9914801,0.4661138,24.32866
0.576672,0.49304658,1.91713,0.083625436,14.501386
2.9692943,4.22054,1.4014882,1.2512457,42.1395
26.951227,25.540289,1.0932922,1.4109383,5.235154
4.9909873,5.9177165,0.86065906,0.9267292,18.568054
2.0379996,1.6447836,1.0001519,0.393216,19.294214
0.59203607,0.97341025,0.880006,0.38137418,64.41739
1.0395491,0.36376357,1.1413568,0.67578554,65.00756
2.367254,4.954483,0.8761722,2.587229,109.29241
0.24989657,1.4123316,1.6108227,1.162435,465.16647
1.5462061,0.8625939,0.9005019,0.6836122,44.21223
0.5257548,0.45397526,1.0676583,0.07177955,13.652666
1.8284245,5.2520037,1.583379,3.4235792,187.24203
0.45952523,0.02073598,0.91688824,0.43878925,95.48752
11.086762,9.941347,0.8997405,1.1454153,10.331378
29.173231,24.49651,0.9259773,4.6767216,16.030867
6.921988,10.201482,0.96099883,3.2794938,47.37792
1.2957116,1.7129078,0.887123,0.41719615,32.198227
1.4693717,1.0090437,1.1907809,0.46032798,31.32822
0.8343295,0.13854742,1.7883619,0.69578207,83.394165
0.20260903,0.21723664,1.2643099,0.014627606,7.2196217
2.2180383,3.7484174,1.393996,1.530379,68.99696
2.4152386,1.8523831,0.8708874,0.5628555,23.304342
1.7910895,2.6204743,1.3437991,0.8293848,46.30616
1.9202461,1.8571196,1.1599374,0.063126564,3.2874205
7.037863,5.955941,1.5025903,1.0819216,15.37287
21.755781,26.677113,1.2199817,4.9213314,22.620798
8.788431,11.002785,0.8641991,2.2143536,25.196234
0.77285975,2.3902175,1.5579879,1.6173577,209.26924
0.8580264,1.4542317,1.945544,0.59620535,69.48567
7.5723443,5.9159904,1.540392,1.656354,21.873728
0.8215263,0.87744415,1.2725495,0.05591786,6.806582
4.109691,4.297846,0.87909347,0.1881547,4.578317
0.6257008,0.35461807,1.3385986,0.2710827,43.324657
1.3964043,1.2765187,1.3628792,0.119885564,8.585304
36.21429,36.54752,1.0640793,0.33322906,0.92015904
1.1297749,3.394271,0.87433904,2.2644958,200.43779
1.6538559,1.120235,1.0922453,0.53362095,32.265263
10.055135,9.143402,1.2690438,0.9117327,9.067334
39.945385,27.253315,1.5747744,12.69207,31.77356
3.3246274,7.2932816,0.8749142,3.9686542,119.3714
1.3082244,0.82730436,1.4157063,0.48092008,36.76128
3.958884,4.154841,1.8003386,0.19595695,4.949803
5.105687,3.2810621,0.8839711,1.824625,35.737106
1.1197466,0.6214272,0.87241435,0.4983194,44.502872
1.7905426,2.88383,1.5623429,1.0932875,61.059006
2.120553,3.2543654,1.454659,1.1338124,53.46777
0.6039684,0.32835627,0.9612835,0.27561212,45.633533
35.795116,30.41241,1.0022802,5.3827057,15.037542
0.46267074,0.68865037,0.9336706,0.22597963,48.84243
0.57627827,1.0715709,0.90478086,0.4952926,85.94678
0.6640034,1.3047019,0.9211356,0.64069855,96.49026
0.98799837,2.3967443,0.8688972,1.4087459,142.58585
0.24025017,0.4724877,0.9715372,0.23223752,96.66487
1.1566639,0.34258938,1.0324746,0.8140745,70.381256
18.924093,15.319117,0.9576051,3.6049767,19.049667
2.623734,2.27972,0.89941293,0.34401393,13.111616
1.4303672,1.1587415,0.89163774,0.27162576,18.989931
1.0583444,2.1129537,1.441549,1.0546093,99.64709
1.5529264,1.265814,0.8835999,0.28711247,18.488478
3.0297437,2.6382604,0.85064316,0.3914833,12.921334
3.1886194,4.105297,0.9078742,0.9166777,28.74842
5.9163885,6.5067387,1.4858568,0.59035015,9.978218
0.68545425,0.77604175,1.1315867,0.0905875,13.215689
0.5780955,0.5374018,0.85602355,0.0406937,7.03927
9.579664,10.411513,0.9836444,0.8318491,8.683489
23.617308,15.269609,0.90055615,8.347698,35.34568
1.1705226,3.6855838,0.86031324,2.5150614,214.86655
1.3668057,1.785778,0.93077886,0.41897237,30.653397
13.440923,8.065983,1.6048521,5.37494,39.98937
0.74888587,1.4687505,0.84527653,0.7198646,96.12474
5.649099,9.171969,0.9525826,3.5228705,62.361637
0.28161976,1.2146361,1.4487687,0.9330163,331.30356
22.906933,24.605026,1.5372367,1.6980934,7.413011
1.876093,5.6719646,0.9197807,3.7958717,202.32854
0.21731116,1.2248961,1.5408483,1.0075849,463.66
15.47685,17.983158,0.9216922,2.5063086,16.19392
25.303457,25.138283,0.95185626,0.16517448,0.6527744
1.1740899,4.5359187,0.9041904,3.3618288,286.33487
0.7040481,2.2016647,0.8819275,1.4976165,212.71509
12.622908,9.750268,1.143208,2.8726397,22.757355
21.081656,22.32417,0.96853936,1.2425137,5.8938146
4.9747324,6.63545,0.847721,1.6607175,33.383053
0.85437274,2.1353455,1.9409304,1.2809727,149.93137
0.94917446,1.0125469,1.3479362,0.06337243,6.6765842
9.785556,8.832733,0.9090781,0.9528227,9.737032
2.4451244,0.7737117,1.0182554,1.6714127,68.35696
3.8887627,5.1250553,0.8638117,1.2362926,31.791412
0.500623,1.5266287,1.3221135,1.0260057,204.94579
19.132193,22.068974,0.919297,2.936781,15.349945
1.0684398,2.1902847,1.6585168,1.1218449,104.99841
1.266291,1.3422239,0.89845604,0.07593286,5.9964776
10.310798,12.908279,0.93780357,2.5974817,25.19186
1.2784163,1.7204158,0.90577036,0.44199955,34.573994
0.2046806,0.65980774,1.0004109,0.45512712,222.35966
21.532265,24.283222,1.0151132,2.7509575,12.775979
3.4097798,4.3434515,0.85625637,0.9336717,27.382172
0.6545771,1.0952113,0.91484874,0.4406342,67.315865
2.9392884,3.0725057,0.8888766,0.13321733,4.532299
2.246259,3.918267,0.85801363,1.672008,74.435234
1.4346006,2.2534084,0.8704718,0.81880784,57.075665
2.7953782,2.465167,1.536565,0.33021116,11.812755
0.70240325,0.6714792,0.879171,0.030924022,4.402602
4.4164658,5.14314,0.92079026,0.7266741,16.453745
1.670272,2.156886,1.7037725,0.4866141,29.133825
22.034317,23.917442,0.9179187,1.8831253,8.5463295
1.2579628,1.8363452,1.5692989,0.5783824,45.9777
11.960214,11.576657,1.5707676,0.38355637,3.2069356
0.941542,1.0767566,1.017627,0.13521457,14.36097
1.5910878,1.1947986,0.95168036,0.39628923,24.906809
0.49641716,2.1568115,0.8665392,1.6603943,334.4756
1.8665816,2.3212264,0.8904756,0.4546448,24.357082
0.5653212,0.0,0.9191195,0.5653212,100.0
5.109442,6.4299164,0.979055,1.3204741,25.843801
5.023188,2.8129385,1.250988,2.2102497,44.000935
0.60405123,0.4831413,1.585914,0.12090993,20.016502
1.4195191,1.5416784,1.3301976,0.12215936,8.605687
0.69040525,1.8312228,0.87848777,1.1408175,165.23882
13.163119,13.990444,0.9435999,0.82732487,6.285173
10.54928,10.141356,1.043992,0.4079237,3.8668392
0.5815284,1.4483454,1.9391872,0.866817,149.05841
5.8617425,9.603231,0.89584607,3.741489,63.828953
2.647958,2.355604,1.1843364,0.2923541,11.040738
0.34357435,1.0063379,1.1314666,0.66276354,192.90251
0.5428044,1.2081604,1.6140356,0.665356,122.577484
5.4392576,8.826249,0.85291296,3.3869915,62.26937
0.10743839,0.5635729,1.4516848,0.4561345,424.55447
5.6349583,9.635342,0.8979003,4.0003834,70.99224
44.54442,42.699924,1.4892793,1.8444939,4.1407967
1.4529876,2.4023676,1.5172801,0.94938004,65.33986
4.1468153,2.6153002,0.9412827,1.5315151,36.932323
6.8895435,7.8294315,0.9214005,0.939888,13.642239
1.2773448,3.5054016,1.5397859,2.228057,174.42877
0.46893394,1.113476,1.9435717,0.6445421,137.44838
0.83712244,0.0,1.1988529,0.83712244,100.0
0.75745493,1.3615876,1.9453756,0.6041327,79.75824
1.2755613,1.1377928,0.98616624,0.1377685,10.800618
0.24373238,0.08604932,1.2140937,0.15768306,64.69516
0.94794565,0.40799916,1.1336607,0.5399465,56.959644
2.421349,3.7549434,0.8809746,1.3335943,55.076504
38.79915,38.9619,0.9762805,0.16275024,0.4194686
0.15466113,0.43173552,1.3331342,0.2770744,179.14934
0.8478201,0.61818594,1.3064024,0.22963417,27.085247
1.001629,1.6232523,1.0176985,0.6216233,62.06123
0.5901871,1.0499945,0.8608867,0.4598074,77.90875
0.76883686,1.8383896,1.341929,1.0695528,139.1131
0.6538552,0.43443406,1.0648317,0.21942115,33.558067
16.505722,23.561768,0.89991975,7.0560455,42.74909
13.347764,12.650962,0.9150781,0.69680214,5.220366
6.8703127,9.418021,1.8312854,2.5477085,37.08286
0.57555366,1.0147051,1.1648835,0.4391514,76.30069
0.96090513,4.264935,0.8573246,3.30403,343.84558
4.220646,3.9148178,0.9073571,0.3058281,7.246002
13.110557,13.457791,1.0398589,0.34723473,2.6485124
9.887979,5.955046,0.8872148,3.9329324,39.774887
0.4879454,0.0,0.88653433,0.4879454,100.0
0.6500918,0.05677557,0.9188661,0.59331626,91.26653
0.8341062,0.8916624,1.2829543,0.057556212,6.9003453
1.2386024,1.5475564,0.87816626,0.308954,24.94376
1.4589151,1.5775578,1.1115663,0.11864269,8.132255
7.7191696,6.074895,1.6425242,1.6442747,21.301188
2.06795,2.2007535,1.2632972,0.13280344,6.421985
4.036314,6.825692,0.88837355,2.7893782,69.10706
10.222527,15.719778,0.87859744,5.4972515,53.77586
29.730675,24.762522,1.062151,4.968153,16.71053
0.98624384,0.93673384,1.900852,0.049510002,5.0200567
5.489162,4.038054,0.8952384,1.451108,26.435873
7.8082747,10.178088,0.96939564,2.3698134,30.350025
0.63058776,0.7991164,0.93212605,0.16852862,26.72564
0.77433366,0.6705832,1.2996578,0.10375047,13.398677
16.874752,11.223243,0.9647923,5.6515093,33.490917
11.584696,10.870494,1.5260687,0.7142019,6.165047
9.765196,6.8652067,1.0091869,2.8999891,29.697193
42.890636,24.662241,1.2911824,18.228395,42.49971
0.794296,1.586244,0.8967878,0.79194796,99.704384
0.5616924,0.30082726,1.7207689,0.26086515,46.442707
1.3292288,0.6745268,1.1426642,0.65470195,49.25427
3.0053704,3.2466862,1.5805836,0.24131584,8.029488
33.602173,31.989212,0.9712587,1.6129608,4.800168
7.7380514,9.625656,0.9403583,1.8876047,24.393799
0.5261374,0.046702743,1.7390888,0.47943467,91.12347
1.6117289,1.3559006,1.0041436,0.25582826,15.87291
2.8236666,3.2672296,1.3738583,0.44356298,15.70876
0.5312943,1.3849441,1.5482188,0.8536498,160.67363
0.8525225,2.0934553,0.8667162,1.2409328,145.56013
2.587911,3.2527068,1.144924,0.6647959,25.688513
0.89590234,2.4379833,1.0524743,1.5420809,172.12599
0.5918987,1.3714321,0.88055056,0.7795334,131.70047
0.54531294,0.2476455,0.92310864,0.29766744,54.586536
15.782016,11.349715,0.8835482,4.4323006,28.084501
38.417187,36.645035,1.2223356,1.772152,4.6129146
1.3648999,0.8754561,0.88231575,0.48944378,35.859318
0.5028301,0.29203856,0.8990192,0.21079153,41.921024
5.902181,7.2188206,0.9034571,1.3166394,22.307674
8.257784,9.544585,0.97797585,1.2868013,15.582889
1.390178,1.4828584,0.87582624,0.092680454,6.666805
21.959015,15.402461,0.93313247,6.556554,29.858143
1.3693609,1.800999,0.9496896,0.43163812,31.521135
1.2463856,2.559578,1.7306948,1.3131924,105.36005
2.726624,2.5796285,0.8656685,0.14699554,5.391119
5.219535,5.2498946,1.0272555,0.030359745,0.58165616
24.49283,12.0228405,0.87483644,12.46999,50.91282
6.822557,5.7527523,1.6787815,1.0698047,15.680407
2.5415475,2.840364,1.2119918,0.29881644,11.757264
1.3660506,2.7284493,1.5616819,1.3623987,99.732666
0.8975533,1.5910963,1.2393905,0.69354296,77.270386
1.0473799,0.96225774,0.8618036,0.08512211,8.127148
0.7660995,0.42713094,0.99907446,0.33896858,44.246025
1.6526291,0.84072816,1.1540152,0.811901,49.12784
6.2089376,6.9767795,0.9672315,0.7678418,12.366717
1.2632968,0.94468486,1.8658067,0.31861198,25.220675
1.5215245,1.701297,1.4138229,0.1797725,11.815287
1.4927118,1.5264399,0.85474294,0.033728123,2.25952
2.603555,4.882927,1.779088,2.279372,87.54845
1.7696245,6.0929337,0.8850617,4.323309,244.30658
2.4953187,6.157935,0.88410527,3.6626165,146.77951
1.2600982,0.587957,0.9974476,0.6721412,53.34038
3.0124376,3.026556,0.9168604,0.014118433,0.46867138
0.74366975,1.0610175,0.87856174,0.31734776,42.67321
1.6660162,1.3828834,1.1669534,0.2831328,16.9946
1.3165047,2.3053677,1.6215732,0.988863,75.112755
8.823088,12.547849,0.8847459,3.724761,42.216072
7.5858107,7.521098,1.1798141,0.064712524,0.8530733
48.777916,40.396137,0.9955558,8.381779,17.183552
0.7691445,0.9939501,0.924235,0.22480565,29.228014
0.5750099,1.1813568,1.6746883,0.6063469,105.44982
19.711512,20.68805,0.99324024,0.9765377,4.9541492
1.1791413,0.14612246,1.4707738,1.0330188,87.60772
0.63601655,0.0,1.7987429,0.63601655,100.0
20.71254,23.293108,1.008984,2.5805683,12.458966
1.280145,0.87598586,1.2507756,0.4041592,31.57136
1.3495729,2.105492,0.8922942,0.7559192,56.011734
15.455069,11.061651,0.9767237,4.3934174,28.427032
0.6300402,1.7530825,0.8860699,1.1230423,178.24931
11.882294,11.613155,1.5961211,0.26913834,2.2650368
29.01691,25.371704,1.2336576,3.6452065,12.562351
0.60305595,0.9856415,0.8897913,0.38258553,63.44113
18.574837,15.530557,0.90124476,3.04428,16.389269
2.2147355,2.284793,1.7543417,0.07005739,3.1632397
2.087637,1.4878826,1.8958648,0.59975433,28.72886
5.7929482,8.319012,0.92171484,2.5260634,43.605835
7.4336143,9.228594,1.6085383,1.7949796,24.146795
12.344405,10.174071,1.5720853,2.1703339,17.581518
0.4941904,0.44156808,1.1614316,0.05262232,10.648188
3.228348,3.1641064,0.91941977,0.06424165,1.9899232
0.8108818,1.8049552,0.8877944,0.99407345,122.59167
1.2582501,1.7794871,1.4686171,0.521237,41.42555
7.5663543,12.529322,0.8983603,4.9629674,65.59259
0.6642468,2.1389356,0.89583474,1.4746888,222.00916
8.710576,10.681069,1.6345942,1.9704933,22.62185
0.89280367,0.59079695,1.736773,0.30200672,33.82678
1.3490502,1.3210233,1.9447995,0.02802682,2.0775223
0.765801,0.0,1.8326882,0.765801,100.0
0.8356971,1.4459316,1.5300194,0.61023444,73.021
1.8180321,2.0946217,1.029107,0.2765895,15.2136755
0.62388486,1.4807436,0.97035116,0.8568588,137.34247
1.2365863,3.0524306,0.9028472,1.8158443,146.8433
2.7693107,1.936168,0.8787636,0.83314276,30.084843
7.1726747,11.125027,0.8949922,3.952352,55.102905
1.2741597,1.321689,1.5442398,0.04752934,3.73025
0.6104275,3.5547256,1.0486625,2.9442983,482.33383
0.7088368,1.1253307,1.1104497,0.4164939,58.757378
0.7776977,1.7597764,0.97525835,0.9820787,126.280266
1.7167987,2.4374304,0.9254533,0.7206317,41.97532
0.6960463,0.6124191,1.4511194,0.083627164,12.014599
2.3604627,2.830256,0.8870704,0.46979332,19.902596
1.4884925,2.7772968,0.9052236,1.2888043,86.58453
1.2092584,1.4589586,1.3835907,0.24970019,20.649035
0.46092206,0.3235128,1.7041993,0.13740927,29.811823
2.741753,4.41627,0.89362264,1.6745167,61.07467
5.2364655,4.4481926,0.86311257,0.78827286,15.053529
0.31187633,0.0,1.0259489,0.31187633,100.0
3.017422,4.426619,0.882635,1.4091971,46.702023
0.25266662,0.29886103,1.018061,0.046194404,18.28275
1.1359112,1.0146812,1.0839309,0.121230006,10.67249
1.1879882,1.3520355,0.8773825,0.16404736,13.808838
1.2404282,1.7146628,1.9083724,0.47423458,38.23152
0.6752623,1.0457268,0.85562795,0.3704645,54.862316
2.2539918,1.6151123,1.4471892,0.63887954,28.344358
0.8988286,1.5957346,0.8802589,0.696906,77.53491
1.1893262,1.8765785,0.9127115,0.6872523,57.78501
13.949774,13.185114,1.2044637,0.7646599,5.4815216
7.1175194,6.1049204,0.893401,1.012599,14.226853
1.8689616,1.6802516,1.0848275,0.18870997,10.09705
0.5484697,0.8596953,0.85659724,0.3112256,56.74435
0.58556265,1.5251325,0.92164886,0.9395699,160.4559
10.336142,3.9848907,0.906488,6.3512506,61.447018
4.1632524,6.188161,0.8794015,2.0249085,48.63766
3.1975703,3.7482364,1.1289111,0.5506661,17.221392
24.919352,24.086157,0.91528726,0.83319473,3.343565
0.73802143,1.1423901,1.1341138,0.4043687,54.790916
23.467146,26.996288,0.9401648,3.5291424,15.038652
0.6191418,0.08584213,0.892216,0.5332997,86.1353
1.2164108,1.440098,1.2130898,0.22368729,18.389124
30.473951,26.04115,0.9686058,4.432802,14.546201
0.98989236,1.9004009,0.88146186,0.9105085,91.98055
7.0918884,9.280821,1.0173084,2.1889324,30.865297
22.02344,17.303421,0.8926789,4.7200184,21.431795
1.0723643,1.1933782,1.0886945,0.12101388,11.284773
0.22167139,0.0,0.9347107,0.22167139,100.0
1.1741782,2.5167758,1.3030673,1.3425976,114.3436
6.3367867,9.239559,0.8946093,2.9027724,45.808273
1.6853642,2.010673,1.1397651,0.3253088,19.301989
0.8432626,1.3333313,0.9632025,0.49006873,58.11579
1.1508448,1.0003363,0.90337235,0.15050852,13.07809
5.0869646,4.6642313,0.88743603,0.4227333,8.310129
9.359889,9.237059,0.9551879,0.12283039,1.312306
32.69628,21.397293,0.96545976,11.298988,34.55741
2.2847378,8.801529,0.9111435,6.5167913,285.23148
0.09079005,0.37534726,1.7521827,0.28455722,313.42337
3.3801866,6.774993,1.6185771,3.3948064,100.43252
35.31826,4.901273,0.8369015,30.416988,86.12255
0.9226291,1.4069257,0.8648351,0.48429656,52.490925
7.8368526,16.34915,1.4505765,8.512297,108.61882
0.6788967,0.5001981,1.3665247,0.1786986,26.32191
0.5173618,1.4866314,0.8932952,0.9692696,187.3485
3.9179232,4.1794868,1.5396687,0.26156354,6.676076
1.6472032,2.6808033,0.92041296,1.0336001,62.74879
0.9367703,2.5413527,0.8860625,1.6045824,171.28877
1.5053512,1.0261707,1.2332184,0.47918046,31.831804
1.5794439,4.616803,0.9471873,3.0373592,192.30562
0.5103893,0.59241545,1.1778034,0.082026124,16.071283
1.5935916,2.3741302,0.88763964,0.7805387,48.979847
1.031773,0.77552164,0.98679364,0.25625134,24.83602
1.0742127,1.0465391,1.8430846,0.027673602,2.5761755
0.8213538,1.1330594,0.86010236,0.3117056,37.950222
0.60679644,0.74596214,1.4477348,0.1391657,22.934494
0.124682136,0.24526918,1.4022515,0.12058704,96.715576
1.2175286,1.0996848,0.90237683,0.11784375,9.67893
7.044377,4.7275534,0.8748863,2.3168235,32.888977
0.94981396,1.6980942,0.8925743,0.7482803,78.78177
6.5404997,8.311937,0.99862796,1.7714376,27.084133
1.948114,1.5559417,0.9933968,0.39217234,20.13087
0.49259764,0.6594305,0.9137743,0.16683286,33.86798
0.5492423,1.8185879,0.9086626,1.2693455,231.10847
0.6025734,0.46647155,0.86450404,0.13610184,22.586765
0.5125347,1.4146476,1.9439267,0.9021129,176.01012
18.374874,20.07926,1.6102006,1.7043858,9.275632
1.1225165,0.0,1.2691984,1.1225165,100.0
1.2590057,2.2499707,0.98299205,0.990965,78.71014
7.561513,7.304885,0.8830938,0.25662804,3.3938715
2.1050863,0.7096536,1.0467898,1.3954327,66.28862
0.28828883,0.0,1.0806786,0.28828883,100.0
1.1119381,1.4269445,1.0086021,0.31500638,28.329487
1.9776918,1.0804685,1.817878,0.89722323,45.36719
6.310166,4.0100827,1.1677301,2.3000832,36.45044
1.2474571,0.39153945,1.1503767,0.8559177,68.61299
0.41668847,0.5873585,1.5117146,0.17067,40.958656
0.5884686,3.2557125,0.8691821,2.667244,453.2517
2.378833,2.1107588,0.90680814,0.26807427,11.26915
0.5991162,1.2129108,0.8979537,0.61379457,102.45
0.52437776,0.7345619,1.0780523,0.21018416,40.082584
4.0909014,2.6790807,1.7650567,1.4118207,34.51124
1.0482666,0.97102046,0.876506,0.07724619,7.3689446
15.448125,18.277508,1.2300991,2.829383,18.31538
10.577097,9.875832,1.0634758,0.70126534,6.630036
3.0761614,4.4199123,0.89168507,1.343751,43.68272
3.604261,5.056931,0.876494,1.4526701,40.304245
33.72214,32.797623,0.9088718,0.9245186,2.7415774
1.6318009,3.594951,1.834654,1.96315,120.30573
6.473531,7.154593,0.86620414,0.6810622,10.520723
0.9762126,1.4995694,0.8923951,0.5233568,53.610943
0.75865316,1.2935159,1.2506533,0.53486276,70.50162
2.0194533,1.7610202,1.0858366,0.2584331,12.797182
15.449314,18.16147,0.87772375,2.7121563,17.55519
27.898,27.387533,0.9854674,0.5104675,1.8297639
5.7775345,3.79292,0.9020735,1.9846144,34.35054
11.022412,14.399785,0.8885657,3.3773727,30.640959
5.726406,4.597565,0.97188115,1.1288409,19.712904
1.0009513,0.6562393,1.0356152,0.34471202,34.438442
1.8430346,4.355563,1.8296536,2.5125284,136.32562
44.243805,32.891384,1.2813598,11.352421,25.658781
0.61610657,1.7394984,0.8579604,1.1233919,182.33727
0.8129114,1.8196875,1.5804591,1.0067761,123.8482
3.9586163,3.159235,1.4213182,0.79938126,20.19345
1.0284907,0.035061717,0.943493,0.99342895,96.59096
0.55702436,2.0364585,0.9021895,1.4794341,265.59595
5.5452642,7.5441947,0.92978746,1.9989305,36.047523
1.5231068,1.7669296,0.8724864,0.24382281,16.008255
0.7244354,1.568913,0.8982928,0.8444776,116.57045
31.527857,27.176561,1.2134032,4.3512955,13.801432
6.089726,9.098218,1.5975598,3.008492,49.402752
17.194584,18.146706,0.97534096,0.95212173,5.537335
2.4315622,3.1538935,1.0029411,0.7223313,29.70647
21.85831,20.846844,1.8368927,1.011467,4.6273794
6.0846953,5.014657,0.90784454,1.0700383,17.585733
0.9149765,1.1281155,0.93084866,0.21313906,23.294485
0.7750623,1.1692843,1.3860401,0.39422202,50.86327
0.86480093,0.5994017,0.91341406,0.26539922,30.689053
2.861672,2.7141542,1.5183338,0.14751768,5.1549473
1.4757862,1.6006923,0.92975205,0.12490606,8.4636965
4.511121,4.4093823,1.0339502,0.10173845,2.255281
6.8524337,3.2347326,1.9388871,3.617701,52.7944
1.1646949,3.283952,0.88859457,2.119257,181.95811
1.1596428,1.9960878,1.43423,0.836445,72.12954
22.047743,22.44544,0.983242,0.39769745,1.8038012
0.5115827,0.19052291,0.8828357,0.32105976,62.758137
0.7422814,0.29749107,0.93864745,0.4447903,59.922062
0.9508336,2.031001,0.9707223,1.0801675,113.60216
5.349755,8.599367,0.96320647,3.2496123,60.743202
1.0068418,1.2281691,0.93196476,0.2213273,21.982332
0.83615106,0.66010207,1.9108002,0.176049,21.05469
39.49055,26.547821,1.0386082,12.94273,32.774242
0.59093285,1.9831245,0.8843538,1.3921916,235.5922
3.3131535,4.493293,0.8883372,1.1801393,35.61982
38.475487,38.044147,0.9742948,0.43133926,1.1210755
3.2655196,3.462732,0.8946125,0.19721246,6.0392365
2.5817275,3.829501,0.8594362,1.2477734,48.33095
1.2684901,0.87129915,0.8802108,0.39719093,31.312103
2.3276753,2.609348,1.8139677,0.28167272,12.10103
5.601705,7.2694535,0.9006574,1.6677485,29.772156
2.3293846,1.8968685,0.97242844,0.4325161,18.567827
19.583035,10.376314,0.9324329,9.20672,47.01376
10.291287,12.409072,1.7539285,2.1177845,20.57842
1.6157063,1.422138,0.91305,0.19356835,11.980416
18.370651,20.007164,1.5714357,1.6365128,8.9083
0.8243418,1.999445,1.6161256,1.1751032,142.55048
0.89007294,0.59539026,1.0195446,0.29468268,33.1077
7.2070856,15.09668,0.88963026,7.889594,109.46996
5.53938,5.2437563,0.92422915,0.29562378,5.3367667
20.85737,21.105042,0.9490142,0.24767113,1.1874514
0.8975603,1.8786111,1.5115404,0.9810508,109.30194
0.927865,1.0523056,0.866566,0.12444055,13.411493
0.52201545,0.86645484,1.4231586,0.3444394,65.982605
1.5326152,2.4345443,0.87060255,0.90192914,58.84903
0.67841434,2.7161393,0.8547235,2.037725,300.36584
0.7074501,0.7219746,1.4564773,0.014524519,2.0530803
6.108793,8.062075,1.4788808,1.9532819,31.974924
4.890883,5.7487607,1.4500093,0.85787773,17.540344
2.7839146,2.8356733,1.3934257,0.051758766,1.8592081
1.7662673,2.7296538,1.4527587,0.96338654,54.543644
0.4043507,0.34990454,1.8510524,0.05444616,13.465084
0.7044055,1.390609,0.9291241,0.68620354,97.415985
2.480443,2.4364872,1.1285893,0.043955803,1.7720948
0.6439168,0.86519873,0.9502526,0.22128195,34.36499
1.0956435,1.8129373,0.88568264,0.71729374,65.4678
1.3519454,1.7475725,1.4000534,0.39562714,29.263544
0.63967246,0.55235016,1.2449036,0.087322295,13.651094
4.821872,7.5322227,1.8119675,2.7103505,56.209507
1.9064145,2.7970905,1.2967019,0.890676,46.719955
5.188177,4.291477,1.4520273,0.8966999,17.283525
0.5604936,0.27625108,1.0204906,0.2842425,50.712894
42.647408,43.19844,1.1414627,0.551033,1.2920668
1.6986295,1.1930023,0.9160684,0.50562716,29.76677
2.0699203,2.3432126,0.88694006,0.2732923,13.203035
1.3295368,1.0831493,1.2379674,0.24638748,18.531828
29.970526,32.672485,1.1285145,2.7019596,9.015389
0.7131579,0.8249507,0.8539324,0.1117928,15.675744
2.9593942,2.7331858,1.4939315,0.22620845,7.643742
0.50160635,2.1699336,1.6302652,1.6683272,332.5969
3.0607548,4.274948,1.507433,1.2141933,39.669735
13.84223,20.419443,0.9307271,6.5772133,47.51556
0.28755838,0.796571,1.109582,0.50901264,177.01193
4.385175,3.0661538,1.6726475,1.3190215,30.079105
13.649433,18.091858,0.9283758,4.442425,32.54659
0.19215274,0.08382702,0.9318798,0.10832572,56.374798
6.1315007,4.7507534,0.9071303,1.3807473,22.518913
10.74255,14.792269,1.7053987,4.049719,37.69793
0.8590477,0.86257464,0.9372148,0.003526926,0.4105623
2.0667922,2.9309616,1.2646745,0.86416936,41.812107
4.821867,4.31079,0.87844354,0.5110769,10.599151
1.877558,1.7655088,0.873617,0.11204922,5.9678164
1.828297,1.4975445,0.993829,0.3307525,18.090742
12.000188,9.34479,0.9266178,2.6553974,22.127964
0.4869943,0.6880075,0.9541016,0.20101318,41.27629
0.54857254,1.1267053,1.3784376,0.57813275,105.388565
0.6606745,3.7403414,0.86086,3.0796669,466.13977
3.7209826,3.2312846,1.4267766,0.48969793,13.160447
1.7659649,2.0814528,0.91309303,0.31548798,17.864906
1.0111475,1.5308833,0.93287325,0.5197358,51.400593
20.769083,18.827753,0.9930584,1.94133,9.347211
2.819609,2.9894295,0.8628878,0.16982055,6.022841
1.1226419,1.625576,0.8991026,0.5029341,44.799156
0.74636567,1.0455284,0.8999424,0.29916275,40.0826
0.8489778,0.6517114,0.93167126,0.1972664,23.235756
0.54787403,0.9343043,0.9271947,0.38643026,70.532684
1.0186292,1.1227089,1.3408978,0.10407972,10.217627
1.3134898,2.0870137,0.8739905,0.7735239,58.890747
0.7498174,0.0,0.93618244,0.7498174,100.0
36.70409,17.550833,1.6065581,19.153257,52.182896
0.5277265,2.090642,1.6606569,1.5629156,296.16016
9.922084,15.885691,0.88186723,5.963607,60.104374
0.5399666,0.0,0.9509918,0.5399666,100.0
6.0552707,9.54014,0.8876277,3.4848695,57.55101
0.7922737,0.7493401,0.8577378,0.042933583,5.4190345
16.239992,11.090625,0.8747424,5.1493673,31.707941
3.05605,3.6960292,1.4086561,0.6399791,20.941383
1.5303785,1.5296617,0.88545376,0.00071680546,0.046838444
3.934819,5.6216507,1.2027466,1.6868317,42.869358
11.799107,11.937901,1.5309566,0.13879395,1.176309
0.7179181,1.2586577,1.5640167,0.5407396,75.32051
0.98245525,1.902465,0.8671771,0.92000973,93.643936
1.2972715,2.93765,1.726914,1.6403785,126.44835
1.4859039,1.8504262,1.3352838,0.36452234,24.532026
2.64079,3.2305071,0.91450506,0.58971715,22.331089
0.49107957,0.14632201,1.8260475,0.34475756,70.20401
0.9396313,1.512536,0.91827565,0.57290477,60.971233
0.13345039,0.05057645,1.1649306,0.08287394,62.100933
2.982914,3.8261478,0.89299494,0.8432338,28.268793
0.7236121,0.31551218,1.0325347,0.40809995,56.39761
12.163311,7.9177265,0.9081284,4.2455845,34.904842
12.483393,16.766438,0.8893987,4.283045,34.30994
20.980694,18.776905,0.88675296,2.2037888,10.503889
0.5189409,0.5119529,0.9465472,0.0069880486,1.346598
1.1951516,1.626376,1.4423586,0.43122447,36.081154
15.943615,16.227232,1.1474282,0.28361702,1.7788752
4.668473,4.3312144,1.1255224,0.33725834,7.2241683
0.80582094,0.5835543,1.0061284,0.22226661,27.58263
3.83235,4.7124796,1.1826123,0.8801296,22.965792
41.331715,24.253605,0.8915443,17.07811,41.319626
5.176485,9.404601,0.8908032,4.228116,81.67929
3.8203332,3.8913355,0.99927133,0.071002245,1.8585354
15.495144,17.292868,1.5606778,1.7977238,11.601852
1.2692187,1.3252189,0.8738177,0.056000233,4.4121814
0.56862134,0.8657912,1.6110986,0.29716986,52.261467
2.6613908,2.135817,1.1048748,0.52557373,19.748085
1.2775037,0.26952684,1.8873601,1.0079769,78.90207
1.7887172,1.5879025,1.2146089,0.2008146,11.226739
3.1327999,3.434173,1.0178425,0.30137324,9.619933
0.786806,0.14650154,0.95136803,0.64030445,81.38022
6.6644816,6.948842,0.8764788,0.2843604,4.2668047
7.0352936,14.984423,1.373116,7.949129,112.9893
26.247812,26.531815,1.1144215,0.2840023,1.0820037
1.0067806,3.2008948,1.6233611,2.1941142,217.9337
1.0252639,2.2837472,1.7899088,1.2584833,122.74725
0.25988078,0.34373856,1.0461264,0.083857775,32.267788
0.76703876,0.1971085,1.8867369,0.56993026,74.302666
0.8992804,2.6387417,0.8593419,1.7394613,193.42813
1.8767382,2.33563,0.9211702,0.45889175,24.45156
4.831045,4.075563,0.9518998,0.7554822,15.638069
6.5835934,4.3938656,1.569613,2.1897278,33.260376
7.5359764,8.915856,1.7811571,1.37988,18.310566
1.2303408,1.6825987,1.496357,0.45225787,36.758747
4.6312647,4.9982224,0.8769244,0.36695766,7.923487
1.3242432,0.7501408,1.8152786,0.5741024,43.353245
3.6529145,5.5210485,0.85429764,1.868134,51.14092
12.579766,16.357506,0.9042881,3.7777395,30.030285
4.789525,8.611963,1.4349095,3.8224382,79.8083
1.1762568,1.2795284,1.0150417,0.1032716,8.779681
9.081516,11.484415,0.935167,2.4028988,26.459225
0.45690897,1.0726423,0.92902863,0.6157334,134.76062
0.92510545,1.9796574,0.99586207,1.054552,113.992615
0.5663588,0.041165352,0.9776191,0.52519345,92.731575
4.4010687,4.99843,0.9234876,0.5973611,13.5730915
0.28164738,0.7354972,0.901069,0.4538498,161.14113
6.2359376,9.018819,1.6123636,2.7828813,44.626507
4.6548347,3.6578665,1.1322224,0.99696827,21.417908
0.5894365,0.30273747,0.9294058,0.286699,48.639507
3.2344136,4.711176,0.92290264,1.4767623,45.657803
5.7255783,7.7196093,0.91983473,1.994031,34.826717
0.77274406,0.769139,0.8941024,0.0036050677,0.46652803
1.6166055,3.2682343,1.6313457,1.6516287,102.166466
1.3275318,6.730145,0.9721373,5.402613,406.96674
3.941889,4.751461,0.897601,0.809572,20.537666
0.5156321,1.1437861,1.6920283,0.628154,121.82213
6.260482,8.512085,1.5894146,2.2516031,35.965332
6.5339985,6.009334,0.97845966,0.5246644,8.029759
22.407553,23.234217,0.9482557,0.826664,3.6892202
1.5077714,2.5518146,0.87235683,1.0440432,69.24413
3.1756213,2.1626983,1.934481,1.012923,31.896845
1.6290135,2.2827039,1.6007651,0.65369034,40.127987
4.7258534,5.7457104,0.859184,1.0198569,21.580376
5.2071347,4.7268677,1.6618253,0.48026705,9.223249
0.9921004,1.4920354,1.9454182,0.49993497,50.391567
2.7315383,4.7090917,0.894945,1.9775534,72.39706
0.5114584,1.053813,0.83977413,0.5423546,106.0408
31.298038,33.46698,0.95135516,2.1689415,6.92996
1.2583048,3.2714128,1.5054817,2.013108,159.98572
2.0825937,2.4305515,0.8520692,0.34795785,16.707909
2.082881,1.8569347,0.9991283,0.2259463,10.847778
4.0402913,4.0182867,0.89478797,0.022004604,0.54462916
2.3420663,2.6723747,0.85843307,0.33030844,14.103292
1.264494,2.0176103,0.90661544,0.75311637,59.55872
9.301729,9.838214,0.9332071,0.5364847,5.7675805
43.968033,37.255814,1.2657541,6.712219,15.266135
2.092928,3.4212523,0.9070763,1.3283243,63.467274
1.4360076,0.9724875,1.9254047,0.4635201,32.27839
0.7375613,1.0662487,0.9309232,0.32868737,44.564075
7.1730037,7.5734825,0.8784829,0.40047884,5.58314
0.64549977,1.8960172,0.882595,1.2505174,193.72855
6.9182715,8.801544,0.8767766,1.8832726,27.221724
5.8028665,4.0485,0.898449,1.7543664,30.232756
0.77978677,0.8112999,0.965563,0.031513155,4.0412526
3.1045632,3.7248828,1.396808,0.6203196,19.980898
2.4416387,2.308682,1.8512421,0.13295674,5.4453897
37.907505,18.396648,1.5436665,19.510857,51.469643
1.5212498,2.8130276,0.9037113,1.2917778,84.915565
1.4699664,1.5673286,1.3255666,0.09736216,6.6234274
3.8506942,3.1819859,1.620268,0.6687083,17.365917
1.5900567,2.5506103,0.87084305,0.96055365,60.410027
2.4034123,3.9505796,1.8742474,1.5471673,64.37378
13.866374,16.299404,1.6489053,2.4330301,17.54626
3.0994678,4.3172073,1.4657503,1.2177396,39.288666
19.6772,6.2820473,0.89818144,13.395153,68.074486
2.512931,3.0995202,0.9714071,0.5865891,23.342825
8.210364,10.72233,1.0111524,2.5119658,30.595058
3.2830842,2.3269997,0.8847398,0.9560845,29.121536
11.4806595,9.564585,1.0122198,1.9160748,16.689589
25.277678,24.867138,0.9756721,0.41053963,1.6241193
16.08096,11.276976,1.8984503,4.8039837,29.87374
0.85877126,0.68176687,0.95441055,0.1770044,20.611355
1.890987,3.127706,0.8637782,1.236719,65.40071
0.6256953,1.5007553,0.88760877,0.87506,139.85402
1.1753606,2.2956345,0.970232,1.120274,95.31322
0.3988307,1.5833099,1.3369937,1.1844792,296.98798
4.591372,6.499009,0.9392874,1.9076371,41.5483
0.729882,1.3224581,1.0445027,0.59257615,81.187935
21.306658,20.995928,1.1106638,0.31072998,1.4583703
1.4926839,0.99845845,0.89010197,0.49422544,33.10985
1.3557574,1.6288267,0.8696058,0.27306938,20.141464
0.8348012,1.3497859,1.9444036,0.5149847,61.689507
1.9585127,1.4732788,0.8779853,0.4852339,24.775633
1.4424845,1.0448735,1.2401048,0.39761102,27.564318
0.84795165,1.2757971,0.8943362,0.42784548,50.456352
2.222315,2.2796626,1.8752004,0.057347536,2.5805314
0.5537341,2.1311588,1.6493808,1.5774248,284.87042
0.70041525,1.6190652,1.3258461,0.9186499,131.1579
1.5578569,1.7628884,0.89747816,0.20503151,13.161126
3.3464975,3.5219765,1.3296944,0.17547894,5.2436595
0.882445,1.2156187,1.2625165,0.33317375,37.755753
0.5089641,0.0,1.3549482,0.5089641,100.0
0.33230108,1.2907515,1.2519578,0.9584504,288.4283
1.6144831,1.2412305,0.9745512,0.37325263,23.119019
6.6457686,4.364502,0.93728375,2.2812667,34.326603
0.6451335,0.72888726,1.4549536,0.083753765,12.982393
5.7253547,7.865333,1.7106105,2.1399784,37.37722
1.1217495,1.4623175,1.236742,0.34056795,30.360426
31.616835,31.281563,0.97069854,0.33527184,1.060422
6.4131064,5.1345654,0.8976817,1.2785411,19.936377
0.8511775,0.9025905,0.86646503,0.051413,6.0402207
1.3684258,2.1022837,0.8736118,0.73385787,53.627888
1.1790224,2.6814435,0.8870704,1.502421,127.42938
0.4454371,0.66242313,0.9577521,0.21698603,48.713055
0.6483119,0.92010885,1.0845652,0.27179694,41.923794
16.937336,18.073494,0.8944655,1.136158,6.708009
0.4265366,1.3409473,1.2006803,0.9144107,214.38037
28.00397,25.29608,0.9123866,2.7078896,9.669662
1.1148103,0.8636993,1.3205172,0.25111103,22.525
0.5864736,0.96914434,0.9249076,0.38267076,65.24944
1.0944662,1.9337881,1.3722268,0.83932185,76.68778
0.5082734,0.18753433,1.6451966,0.3207391,63.103653
22.413507,20.734024,1.0166916,1.6794834,7.493175
0.6101651,2.555256,0.864131,1.9450908,318.78107
0.8658261,0.78333426,0.8992207,0.082491815,9.527528
1.0298996,1.827468,0.9524224,0.79756844,77.441376
0.6032554,0.4381851,1.7346797,0.1650703,27.363255
47.585663,9.825397,0.86412835,37.760265,79.35219
0.45377952,0.25681305,0.97597593,0.19696647,43.405766
3.7502122,6.817039,0.87713695,3.0668268,81.77742
14.987517,15.229158,0.9608527,0.24164104,1.612282
9.752079,3.36209,0.9734727,6.389989,65.524376
0.5980208,0.5566207,1.1702361,0.041400075,6.9228487
0.8156623,0.5295834,1.2510968,0.28607893,35.073208
0.7744963,1.2246854,1.9187484,0.4501891,58.126698
3.976515,3.357244,1.0997894,0.61927104,15.57321
2.1774962,4.125881,0.8744785,1.948385,89.478226
2.0544815,1.7050211,0.9010305,0.34946036,17.009663
2.6898549,2.4818199,1.3596117,0.20803499,7.7340603
1.2418956,4.316991,0.929236,3.0750952,247.61304
0.36862,0.67493916,1.7481804,0.30631915,83.09889
0.5390989,0.7096985,1.1644688,0.17059958,31.645319
14.277066,18.631638,1.6053269,4.3545713,30.500462
1.4172024,1.4213088,1.1610287,0.0041064024,0.28975412
0.98516697,1.3863804,1.661292,0.40121347,40.725426
38.69409,9.988167,0.898413,28.705925,74.186844
0.06263914,0.33309424,1.7308182,0.2704551,431.76694
15.548481,5.683561,0.88332623,9.86492,63.446194
7.7120485,14.538823,0.88615507,6.8267746,88.520905
15.122114,15.102409,0.9989549,0.019704819,0.13030465
1.2592838,0.685649,1.3700712,0.5736348,45.552464
13.939935,20.14459,0.91470987,6.2046556,44.509933
0.635679,0.43289268,0.95475334,0.20278633,31.900743
3.4367719,3.450029,0.92326,0.013257027,0.38574067
0.89932126,1.3432375,1.2756363,0.44391626,49.36125
1.3523642,1.019089,0.8944415,0.3332752,24.643892
1.4467559,1.5441854,0.86663187,0.097429514,6.7343435
2.7048607,3.5720675,0.88529867,0.8672068,32.061054
0.91485584,0.65163016,1.0038236,0.26322567,28.772366
0.5292055,0.75663424,1.0870899,0.22742873,42.975506
3.3244262,6.6716566,0.9210387,3.3472304,100.68597
0.76506406,2.2528956,0.87679577,1.4878316,194.4715
3.5173888,3.7758584,0.84872097,0.25846958,7.3483367
9.988555,10.797772,1.1483542,0.80921745,8.101447
15.5345545,20.789562,1.6165015,5.2550077,33.827866
47.007717,40.31831,1.0614523,6.6894073,14.230445
0.815341,0.9925755,1.3766893,0.17723453,21.737474
18.45859,20.97266,0.94471335,2.5140705,13.620057
3.4783764,2.6072469,0.88613987,0.8711295,25.044142
2.8629484,1.9960786,0.952862,0.8668698,30.27892
0.83901966,1.6025584,1.1588175,0.7635387,91.00368
1.3701512,0.7788384,1.4841157,0.59131277,43.156754
0.72570795,1.423743,1.5080011,0.69803506,96.186775
1.6435903,1.6541905,1.2601793,0.010600209,0.6449423
5.0824084,4.4586926,0.8883153,0.6237159,12.272054
5.2106314,4.967674,1.6980729,0.24295759,4.6627283
1.0567667,1.0877535,0.8856772,0.030986786,2.9322257
0.3448846,1.1108568,0.8948512,0.76597214,222.0952
1.8715554,1.9309498,0.87818104,0.05939436,3.1735291
0.93941617,2.5575106,0.8728078,1.6180944,172.24469
0.29352704,0.882339,1.5720273,0.588812,200.59889
0.96541333,1.604491,0.8966415,0.63907766,66.19731
0.60856783,0.0,1.293917,0.60856783,100.0
1.3045423,0.6508932,1.8871446,0.6536491,50.105625
0.5427192,1.1165955,0.8493021,0.5738763,105.74093
1.8197966,1.6785884,0.9117184,0.14120817,7.759558
5.021798,3.7601335,1.0522817,1.2616646,25.123762
0.75159866,0.98857045,0.857852,0.2369718,31.529034
11.3438835,9.282503,1.5848207,2.0613804,18.171734
0.5412225,0.059219122,0.9346169,0.4820034,89.058266
9.141754,10.736536,0.89453596,1.5947819,17.44503
0.6298576,1.4668543,1.2997615,0.83699673,132.88667
0.57643604,1.1191684,1.1569648,0.54273236,94.15309
15.0016,20.403696,0.88013726,5.402096,36.01013
0.49736068,0.3520229,1.8124926,0.14533779,29.22181
0.88134694,2.3473513,0.89178026,1.4660044,166.3368
13.440757,14.486741,0.9665741,1.0459843,7.7821827
1.7727544,2.4925392,0.8755157,0.71978474,40.60262
1.5829487,1.5611274,0.86969846,0.02182126,1.3785198
6.3312464,6.6644554,1.5957841,0.33320904,5.2629294
0.635505,1.2335417,1.2443929,0.5980367,94.104164
0.4916665,1.5767362,0.90632844,1.0850697,220.69221
1.0647172,0.99554455,0.8657968,0.06917262,6.496807
2.0004435,1.7189963,1.435795,0.28144717,14.06924
1.9482334,2.0255003,0.9364801,0.07726693,3.9659998
2.1671298,2.2686794,1.8433517,0.101549625,4.685904
1.0633974,1.6109377,1.1490524,0.5475403,51.48972
0.5619701,1.6642166,0.90624386,1.1022465,196.13971
3.3273141,2.272733,0.88079125,1.0545812,31.694668
39.187496,24.225908,1.8359213,14.961588,38.179497
4.0345583,7.2415466,0.8928215,3.2069883,79.48796
2.8158004,2.5003152,0.8999468,0.31548524,11.204104
0.80442524,3.4911551,0.8527677,2.68673,333.99374
9.320663,9.709122,0.89465207,0.38845825,4.1677103
0.9781473,0.67511594,0.8798073,0.30303138,30.980137
5.8837566,7.5939445,0.8988569,1.7101879,29.06626
0.5598167,1.1159203,0.86721325,0.5561036,99.33672
1.0552111,2.7446923,0.9021619,1.6894813,160.10837
0.5784466,0.0018928051,0.882496,0.5765538,99.672775
5.0340257,7.5553904,1.6877372,2.5213647,50.08645
0.6295389,0.8751757,0.8636695,0.24563682,39.01853
0.9363418,1.7566276,0.8791076,0.82028574,87.60537
1.5285794,1.8164614,1.1854689,0.2878821,18.83331
1.1496013,0.7054056,1.7396748,0.44419575,38.63911
1.0730937,1.3329288,1.3579682,0.25983512,24.21365
1.4587904,2.6092396,0.93130744,1.1504492,78.86322
2.6003177,4.329635,0.88138765,1.7293174,66.50408
16.991129,20.077076,1.6224201,3.085947,18.162107
8.087039,7.0637026,0.96182364,1.0233364,12.654031
0.8318625,1.8097073,1.9046241,0.9778448,117.54884
0.6548964,0.5121288,0.8514301,0.14276761,21.80003
6.985822,6.018856,0.9893092,0.96696615,13.841838
1.1847999,1.3004904,1.6507852,0.11569047,9.764558
13.996756,15.426931,1.2167194,1.4301758,10.217909
15.188664,15.872196,0.9553995,0.68353176,4.500276
8.91791,8.721266,1.3493185,0.19664383,2.205044
2.8063936,3.0810785,0.85976243,0.2746849,9.787826
1.4568024,1.0664291,1.2366686,0.39037323,26.796581
0.4997669,0.7467804,1.643459,0.24701351,49.425747
4.3229756,4.3882995,1.6277592,0.06532383,1.5110848
3.5596316,4.338354,0.890529,0.7787225,21.876492
1.0000485,1.3047123,0.942565,0.30466378,30.4649
0.7784681,1.2135389,0.91423833,0.4350708,55.888073
0.18145981,0.77875197,1.4171177,0.5972922,329.1595
0.6613439,1.1137235,0.87977475,0.45237964,68.40309
0.56645197,0.8447921,0.89537686,0.27834016,49.13747
1.1807287,1.08441,0.9741316,0.09631872,8.157566
0.77888423,0.35301423,1.3156408,0.42587,54.676933
0.4950775,0.15318847,1.8253095,0.34188902,69.05768
1.7937983,6.404583,0.9028648,4.6107845,257.0403
4.15184,2.5506525,0.8703237,1.6011877,38.565735
2.9037282,4.4784613,1.8948886,1.574733,54.23142
0.93866765,1.2250402,0.86777616,0.28637254,30.508408
0.8272487,0.5326767,0.9894932,0.294572,35.60864
8.106481,6.9238067,0.95175844,1.1826739,14.58924
0.62519246,0.06281495,1.3370615,0.5623775,89.9527
3.194797,2.3084412,1.8667103,0.8863559,27.74373
0.64687705,0.7371094,1.4087157,0.09023237,13.948921
13.687932,11.678679,1.1974101,2.0092525,14.679008
9.2730665,9.875931,0.880415,0.60286427,6.5012393
0.4799786,1.2302287,1.5163324,0.7502501,156.30907
0.54002774,1.7974033,0.891295,1.2573756,232.83537
0.11948972,0.37639773,1.6060371,0.256908,215.00426
5.1903744,4.417659,0.88581145,0.77271557,14.887473
19.610287,21.951866,0.9260106,2.3415794,11.940567
3.49327,3.390789,1.3871965,0.10248089,2.9336665
36.987553,34.08676,1.0600597,2.9007912,7.842614
2.7940266,2.3579974,0.88948673,0.4360292,15.605764
1.0620615,0.71955055,0.9910147,0.342511,32.249638
1.2995292,1.6305308,0.96200794,0.33100164,25.470888
0.7728129,0.28802,1.3049223,0.4847929,62.730953
10.9470825,9.74361,0.9174392,1.2034721,10.993543
0.54009634,0.12823987,1.8320545,0.41185647,76.25611
0.783297,1.0040492,1.6509228,0.22075218,28.182436
32.94224,30.989176,0.97616345,1.9530659,5.928758
1.3967359,0.9371597,0.9169495,0.4595762,32.903584
0.4960674,0.40622818,0.99873924,0.08983922,18.110285
11.690883,17.063318,0.9148855,5.3724356,45.95406
0.7366539,0.8611198,0.8860079,0.12446588,16.896114
1.402875,1.7963705,1.578083,0.39349556,28.049225
2.4319081,4.9305086,0.8537507,2.4986005,102.742386
0.23913498,0.51361525,1.1295595,0.27448028,114.78048
1.1894666,3.113573,0.984655,1.9241065,161.76213
36.146862,32.612373,1.2623994,3.5344887,9.778133
0.5523741,1.2689718,1.5756317,0.7165977,129.7305
1.1024672,1.6133342,0.9216962,0.510867,46.338524
0.5077639,1.3828888,1.308112,0.8751249,172.34877
0.26395607,1.0736408,0.9069125,0.80968475,306.74982
41.416153,37.013756,1.155344,4.402397,10.6296625
1.1964113,1.7048051,0.9174804,0.5083939,42.49324
1.049788,1.1952859,0.8636411,0.14549792,13.859742
6.530708,4.8377914,1.5786598,1.6929164,25.922403
10.788761,9.940094,0.8939558,0.84866714,7.8662148
12.746552,17.260174,0.8906703,4.5136213,35.410526
4.4375076,3.7757428,0.8971064,0.66176486,14.912985
1.6254612,1.2839813,1.0156143,0.3414799,21.008186
1.7005309,0.4541086,0.980225,1.2464223,73.29607
27.532618,27.928665,0.9808612,0.3960476,1.4384669
1.0712125,0.29593682,1.7851123,0.7752757,72.373665
0.6549518,1.8832836,1.6370906,1.2283318,187.54538
1.7485756,2.45295,0.8826982,0.70437443,40.282757
0.6888721,0.9173086,1.4025441,0.22843653,33.16095
0.13785362,0.0,1.092512,0.13785362,100.0
4.7469783,5.478323,0.8851492,0.7313447,15.406531
4.5218368,2.9375045,1.2207884,1.5843322,35.03736
9.516162,12.416189,0.9131958,2.9000273,30.474756
4.3828053,3.7604375,0.9386345,0.62236786,14.200216
0.24369313,0.64420336,1.0243043,0.40051025,164.35025
3.0525699,4.455864,1.3932023,1.4032941,45.97091
39.368317,8.627914,0.8706009,30.740402,78.08412
15.776128,16.951017,1.6847175,1.1748896,7.447262
1.6012543,5.399765,0.8811132,3.7985106,237.22093
4.73908,5.277194,1.4276208,0.5381141,11.354822
0.59642357,0.22395372,1.8803165,0.37246984,62.450554
1.1214911,1.3608816,1.9449959,0.23939049,21.345734
28.70756,28.221159,0.8580047,0.4864006,1.6943294
19.571938,21.18049,1.5633368,1.6085529,8.21867
22.699524,20.585623,0.9088401,2.1139011,9.312534
1.7281703,2.8534856,1.9070474,1.1253153,65.116
1.1003749,1.2673979,0.9361087,0.16702294,15.178729
10.758317,10.236788,1.0358055,0.5215292,4.847684
43.553326,29.478743,1.7046622,14.074583,32.315746
1.136236,1.4058707,1.1822052,0.26963472,23.730522
1.3824663,1.2372879,0.9759419,0.14517844,10.501409
7.2328334,10.433849,0.88053757,3.201016,44.256737
9.0025625,9.07686,1.5673306,0.074297905,0.8252973
1.3721194,1.0833414,1.0118054,0.28877807,21.046133
0.49995965,1.0000045,1.562247,0.5000449,100.01705
0.84316665,1.7235754,1.6238286,0.8804087,104.41692
7.0653424,7.4099064,1.8545403,0.34456396,4.876819
6.306426,7.1832614,0.97157276,0.87683535,13.903839
9.807144,8.469271,1.2270925,1.3378735,13.641826
11.658834,14.694935,1.8572632,3.0361004,26.0412
2.2452767,2.6002142,0.86763364,0.35493755,15.8081875
0.9033377,0.3571837,1.8308464,0.546154,60.45956
0.36269793,0.074855804,0.93698466,0.28784212,79.36139
0.57006544,0.0,0.97695774,0.57006544,100.0
0.6472063,2.1646094,0.85224223,1.5174031,234.45432
1.5835799,3.3853326,1.7423099,1.8017527,113.77718
0.6771463,1.2738966,1.6171796,0.59675026,88.12723
0.8076582,1.8701882,0.9549364,1.06253,131.5569
1.0703828,1.6222425,0.91468966,0.5518596,51.55722
18.147375,13.054451,0.8893272,5.092924,28.064247
16.907171,18.012924,1.6316407,1.105753,6.5401416
3.0563931,2.5513844,1.0721622,0.5050087,16.523027
2.4978774,2.5384345,1.4139827,0.040557146,1.6236644
0.66223884,0.2867272,1.9087348,0.37551165,56.703354
6.594155,10.663196,0.90978587,4.069041,61.706783
0.5578796,2.0045943,1.5737046,1.4467146,259.3238
1.0531727,2.3219624,1.9069177,1.2687896,120.47308
0.45527253,1.5254679,0.9023301,1.0701953,235.06697
0.92995477,2.903541,0.89634204,1.9735863,212.22389
0.5921361,0.7337299,0.86030453,0.14159381,23.912378
0.8664259,0.0,1.8365731,0.8664259,100.0
0.5961583,0.14068675,1.7871537,0.45547158,76.40111
17.235798,19.280668,0.8673551,2.0448704,11.864088
0.7435588,1.6574863,1.539184,0.9139275,122.9126
7.3082232,6.4278464,1.1610227,0.8803768,12.046387
0.60451376,0.93395364,1.0629795,0.32943988,54.496674
0.78508043,1.1646404,0.8847115,0.37956,48.34664
5.2346287,4.258219,1.0624796,0.9764099,18.652897
0.7399859,1.1529636,1.637035,0.41297776,55.80887
1.9535385,2.2627385,0.9556357,0.30919993,15.827685
0.5615316,0.44186592,1.7213278,0.11966568,21.310587
8.509416,7.359842,1.4206882,1.1495738,13.509433
0.5854743,1.758633,0.8680584,1.1731586,200.37747
10.023414,8.185902,0.8856864,1.837512,18.3322
5.222731,5.1013274,0.94674855,0.121403694,2.324525
7.193484,4.629158,0.8740993,2.5643258,35.6479
0.8081096,0.6763443,1.035512,0.1317653,16.305376
1.7489649,1.1467764,1.7958529,0.60218847,34.431133
15.055476,18.765078,1.5838349,3.7096014,24.63955
0.5924807,0.54497015,1.0361717,0.047510564,8.018922
6.2436085,9.197723,1.8146967,2.954115,47.314224
0.8977369,0.7861074,1.699066,0.111629486,12.434544
3.368508,5.6043334,0.9019171,2.2358253,66.37435
1.0033772,1.3540204,0.8791057,0.35064316,34.946297
2.4766462,2.380096,1.3055807,0.096550226,3.8984263
3.6714935,6.999194,0.9265986,3.3277006,90.636154
12.606832,18.999517,0.881894,6.392686,50.70811
4.1301584,3.0618954,1.2056563,1.068263,25.864943
0.5516423,0.752602,0.8757851,0.20095968,36.429348
2.1387303,1.9203465,0.84870505,0.21838379,10.210908
2.5252712,3.902217,1.5213697,1.3769457,54.52665
0.7171356,1.3546255,0.8897463,0.63748986,88.893906
5.711033,4.974554,0.8978124,0.7364788,12.89572
1.7477828,2.9834247,0.9135427,1.2356418,70.69768
1.1516416,2.4135761,1.5591348,1.2619345,109.57702
8.534872,11.605201,0.9025228,3.0703287,35.973927
1.490737,2.8473315,0.8918332,1.3565946,91.0016
0.49209818,1.5661032,1.6180687,1.074005,218.25014
21.381983,23.908003,1.091583,2.52602,11.813778
0.6982871,0.0,1.7027545,0.6982871,100.0
0.7055307,1.228568,1.1626078,0.52303725,74.13387
0.49358097,1.4785459,1.5729781,0.98496497,199.5549
11.746484,15.345892,0.9025846,3.5994081,30.642431
0.82107395,0.8910102,1.0586011,0.069936275,8.517658
1.0956333,1.2358236,0.9232104,0.14019036,12.795373
5.032083,7.4774103,0.90387684,2.4453273,48.594734
35.8547,12.604544,0.8758013,23.250154,64.84549
7.5475483,13.986278,0.8775151,6.4387293,85.30888
9.158683,12.615981,0.9053271,3.4572983,37.74886
27.9734,25.867443,0.9162922,2.105957,7.528427
31.73972,29.96854,0.9924031,1.7711792,5.580324
2.608682,3.0391562,0.85106367,0.43047428,16.5016
2.6799877,2.6864746,1.0453112,0.0064868927,0.24204935
0.7739492,2.1815298,0.8841527,1.4075806,181.86989
1.0493497,1.1489851,1.4928175,0.09963548,9.494975
1.4710025,1.9105846,1.3962188,0.4395821,29.883165
1.9261931,6.3949738,1.7566015,4.4687805,232.00064
0.50715035,1.1271755,0.870233,0.6200251,122.25666
0.8473671,0.2846291,1.7699969,0.562738,66.41018
2.5367084,3.4197054,1.1137325,0.88299704,34.808773
0.59652925,0.5675894,0.9670218,0.028939843,4.8513703
2.7843473,2.9590466,1.8235179,0.1746993,6.274336
0.562749,0.82943803,1.230834,0.266689,47.390396
0.5101226,1.5793376,1.4084389,1.069215,209.59964
2.8303807,3.8386528,0.8853567,1.0082722,35.6232
1.0228473,0.9016061,1.9394497,0.12124121,11.853305
0.806849,2.4045763,0.8934788,1.5977273,198.02061
22.025827,13.09114,0.88131785,8.934688,40.564594
1.5217584,1.2679727,1.2897437,0.25378573,16.677135
21.219286,24.86438,0.91549236,3.645094,17.178213
0.4243433,0.55565244,1.483417,0.13130915,30.944084
0.5912149,0.70912725,1.4892634,0.11791235,19.944077
0.5817417,0.271147,1.3752002,0.31059468,53.39048
2.8856342,2.7167482,0.87610507,0.16888595,5.852646
0.87587035,1.1071862,0.99065006,0.23131585,26.409826
7.762284,8.679136,1.8739766,0.9168525,11.811633
1.1733718,2.7458608,1.6058968,1.572489,134.01456
25.52047,25.763447,1.4572346,0.24297714,0.9520873
0.11380103,0.99917233,1.9351807,0.8853713,777.9994
0.8121358,0.5298481,1.3456163,0.28228772,34.758682
0.9090929,0.8943888,1.3399019,0.014704108,1.6174483
1.837159,2.7492287,0.8644111,0.9120697,49.64566
0.6566677,0.12691474,1.2732984,0.52975297,80.67291
2.844778,1.8499984,1.3649899,0.9947797,34.968624
5.560676,7.815273,0.90979254,2.2545967,40.545372
5.0393143,4.745618,0.9442917,0.2936964,5.8281026
12.125691,14.266979,0.94434166,2.1412878,17.6591
0.82616127,0.768209,0.84505385,0.057952285,7.0146456
0.9892399,0.21814609,1.7612851,0.7710938,77.948105
0.5659887,0.8229472,0.9197907,0.25695848,45.39993
1.0232052,1.9070234,0.8930989,0.88381827,86.377426
2.8915973,3.7217789,0.8813036,0.8301816,28.710138
1.1004909,1.2064736,0.9472239,0.10598266,9.630489
37.81946,27.621712,0.9436351,10.19775,26.964293
0.80946636,1.148613,1.6709739,0.3391466,41.897556
0.72657436,1.1371275,0.93248075,0.41055316,56.50532
4.510429,5.311534,1.3477176,0.801105,17.761171
8.247591,7.1039357,0.94542694,1.1436553,13.866538
8.161347,11.0734415,0.877829,2.912094,35.681538
4.2330856,3.6695757,0.91723,0.56350994,13.312037
2.0459466,1.948329,0.8736643,0.097617626,4.7712693
2.1759117,3.4663386,0.87160426,1.290427,59.305115
8.269181,11.609983,0.9138304,3.3408022,40.400642
1.0885353,0.80656314,1.5899973,0.28197217,25.903814
11.160515,10.640014,0.8788476,0.52050114,4.6637735
1.0683737,2.6842914,1.7587488,1.6159177,151.25023
3.6403372,2.4796634,1.1706296,1.1606739,31.88369
9.43523,13.730927,1.2505586,4.295697,45.52827
0.81528157,0.28484178,1.0231153,0.5304398,65.06216
2.3943076,1.5925076,1.4519209,0.8018,33.487762
0.503275,0.6770452,1.2045251,0.17377025,34.527897
2.8926291,2.1790223,0.8931184,0.71360683,24.669836
0.8616488,1.1058336,1.7225919,0.24418485,28.339256
8.233132,7.647155,1.3973662,0.58597755,7.11731
20.345142,12.495642,0.90390795,7.8495007,38.581696
4.0468035,2.378368,0.8684015,1.6684356,41.228477
0.66885626,1.1851299,1.2242061,0.5162736,77.18753
1.8251486,2.3893666,1.7437731,0.56421804,30.913542
46.92002,26.214085,0.9256869,20.705936,44.130283
0.553563,0.6911993,0.90066725,0.1376363,24.86371
1.1746564,1.277842,0.9778481,0.10318565,8.784327
0.6595163,1.63095,1.9405404,0.9714337,147.29488
39.336864,16.909895,1.8963207,22.42697,57.012604
1.5173821,1.4588728,1.006689,0.05850935,3.8559403
0.3013437,0.6583615,0.87844545,0.3570178,118.47527
0.7766815,0.6188587,1.8651892,0.15782279,20.320143
1.7238052,2.8171964,0.865863,1.0933912,63.42893
3.5841641,4.8804913,1.373031,1.2963271,36.168182
2.5093784,2.2806683,0.91114336,0.22871017,9.114216
0.5724629,1.2318724,1.9446422,0.6594095,115.188156
3.5010896,5.8882794,0.85871744,2.3871899,68.184204
1.7056764,1.4997642,0.9169336,0.20591223,12.072174
41.720375,34.497097,1.0842508,7.223278,17.31355
1.4525346,2.5641034,1.656188,1.1115688,76.52615
0.86783916,2.6816068,0.8764781,1.8137677,208.99814
16.205149,20.668247,0.9022627,4.4630985,27.541237
2.7748713,2.912828,0.9071148,0.13795662,4.97164
1.1117724,0.54958606,1.4660236,0.56218636,50.566677
2.1939502,1.382721,0.8522253,0.8112292,36.97574
1.4567255,1.8276434,0.94036406,0.37091792,25.462446
2.3311398,2.7954285,0.88860327,0.4642887,19.916811
0.5713098,1.3917459,1.945488,0.8204361,143.60617
1.2634814,1.3867245,1.231051,0.12324309,9.754247
15.654517,18.384966,0.9313572,2.7304487,17.441921
3.0251653,3.004724,1.470577,0.020441294,0.6757083
1.8369354,2.1011114,0.90364325,0.264176,14.381345
6.7017837,9.760006,1.6376251,3.0582223,45.63296
10.587787,7.865686,1.1583184,2.7221007,25.70982
1.2304089,1.9029803,1.4838309,0.6725714,54.66243
16.91458,20.200325,1.1445955,3.2857456,19.425524
2.156794,1.4256816,0.9749522,0.7311125,33.898113
1.1629796,1.7992731,0.891266,0.63629353,54.712357
1.5437739,0.8238032,1.3047912,0.7199707,46.63706
1.0081546,0.85274506,1.4828517,0.15540957,15.415252
1.3238981,2.780747,1.4728284,1.4568489,110.04237
1.3581814,1.3967121,1.2669032,0.038530707,2.8369339
1.4941703,1.4183295,1.520048,0.07584083,5.0757823
0.62896687,0.9615427,0.9226909,0.33257586,52.876534
2.4881713,3.0724263,0.91418606,0.584255,23.4813
0.9280569,0.059939146,1.8482958,0.86811775,93.541435
35.432167,17.54435,0.88848585,17.887817,50.484684
0.7408288,1.8837388,0.9504518,1.14291,154.2745
9.144926,10.241416,0.93690085,1.0964899,11.990145
1.3933527,2.389903,1.6092322,0.9965503,71.52175
9.567922,8.263169,0.8855805,1.3047523,13.636738
1.791568,2.445797,1.3110256,0.6542289,36.517113
43.410385,39.868275,0.992758,3.5421104,8.159593
0.5823138,1.0902123,1.9429616,0.50789857,87.22077
2.2628016,1.5091512,0.9058573,0.7536504,33.306076
5.1434183,7.580796,1.4207267,2.4373775,47.38828
0.97854155,1.2895331,1.2454365,0.3109916,31.781134
5.5333858,6.3726573,0.85938174,0.83927155,15.167415
6.1323686,6.9927015,1.6204442,0.86033297,14.029374
2.8416216,2.4619842,1.1003186,0.37963748,13.359889
0.7633865,2.2660036,0.915371,1.5026171,196.83571
1.9614825,2.6616845,0.913884,0.700202,35.697594
2.6162455,2.2006536,0.8706465,0.41559196,15.885052
1.6516019,1.3573633,1.941517,0.29423857,17.815344
29.077745,30.922438,1.2657839,1.8446922,6.3440003
3.1328354,3.6144035,1.3345352,0.4815681,15.371637
0.75678295,2.4610918,0.85669184,1.7043087,225.20444
0.676597,1.5579375,0.88487184,0.8813405,130.26077
1.3713953,0.40001595,1.3739127,0.9713794,70.83147
2.6862514,2.1748443,0.99918634,0.51140714,19.037947
0.4388118,1.201235,0.9060104,0.7624233,173.74721
7.251513,11.291213,0.9060593,4.0397,55.708374
1.19589,1.5913347,0.88114804,0.39544475,33.066986
1.3824368,3.0530357,0.9919731,1.670599,120.84452
0.52468115,1.4369133,1.9455508,0.9122321,173.86409
10.46393,10.190173,0.9518368,0.27375698,2.6161966
2.9459183,3.25051,0.89815384,0.30459166,10.339447
1.1506816,0.9101112,0.8832617,0.24057043,20.906776
12.494045,12.890122,0.9044732,0.39607716,3.1701274
1.3528451,1.4227278,0.88328516,0.06988275,5.1656137
8.709502,9.946618,1.8407289,1.2371159,14.204208
0.36152914,0.56083,0.9781038,0.19930086,55.12719
4.7255383,4.3162923,0.89894134,0.40924597,8.660304
15.482211,19.302767,0.91849095,3.8205557,24.677067
1.0391802,1.0617903,1.1708503,0.022610188,2.1757717
6.018401,6.270659,0.9253215,0.25225782,4.1914425
0.9866638,1.5303309,0.8626988,0.5436671,55.10155
0.35133114,1.0148952,0.87441677,0.6635641,188.8714
1.6283807,1.3596569,1.9062338,0.26872373,16.502512
1.0960033,0.92203975,0.9021241,0.17396355,15.872539
2.1752288,2.7052574,1.8377513,0.5300286,24.366566
0.56171596,0.44484228,1.4290365,0.11687368,20.806545
3.71442,2.4950933,1.2441046,1.2193267,32.82684
18.718622,18.202253,0.93131244,0.51636887,2.7585838
2.0496402,1.9799991,1.1408882,0.06964111,3.397724
0.28880447,0.0,1.3296535,0.28880447,100.0
48.535496,11.476379,0.8794091,37.059116,76.35467
4.763788,5.034794,0.9139619,0.27100563,5.688868
10.269212,11.036648,0.94092983,0.767436,7.473174
0.8285314,0.79748994,1.1031902,0.031041443,3.7465622
7.425257,8.130387,1.5679216,0.7051301,9.496372
1.300109,3.7263453,0.90836424,2.4262362,186.61789
1.8799132,3.897718,0.87102497,2.0178046,107.334984
0.8408065,1.6790667,0.9794213,0.8382602,99.69716
1.4815112,2.6330123,0.9577673,1.151501,77.72476
1.7844093,0.8949777,1.3878978,0.8894316,49.844597
5.6896405,5.3244247,1.1514946,0.36521578,6.41896
0.7349049,1.8661902,1.5970464,1.1312853,153.9363
0.7080417,0.77530926,1.936219,0.06726754,9.5005045
1.2017386,2.1166177,0.91321605,0.9148791,76.12962
1.1315484,2.6887226,0.92935973,1.5571742,137.61446
1.4414297,0.5456025,0.93584037,0.89582723,62.14852
0.4595736,0.38424385,0.8988822,0.07532975,16.391228
11.23227,10.293567,1.5388093,0.93870354,8.357203
2.1120603,2.1722553,1.2390544,0.06019497,2.8500593
3.959089,1.9315121,0.859309,2.027577,51.21322
0.5337045,0.4111737,1.4484135,0.12253082,22.958551
1.7269725,2.8212507,1.6326088,1.0942782,63.363964
3.0974755,3.9020987,1.6662898,0.8046231,25.976738
0.5454502,0.26968718,0.8905386,0.27576303,50.556957
9.716707,13.850227,0.93858206,4.13352,42.54034
1.1635396,2.6940606,0.8890197,1.5305209,131.54007
6.3624134,5.4056053,0.8631152,0.9568081,15.038445
1.9222379,1.2192357,0.8907483,0.7030022,36.572075
10.363682,15.396586,0.917841,5.0329046,48.5629
0.42268294,0.42629063,0.89572096,0.0036076903,0.85352165
20.8065,22.49883,1.2909971,1.6923313,8.133666
1.0626601,1.9231198,0.8701877,0.8604597,80.97224
10.843355,17.043167,0.89786035,6.199812,57.17614
1.357783,2.726769,0.93529767,1.368986,100.8251
1.0427231,1.4046421,0.8536351,0.36191905,34.70903
0.6171519,0.45478553,1.9183782,0.16236639,26.308983
11.907587,14.89698,0.921433,2.9893932,25.104946
0.7207073,1.3254771,1.9452995,0.6047698,83.913376
1.8202735,1.3268287,1.0387365,0.4934448,27.108276
0.7555954,0.63120055,1.315537,0.124394834,16.463154
9.632272,17.242487,1.6990644,7.610215,79.007484
0.7466689,0.7565173,0.85044277,0.009848416,1.3189803
11.787672,10.30037,1.1203219,1.4873018,12.6174345
0.22662918,0.4039706,1.0310372,0.17734142,78.2518
24.747734,29.628998,1.0163643,4.8812637,19.724083
1.4778314,1.4252878,1.7300014,0.05254352,3.5554476
0.7392531,2.293287,1.3596138,1.554034,210.21677
2.0068047,5.0527124,1.6923524,3.0459077,151.77898
0.44790003,0.12779617,0.8542911,0.32010385,71.4677
9.466158,8.651207,0.98856,0.81495094,8.609099
3.22962,3.2202137,0.910395,0.009406328,0.29125187
2.8034484,9.144892,1.0505458,6.341443,226.20152
1.4453945,1.3243496,0.8987026,0.121044874,8.374521
0.51906985,2.4241316,0.87877,1.9050617,367.0145
5.6618795,5.9166603,1.4135644,0.25478077,4.499933
0.45757273,0.42126894,0.9612514,0.03630379,7.933993
2.7733018,1.9229617,1.0466753,0.8503401,30.66165
8.128872,11.956118,1.8371625,3.8272457,47.082127
0.89133364,1.4835355,0.9360416,0.5922019,66.43998
0.6814128,1.110696,0.84496325,0.42928314,62.99898
12.695872,14.24168,0.9098857,1.5458078,12.175673
7.6554337,5.7421165,0.87113255,1.9133172,24.992931
3.016391,4.5822887,1.6378186,1.5658977,51.912952
1.3115699,1.8899705,0.90984154,0.5784006,44.09987
3.0980952,4.7415695,1.0047698,1.6434743,53.047894
2.2654305,3.3056517,0.87044835,1.0402212,45.917156
0.6176065,1.2691435,1.5022477,0.65153694,105.49386
0.43606767,1.4990648,0.98298407,1.0629971,243.76884
18.236746,19.925083,0.98734957,1.6883373,9.257888
10.0473175,8.066147,0.9027867,1.9811707,19.718405
0.7127277,0.8795031,0.8371655,0.16677535,23.399586
1.5474694,0.96720004,1.0169103,0.58026934,37.49795
1.0092825,1.101101,0.9351545,0.09181857,9.09741
1.0582978,3.2871006,0.8626249,2.2288027,210.6026
4.3623767,2.5164044,0.8806391,1.8459723,42.315746
3.273268,2.564132,1.9373579,0.709136,21.664467
2.4207687,2.8753507,0.924408,0.45458198,18.778414
1.2501339,0.59332234,0.87467045,0.65681154,52.539295
5.838987,4.601652,0.9745085,1.2373347,21.190914
4.198565,4.4261556,1.3735702,0.22759056,5.420675
2.1241581,1.6652195,0.9904884,0.4589386,21.60567
1.4188541,1.8411016,0.8638815,0.42224753,29.759758
2.4563851,2.9180357,1.3921134,0.4616506,18.793901
6.8922124,7.4524503,1.4321324,0.5602379,8.128564
1.0416389,2.8928475,0.8657204,1.8512087,177.72078
4.606137,4.1897726,0.92364883,0.4163642,9.039336
3.177612,1.5000383,1.029336,1.6775738,52.793537
2.4982493,2.436136,1.2079134,0.062113285,2.4862726
4.2811165,5.4021034,0.9279159,1.1209869,26.184454
1.3826808,1.6038935,1.4346629,0.22121274,15.99883
0.59424496,0.91320825,1.213138,0.3189633,53.67539
1.2661209,2.5025253,0.93694025,1.2364044,97.65295
3.1035788,5.5379324,1.5471148,2.4343536,78.43698
16.63445,19.74892,0.94436604,3.1144695,18.72301
20.223974,12.4629965,0.89285994,7.7609777,38.375137
0.54316443,1.4293125,1.9424273,0.88614804,163.14545
0.25958833,0.3547902,1.1595789,0.09520188,36.674175
8.772705,4.158735,1.7030079,4.6139703,52.594612
12.203476,11.500982,0.9319545,0.70249367,5.7565045
18.741566,25.418919,1.1194793,6.677353,35.628574
3.3291588,3.299951,0.9138428,0.029207706,0.87732995
1.230422,2.8594398,0.90491736,1.6290178,132.39505
3.1111603,1.6454022,0.9216913,1.4657581,47.112907
1.6010995,0.4533955,1.1575041,1.147704,71.68224
1.1034514,0.36259246,1.9115347,0.7408589,67.14015
5.940753,7.3459163,0.87448835,1.4051633,23.652948
37.46301,18.36778,1.7529392,19.095228,50.970886
0.7151737,0.45971096,1.1125549,0.25546277,35.72038
3.8404055,2.565939,0.8959898,1.2744665,33.18573
0.60791606,1.7311401,0.84861463,1.123224,184.7663
31.42758,36.212334,1.0603162,4.784754,15.224697
0.6807652,1.0135055,0.8519192,0.33274025,48.877388
1.584257,1.1955951,1.0031497,0.38866186,24.532755
1.9287833,2.1797113,1.3602327,0.25092804,13.009654
1.5422087,2.5401115,0.88991576,0.99790287,64.706085
6.1004186,5.6775274,1.2563273,0.42289114,6.932166
9.894483,8.321739,1.1076348,1.5727434,15.895155
20.720064,12.535918,0.9602101,8.184146,39.498653
2.3514168,2.7727509,0.8883785,0.42133403,17.918304
7.394187,15.327412,1.4860454,7.9332247,107.290016
0.65042543,0.30656946,0.9812079,0.34385598,52.866318
1.1585186,1.4536657,1.3112994,0.29514718,25.476257
2.4789984,2.0015483,0.87658936,0.47745013,19.2598
3.812195,3.9935222,0.9486094,0.1813271,4.756501
2.1977813,2.1206393,1.9263172,0.077142,3.5099943
9.62489,13.018607,0.8961518,3.3937168,35.259796
3.1098387,2.6792073,0.9682464,0.4306314,13.847387
1.0055311,1.0010684,0.86444366,0.004462719,0.4438171
1.0605139,1.3357418,1.4837906,0.2752279,25.952316
0.73707813,0.48214602,1.0422484,0.2549321,34.58685
6.7888074,6.5653915,0.91301644,0.22341585,3.290944
21.232088,21.402126,1.6653097,0.17003822,0.8008549
1.1251351,2.4395328,1.6807233,1.3143977,116.82133
0.57438487,1.434575,1.9455502,0.8601901,149.7585
1.3065764,1.6547952,1.0135456,0.3482188,26.65124
4.5861487,4.756217,0.90712214,0.17006826,3.7083025
1.2699034,2.765151,0.86811376,1.4952476,117.74499
1.1164618,3.7568712,1.734463,2.6404095,236.49799
1.9928874,1.6676362,1.056905,0.32525122,16.320602
0.996181,1.5292109,1.5494115,0.5330299,53.507336
2.4196303,2.224239,0.87691,0.19539118,8.07525
1.584901,1.295322,1.7575431,0.28957903,18.271112
0.77382153,1.7731844,1.3711005,0.9993629,129.14642
13.508512,15.291598,0.9194474,1.7830868,13.199729
0.87472296,0.5401435,0.8612612,0.33457947,38.249763
0.59365106,0.6963409,0.8762013,0.10268986,17.298016
30.408464,26.676289,0.9687513,3.7321758,12.273477
0.15553012,0.0,1.4063911,0.15553012,100.0
1.8013561,4.950381,0.84950703,3.1490247,174.81412
2.2424142,1.5667048,1.4678044,0.6757095,30.133123
1.3596516,0.20052075,1.0363907,1.1591308,85.252045
1.3929622,1.9902236,1.5859457,0.5972614,42.87707
0.6248447,0.0,1.8659363,0.6248447,100.0
5.9960213,7.1319075,0.916537,1.1358862,18.944
9.288549,11.433494,0.87195325,2.1449442,23.092348
0.5603232,1.8046092,0.91205966,1.2442861,222.06578
3.6526616,1.0821319,0.8910782,2.5705297,70.37416
0.17661071,0.19998765,1.0841761,0.023376942,13.2364235
0.7895163,1.8397952,1.4791148,1.0502789,133.02815
0.08166791,0.67848873,1.8967735,0.59682083,730.7899
23.49471,27.27925,0.88455886,3.7845383,16.108044
0.70561606,0.59572047,0.86916786,0.10989559,15.574418
1.2870816,1.5190356,0.9371451,0.23195398,18.0217
24.553362,22.680496,0.94104016,1.8728657,7.627736
0.5864234,0.37152648,0.97854507,0.21489692,36.645355
0.592733,0.2594049,1.5111837,0.33332813,56.235794
3.6163356,3.9850965,0.95855534,0.36876082,10.197085
0.30743837,0.46318042,1.0741247,0.15574205,50.657974
0.15399124,1.380313,1.2627861,1.2263218,796.35815
12.697341,11.419393,0.9013387,1.2779484,10.0646925
8.479274,9.332428,0.96175945,0.8531542,10.061642
6.5825896,11.388354,0.88929844,4.8057647,73.00721
3.3317401,4.4361997,1.4475423,1.1044595,33.14963
8.506949,7.134252,1.2329671,1.3726974,16.136187
0.7761975,3.8970392,0.9780986,3.1208417,402.068
21.125278,8.870163,0.87430453,12.2551155,58.01162
10.126125,11.05892,0.8680764,0.9327946,9.211762
2.2295246,5.416114,0.8527356,3.1865892,142.92685
1.2412379,1.9049721,0.9028321,0.6637342,53.47357
4.2556057,5.4093323,0.8788344,1.1537266,27.110748
0.49785882,0.7613472,1.9339381,0.26348835,52.924313
1.4836175,3.2040088,0.9267737,1.7203913,115.95921
0.6092057,1.4665763,0.89113384,0.8573706,140.73581
1.7121744,1.9082074,0.9320497,0.196033,11.449359
10.656912,12.267355,0.9177988,1.6104431,15.111724
6.1227727,8.504433,0.9293164,2.38166,38.89839
6.248129,13.67757,1.4213593,7.4294415,118.90666
3.4977787,4.5138664,0.89166623,1.0160878,29.049517
0.60978687,1.3866417,0.88209486,0.7768549,127.397766
1.188536,1.5903671,0.9144175,0.40183103,33.808903
17.293865,19.355284,0.94084316,2.0614185,11.919941
1.2278637,1.0135548,1.7104428,0.21430886,17.453798
1.5149252,1.8593919,0.8764939,0.3444667,22.7382
1.1451678,2.0553923,1.1761168,0.91022444,79.48393
1.6207447,2.3006558,0.95847315,0.67991114,41.95054
1.5344672,1.3127851,1.4313055,0.22168207,14.446843
3.3105628,3.0789988,0.89851516,0.23156404,6.9947033
1.8419559,0.95648324,0.90414363,0.88547266,48.072414
3.39728,2.7298527,0.9031668,0.6674273,19.645931
1.471631,1.5587204,1.7376671,0.0870893,5.917876
0.8243563,0.94260514,1.4302541,0.11824882,14.344382
1.7084199,2.248097,1.5910901,0.539677,31.589249
16.132015,16.935133,0.8901013,0.80311775,4.9784093
4.7371764,3.5962813,1.2407706,1.1408951,24.083864
0.5558711,0.7813791,1.8518846,0.22550797,40.56839
4.9313655,6.246265,0.8942998,1.3148994,26.664003
0.81211567,0.33403718,1.7560608,0.47807848,58.86828
2.6556685,3.0841286,0.95539457,0.42846012,16.133795
8.942628,15.192303,0.8930966,6.249675,69.88633
0.76524323,1.7929859,0.90135366,1.0277426,134.30273
0.4866631,1.155719,1.2294315,0.66905594,137.47826
5.7342205,3.9024782,0.9188626,1.8317423,31.94405
0.33370942,1.4321761,0.91000164,1.0984666,329.1686
9.16233,13.742793,0.900598,4.5804634,49.992344
1.9609982,1.9926718,0.9250235,0.03167367,1.615181
43.14016,25.380692,0.9206231,17.759468,41.166904
18.403473,15.910966,1.0024369,2.492507,13.543677
2.3321996,3.6045537,1.4058379,1.2723541,54.55597
1.2274766,1.3152757,0.97094756,0.08779907,7.15281
1.285088,3.8030238,0.88111115,2.5179358,195.9349
2.976747,3.7459276,1.5149463,0.76918054,25.839634
0.5910483,2.2813501,0.9110023,1.6903019,285.9837
5.0474176,3.7448645,0.88818,1.3025532,25.806328
3.665373,3.3948927,0.941699,0.2704804,7.379341
0.53832436,0.166327,1.4056228,0.37199736,69.10283
0.47601706,0.12284303,0.99788314,0.35317403,74.193565
10.3978615,13.965215,0.9172838,3.5673532,34.30853
1.8614883,2.254765,1.2507851,0.3932767,21.127
23.264528,21.127491,0.99375606,2.1370373,9.185819
0.48951825,0.42661035,0.9526723,0.062907904,12.850983
1.4994916,1.3968161,0.8727469,0.10267544,6.84735
5.1455398,21.078873,1.4583638,15.933332,309.6533
1.464406,1.2927928,0.9467026,0.17161322,11.718965
0.81943727,1.169438,0.9895927,0.35000074,42.712326
1.4407845,0.9655646,1.9353923,0.47521985,32.98341
7.8604126,8.503216,1.6431296,0.6428032,8.177729
0.6343124,0.46124172,0.8926784,0.17307067,27.284771
1.0957221,0.29789734,1.7855997,0.79782474,72.81269
1.0283768,1.9245633,0.9012621,0.8961865,87.14573
6.026497,10.867012,0.8896023,4.840515,80.32054
0.465298,0.5709436,0.92128015,0.1056456,22.704933
1.7315718,1.350441,0.88171566,0.3811308,22.010685
2.9874265,3.397152,0.8801798,0.40972543,13.714995
24.277819,25.836666,1.0007838,1.5588474,6.420871
1.071577,1.6184709,1.1440377,0.54689395,51.03637
0.6355086,0.59106135,1.2276982,0.044447243,6.9939637
17.456614,7.591476,0.867741,9.865137,56.51232
0.6429271,0.2808311,1.559498,0.362096,56.31992
0.94407666,3.002624,0.8634368,2.0585475,218.04877
0.77627504,1.0495075,0.870783,0.27323246,35.197895
1.6803528,2.5065389,1.0148017,0.82618606,49.167416
16.413095,15.608497,1.0421762,0.8045988,4.902176
0.1015032,0.556325,1.8748497,0.45482183,448.08618
0.7019975,0.692157,1.9324893,0.009840548,1.4017924
20.143953,17.7927,0.9953581,2.3512535,11.672255
9.822193,9.96266,0.897177,0.14046669,1.430095
1.0772289,2.4101748,1.6298263,1.332946,123.73842
0.67064345,1.373276,0.88293624,0.70263255,104.769905
14.064595,16.408,1.4322575,2.3434057,16.661736
3.5441444,2.8085873,0.89832944,0.7355571,20.754152
5.6477413,9.945385,0.8772449,4.2976437,76.09491
0.677676,0.11149204,1.8772697,0.566184,83.54788
5.811088,9.951191,0.89393806,4.140103,71.24488
7.555238,7.597747,0.9898047,0.04250908,0.5626438
11.532163,11.797081,0.99566036,0.26491833,2.2972128
0.5576524,1.9054084,1.5661422,1.3477559,241.68387
2.3490262,3.3755937,1.6996702,1.0265675,43.70183
0.4418651,0.5347918,1.2244655,0.09292674,21.03057
1.4878769,1.5422814,1.5722399,0.054404497,3.6565187
36.793488,29.772577,0.9249701,7.0209103,19.081936
1.8699782,2.919914,1.3881904,1.0499358,56.146957
0.85845757,2.0928695,0.86968255,1.234412,143.79417
0.47760582,0.7106016,1.0517875,0.23299581,48.784122
0.5121829,1.1617702,1.4768482,0.64958733,126.82722
0.5004866,0.18870628,1.8068296,0.31178033,62.29544
13.499835,10.93138,1.0929132,2.5684547,19.025822
0.7179555,1.0671906,1.5136755,0.34923512,48.643
0.78015137,0.43313217,1.7977073,0.3470192,44.481007
44.50074,45.265945,1.260993,0.7652054,1.719534
0.6779776,1.0182666,1.166937,0.34028894,50.191765
1.2716568,1.1459335,0.9413839,0.12572324,9.886571
4.854688,4.344677,0.88679826,0.5100112,10.50554
1.683947,2.295084,0.96072143,0.61113703,36.291943
1.4036093,1.0116088,1.2250477,0.39200044,27.92803
0.33502188,0.0,1.0565944,0.33502188,100.00001
0.6142621,2.0273018,1.6292846,1.4130397,230.03856
0.37957639,0.5052856,1.0937904,0.12570924,33.118298
0.8326648,0.73596895,0.8792132,0.09669584,11.612818
0.530556,0.45911252,1.089243,0.0714435,13.465778
2.0478098,1.5413456,1.9451379,0.50646424,24.731995
1.0321856,1.8866937,1.6398503,0.85450816,82.78629
0.67796713,1.0000722,1.1241138,0.3221051,47.51043
1.020558,1.3166112,1.1557175,0.29605317,29.00895
1.9100465,1.5167286,0.8644653,0.39331782,20.592056
0.5765876,0.21455169,1.8603997,0.36203593,62.789406
0.52477753,0.12079954,1.837263,0.403978,76.98081
0.8495299,0.7244742,0.86091274,0.12505573,14.72058
7.1182985,8.846098,0.90069807,1.7277994,24.272646
0.6775285,1.1308165,0.88599473,0.45328796,66.90316
0.8204209,3.94566,0.8882493,3.1252391,380.9312
0.7921432,1.2810596,1.2201511,0.4889164,61.720707
0.728068,1.8192883,0.90208775,1.0912203,149.87889
0.9126051,2.266014,0.8930906,1.353409,148.30173
0.81210405,0.8095472,0.9599892,0.0025568604,0.31484395
1.534692,1.8912945,0.90823704,0.35660243,23.236092
0.17183346,0.6282529,1.8913954,0.45641947,265.61734
0.6845211,1.4253162,0.93255067,0.74079514,108.22094
3.3800519,2.4160302,0.8606259,0.9640217,28.520914
20.463352,20.843367,0.9447728,0.38001442,1.8570487
3.4830692,3.910363,0.93586785,0.42729378,12.267737
1.0245917,1.5754027,0.8641732,0.55081105,53.75908
1.9738233,1.6704664,1.0829096,0.3033569,15.3689995
0.9321257,1.9471163,0.9162383,1.0149906,108.88988
1.6202811,2.7638688,0.8991217,1.1435877,70.57959
1.4728341,2.113764,0.9026961,0.64092994,43.516777
6.9559016,10.294947,1.5900582,3.339045,48.00305
0.5176714,0.049863815,1.3510798,0.4678076,90.36767
3.7359664,5.5057874,0.90781707,1.7698209,47.372505
0.54084784,0.19338644,1.5106219,0.3474614,64.243835
0.8074059,1.3288119,0.9666734,0.521406,64.57793
7.3250804,7.166957,0.8763942,0.1581235,2.1586587
1.88783,2.1371014,0.9016854,0.2492714,13.204123
0.5009124,0.17900193,0.9695759,0.3219105,64.26483
0.8891452,0.9047311,0.88151014,0.015585899,1.7529082
0.612858,1.136195,1.390348,0.52333695,85.39285
1.9674323,2.4325528,1.0481216,0.46512055,23.640995
1.2391573,1.2457085,1.7295787,0.0065511465,0.5286775
1.9327928,2.354753,1.7068801,0.42196023,21.831633
0.95026475,5.9167833,0.96723074,4.9665184,522.64575
0.7911815,0.7718737,0.8610926,0.019307792,2.4403746
1.8953235,2.0190089,0.95159435,0.12368536,6.525818
46.682407,32.90338,1.1607498,13.779026,29.516527
0.57651144,0.007659793,1.0023007,0.56885165,98.67136
0.7881263,1.5256914,0.8648478,0.7375651,93.58463
3.9834464,4.9757,0.8820698,0.99225354,24.909424
0.9216379,6.7539916,0.86945665,5.8323536,632.8248
10.624036,10.549818,1.3138862,0.0742178,0.69858384
0.6897442,0.54247415,1.2938596,0.14727002,21.351398
7.555104,5.9566307,0.8856004,1.5984731,21.157526
0.71338236,0.8071138,0.92609316,0.09373146,13.139021
9.871138,9.148926,0.88743657,0.72221184,7.316399
41.260395,30.393139,0.94521195,10.867256,26.338226
2.0569868,2.1591034,0.8649762,0.102116585,4.9643774
24.47409,26.340034,1.246041,1.8659439,7.6241603
5.5920424,9.02202,1.7944922,3.429978,61.336765
0.9060591,1.9138601,1.3698997,1.007801,111.229065
0.60759753,0.83909345,1.0615546,0.23149592,38.10021
1.0422876,2.7602956,0.8943715,1.718008,164.83052
4.670759,8.282004,0.86305094,3.6112452,77.31602
12.386071,10.195806,0.9102924,2.1902657,17.683296
3.1392891,2.755466,0.89994305,0.38382316,12.226436
3.2475095,3.5478833,1.3626798,0.3003738,9.249359
4.1415863,5.753042,0.8611276,1.6114559,38.90915
4.5639853,6.3439684,0.8693299,1.779983,39.00063
1.3198937,1.1909246,0.98491985,0.12896907,9.771172
1.6635537,2.1063514,0.85415447,0.44279766,26.617575
0.8504571,0.47262096,1.0982671,0.3778361,44.427418
4.049845,4.7089787,0.899735,0.65913343,16.275522
2.4778817,1.2453198,0.93334186,1.2325618,49.74256
0.3631793,0.0,0.9586894,0.3631793,100.0
2.1072333,6.202785,0.85895175,4.0955515,194.35681
1.4799496,1.9348594,0.8705427,0.4549098,30.738197
2.415706,1.943875,1.132801,0.47183096,19.531805
9.526286,8.557707,1.3847386,0.9685793,10.1674385
0.5819362,0.5443071,0.8704012,0.037629068,6.4661846
35.762295,21.441654,0.97440493,14.320641,40.043964
0.55952865,1.6025343,0.8989504,1.0430057,186.40791
1.1640657,0.010535955,1.8297645,1.1535298,99.0949
0.6882161,1.1320891,1.14255,0.44387305,64.49618
17.985477,17.021982,0.98617905,0.96349525,5.357074
0.7963606,1.6253064,0.8760848,0.82894576,104.09176
19.069439,22.314234,1.0407938,3.2447948,17.01568
2.4356368,2.0911267,0.88254446,0.34451008,14.144559
0.406297,1.3076444,1.1979188,0.9013474,221.84447
1.0802162,2.128972,1.6324544,1.0487559,97.08759
0.7894468,1.8676109,0.9063453,1.0781641,136.5721
4.1674786,7.5675755,0.864354,3.400097,81.58643
3.909068,3.569138,0.9193565,0.33993006,8.695935
10.752907,6.3135953,0.8799993,4.4393115,41.28476
5.1269717,5.154993,0.9542875,0.028021336,0.5465475
0.66247576,2.2397418,0.949479,1.577266,238.08658
1.1785748,1.818191,0.98583674,0.63961625,54.270313
0.6691441,1.0604501,1.0742334,0.39130598,58.478584
1.6922414,1.4476838,0.89310706,0.24455762,14.451697
0.60481334,1.8427,0.88339126,1.2378867,204.67252
1.8100648,5.1125,0.867697,3.3024354,182.44846
7.8218546,11.054272,0.9472848,3.232417,41.325455
4.976374,3.3381295,1.205805,1.6382446,32.92045
8.54305,9.785492,1.2812558,1.2424421,14.543309
12.77242,16.435757,0.8857063,3.6633368,28.68162
0.6421798,1.7753111,1.5861598,1.1331313,176.45078
5.189047,4.6029387,1.295441,0.5861082,11.295103
0.83418083,1.112133,1.8449055,0.2779522,33.320377
13.853816,11.964081,1.0651525,1.8897352,13.640539
2.3326235,1.7517649,1.0001706,0.5808586,24.901514
1.6438591,5.5152745,0.91016704,3.8714154,235.50774
2.7555585,3.212806,0.87991637,0.4572475,16.593641
6.3274746,4.693358,0.8856063,1.6341166,25.825733
1.4776475,1.2269002,1.2894722,0.25074732,16.969358
6.7739973,6.557564,0.8840455,0.21643353,3.1950636
25.96322,27.117098,1.0281903,1.1538773,4.4442763
22.373207,19.490654,0.972897,2.882553,12.883951
3.3595161,3.5843933,1.071659,0.22487712,6.6937356
1.1195706,1.9762987,0.9205498,0.8567281,76.52291
6.891074,5.522905,0.8589229,1.3681693,19.854223
0.12178038,0.46791905,1.2260592,0.34613866,284.23187
31.49692,28.52591,1.0147216,2.9710102,9.4327
2.4580405,3.5980868,1.2875723,1.1400464,46.380295
1.6975213,1.5773401,1.5417222,0.1201812,7.079805
40.619507,31.839088,0.9467078,8.780418,21.61626
3.318566,3.1412826,1.1871911,0.17728353,5.342172
0.71835124,0.4587934,1.3315383,0.25955784,36.132442
0.648921,0.64988875,0.875773,0.000967741,0.14913079
0.5327391,1.7356803,0.9365174,1.2029412,225.80305
4.049219,6.8995466,1.829353,2.8503275,70.39203
0.4916356,3.9330044,0.9958796,3.4413688,699.98364
2.4242702,1.9398835,1.023417,0.48438668,19.980722
3.1369035,1.6690133,1.7722267,1.4678903,46.794247
1.361458,1.3809297,1.1093674,0.019471765,1.4302142
1.1219804,1.6893919,1.3728056,0.5674114,50.57231
0.83539283,0.019254327,1.7675683,0.8161385,97.69518
1.7318367,2.7916508,1.766232,1.0598141,61.19596
1.3950363,3.2402172,0.8796891,1.8451809,132.26758
0.24067153,0.35942996,0.9849316,0.118758425,49.34461
15.633373,14.10697,0.96020746,1.5264034,9.76375
1.7728789,1.6819572,1.263551,0.09092164,5.128474
0.39394486,0.88567626,0.9535192,0.4917314,124.822395
1.0118772,2.1223292,0.94627213,1.110452,109.74178
48.461975,10.963616,0.8825992,37.49836,77.37687
7.643238,11.655182,0.8826347,4.011944,52.49011
1.3981695,1.6424627,1.2738584,0.24429321,17.47236
0.6836994,1.7277191,0.8984078,1.0440197,152.70155
2.0923288,1.5351726,1.9156396,0.5571562,26.628521
10.472997,8.165886,1.6090013,2.3071108,22.029137
3.5015016,2.7532043,1.0752045,0.7482972,21.370752
8.508505,11.738678,1.6783746,3.230173,37.96405
9.151892,14.904686,0.90798306,5.7527943,62.859074
1.4260223,1.2982564,0.95981085,0.1277659,8.9596
3.0315902,2.9997096,1.0005374,0.031880617,1.0516137
1.4678122,1.4457196,1.945334,0.02209258,1.5051367
1.7931975,1.6793091,0.91763854,0.11388838,6.3511343
5.8531013,4.93848,1.5127113,0.91462135,15.626269
2.4411218,5.7300477,0.90109915,3.288926,134.7301
29.622246,29.472244,0.96148413,0.15000153,0.50638133
0.67813414,0.3256048,1.397521,0.35252935,51.98519
1.119332,0.91188216,1.6886888,0.2074498,18.533358
40.45694,13.064655,0.8919338,27.392284,67.70726
1.1288612,1.4476076,0.899335,0.31874645,28.236107
1.3515803,1.6358985,0.8630695,0.2843182,21.035984
0.4786827,0.11910701,1.8682986,0.3595757,75.11775
0.5973161,0.0,1.0115006,0.5973161,100.0
9.852692,13.381506,0.96357805,3.5288143,35.81574
1.5801328,3.6762097,0.91846853,2.096077,132.65195
4.9142694,4.1890087,0.91103005,0.72526073,14.758263
0.6005589,0.641552,0.8720992,0.040993094,6.8258243
8.398514,7.340762,0.8852779,1.0577517,12.594509
0.7818282,1.1825817,1.3711649,0.40075344,51.258503
1.8379531,2.3328464,0.90959466,0.4948933,26.926329
5.163982,4.5790157,1.1576436,0.5849662,11.327813
0.5615607,0.53315544,0.9738644,0.02840525,5.058269
0.38538435,1.6127875,0.89168,1.2274032,318.48807
2.9574652,3.1044297,0.88385075,0.14696455,4.969274
2.991202,5.972002,0.89184105,2.9808,99.65224
3.8540244,4.682146,0.8572187,0.82812166,21.487192
2.2998405,2.7799997,1.3560575,0.48015928,20.87794
0.99067044,1.2145736,0.8625685,0.22390318,22.601177
3.209973,4.2299843,1.4607842,1.0200112,31.776316
2.5580947,3.3423629,1.8640076,0.78426814,30.65829
42.131744,29.08074,0.94153243,13.051004,30.976654
46.989296,30.529514,1.1120493,16.459782,35.02879
1.291684,1.3391855,1.0203719,0.047501445,3.677482
0.5032861,0.2482183,1.8840947,0.25506783,50.68048
2.8332427,3.9125814,0.8966832,1.0793388,38.095528
3.123965,4.539892,0.92767894,1.4159272,45.32468
13.204913,16.759083,1.6279569,3.5541697,26.91551
1.591847,3.160713,1.607091,1.568866,98.556335
14.984743,19.610409,0.8753376,4.6256657,30.86917
2.7622085,2.5217304,1.3505405,0.24047804,8.706006
1.0527471,2.6632764,0.89826584,1.6105293,152.98349
2.9107633,2.4276605,1.4902763,0.4831028,16.597118
1.07548,3.2700572,0.8858289,2.1945772,204.0556
1.7873032,2.2558913,0.85900086,0.4685881,26.217606
0.98627305,0.8289966,0.88234335,0.15727645,15.946543
6.5347486,7.396189,0.85720795,0.86144066,13.182461
0.67990655,0.0,1.7706636,0.67990655,100.0
6.0062575,8.5595665,0.9170024,2.553309,42.510815
31.185259,22.450563,1.002682,8.734695,28.009052
0.68540967,0.30037212,0.9584237,0.38503754,56.17626
1.6119857,1.1860255,0.947553,0.42596018,26.424564
1.9562474,1.3814858,0.870207,0.5747616,29.380823
1.3597676,1.6352742,1.3576756,0.27550662,20.261301
6.3821344,7.8616853,0.89290255,1.4795508,23.182695
0.67070085,1.0213006,0.955629,0.3505997,52.273636
30.185127,31.222054,0.9462715,1.0369263,3.4352224
1.2529304,4.8279467,1.6540565,3.5750163,285.3324
0.7561325,0.9269211,0.928558,0.17078865,22.587133
2.7801495,2.7284164,0.87032783,0.051733017,1.8607999
1.6395956,3.8914506,1.0439788,2.251855,137.34209
0.41652018,1.0032933,0.9428852,0.5867731,140.87508
0.6912276,1.6259253,1.9442128,0.9346977,135.22285
2.8735235,2.6517997,0.87528193,0.2217238,7.7160945
12.829016,9.771881,1.8684266,3.0571346,23.829845
1.1347909,1.4813219,0.9478421,0.34653103,30.536995
1.1739879,2.6008992,0.86830086,1.4269114,121.54396
0.86463267,1.3896955,0.96804374,0.52506286,60.726696
2.4608667,3.431645,1.2452791,0.9707782,39.44863
3.0725448,2.7443192,1.0640577,0.3282256,10.682533
0.96393603,1.4658511,1.1368177,0.50191504,52.069332
0.97679216,3.679335,0.8551949,2.702543,276.67535
7.891212,11.224426,0.909013,3.3332143,42.239574
1.6772679,2.1000516,0.90451986,0.42278373,25.206692
3.7431104,3.4331489,0.88102293,0.30996156,8.280855
1.4289099,1.5264826,1.3259101,0.097572684,6.82847
1.0009778,2.7142403,0.86724514,1.7132626,171.1589
11.941117,17.129444,0.9758809,5.188327,43.44926
0.3966648,0.085543156,1.0378579,0.31112164,78.434395
0.80895376,0.8036442,1.9352286,0.0053095818,0.6563517
8.93527,13.149792,0.8843398,4.2145214,47.16725
3.451453,3.2947023,1.2317152,0.15675068,4.5415854
1.1997633,0.89669466,1.0141495,0.30306864,25.260702
0.8545209,0.7518382,0.8568474,0.10268271,12.016406
5.5746493,6.163588,0.88949585,0.5889387,10.564588
0.98930454,1.5721073,0.9039573,0.5828028,58.91035
1.3496317,4.4896083,0.91797143,3.1399765,232.65433
14.710904,10.542448,0.8976318,4.168456,28.335825
4.093306,3.1319582,1.7736726,0.9613478,23.485851
0.9564161,1.0509291,0.89756143,0.094513,9.881996
6.308266,9.334227,0.87418073,3.0259604,47.968178
2.2493403,1.7355986,0.97971225,0.51374173,22.839663
41.14159,37.707386,1.1542022,3.434204,8.3472805
0.7975253,1.2949322,0.88329047,0.49740696,62.3688
2.7712739,3.6272674,1.4289306,0.8559935,30.888088
1.098115,1.9706657,0.8647393,0.8725507,79.45896
0.97161233,0.3525375,0.9104012,0.6190748,63.716236
0.6994865,0.37611032,1.803638,0.32337618,46.230507
1.4290779,3.145422,0.88690245,1.7163441,120.10152
3.4983194,5.376308,0.9045128,1.8779886,53.682594
0.66023904,0.0,0.89950955,0.66023904,100.0
3.3876083,4.7354126,0.87529594,1.3478043,39.78631
0.18225835,0.81178814,1.9142348,0.6295298,345.40515
4.2281284,5.3522015,1.7740012,1.124073,26.585594
1.0565225,1.1789414,0.89300734,0.12241888,11.586964
6.883647,11.590005,0.89448935,4.706358,68.370125
1.1093651,1.7433128,1.3028289,0.63394773,57.145092
7.2236066,8.398272,1.5681428,1.174665,16.261475
11.667439,12.215109,0.9275022,0.5476694,4.6939983
1.321372,0.57318497,0.90025365,0.74818707,56.621986
12.660107,12.732817,1.246331,0.07271004,0.5743241
4.0242815,4.8891497,1.4093447,0.86486816,21.491243
16.174225,21.648235,1.4891839,5.4740105,33.844036
2.7291133,5.4541235,0.90524703,2.7250102,99.84965
8.095374,14.114872,0.90592206,6.019498,74.357254
0.33280984,0.4666028,0.9965064,0.13379297,40.201023
1.0288138,0.8830342,1.9268137,0.14577961,14.169678
1.6087209,2.6642053,0.9044795,1.0554844,65.61016
12.993159,14.116154,1.0331019,1.1229944,8.642966
13.039451,11.1486635,0.90398645,1.8907871,14.500511
6.602298,6.3930054,1.4070668,0.20929241,3.1699934
18.106684,9.128645,0.8742635,8.978039,49.584114
13.98253,16.442942,0.9640419,2.460412,17.596329
0.9401268,1.073894,1.3049891,0.13376725,14.228639
4.115296,5.3400364,1.5658016,1.2247405,29.760693
1.0337845,1.7611048,1.4186803,0.7273203,70.35512
1.373141,1.9957669,1.5789201,0.6226258,45.343178
0.5305721,0.8362949,0.89491916,0.30572277,57.62134
7.439407,8.735541,0.9660546,1.2961345,17.422552
1.117412,1.4519266,0.90453696,0.33451462,29.936552
39.184086,27.990189,0.90813255,11.193897,28.56746
2.9248335,2.2781649,0.86945295,0.6466687,22.10959
4.1320653,3.7319622,0.8980542,0.4001031,9.682883
0.6642948,0.81602085,0.90405196,0.15172607,22.840172
3.657962,3.0028124,1.0123227,0.6551497,17.910236
1.3276219,3.941719,0.9016136,2.614097,196.90071
2.1463718,2.9553845,0.913128,0.80901265,37.692104
5.3327355,4.150293,0.89365935,1.1824427,22.173285
16.153444,14.249554,0.9027361,1.9038906,11.7862835
4.4524064,5.3686714,0.866144,0.916265,20.579098
1.1929102,2.7578623,0.884649,1.5649521,131.18776
0.96256304,1.6037593,1.6492395,0.64119625,66.613434
0.5538125,1.3878304,0.92349315,0.8340179,150.5957
4.9320707,7.627824,1.7605115,2.695753,54.657635
0.44701588,0.87411845,0.9519355,0.42710257,95.54528
19.850218,24.96376,1.4460804,5.1135426,25.760637
0.92371505,1.3823149,0.917602,0.45859987,49.647327
1.5769333,1.9153756,1.4652125,0.33844233,21.462057
4.1675715,4.864107,0.9748621,0.6965356,16.713224
1.0578777,1.0853493,1.6894884,0.027471662,2.5968657
2.8936465,2.8721027,0.9659451,0.021543741,0.74451876
3.5469742,4.425548,1.0579057,0.8785739,24.769672
0.8565394,1.6595302,1.9350092,0.80299073,93.74825
3.0694232,4.636754,1.5797431,1.5673308,51.062714
6.31602,8.761926,0.90181154,2.4459057,38.72543
0.57627815,0.75995755,0.8675353,0.1836794,31.873394
0.07497643,0.5181864,1.8334824,0.44320995,591.1324
4.8912654,4.3297873,1.4390678,0.56147814,11.479199
0.6623821,0.7929644,1.3006467,0.13058227,19.714039
5.367084,5.313406,0.8885296,0.053678036,1.0001341
0.34792736,0.9185374,0.8968176,0.57061005,164.00264
3.8366935,3.8688087,1.718563,0.03211522,0.8370546
1.0834718,1.681887,0.9250384,0.59841526,55.231274
23.032381,26.383175,0.9051559,3.3507938,14.548186
3.7660065,3.5656395,0.9774284,0.20036697,5.32041
1.4608347,0.9937997,1.3316095,0.46703506,31.970425
26.20892,26.775179,0.9288463,0.5662594,2.16056
2.4512045,2.1319757,0.88636196,0.3192289,13.023348
1.1612192,0.7131852,1.6609253,0.44803405,38.583073
6.035602,6.564557,1.434518,0.528955,8.763914
18.960192,22.84071,0.91003543,3.880518,20.46666
14.679963,16.282629,0.97948885,1.6026659,10.91737
20.638418,21.206158,0.9996352,0.5677395,2.7508867
11.78544,18.559895,0.91040266,6.774454,57.481556
1.535532,2.8666494,0.8896604,1.3311174,86.6877
15.845984,15.411545,0.91346574,0.43443966,2.741639
0.68071544,1.6100986,0.88118434,0.92938316,136.53035
0.90433943,2.041479,0.87535065,1.1371397,125.74257
2.003784,2.153152,1.0251492,0.14936805,7.454299
0.56563854,1.0537422,1.8589531,0.48810363,86.2925
2.0681078,1.9954515,1.5479532,0.07265639,3.513182
0.9817145,2.1559916,1.9256952,1.1742771,119.61492
4.3456736,4.355391,0.87547255,0.009717464,0.22361238
0.6258482,1.1666228,1.1788346,0.5407746,86.40667
1.6441423,1.1440163,0.8996744,0.500126,30.418657
17.803785,15.555922,0.9072348,2.2478638,12.625763
9.513179,9.095316,1.879024,0.4178629,4.392463
0.18074821,0.71659654,0.99986845,0.5358483,296.4612
2.079098,1.2164354,1.3162451,0.86266255,41.492157
0.7694018,0.62299097,0.89244473,0.14641082,19.029177
1.3393406,1.6782541,1.5104581,0.33891356,25.30451
7.9578834,14.119799,0.8998918,6.1619153,77.43159
1.0241702,0.9656251,1.4554768,0.058545053,5.7163405
16.517548,17.760872,0.914463,1.2433243,7.5272937
2.4979699,2.1820133,0.87764984,0.3159566,12.648535
1.0130209,1.2017479,0.8679395,0.18872702,18.630121
4.1704106,7.0807314,1.7645246,2.9103208,69.784996
6.283358,3.091235,0.8662157,3.1921232,50.80282
1.3632808,1.6432736,1.1562132,0.27999282,20.538162
4.647525,5.4904737,0.91484666,0.8429489,18.137589
0.5153455,0.061971664,1.7608148,0.45337385,87.97473
5.310292,4.6730814,0.863785,0.63721037,11.9995365
0.7250793,0.0,1.1533334,0.7250793,99.99999
0.8130154,0.9505254,0.94293654,0.13751,16.91358
33.15052,27.786528,1.6938268,5.3639927,16.18072
10.172555,8.988449,0.87081116,1.1841059,11.640201
1.5939274,3.6660814,0.89964205,2.072154,130.00304
4.991645,3.6240616,0.89963716,1.3675833,27.397448
3.1401107,5.5049486,1.6736294,2.364838,75.31065
0.49848,1.277849,1.5576669,0.779369,156.3491
3.3033895,4.3076334,1.4319773,1.0042439,30.400406
0.798833,1.3409914,0.89967334,0.54215837,67.8688
0.8334451,1.9240496,0.95385593,1.0906045,130.855
0.99161065,0.7763239,1.275878,0.21528673,21.710814
4.2688136,5.571511,1.4631727,1.3026972,30.51661
3.2180412,5.217621,1.7891138,1.9995797,62.136547
1.6872447,1.0000714,0.8957504,0.68717325,40.72754
6.3160024,9.302944,1.6943079,2.9869418,47.291653
0.5411568,0.5671413,0.9153722,0.025984466,4.8016515
2.5588884,6.172735,1.8059394,3.6138468,141.2272
9.317433,8.527529,1.3103104,0.7899046,8.477706
1.3288034,0.8725197,0.96849126,0.45628375,34.337944
1.2323203,1.0230172,1.4285965,0.20930314,16.984474
0.3331888,0.6572507,1.2035728,0.3240619,97.26074
4.560428,4.1427956,0.99746114,0.41763258,9.15775
0.11063854,1.0744662,1.939488,0.96382767,871.15
11.001111,12.651205,1.5044645,1.650094,14.999339
8.402829,9.526937,0.88901836,1.1241074,13.377725
32.952824,32.452705,0.8902888,0.50011826,1.5176796
0.5814211,0.80503,1.0424501,0.22360891,38.45903
7.12801,5.942222,1.0144953,1.1857877,16.635607
0.9707895,1.1894106,1.4019849,0.21862108,22.519926
19.936617,21.497606,1.5742018,1.5609894,7.8297606
1.0191337,0.8084636,1.284993,0.21067011,20.67149
4.9644523,3.4429097,0.8856727,1.5215425,30.648748
0.46773392,2.2329218,0.86258936,1.765188,377.39148
22.807434,24.66692,0.92306566,1.8594856,8.152981
1.2156457,0.5662547,0.892849,0.649391,53.419434
4.4063015,4.765713,1.5694516,0.35941172,8.156766
14.085432,17.88474,0.93271285,3.7993088,26.97332
2.3181765,1.8744293,1.0304298,0.44374716,19.142078
0.82196534,0.36082554,1.8483069,0.4611398,56.102097
0.60025835,0.13060641,0.8945473,0.46965194,78.24164
0.5022279,1.3805504,1.662269,0.8783225,174.88524
28.705149,24.881298,0.92104995,3.8238506,13.321132
11.812639,9.903624,1.1238953,1.9090157,16.16079
1.3740928,1.2610075,1.1606239,0.11308527,8.229813
1.0101365,4.8544827,0.9414715,3.844346,380.57687
1.1427501,0.8535173,1.0323222,0.28923285,25.310244
1.0263366,1.3815832,0.85682863,0.35524666,34.613075
1.2020745,2.0772905,0.8914734,0.875216,72.80879
3.8068671,6.3163643,1.822894,2.5094972,65.92027
2.887908,2.475048,0.88485867,0.41285992,14.296159
5.320329,3.5017135,0.8887924,1.8186157,34.182392
0.9201858,1.4337962,1.945549,0.51361036,55.815945
0.46692172,1.5773449,1.6698872,1.1104232,237.81786
0.79445285,0.1030488,1.5459768,0.69140404,87.02896
1.1845276,0.90505916,1.3817072,0.27946848,23.593243
1.6868742,2.6401064,1.6368393,0.9532323,56.508797
0.96778226,1.1807603,0.8573199,0.212978,22.00681
23.055845,25.374968,0.959574,2.3191223,10.058718
2.9553442,2.897438,0.84788007,0.05790615,1.9593707
1.3281828,1.8047203,1.1899362,0.47653747,35.878906
4.6637697,4.529475,0.92419964,0.13429451,2.879527
0.6359387,2.386568,0.85681057,1.7506294,275.2827
5.3660483,8.93075,0.87704957,3.5647016,66.430664
3.9302633,3.6803584,0.95203847,0.24990487,6.358476
0.32663515,0.6286268,0.9105403,0.30199167,92.45535
1.38539,1.9062471,0.91287905,0.5208571,37.59642
0.8242357,0.8625239,1.1241949,0.038288236,4.645302
1.2254896,3.9107177,0.90927154,2.685228,219.1147
0.77444255,0.08847475,1.8532623,0.6859678,88.57568
2.3359244,2.7737224,0.8733622,0.43779802,18.741959
0.54518276,1.071471,1.5327207,0.5262882,96.53427
1.6563036,1.3539407,0.93407583,0.30236292,18.255283
2.117686,3.7228255,1.4087994,1.6051395,75.79686
0.9398825,1.1395109,1.659605,0.19962835,21.239714
1.4183465,1.872994,1.5925761,0.45464742,32.05475
2.8896337,4.1422753,0.8878687,1.2526417,43.3495
0.919246,2.6202407,1.6340443,1.7009947,185.04237
1.9415582,1.7580538,0.939399,0.18350446,9.451402
1.7635764,1.6919876,0.93397504,0.071588755,4.059294
1.4588017,2.9885807,0.8840899,1.529779,104.86544
6.1859517,4.474514,0.8795217,1.7114377,27.666521
1.5010871,2.1515064,0.93779886,0.65041935,43.32989
0.43784758,0.63673955,0.8646535,0.19889197,45.42493
4.235345,3.0976493,0.8984658,1.1376956,26.861935
4.531588,4.3798037,0.8798223,0.15178442,3.3494751
1.3455437,4.426266,0.90314895,3.0807223,228.95743
6.365761,8.665821,0.90347636,2.3000603,36.13174
1.1811603,0.6717799,1.0035516,0.50938046,43.125427
1.2078402,2.4213738,0.8764309,1.2135336,100.471375
2.3781757,1.8477182,0.90288,0.5304575,22.305227
0.59549576,0.284014,1.8820243,0.31148177,52.306297
1.0466208,1.6975193,0.89687836,0.65089846,62.19047
9.907822,15.281802,0.8932573,5.3739805,54.23978
2.0015612,1.8441484,0.8464409,0.15741277,7.8644996
2.3774831,3.9112558,1.3694057,1.5337727,64.51246
6.38388,6.3009605,0.95144033,0.0829196,1.2988902
21.014507,24.104858,1.0244788,3.090351,14.705798
0.6020241,1.2629844,1.3199329,0.6609603,109.78968
2.3418803,1.728255,0.8603494,0.6136253,26.202248
13.191155,10.864577,1.2058787,2.3265781,17.63741
2.864426,1.9420274,1.0782671,0.92239845,32.201862
0.71554124,0.6094774,1.718311,0.10606384,14.822884
0.8626229,0.6740619,0.93557495,0.18856102,21.859032
0.53998446,0.5048046,0.9684649,0.035179853,6.514975
1.6532422,1.6739153,0.88817316,0.020673037,1.2504542
1.6906321,1.5158466,0.8648559,0.1747855,10.33847
1.0597533,2.42047,0.91031724,1.3607167,128.39938
1.1088606,1.7228984,0.9790831,0.61403775,55.375557
0.7353278,0.0,1.4202024,0.7353278,100.0
1.745062,4.562813,0.8664975,2.817751,161.46996
1.5316783,1.8206125,0.87400717,0.28893423,18.863897
8.259656,8.728613,0.94785196,0.46895695,5.6776814
0.7547734,6.427396,0.9059139,5.6726227,751.56635
0.90402246,1.4367343,0.864331,0.53271186,58.92684
5.4920845,6.244731,1.0937642,0.75264645,13.704205
9.093066,4.548558,1.8106452,4.544508,49.97773
1.3545611,2.0834367,0.8823917,0.72887564,53.80899
0.91491485,0.86818993,1.4012263,0.046724916,5.1070232
13.337387,13.853173,1.5455939,0.5157862,3.8672206
6.075823,8.798403,0.92534983,2.72258,44.810062
26.062624,18.88349,0.8620144,7.1791344,27.54571
17.39463,20.0354,0.9174718,2.64077,15.181523
5.588019,7.2594957,0.9028647,1.6714768,29.911798
1.7355374,0.96956044,1.8762666,0.76597697,44.134857
0.5925972,1.4701414,0.87263924,0.8775442,148.08444
1.8168476,1.4708203,1.9455327,0.34602726,19.045475
2.8011408,4.187194,0.8857448,1.3860531,49.48174
10.481924,9.628268,1.4590738,0.8536558,8.144076
7.5551424,12.753562,0.8600391,5.1984196,68.80638
11.199722,12.162386,1.6338804,0.96266365,8.595425
0.24314593,0.0,1.1390144,0.24314593,100.0
6.326828,5.9088664,0.9440808,0.4179616,6.6061788
0.4987925,1.44281,1.5778793,0.9440175,189.26057
7.9700146,3.5816312,0.888118,4.3883834,55.061172
3.9298868,5.403063,1.3822452,1.473176,37.486473
5.7597027,8.028181,0.90929866,2.2684784,39.385338
0.3431519,1.1987491,1.5478748,0.85559714,249.33482
2.2988727,2.0170252,1.4206603,0.28184748,12.260247
1.273333,0.7730719,1.1508915,0.50026107,39.287533
9.169127,9.149363,0.8950512,0.0197649,0.21555923
0.5707643,0.0,0.9791429,0.5707643,100.0
1.813794,1.2780976,0.8790193,0.5356964,29.534576
0.91551626,0.8026289,1.1021498,0.11288738,12.3304615
0.5816464,1.505962,0.8711451,0.92431563,158.91368
0.67596054,0.7660187,1.3066298,0.09005815,13.3229885
5.9547777,8.057165,0.89750826,2.1023874,35.305893
3.3878872,3.1373067,0.9254664,0.25058055,7.3963666
1.7244394,2.530727,1.0113156,0.8062875,46.7565
0.21192075,0.6485323,0.94318324,0.43661153,206.02585
1.6141734,1.385702,1.7739918,0.2284714,14.154079
5.4746923,7.503651,0.90460986,2.0289588,37.060688
1.3816687,1.6183832,0.9006574,0.23671448,17.132507
2.0025487,2.0780826,0.85085994,0.07553387,3.7718866
11.441949,7.4786034,0.89111096,3.9633455,34.63873
0.3114648,0.19550514,0.96744245,0.115959644,37.23042
0.51934016,0.88032436,0.8593294,0.3609842,69.50824
1.2539198,1.5766197,0.8773481,0.3226999,25.735289
0.29274875,0.37976348,1.0109675,0.087014735,29.723349
3.0045,6.01845,0.8830024,3.0139499,100.31453
2.428894,3.5949943,1.4722552,1.1661003,48.009514
0.62056714,1.2881078,0.94931513,0.6675406,107.569435
0.8607614,0.014374971,1.8393692,0.84638643,98.32997
37.772415,31.013065,1.3797679,6.75935,17.894938
40.27665,37.733154,1.0064939,2.5434952,6.3150616
7.131571,13.883359,0.90009487,6.751788,94.67463
0.62081486,0.080513716,1.604819,0.54030114,87.03096
2.0066106,3.4493198,1.6718515,1.4427092,71.89781
1.1915007,3.1197038,1.8674124,1.9282031,161.8298
2.380334,1.0995475,1.849996,1.2807864,53.807007
0.7773907,1.8671526,1.3653107,1.0897619,140.182
0.9704852,1.9187096,1.6338576,0.9482244,97.70622
0.22702567,0.30661654,1.2917185,0.07959087,35.058094
0.94896317,1.0007865,0.9513361,0.051823378,5.4610524
1.2210069,4.6214757,1.0200154,3.4004688,278.4971
2.722512,1.2116106,1.2866774,1.5109015,55.496597
0.09763951,0.24136734,1.5207767,0.14372784,147.20255
5.1605787,2.8547997,0.8855756,2.305779,44.680626
7.046469,6.593192,1.3174217,0.4532771,6.4326844
4.854027,8.5456295,0.86648756,3.6916027,76.052376
2.273318,1.9019587,0.8820712,0.37135935,16.335564
0.49767426,1.7126259,1.3003854,1.2149516,244.12587
0.8686505,0.6614305,1.0423455,0.20722002,23.855396
0.21098557,0.37749338,1.3410794,0.16650781,78.91905
2.187472,2.4481008,0.9256093,0.2606287,11.914607
25.244205,22.48257,1.0615237,2.7616348,10.939678
3.5148218,2.5661511,0.86105204,0.9486706,26.990576
0.19537808,0.58637327,1.4105407,0.3909952,200.12236
0.49200076,0.3227738,1.8637174,0.16922694,34.395668
0.90910083,1.7903328,1.5518826,0.88123196,96.93446
0.73150396,1.5875808,1.5447385,0.85607684,117.029686
4.4786024,3.5038152,1.1367143,0.97478724,21.765432
1.2703116,2.546746,0.89084685,1.2764344,100.481995
4.1104407,4.6103764,1.5075226,0.49993563,12.16258
1.4638603,1.5734043,1.2187052,0.10954404,7.4832306
3.52236,2.676219,0.85094345,0.8461411,24.021994
1.048971,1.7597511,0.8940164,0.71078,67.759735
1.3074168,2.3451262,1.5874878,1.0377094,79.370964
34.87205,21.300018,1.8540843,13.572033,38.919514
13.644846,16.955143,1.5617101,3.310297,24.26042
19.686235,6.8051972,0.8766038,12.881039,65.4317
2.2979207,5.384638,0.90729314,3.0867171,134.32654
5.9034195,4.601167,0.9599692,1.3022523,22.059288
9.4877205,8.93775,1.7373849,0.5499706,5.796657
4.552386,3.4793084,1.9317231,1.0730774,23.57176
0.97161484,1.0649989,1.941635,0.09338403,9.611218
29.467009,29.658554,0.92094004,0.19154549,0.6500337
5.763295,9.2556505,0.88558453,3.4923553,60.596504
11.932147,11.716806,1.0517167,0.21534061,1.8047097
2.4285164,1.9083335,0.8886054,0.52018285,21.419779
2.8051047,2.4261975,1.0363562,0.3789072,13.507773
6.0927825,10.599277,0.87632114,4.506494,73.96447
1.1949769,0.8126751,1.070217,0.3823018,31.9924
8.94516,10.84704,0.94048387,1.9018803,21.261557
1.3634294,2.5218878,0.9054582,1.1584584,84.96651
1.7838528,1.6412234,1.5216049,0.14262938,7.99558
4.92383,4.1072364,1.5438974,0.81659365,16.58452
1.3467239,1.8642814,0.934046,0.5175575,38.430855
0.29212222,0.13295984,1.0033275,0.15916237,54.484856
0.57703054,0.0,1.7686213,0.57703054,100.0
0.6380282,0.6972666,1.0645431,0.059238374,9.284601
13.500804,7.835207,0.8841652,5.665597,41.964886
3.5694559,2.6718998,0.85867053,0.89755607,25.14546
0.51169807,0.53486824,1.1122369,0.023170173,4.528095
5.304645,8.817859,1.5233129,3.5132136,66.229004
2.229411,2.725013,1.3683764,0.49560213,22.230183
2.2638335,1.6161566,0.98572016,0.64767694,28.609741
0.697382,2.4436536,0.8728593,1.7462716,250.4039
4.609192,5.9316263,0.85558194,1.3224344,28.691242
7.3982086,10.2160225,0.9320104,2.8178139,38.087784
7.549969,5.2328324,1.8592608,2.3171368,30.69068
34.37077,38.203007,1.5316051,3.8322372,11.149698
1.6345344,1.3008654,1.0044943,0.33366895,20.4137
1.0078994,2.1488569,1.4442911,1.1409575,113.20152
1.3683032,1.1017126,1.5091164,0.2665906,19.4833
5.3355565,5.09275,1.3164344,0.24280643,4.5507236
1.8078339,2.2615774,0.92510915,0.45374346,25.098734
0.26313302,0.5215177,1.0054173,0.25838467,98.19546
1.0969784,0.120649695,1.3859283,0.97632873,89.00163
2.7360225,3.7854455,1.5012177,1.049423,38.35579
1.729279,1.518077,0.8622272,0.21120203,12.2133
1.7234805,1.8091006,1.7176721,0.085620165,4.967864
0.09172161,0.48561263,1.8452268,0.39389104,429.4419
45.70715,33.757435,0.9024634,11.949715,26.144081
2.0953379,0.8657048,1.5563475,1.2296331,58.68424
1.4037321,0.8614117,0.92014456,0.5423204,38.63418
2.659031,2.0922928,0.881037,0.5667381,21.31371
1.184423,1.3012578,0.88345873,0.11683488,9.864286
2.3854847,2.461051,0.875806,0.07556629,3.1677542
35.850056,31.993483,0.94399196,3.856573,10.757509
1.7438666,0.737201,1.423884,1.0066656,57.726067
5.239043,10.939978,0.8847436,5.7009344,108.81633
0.48786458,1.0174131,1.4978082,0.5295485,108.54417
5.0116158,4.6604624,0.8660269,0.35115337,7.0067897
0.9737108,1.2576411,0.885651,0.2839303,29.159615
3.063322,2.9417763,1.06442,0.12154579,3.967777
4.006354,4.792735,1.4237893,0.78638124,19.628351
1.0364481,1.6349666,1.437465,0.5985185,57.747078
2.1060085,2.8079076,1.000804,0.70189905,33.328403
2.394737,3.520544,1.4863459,1.125807,47.01172
3.2673352,4.4771233,1.4493252,1.2097881,37.026752
0.6144513,0.7269336,1.9315431,0.11248231,18.306139
48.871746,15.16496,0.8860524,33.706787,68.96989
1.0148721,1.8092515,0.9003755,0.7943795,78.27386
1.7878191,2.6276183,0.87567663,0.83979917,46.973385
3.010052,7.3608465,0.863708,4.350795,144.54218
0.7965957,3.5643363,0.8789386,2.7677407,347.4461
0.928118,0.0,1.8250656,0.928118,100.0
20.593458,20.499384,0.91506636,0.09407425,0.45681617
3.9418926,5.029955,0.90908784,1.0880623,27.602535
1.8411691,2.6362195,1.3424859,0.7950504,43.18182
0.7035807,1.6068486,1.5613185,0.9032679,128.38156
0.86790514,0.6514356,0.9163211,0.21646953,24.941612
1.031364,0.96243256,1.0718905,0.0689314,6.6835184
0.38797843,1.0363187,0.9156159,0.6483402,167.10728
1.1466371,1.1436696,0.98172176,0.0029674768,0.25879827
2.8483012,6.2390456,1.5354002,3.3907444,119.04445
1.6050836,2.179771,0.8728544,0.57468736,35.8042
3.7638347,7.497106,0.8940494,3.7332714,99.18797
23.211637,23.40709,0.9385813,0.19545174,0.842042
27.062477,26.844023,0.9741681,0.21845436,0.80722237
1.3846899,1.7078705,0.90226614,0.32318056,23.33956
9.640479,14.39415,0.94285333,4.7536707,49.309486
4.70295,4.5109916,0.9521833,0.19195843,4.08166
13.497981,13.967363,1.5824931,0.4693823,3.4774258
6.2617235,9.665264,0.87525386,3.4035406,54.354694
1.2124442,1.2425051,1.0181152,0.030060887,2.4793625
0.85601336,0.38636577,1.45452,0.4696476,54.864517
3.7913308,3.471727,0.8536565,0.31960392,8.429861
6.1745105,4.7164364,0.8770811,1.4580741,23.614407
3.114264,2.7910192,0.8777635,0.3232448,10.379493
7.9923067,6.192177,0.8720507,1.8001299,22.523283
4.2371116,5.0492725,1.102607,0.81216097,19.167797
0.8928865,0.28941536,1.7614133,0.60347116,67.58655
11.4061775,12.926472,0.92654806,1.5202942,13.3286915
2.9615874,4.1530704,0.88004315,1.191483,40.231228
0.8376495,1.2081767,0.8515283,0.3705272,44.234154
1.237639,2.7485266,0.924592,1.5108876,122.07822
9.065637,6.149143,0.87920195,2.9164934,32.170864
0.56102824,0.7947414,0.8866841,0.23371315,41.658
0.51559925,1.1840098,1.414188,0.66841054,129.63762
0.97180337,0.8134625,0.88456964,0.15834087,16.293509
2.6376562,2.8805718,1.4080917,0.24291563,9.209526
0.8822544,0.9331405,1.381795,0.050886095,5.767735
1.6624628,1.4763753,1.0859065,0.18608749,11.193483
42.347202,15.781215,1.6620784,26.565987,62.733746
0.7684638,1.959835,0.84423244,1.1913712,155.03284
0.9539012,0.69944,0.9466821,0.25446117,26.675842
0.5073766,1.0059162,1.5225409,0.49853963,98.2583
0.9204326,0.8217151,1.2335818,0.09871751,10.725121
5.0558653,6.3179755,1.0018606,1.2621102,24.963287
0.53606784,2.4159703,0.87511927,1.8799025,350.6837
8.365989,14.33185,0.90753275,5.9658613,71.31089
0.5557325,0.3156916,1.3918616,0.2400409,43.193604
32.86362,10.125205,0.8846714,22.738415,69.19023
0.4688813,0.57818514,1.0714281,0.10930383,23.31162
1.3239589,1.9601893,1.0465653,0.63623047,48.055153
22.109367,24.951077,1.0113986,2.8417091,12.852963
0.5433485,0.19900036,1.1295393,0.34434813,63.37519
9.018374,11.292425,1.0605696,2.2740507,25.21575
12.208606,8.228972,1.8888453,3.9796333,32.59695
0.45492998,0.31450427,1.771065,0.14042571,30.867544
16.541029,16.70953,0.9151045,0.1685009,1.0186845
2.6009223,3.8400407,1.5955049,1.2391183,47.6415
3.0155318,2.6211007,0.88122207,0.3944311,13.079986
4.2811236,6.14849,0.89175713,1.8673663,43.618603
0.5685335,0.008890271,0.9659896,0.5596432,98.43628
2.3177311,2.4431138,1.5839897,0.12538266,5.4097157
8.353047,12.208077,1.7475535,3.85503,46.15118
1.4249974,1.6496899,1.0065099,0.22469246,15.7679205
30.200493,17.230568,0.91984147,12.969925,42.946068
1.3890705,0.9800706,1.387635,0.40899992,29.444145
0.7271748,0.42086506,1.9157934,0.30630976,42.123264
2.1361759,1.8919723,0.90372187,0.24420357,11.43181
12.483322,13.456158,1.2283967,0.97283554,7.793082
2.9447577,3.5513597,1.4711983,0.60660195,20.599384
0.42608282,0.909878,0.94156575,0.4837952,113.544876
0.8152552,0.38128555,1.090106,0.43396968,53.231144
12.59112,11.519154,1.5653534,1.0719662,8.513668
7.612584,6.987951,0.9295745,0.6246333,8.205274
3.2392418,2.8082123,0.89881605,0.43102956,13.306495
2.0779219,1.7585883,1.0309281,0.31933355,15.3679285
0.34196362,0.90566516,1.6721073,0.5637015,164.84254
5.532896,6.2458367,1.356893,0.7129407,12.8854885
1.2663853,1.4122213,0.87238896,0.145836,11.515925
2.0321345,0.5645857,0.93250924,1.4675488,72.21711
25.703516,25.342955,0.962082,0.36056137,1.4027706
0.9972,1.7315948,0.9377021,0.7343948,73.64568
0.16834393,0.0,1.3155673,0.16834393,100.0
25.873093,27.8983,0.9352992,2.0252075,7.827466
2.9435916,3.134544,0.87301254,0.1909523,6.4870515
0.6526536,0.8205647,1.066,0.16791111,25.727448
40.35182,37.129757,0.988179,3.222065,7.98493
5.9616547,3.2079928,0.84998554,2.7536619,46.189556
10.362642,12.998987,1.4259479,2.636345,25.440857
1.6432635,1.8881288,1.4450641,0.2448653,14.901159
4.0509615,3.696766,0.9537366,0.3541956,8.743494
3.2343557,6.982737,0.91796243,3.7483814,115.89268
0.7284017,0.50191104,1.0226952,0.22649068,31.094198
23.591196,24.682793,0.943447,1.0915966,4.6271353
0.6236061,1.6724433,1.3634243,1.0488372,168.18906
4.372248,4.1398954,1.1586381,0.23235273,5.3142624
11.021139,8.51369,1.1121789,2.5074492,22.75127
2.5891144,2.7757034,1.8254604,0.186589,7.206673
0.7665406,1.1899228,1.4997623,0.42338222,55.232853
7.9763656,7.4501424,0.9217544,0.5262232,6.59728
2.8278077,4.0943775,0.88460886,1.2665699,44.789814
3.8500764,5.6573925,0.88124543,1.8073161,46.942345
6.723085,5.021806,0.86642414,1.7012792,25.305037
3.1348395,4.1528654,1.3504853,1.0180259,32.47458
16.664526,15.724706,0.95090485,0.9398203,5.639646
0.56097305,0.3847859,1.1772734,0.17618716,31.40742
1.1298312,2.1883888,0.88354695,1.0585576,93.691666
6.2828546,8.010189,0.8800343,1.7273345,27.492828
6.126048,9.247925,0.9695887,3.1218767,50.960697
0.96436924,2.543443,0.87224317,1.5790737,163.74161
1.543814,1.1975583,0.8762103,0.34625566,22.428587
0.6260247,0.46705592,0.9198375,0.1589688,25.393375
0.77567106,1.5575786,0.9211704,0.7819075,100.80401
0.65100753,0.80864495,1.2550961,0.15763742,24.214376
0.61531836,0.73188186,1.7566328,0.1165635,18.94361
0.8672842,2.129883,0.8890147,1.2625989,145.58076
0.618228,1.1024723,1.9419968,0.4842443,78.32778
0.6221135,0.12954581,0.8845764,0.49256772,79.1765
4.5663414,4.8697042,1.76871,0.30336285,6.643455
0.66262496,0.9634539,0.9519972,0.30082893,45.39958
17.101881,14.518116,0.88918316,2.583765,15.108074
0.8227552,1.2862233,1.9448882,0.46346807,56.331226
0.50137585,2.1422458,1.6303519,1.6408699,327.2734
3.5602503,5.2282825,1.575238,1.6680322,46.851543
21.218405,22.967884,0.92020696,1.7494793,8.245103
6.0572147,6.896044,1.5869952,0.83882904,13.848429
1.3822346,3.918273,0.89414185,2.5360384,183.4738
3.1914492,6.769922,0.8745978,3.5784726,112.126884
3.836262,6.1204233,0.8822439,2.2841613,59.54133
4.4249363,6.1824455,0.86254627,1.7575092,39.718292
1.0253339,2.5189328,1.2000679,1.4935989,145.66953
5.0165906,6.111081,0.91540813,1.0944905,21.817417
3.9865935,5.395178,0.8586748,1.4085844,35.33303
0.5461646,0.54668605,1.132235,0.00052148104,0.09548057
5.5094204,8.569376,0.8898988,3.0599556,55.540424
5.6826525,8.103674,1.6143134,2.4210215,42.60372
1.071751,2.2438006,0.9090732,1.1720496,109.35839
7.6550846,11.376809,0.9298748,3.7217245,48.61768
4.195598,4.2670326,1.2112459,0.0714345,1.7026058
0.647649,0.68138665,1.7051781,0.03373766,5.2092505
1.2602857,1.8605196,0.8907815,0.6002339,47.626812
10.749138,11.004956,0.8644143,0.25581837,2.3798966
2.3180454,2.3827286,0.91159123,0.0646832,2.7904198
6.3169875,8.494524,0.9023919,2.1775365,34.471123
1.0767957,2.0242748,0.8983683,0.9474791,87.99061
4.0225663,5.167405,1.414678,1.1448388,28.460407
18.798326,19.33239,1.1350099,0.53406334,2.8410153
4.2048397,6.365628,0.8768292,2.160788,51.388123
1.6363487,0.98211765,1.087845,0.6542311,39.981155
0.67787486,1.0880352,1.6638951,0.41016036,60.506798
2.90426,3.20226,0.90741,0.2980001,10.260794
1.3703865,0.9947691,1.4152033,0.37561738,27.409594
20.9132,23.871887,0.8959399,2.9586868,14.147461
0.515777,0.3294642,1.904573,0.1863128,36.12274
5.93308,8.329172,1.8519964,2.396092,40.385296
0.36771402,1.7960746,1.5948597,1.4283606,388.44333
0.53589803,1.7135429,0.9278948,1.177645,219.7517
1.3299732,6.8072433,0.8785562,5.47727,411.8331
1.636441,2.7253385,0.8740562,1.0888975,66.54059
4.342563,5.3471537,1.21618,1.0045905,23.133585
0.6296975,0.88546157,0.8552323,0.25576407,40.616974
0.6125079,1.3716606,1.3041906,0.7591527,123.9417
0.51262033,0.7570554,0.91093296,0.24443507,47.683453
9.60635,10.126854,1.170294,0.520504,5.4183326
1.5142279,1.2121456,0.89450186,0.3020823,19.949593
15.500475,5.4010115,0.88198495,10.099463,65.15583
0.22841899,0.3984015,1.8270001,0.16998251,74.41698
1.5497721,1.5853875,1.4909037,0.035615325,2.2981007
37.50071,37.085487,1.15621,0.41522217,1.1072382
0.51855963,1.4960953,1.6023955,0.97753567,188.50978
25.730276,31.467712,1.6555188,5.7374363,22.298388
0.6215717,1.3911712,0.88562447,0.7695995,123.81508
0.61271185,0.64388907,1.5746071,0.031177223,5.088399
1.0705359,1.4946682,1.1680107,0.42413235,39.618694
5.80045,7.122528,0.9310838,1.3220782,22.792685
4.1790967,3.0097928,1.2214055,1.1693039,27.979824
0.9120439,1.2695451,0.90794206,0.35750115,39.1978
1.3519778,2.2525215,0.87672776,0.9005437,66.60935
0.7990891,1.5114765,1.5947706,0.71238744,89.14995
3.714729,3.7533698,1.2824408,0.038640738,1.0402033
1.9249296,1.5463948,0.8899888,0.3785348,19.664864
1.6942754,2.6778562,1.6585647,0.9835808,58.05319
1.8098892,1.5557532,1.4779786,0.25413597,14.041521
9.941668,10.260624,1.1806387,0.31895638,3.2082784
1.9971741,1.8117311,0.8669097,0.18544304,9.285272
11.799236,20.17658,1.5200714,8.377344,70.99904
3.3132944,3.9648707,1.4547112,0.6515763,19.665512
0.50878733,0.19030643,0.8734079,0.3184809,62.596077
2.6808805,1.4983616,1.0706854,1.182519,44.10935
15.149711,13.618723,1.0731282,1.5309877,10.105722
2.3507624,3.5653608,0.88651687,1.2145984,51.668278
4.9329257,3.345645,0.8811134,1.5872808,32.17727
5.887564,8.568443,1.6853969,2.680879,45.534607
1.0620911,3.5064075,1.6136007,2.4443164,230.14188
2.1354375,2.7140033,0.88972473,0.57856584,27.09355
6.604264,10.802939,0.8802764,4.1986756,63.575226
13.349996,10.750862,1.0281097,2.5991335,19.469172
4.776314,9.026106,0.88467366,4.249792,88.9764
0.5064875,1.0722713,0.84682,0.56578386,111.70737
0.7437384,0.74035585,0.87013316,0.0033825636,0.45480555
15.042104,16.038269,1.0321268,0.9961653,6.6225133
1.565015,1.4862304,1.1204376,0.078784585,5.0341105
1.244191,0.37951112,1.8769197,0.86467993,69.49736
9.54096,4.4961367,0.88957626,5.0448236,52.875427
28.349878,28.832586,0.93504757,0.48270798,1.702681
1.0739715,0.8639887,0.8840338,0.20998281,19.55199
0.81562287,0.5331978,1.3124434,0.28242505,34.626915
0.8786012,1.2020063,1.0974315,0.32340515,36.809097
1.7031269,1.4413662,1.2189122,0.2617607,15.369419
20.273249,21.638596,0.99172294,1.3653469,6.734722
2.2292428,3.5636744,0.86120987,1.3344316,59.86031
0.5547974,0.9971388,1.5191078,0.4423414,79.730255
0.62273,1.0924048,1.2068881,0.46967483,75.421906
31.518103,30.308964,1.0602152,1.2091389,3.8363314
3.1834815,2.5140266,1.0647317,0.6694548,21.029015
1.1579697,0.508199,1.4583293,0.64977074,56.11293
28.956486,24.062363,0.915783,4.894123,16.901648
0.8638354,1.3578848,0.90139055,0.49404937,57.192535
0.5210217,0.5752709,1.0897632,0.054249167,10.412074
0.5951182,0.039400816,1.1580467,0.5557174,93.379326
2.4977655,1.6888722,1.9449801,0.8088933,32.384678
0.54127145,1.2154074,1.1840241,0.6741359,124.54673
3.484307,3.1397672,0.88496035,0.34453988,9.888332
0.8699497,0.78219503,0.8525871,0.08775467,10.087327
19.745481,20.665318,0.9540945,0.91983604,4.6584635
0.7923955,1.5838027,0.8862487,0.7914072,99.87528
1.3314621,1.3336079,0.8726606,0.0021457672,0.16115871
1.2031223,1.4498981,1.0864344,0.24677587,20.511286
7.200188,6.0179768,0.9591347,1.1822114,16.419174
1.0333817,1.618119,0.9340738,0.5847373,56.584835
10.694075,14.67878,0.9149956,3.984705,37.260868
1.6973778,4.8350525,0.895928,3.1376748,184.85425
0.6719318,1.7897158,1.5693992,1.117784,166.35379
0.6916203,1.8729945,1.5531831,1.1813743,170.81256
1.0528877,1.2616185,1.1036832,0.20873082,19.824604
2.0679362,2.1156964,1.3007876,0.04776025,2.309561
9.218,7.911323,0.9328023,1.3066773,14.175281
3.164932,2.3407936,0.8866035,0.8241384,26.039688
0.93290174,0.78510404,0.94435996,0.1477977,15.842793
2.5543365,3.049279,0.87064594,0.49494243,19.376554
3.2045364,5.1268897,0.8994136,1.9223533,59.988495
0.93670887,0.82102364,0.9174977,0.115685225,12.35018
0.6485161,0.71497536,0.98400354,0.06645924,10.247892
2.659717,2.3354423,0.92378545,0.32427478,12.192079
0.40688804,0.6884022,0.88563675,0.28151414,69.187126
2.6246564,1.2273611,0.85047793,1.3972954,53.237267
0.64929664,0.52039397,1.4217138,0.12890267,19.852663
0.5394659,0.0,1.4636561,0.5394659,100.0
0.64832157,0.36611235,1.9116064,0.28220922,43.529205
5.172408,6.7274175,0.9139765,1.5550094,30.063547
6.6505666,5.2920804,1.1842092,1.3584862,20.426622
0.64342767,2.005968,1.0138372,1.3625405,211.7628
1.8419363,1.8295728,1.2341549,0.012363553,0.67122585
5.289341,6.7348804,1.6153982,1.4455395,27.329294
7.571568,4.2342124,0.8872555,3.3373556,44.07747
2.3657537,4.031825,0.8710451,1.6660714,70.42455
2.239667,3.716761,0.8911476,1.4770942,65.95151
4.4164495,5.732988,1.4925178,1.3165383,29.809881
0.56801945,0.45965493,0.86362976,0.10836452,19.077608
0.6868585,0.98372436,0.8733563,0.29686588,43.22082
0.6677018,0.8025566,1.4657812,0.1348548,20.19686
9.372848,10.210844,0.8903185,0.8379965,8.940682
0.5093574,0.22969902,1.8877863,0.27965838,54.904156
0.6807275,1.2990378,0.89076,0.61831033,90.83082
12.063764,18.79118,0.90124863,6.727416,55.76548
0.15870881,0.5423323,1.7466923,0.38362348,241.71529
4.1376004,3.6423187,1.4435924,0.4952817,11.9702635
0.9483622,1.7616255,0.9027925,0.81326336,85.75451
11.815301,14.080503,0.9225752,2.2652025,19.171772
17.663158,20.811243,0.9209175,3.1480846,17.822887
1.6915252,2.212451,0.8877789,0.52092576,30.796215
0.61186683,0.900114,1.5468354,0.28824717,47.109463
1.1305599,1.4157101,0.90486044,0.28515017,25.22203
0.29157153,0.5818361,0.9080781,0.29026458,99.55175
0.5248759,0.41493082,0.95680594,0.10994506,20.946869
1.1361105,2.4533148,0.8970352,1.3172042,115.9398
4.798616,8.363701,0.85954154,3.565085,74.29402
27.483322,25.805508,0.98210275,1.6778145,6.104846
1.1995696,1.187528,1.3277853,0.012041569,1.0038241
0.079041846,0.31423044,1.7609959,0.2351886,297.54947
0.38760304,0.56830764,0.9359663,0.1807046,46.621044
15.265623,15.991088,0.89876074,0.7254648,4.7522774
16.19063,22.281986,0.89332163,6.0913563,37.622726
0.9253009,3.940434,1.3955444,3.0151331,325.85434
6.744224,8.61477,0.9741781,1.8705459,27.735523
20.005266,18.284422,1.013487,1.7208443,8.601956
0.9179855,1.7111653,1.9419199,0.7931798,86.40439
16.887758,15.135164,1.0608764,1.752594,10.377896
2.2556508,1.5725348,1.419208,0.68311596,30.284653
0.7926632,1.4070852,0.9020699,0.61442196,77.51362
17.156784,16.013964,1.135613,1.1428204,6.661041
1.2458014,1.327399,1.0027906,0.08159757,6.549805
6.0562334,5.523941,0.9260092,0.53229237,8.7891655
1.0316992,2.8219132,0.9095117,1.7902141,173.52094
0.836938,1.0289791,1.4015995,0.19204104,22.94567
1.551418,1.7753067,0.91039675,0.22388875,14.431234
33.57186,25.487503,0.92362684,8.084358,24.080755
6.462582,8.364233,1.6502774,1.9016509,29.425558
1.4961015,1.621175,1.0591532,0.12507355,8.359964
8.436107,7.6035843,1.0775799,0.8325224,9.868562
3.076363,1.9658415,0.89107645,1.1105216,36.09852
5.8464007,6.3775854,0.85743684,0.5311847,9.08567
1.8387092,1.42926,0.94844276,0.40944922,22.268297
12.61076,14.259412,1.1863942,1.6486521,13.073376
0.32509053,0.66606355,1.0326792,0.34097302,104.88556
1.6570778,4.360781,0.9005023,2.7037034,163.16092
0.46516535,0.56679213,0.9228927,0.10162678,21.847454
0.97559184,1.5320247,1.079299,0.5564329,57.03542
5.721024,6.5252304,0.8844644,0.8042064,14.057035
0.571158,0.068371296,1.8418791,0.5027867,88.02936
0.88645345,1.4086754,0.8575829,0.522222,58.911385
0.38074765,0.38279963,1.6595807,0.0020519793,0.53893423
1.2347676,1.6158938,0.91689175,0.38112628,30.866238
11.177945,11.13948,1.4867294,0.0384655,0.3441196
0.9262018,1.6471167,0.86039484,0.72091484,77.83561
0.92563015,0.9228015,0.8685798,0.0028286576,0.30559263
4.1440415,3.0066216,0.89895916,1.1374199,27.447119
3.2321138,2.8975143,1.9330974,0.3345995,10.352343
0.1520448,0.38786876,1.3997875,0.23582396,155.10162
11.539107,14.509084,1.3150951,2.9699764,25.738356
1.4264612,0.59417677,1.1711755,0.83228445,58.3461
0.69680953,0.10247517,1.7627345,0.59433436,85.29366
5.2535567,2.2312942,0.87789243,3.0222626,57.52793
2.7437003,2.3497837,1.0606763,0.3939166,14.35713
0.79662603,1.4223621,0.87153435,0.62573606,78.54828
14.896083,16.688702,0.9027583,1.7926188,12.034162
0.8524158,0.91450083,1.1702993,0.062085032,7.283421
1.2584025,2.1241193,0.8973745,0.8657168,68.79491
1.8346997,2.991513,0.86937696,1.1568133,63.051914
3.2104802,2.877429,0.88362443,0.3330512,10.373876
25.014126,7.0864153,1.0387379,17.927711,71.67035
1.046105,1.6198983,0.9002734,0.5737933,54.85045
0.7990755,0.80998087,1.6813822,0.010905385,1.3647503
7.2514315,8.60887,0.88644546,1.3574381,18.719587
0.7410472,2.4856868,0.89106786,1.7446396,235.42894
0.22579545,0.70093143,1.2960628,0.47513598,210.42763
13.966028,20.918339,1.6781669,6.9523106,49.78016
0.60445935,0.9670644,1.7119678,0.36260504,59.988323
4.40555,5.956125,0.89851266,1.5505748,35.195942
0.48861772,0.9248509,1.6988062,0.43623316,89.27904
0.61803466,0.39351892,1.9058129,0.22451574,36.32737
1.2705449,0.596516,1.1027088,0.6740289,53.050377
0.9465013,1.9164357,0.8752025,0.9699344,102.47575
6.726579,11.246191,1.754223,4.519612,67.190346
0.6022418,0.07295096,1.2992822,0.52929085,87.886765
2.5617008,2.1227303,0.8789734,0.43897057,17.135902
1.533722,3.992059,0.8879995,2.4583368,160.28568
2.1556456,2.634112,0.8490973,0.47846627,22.195961
2.2447908,0.8322946,0.933267,1.4124962,62.92329
0.52168137,0.43424153,0.94836444,0.087439835,16.761156
1.1903596,1.6756961,1.1333343,0.48533654,40.772263
2.871297,3.0400922,0.87673867,0.16879535,5.878715
0.6306276,0.9428821,0.8630652,0.31225455,49.51489
7.5029664,9.07315,0.9019808,1.5701833,20.9275
7.7566833,11.09853,0.90145147,3.3418465,43.083443
4.102438,3.8119187,1.0932053,0.29051924,7.081624
1.8262486,1.7916064,0.8759481,0.03464222,1.896906
6.36896,7.711903,0.88796675,1.3429432,21.085752
4.598423,6.5107255,1.6496935,1.9123025,41.586052
2.6827867,1.6511481,0.8764906,1.0316386,38.453995
0.7509121,2.2962518,0.92088467,1.5453397,205.79503
26.999393,28.156528,0.9291032,1.157135,4.2857814
0.7701815,1.5250151,0.90194464,0.75483364,98.00724
8.5456915,7.4185185,1.304199,1.127173,13.189956
1.2621375,1.2691594,1.1165364,0.007021904,0.5563502
0.8539684,0.0,1.4374558,0.8539684,100.0
0.59371954,0.5641546,0.96934986,0.029564917,4.97961
3.964099,1.6217234,0.85811377,2.3423755,59.089733
2.325154,1.1690083,1.8616271,1.1561458,49.723404
0.4799542,0.7909868,1.016144,0.31103256,64.804634
2.3555946,1.7669933,0.96396077,0.58860135,24.98738
0.4073762,1.1452255,0.8991416,0.73784935,181.12234
0.5041185,1.2504414,1.9448378,0.74632293,148.04514
49.987064,43.04998,1.1646152,6.937084,13.877759
0.8178207,0.7218839,1.6815484,0.095936835,11.73079
14.172116,12.779445,1.0235573,1.3926716,9.826842
0.5278773,1.7067423,1.107467,1.178865,223.3218
4.015428,3.350765,1.3102957,0.6646631,16.552732
1.0393203,1.8724084,1.591525,0.83308804,80.157005
4.575432,9.767087,1.6135229,5.191655,113.468094
0.5274566,0.10053849,0.9072332,0.4269181,80.939
0.6396895,1.1179678,0.86469847,0.47827834,74.767265
1.1681197,1.9453752,0.87010604,0.77725554,66.53903
9.107981,9.301074,1.3709035,0.1930933,2.1200452
0.4519936,0.64762044,0.91632664,0.19562683,43.280884
0.44292638,0.52699304,0.96030813,0.08406666,18.979826
13.306078,11.671754,1.0069073,1.6343241,12.282537
1.4354764,2.1138728,1.3978943,0.67839634,47.25932
2.510534,1.561574,0.9268383,0.94896007,37.79913
0.7961115,1.6547328,0.8707991,0.8586213,107.85188
3.1641316,2.3128023,1.4250448,0.8513293,26.905624
0.6480864,0.7031653,1.355723,0.055078864,8.498692
0.5346821,0.8594489,1.9388689,0.3247668,60.74017
6.475415,5.3528094,0.91513264,1.1226058,17.33643
1.6727692,2.317361,1.4222566,0.6445919,38.53442
0.7360588,2.2281573,0.89206696,1.4920986,202.7146
3.366302,5.1855464,0.88888574,1.8192444,54.042816
0.50377935,1.1081612,1.69804,0.60438186,119.96956
1.4942853,2.4705374,1.0131143,0.9762521,65.332375
4.671964,6.017682,1.8549099,1.3457179,28.804115
1.4779189,2.6528924,0.8673745,1.1749735,79.50189
0.9308526,1.4915347,1.2054039,0.5606821,60.233177
1.2292408,2.3604746,1.7012298,1.1312338,92.02703
4.142967,7.7593613,0.8738789,3.616394,87.28995
0.5639932,0.48695523,1.3892732,0.07703799,13.659383
3.660515,3.3259335,1.1079907,0.3345816,9.140287
0.8895834,2.0380929,1.9381363,1.1485095,129.10645
1.0367078,2.0218194,0.87588847,0.9851116,95.02308
27.158686,26.226963,0.9541349,0.93172264,3.4306617
1.8902823,1.1702039,0.8873603,0.72007835,38.093693
0.18036312,0.21908653,1.4985092,0.03872341,21.469694
4.9429274,5.7442946,0.8724522,0.8013673,16.212402
0.9127552,1.7895403,0.92650086,0.8767851,96.05917
0.9497729,1.7160664,1.3603892,0.76629347,80.68176
4.714778,9.02681,0.8830848,4.3120317,91.457794
8.37327,12.25542,0.91247624,3.8821497,46.3636
4.7978377,3.9598765,0.91149664,0.8379612,17.465393
0.46829545,0.17929077,1.6141502,0.28900468,61.714176
7.236968,5.6651115,1.6319791,1.5718565,21.719822
1.1534892,0.6853203,0.88569593,0.4681689,40.587193
0.13106547,0.26362085,1.6340021,0.13255538,101.136765
2.2767532,1.9942942,1.0023628,0.28245902,12.406221
4.038704,7.9197555,0.88963294,3.8810515,96.096466
0.9892013,0.8458626,0.8594462,0.14333868,14.490345
0.7683761,0.40635896,1.3059802,0.36201715,47.114574
10.782168,13.235384,0.90995145,2.4532156,22.752525
2.1193929,1.4516919,1.4255654,0.667701,31.504354
1.5721778,1.2459581,0.88449675,0.32621968,20.74954
0.8738995,1.7390978,0.90681523,0.8651983,99.00432
2.9322991,2.353268,1.0302289,0.5790312,19.746662
1.1304865,0.70337176,0.8954076,0.42711473,37.781498
15.528214,18.015747,0.92216945,2.4875326,16.019438
0.61367804,1.4703432,1.6771358,0.8566652,139.59521
0.9933751,1.3147802,1.9449565,0.3214051,32.35486
0.3331324,0.674999,0.982416,0.3418666,102.62185
49.174572,9.17359,0.89837,40.000984,81.34486
24.505047,16.462082,0.9040889,8.042965,32.821667
1.0410146,1.539148,0.9240345,0.49813342,47.850765
4.4731975,7.9213653,0.9336279,3.4481678,77.085075
5.3510246,7.4451947,0.91375095,2.09417,39.13587
0.64254206,0.24392414,1.0043389,0.39861792,62.03764
0.58379674,0.08843994,1.8319517,0.4953568,84.8509
1.1249558,1.9931302,1.631752,0.86817443,77.174095
8.071305,8.40022,0.9939367,0.32891464,4.075111
0.53451145,1.4117384,1.9455229,0.87722695,164.11752
3.1022437,1.7889671,1.9450564,1.3132765,42.33312
1.6281569,1.4523807,1.1981336,0.17577624,10.796026
1.0465221,1.6799331,0.9698081,0.63341093,60.525326
0.86980224,2.0714233,0.903302,1.201621,138.14877
4.371254,3.78299,1.2470022,0.588264,13.457558
1.4896488,1.417361,0.9437944,0.0722878,4.852674
0.69183886,0.0,1.2878432,0.69183886,100.0
8.760359,10.617482,1.219883,1.8571234,21.199171
3.0374606,2.8384542,0.89037246,0.19900632,6.551733
0.40254006,0.8580737,1.1563045,0.45553365,113.164795
2.146039,1.5326632,0.9219564,0.6133758,28.581762
1.0191919,0.14160895,1.1211802,0.8775829,86.10577
39.679733,38.734386,1.3110616,0.94534683,2.3824425
5.273695,8.471678,0.90916544,3.1979828,60.640266
2.0551138,2.0119452,1.8490843,0.043168545,2.1005428
0.6458272,1.9272916,0.9202342,1.2814645,198.42218
0.47380614,1.1565208,0.8980226,0.6827147,144.09157
1.0740203,1.5248694,0.91452175,0.45084918,41.97772
0.8098075,2.6272445,0.8553901,1.8174369,224.42828
0.82159007,1.3784473,0.85658735,0.5568572,67.77799
11.409884,12.281001,1.4090787,0.87111664,7.634754
0.8830943,1.1323586,0.88500696,0.24926424,28.22623
13.778667,8.876464,0.9052735,4.9022036,35.578213
1.210564,0.5667947,1.0739585,0.6437693,53.179287
3.8063698,3.6355863,0.8823744,0.17078352,4.486782
40.230366,34.74419,0.9950516,5.4861755,13.636902
0.6498907,0.7668437,0.9024775,0.116952956,17.995787
3.703517,5.13039,0.8879467,1.4268732,38.52752
3.125245,2.8291006,0.8790289,0.2961445,9.475881
0.5769754,0.58795285,0.88063586,0.010977447,1.9025849
5.787394,11.342749,0.884929,5.5553546,95.99061
0.9428823,0.76013696,1.0975127,0.18274534,19.381565
0.9169029,1.1180356,0.92433685,0.20113266,21.936092
5.942913,4.1188145,1.9346119,1.8240986,30.693676
5.388086,3.8624496,1.6608878,1.5256362,28.314993
2.4545686,2.5573144,1.8778138,0.10274577,4.1858993
0.41013286,1.0911394,1.2985541,0.68100655,166.04535
0.99301934,1.4120688,1.8747827,0.4190495,42.19953
13.77659,14.121966,0.93294656,0.345376,2.5069776
1.1967374,1.7726462,1.2188219,0.5759088,48.123238
9.019608,12.689333,1.4515765,3.6697254,40.68609
0.9272754,3.9196453,0.880834,2.99237,322.70563
10.338259,18.292824,0.90811735,7.954565,76.942986
18.055412,22.037909,0.91847426,3.9824963,22.057077
1.1606781,1.3978,1.6689836,0.23712182,20.429592
24.896519,31.737335,1.0551261,6.8408165,27.477001
3.434115,4.198701,1.5789579,0.764586,22.264425
6.160655,8.439041,0.9049237,2.278386,36.982853
4.4862847,5.4114428,0.92676854,0.925158,20.62192
0.48330474,0.9159664,0.95700705,0.43266165,89.5215
1.055963,1.2023771,0.92171365,0.14641404,13.865452
0.64059675,1.1418072,1.6225654,0.50121045,78.24118
0.68978715,0.44841218,1.0277287,0.24137497,34.992676
38.25218,25.459114,1.1751331,12.793064,33.444016
0.72526604,0.38507235,1.7708883,0.3401937,46.90605
3.6256278,6.1097035,0.92606276,2.4840758,68.514366
20.800077,22.590906,1.6778291,1.7908287,8.609721
0.4427428,0.6952063,1.0787544,0.2524635,57.02261
1.2601507,0.7503989,0.9281621,0.5097518,40.451656
2.9079428,2.8000503,0.90648735,0.10789251,3.7102695
0.59650517,0.79858494,1.1430458,0.20207977,33.87729
1.0594561,1.4700532,1.603556,0.4105971,38.75546
3.914328,2.2379413,0.89255667,1.6763868,42.82694
1.0222563,0.9619987,0.8989227,0.060257554,5.8945646
0.783436,2.1789632,1.6433194,1.3955271,178.12906
1.5086478,3.3282514,0.89808005,1.8196036,120.61156
1.952818,7.1742153,0.8755156,5.2213974,267.3776
1.1967071,2.5548854,1.8728019,1.3581783,113.49295
2.6344352,2.2282104,0.971293,0.40622473,15.419805
1.3775067,1.0129066,0.8989017,0.36460018,26.468122
0.5209115,0.62172675,0.94939953,0.10081524,19.35362
3.8516743,2.9223251,0.8889115,0.9293492,24.128447
0.599781,1.5056043,1.2486355,0.9058233,151.02568
0.8034244,0.97813797,1.6819378,0.17471355,21.746109
2.8844585,3.4721527,0.9607357,0.58769417,20.374506
2.5304003,2.9728658,0.99831647,0.44246554,17.48599
48.251667,32.596134,0.9420109,15.655533,32.44558
4.70918,6.3333197,0.8732019,1.6241398,34.4888
5.2217083,3.3195658,1.0002935,1.9021425,36.42759
1.3592756,1.1577429,1.0803776,0.20153272,14.82648
3.6861374,5.1256037,0.8784289,1.4394662,39.050804
4.404236,4.043379,1.0431234,0.360857,8.193408
5.018433,6.9501214,0.89199436,1.9316883,38.49186
4.535903,4.9090967,1.6940796,0.37319374,8.227551
0.7937364,1.4393513,1.9455516,0.6456149,81.33871
41.209217,33.38866,1.1476376,7.8205566,18.977688
6.5111704,4.5721016,0.9705963,1.9390688,29.78065
3.7873251,5.1432304,0.91499627,1.3559053,35.801132
0.672245,1.0843786,0.9221626,0.41213357,61.307045
0.55205065,1.7466309,0.89449894,1.1945803,216.38962
0.891286,1.6383967,1.614705,0.7471107,83.823906
4.2661495,3.7305074,1.9119185,0.53564215,12.555635
2.4890575,3.3273268,1.5458766,0.83826923,33.678177
2.9300013,4.327774,1.4462638,1.3977728,47.705536
3.0175467,2.7481122,1.6301049,0.26943445,8.928925
0.73634297,2.2672908,0.8644932,1.5309479,207.91234
0.28488925,0.038860798,1.0940044,0.24602845,86.35934
0.7339512,0.99112505,1.3084958,0.25717384,35.03964
0.5360897,1.8400029,1.5859675,1.3039131,243.22665
4.885633,7.6847086,1.8058934,2.7990756,57.291973
1.7557588,1.0033357,0.86048836,0.75242305,42.85458
0.92772067,0.873641,1.7939763,0.05407965,5.8293033
0.4463449,0.30314815,0.98910147,0.14319676,32.08209
1.0124193,1.4738762,0.9617413,0.4614569,45.57962
3.044078,1.4585885,1.9455509,1.5854896,52.084396
0.38393193,0.39843178,0.92098665,0.014499843,3.7766702
17.19586,14.489874,0.94217086,2.705986,15.736264
1.0674564,3.4208527,0.8943843,2.3533964,220.4677
0.68478435,0.07777667,1.8819196,0.6070077,88.642166
0.881803,1.4507549,0.8949759,0.5689519,64.52143
3.7921383,3.8679073,0.85314757,0.07576895,1.9980533
25.05182,25.391338,0.9439116,0.3395176,1.3552612
6.1884274,6.8733077,0.8850905,0.68488026,11.067112
3.743512,4.663081,0.86029065,0.91956925,24.564346
1.4769678,2.2824552,1.50802,0.8054874,54.536556
1.2433306,1.9417403,1.6135117,0.6984097,56.17248
3.2279367,2.3489974,0.8866597,0.8789394,27.229137
1.8843129,2.8922682,0.94677776,1.0079553,53.491932
9.6122875,13.884499,0.9035546,4.272211,44.44531
1.04373,0.4212618,1.5147893,0.62246823,59.638817
0.57031256,0.881935,0.890264,0.31162244,54.640644
1.3717706,1.9902291,1.2110014,0.6184585,45.08469
1.4778342,2.8182144,0.87164927,1.3403802,90.69896
8.946824,8.126331,0.8993977,0.82049274,9.170771
4.200474,3.8296869,0.898852,0.3707869,8.827264
1.2639302,2.80883,1.8881252,1.5448998,122.22983
0.87642944,0.16890097,1.8583608,0.7075285,80.728516
18.20488,22.519945,0.9163912,4.3150654,23.702795
5.1629424,5.7228594,1.4107403,0.559917,10.84492
36.70925,37.223972,0.99169195,0.5147209,1.4021559
1.0748906,0.53558594,0.8824434,0.5393047,50.17298
1.4386497,1.2390411,1.2098576,0.19960856,13.874718
2.3451385,4.1735373,1.8854865,1.8283987,77.96549
5.225674,6.312615,0.8987082,1.0869408,20.80001
0.77031165,0.17789531,1.010545,0.59241635,76.90606
0.8350829,1.1344782,0.8692404,0.29939532,35.85217
1.3399762,0.15441155,1.8708564,1.1855646,88.47655
1.218167,1.3436649,1.3153269,0.12549794,10.302195
47.009266,38.585022,1.1275555,8.424244,17.92039
0.9283541,0.0,1.8545299,0.9283541,100.0
0.9632049,1.193047,1.5494003,0.22984213,23.862225
13.341914,13.1255,1.389954,0.21641445,1.6220645
4.1609516,4.5579185,0.88333094,0.39696693,9.540292
0.46879733,1.3567915,0.96254843,0.88799417,189.41963
1.7258171,1.3937988,0.8918924,0.33201826,19.238321
46.714394,17.34074,0.9152711,29.373653,62.879234
5.448909,5.244722,0.95421344,0.20418692,3.7472992
0.42278525,1.4419627,0.88486,1.0191774,241.06267
23.784986,23.066105,0.92357534,0.7188816,3.0224175
25.566324,28.061905,0.95712596,2.4955807,9.761203
2.8063836,4.3470087,0.8617061,1.5406251,54.897167
4.4457135,9.403287,0.87944555,4.9575734,111.513565
1.7149161,3.270907,0.9112566,1.5559908,90.732765
3.2455206,2.910871,0.99045265,0.33464956,10.311122
3.866122,4.7924933,1.4855632,0.92637134,23.961254
1.5146847,1.3128062,0.86974275,0.20187843,13.328083
20.231878,21.825945,0.9736635,1.5940666,7.878985
0.2253039,0.9828934,1.2623229,0.7575895,336.25226
1.3084066,0.8713769,1.8221699,0.43702972,33.401676
0.9328825,1.6870143,0.88713425,0.75413185,80.83889
0.7020672,0.9594506,0.88313216,0.2573834,36.660793
0.8709088,1.5199419,1.3285218,0.6490331,74.52366
4.009831,6.396765,1.8736508,2.3869343,59.527054
0.58494073,0.0322932,1.0031372,0.55264753,94.47923
0.46721032,1.0759755,1.1772574,0.60876524,130.2979
6.4880443,5.3164825,0.9030584,1.1715617,18.05724
0.36692497,0.45870256,0.9741996,0.09177759,25.012632
0.53164065,0.018182278,1.2917818,0.5134584,96.57997
0.9924549,1.4460657,1.6086677,0.45361078,45.705933
0.6418908,1.0323945,0.8550363,0.3905037,60.836468
7.14416,8.839618,0.9428919,1.6954579,23.732082
4.1757975,6.6160884,0.85540974,2.440291,58.438923
5.124631,6.0539713,1.4455746,0.92934036,18.134777
2.2237382,2.4351277,0.9206144,0.21138954,9.506044
0.37059787,0.022746086,1.6824354,0.34785178,93.86233
0.18854028,0.0,1.040835,0.18854028,100.0
1.2820133,1.9659462,1.2279075,0.6839329,53.348347
1.1451079,4.9938383,0.854286,3.8487306,336.102
1.0296626,1.1974809,0.92826176,0.16781831,16.298378
0.7738705,0.6427224,1.2804555,0.1311481,16.947033
0.18495709,1.0174268,1.6677262,0.83246976,450.08807
2.018049,5.468449,0.8975423,3.4504,170.97702
0.63731736,1.7773275,0.88381165,1.1400101,178.87637
4.129019,5.5245085,1.9045808,1.3954897,33.797127
1.2537731,0.9409942,1.4074167,0.3127789,24.94701
1.7339996,1.5566504,0.8576298,0.17734921,10.227754
1.5776528,1.8821611,0.8927123,0.30450833,19.301352
5.1186457,4.004863,1.8880794,1.1137829,21.759327
18.721214,21.197182,1.5890143,2.4759674,13.225464
9.777045,7.5977683,1.1351964,2.179277,22.289728
0.62112963,0.27906215,0.89846873,0.34206748,55.071835
2.9965947,2.1844053,0.89126074,0.81218934,27.103743
0.90831125,0.8293812,0.87427825,0.07893002,8.6897545
0.75169945,1.856091,0.9028775,1.1043916,146.9193
32.89782,31.326527,0.9751822,1.5712929,4.776283
1.399105,0.83314365,1.9099672,0.5659613,40.451668
0.9676548,1.4122789,0.92239165,0.44462407,45.948624
0.4977169,0.5464748,0.96917206,0.04875791,9.796314
44.296627,17.95585,0.90927833,26.340776,59.46452
1.0291961,0.4973532,0.9667137,0.53184295,51.675568
2.1854014,2.758482,1.5700852,0.57308054,26.223124
0.9402845,1.0249847,1.1055336,0.08470023,9.007936
2.4125159,6.098647,0.8927993,3.6861312,152.792
14.128365,11.530352,1.8959185,2.598013,18.388632
1.4680645,1.8952425,0.892973,0.4271779,29.098032
29.672586,28.639872,0.989612,1.0327148,3.4803667
1.0702753,0.952236,0.9355152,0.11803931,11.028873
0.8809641,2.0836878,0.93551815,1.2027237,136.52359
0.15744966,1.2652236,1.1784489,1.107774,703.5735
5.680096,3.8437834,0.86886054,1.8363128,32.328903
0.5220707,0.5879262,0.9619783,0.0658555,12.614288
3.002853,1.991189,0.8748567,1.0116639,33.69009
1.2848482,0.61113703,0.9465755,0.6737112,52.435078
0.25581366,0.52528775,0.980188,0.2694741,105.33999
29.445587,27.790516,0.9396219,1.6550713,5.6207786
0.6702077,1.3160218,0.84362996,0.6458141,96.3603
0.75441384,0.0,1.0876471,0.75441384,100.0
1.5160978,1.9891777,1.1993012,0.47307992,31.203787
1.3201543,1.3509512,1.1399736,0.030796885,2.3328247
0.20902589,0.81220406,1.9255341,0.60317814,288.56622
0.2609767,0.30425608,1.2408929,0.04327938,16.583618
0.86518705,1.0246866,0.877533,0.15949953,18.435266
3.920156,6.143172,0.8964207,2.2230158,56.70733
5.804401,4.3643017,1.1021398,1.4400992,24.81047
0.7361275,3.4787438,0.8698207,2.7426162,372.57355
0.62835294,0.96957314,0.9223954,0.3412202,54.30391
11.171215,13.32309,1.021487,2.1518745,19.262672
7.2495346,9.205253,0.9540037,1.955718,26.977154
0.9607378,1.8156338,0.9131023,0.85489595,88.98327
4.0100436,4.3246346,1.6213753,0.31459093,7.845075
2.8961194,3.0254993,0.98884374,0.12937999,4.4673567
0.26914704,0.2188797,1.0440893,0.05026734,18.676535
4.3169823,3.4544659,0.91426444,0.8625164,19.979614
0.68853515,0.0,1.4014721,0.68853515,100.0
1.2609224,0.8741174,0.9669491,0.38680506,30.676355
3.2919981,7.2122746,0.9128297,3.9202764,119.085014
1.7888706,2.3204691,0.93356025,0.53159857,29.716995
2.320351,1.1683217,1.0429095,1.1520292,49.648922
15.37966,12.312276,1.0399137,3.0673838,19.944418
0.5063787,0.42270494,1.6294683,0.083673775,16.523952
2.5331223,3.3573627,1.4940262,0.82424045,32.538517
1.1271725,2.1494586,0.93814975,1.0222862,90.69474
7.6877046,8.892087,0.8830456,1.2043824,15.666346
0.7984017,2.3516185,0.8882541,1.5532168,194.54077
7.9895787,9.306881,0.91535515,1.3173022,16.487757
0.6471504,1.0543642,1.4427968,0.4072138,62.92414
1.7795856,0.8192222,1.8706038,0.9603634,53.965565
6.078634,3.9858043,1.6937717,2.0928295,34.42927
2.084913,2.629878,0.9593734,0.544965,26.138502
2.1442654,4.1432095,1.0250767,1.998944,93.22279
2.98554,2.2049243,0.8810471,0.78061557,26.146545
0.68100315,1.4266028,1.9328337,0.7455997,109.4855
0.70156974,1.2219234,0.8878286,0.5203536,74.16991
37.07317,34.48537,1.1064297,2.587799,6.9802475
0.64945877,0.76400554,0.9920201,0.114546776,17.637266
1.113554,1.0970368,1.1012557,0.016517162,1.4832835
3.7875066,4.2170196,0.87342864,0.42951298,11.340257
1.0371404,1.0258977,1.9422784,0.011242628,1.0840026
0.66024625,1.310633,1.4868135,0.6503867,98.506676
0.670695,1.1891055,0.8672527,0.5184105,77.29452
5.7544675,12.973558,0.892823,7.219091,125.45194
1.1467369,5.219979,1.6478479,4.073242,355.20285
6.903213,9.121183,0.90186584,2.2179704,32.12954
0.98449427,1.6159465,0.9038792,0.63145226,64.13976
0.8224764,0.89458096,0.97548777,0.07210457,8.766766
2.4396493,1.8482325,1.0680678,0.59141684,24.24188
1.4682012,1.4023303,0.8824587,0.06587088,4.4865026
1.3887978,0.87926185,0.99424034,0.5095359,36.68899
1.542205,5.369703,0.887618,3.827498,248.18347
2.2736073,2.1163492,0.88410836,0.15725803,6.9166756
9.257787,12.016578,0.9183503,2.758791,29.79968
11.535123,13.666992,0.8847549,2.1318693,18.481548
23.262453,20.276234,0.99601924,2.9862194,12.837079
0.35067928,0.5959157,0.96420765,0.2452364,69.931816
0.67143756,0.6390374,1.7060426,0.03240019,4.8254957
1.8938601,3.207491,1.3511214,1.3136308,69.36261
0.77243334,1.4807621,1.6455587,0.7083288,91.70096
1.2273082,2.0978723,1.2667873,0.8705641,70.93281
4.455478,2.050406,0.9043151,2.4050722,53.980114
0.79790896,0.0,0.9042284,0.79790896,100.0
0.33892912,0.38532615,1.1451931,0.04639703,13.6893015
1.7412671,1.6090151,1.937743,0.13225198,7.5951576
1.013109,4.5909204,0.91855067,3.5778115,353.1517
1.6196634,1.6093061,0.88943154,0.010357261,0.63947
5.053503,3.690945,0.8966832,1.3625581,26.962646
2.1688685,2.165998,1.3841658,0.0028705597,0.13235287
1.6392999,1.7959809,1.0701121,0.15668106,9.557803
0.5780798,0.4030881,1.708675,0.17499173,30.271204
46.97897,21.439981,0.88492614,25.538988,54.3626
0.59600824,1.002111,1.3592873,0.40610272,68.1371
0.7592006,2.4030728,0.8418985,1.6438723,216.52673
0.5536856,0.0,1.1588362,0.5536856,100.0
15.2278805,16.79308,0.96338725,1.5651989,10.278508
2.132835,1.9013982,0.9945435,0.23143673,10.851131
2.6130013,3.7513938,0.88434213,1.1383924,43.56647
0.90700805,0.99102855,0.91521406,0.084020495,9.263479
8.944715,11.285952,0.9013027,2.341237,26.17453
3.5164971,4.2808657,0.8710477,0.76436853,21.736645
1.7171754,1.1291544,1.7575573,0.5880209,34.2435
14.137103,20.417286,0.9133613,6.280183,44.42341
2.613611,4.2957363,0.918665,1.6821253,64.36021
1.0288686,1.0545126,1.0897804,0.025644064,2.4924529
1.2057035,1.7779362,0.9452963,0.5722327,47.460487
2.0651844,1.7960545,1.8144621,0.26912987,13.03176
1.9425493,2.0136108,0.9659939,0.07106149,3.6581564
1.1637843,1.417239,0.9370343,0.2534547,21.778494
26.71191,25.144876,0.9478215,1.5670338,5.866423
0.1131575,0.21596098,1.5049131,0.102803476,90.8499
1.318967,1.1125001,0.96537435,0.20646691,15.653683
1.1320965,1.5729473,1.6986083,0.44085073,38.941093
0.5411108,0.0,0.9756345,0.5411108,100.0
7.191608,6.6228123,1.2123266,0.5687957,7.9091587
5.656266,11.50155,0.9009208,5.8452835,103.34173
1.1929923,2.1644254,1.0186948,0.97143304,81.42827
1.3664833,2.363828,0.881773,0.9973446,72.98622
17.0183,21.830177,1.5795759,4.811878,28.274729
2.4352338,2.721187,1.0848907,0.28595328,11.742334
0.56555474,1.2764094,1.9110703,0.71085465,125.691574
0.5430606,0.34322286,0.9408467,0.19983774,36.798424
2.9704123,3.3013957,0.8891342,0.3309834,11.142675
0.10059394,0.6848764,1.874962,0.58428246,580.83264
17.105707,24.09579,1.5987024,6.9900837,40.864044
14.653047,14.079298,1.3953819,0.5737486,3.9155583
1.3876401,1.347678,0.9502306,0.039962173,2.8798656
0.6296316,2.4735837,0.86883956,1.8439522,292.8621
5.652993,7.5341353,0.9208766,1.8811421,33.27692
0.73130363,0.0,1.3434236,0.73130363,100.0
4.3448634,4.479288,1.5926791,0.13442469,3.093876
1.7700232,1.0978363,1.9209138,0.672187,37.976166
18.074305,20.092793,1.0189706,2.018488,11.167721
1.1684272,1.7845633,0.9733682,0.6161361,52.73209
0.50271404,0.44050235,0.9246715,0.062211692,12.375166
14.499729,18.2888,0.87829673,3.7890701,26.132006
3.2701838,4.242079,1.099262,0.971895,29.719889
0.8562945,1.0850576,1.3631079,0.2287631,26.71547
0.4918677,0.6805177,1.34844,0.18864998,38.353806
0.5716152,0.8752711,1.2189894,0.30365586,53.12242
0.5098474,1.0372446,1.9418373,0.52739716,103.44216
0.6189153,0.20719314,1.3139883,0.41172218,66.523186
13.416375,14.15946,1.0737437,0.7430849,5.538641
2.1102061,1.7461522,1.4679884,0.36405396,17.252056
4.3396635,4.2467837,1.7754158,0.09287977,2.1402528
4.0541735,1.7675514,0.8928749,2.286622,56.40168
11.215122,4.523843,0.89934987,6.6912794,59.66301
40.33114,15.329491,1.7513182,25.001648,61.99093
1.98034,1.7786579,0.8910217,0.20168209,10.184216
1.2526562,2.9281142,0.87602085,1.675458,133.75241
0.72246647,0.6242934,1.4299643,0.09817308,13.588601
0.6243637,0.37493932,1.7595682,0.2494244,39.948574
47.937626,33.624043,0.92288804,14.313583,29.858767
0.6218797,0.9254552,0.87512636,0.30357552,48.815796
4.9017305,4.3287616,0.93879247,0.57296896,11.6891165
1.0720059,1.3918389,1.9447721,0.31983304,29.835007
40.361465,33.28898,1.041317,7.072487,17.52287
2.665804,4.078417,0.97751427,1.4126129,52.990128
0.5561757,0.41628742,0.9408543,0.13988829,25.151815
1.779621,2.1647613,0.8771601,0.3851403,21.641705
7.030307,8.037574,0.8710975,1.007267,14.327497
0.6095589,1.3353567,0.90240884,0.72579783,119.06935
4.192917,4.1923065,0.9308436,0.00061035156,0.014556729
2.3606687,2.5787332,1.3504897,0.21806455,9.237406
0.9086967,0.6946739,1.51375,0.21402282,23.552721
0.26292208,0.5364408,0.9884515,0.2735187,104.030334
0.6151946,1.8497102,1.6225317,1.2345157,200.67076
8.288769,14.619608,1.5189172,6.330839,76.378525
7.7121983,6.5195656,1.6320674,1.1926327,15.464238
0.991091,0.6694342,1.2290175,0.32165682,32.454823
0.6852835,2.868482,1.0692273,2.1831987,318.58328
0.9789206,1.0472348,1.0031428,0.068314195,6.978523
1.908437,1.7815802,1.2663723,0.1268568,6.647157
1.3653289,1.4702806,1.0115523,0.10495174,7.68692
1.3983959,2.4505668,0.8758442,1.0521709,75.24127
2.3589666,5.2272625,0.93998826,2.868296,121.5912
11.336272,16.516768,0.9482088,5.1804953,45.6984
2.7974877,2.9510262,1.4447407,0.15353847,5.488441
7.2845078,5.597055,0.85515785,1.6874528,23.164953
0.3437169,0.0,1.0494928,0.3437169,100.0
4.8164945,8.507698,0.86218476,3.6912036,76.63673
2.4803853,3.3800726,0.9124187,0.8996873,36.272076
14.841421,19.898996,0.916492,5.057575,34.07743
0.9697618,0.11076093,1.8942358,0.85900086,88.578545
9.724574,10.601732,0.90211207,0.87715816,9.020017
5.836559,5.8757524,0.89038515,0.03919363,0.6715195
5.157021,6.5550494,0.89564645,1.3980284,27.109224
5.7175426,7.9165726,1.4930586,2.19903,38.4611
0.54002196,0.0,1.1590132,0.54002196,100.0
0.9395313,0.6245446,1.7200805,0.3149867,33.52594
0.9279672,1.644274,0.86204743,0.7163068,77.19096
0.46280065,0.5782646,1.2726709,0.11546394,24.94896
9.7385235,15.563882,1.7640276,5.8253584,59.817673
21.13004,20.688927,1.5488261,0.44111252,2.0876086
10.008041,13.137716,0.9393083,3.129675,31.271603
1.5766749,5.5310087,0.86824113,3.9543338,250.8021
3.5087016,2.2240489,0.8838172,1.2846527,36.613335
0.4862309,0.87174654,0.88910365,0.38551563,79.28654
0.910068,0.0,1.7977515,0.910068,100.0
2.7129245,3.9032547,0.8913759,1.1903303,43.876278
5.5230975,5.272584,1.4120173,0.25051355,4.5357437
4.182831,3.2956383,0.89174134,0.8871925,21.210337
1.1435299,1.5080681,1.520786,0.3645382,31.878326
1.9300195,3.5805874,1.5397758,1.6505679,85.52079
7.07508,7.024131,0.9350695,0.050949097,0.72012043
0.89800286,3.9737883,0.8753797,3.0757854,342.514
0.21480925,0.42841554,1.2436551,0.21360628,99.43998
0.7147186,0.54229254,1.2901143,0.17242604,24.125027
8.548412,8.093158,0.93785703,0.45525455,5.3256035
0.7802333,1.3398759,0.87426543,0.5596426,71.72759
0.58365417,0.73626095,1.1105257,0.15260679,26.146782
1.3357806,0.76453686,0.87854546,0.57124376,42.764786
1.0341388,4.161361,0.8761058,3.1272225,302.39874
0.6978758,1.8320117,1.3772618,1.134136,162.51259
0.97940636,1.0766913,0.92350155,0.09728491,9.933048
2.1208034,1.5442233,0.87418896,0.57658005,27.18687
5.654921,7.3638477,0.89514494,1.7089267,30.22017
5.2790804,10.829842,0.90702516,5.550761,105.14636
14.74013,21.814632,0.89210486,7.074502,47.99484
0.7243693,0.58321226,1.5502965,0.14115703,19.486889
0.78502405,0.61701393,0.8511387,0.16801012,21.401907
2.4538062,2.7690861,1.3809917,0.31527996,12.848609
1.5353866,1.8946257,1.0054213,0.3592391,23.397308
5.1175427,5.4882364,1.4684262,0.37069368,7.243587
1.8719649,0.9516212,1.8049768,0.92034376,49.164585
0.5605623,0.0,0.9389276,0.5605623,100.0
1.2117316,1.0561628,1.9304185,0.15556872,12.838546
2.2162256,3.7280397,0.8631537,1.5118141,68.21571
0.58708316,2.5765352,0.8871903,1.9894521,338.87057
22.548384,9.8250265,0.89381075,12.723357,56.426914
5.878361,5.697525,0.88765323,0.1808362,3.076303
42.16885,39.029392,0.9758198,3.1394577,7.4449687
2.2092466,2.593426,1.737451,0.38417935,17.389608
0.4985391,1.889185,0.8715702,1.3906459,278.9442
7.084825,5.478688,0.8803196,1.6061373,22.670105
2.4669592,2.321393,1.3392342,0.14556623,5.900634
2.9289935,2.492419,1.0579474,0.43657446,14.905273
0.5777626,1.2914652,0.907728,0.71370256,123.52869
3.5868344,4.4095984,0.89241993,0.8227639,22.93844
0.92619854,1.2012055,1.3793043,0.27500695,29.692007
2.0982566,3.667671,1.387067,1.5694144,74.79611
6.1851287,10.314287,0.8982519,4.1291585,66.75946
0.8232502,1.2431369,0.8697226,0.4198867,51.003536
1.2020146,1.4409415,1.9455476,0.23892689,19.877205
0.604594,0.7652861,1.480127,0.1606921,26.578514
1.9812137,2.331786,1.4687719,0.35057223,17.694822
0.81106836,1.3422542,1.4907119,0.5311858,65.49211
1.2027539,4.4400387,0.9157243,3.2372847,269.15604
1.1571257,1.2719915,0.9738673,0.11486578,9.92682
1.1162249,1.1416737,1.1381017,0.0254488,2.279899
10.727458,12.849459,0.92305595,2.1220007,19.781021
7.920966,10.594763,0.98970294,2.6737967,33.755943
1.1439203,1.7305819,1.0555974,0.5866616,51.28518
0.88700056,1.9832213,0.8668255,1.0962207,123.58737
1.117312,0.9651327,1.0973397,0.15217924,13.620121
0.8313531,1.5274152,0.88507485,0.696062,83.726395
0.93709767,1.6579335,1.1400033,0.7208358,76.922165
2.7835922,6.218553,0.8858684,3.4349608,123.40029
0.704336,2.2251632,0.9040169,1.5208273,215.92355
0.93277496,1.5192294,0.88943636,0.58645445,62.87202
0.647148,0.40795326,1.9155684,0.23919475,36.96137
0.47101915,0.0,0.9650459,0.47101915,100.0
3.0570745,3.96835,1.457603,0.9112754,29.80874
0.53002286,0.93866134,0.9394831,0.40863848,77.098274
3.4070716,2.8279114,1.0124565,0.5791602,16.99877
20.470299,23.870258,1.1303961,3.3999596,16.609234
0.72881436,1.5048811,1.6361372,0.7760668,106.48346
5.9285264,5.617504,0.8915044,0.31102228,5.2461987
5.625225,4.945861,0.9132449,0.6793642,12.077102
0.53228235,0.76617455,1.9356482,0.2338922,43.94138
22.91077,26.26968,0.92235845,3.3589096,14.660832
4.2906084,4.1375017,1.3686463,0.15310669,3.5684144
0.85188556,0.643646,1.3492512,0.20823956,24.444546
2.3433483,2.5150924,1.2558721,0.17174411,7.3290052
2.065729,1.3351126,0.9795224,0.73061633,35.36845
0.22831261,0.1073544,1.0450115,0.12095821,52.97921
0.7370728,1.5029271,0.8519416,0.76585424,103.90483
28.69041,5.264248,0.84695625,23.426163,81.65154
10.026132,8.283878,1.2138652,1.7422533,17.377123
4.457793,6.3760185,1.1388388,1.9182253,43.030827
8.0639,10.893653,0.91370946,2.829753,35.091618
0.472464,0.9242438,0.9357494,0.4517798,95.62206
20.18376,19.968817,1.5668255,0.21494293,1.0649301
1.1405813,2.208222,0.915289,1.0676407,93.604965
0.73116356,0.7196969,0.8440997,0.011466682,1.5682787
1.7041223,1.9510918,0.9361959,0.24696946,14.492473
1.8548291,2.6546907,1.3256963,0.79986167,43.123203
1.2070873,1.3031973,1.9390278,0.09610999,7.96214
7.54323,4.5032463,0.8739965,3.0399837,40.300823
18.041441,9.875425,0.95576894,8.166016,45.262547
2.1919448,3.1651847,1.0561774,0.9732399,44.40075
16.43329,18.886559,1.24957,2.453268,14.928648
32.280205,31.242027,1.0164546,1.0381775,3.216143
13.965921,18.439539,0.91327006,4.4736176,32.032383
6.3169103,3.343289,1.9417219,2.9736214,47.073982
0.4407299,0.95684624,0.9634688,0.5161164,117.10492
0.5115321,1.1695035,0.9030769,0.6579713,128.62756
1.2135378,0.25258517,1.3548371,0.96095264,79.18604
0.41553086,0.7578727,0.9438438,0.34234184,82.38662
1.8500342,2.4778762,0.8751288,0.62784195,33.936775
3.7212787,4.200547,0.890142,0.47926855,12.879137
2.4719565,2.4688582,0.8843011,0.0030982494,0.12533592
33.81112,13.5377445,1.9091047,20.273375,59.96067
1.9744341,1.4074821,0.8706187,0.566952,28.714657
1.1032532,0.46604538,1.323234,0.63720787,57.75717
0.62081254,0.3789463,1.9137301,0.24186623,38.959625
5.3188343,4.5427,1.4203606,0.7761345,14.592192
8.535195,10.355358,0.87380606,1.8201628,21.32538
3.274042,2.4890676,0.9302544,0.78497434,23.975697
0.5208577,1.0510807,1.1747968,0.530223,101.79806
1.3938142,0.8634589,0.8967606,0.53035533,38.050648
1.5725473,0.7769195,0.87234485,0.79562783,50.59484
1.1356224,1.9348893,1.1334667,0.79926693,70.3814
1.5285652,4.38049,1.6628836,2.8519247,186.57529
0.58119035,0.570076,0.8520801,0.011114359,1.912344
0.7404235,0.08054137,1.7995275,0.6598821,89.12225
20.996973,24.071615,0.9010969,3.0746422,14.643265
6.746716,5.484209,0.8766491,1.262507,18.712912
9.442441,9.034871,1.4260578,0.4075699,4.3163614
3.654673,2.7973735,1.2659129,0.85729957,23.457626
12.022938,15.722911,0.91650915,3.699973,30.774284
0.40122104,1.0597086,0.8592602,0.65848756,164.1209
0.3650302,0.0,1.0159158,0.3650302,100.0
2.9566488,4.4408293,0.9568361,1.4841805,50.198063
4.2677603,7.5797205,0.95309705,3.3119602,77.60417
8.563458,13.15638,0.91658825,4.5929213,53.633953
1.8307502,4.4421678,0.90119714,2.6114175,142.64194
40.84368,28.39201,0.943003,12.451672,30.486162
1.3513826,0.75821644,1.0951583,0.5931662,43.89328
43.75994,40.14104,0.9640716,3.6189003,8.269893
0.69830734,1.2633325,1.5121038,0.56502515,80.913536
8.569597,7.2456994,0.8614771,1.3238978,15.448775
15.56011,19.930208,0.88284093,4.370098,28.085266
0.57943696,1.6819911,0.90412927,1.1025541,190.28024
2.073512,3.8426757,0.87831706,1.7691636,85.32208
3.6136463,4.839411,1.3970196,1.2257645,33.920437
2.7599723,3.752827,1.3855963,0.9928546,35.973354
14.866118,16.399782,1.5537266,1.5336637,10.3165045
18.481726,21.224985,1.0825484,2.7432594,14.843091
6.782882,10.207702,0.88817656,3.4248195,50.492096
6.5982013,8.088615,0.89953923,1.4904141,22.588188
3.8874514,4.8043823,1.3566666,0.9169309,23.586943
10.675036,15.875969,0.89453214,5.2009325,48.720512
0.52042353,0.6151718,1.2203019,0.09474826,18.20599
1.7456499,1.5590842,0.8603191,0.18656576,10.687467
1.3075546,0.24879098,1.8749626,1.0587636,80.97281
8.134598,12.237744,0.9135826,4.1031466,50.44068
1.8610426,1.565902,0.91761684,0.29514062,15.858886
1.5682827,1.9636297,1.4205639,0.395347,25.20891
7.8589296,9.35031,0.8594109,1.4913807,18.976892
1.8665673,0.61447877,0.9933408,1.2520885,67.07974
1.8529981,2.1976972,1.576811,0.34469903,18.602232
3.6626997,3.9388871,1.3640709,0.27618742,7.540542
23.445292,26.573019,0.9396709,3.1277275,13.340536
1.1726459,2.7686667,0.8690869,1.5960208,136.10423
4.4474297,3.8069654,1.4110918,0.6404643,14.400775
1.2601626,1.2783997,1.3892518,0.018237114,1.4472033
2.239755,3.0862932,0.92170113,0.8465383,37.796024
2.5728753,3.9416935,0.8975893,1.3688183,53.201893
16.86073,18.054306,0.9860024,1.1935768,7.0790343
1.9745921,2.707782,1.352611,0.73318994,37.13121
0.631904,1.391992,1.3108484,0.76008797,120.285355
16.686504,18.392128,0.9357987,1.7056236,10.221576
1.0299683,2.2468252,1.7554394,1.216857,118.145096
2.0237377,2.4026551,1.7508303,0.37891746,18.723646
26.135315,27.979218,1.0124136,1.8439026,7.055215
25.290335,24.653168,0.96477807,0.637167,2.519409
0.783433,1.2856266,0.90591234,0.5021936,64.10167
0.84236324,1.6348331,0.8751266,0.79246986,94.07697
3.134937,3.7464144,0.8805947,0.6114774,19.50525
1.8552998,1.8666422,0.8850715,0.011342406,0.61135167
0.6716078,0.12639225,1.2207319,0.54521555,81.18064
1.4288601,3.0677443,0.86657864,1.6388842,114.698715
0.645044,1.1636219,1.1558309,0.5185779,80.39418
3.9352944,3.8024764,1.311418,0.13281798,3.3750458
0.35328805,0.3750596,1.4069961,0.02177155,6.162549
0.92417896,1.598418,0.8732344,0.67423904,72.95547
9.840345,7.946061,1.4560162,1.8942842,19.25018
0.21636602,1.134438,1.941714,0.918072,424.3143
22.306692,26.522663,0.8982339,4.215971,18.900028
1.2952461,2.2778196,0.96032625,0.9825735,75.859985
4.685654,3.7735395,0.8627687,0.9121146,19.46611
1.2085944,0.8538999,1.2817695,0.35469455,29.34769
0.6164035,0.0,1.7652175,0.6164035,100.0
6.685151,6.6429763,0.9221211,0.042174816,0.630873
1.9054399,1.3344469,1.0300409,0.57099295,29.966465
7.6551805,7.1655564,1.0975392,0.48962402,6.3959827
2.0497785,2.714343,1.3836455,0.6645646,32.421288
1.2652582,1.917569,1.0751137,0.65231085,51.555553
35.32711,31.011913,0.93095756,4.315197,12.214973
49.72143,33.454952,0.9119623,16.26648,32.71523
14.891581,11.619849,0.9530393,3.2717314,21.970343
9.324611,6.37704,1.8585438,2.9475708,31.610659
0.8548962,0.90981436,1.9341934,0.05491817,6.423958
6.671951,7.7325706,0.86330616,1.0606198,15.896697
3.0320885,3.1679373,1.7063191,0.13584876,4.480369
1.3010412,1.5894394,0.8941438,0.28839815,22.16672
0.54046446,0.4795274,0.9752117,0.060937047,11.2749405
0.5804785,0.7755118,1.9326395,0.19503331,33.598713
1.0970991,0.9937184,1.7347001,0.10338068,9.423095
0.78387403,0.7904762,0.93839014,0.006602168,0.8422486
5.573911,4.747483,0.93195564,0.8264284,14.826723
24.745678,24.732203,1.4777622,0.013475418,0.05445564
0.5477396,0.17221427,1.4553142,0.37552536,68.5591
1.9346906,1.6865976,1.0418642,0.24809301,12.823395
2.5669196,8.021211,0.879302,5.4542913,212.48392
1.6121104,6.8456144,0.8616398,5.2335043,324.63684
4.5739017,6.8816314,1.7407739,2.3077297,50.454296
1.0572648,0.12597191,1.8153677,0.9312929,88.08511
0.8359516,1.6379375,1.5091578,0.8019859,95.93688
0.717531,0.76682323,1.3349457,0.049292207,6.869697
0.9553564,0.97151136,0.9272185,0.016154945,1.6909862
1.0505828,1.6398246,0.91250134,0.58924186,56.087143
12.567465,9.820224,1.4099164,2.747241,21.859945
0.5403707,0.7372601,0.8855491,0.1968894,36.435986
11.223247,12.978096,0.87825817,1.7548494,15.635844
1.1618451,1.5802617,0.90759695,0.41841662,36.01312
0.7093605,0.012043238,1.2315724,0.69731724,98.302246
1.6951886,1.7017264,1.3032315,0.006537795,0.3856677
0.48786902,0.08880544,1.8380955,0.3990636,81.79727
1.3376862,1.269596,0.9120982,0.0680902,5.0901475
0.5483633,0.9605172,1.486832,0.4121539,75.16073
8.228969,8.072711,0.88775283,0.15625763,1.8988726
0.7876968,2.2137136,0.8578473,1.4260168,181.03627
4.850168,5.0718956,0.93119055,0.22172737,4.57154
14.540609,19.319305,1.6240188,4.778696,32.864483
0.5373742,0.45834863,1.745071,0.07902557,14.705873
0.7697206,0.6743765,0.881139,0.095344126,12.386848
0.10139148,0.6255002,1.7278149,0.5241087,516.9159
0.50250703,0.4895575,0.9312342,0.012949526,2.5769842
1.0505428,1.3520465,0.91745156,0.30150366,28.699797
1.1563084,1.2996154,1.6792182,0.14330697,12.39349
6.569021,7.1324844,0.8989126,0.5634632,8.577582
14.223982,12.29786,1.1181655,1.9261217,13.541368
23.389631,22.75071,1.5395877,0.63892174,2.731645
0.19292517,0.0,1.0944592,0.19292517,100.0
1.1280936,2.3040626,1.8838409,1.175969,104.24392
1.7392005,1.4561374,0.87718654,0.28306305,16.27547
1.6855822,1.5413339,1.2091149,0.14424825,8.55777
1.1450993,2.0539622,0.907678,0.90886295,79.36979
3.418767,3.280683,1.3883189,0.13808393,4.038998
1.0509456,1.5645764,0.8546245,0.51363075,48.8732
0.68914026,2.210708,0.8568164,1.5215676,220.79214
1.2565397,1.3755157,0.89458156,0.118976,9.468543
0.5885756,0.9477128,1.6846601,0.35913718,61.01802
15.153833,15.835972,0.9258348,0.68213844,4.501425
0.6522723,0.18555188,1.430989,0.4667204,71.553
2.1178389,2.2191055,1.418128,0.10126662,4.781602
2.0550673,3.0951712,1.4660497,1.0401039,50.61167
1.2146194,1.433703,0.90738916,0.21908355,18.037218
3.312699,4.405484,1.6593554,1.0927851,32.987755
0.7607561,0.689577,1.6612935,0.07117909,9.356362
0.90576196,1.5037227,1.6737992,0.5979607,66.017426
19.456903,20.164011,1.0240544,0.70710754,3.6342244
5.114297,6.8369107,0.91841775,1.7226138,33.68232
1.9570156,2.0754304,1.0477866,0.11841476,6.0507827
4.926845,3.7429504,0.9432351,1.1838946,24.029469
13.089335,15.435928,1.572114,2.346593,17.927517
29.32137,28.545797,0.98375106,0.7755718,2.6450737
12.019345,17.184856,0.8911353,5.165511,42.976643
9.143866,9.55195,1.5744485,0.40808487,4.462936
2.8463943,1.9835284,0.88229567,0.8628659,30.314348
10.624873,10.364035,0.8960563,0.2608385,2.45498
14.89214,14.08471,1.5512524,0.80743027,5.421855
1.9753047,2.1835408,1.320493,0.2082361,10.541974
0.7085091,0.77459574,1.0385427,0.06608665,9.327565
3.379924,2.4564574,1.107579,0.9234667,27.322113
2.2678154,3.299406,1.934109,1.0315907,45.488304
3.0778413,0.6963057,0.9377772,2.3815355,77.376816
9.661162,12.256934,0.88720495,2.5957718,26.86811
0.871862,0.1629175,1.8109548,0.7089445,81.31384
3.095293,4.1182756,0.8749847,1.0229826,33.04962
25.263353,21.144712,0.89379007,4.118641,16.302826
6.399102,6.784098,0.8633031,0.38499594,6.0164056
0.85705715,0.13191676,1.4544568,0.7251404,84.60817
0.45792198,1.5096619,1.2741352,1.0517399,229.67667
0.46796557,0.0,0.98916197,0.46796557,100.0
19.130585,22.244934,0.95499104,3.1143494,16.279427
5.677186,11.670725,0.89994043,5.993539,105.57235
2.832017,3.1787643,0.884972,0.3467474,12.243832
2.1826177,1.2711444,0.8885143,0.9114733,41.760555
2.0285554,2.0909996,0.86475253,0.06244421,3.07826
0.65361726,0.34767795,1.9141237,0.30593932,46.807102
3.824681,7.5247803,1.5766773,3.7000992,96.74268
48.81134,22.776346,0.8955683,26.034994,53.338005
2.7288017,2.6400604,0.85426396,0.0887413,3.2520247
7.1251316,8.8344555,0.9236283,1.7093239,23.990068
47.413807,31.932522,0.93993664,15.481285,32.65143
2.9408789,4.258179,0.903188,1.3173003,44.79274
45.31966,25.239744,1.5927444,20.079916,44.307297
17.901024,21.81681,1.6651574,3.9157867,21.874653
10.581491,6.103265,0.8713494,4.4782267,42.32132
0.5280684,1.2302368,1.5331116,0.70216835,132.9692
4.5059013,5.1654835,0.90084904,0.65958214,14.638185
4.1226473,6.3190265,1.6750174,2.1963792,53.275944
0.61492187,0.48392034,0.9894775,0.13100153,21.303768
3.9024162,3.7975605,1.4496526,0.104855776,2.686945
0.6478512,0.44855237,1.4526763,0.19929886,30.76306
5.4320397,10.129478,1.5906339,4.6974387,86.47652
0.57457733,0.3553288,1.0109813,0.21924853,38.15823
18.066233,21.094894,1.6303384,3.0286617,16.764214
1.9697318,3.5297124,1.5641745,1.5599806,79.19762
2.5026948,5.8018003,1.6009063,3.2991054,131.82213
0.8101972,1.2072203,1.4729973,0.39702314,49.003273
0.523774,1.734717,1.6084629,1.210943,231.1957
2.656527,2.0323434,1.9407549,0.62418365,23.496227
5.4242005,6.118727,0.8686722,0.6945267,12.804222
0.688136,2.6111124,0.85057706,1.9229764,279.44714
23.257523,23.43729,1.2453603,0.17976761,0.7729439
20.733019,21.908112,0.9762714,1.1750927,5.6677356
1.1885391,1.8014467,1.2713472,0.6129075,51.56814
0.863387,1.0529406,0.9705724,0.18955362,21.954653
0.13789344,0.6047354,1.8028966,0.46684194,338.55267
6.025739,5.7389555,1.8176391,0.2867837,4.7593117
4.987208,4.4969506,0.9238709,0.49025726,9.830296
0.5282913,0.76962745,1.158814,0.24133617,45.682407
2.1783793,2.4656973,0.91451645,0.287318,13.18953
1.2496828,1.1477292,0.87491655,0.101953626,8.1583605
7.1115365,7.7270284,1.4916306,0.61549187,8.654837
0.7869824,2.2870908,1.5221803,1.5001084,190.61523
0.55697304,1.0793504,1.6400145,0.5223773,93.78862
0.8491592,0.5050547,1.7869997,0.34410447,40.522964
0.89296764,1.667908,0.9229355,0.7749403,86.78258
0.79798573,1.6061853,1.547547,0.8081996,101.27996
5.1553307,4.6320243,0.9055592,0.52330637,10.150782
2.34389,2.0909705,0.8855593,0.25291944,10.790585
6.5083694,6.383067,0.94919103,0.12530231,1.925249
1.067108,1.5601714,1.1914741,0.49306333,46.205566
0.79786,0.6126206,0.8611413,0.18523943,23.217033
2.692568,2.2728,0.94291365,0.4197681,15.589879
0.40284708,0.2605096,0.90506846,0.14233747,35.33288
3.2049868,4.504157,1.5045879,1.2991703,40.5359
5.946313,5.5398192,0.96817464,0.40649366,6.836063
3.6452656,3.243626,0.9243424,0.40163946,11.018113
0.9960544,1.5701369,1.2851554,0.5740825,57.635654
33.45781,35.80818,1.533844,2.3503723,7.024884
8.693246,4.7874885,0.9640832,3.9057574,44.928642
1.1135701,2.8202047,1.6870507,1.7066346,153.25795
1.2428048,1.300927,1.8680831,0.058122277,4.676702
20.380684,12.065969,0.9035438,8.314714,40.79703
3.0563703,3.5470917,0.8722529,0.49072146,16.055695
0.70648575,0.0,1.8152239,0.70648575,100.0
4.2163467,5.58207,0.861625,1.3657231,32.391148
3.3435657,2.9332557,1.3267766,0.41031003,12.27163
0.7098134,0.16578579,1.2208831,0.5440276,76.64375
0.5532222,1.4393439,1.9455516,0.88612175,160.17467
9.130497,4.114559,1.7003517,5.015938,54.93609
0.5617989,0.55750287,0.9225927,0.004296005,0.7646873
34.199337,26.064512,0.93560785,8.134825,23.786499
6.780716,5.7708993,1.636347,1.0098166,14.892479
2.4854412,2.8270056,1.1978483,0.34156442,13.742606
2.97113,2.5666194,0.8648414,0.4045105,13.614702
2.4070141,3.6062639,1.4955322,1.1992497,49.823128
1.1216632,1.5588628,1.0431169,0.4371996,38.977795
0.8469095,1.1862476,1.7208036,0.33933806,40.067806
0.7695302,0.9605141,1.2168348,0.19098395,24.818253
0.6126336,1.0091887,0.93607724,0.39655507,64.72957
0.9803241,2.9321756,0.90710324,1.9518516,199.10269
10.390035,14.802881,0.8657187,4.4128466,42.471916
1.1809909,2.431165,0.90485805,1.250174,105.858055
9.364911,9.443377,0.9385229,0.07846546,0.8378666
1.425472,2.2060816,1.3467921,0.7806096,54.761482
9.552284,9.841188,1.4353472,0.2889042,3.0244513
0.47725084,0.87480336,0.96968997,0.39755252,83.30054
2.2349799,2.4900303,0.8740457,0.25505042,11.411756
0.4110778,0.0,1.0506582,0.4110778,100.0
18.095749,17.540167,0.93610257,0.55558205,3.0702353
5.396111,4.889111,0.9131804,0.50699997,9.395655
1.8103509,3.1210446,1.876741,1.3106937,72.39998
4.264477,5.486569,1.5378951,1.2220922,28.657494
0.6892793,0.22789824,1.7750208,0.46138108,66.93674
1.8128675,1.7590473,1.3822138,0.053820252,2.9687912
3.711294,4.544038,1.6147865,0.8327439,22.438103
2.6026993,3.2043846,0.8692966,0.6016853,23.117743
3.499293,2.5018122,0.8916916,0.99748087,28.50521
0.16269378,0.19776821,1.3791535,0.035074428,21.558554
39.925457,25.09496,1.0158415,14.830498,37.14547
0.45341134,0.7730357,0.9344058,0.31962436,70.49325
0.5366959,0.2759273,1.7312868,0.2607686,48.587772
4.275901,3.9400709,0.9519285,0.33582997,7.854017
0.8599167,0.29873657,1.9119555,0.5611801,65.25983
1.6991224,4.4956923,0.8769813,2.7965698,164.58907
1.0258126,1.4039178,0.9212935,0.37810516,36.859085
0.85547125,1.5281277,0.88507956,0.6726564,78.62992
0.312568,0.7543504,1.0930897,0.44178241,141.33961
2.0406752,1.8435516,1.0140419,0.19712353,9.659721
33.36625,33.734062,1.6229765,0.3678131,1.1023508
0.5810315,0.24363792,0.9378859,0.33739358,58.068035
1.6457331,2.6055336,0.8641176,0.9598005,58.32054
0.9986903,1.9620638,1.6465477,0.9633735,96.463684
8.503316,9.802418,0.9052123,1.2991018,15.277592
0.6810503,0.120380044,1.7998345,0.56067026,82.32435
17.074362,16.855335,1.0825701,0.21902657,1.2827804
0.34445897,0.9146662,0.98539156,0.57020724,165.53706
