y_true,y_pred,y_std,abs_error,rel_error_%
6.767622,10.023693,1.3008056,3.256071,48.112484
8.626948,4.5959897,0.9009615,4.0309587,46.725197
0.0,3.4691668,1.2793462,3.4691668,346916670.0
6.487446,10.619379,1.7857381,4.131933,63.69122
0.0,1.2613974,1.1908187,1.2613974,126139740.0
0.0,3.2292218,1.3318632,3.2292218,322922180.0
0.0,0.0,2.197872,0.0,0.0
0.0,8.661423,1.1869563,8.661423,866142300.0
14.916421,13.083481,1.66349,1.8329401,12.288069
0.0,0.0,1.0976868,0.0,0.0
0.0,0.0,1.5062369,0.0,0.0
10.03318,8.406067,3.4520261,1.6271133,16.217323
3.897901,3.8799353,1.0515271,0.017965794,0.46090943
0.0,1.8995147,1.2498865,1.8995147,189951460.0
13.369327,8.773193,1.6776749,4.596133,34.378193
0.0,0.522068,1.1957577,0.522068,52206804.0
0.0,3.7422872,1.0377576,3.7422872,374228740.0
11.294369,12.785553,1.1226376,1.4911842,13.2029
125.010056,151.95969,3.3019388,26.94963,21.55797
0.0,2.264112,1.2426451,2.264112,226411200.0
167.66536,152.22383,1.8969456,15.441528,9.209731
1.563591,0.67764235,1.3235065,0.88594866,56.661148
20.992844,11.688139,1.1855197,9.304705,44.323223
0.0,2.1192555,1.0858709,2.1192555,211925550.0
18.050842,12.053572,1.0245283,5.9972706,33.224323
0.0,1.0590134,1.1592025,1.0590134,105901336.0
0.0,0.0,2.4304466,0.0,0.0
0.0,7.1070113,1.4636494,7.1070113,710701100.0
0.0,0.0,1.3339051,0.0,0.0
0.0,0.0,1.5480152,0.0,0.0
23.177315,12.818682,1.3483964,10.358633,44.69298
20.227623,18.624949,1.905042,1.6026745,7.9231977
10.734706,8.826873,2.5856879,1.9078331,17.77257
20.2237,3.0113797,1.1843696,17.21232,85.10965
8.553743,8.090113,1.1845154,0.46363068,5.420208
42.99527,52.835907,4.286444,9.840637,22.88772
5.96337,3.882617,2.778069,2.0807528,34.89223
5.196671,5.3562818,1.1483322,0.15961075,3.0714037
2.2199697,0.0,1.7402273,2.2199697,100.0
0.0,0.0,3.763662,0.0,0.0
0.0,0.0,4.3167434,0.0,0.0
7.5016932,7.940825,1.4687968,0.43913174,5.8537683
0.0,2.804602,1.1324539,2.804602,280460200.0
10.363795,10.090918,1.1973135,0.2728777,2.63299
96.47443,100.07897,3.5194194,3.6045456,3.7362707
0.91099983,5.5733833,1.0160401,4.6623836,511.7875
0.0,0.0,0.95021003,0.0,0.0
0.0,8.966663,1.2674135,8.966663,896666300.0
1.2322317,4.8920097,1.0916843,3.659778,297.00406
0.0,0.023266792,1.4191817,0.023266792,2326679.2
0.0,3.347099,1.2076696,3.347099,334709900.0
10.989389,6.214826,0.94565666,4.7745633,43.44703
0.0,0.0,1.3807559,0.0,0.0
9.631765,8.71596,1.2717545,0.9158058,9.508183
0.0,0.0,1.7149446,0.0,0.0
0.0,0.0,1.1598629,0.0,0.0
0.0,0.9203043,2.2869635,0.9203043,92030424.0
9.510533,2.715588,1.4400322,6.7949452,71.44652
21.571123,6.95532,1.0063819,14.615803,67.75634
0.0,7.595912,1.5634733,7.595912,759591200.0
4.2359858,7.169431,1.067521,2.9334455,69.250595
0.0,0.0,1.9748698,0.0,0.0
15.028497,11.126841,1.2499162,3.9016562,25.96172
40.22826,10.2813835,1.3046423,29.946877,74.44239
1.4718249,7.848161,1.3878057,6.376336,433.22653
16.639835,16.031914,2.7046978,0.6079216,3.6534111
58.75563,61.097363,3.2718196,2.341732,3.985545
0.0,0.0,1.0130707,0.0,0.0
2.4147341,4.271676,1.3138038,1.8569419,76.900475
6.3860693,4.2646427,0.98432386,2.1214266,33.219597
11.036226,9.321212,2.0387623,1.7150145,15.539864
0.0,1.2033496,1.370602,1.2033496,120334960.0
23.373775,10.813545,1.4601946,12.56023,53.736423
0.0,0.0,1.389865,0.0,0.0
26.104748,42.288506,1.5315341,16.183758,61.995457
6.7428594,3.6458874,0.9933702,3.096972,45.929653
0.0,0.0,1.6994692,0.0,0.0
0.0,6.224649,1.0791976,6.224649,622464900.0
6.545566,9.087591,1.0426452,2.542025,38.835835
23.651722,17.697544,1.3580064,5.954178,25.174395
23.335878,17.511982,1.6445534,5.8238964,24.956835
16.193535,10.5629635,1.2738794,5.6305714,34.77049
0.0,0.0,2.6752524,0.0,0.0
12.105862,11.7085705,2.1773224,0.39729118,3.2818084
0.0,0.0,1.271879,0.0,0.0
0.0,0.0,1.3109509,0.0,0.0
17.130287,8.863472,1.1432433,8.266815,48.258472
52.10357,15.283245,1.0001498,36.820324,70.667564
0.0,2.1496034,1.4189156,2.1496034,214960340.0
0.0,2.8147693,1.2456553,2.8147693,281476930.0
11.782064,4.6744394,1.1648309,7.107625,60.325806
0.0,0.0,1.5358688,0.0,0.0
0.0,0.0,0.9533143,0.0,0.0
0.0,0.0,0.95609725,0.0,0.0
6.9691725,6.927399,1.1739306,0.04177332,0.5994014
24.874939,15.083282,1.0818049,9.7916565,39.36354
35.43982,25.926897,1.6966622,9.512922,26.842468
7.6712914,5.3165517,1.6325977,2.3547397,30.69548
0.0,0.73817587,1.2191468,0.73817587,73817590.0
3.4963279,7.400726,1.8552196,3.904398,111.67139
0.0,1.0920534,1.1719183,1.0920534,109205336.0
4.4665914,2.3943067,1.0020266,2.0722847,46.395214
7.2599277,9.590042,1.4878231,2.3301144,32.09556
0.0,0.0,2.289437,0.0,0.0
0.0,3.0862975,1.3440567,3.0862975,308629760.0
11.208888,8.42727,1.2073766,2.781618,24.816181
0.0,0.0,1.1743051,0.0,0.0
8.881784e-14,7.9429555,1.193902,7.9429555,794295550.0
22.071463,16.058298,1.7685044,6.0131645,27.24407
0.0,0.0,1.3623185,0.0,0.0
9.637576,4.521672,1.2310624,5.1159043,53.082893
10.579389,11.801521,1.5877407,1.2221327,11.552016
2.7577715,1.0765643,2.2258441,1.6812072,60.962524
15.069878,21.737276,1.457922,6.6673985,44.243217
1.4375503,5.546863,1.046014,4.109313,285.85526
5.7229414,6.540851,1.1888927,0.8179097,14.291771
0.0,0.0,1.303827,0.0,0.0
7.0727987,10.863846,1.5579451,3.791047,53.60038
0.0,6.229401,1.395688,6.229401,622940100.0
86.36523,85.65658,3.4077187,0.7086487,0.82052547
30.059643,32.918064,1.4351757,2.8584213,9.509166
25.196077,26.321228,4.083962,1.1251507,4.4655786
6.731985,7.40069,1.118516,0.668705,9.933251
0.0,0.0,1.9871639,0.0,0.0
0.0,2.9795666,1.2217263,2.9795666,297956670.0
76.95631,73.891205,4.0520988,3.0651016,3.9829116
0.0,0.0,1.5702076,0.0,0.0
6.75843,6.4182787,1.4731867,0.3401513,5.032993
29.865324,33.662487,1.6429597,3.797163,12.714287
5.7193313,5.6431985,2.2737417,0.076132774,1.3311481
0.0,6.163974,1.2065351,6.163974,616397400.0
12.332676,11.897509,2.5817802,0.4351673,3.5285716
12.86184,11.148878,3.8388488,1.7129622,13.318173
0.0,5.517845,1.2671863,5.517845,551784600.0
0.0,0.0,1.170477,0.0,0.0
0.0,0.0,1.4040797,0.0,0.0
19.172968,19.390196,1.2992622,0.21722794,1.1329907
0.0,0.0,1.323162,0.0,0.0
0.0,0.0,1.1787972,0.0,0.0
5.0247216,6.311913,1.2722306,1.2871914,25.61717
2.5063455,3.69025,1.0878601,1.1839044,47.236282
13.257323,9.308243,1.1480315,3.9490805,29.787918
3.557903,1.5514479,1.8362648,2.0064552,56.39432
0.0,3.5577235,1.4514152,3.5577235,355772350.0
32.8567,15.668236,1.5616369,17.188465,52.313423
0.0,4.388231,1.2770803,4.388231,438823100.0
10.812448,4.8031163,1.0133249,6.009331,55.577896
0.0,0.0,1.13356,0.0,0.0
0.0,0.0,1.1791652,0.0,0.0
0.0,1.8715577,1.1852276,1.8715577,187155780.0
14.784631,6.056489,1.3391675,8.728142,59.03524
0.0,0.061690807,1.2270485,0.061690807,6169080.5
0.0,0.0,0.85914433,0.0,0.0
3.768623,10.434912,4.3165503,6.6662884,176.88924
2.2918344,1.3922257,1.9317592,0.8996086,39.252777
0.0,0.0,1.3713095,0.0,0.0
0.0,3.4154353,1.610683,3.4154353,341543520.0
8.670334,6.8160048,1.2809263,1.8543291,21.387054
27.273632,50.827557,1.7302716,23.553925,86.36153
0.0,4.2796397,1.2104256,4.2796397,427963970.0
12.480908,13.951893,3.6910148,1.4709845,11.785877
20.602406,22.338491,1.5878674,1.7360859,8.426617
0.0,8.290798,1.459525,8.290798,829079800.0
0.0,0.0,1.1615858,0.0,0.0
173.3681,159.85176,1.407433,13.516342,7.796326
15.383702,14.671495,1.2869376,0.71220684,4.6296196
12.6819725,5.523499,1.2843986,7.1584735,56.446056
3.4931912,4.9715223,1.7310017,1.4783311,42.320362
0.0,0.0,1.9481986,0.0,0.0
7.824397,12.340883,1.5836666,4.516486,57.72312
10.854845,13.177555,1.2852565,2.32271,21.39791
12.427081,9.773009,4.248538,2.6540718,21.35716
13.849902,10.615161,1.0847664,3.2347412,23.355698
0.0,0.0,0.99582773,0.0,0.0
15.847136,7.1069865,1.1495557,8.740149,55.15286
0.87397337,3.9881902,1.5045955,3.1142168,356.32858
10.253698,10.543022,1.2531372,0.2893238,2.8216531
9.544368,9.288744,2.4193323,0.25562382,2.6782687
0.0,4.9840717,1.2872858,4.9840717,498407170.0
0.0,3.0042171,1.3051605,3.0042171,300421730.0
5.078174,6.4828644,1.3565632,1.4046903,27.661325
0.0,0.0,1.6303519,0.0,0.0
4.6702733,10.955593,1.6526117,6.28532,134.58142
0.0,1.5795684,1.0704534,1.5795684,157956830.0
14.65908,10.8636875,5.2996907,3.795392,25.891068
0.0,5.502913,1.0167692,5.502913,550291300.0
0.0,0.0,1.0221612,0.0,0.0
6.9585886,6.3215384,1.8178282,0.63705015,9.154876
0.0,2.8107123,1.2498224,2.8107123,281071230.0
9.83371,11.361933,3.9209182,1.528223,15.540656
16.559187,10.925069,1.7909065,5.634118,34.024124
10.339583,10.073748,5.3490252,0.26583576,2.571049
0.0,2.9265528,1.0851979,2.9265528,292655260.0
7.1154222,8.289019,1.0616516,1.1735964,16.4937
7.1896095,12.339741,3.1137915,5.150131,71.63297
29.286325,34.257977,2.1911721,4.971651,16.976015
4.7307253,6.0652676,1.3532473,1.3345423,28.210098
0.0,3.176848,1.7390559,3.176848,317684800.0
10.867499,8.94599,2.6777608,1.9215097,17.68125
0.0,3.8399942,1.15277,3.8399942,383999420.0
0.0,1.7705526,1.2206197,1.7705526,177055260.0
4.999816,10.443855,1.370103,5.4440393,108.884796
9.610636,8.408491,1.56546,1.2021446,12.508482
0.0,0.0,1.626853,0.0,0.0
20.368395,16.51179,1.8806795,3.8566055,18.934263
21.905422,13.930392,1.2700684,7.97503,36.406647
7.9952445,8.300793,1.8064333,0.3055482,3.821624
0.0,2.795341,3.0900207,2.795341,279534080.0
0.0,0.0,1.7739435,0.0,0.0
0.0,0.0,1.1447555,0.0,0.0
0.0,0.0,1.2032963,0.0,0.0
0.0,0.0,1.0364068,0.0,0.0
0.0,5.697699,1.0468123,5.697699,569769900.0
10.2709465,6.0954075,0.97978586,4.175539,40.653885
0.67184675,3.9845934,1.1828387,3.3127465,493.0807
7.6050396,10.958132,2.215606,3.3530922,44.090397
10.242032,6.986208,1.2028612,3.255824,31.788847
0.0,3.994329,1.2899797,3.994329,399432900.0
0.0,3.3407657,1.0175437,3.3407657,334076580.0
14.298193,8.998728,1.5714225,5.299465,37.06388
7.5430527,7.814048,4.4365664,0.27099514,3.5926454
12.776611,4.3952117,1.3300704,8.381399,65.59955
8.9693985,9.1998825,2.2296028,0.23048401,2.5696707
14.602172,9.52325,1.0007685,5.0789223,34.781963
0.0,0.7887316,0.9560913,0.7887316,78873150.0
0.0,1.2960334,1.0278877,1.2960334,129603336.0
9.040105,1.2656908,1.6452445,7.774414,85.99916
0.0,0.0,1.2203665,0.0,0.0
0.0,4.6302247,1.7673717,4.6302247,463022460.0
0.0,0.104780674,0.9898165,0.104780674,10478067.0
12.520257,6.4433894,1.4715357,6.0768676,48.536285
7.38832,4.953237,1.1363648,2.435083,32.958546
0.0,1.1424127,1.4300512,1.1424127,114241260.0
0.0,10.945774,1.3107245,10.945774,1094577400.0
7.029858,4.594276,0.9234504,2.4355822,34.646248
11.484277,9.8507,2.5365467,1.6335764,14.22446
0.0,3.315144,1.2367432,3.315144,331514400.0
6.979922,6.4086633,1.8650975,0.57125854,8.184312
1.4129449,3.9198833,2.16962,2.5069385,177.42648
39.61833,30.326048,1.9047621,9.29228,23.454498
8.11087,10.49288,4.7180276,2.3820095,29.368113
2.749322,6.714332,1.2592608,3.9650102,144.21774
0.0,0.0,0.9880305,0.0,0.0
2.7052279,7.9673586,1.6747379,5.2621307,194.5171
11.452898,9.426236,4.21144,2.0266619,17.695625
0.0,3.2701569,1.23409,3.2701569,327015680.0
18.609222,9.496205,1.231541,9.113017,48.970432
0.0,0.0,1.0650275,0.0,0.0
26.679516,8.867407,0.99940014,17.812109,66.76324
15.8895,7.7988772,1.4541132,8.090622,50.91804
7.0261526,4.5092387,0.95235646,2.516914,35.82208
0.0,0.0,1.2727672,0.0,0.0
0.0,0.0,1.2487514,0.0,0.0
1.5806118,4.3651414,1.0409287,2.7845297,176.16785
10.524576,7.3217216,1.2745725,3.2028546,30.432148
0.0,2.3188496,1.3663363,2.3188496,231884940.0
7.5226927,6.7359734,1.4986619,0.7867193,10.457949
9.281101,10.819499,4.693872,1.5383978,16.575596
0.0,0.7605977,0.97259074,0.7605977,76059770.0
7.826634,5.269867,1.3500044,2.556767,32.66752
0.0,0.5631232,1.558737,0.5631232,56312324.0
0.0,1.9098206,1.1669822,1.9098206,190982060.0
9.380402,6.883072,0.992255,2.4973297,26.622845
1.1995543,6.675766,1.7653567,5.4762115,456.5205
0.0,0.0,1.8100407,0.0,0.0
13.109314,8.153818,1.1986302,4.955496,37.80134
8.275099,9.554693,5.122524,1.2795944,15.463192
0.0,0.69722223,1.2084267,0.69722223,69722220.0
8.528669,8.757586,1.2391475,0.22891617,2.6840785
0.0,0.0,1.7766377,0.0,0.0
0.0,0.0,1.2680334,0.0,0.0
5.5873585,13.947063,1.4184518,8.359705,149.6182
0.0,0.0,1.3829885,0.0,0.0
11.601925,13.485682,1.3313984,1.8837566,16.236588
39.492916,35.177444,1.4633014,4.3154716,10.927205
10.185962,10.13703,2.1579049,0.048932076,0.4803874
0.0,8.692598,1.3355271,8.692598,869259840.0
0.0,0.0,1.1374075,0.0,0.0
30.689173,14.661623,1.4363766,16.02755,52.22542
7.98426,3.6079655,1.326528,4.3762946,54.811523
7.1876235,7.101141,1.3113109,0.086482525,1.2032144
0.0,3.586389,1.5073926,3.586389,358638900.0
0.0,0.0,1.159978,0.0,0.0
0.0,0.0,1.80821,0.0,0.0
21.15553,21.571354,1.7583003,0.41582298,1.9655521
4.1585507,4.943637,1.0356648,0.78508615,18.87884
4.440892e-14,5.454246,1.4966694,5.454246,545424640.0
122.755844,118.1529,1.5162826,4.6029434,3.7496736
0.0,3.1631713,1.1164447,3.1631713,316317150.0
0.0,0.0,1.399172,0.0,0.0
20.69873,16.70289,1.462677,3.99584,19.30476
0.0,2.3173394,2.0477202,2.3173394,231733950.0
0.0,0.0,1.3149263,0.0,0.0
0.0,6.3120084,1.6720976,6.3120084,631200900.0
2.9672763,5.5438876,4.698548,2.5766113,86.83422
28.650434,18.358723,1.7481289,10.291712,35.921658
0.0,3.0036416,1.188944,3.0036416,300364160.0
0.0,0.0,1.7289791,0.0,0.0
7.026367,4.077554,0.99140495,2.948813,41.967815
14.500064,10.995094,2.4976206,3.5049696,24.172096
0.784394,4.8156953,1.4400434,4.0313015,513.93835
5.079189,5.878296,1.5679265,0.7991071,15.732966
0.0,0.0,1.3052489,0.0,0.0
0.0,4.426124,3.1997397,4.426124,442612380.0
7.3720965,5.8655596,1.6146599,1.506537,20.435665
9.3202915,8.886588,3.9033089,0.43370342,4.6533246
0.0,2.3589854,0.92748266,2.3589854,235898540.0
0.0,0.18566322,1.1097422,0.18566322,18566322.0
12.119003,0.46854734,1.2324747,11.650455,96.13377
46.651638,16.48725,1.4335108,30.164389,64.6588
11.336251,5.878871,0.967649,5.4573803,48.14096
0.0,9.501235,1.0194285,9.501235,950123460.0
2.3324213,3.2827969,1.9818634,0.95037556,40.746307
18.430864,9.960306,1.4565214,8.470558,45.95855
158.82053,168.69191,1.5534008,9.871384,6.215433
12.420368,8.58155,1.7216396,3.8388186,30.907446
8.852775,10.34438,1.2288643,1.4916058,16.84902
0.0,0.0,0.9115448,0.0,0.0
34.582558,42.55511,1.4413832,7.9725533,23.053682
12.318143,7.7275405,1.0670885,4.5906024,37.267002
0.0,2.3493829,1.1516294,2.3493829,234938290.0
4.1906037,4.3451214,0.94840074,0.15451765,3.6872408
28.086058,19.4862,1.4131498,8.599857,30.619667
3.448512,8.353235,1.0405109,4.904723,142.22723
173.2411,129.63388,4.1073008,43.607224,25.171406
0.0,10.14024,2.198084,10.14024,1014024000.0
4.926755,7.4718537,1.5914406,2.5450988,51.658722
0.0,0.0,1.375023,0.0,0.0
6.684333,9.1998625,1.0373229,2.5155296,37.63322
5.223886,5.5672936,1.7685535,0.34340763,6.5737963
11.123849,8.282011,2.895655,2.841838,25.547253
10.924158,13.808912,2.6277626,2.8847542,26.407106
0.0,6.015515,1.7284513,6.015515,601551500.0
0.0,0.0,1.221692,0.0,0.0
2.2904546,0.0,2.446149,2.2904546,100.0
60.231266,16.49835,1.9762881,43.732918,72.60834
4.811119,9.56487,1.6952615,4.753751,98.807594
0.0,0.0,2.3145728,0.0,0.0
5.222513,8.82761,1.098985,3.6050968,69.02992
11.078809,9.718344,4.789831,1.360465,12.279886
21.810661,17.648523,1.2443638,4.162138,19.083044
31.131922,27.059065,1.6965976,4.072857,13.082575
1.4664252,10.331543,1.5191398,8.865118,604.53937
0.0,0.046895504,1.0518291,0.046895504,4689550.5
5.7816477,3.0356665,1.0171818,2.7459812,47.494785
6.561374,9.310497,1.420282,2.749123,41.89859
4.694224,4.620466,1.4827462,0.07375765,1.5712427
97.29391,99.372765,3.1198368,2.0788574,2.136678
0.0,5.3160896,1.2692436,5.3160896,531608960.0
0.0,0.0,1.6038976,0.0,0.0
0.0,1.6091752,1.2146327,1.6091752,160917520.0
0.0,0.0,1.4839485,0.0,0.0
9.610667,6.6110206,1.2592865,2.9996467,31.211637
14.808831,18.7927,1.6535913,3.9838686,26.90198
0.0,0.009209633,1.820971,0.009209633,920963.3
10.118144,7.024616,1.1055837,3.0935283,30.574066
28.137907,12.699016,1.1971072,15.438891,54.868656
15.506958,9.628105,1.3404573,5.878853,37.911064
0.0,5.451403,0.94080347,5.451403,545140350.0
4.020828,4.561736,1.4654902,0.54090834,13.4526615
0.0,0.0,1.2233123,0.0,0.0
0.0,3.6954732,1.0471985,3.6954732,369547330.0
0.0,0.0,1.4754319,0.0,0.0
9.16529,8.730127,1.4958293,0.43516254,4.747941
0.0,2.4042115,2.4130893,2.4042115,240421150.0
19.537292,10.84791,1.4339272,8.689383,44.47588
10.092098,11.958599,2.3918316,1.8665009,18.494677
0.0,0.0,1.1337088,0.0,0.0
16.250582,13.342485,1.3804561,2.9080963,17.895336
99.117546,126.070694,2.7883828,26.953148,27.193113
8.1430025,12.383623,3.4723008,4.2406206,52.07687
17.6279,14.363462,1.4255694,3.2644367,18.51858
0.0,0.86990595,1.3414081,0.86990595,86990590.0
13.854351,7.7829432,0.9680589,6.071408,43.823112
0.0,0.0,2.4284773,0.0,0.0
3.1723742,1.1954179,2.852903,1.9769564,62.31788
0.0,1.2136331,1.5998474,1.2136331,121363304.0
5.3179064,6.3266816,2.0785403,1.0087752,18.969406
2.1324966,1.6333189,2.0901592,0.4991777,23.408136
100.40168,94.14235,2.8012764,6.2593307,6.234289
13.885715,14.34907,5.184861,0.46335506,3.336919
0.0,0.0,2.8472195,0.0,0.0
0.0,0.0,1.6193953,0.0,0.0
0.0,1.9316592,1.709799,1.9316592,193165920.0
11.270949,8.439798,2.9839282,2.831151,25.119013
9.520224,10.780439,2.7124257,1.2602158,13.237249
11.822119,8.656631,2.1506386,3.1654873,26.775974
0.0,2.4805846,1.3076053,2.4805846,248058460.0
8.119421,8.323658,1.4197649,0.20423698,2.515413
25.197838,17.657259,0.9458119,7.540579,29.925499
0.0,0.0,1.3383939,0.0,0.0
0.0,4.8409066,2.0286024,4.8409066,484090660.0
0.0,1.8137484,1.2014062,1.8137484,181374830.0
0.0,0.0,1.3200107,0.0,0.0
0.0,0.3387971,1.0731637,0.3387971,33879708.0
22.608238,18.842474,3.5223908,3.7657642,16.6566
0.21508619,3.9741435,1.0046747,3.7590573,1747.6981
0.0,0.0,1.2633127,0.0,0.0
0.0,0.0,1.1311234,0.0,0.0
0.0,2.575355,1.2927092,2.575355,257535490.0
8.161884,8.108944,1.4035213,0.05294037,0.64862925
14.461739,12.342295,3.4512408,2.119444,14.655527
0.0,3.1053185,1.0001489,3.1053185,310531870.0
3.566783,3.4602828,1.0686148,0.10650015,2.9858882
0.0,0.0,1.0665781,0.0,0.0
73.94431,46.163815,1.7022878,27.780499,37.569485
0.0,0.8057389,0.9706306,0.8057389,80573890.0
11.017472,12.697247,1.4069648,1.6797743,15.246458
8.197948,8.886827,1.3271827,0.688879,8.403066
3.768879,8.480889,1.1281949,4.7120104,125.02419
0.0,0.0,1.0108579,0.0,0.0
4.670498,0.0,4.1630435,4.670498,100.0
0.0,0.0,4.3239226,0.0,0.0
57.039864,46.10798,2.459107,10.931885,19.165342
0.0,3.8910594,1.6960218,3.8910594,389105920.0
0.0,4.6500673,1.2940409,4.6500673,465006750.0
2.0344656,3.6097937,1.4277211,1.5753281,77.43204
0.0,5.808181,1.1571431,5.808181,580818050.0
4.9620175,8.484264,1.523939,3.5222468,70.98416
1.2739708,6.9541535,1.6010952,5.6801825,445.8644
0.0,5.005059,1.5182612,5.005059,500505900.0
0.0,0.0,1.2362064,0.0,0.0
3.9122875,6.0602984,2.3733187,2.148011,54.90422
2.198324,6.580725,1.4786783,4.3824015,199.35194
9.809476,4.961882,1.3769152,4.847594,49.417458
44.906517,31.335993,1.3131183,13.570524,30.219498
0.0,2.497125,1.0798416,2.497125,249712500.0
5.09852,7.8512797,2.8092074,2.75276,53.991356
0.0,2.1963525,1.7181064,2.1963525,219635250.0
11.925462,8.7519655,4.8666863,3.1734962,26.611095
0.0,6.002782,1.760365,6.002782,600278200.0
0.0,0.74688864,1.5003982,0.74688864,74688860.0
0.0,0.0,1.2827773,0.0,0.0
7.6343074,6.1894994,1.3974279,1.444808,18.925201
7.622694,7.4927235,1.0733627,0.12997055,1.7050475
7.4062705,6.6731777,1.3227936,0.7330928,9.8982725
0.0,0.0,1.1381292,0.0,0.0
5.416316,9.825438,1.5022993,4.4091215,81.404434
9.452612,4.2672625,0.9144351,5.1853495,54.856262
1.4227659,3.8993344,1.9252564,2.4765687,174.0672
0.0,14.935144,1.526247,14.935144,1493514400.0
0.0,4.325644,1.5351906,4.325644,432564380.0
0.0,10.327766,1.5448406,10.327766,1032776640.0
0.0,0.0,1.3420187,0.0,0.0
18.471188,21.462124,1.2907099,2.9909363,16.192442
4.51613,4.840241,0.94987375,0.32411098,7.1767416
0.8339222,0.0,1.495344,0.8339222,100.0
12.659131,14.647747,2.6160707,1.988616,15.708945
8.101792,11.190144,1.7441435,3.0883512,38.119358
0.0,0.0,1.7781324,0.0,0.0
0.0,4.9685287,1.2556939,4.9685287,496852860.0
22.091438,20.083939,1.3739482,2.0074997,9.08723
11.861055,11.291489,1.204472,0.5695667,4.8019905
53.005295,35.72202,2.2401118,17.283276,32.606697
0.0,0.0,1.1914824,0.0,0.0
0.0,6.6018367,1.3845936,6.6018367,660183700.0
0.0,0.0,1.7760857,0.0,0.0
0.0,5.665816,5.353967,5.665816,566581600.0
15.320905,18.199835,3.0081213,2.87893,18.790861
0.0,0.0,1.5113006,0.0,0.0
6.9582458,11.295555,0.9614923,4.3373094,62.333374
5.7838125,7.375958,1.9492575,1.5921454,27.52761
3.2780662,5.2280765,1.5491447,1.9500103,59.486607
0.0,8.118174,3.028994,8.118174,811817400.0
0.0,0.988996,1.1519598,0.988996,98899610.0
14.168471,13.2868595,1.3981116,0.8816118,6.222349
17.403852,18.081045,1.4702564,0.6771927,3.8910506
150.69775,111.92155,1.9335101,38.776207,25.731112
0.0,0.0,1.1683526,0.0,0.0
3.753428,6.006622,1.645547,2.2531939,60.030293
0.0,0.0,4.18642,0.0,0.0
0.0,1.210403,1.3293589,1.210403,121040296.0
15.240921,6.501269,1.1813849,8.739653,57.343338
0.0,0.0,3.269519,0.0,0.0
16.92401,22.175386,1.5400091,5.251377,31.029154
27.23557,12.257278,1.2576163,14.978292,54.99533
0.0,0.0,1.078311,0.0,0.0
2.942306,2.8359957,1.5331037,0.10631037,3.613165
15.613926,10.268229,1.0133737,5.3456974,34.23673
7.605471,5.232515,1.1002104,2.3729563,31.200647
0.0,4.434072,1.1192422,4.434072,443407200.0
4.876801,5.5042973,1.2538722,0.62749624,12.866964
4.684193,9.319202,1.1171006,4.6350093,98.950005
0.0,0.0,1.5054466,0.0,0.0
0.0,1.7029886,0.97766364,1.7029886,170298860.0
0.0,5.982093,0.96780366,5.982093,598209300.0
10.6321745,5.250937,1.5496427,5.3812375,50.612766
9.318714,4.648214,1.2375356,4.6705003,50.11958
0.0,0.0,1.3213264,0.0,0.0
0.0,0.0,1.059562,0.0,0.0
0.0,6.735286,1.7353871,6.735286,673528640.0
2.5828712,5.568016,1.63483,2.9851449,115.57468
6.1128573,5.5516763,1.5358986,0.56118107,9.18034
16.807608,17.396788,1.2983319,0.58918,3.5054364
0.0,0.0,0.99255574,0.0,0.0
0.0,0.8384166,1.0334488,0.8384166,83841656.0
0.0,4.045265,1.1588182,4.045265,404526530.0
60.503597,40.91771,1.9637787,19.585888,32.371445
8.396258,3.867622,1.0268853,4.5286365,53.936363
21.32519,18.245607,1.3567551,3.0795822,14.441054
7.987911,6.9195557,2.6189935,1.0683556,13.374655
0.0,0.0,3.238741,0.0,0.0
0.0,4.127718,1.3486998,4.127718,412771780.0
4.7195816,8.974522,3.397272,4.25494,90.15503
46.49873,15.407858,1.7598834,31.090872,66.863914
0.0,11.230507,1.5979106,11.230507,1123050600.0
0.0,3.7238965,1.0599525,3.7238965,372389660.0
0.0,1.8536115,1.0734187,1.8536115,185361150.0
3.5734177,11.46722,1.7441008,7.8938026,220.90344
0.0,0.0,1.6098391,0.0,0.0
0.0,0.0,1.11535,0.0,0.0
10.52393,7.7255216,5.2255073,2.798408,26.590902
10.198492,8.163175,1.9600197,2.0353174,19.957043
9.35909,8.496885,1.1706848,0.86220455,9.212483
28.215197,10.383368,1.3511442,17.83183,63.19938
0.0,0.38045645,1.1467698,0.38045645,38045650.0
0.0,0.0,2.0106277,0.0,0.0
0.0,4.4107304,1.3170909,4.4107304,441073020.0
12.879525,11.378061,3.0708165,1.5014639,11.657759
5.153124,3.8910747,1.0506008,1.2620492,24.490953
0.0,7.97183,1.3261476,7.97183,797183000.0
0.0,5.2014422,0.9117655,5.2014422,520144220.0
13.191105,8.426106,1.1960344,4.7649984,36.122814
0.0,0.0,1.3384523,0.0,0.0
0.0,0.0,1.3182336,0.0,0.0
9.189798,7.1184998,1.1030499,2.0712986,22.539108
0.0,0.0,1.1356622,0.0,0.0
0.16748454,1.179502,1.0895473,1.0120175,604.24536
5.409936,4.3758397,1.0384631,1.0340962,19.11476
3.7223938,3.1081452,2.5274568,0.6142485,16.501438
9.020131,5.8035007,0.90995103,3.2166305,35.660576
0.0,3.2023842,1.494523,3.2023842,320238430.0
0.0,0.0,3.5305743,0.0,0.0
0.0,0.0,1.3291522,0.0,0.0
15.441942,17.757586,1.7467989,2.3156433,14.995804
0.0,0.0,2.8500843,0.0,0.0
1.7154688,7.294077,1.0978059,5.578608,325.19437
1.2854638,3.2808766,1.3680475,1.9954128,155.22902
0.0,2.7679286,1.1739119,2.7679286,276792830.0
0.0,0.9221854,1.0982063,0.9221854,92218540.0
9.76913,9.689383,1.5588025,0.0797472,0.81631833
0.0,8.806963,1.758565,8.806963,880696300.0
0.0,0.948833,1.8512788,0.948833,94883304.0
10.996101,9.613937,2.1116006,1.382164,12.569582
14.8421955,12.145098,1.3475503,2.6970978,18.171825
0.0,0.0,1.301929,0.0,0.0
26.279202,18.583351,1.6518567,7.6958504,29.284946
0.0,4.0383463,1.5269142,4.0383463,403834620.0
11.587646,8.662883,5.201818,2.9247627,25.240353
0.0,0.0,1.1716042,0.0,0.0
0.0,0.0,1.7417672,0.0,0.0
0.0,3.0312576,1.3355122,3.0312576,303125760.0
2.859958,1.3202605,2.5767598,1.5396974,53.836365
0.0,0.0,1.2622471,0.0,0.0
13.296737,6.3105474,2.6414335,6.9861894,52.540634
0.0,0.0,1.1421267,0.0,0.0
0.0,2.0352254,4.72588,2.0352254,203522540.0
0.0,0.0,1.994684,0.0,0.0
0.0,3.8242178,1.125374,3.8242178,382421800.0
0.0,0.0,1.1144509,0.0,0.0
0.0,0.0,1.2963934,0.0,0.0
4.416737,7.5013475,5.1739254,3.0846105,69.83913
14.253334,11.74048,1.978775,2.5128536,17.629936
10.789033,12.611856,5.2564354,1.8228235,16.895151
9.211592,8.101485,1.4446355,1.1101065,12.051191
16.411745,10.524599,2.0308318,5.887146,35.87154
5.8237867,6.4750514,1.3791249,0.65126467,11.182838
0.0,0.0,1.368607,0.0,0.0
0.0,4.9766717,2.4601612,4.9766717,497667170.0
7.1965876,9.028261,1.9887711,1.8316736,25.451973
11.429312,11.052294,1.6351554,0.37701797,3.2986937
9.963031,6.2795587,1.3849964,3.6834722,36.971405
0.0,5.102854,1.2999475,5.102854,510285380.0
0.0,2.5168319,1.7108061,2.5168319,251683180.0
2.9362023,5.253796,1.1295812,2.3175938,78.93168
0.0,0.0,1.30314,0.0,0.0
34.864616,18.463516,1.5298002,16.4011,47.042248
114.91311,109.89103,3.1866424,5.0220795,4.370328
0.0,3.7947488,1.6254402,3.7947488,379474880.0
0.0,1.3286262,1.109033,1.3286262,132862610.0
7.0350704,0.47021818,1.1313401,6.564852,93.316086
0.0,0.0,1.3757546,0.0,0.0
0.0,0.0,1.2324259,0.0,0.0
8.275049,8.262479,1.6254003,0.012570381,0.15190703
1.1426132,5.120794,1.5788271,3.9781806,348.16513
12.385687,8.381199,1.5199631,4.004488,32.331577
6.6363163,7.9929843,1.1265928,1.356668,20.443087
22.803524,15.023531,1.4117832,7.779993,34.117504
60.664066,61.92232,2.411595,1.258255,2.0741355
16.21388,24.211422,1.4167619,7.9975414,49.325275
0.0,0.0,1.143245,0.0,0.0
0.0,0.0,1.2124205,0.0,0.0
0.0,0.0,1.4556563,0.0,0.0
9.5964575,15.28462,5.0618873,5.688163,59.273567
12.412856,9.548706,1.0437614,2.86415,23.074062
8.0345745,12.471079,1.3735005,4.4365044,55.217667
10.145784,7.2247787,1.1998621,2.9210057,28.79034
9.481879,8.314472,1.5427315,1.167407,12.31198
0.0,8.313112,1.4872199,8.313112,831311200.0
0.0,3.5486617,2.791808,3.5486617,354866180.0
0.0,9.469406,1.8723172,9.469406,946940600.0
0.0,0.0,2.110049,0.0,0.0
3.3931515,5.3019295,1.0933193,1.908778,56.253838
7.5981956,9.250903,3.8726392,1.6527076,21.751316
10.710457,11.089972,1.1902844,0.3795147,3.5434034
29.894653,18.869736,1.8825133,11.024918,36.879227
0.0,0.0,1.8636217,0.0,0.0
0.0,0.0,1.0905569,0.0,0.0
7.9518056,7.4050307,4.1131287,0.54677486,6.8761096
0.0,1.6710343,1.3528801,1.6710343,167103440.0
7.6722775,9.847408,1.5179169,2.1751308,28.350525
1.0925795,2.4136786,2.0125132,1.3210992,120.9156
0.0,3.4783516,1.0813684,3.4783516,347835140.0
0.0,0.0,1.5959938,0.0,0.0
3.6350436,4.8202653,1.1634079,1.1852217,32.605434
0.0,0.96308136,1.151024,0.96308136,96308136.0
7.4319777,6.879546,1.5183868,0.5524316,7.4331703
0.0,0.0,1.2638501,0.0,0.0
0.0,9.190546,1.4488497,9.190546,919054660.0
12.9528885,5.4099574,0.9707289,7.542931,58.23358
8.905553,8.261323,1.6528003,0.6442299,7.2340245
0.0,0.0,1.1423947,0.0,0.0
2.5926015,13.197512,1.4379233,10.60491,409.0451
5.359701,5.575028,1.0498471,0.21532679,4.0175147
0.0,4.357063,1.2802397,4.357063,435706270.0
0.0,0.0,1.6852963,0.0,0.0
18.73069,12.24942,4.2165847,6.48127,34.602406
15.368215,2.0181665,1.0053929,13.350048,86.86791
1.703133,0.0,1.5118394,1.703133,100.0
0.0,6.358558,1.2955891,6.358558,635855800.0
84.56725,94.93647,2.8494794,10.369217,12.261503
11.536451,23.088558,1.2601897,11.552107,100.135704
0.0,0.0,2.4877632,0.0,0.0
8.639735,8.564868,1.6741616,0.07486725,0.8665456
7.887868,4.102042,1.0700961,3.7858257,47.995552
2.4979286,6.546033,1.2819861,4.0481043,162.05844
16.551023,15.026878,1.2291266,1.5241451,9.208767
0.0,1.3995023,1.1265978,1.3995023,139950220.0
7.2081094,9.315681,4.055572,2.107572,29.238901
20.939217,19.409595,1.4443853,1.5296211,7.305054
9.229457,3.9288125,1.1831588,5.3006444,57.431812
53.463654,56.45379,4.0733757,2.9901352,5.5928373
0.0,0.0,1.0424879,0.0,0.0
0.0,0.67862606,1.2642719,0.67862606,67862610.0
17.001585,9.195017,1.1940929,7.806568,45.916706
21.738132,13.888311,1.1530042,7.849821,36.110836
9.301405,7.370085,1.1781968,1.9313202,20.763746
6.016638,4.9537997,1.5540496,1.0628381,17.664984
7.1289854,7.270545,2.0547638,0.1415596,1.9856907
0.0,0.0,0.93838173,0.0,0.0
48.41926,33.892815,1.2459484,14.5264435,30.001375
0.0,0.0,1.4835879,0.0,0.0
22.164978,10.659786,1.0367527,11.505192,51.907074
5.332457,7.4157157,3.1936765,2.0832586,39.06752
24.984097,8.939294,2.4435308,16.044804,64.22007
8.276871,8.826931,1.8616054,0.5500603,6.6457515
10.189252,5.6982007,4.773704,4.491051,44.07636
0.0,0.0,1.5403986,0.0,0.0
9.076304,9.031023,1.8889184,0.04528141,0.498897
0.0,1.667973,0.97278094,1.667973,166797300.0
0.0,13.952224,1.5398779,13.952224,1395222400.0
1.7959752,4.370744,1.053171,2.574769,143.36328
0.0,2.2047591,3.8226507,2.2047591,220475900.0
0.0,1.197681,1.8912439,1.197681,119768100.0
5.703379,4.355305,1.3441567,1.348074,23.63641
3.864439,14.512205,1.296311,10.647766,275.532
2.9149003,5.7021184,3.1649597,2.787218,95.61967
0.0,2.1940129,4.611341,2.1940129,219401300.0
0.0,0.0,1.271579,0.0,0.0
118.28234,121.639015,1.8626077,3.3566742,2.837849
143.6711,141.01437,1.384433,2.656723,1.8491701
6.3969183,7.6640463,1.9350098,1.267128,19.808413
13.912405,15.520437,1.1036273,1.6080322,11.558262
0.0,3.6392455,1.0625666,3.6392455,363924580.0
17.581625,13.268812,1.4133624,4.312813,24.53023
0.0,0.0,1.418923,0.0,0.0
6.566144,4.613257,1.134079,1.952887,29.741764
0.0,0.0,3.2319047,0.0,0.0
7.331322,11.30448,3.1950724,3.9731574,54.194283
16.508757,5.569031,5.184679,10.939726,66.2662
12.172225,11.747562,2.7401054,0.4246626,3.4887836
10.022052,10.877171,1.5691189,0.85511875,8.5323715
0.0,2.3068395,1.4115319,2.3068395,230683950.0
0.0,2.6074204,1.6834925,2.6074204,260742030.0
0.0,0.0,1.4497644,0.0,0.0
7.346038,10.897886,1.2502626,3.5518484,48.350533
0.0,0.0,1.3582283,0.0,0.0
14.474044,10.730658,1.9820231,3.7433863,25.862753
6.661338e-14,6.067797,1.5584146,6.067797,606779700.0
9.455549,6.4111466,1.5170554,3.0444026,32.19699
0.0,0.5898075,1.6809033,0.5898075,58980750.0
1.6495639,2.9073062,1.1043884,1.2577423,76.246956
10.534334,9.4296055,1.6736277,1.1047287,10.486935
0.0,1.9874244,1.3597981,1.9874244,198742430.0
0.0,4.2903843,0.97663885,4.2903843,429038430.0
1.2235026,11.091597,2.0321758,9.8680935,806.5445
11.051775,8.541604,3.4385798,2.510171,22.71283
2.433032,4.9114056,1.3196255,2.4783735,101.86358
22.525972,18.56034,1.1948706,3.9656315,17.604708
8.350378,8.776841,1.6055989,0.42646313,5.1071115
0.0,0.0,0.967713,0.0,0.0
4.2433376,6.486788,1.3192729,2.2434502,52.86994
12.947256,6.4563804,1.3064152,6.4908757,50.133217
1.625203,6.253185,0.9684528,4.6279817,284.76328
19.568945,21.371496,4.9619436,1.8025513,9.211285
1.8029687,2.6507168,0.9494299,0.84774804,47.01956
17.43251,12.342739,1.8250196,5.0897713,29.197006
11.208454,7.3217807,1.2888362,3.8866735,34.67627
0.0,2.8455882,1.0387937,2.8455882,284558820.0
0.0,0.0,1.5393527,0.0,0.0
0.0,0.46757317,1.3253671,0.46757317,46757316.0
4.004445,7.5234265,1.3829216,3.5189815,87.87688
13.317113,7.070253,1.1225816,6.24686,46.908512
0.0,1.7400141,1.4716108,1.7400141,174001400.0
0.0,3.2254162,0.9998848,3.2254162,322541630.0
0.0,0.0,0.99862784,0.0,0.0
24.970041,42.0074,1.5496796,17.03736,68.2312
0.0,0.0,0.9866396,0.0,0.0
19.115686,7.8682637,1.4714437,11.247423,58.83871
0.0,5.2730784,1.4423687,5.2730784,527307870.0
8.58603,9.68824,1.4500853,1.10221,12.83725
0.0,3.9923787,1.5502266,3.9923787,399237900.0
0.0,10.30382,1.615891,10.30382,1030381950.0
2.3560784,4.3100734,0.989538,1.953995,82.93421
0.0,0.0,1.5206656,0.0,0.0
0.0,7.2216964,1.3513862,7.2216964,722169600.0
13.983098,7.936703,1.4106412,6.046395,43.240738
0.0,2.9534507,1.6161582,2.9534507,295345060.0
7.4700623,5.5593123,1.4940022,1.9107499,25.57877
0.0,0.0,1.2336633,0.0,0.0
13.165298,2.9815755,1.2213882,10.183723,77.35277
0.0,1.7154489,1.6260134,1.7154489,171544900.0
4.051255,6.531505,1.0672181,2.48025,61.221764
21.420284,18.525991,1.1550362,2.8942928,13.511926
5.5194554,13.467237,1.5081997,7.947782,143.99576
0.0,8.996853,1.5938836,8.996853,899685300.0
0.0,0.43136168,1.090235,0.43136168,43136170.0
8.554698,7.5771613,4.1078405,0.9775367,11.426899
45.00874,71.14914,1.8666042,26.1404,58.0785
0.0,0.44376326,1.1712728,0.44376326,44376330.0
0.35915995,6.5808215,1.1727456,6.2216616,1732.2815
129.59674,136.14493,1.5313536,6.5481873,5.0527406
5.1706057,7.098311,1.5783511,1.9277053,37.282
0.0,5.208424,1.0796473,5.208424,520842400.0
0.0,0.0,1.7909524,0.0,0.0
15.276162,3.6043353,1.0977876,11.671827,76.405495
0.0,2.2186766,1.4115096,2.2186766,221867660.0
21.380718,15.695583,1.5801947,5.685135,26.59001
0.0,0.0,1.0993892,0.0,0.0
2.6176069,4.132136,1.9224858,1.514529,57.8593
5.4490385,4.071276,0.95411724,1.3777623,25.284502
13.047152,8.017403,1.2879932,5.029749,38.550552
15.762627,14.781294,4.817305,0.9813328,6.225693
9.267892,4.4788823,0.9495203,4.7890096,51.67313
2.8438652,2.6918025,2.381381,0.15206265,5.3470416
8.910806,9.443071,2.5034995,0.53226566,5.973261
0.0,6.2492476,0.99719816,6.2492476,624924740.0
0.0,5.549468,1.301296,5.549468,554946750.0
0.0,0.0,1.2677904,0.0,0.0
21.767277,16.153444,1.4544864,5.6138325,25.790237
9.139403,5.6472855,1.4106966,3.492118,38.209473
7.123136,4.0098295,1.1458455,3.1133065,43.706966
0.0,3.863516,1.2345853,3.863516,386351600.0
12.341532,6.4615555,0.9339126,5.8799763,47.64381
12.409676,10.559171,5.2950797,1.8505049,14.911791
173.2815,138.21867,1.6261014,35.06282,20.234602
8.7159815,9.94634,1.8164647,1.2303581,14.116117
13.886919,6.5512624,1.1777426,7.3356566,52.82422
21.734259,10.752108,1.1847239,10.982151,50.529217
24.342064,22.026413,1.4825256,2.315651,9.51296
7.5067177,8.625879,1.4014589,1.1191616,14.908801
0.0,5.7014503,1.5398438,5.7014503,570145000.0
12.507694,11.08763,2.7955399,1.420064,11.353523
0.0,0.0,1.6011851,0.0,0.0
5.9868507,9.72505,1.7676376,3.7381992,62.44016
8.308161,13.455006,2.1641314,5.146845,61.949272
0.0,0.4775319,1.1444823,0.4775319,47753188.0
0.0,5.198343,1.2831862,5.198343,519834300.0
8.426297,2.6234565,1.2244803,5.8028407,68.865845
5.9757566,5.884542,1.2206869,0.09121466,1.5264119
34.71939,28.675104,2.5934052,6.0442867,17.408964
11.416969,6.298121,1.0277969,5.1188483,44.835438
0.0,0.0,1.5317297,0.0,0.0
0.0,0.0,1.4527898,0.0,0.0
0.0,0.264647,1.2847371,0.264647,26464700.0
0.0,0.0,1.2024678,0.0,0.0
0.0,0.0,1.5194002,0.0,0.0
0.0,11.365906,4.3735323,11.365906,1136590600.0
2.7851431,4.7362723,1.0047354,1.9511292,70.05489
6.8832912,4.2432194,1.379801,2.6400719,38.354794
7.995503,7.2204514,1.6782261,0.7750516,9.693594
0.0,1.1861205,1.4169705,1.1861205,118612056.0
0.0,6.4593396,1.5228115,6.4593396,645933950.0
4.2575035,0.7494502,1.4040973,3.5080533,82.39696
0.0,5.4038615,1.4055202,5.4038615,540386200.0
0.0,10.30485,1.3243161,10.30485,1030485000.0
0.0,0.0,1.2250059,0.0,0.0
0.7296904,3.7359974,1.4922918,3.0063071,411.99762
36.343822,35.642357,4.4276342,0.7014656,1.9300821
0.0,4.9143176,2.1327696,4.9143176,491431780.0
4.9798822,4.1238017,1.1209408,0.85608053,17.190779
6.1163235,8.329639,1.7268167,2.213316,36.187035
34.566788,26.566082,1.8674971,8.000706,23.145643
2.1378458,6.5383677,1.2599951,4.400522,205.83908
0.0,2.2538729,1.1247603,2.2538729,225387280.0
0.0,6.2984357,1.5243425,6.2984357,629843600.0
14.918719,7.0058475,1.0376759,7.912872,53.039886
0.0,1.196363,1.197312,1.196363,119636296.0
0.0,1.8020835,1.7207338,1.8020835,180208340.0
75.82574,84.08316,2.0200295,8.257423,10.89
0.0,0.0,1.3524514,0.0,0.0
4.1874623,9.059147,1.6527704,4.8716846,116.33978
127.554985,115.26172,3.5183973,12.293266,9.637622
0.0,9.036312,1.138042,9.036312,903631200.0
15.159189,7.484324,1.0197259,7.6748652,50.628468
3.987695,6.0580196,2.227953,2.0703247,51.91783
13.102086,6.657394,1.1004071,6.444692,49.188293
23.583395,17.670572,2.9418485,5.9128227,25.071976
5.2915783,8.249644,1.1236268,2.958066,55.901394
50.20562,20.150406,1.2969464,30.055214,59.864243
0.0,3.400498,5.1348267,3.400498,340049800.0
2.8574731,4.3376145,1.0374616,1.4801414,51.79896
0.0,0.0,2.0355425,0.0,0.0
12.638782,3.7922642,1.6691486,8.846518,69.99502
8.715356,6.48981,1.6956395,2.225546,25.535915
2.6557393,8.1535,1.282842,5.4977603,207.0143
14.151261,8.683038,1.1768694,5.4682236,38.641247
6.121654,16.397196,1.408839,10.275541,167.85562
13.63404,5.9435687,0.98606235,7.690471,56.406403
4.7952394,6.798685,4.7103653,2.0034456,41.77989
0.0,0.0,1.410082,0.0,0.0
7.644356,4.4066257,1.0958216,3.23773,42.35452
0.0,0.0,1.051645,0.0,0.0
0.0,0.13377333,1.956504,0.13377333,13377333.0
0.0,1.9223323,0.9872706,1.9223323,192233230.0
0.0,4.761379,1.2839686,4.761379,476137900.0
11.4737425,5.4361086,0.96663135,6.037634,52.62131
19.770254,16.517765,3.7553847,3.252489,16.451427
0.0,0.0,1.136155,0.0,0.0
0.0,0.0,1.4169348,0.0,0.0
0.0,0.0,1.1559317,0.0,0.0
115.99773,130.20435,2.530872,14.206619,12.247325
0.0,3.9030848,0.9465497,3.9030848,390308480.0
176.79927,167.0632,1.5072161,9.736069,5.506849
9.474394,12.009855,1.9899005,2.5354614,26.7612
9.940109,7.0187984,1.2079128,2.921311,29.389124
0.0,0.0,1.3004037,0.0,0.0
0.0,0.0,1.4147295,0.0,0.0
0.0,14.101339,1.4896188,14.101339,1410133900.0
8.433207,8.605976,1.655154,0.17276955,2.0486815
8.384073,5.5919156,1.1194024,2.7921576,33.303116
4.9692426,4.9487243,1.8378005,0.020518303,0.41290605
0.0,4.658562,1.1186916,4.658562,465856220.0
0.0,1.6597867,1.0480897,1.6597867,165978670.0
6.3644547,6.3958483,2.3280706,0.031393528,0.49326342
53.11606,55.271458,1.4418569,2.1553993,4.057905
0.0,2.393725,1.6151909,2.393725,239372500.0
57.688103,44.595467,1.372075,13.092636,22.695559
0.0,2.3193622,1.9803393,2.3193622,231936220.0
8.375891,7.072006,4.4537725,1.3038845,15.567116
11.02356,10.024864,1.0250131,0.9986954,9.059645
0.0,10.907759,1.3952355,10.907759,1090775900.0
4.705295,5.1770825,1.1927912,0.47178745,10.026734
0.0,5.231796,0.9351902,5.231796,523179550.0
18.882467,15.248096,1.6142743,3.6343708,19.24733
9.725601,8.621254,1.5592338,1.1043472,11.355054
85.61985,83.85084,3.819109,1.7690125,2.0661242
1.1662637,2.8258152,1.6332337,1.6595515,142.29642
50.915962,34.299274,2.0079129,16.616688,32.635517
0.0,0.8929181,1.6340632,0.8929181,89291810.0
0.0,0.0,1.3412361,0.0,0.0
12.086159,15.722168,1.3814602,3.6360092,30.084076
0.0,3.7477908,1.3654433,3.7477908,374779070.0
0.0,0.6877742,1.8045232,0.6877742,68777420.0
0.0,0.0,1.6050174,0.0,0.0
9.87026,4.9816875,1.0070922,4.8885727,49.528305
19.477749,14.002504,2.69653,5.4752445,28.110254
5.7832294,6.6470675,2.3851492,0.8638382,14.936952
0.0,0.0,1.6985313,0.0,0.0
0.0,0.0,1.2618859,0.0,0.0
8.834954,7.7831216,2.074491,1.0518327,11.9053545
68.76641,66.88945,3.1303089,1.8769608,2.729473
0.0,7.5638137,1.4192253,7.5638137,756381400.0
0.0,6.4151697,1.545596,6.4151697,641517000.0
0.0,1.116416,1.0907063,1.116416,111641600.0
116.22798,143.05034,3.0884483,26.822357,23.077368
10.197355,8.021746,1.1269245,2.1756096,21.335037
0.0,0.0,1.5762174,0.0,0.0
0.0,1.2475209,1.2589835,1.2475209,124752090.0
0.0,3.4462748,1.1729082,3.4462748,344627500.0
1.5645337,2.8915653,1.5420254,1.3270316,84.81962
23.836882,17.596584,1.5617889,6.2402973,26.179169
10.108247,8.100932,1.0591334,2.0073147,19.858189
10.844486,5.8895507,2.0416017,4.9549356,45.69083
0.0,0.68340635,1.2294517,0.68340635,68340640.0
23.43287,20.6848,2.449432,2.7480717,11.727422
13.354298,7.929005,1.3877728,5.4252925,40.625816
12.7396345,7.3601794,1.0154946,5.379455,42.22613
0.0,0.45916605,1.7602096,0.45916605,45916604.0
20.389734,4.519476,1.3578968,15.870258,77.83456
6.109632,6.1553216,0.9735855,0.045689583,0.7478287
0.0,5.9419346,1.4895842,5.9419346,594193500.0
1.9082949,9.339796,0.9805156,7.4315014,389.4315
4.1750674,8.885706,1.0400699,4.7106385,112.82784
3.4544632,6.520242,1.383467,3.065779,88.74835
0.0,1.748136,1.3799006,1.748136,174813600.0
8.956068,8.424845,1.302192,0.5312233,5.931434
126.77536,133.60112,1.8705194,6.82576,5.3841376
3.7410526,2.7442317,3.0753813,0.9968209,26.645466
0.0,0.0,1.2664154,0.0,0.0
1.6241,4.6979885,1.8408383,3.0738885,189.2672
0.0,0.0,1.3487669,0.0,0.0
6.5571046,4.673563,0.9737373,1.8835416,28.725203
0.0,0.03651285,1.3000377,0.03651285,3651285.2
6.0734563,17.665483,1.8875417,11.592028,190.86377
0.0,3.8857083,0.94311285,3.8857083,388570850.0
37.179874,49.86935,1.6404903,12.689476,34.12996
0.0,0.0,2.612694,0.0,0.0
7.5324206,7.6860156,2.1547143,0.15359497,2.0391183
0.0,3.5959773,0.9802695,3.5959773,359597730.0
20.65746,17.95834,4.2564178,2.6991196,13.066077
2.0467074,5.129519,1.4426577,3.0828116,150.62297
9.439345,5.29133,1.3295957,4.1480155,43.94389
4.9532194,5.347124,3.2094245,0.3939047,7.9524984
0.0,5.561258,0.9619187,5.561258,556125800.0
1.5880113,8.841407,1.6991998,7.2533956,456.7597
0.0,0.0,0.9281436,0.0,0.0
10.782272,7.66526,1.452898,3.1170125,28.90868
0.0,7.7148814,1.2341665,7.7148814,771488200.0
0.0,3.477346,1.3896791,3.477346,347734600.0
8.535553,3.4383636,1.5901024,5.0971894,59.717155
0.42974576,5.282204,1.3356727,4.8524585,1129.1464
11.576217,10.221827,1.3073748,1.3543901,11.699764
0.0,0.0,1.6315821,0.0,0.0
0.0,9.129367,1.3753066,9.129367,912936700.0
7.488255,7.255138,1.491606,0.2331171,3.1131032
0.0,10.068343,1.6556553,10.068343,1006834300.0
0.0,0.0,1.5099097,0.0,0.0
0.0,0.0,1.1511333,0.0,0.0
14.47146,12.509224,1.1779127,1.9622364,13.559353
0.0,0.0,2.5122697,0.0,0.0
8.303548,3.8725286,0.9363276,4.4310193,53.362965
3.4516518,1.6539702,2.5383391,1.7976816,52.081776
25.79345,15.452551,1.2907114,10.3408985,40.091183
18.279024,14.014025,4.320127,4.2649994,23.332752
0.37817946,0.18019247,1.4601861,0.19798699,52.352654
0.0,0.939085,1.3527306,0.939085,93908504.0
11.366204,9.418701,1.2345405,1.9475031,17.134155
16.605726,10.115759,1.1772234,6.4899673,39.082706
107.86151,119.06495,1.5419723,11.203438,10.386872
0.0,1.2302108,1.4041612,1.2302108,123021080.0
0.0,0.0,2.6487365,0.0,0.0
8.554638,13.061035,4.583289,4.5063972,52.677822
0.44912106,8.9724,1.1726626,8.523278,1897.7686
13.752557,12.496823,4.307498,1.2557335,9.130909
0.0,0.27629566,1.2303938,0.27629566,27629566.0
8.195242,7.063773,1.2212266,1.1314688,13.806412
25.952595,25.108347,1.3964107,0.8442478,3.2530382
15.797247,19.512487,3.6148136,3.7152405,23.518278
16.499596,20.195654,4.294679,3.6960583,22.400902
0.0,4.0615964,2.3406527,4.0615964,406159650.0
0.0,0.0,1.3438054,0.0,0.0
7.0656333,8.853468,3.4598413,1.7878346,25.303247
0.0,0.0,1.0140916,0.0,0.0
0.0,10.055256,1.2861689,10.055256,1005525570.0
38.023834,46.76418,1.555147,8.740345,22.98649
10.11512,4.924927,1.244632,5.1901927,51.311234
0.0,0.0,0.91783386,0.0,0.0
3.0364132,6.8020177,1.1944299,3.7656045,124.01489
7.1256757,6.0951076,1.4024704,1.0305681,14.462742
4.778363,6.4759493,1.5379251,1.697586,35.526516
18.704512,17.149942,1.3679743,1.5545692,8.311199
15.957234,7.481608,1.3706785,8.475626,53.11463
74.56734,75.914154,3.164852,1.346817,1.8061756
0.0,0.0,1.7401222,0.0,0.0
9.614719,7.9988728,1.5898427,1.6158466,16.805967
14.8176365,10.115127,1.5384039,4.70251,31.735897
2.6382422,7.9701457,1.2690716,5.3319035,202.10062
0.0,1.1288381,1.4903452,1.1288381,112883810.0
30.520765,20.57104,2.2251496,9.949726,32.599857
0.0,2.533834,1.0681238,2.533834,253383400.0
0.0,0.0,1.2095389,0.0,0.0
6.4442058,7.551868,3.6949377,1.1076622,17.188498
78.76233,85.438805,2.009191,6.6764755,8.476737
22.367878,28.902292,1.4830967,6.5344143,29.213385
0.0,2.7873893,1.3204368,2.7873893,278738900.0
6.147794,5.2867236,1.0477858,0.86107016,14.0061655
16.778225,10.648352,4.918146,6.1298733,36.534695
6.9728727,6.8533483,2.0474718,0.11952448,1.7141354
0.0,0.0,1.4053384,0.0,0.0
84.27788,90.613686,2.801018,6.335808,7.5177593
0.0,4.8383985,5.320582,4.8383985,483839840.0
0.0,0.0,1.3961744,0.0,0.0
0.0,2.5162804,1.084645,2.5162804,251628030.0
2.4609861,7.2668433,3.001445,4.805857,195.28177
10.273578,9.370098,1.4759464,0.9034796,8.794207
4.1392956,5.1263437,1.2771773,0.98704815,23.8458
0.0,0.0,1.3239193,0.0,0.0
23.956253,2.3580334,1.0807191,21.598219,90.15691
4.752607,8.83769,1.267807,4.0850835,85.95459
0.0,2.8543715,0.9529241,2.8543715,285437150.0
0.0,0.0,1.3533071,0.0,0.0
0.0,2.2716637,1.4763534,2.2716637,227166370.0
0.0,2.640303,0.99627393,2.640303,264030300.0
7.68276,9.575356,4.732121,1.8925958,24.634323
1.8412668,5.499931,1.182625,3.6586642,198.70364
9.0195465,6.812801,1.2460028,2.2067456,24.466259
7.482583,4.134645,1.1060519,3.347938,44.743076
0.0,0.0,1.0821619,0.0,0.0
3.1663916,10.536475,0.9672655,7.370084,232.7597
0.0,1.3201833,1.3699694,1.3201833,132018330.0
2.5520713,8.318148,1.605296,5.766076,225.9371
9.571364,8.781193,4.1731024,0.7901716,8.25558
89.3246,124.57266,1.6411482,35.248062,39.460644
0.0,5.5163546,0.97156847,5.5163546,551635460.0
0.0,0.0,2.004469,0.0,0.0
0.0,0.0,3.4523559,0.0,0.0
0.0,4.334704,0.93589866,4.334704,433470400.0
47.67358,45.293255,3.4474342,2.3803253,4.992965
0.0,4.261549,3.8235247,4.261549,426154900.0
0.0,0.0,1.5017881,0.0,0.0
0.0,0.6525893,1.0961889,0.6525893,65258936.0
8.322296,9.418936,1.6291821,1.0966396,13.177128
10.741445,16.53396,1.3316741,5.7925158,53.926785
16.039608,11.142,1.1418594,4.897608,30.53446
0.0,9.254112,1.7512738,9.254112,925411260.0
0.0,0.0,1.9087354,0.0,0.0
137.04622,140.78728,4.0828176,3.7410583,2.7297785
0.0,6.120894,1.128003,6.120894,612089400.0
0.03437626,4.2068343,1.169975,4.172458,12137.615
5.779844,2.902835,0.94853246,2.877009,49.77659
1.8049657,5.507243,1.1680359,3.7022774,205.11623
6.3189297,7.276828,1.488865,0.95789814,15.159183
4.481639,15.10681,1.4531507,10.625171,237.08226
0.0,2.8864286,1.493987,2.8864286,288642850.0
0.0,0.7290635,2.4968338,0.7290635,72906350.0
2.0838933,6.741644,0.9153753,4.6577506,223.51195
14.1504545,6.240311,1.0092641,7.9101434,55.90028
6.038376,10.810541,5.1643724,4.7721653,79.03061
2.8257196,5.568592,1.1575336,2.7428725,97.06811
6.472364,7.81922,1.5696657,1.3468561,20.809338
0.0,6.6094775,1.1457199,6.6094775,660947800.0
14.437199,11.357616,3.8484845,3.0795822,21.330885
0.28935018,0.0,2.5729496,0.28935018,100.0
0.0,1.6250253,1.671065,1.6250253,162502530.0
0.0,2.905562,1.178781,2.905562,290556200.0
10.078459,7.9313,1.9523633,2.1471586,21.304434
8.379741,7.448626,1.5982132,0.9311147,11.111497
11.161175,9.629192,2.4697528,1.5319824,13.725996
10.949261,9.448824,2.5272253,1.5004368,13.703544
10.743454,5.455988,1.1358175,5.287466,49.2157
0.0,1.795486,1.06986,1.795486,179548590.0
0.0,4.3563952,1.9192389,4.3563952,435639520.0
0.0,0.0,4.059861,0.0,0.0
13.593421,9.608965,1.249495,3.984456,29.311651
0.0,0.0,1.4422339,0.0,0.0
30.270702,30.066584,1.3091068,0.20411873,0.67431116
7.292424,5.268347,0.96689075,2.0240774,27.755894
0.0,3.7742195,0.9953239,3.7742195,377421950.0
1.9774468,3.697063,1.0532445,1.7196162,86.96144
11.935944,7.944094,1.1560266,3.9918494,33.443935
0.0,2.3670797,1.3020506,2.3670797,236707980.0
0.0,10.256807,1.3121157,10.256807,1025680800.0
6.2325106,9.78307,1.236086,3.550559,56.96836
0.0,0.0,1.004668,0.0,0.0
0.032135002,0.0,1.2659137,0.032135002,100.0
8.31625,6.507452,1.2201664,1.8087978,21.750164
8.805291,6.254665,1.4114076,2.5506263,28.966972
10.929569,8.306465,3.486012,2.623104,24.00007
0.0,0.0,1.7032769,0.0,0.0
0.0,0.3158841,1.0973514,0.3158841,31588412.0
2.7329042,5.1756206,1.1372943,2.4427164,89.38171
7.4764605,3.4758673,1.5535432,4.000593,53.50919
7.022771,8.938376,3.7091396,1.9156055,27.277061
0.0,0.0,1.1849564,0.0,0.0
2.4631789,7.768704,1.2678905,5.305525,215.3934
0.0,0.0,1.0275193,0.0,0.0
0.0,1.2077022,1.6262163,1.2077022,120770216.0
0.0,4.879964,1.1682849,4.879964,487996400.0
2.734186,3.423324,2.3131325,0.6891382,25.20451
13.3277855,12.575303,1.6850168,0.7524824,5.6459675
5.0079017,6.6347837,4.9219756,1.6268821,32.4863
0.0,0.0,1.6192898,0.0,0.0
0.0,4.893485,1.2527963,4.893485,489348500.0
20.697876,10.502149,1.1070361,10.195727,49.259777
42.36323,36.57042,1.8697942,5.7928123,13.674151
0.0,5.535003,1.0857313,5.535003,553500300.0
0.0,1.3072543,2.9877975,1.3072543,130725430.0
0.12263065,3.2104135,2.037381,3.0877829,2517.9536
179.8791,150.14488,1.540809,29.734222,16.530115
0.0,6.547318,1.0785152,6.547318,654731840.0
0.0,0.0,2.9138942,0.0,0.0
0.0,1.4174037,1.3731775,1.4174037,141740370.0
5.7461953,5.41256,3.923513,0.33363533,5.8061953
0.0,5.242475,0.9114506,5.242475,524247500.0
0.0,0.0,1.1249908,0.0,0.0
0.0,2.133054,1.5895481,2.133054,213305400.0
14.6386595,10.777546,1.436826,3.8611135,26.376143
0.0,0.0,1.0674818,0.0,0.0
9.128865,7.846906,1.5789806,1.281959,14.042918
20.317942,19.139395,1.2235172,1.1785469,5.8005233
8.648973,8.5996475,1.7489301,0.049325943,0.5703098
12.3218,6.3709607,0.98449916,5.9508395,48.295208
4.673085,3.4812675,1.0397205,1.1918178,25.503874
0.0,0.022628784,1.020772,0.022628784,2262878.5
7.655503,7.433287,1.0890902,0.22221565,2.9026918
8.8983755,7.257592,1.6640626,1.6407833,18.439135
0.0,4.6119337,1.2219167,4.6119337,461193380.0
5.9998093,4.589441,1.1172551,1.4103684,23.50689
0.0,0.94741297,1.0734054,0.94741297,94741300.0
0.0,0.0,1.4987835,0.0,0.0
189.16238,157.30444,1.6266971,31.85794,16.841583
0.0,0.0,2.474124,0.0,0.0
3.471638,8.707447,1.9576238,5.2358093,150.81668
31.204807,10.762662,1.4751637,20.442146,65.509605
20.491526,12.64739,1.1827564,7.8441353,38.2799
0.0,0.0,1.4567512,0.0,0.0
0.0,4.600294,1.3467418,4.600294,460029400.0
3.1376157,4.8302207,1.7392637,1.692605,53.94558
10.040988,10.094952,1.7033082,0.05396366,0.5374338
0.0,0.0,2.9367948,0.0,0.0
0.0,1.3110089,1.1936305,1.3110089,131100890.0
21.674326,26.060942,3.6197424,4.3866158,20.238764
7.425841,9.030216,1.0146782,1.6043754,21.6053
0.0,4.583293,1.1486145,4.583293,458329280.0
0.0,1.495893,1.218041,1.495893,149589300.0
0.0,3.7975717,1.1237627,3.7975717,379757200.0
8.768844,13.813915,1.9869279,5.0450716,57.534058
11.277671,6.504567,1.0790217,4.7731037,42.323486
8.104909,7.2726803,1.6979966,0.83222866,10.268206
7.831114,9.939156,4.168858,2.1080418,26.918798
9.804521,3.8195944,1.1936728,5.984926,61.04252
0.0,1.5357552,1.1697508,1.5357552,153575520.0
24.70704,4.4279346,1.7911137,20.279106,82.07825
5.3666415,5.940082,1.1706864,0.57344055,10.685278
119.415436,125.63654,1.4019364,6.2211075,5.209634
0.0,1.8423905,1.8629932,1.8423905,184239060.0
32.527004,17.351425,1.3902856,15.175579,46.655323
5.843205,5.375116,1.7075794,0.4680891,8.010828
0.0,2.5498183,1.2762997,2.5498183,254981820.0
0.0,3.5415626,1.4455726,3.5415626,354156260.0
10.824676,8.02893,4.0473495,2.7957458,25.827526
0.0,0.89801073,1.0932496,0.89801073,89801070.0
0.0,0.0,1.3585421,0.0,0.0
0.0,1.8412547,1.1872118,1.8412547,184125470.0
0.0,3.9321656,1.0089116,3.9321656,393216540.0
0.0,0.0,2.3517,0.0,0.0
7.289535,6.4801407,1.6001711,0.80939436,11.103512
0.3381425,2.0790148,1.675288,1.7408723,514.83386
9.547394,5.541561,1.0507905,4.0058327,41.95734
7.3482885,7.933659,1.9417768,0.58537054,7.96608
0.0,0.0,1.1112064,0.0,0.0
0.0,0.0,4.021139,0.0,0.0
1.8269342,10.423426,1.4973205,8.596492,470.54193
9.476671,4.161549,1.458978,5.315122,56.086384
0.0,2.8553967,0.9957789,2.8553967,285539680.0
0.0,4.8585615,5.1427603,4.8585615,485856130.0
0.0,0.0,0.9965802,0.0,0.0
0.0,0.0,1.405586,0.0,0.0
0.0,2.0866256,1.0568664,2.0866256,208662560.0
1.5507735,11.016001,1.4819595,9.465227,610.3552
10.661518,6.7043147,1.0079782,3.9572034,37.116695
2.3356745,2.0028825,1.2914368,0.33279204,14.24822
4.9241896,5.0069947,0.9811953,0.08280516,1.6815997
0.0,0.0,1.2955,0.0,0.0
11.235489,10.732933,1.5722518,0.50255585,4.472933
98.87605,92.63329,3.0010915,6.2427597,6.313723
2.184783,4.4609423,1.287965,2.2761593,104.1824
0.0,3.8130136,1.0090874,3.8130136,381301380.0
7.1742144,12.933039,1.4000788,5.7588243,80.27115
12.512421,12.538977,2.5558674,0.026556015,0.21223722
0.0,0.0,1.6916212,0.0,0.0
0.0,0.0,1.0421154,0.0,0.0
0.0,0.7147355,1.3814567,0.7147355,71473550.0
161.09865,154.90341,1.6737086,6.195236,3.8456166
24.645555,22.938223,1.5711814,1.7073326,6.9275475
6.7520375,9.324566,4.9002047,2.5725284,38.10003
6.512306,5.92399,1.4934552,0.58831644,9.033918
4.183456,17.649673,1.6054285,13.466217,321.89218
3.4528234,5.660282,2.3425353,2.2074587,63.93199
0.0,0.0,1.4703128,0.0,0.0
19.046635,15.296001,1.6147355,3.7506332,19.691843
33.661873,24.857414,1.4523112,8.804459,26.155582
0.0,0.0,1.2580931,0.0,0.0
0.0,3.6398597,1.8216947,3.6398597,363985950.0
12.984004,13.301523,2.7965128,0.3175192,2.4454644
24.074,19.298695,3.1224787,4.775305,19.835943
0.0,0.0,1.0088596,0.0,0.0
4.6680913,8.013701,1.3253965,3.3456101,71.66976
13.443696,9.513849,1.1670074,3.9298468,29.231894
11.443455,11.120827,1.606739,0.32262802,2.8193235
0.0,1.8591733,1.1060425,1.8591733,185917330.0
5.873384,3.9371057,1.1527014,1.9362783,32.967
18.474907,10.831817,1.1951962,7.6430902,41.370113
12.03873,10.038598,1.6251698,2.0001316,16.614141
10.744237,9.456352,3.584813,1.2878847,11.986749
0.0,0.0,1.020099,0.0,0.0
0.0,2.0561094,1.2174928,2.0561094,205610940.0
53.127296,55.525864,4.2834926,2.3985672,4.514755
13.622944,7.7265687,1.2136792,5.896375,43.28268
12.734478,11.289492,1.2534409,1.4449863,11.347039
38.81805,31.921381,1.4278548,6.8966694,17.766655
0.0,0.0,1.7979825,0.0,0.0
17.29619,11.480719,4.131901,5.8154716,33.62285
0.0,0.3171897,1.7897166,0.3171897,31718970.0
0.0,0.0,1.7445251,0.0,0.0
35.1399,17.430061,1.4559255,17.709839,50.39809
6.371403,4.6387744,2.2958174,1.7326288,27.193834
0.0,2.0185642,1.1393343,2.0185642,201856420.0
8.287307,7.863714,3.279999,0.42359257,5.1113415
0.0,0.0,1.2929099,0.0,0.0
0.0,0.0,1.3919569,0.0,0.0
0.0,0.0,1.5568423,0.0,0.0
0.0,0.0,1.7761072,0.0,0.0
5.6012917,2.858605,1.1634685,2.7426867,48.965256
0.0,0.0,1.2963419,0.0,0.0
0.0,4.5705705,1.1810312,4.5705705,457057020.0
11.780498,12.2421255,1.701251,0.46162796,3.9185777
55.434578,21.606205,1.538038,33.828373,61.02396
10.647651,8.9611,4.3430877,1.6865511,15.839654
8.740708,13.562517,2.8328066,4.821809,55.164967
0.0,0.0,0.9937407,0.0,0.0
0.0,9.391846,1.0296463,9.391846,939184600.0
0.0,3.5731616,1.4126679,3.5731616,357316160.0
0.0,9.3996525,1.3719165,9.3996525,939965250.0
0.51923704,2.1673121,1.3631526,1.6480751,317.40323
1.8481396,3.9207969,1.8983818,2.072657,112.1483
0.0,2.3174126,1.2409286,2.3174126,231741260.0
7.1701665,9.472608,1.3769172,2.3024411,32.111404
9.136259,8.42765,1.1974983,0.7086086,7.756004
0.0,3.5667987,1.4443926,3.5667987,356679870.0
1.2861845,2.7537131,2.1313777,1.4675286,114.09937
9.497696,8.893598,1.1473502,0.6040983,6.360472
6.3791723,6.866753,2.5494444,0.48758078,7.643324
0.0,2.9427586,1.0539396,2.9427586,294275840.0
0.0,0.0,1.8316212,0.0,0.0
10.796553,4.9172482,0.9083482,5.8793044,54.455383
10.343608,4.751826,1.1201152,5.591782,54.06027
53.753887,49.385174,1.4551839,4.3687134,8.127251
0.0,0.0,1.0807871,0.0,0.0
0.0,2.9241405,1.4838527,2.9241405,292414050.0
14.400185,4.1347055,1.2989516,10.265479,71.28713
1.8658029,2.6542,1.341143,0.7883972,42.25512
26.600595,11.9976635,1.3991051,14.602932,54.89701
4.2826605,1.8610015,1.3989933,2.421659,56.545666
2.186075,10.350765,2.5997841,8.16469,373.48627
2.1328561,2.839183,2.3461354,0.70632696,33.116486
0.0,3.7798305,1.2879153,3.7798305,377983040.0
10.16062,7.4942174,1.5889246,2.6664023,26.242516
4.440892e-14,8.435535,1.9772558,8.435535,843553540.0
0.0,2.4621863,1.1254086,2.4621863,246218620.0
0.0,0.0,1.8369263,0.0,0.0
22.743408,15.318035,1.4106771,7.425373,32.64846
11.753564,10.6284275,1.1704892,1.1251364,9.572725
2.7140813,8.696678,1.1223556,5.982597,220.42807
0.0,0.0,1.7889673,0.0,0.0
0.0,0.0,1.3207835,0.0,0.0
175.32582,137.07553,2.5695612,38.25029,21.81669
0.0,0.774385,1.0253992,0.774385,77438500.0
4.948398,13.034805,1.7805657,8.086407,163.41464
2.8086672,3.4316258,4.46068,0.62295866,22.179869
18.998602,13.6048975,5.1918674,5.3937044,28.390005
0.0,0.0,0.9909701,0.0,0.0
0.0,0.0,3.624061,0.0,0.0
0.0,2.2157283,1.3506895,2.2157283,221572830.0
25.339859,23.57911,2.8522573,1.7607498,6.9485383
1.5816749,6.0060225,1.1439171,4.4243474,279.72546
37.738827,23.822796,1.6329832,13.916031,36.87457
0.0,1.0560994,4.7334366,1.0560994,105609940.0
7.4691143,6.9377418,1.3357255,0.53137255,7.114264
0.0,1.7173562,1.2252557,1.7173562,171735630.0
0.0,0.0,1.3844345,0.0,0.0
0.0,6.0292892,3.1769147,6.0292892,602928960.0
0.0,3.4842925,1.2561989,3.4842925,348429250.0
8.676057,7.055343,1.8784114,1.6207137,18.680302
13.279421,15.789797,2.2283013,2.510376,18.904259
97.14156,92.95185,3.7190096,4.1897125,4.312997
15.230212,15.8792095,1.4399348,0.6489973,4.2612495
22.440126,20.708208,1.4759548,1.7319183,7.7179527
134.27586,153.80412,3.9677126,19.52826,14.543387
8.723596,8.168417,1.2701472,0.55517864,6.3641033
13.263247,12.484249,4.785822,0.7789974,5.873354
8.738874,9.719972,1.4656776,0.9810972,11.226815
10.375941,10.321423,1.2716916,0.0545187,0.5254338
0.0,3.1770635,1.0607188,3.1770635,317706370.0
11.064348,21.062359,4.2306137,9.998011,90.362404
7.934701,9.794659,2.4996266,1.8599577,23.440804
7.3528914,5.6671195,1.2335745,1.685772,22.926653
0.0,4.288196,1.07293,4.288196,428819620.0
0.0,4.4935336,1.2838645,4.4935336,449353380.0
171.73184,153.51569,1.7785867,18.216156,10.607326
27.53221,27.877932,1.3671443,0.3457222,1.255701
19.269133,21.4076,1.2894939,2.1384678,11.097893
7.8811064,7.8334503,4.722558,0.04765606,0.60468745
6.777715,16.905336,1.4460139,10.127621,149.4253
6.5074134,6.265594,2.1609306,0.24181938,3.71606
7.087842,15.890009,4.3715897,8.802167,124.18684
0.0,6.9773498,1.0085912,6.9773498,697735000.0
4.922277,3.0624404,1.1069586,1.8598366,37.78407
14.923136,6.447665,1.1553706,8.475471,56.794167
13.125278,11.411797,2.9179611,1.7134819,13.054823
10.858011,10.566399,3.0581582,0.29161263,2.6856909
0.0,0.0,1.273839,0.0,0.0
0.0,0.0,1.7262654,0.0,0.0
0.0,0.0,1.687023,0.0,0.0
3.7839198,5.7911816,1.129555,2.0072618,53.047153
9.11058,7.4630313,1.0572381,1.6475492,18.08391
54.257927,23.32821,1.25815,30.929716,57.004974
5.6515493,6.6277943,2.575757,0.9762449,17.273935
17.625647,10.836225,1.2076498,6.789422,38.52013
4.895344,4.8600583,3.694676,0.035285473,0.72079664
3.597713,13.87041,1.8570713,10.272697,285.53412
0.0,0.46775293,1.1090012,0.46775293,46775292.0
0.0,1.9791989,1.1460752,1.9791989,197919890.0
13.636192,12.113371,1.3216338,1.5228214,11.167497
0.0,0.9842515,1.0936228,0.9842515,98425150.0
7.7942753,8.903881,1.0642606,1.1096058,14.236164
7.3637643,7.7606554,3.0692503,0.39689112,5.3897853
185.01225,174.40904,1.7681926,10.60321,5.7310853
7.0940557,6.619108,1.1780689,0.47494745,6.695006
107.942825,110.37767,3.5954187,2.434845,2.2556803
10.3219185,9.836002,3.7170694,0.48591614,4.7076144
0.0,2.1878185,1.2867286,2.1878185,218781860.0
7.236581,4.862312,0.9535213,2.374269,32.809265
35.109535,30.350918,1.4644051,4.7586174,13.553633
0.0,8.278622,1.4383518,8.278622,827862200.0
0.0,0.0,1.0594845,0.0,0.0
13.818427,22.107443,1.2539223,8.289016,59.985233
7.8893223,2.8343573,1.2180363,5.054965,64.0735
4.7771153,6.04949,1.0553656,1.2723746,26.63479
0.0,0.0,2.0653603,0.0,0.0
4.936251,5.9128,1.1055181,0.9765487,19.783205
0.0,0.0,1.1193665,0.0,0.0
1.9239584,3.4573417,1.3581132,1.5333833,79.699394
12.840841,9.132364,1.8896084,3.708477,28.88033
6.645069,10.176828,1.3268291,3.5317593,53.14857
0.0,0.80908155,1.1167923,0.80908155,80908160.0
8.5820265,8.147842,2.4482799,0.43418407,5.0592256
0.0,0.0,1.2839953,0.0,0.0
11.174229,15.309782,3.675105,4.1355534,37.009743
0.0,4.885005,1.4790769,4.885005,488500480.0
7.95412,12.114227,2.2792099,4.160107,52.301285
0.0,0.6897807,1.3562229,0.6897807,68978070.0
11.919253,8.653456,1.3017385,3.2657976,27.399347
14.625274,6.777452,0.9620575,7.8478217,53.659313
0.0,0.0,1.1516477,0.0,0.0
0.0,3.5643668,1.2328793,3.5643668,356436670.0
0.0,0.0,1.063078,0.0,0.0
0.0,5.830837,1.2765112,5.830837,583083700.0
0.0,0.0,1.0158157,0.0,0.0
0.0,1.028729,0.9479612,1.028729,102872900.0
0.0,0.6683421,1.1806056,0.6683421,66834212.0
12.36286,7.478139,1.4272822,4.884721,39.511253
9.151334,4.729652,1.0504465,4.421682,48.31735
12.481114,11.04421,1.4544811,1.436904,11.512626
16.185083,12.094034,1.3588517,4.091049,25.276665
25.12839,21.67045,4.085381,3.4579391,13.7610855
8.153109,5.181087,1.0122325,2.9720216,36.452618
9.980207,11.83709,3.224062,1.8568821,18.605646
0.0,0.0,1.5776894,0.0,0.0
12.93108,7.7108836,1.3610859,5.2201962,40.369377
37.188084,34.315002,4.228844,2.8730812,7.725811
1.3697448,2.0983553,2.1243331,0.7286105,53.19316
0.37267792,2.9138417,2.34077,2.541164,681.86597
0.0,0.0,1.2687784,0.0,0.0
13.867497,9.125951,4.9579697,4.7415466,34.1918
5.5199437,3.5240693,0.99710256,1.9958744,36.157513
0.0,0.0,1.0676175,0.0,0.0
6.3026505,6.4329853,1.5707377,0.13033485,2.0679371
0.0,0.0,1.0518682,0.0,0.0
4.469087,5.9826727,1.8835095,1.5135856,33.86789
9.145917,9.6555195,2.0995998,0.50960255,5.5719132
9.889521,9.940495,2.3570304,0.050973892,0.5154334
0.0,7.2513833,1.2355428,7.2513833,725138300.0
9.815872,8.828564,1.2982032,0.9873085,10.058286
114.0625,119.32911,2.549837,5.266609,4.617301
12.19803,14.7982235,1.8472238,2.600193,21.316498
0.0,1.3248935,3.6219034,1.3248935,132489350.0
9.811415,8.294116,5.2066274,1.5172987,15.464627
7.297596,7.845884,1.768436,0.54828787,7.513267
0.0,0.0,1.3664209,0.0,0.0
2.5524378,6.4234037,1.2237619,3.870966,151.6576
8.165637,7.1954503,2.3347554,0.9701867,11.881335
54.035202,38.265827,1.3442916,15.769375,29.183521
0.0,5.408932,1.3438311,5.408932,540893250.0
19.118242,16.528841,1.1368599,2.5894012,13.544139
0.0,0.0,1.3814658,0.0,0.0
6.394284,4.1990647,0.9822959,2.195219,34.330963
11.099515,12.31793,2.6476376,1.2184153,10.977194
7.7536798,5.17762,1.1168692,2.5760598,33.22371
0.0,1.1530795,0.989218,1.1530795,115307950.0
0.0,0.0,0.9330442,0.0,0.0
14.859698,6.423843,1.515495,8.435856,56.770035
0.0,6.6526237,1.499887,6.6526237,665262400.0
10.400241,12.036805,3.604694,1.6365643,15.735831
15.5017605,7.1059074,1.5986309,8.395853,54.160645
11.476065,14.140844,1.7250429,2.6647797,23.220325
3.8219626,11.774836,1.5160624,7.952873,208.0835
0.0,3.342794,1.1692387,3.342794,334279400.0
29.229847,22.518301,1.1174958,6.711546,22.961277
5.2435904,3.8946297,1.3110476,1.3489606,25.725895
0.0,0.0,1.2675587,0.0,0.0
7.4853377,12.583487,1.2876666,5.098149,68.10847
4.040992,2.4283028,2.6271038,1.612689,39.90825
0.0,1.4687934,0.901919,1.4687934,146879330.0
10.739482,6.838124,4.5296474,3.9013581,36.327248
0.0,0.0,1.7340281,0.0,0.0
146.74352,151.39098,1.2988378,4.647461,3.167064
10.057406,8.07939,1.4625446,1.9780169,19.667265
2.3681097,3.969129,2.3572934,1.6010194,67.60748
11.334841,11.13532,1.9978757,0.19952106,1.7602458
0.0,0.0,1.3393569,0.0,0.0
1.4699254,0.0,3.1954129,1.4699254,100.0
33.43169,23.624094,1.4499465,9.807596,29.336227
0.0,0.0,1.1770031,0.0,0.0
5.6419535,5.6613235,1.2570989,0.019370079,0.34332222
0.84094554,4.472638,1.7806836,3.6316926,431.85822
0.0,0.0,3.4996107,0.0,0.0
0.0,0.59790564,1.4812887,0.59790564,59790564.0
6.485505,4.8396525,1.2358807,1.6458526,25.3774
11.092166,5.513492,1.0530362,5.578674,50.29382
1.0396523,13.875465,5.2932005,12.8358135,1234.6255
0.0,10.337215,5.2201443,10.337215,1033721540.0
0.0,0.0,1.3137,0.0,0.0
3.813008,7.4769287,1.2736114,3.6639206,96.09003
5.327621,3.922238,4.2959933,1.4053829,26.379183
0.0,0.0,1.2374601,0.0,0.0
9.785696,9.05891,1.7137107,0.72678566,7.4270205
2.9303641,1.7834148,1.3852814,1.1469493,39.140163
9.665831,10.478175,5.2417297,0.81234455,8.404291
0.0,0.0,0.98924303,0.0,0.0
0.0,2.0076108,0.96255004,2.0076108,200761070.0
0.0,0.0,1.4993216,0.0,0.0
21.603382,19.71679,2.6863668,1.8865929,8.732859
0.0,3.072423,1.2029983,3.072423,307242300.0
0.0,6.7263465,1.2824718,6.7263465,672634600.0
15.199949,14.5381775,1.1755234,0.6617718,4.353776
1.8103101,0.53626204,1.4874257,1.2740481,70.377335
10.53492,7.8673086,1.2369645,2.6676111,25.321608
11.753216,6.398732,1.1822565,5.3544836,45.557606
0.0,0.0,0.954455,0.0,0.0
11.728618,10.63825,5.3256974,1.0903673,9.296639
11.179694,10.726509,1.2446427,0.45318508,4.0536447
40.13029,15.49728,1.6399205,24.63301,61.382587
9.139635,12.474476,1.765772,3.3348408,36.48768
0.0,0.0,1.1390958,0.0,0.0
96.1472,95.525024,2.9684844,0.6221771,0.6471089
13.706757,19.001593,1.7288103,5.294836,38.629387
12.412334,13.695442,1.3738726,1.2831078,10.33736
0.0,0.0,1.422014,0.0,0.0
28.269073,11.463438,0.93195707,16.805635,59.448837
0.0,2.544961,1.1913271,2.544961,254496100.0
21.286829,16.09991,1.8681322,5.1869183,24.366796
1.1484944,0.0,2.2722824,1.1484944,100.0
10.215162,10.089788,1.433061,0.12537384,1.2273309
18.636436,10.952358,1.6766183,7.684078,41.23148
0.8008682,3.5944986,1.8471721,2.7936304,348.82523
0.0,0.29142332,1.6502377,0.29142332,29142332.0
12.890732,12.141312,1.1662472,0.74942017,5.8136353
12.703756,13.237026,4.112791,0.5332699,4.197734
0.0,0.0,1.2137578,0.0,0.0
11.129418,5.655697,1.5978552,5.4737215,49.182457
0.0,0.77924013,1.3217976,0.77924013,77924010.0
0.0,2.9044716,2.1229014,2.9044716,290447170.0
52.14992,12.1704235,1.502517,39.9795,76.66263
1.3258876,3.3338313,1.535934,2.0079436,151.44147
0.0,0.0,1.3217196,0.0,0.0
9.241979,11.407123,5.1543064,2.165144,23.427279
0.0,3.9479456,0.98936063,3.9479456,394794560.0
57.739468,49.231327,1.5763184,8.508141,14.735399
2.7603823e-05,6.066025,1.5365386,6.065997,21975208.0
20.53458,16.803015,1.3688287,3.7315655,18.172106
94.45596,101.963356,2.08891,7.507393,7.948035
38.010033,36.16402,1.504179,1.8460121,4.856644
0.0,1.4532132,1.201807,1.4532132,145321310.0
0.0,3.109853,1.0092368,3.109853,310985280.0
1.4079059,5.726644,1.2747251,4.318738,306.74905
14.41872,12.562242,4.9512863,1.8564787,12.875475
0.0,0.0,2.8403494,0.0,0.0
0.0,4.3013988,1.340532,4.3013988,430139870.0
0.0,1.6839166,1.0447167,1.6839166,168391660.0
15.918229,7.8805294,1.2277377,8.0377,50.49368
0.0,8.448759,1.4815365,8.448759,844875900.0
33.345715,31.758118,1.4284323,1.5875969,4.761022
4.384381,6.3979445,1.0948247,2.0135636,45.92584
0.0,5.1326327,1.1300489,5.1326327,513263230.0
0.0,5.957744,1.1840652,5.957744,595774400.0
7.9548273,6.5784187,1.0797383,1.3764086,17.302809
13.19509,8.596112,5.3661065,4.598978,34.853706
29.289845,19.432554,1.5446911,9.85729,33.654293
7.2571654,6.910089,1.2074611,0.34707642,4.782534
12.367626,5.4583845,1.2489018,6.9092417,55.865547
32.462387,16.759378,1.3529534,15.703009,48.372932
2.001287,3.8235774,1.0067551,1.8222904,91.05592
112.89811,122.78222,3.1631026,9.8841095,8.754893
9.548592,4.7110786,1.4107285,4.837513,50.662056
30.006115,18.448881,1.1711148,11.557234,38.516262
0.0,0.0,0.9969772,0.0,0.0
5.4172006,9.839961,1.1990391,4.4227605,81.64292
3.2267985,0.81731224,1.1967998,2.4094863,74.67111
2.6751711,3.3237104,1.107192,0.6485393,24.242908
0.0,4.268598,0.9767453,4.268598,426859800.0
0.0,2.0543027,4.7356014,2.0543027,205430270.0
4.0489106,9.122482,1.0584489,5.0735717,125.30708
32.50121,28.559145,4.0574083,3.9420643,12.128977
8.188524,7.254457,2.052254,0.93406725,11.407027
0.0,0.74999666,1.507008,0.74999666,74999660.0
9.097603,8.932308,1.5271697,0.16529465,1.8169034
17.069918,19.510048,1.3439964,2.4401302,14.294915
7.2607985,9.669447,2.3679683,2.4086485,33.17333
0.0,0.0,1.4336944,0.0,0.0
15.997429,7.855124,1.4972988,8.142305,50.897587
0.0,5.0232854,1.5021355,5.0232854,502328540.0
11.504853,7.141067,1.4909575,4.363786,37.929962
0.0,2.8500085,2.8431447,2.8500085,285000860.0
3.6249542,4.170075,1.0320119,0.5451207,15.038002
0.0,0.11358452,1.1779896,0.11358452,11358452.0
9.014901,10.020302,1.1255451,1.0054007,11.152654
0.0,0.0,1.1936575,0.0,0.0
3.3951936,21.705399,1.5737445,18.310205,539.29785
20.169416,21.841833,1.5350122,1.6724167,8.291844
5.4571624,8.899437,1.9116925,3.4422746,63.078102
8.342503,10.063438,4.99102,1.7209358,20.628532
5.0567617,3.687858,0.9220583,1.3689036,27.070757
0.0,4.6534276,1.4685553,4.6534276,465342800.0
4.2535167,5.0503173,1.3412226,0.7968006,18.73275
6.6724467,7.3500285,1.2121538,0.6775818,10.1549225
2.9080856,4.3142347,3.187988,1.4061491,48.35309
26.113354,21.51004,1.4171845,4.6033134,17.628197
28.08601,6.7904034,1.2021879,21.295607,75.82282
9.3314295,7.337225,2.1535287,1.9942045,21.370836
40.842693,23.50968,2.3479521,17.333014,42.43847
5.774251,5.5552583,3.1018846,0.21899271,3.7925735
8.729789,6.255513,1.5397943,2.4742756,28.342903
0.0,7.8398795,1.2784462,7.8398795,783988000.0
0.0,3.437635,1.1892031,3.437635,343763500.0
0.0,0.0,1.3167012,0.0,0.0
19.78866,7.9613414,1.075305,11.827318,59.76816
0.0,0.0,1.0747168,0.0,0.0
9.76805,9.007912,1.2274704,0.7601385,7.781886
0.0,0.0,2.162143,0.0,0.0
0.0,3.1302886,0.9271207,3.1302886,313028860.0
0.0,0.0,0.98591727,0.0,0.0
11.330624,5.9925036,1.1285963,5.33812,47.112324
3.8371756,3.5778213,1.0074255,0.25935435,6.7589912
9.7884035,10.362665,4.8480473,0.57426167,5.866755
0.0,10.589407,1.284374,10.589407,1058940700.0
7.290218,10.773939,5.2674465,3.4837213,47.786243
0.0,0.0,1.3614957,0.0,0.0
10.693273,9.088226,1.6139061,1.6050463,15.00987
103.16147,112.17391,3.600155,9.012444,8.73625
7.611053,4.4548225,0.9046977,3.1562304,41.46904
0.0,3.2757072,1.5950487,3.2757072,327570750.0
0.0,2.4081445,1.4375838,2.4081445,240814450.0
20.4845,9.032162,2.3256333,11.452339,55.907337
6.6297746,7.126281,2.8676639,0.4965062,7.489036
0.0,2.6698651,1.8299037,2.6698651,266986510.0
0.0,0.0,3.2815118,0.0,0.0
7.7574,7.731756,1.3858445,0.025643826,0.33057243
0.0,2.6990619,1.4289217,2.6990619,269906180.0
0.0,0.99390554,1.0299139,0.99390554,99390560.0
39.699177,7.1809587,1.2558542,32.51822,81.91157
0.0,5.2289467,1.0643754,5.2289467,522894660.0
0.0,0.31497955,1.0979509,0.31497955,31497956.0
40.694332,30.027136,1.711925,10.667196,26.212976
9.68367,11.082071,1.0973454,1.3984013,14.440818
29.173777,12.815491,1.5074749,16.358286,56.071884
118.7802,112.86613,3.759679,5.91407,4.9790034
5.2607546,7.832207,1.201503,2.5714526,48.87992
6.359753,3.5317588,1.1303433,2.8279943,44.467045
20.732332,16.213486,1.5210288,4.5188465,21.796131
0.0,5.1270404,1.303598,5.1270404,512704030.0
62.153984,61.5991,2.331199,0.55488586,0.8927599
8.646945,4.4512987,1.0702182,4.1956463,48.52172
9.025184,11.619867,1.8748938,2.5946836,28.74937
9.804349,3.9835668,1.1336399,5.820782,59.369392
11.285069,8.162764,1.8502411,3.1223059,27.667583
0.0,3.4525237,1.6248375,3.4525237,345252380.0
0.0,0.0,1.5962447,0.0,0.0
10.322409,11.233419,1.1812388,0.91101074,8.825563
4.624966,3.1301723,1.047163,1.4947939,32.320103
0.28544968,2.7254643,1.3525966,2.4400146,854.79675
3.2276025,9.799683,1.0262935,6.57208,203.62111
0.0,3.5052066,1.0076225,3.5052066,350520670.0
0.0,1.0541224,1.2316914,1.0541224,105412250.0
0.0,6.469147,5.0109215,6.469147,646914750.0
9.070604,10.316858,1.2109195,1.246254,13.739481
19.053604,8.662308,1.055904,10.391296,54.53717
49.981773,29.20677,1.2509588,20.775003,41.565155
23.005291,20.41979,1.7923363,2.5855007,11.238723
0.0,0.0,1.3594488,0.0,0.0
0.0,0.67836714,1.1200625,0.67836714,67836710.0
0.7660662,5.6530204,1.4894344,4.8869543,637.92847
0.0,0.0,1.2839916,0.0,0.0
0.0,2.5484653,0.97447354,2.5484653,254846530.0
25.268307,21.843016,1.0444738,3.425291,13.555681
40.07846,13.354252,1.4284037,26.724209,66.679726
17.90454,16.095713,1.3076214,1.8088264,10.102613
0.0,0.0,1.3789209,0.0,0.0
0.0,0.0,1.3809223,0.0,0.0
0.0,0.820858,1.4522303,0.820858,82085800.0
13.705627,5.8825736,1.4150558,7.823054,57.079136
43.05645,47.886494,1.1783999,4.830044,11.217934
18.848013,14.859505,1.6022253,3.9885082,21.161427
0.0,0.0,1.1133037,0.0,0.0
13.769997,9.490122,5.2561297,4.279875,31.081161
9.428101,9.555441,1.4701624,0.12734032,1.3506466
61.338566,62.0842,3.3526306,0.745636,1.2156072
0.0,0.0,1.0772774,0.0,0.0
0.0,0.0,1.2647688,0.0,0.0
0.0,0.0,1.2416632,0.0,0.0
0.0,0.48110437,1.1846731,0.48110437,48110436.0
0.0,0.0,1.537161,0.0,0.0
17.69965,14.892721,1.5398606,2.8069286,15.858668
19.392305,12.444731,4.7066603,6.9475746,35.82645
0.0,0.0,1.0920031,0.0,0.0
126.34411,164.52121,3.3349419,38.1771,30.216764
6.802721,7.576567,1.7874238,0.77384615,11.375538
23.704742,16.95331,1.095786,6.7514324,28.481358
0.0,3.075727,1.1615875,3.075727,307572700.0
10.377798,8.405188,3.4801884,1.9726105,19.007986
0.32359287,2.220393,0.9840448,1.8968,586.1687
27.24327,16.086851,1.6418791,11.15642,40.951103
9.641992,9.562689,1.5057918,0.07930279,0.8224731
0.0,0.76288986,1.050776,0.76288986,76288984.0
0.0,6.296158,1.5664612,6.296158,629615800.0
0.016123,12.476765,1.4793663,12.460642,77284.88
0.0,0.0,1.1428304,0.0,0.0
0.0,0.0,1.0666676,0.0,0.0
121.06142,131.65404,1.516758,10.592621,8.749791
14.263613,11.128469,1.1552179,3.1351433,21.98001
3.1922216,6.113784,1.408881,2.9215622,91.521286
9.189746,7.2021375,1.2732362,1.9876084,21.628548
30.83622,22.496786,1.0354134,8.339434,27.04428
1.7584124,7.5374618,5.0330954,5.7790494,328.65155
0.0,3.3194175,1.3173949,3.3194175,331941730.0
14.832113,15.937016,1.4174806,1.1049023,7.449392
11.293397,6.1691394,0.9509585,5.1242576,45.373928
10.627874,9.63096,1.4446415,0.9969139,9.380181
7.2871103,7.2738323,1.1315011,0.0132780075,0.18221225
0.0,7.609403,1.2432681,7.609403,760940300.0
0.0,0.0,4.117932,0.0,0.0
0.0,0.0,4.0448804,0.0,0.0
12.040198,9.048887,5.3620567,2.991311,24.844366
0.0,0.0,1.2918398,0.0,0.0
9.664185,8.8004875,1.2813983,0.86369705,8.937092
0.0,4.97008,1.0013392,4.97008,497008000.0
0.016364753,0.0,4.414359,0.016364753,100.0
17.446278,14.573431,1.0560025,2.8728466,16.466818
9.027389,10.090361,1.5534953,1.0629721,11.774968
10.983694,7.2809157,1.2866471,3.7027783,33.711594
9.914101,9.10762,3.1255484,0.8064804,8.134681
12.314961,7.2576404,1.5929193,5.057321,41.06648
26.93346,15.821934,1.4459579,11.1115265,41.25547
12.176154,6.1409507,0.9422864,6.0352035,49.565758
6.5350037,4.005346,0.96208626,2.5296578,38.70936
0.0,0.0,1.7299811,0.0,0.0
6.392974,11.618223,2.3018162,5.2252493,81.734245
3.6769419,0.0,1.190846,3.6769419,100.0
9.540775,6.8266253,2.3472257,2.71415,28.447899
0.15023455,5.199143,1.6532267,5.048908,3360.6838
3.1948879,2.2956576,2.2709541,0.89923024,28.14591
10.476126,18.402859,4.5978127,7.926733,75.664734
12.328334,12.114824,1.2571597,0.21350956,1.7318606
3.560993,6.191402,1.4499938,2.630409,73.86729
13.354035,5.9799156,1.112871,7.3741198,55.22016
45.39261,16.997547,1.0488437,28.395061,62.55437
2.6206095,6.6364536,1.2893593,4.0158443,153.24086
0.92973465,6.7919555,2.3224962,5.862221,630.5262
9.839999,7.2960815,4.978923,2.5439177,25.852823
0.0,0.0,1.4689735,0.0,0.0
8.462685,5.0859494,1.0231674,3.3767352,39.901466
15.483363,5.578308,1.1854779,9.905055,63.972244
0.0,11.03837,1.3364215,11.03837,1103837000.0
6.441865,6.2742634,1.6461056,0.16760159,2.6017556
11.724987,12.203129,2.4524448,0.47814178,4.077973
0.0,1.3841715,1.2255927,1.3841715,138417150.0
9.591629,8.504751,1.3690962,1.0868778,11.331525
0.21401475,9.416415,1.4192966,9.2024,4299.8906
0.0,1.7341866,1.2898229,1.7341866,173418670.0
0.0,0.76707983,1.170464,0.76707983,76707980.0
0.0,0.0,1.2692167,0.0,0.0
26.960573,17.262594,1.3323722,9.697979,35.970966
0.0,0.0,1.4287008,0.0,0.0
5.949625,4.63351,1.4175445,1.3161149,22.120974
0.0,0.0,1.0565307,0.0,0.0
0.0,0.0,1.3693713,0.0,0.0
0.0,0.0,1.1546283,0.0,0.0
7.28896,3.7860188,0.9084742,3.5029411,48.058178
0.0,2.3165133,1.3871294,2.3165133,231651340.0
9.420379,10.718233,5.0589776,1.2978544,13.777095
0.0,2.340272,1.174033,2.340272,234027180.0
13.423329,6.8491535,0.9873102,6.574176,48.97575
3.6379209,5.648014,1.2505318,2.0100932,55.253902
0.0,0.3329029,1.2060529,0.3329029,33290290.0
0.0,8.527697,1.3335805,8.527697,852769660.0
87.83053,88.526886,3.100419,0.6963577,0.79284245
10.07604,9.209612,1.1614774,0.8664284,8.598898
0.0,2.178723,1.0715629,2.178723,217872320.0
13.977676,6.4350505,0.9379558,7.542626,53.961945
0.0,13.861444,1.3771921,13.861444,1386144400.0
19.361614,15.53503,2.446132,3.8265839,19.763765
7.327978,6.7804093,0.9507368,0.5475688,7.4723043
11.882069,7.516538,1.5097184,4.3655305,36.74049
4.2318664,6.8409166,1.1219553,2.6090503,61.652473
6.771895,6.761501,1.7136645,0.010394096,0.15348874
0.0,2.835837,1.0922956,2.835837,283583680.0
12.800552,8.658129,0.86655843,4.1424236,32.36129
0.0,0.4153285,1.0458024,0.4153285,41532852.0
33.081284,18.115242,3.778237,14.966042,45.240208
11.5973015,11.432238,1.879247,0.16506386,1.4232954
8.472595,7.5706325,2.0330706,0.90196276,10.645649
0.0,3.4069133,1.3294148,3.4069133,340691330.0
0.0,0.0,1.5235027,0.0,0.0
4.991222,4.4861174,4.868944,0.50510454,10.119857
0.0,3.325082,1.2683553,3.325082,332508220.0
10.214278,10.680497,3.0547938,0.46621895,4.5643845
4.243376,4.676236,1.3466852,0.43286037,10.20085
0.0,0.0,1.2804468,0.0,0.0
0.0,6.2018037,1.002607,6.2018037,620180350.0
13.359944,12.181931,1.2471557,1.1780138,8.817505
0.0,2.077229,1.0695889,2.077229,207722900.0
0.0,2.5528164,1.1384693,2.5528164,255281650.0
0.0,0.0,1.1023027,0.0,0.0
11.618412,10.2902355,1.155066,1.3281765,11.431653
0.0,0.0,1.2966119,0.0,0.0
12.640651,6.062648,1.9587411,6.578003,52.038483
0.0,0.0,1.5534621,0.0,0.0
0.0,0.0,1.2563523,0.0,0.0
0.0,3.9832606,1.03833,3.9832606,398326050.0
0.0,0.0,1.8437625,0.0,0.0
2.7930195,2.927733,1.0619211,0.13471341,4.823218
8.580473,6.172562,0.98131865,2.4079108,28.062681
0.0,4.136889,1.2611126,4.136889,413688900.0
9.77131,9.777967,2.356597,0.0066576004,0.06813417
5.509768,7.400801,1.7652107,1.8910332,34.321465
12.015339,15.034056,1.3440269,3.0187168,25.123857
22.616245,21.865377,1.4115347,0.75086784,3.3200376
0.0,0.67583036,1.4480063,0.67583036,67583040.0
9.75963,9.110896,1.7190553,0.6487341,6.647118
0.0,4.7744894,1.0101038,4.7744894,477448960.0
49.745358,72.867645,1.5478446,23.122288,46.481297
7.154196,8.098383,1.1435761,0.94418716,13.19767
6.55922,6.5629287,1.3258369,0.0037088394,0.05654391
22.625181,11.026965,4.839285,11.598216,51.262424
124.11197,120.90551,2.3250275,3.206459,2.5835211
6.027259,6.0813885,1.4953377,0.0541296,0.8980799
16.683002,14.688324,3.1354089,1.9946785,11.956352
0.0,6.9021783,1.334637,6.9021783,690217860.0
0.0,0.0,1.1517115,0.0,0.0
6.0063844,4.636196,1.3232355,1.3701882,22.812199
9.546025,5.2768364,1.2699205,4.269189,44.72216
0.0,3.8990421,1.2449698,3.8990421,389904200.0
0.0,0.0,0.967301,0.0,0.0
10.580928,7.8771935,1.5220429,2.7037344,25.552904
6.458229,7.2860255,1.6202989,0.82779646,12.8177
0.0,0.20920706,1.1342497,0.20920706,20920706.0
11.138835,10.650503,2.7234247,0.4883318,4.3840475
0.0,0.53271914,1.0874866,0.53271914,53271910.0
7.3083596,5.3406863,1.259475,1.9676733,26.923597
20.144209,7.1334343,1.0485272,13.010775,64.588165
40.17274,17.661009,1.4726609,22.511732,56.03733
11.09103,6.9243913,4.8608894,4.166639,37.567646
4.7862797,7.8657484,4.9425535,3.0794687,64.33951
2.9744155,3.2846751,1.6165317,0.31025958,10.4309435
3.1525345,8.760689,1.1966586,5.6081543,177.89351
12.0957155,9.454195,2.1733148,2.6415205,21.83848
6.5722256,4.200403,1.1015921,2.3718224,36.088573
175.33484,148.0872,1.1330248,27.247635,15.540342
0.0,0.0,1.3505468,0.0,0.0
0.0,0.0,1.2779007,0.0,0.0
7.9507375,18.54626,4.797122,10.595524,133.26466
0.0,0.0,1.1570145,0.0,0.0
1.1539294,1.5897155,1.224382,0.43578613,37.765408
19.517262,18.679337,1.5997126,0.83792496,4.2932506
7.026906,7.853102,1.9588424,0.8261962,11.75761
0.0,0.0,3.5643454,0.0,0.0
10.020461,6.351729,2.0198822,3.6687322,36.61241
5.4452267,7.225307,2.1481478,1.7800803,32.690655
0.0,0.0,1.0807456,0.0,0.0
0.0,0.0,1.6591226,0.0,0.0
0.0,3.1103258,1.1117616,3.1103258,311032600.0
8.89594,9.061385,1.46139,0.16544533,1.8597847
1.30127,0.0,2.2117114,1.30127,100.0
10.8715515,11.529829,3.6561992,0.6582775,6.0550466
1.568288,9.222668,1.6728234,7.65438,488.07236
9.365742,7.1950088,2.3715878,2.170733,23.177374
8.081077,11.588295,4.4912286,3.5072184,43.400383
0.0,0.0,2.912982,0.0,0.0
0.06841454,4.1380653,1.200821,4.0696507,5948.517
4.998343,4.020324,1.1847979,0.97801876,19.56686
20.183144,17.680853,1.111027,2.5022907,12.397923
20.81606,3.0852675,1.1545919,17.730791,85.17842
5.3283863,6.9303303,1.5567198,1.601944,30.064337
12.430988,10.692398,1.5739087,1.7385902,13.985937
3.4496276,4.496343,2.5722895,1.0467155,30.342854
0.0,1.0692277,1.6895102,1.0692277,106922770.0
11.387251,7.145285,1.0193546,4.241966,37.251884
5.762653,5.269769,1.7654691,0.49288368,8.553069
15.115027,7.150449,5.226519,7.9645786,52.693115
9.945511,9.29702,2.0675251,0.6484909,6.520438
4.022161,6.2264695,1.5348402,2.2043085,54.804085
4.847601,4.7795215,1.456198,0.06807947,1.4043951
0.0,6.036829,1.1871419,6.036829,603682940.0
4.126375,6.772075,4.350829,2.6457,64.116806
11.799236,11.368463,3.7410448,0.43077374,3.6508613
9.865679,6.438075,0.99977225,3.4276037,34.742706
0.0,6.9851813,1.1610192,6.9851813,698518140.0
6.827519,7.057413,1.1094663,0.22989416,3.3671699
0.0,4.1704583,1.083438,4.1704583,417045820.0
0.0,2.1699185,1.4824432,2.1699185,216991860.0
0.0,3.5249143,1.055615,3.5249143,352491420.0
9.924577,4.2049494,1.0376868,5.7196274,57.630947
17.473534,8.223618,1.6595876,9.249916,52.93672
12.196593,3.8216372,1.0758388,8.374956,68.66635
7.623027,7.438585,4.9247227,0.18444204,2.4195383
6.1110654,9.956577,1.0356151,3.845512,62.92703
0.0,2.7249997,1.0734471,2.7249997,272499970.0
0.0,2.5598235,1.6194764,2.5598235,255982350.0
0.0,0.0,1.5198307,0.0,0.0
0.0,3.5880542,0.9759326,3.5880542,358805400.0
0.0,0.0,1.5409867,0.0,0.0
12.008443,5.4296536,0.94788074,6.578789,54.7847
0.0,2.8836522,1.1853733,2.8836522,288365250.0
3.54669,2.4287124,1.1175512,1.1179776,31.521717
110.591606,123.567635,1.6164451,12.976028,11.733285
9.875493,8.049543,2.3646038,1.8259497,18.489706
12.929771,8.131569,1.2342198,4.7982025,37.109726
12.18564,11.47953,2.0670657,0.70611,5.794607
0.0,3.5875506,1.3075258,3.5875506,358755070.0
0.0,1.9955506,1.3481679,1.9955506,199555070.0
1.6056385,5.418979,1.2414342,3.8133407,237.49684
6.096082,6.6650968,1.3015466,0.56901455,9.334103
3.6092944,5.948133,1.0888581,2.3388386,64.80044
7.7283254,7.3316126,1.4119251,0.39671278,5.133231
0.65012383,2.70018,1.4602671,2.0500562,315.3332
24.638386,12.607601,3.829112,12.030785,48.829437
4.8511834,6.7077746,2.8945935,1.8565912,38.270893
0.0,4.532974,1.1483339,4.532974,453297380.0
8.961738,5.4013577,0.9872261,3.56038,39.72868
0.0,0.0,1.1978893,0.0,0.0
0.0,3.4470801,1.541038,3.4470801,344708000.0
9.009512,9.007078,1.4719782,0.0024337769,0.027013415
5.8047624,3.6694355,1.0039492,2.1353269,36.785774
0.0,0.0,1.1490753,0.0,0.0
0.0,1.2777209,1.1351237,1.2777209,127772100.0
0.0,0.8717408,1.3400176,0.8717408,87174080.0
9.062138,9.732018,1.6606848,0.66988087,7.392084
0.0,0.18223906,1.2142738,0.18223906,18223906.0
11.208796,8.68206,1.2498918,2.5267353,22.542433
46.478516,19.575115,1.5060103,26.9034,57.88352
0.0,4.8860736,1.5883195,4.8860736,488607360.0
1.5980116,3.877723,1.318115,2.2797112,142.65924
0.0,0.09083605,2.3305743,0.09083605,9083605.0
107.0903,108.997795,3.085175,1.9074936,1.7812011
8.413592,6.131024,1.6052972,2.2825685,27.129536
8.814686,5.027456,1.4272414,3.78723,42.965
0.0,0.84443235,1.0638224,0.84443235,84443240.0
0.0,0.0,1.2322084,0.0,0.0
6.0935974,13.097937,1.5427457,7.004339,114.94588
0.0,3.0577197,1.213313,3.0577197,305771970.0
0.0,0.0,1.7381673,0.0,0.0
0.0,0.0,1.2132988,0.0,0.0
0.0,1.4499979,1.3647238,1.4499979,144999790.0
9.169865,6.6306047,1.3277696,2.53926,27.691357
0.0,4.4755135,1.0265918,4.4755135,447551330.0
3.806092,7.9039755,1.1102972,4.097883,107.66643
2.8627949,12.882326,1.1646957,10.019531,349.99124
0.0,0.8460517,1.4339451,0.8460517,84605170.0
11.592575,10.207348,1.5912697,1.3852272,11.949263
0.0,0.0,1.3473513,0.0,0.0
0.0,6.0442033,0.9909701,6.0442033,604420350.0
15.703768,18.991764,1.1440521,3.2879963,20.937626
32.88668,24.828238,1.447559,8.058443,24.503668
9.435031,3.8135195,1.175534,5.6215115,59.58127
0.0,1.4670992,1.6682187,1.4670992,146709920.0
2.3386412,7.509883,1.0079916,5.1712418,221.12163
18.460747,14.484959,3.7756338,3.975788,21.536442
5.1253023,6.063982,1.2399976,0.9386797,18.314621
3.9084492,7.284659,1.7708799,3.3762097,86.38234
6.3249874,5.233909,0.9421507,1.0910783,17.250284
0.0,0.0,1.1781985,0.0,0.0
0.0,0.0,1.261232,0.0,0.0
8.08969,8.32072,1.3040303,0.23102951,2.8558512
14.3859625,13.590918,2.18211,0.7950449,5.526532
3.265783,8.918568,1.0740352,5.6527843,173.09125
0.0,0.0,1.1407447,0.0,0.0
16.43346,18.071854,0.9962892,1.6383934,9.969863
0.0,0.0,1.1297019,0.0,0.0
0.0,0.0,1.3602602,0.0,0.0
6.766551,4.5137177,1.4796113,2.2528334,33.293674
14.80469,6.385927,1.2314358,8.418763,56.865517
5.800404,4.500419,1.490479,1.2999849,22.411972
6.1625776,7.038244,1.1810975,0.87566614,14.209414
0.0,0.31205845,1.1393812,0.31205845,31205844.0
0.0,0.0,1.0490229,0.0,0.0
0.0,8.747301,1.3328545,8.747301,874730100.0
8.805419,19.951757,1.2408057,11.146338,126.584984
0.0,0.0,1.3972881,0.0,0.0
0.0,3.807714,1.432213,3.807714,380771400.0
0.0,0.0,2.4809363,0.0,0.0
0.0,0.0,1.4881308,0.0,0.0
0.15059501,1.1488218,4.687852,0.9982268,662.8552
0.0,7.406218,1.6451628,7.406218,740621800.0
1.3696913,5.2329183,1.3543096,3.863227,282.05093
0.0,0.9719167,1.0947751,0.9719167,97191660.0
0.0,2.9298916,1.2954463,2.9298916,292989150.0
2.0787945,8.439962,0.9487245,6.361168,306.00275
0.0,4.1608653,1.8557166,4.1608653,416086530.0
0.0,0.0,0.9497854,0.0,0.0
0.0,0.0,1.6793845,0.0,0.0
0.0,0.0,1.0392976,0.0,0.0
4.048077,9.183289,1.4224344,5.1352115,126.85557
10.075971,5.0546923,1.311321,5.0212784,49.83419
0.0,0.20963812,1.129587,0.20963812,20963812.0
8.705054,9.269384,1.6721158,0.5643301,6.4827867
0.0,0.0,1.5760032,0.0,0.0
17.373348,27.652594,1.2655249,10.279245,59.16675
8.022275,8.12174,2.5378382,0.09946537,1.2398648
0.0,0.0,1.5905671,0.0,0.0
41.156616,36.245426,1.478904,4.91119,11.93293
8.929782,8.062084,2.0303535,0.8676977,9.716897
7.206456,5.0701413,1.1398557,2.1363149,29.644457
0.0,2.1752524,1.4937099,2.1752524,217525230.0
85.57008,85.24561,3.286343,0.32447052,0.37918687
6.661338e-14,2.69282,1.7070218,2.69282,269282020.0
6.410027,8.137175,1.3578618,1.7271476,26.944466
6.1037235,2.2673435,4.1799464,3.83638,62.853107
17.656408,9.281924,1.4583536,8.374484,47.430283
13.890217,8.980087,1.5870533,4.9101295,35.349552
7.2669754,8.853357,4.486294,1.5863819,21.830015
38.171078,29.093592,4.2168474,9.077486,23.781057
0.0,3.2142477,0.9667665,3.2142477,321424770.0
4.440892e-14,7.427891,1.2972214,7.427891,742789060.0
25.743845,11.633671,1.5038106,14.110174,54.809895
14.295397,20.24495,1.5553519,5.9495525,41.61866
7.943726,8.344629,1.071392,0.40090322,5.046791
8.488303,5.167438,1.3196812,3.3208652,39.122837
0.0,0.0,1.1030966,0.0,0.0
0.0,0.0,1.3735331,0.0,0.0
13.672122,13.253408,1.4205794,0.41871357,3.0625353
0.0,1.5701747,1.229229,1.5701747,157017470.0
0.0,4.5232553,4.7485843,4.5232553,452325540.0
94.72053,98.89762,1.8817375,4.1770935,4.4099135
0.0,0.0,1.5641387,0.0,0.0
130.59625,135.98882,2.6727405,5.392563,4.1291866
0.0,0.0,1.2341634,0.0,0.0
0.0,0.0,1.1745162,0.0,0.0
0.0,0.0,1.4784751,0.0,0.0
12.712068,11.836094,5.2033405,0.8759737,6.8908825
0.0,0.1499281,1.454144,0.1499281,14992809.0
30.40236,23.335276,2.0751553,7.0670853,23.245184
0.0,4.6724033,1.4005624,4.6724033,467240320.0
1.3967907,4.1643763,1.7467318,2.7675855,198.13887
10.295851,8.710291,2.1804445,1.5855598,15.399988
14.697121,16.825846,3.2550993,2.128725,14.483959
0.0,0.0,1.3467743,0.0,0.0
7.212836,4.9176126,1.1292392,2.2952232,31.821371
4.403668,3.3709626,0.99028754,1.0327053,23.451025
6.8790083,6.218943,3.9787219,0.6600652,9.595353
8.598786,8.10397,1.5242813,0.49481678,5.7544956
0.0,0.0,1.3301027,0.0,0.0
0.0,0.26649427,1.1427803,0.26649427,26649428.0
39.789955,27.155165,1.2090933,12.63479,31.753717
8.740544,7.2213373,1.3296186,1.519207,17.38115
0.0,0.15352392,1.1552212,0.15352392,15352392.0
2.038283,5.1788874,1.8200711,3.1406043,154.08087
3.813231,7.1163898,1.0681819,3.3031588,86.62363
0.0,0.0,1.5131711,0.0,0.0
9.967469,6.4147305,1.2963006,3.5527387,35.643337
0.0,5.0808425,1.0521882,5.0808425,508084260.0
12.578647,2.2475576,0.972975,10.331089,82.13196
0.0,5.826487,1.2782283,5.826487,582648700.0
0.0,0.0,1.208878,0.0,0.0
0.0,1.5556526,1.726213,1.5556526,155565260.0
9.247284,4.9858203,0.9851325,4.2614636,46.08341
0.0,0.0,1.4557198,0.0,0.0
33.290962,29.41515,3.3628085,3.8758125,11.642236
0.0,2.8694398,1.2366877,2.8694398,286943970.0
0.0,1.358871,1.5662956,1.358871,135887100.0
0.0,0.0,1.2900425,0.0,0.0
7.554164,6.111524,4.4097795,1.4426398,19.097279
0.0,0.0,1.0264431,0.0,0.0
2.8834739,10.627859,1.6335852,7.7443852,268.5783
182.0412,160.58034,1.6869038,21.460861,11.789014
0.0,4.210239,2.2273314,4.210239,421023900.0
0.0,0.0,1.189175,0.0,0.0
28.934801,32.93138,1.6999657,3.9965801,13.812365
8.439488,4.7063956,1.3315237,3.7330928,44.233635
28.431875,21.264233,1.8942646,7.1676426,25.209885
0.0,0.68472433,1.0381619,0.68472433,68472430.0
5.5223627,3.8953147,1.0597537,1.627048,29.462896
9.506516,4.522684,1.3688384,4.9838324,52.425434
0.0,0.0,1.0843892,0.0,0.0
13.125223,11.719715,4.5664043,1.405508,10.708451
0.0,4.0675373,1.4547867,4.0675373,406753730.0
0.0,1.9831567,1.4185835,1.9831567,198315680.0
10.871305,10.483393,1.4239656,0.38791275,3.568226
2.1072185,5.8147893,0.95406425,3.7075708,175.9462
2.3322651,5.045769,1.1182942,2.713504,116.34629
8.656012,15.777866,1.799777,7.121855,82.276405
3.0183737,8.7374935,1.1339747,5.71912,189.47687
6.9754906,8.89676,1.0821706,1.9212694,27.543144
0.0,1.5572805,1.6805061,1.5572805,155728060.0
0.0,0.0,2.8800678,0.0,0.0
2.2678356,5.082177,1.3015414,2.8143415,124.09812
3.714055,9.309499,1.3288832,5.5954437,150.65591
27.184057,5.551064,1.0044297,21.632994,79.579704
6.3048916,8.23272,1.0700284,1.9278288,30.576717
13.134208,12.556084,5.263561,0.57812405,4.4016666
6.460684,10.222739,1.3316712,3.7620554,58.22999
136.43254,126.55832,3.2720156,9.874222,7.2374387
0.0,0.0,1.3656654,0.0,0.0
0.0,3.160584,1.0055684,3.160584,316058400.0
0.0,4.19492,1.1986446,4.19492,419492000.0
25.837706,16.189693,1.3248705,9.648012,37.340824
30.078669,34.76599,1.5150827,4.6873226,15.583545
0.0,4.640978,1.4815739,4.640978,464097800.0
0.0,0.0,1.4084179,0.0,0.0
0.0,0.0,1.3395278,0.0,0.0
12.420464,7.597715,1.0105683,4.8227487,38.829056
0.0,0.0,1.266261,0.0,0.0
0.0,0.103444576,1.9617677,0.103444576,10344458.0
0.0,3.210785,1.0327657,3.210785,321078500.0
0.0,0.0,1.4495406,0.0,0.0
7.2406964,7.058812,1.6204778,0.18188429,2.5119722
12.380573,13.240847,4.958137,0.86027336,6.9485745
0.0,6.7379146,1.3607453,6.7379146,673791400.0
23.544277,33.923565,1.3592713,10.379288,44.084118
4.4441175,4.628612,1.1888349,0.1844945,4.1514316
7.783734,4.9427495,0.9512713,2.8409843,36.498993
0.0,1.1623507,1.0385504,1.1623507,116235064.0
0.0,4.943485,0.9152024,4.943485,494348480.0
0.0,0.0,1.6332775,0.0,0.0
0.0,4.9966674,1.081012,4.9966674,499666750.0
39.889378,35.57068,4.0317135,4.318699,10.826689
11.262243,6.4806333,1.1332049,4.78161,42.456997
0.0,0.0,1.3197765,0.0,0.0
37.970352,9.6481,1.078356,28.322252,74.59044
0.0,0.0,1.6272428,0.0,0.0
0.0,4.026268,1.089275,4.026268,402626800.0
0.58056873,5.5605254,1.6551898,4.9799566,857.7721
1.9917523,5.309544,0.9755123,3.317792,166.57654
0.24420474,4.0727124,1.2367278,3.8285077,1567.745
3.227043,1.9620376,3.6272874,1.2650054,39.20014
0.0,1.0656123,0.97872436,1.0656123,106561230.0
0.0,0.36430264,1.0230267,0.36430264,36430264.0
6.6559143,8.302874,1.3209106,1.6469593,24.744297
0.0,0.0,1.2521849,0.0,0.0
7.8163548,8.116398,5.066666,0.3000431,3.8386576
0.0,0.0,4.070314,0.0,0.0
11.384331,4.8635526,1.129967,6.520778,57.278538
0.0,0.0,1.1141112,0.0,0.0
14.388642,8.93128,1.6323179,5.457362,37.928265
0.0,0.0,1.8779265,0.0,0.0
32.12412,17.330524,1.2990052,14.793594,46.05136
15.938415,6.7226915,1.0287503,9.215723,57.820827
0.0,0.0,1.0552346,0.0,0.0
0.0,0.0,1.4623033,0.0,0.0
199.6956,153.27428,1.2142597,46.421326,23.246044
0.0,4.051818,1.3478184,4.051818,405181800.0
0.0,0.0,1.285485,0.0,0.0
8.125853,6.8574486,1.2611496,1.268404,15.6094885
4.3307934,6.935767,4.8121505,2.6049738,60.150036
0.0,1.5170484,0.9826162,1.5170484,151704830.0
0.0,0.0,1.4374617,0.0,0.0
7.271205,12.469929,1.4784061,5.198724,71.49741
37.09555,37.152798,1.9279605,0.057247162,0.15432353
0.0,0.0,1.0451037,0.0,0.0
10.024208,14.782793,1.2975581,4.758585,47.470932
11.890468,9.537163,1.8910443,2.3533049,19.791525
62.746235,52.63495,1.8228732,10.111286,16.11457
10.942084,8.006624,1.633462,2.93546,26.82725
2.529555,5.009069,1.8950956,2.479514,98.021736
5.7919197,5.230277,1.4151541,0.56164265,9.697003
36.44893,19.70191,1.269125,16.747019,45.946533
12.342574,5.9253383,1.3065232,6.417236,51.992683
0.0,1.7144551,1.5724447,1.7144551,171445500.0
12.185562,1.3964648,1.1530414,10.789097,88.54
11.093611,14.115498,1.4728467,3.0218868,27.239885
10.061029,6.7445827,0.9658802,3.3164468,32.963295
0.033308394,5.9845047,1.3717649,5.951196,17866.957
0.0,0.0,0.95054424,0.0,0.0
0.0,0.109102726,1.1380513,0.109102726,10910273.0
12.368299,13.432365,1.0960661,1.0640669,8.60318
9.402877,14.172752,1.5016574,4.7698755,50.727833
16.171946,15.107906,1.3231194,1.0640392,6.5795374
0.0,1.5006595,0.9627264,1.5006595,150065950.0
13.107671,10.524721,2.2035818,2.5829496,19.705633
3.7464035,4.8068094,1.343792,1.060406,28.304638
56.95505,62.5153,3.3844388,5.5602493,9.762522
7.951031,8.580007,1.1151208,0.6289754,7.910614
0.0,0.0,1.297855,0.0,0.0
7.301714,6.1575694,0.9985056,1.1441445,15.669534
20.214647,11.639841,1.3024644,8.574806,42.418777
0.0,10.814669,1.1315281,10.814669,1081466900.0
14.144844,12.362256,2.4325862,1.782588,12.602387
20.534063,14.389833,1.1912583,6.14423,29.922132
14.33592,15.908094,1.9843044,1.5721741,10.966677
16.634127,14.503937,5.174134,2.13019,12.806142
28.527082,41.752552,1.4573685,13.22547,46.361103
0.0,0.0,1.2764977,0.0,0.0
11.587493,6.0516663,1.0250605,5.5358267,47.77415
7.464287,6.140713,4.6299515,1.3235736,17.732084
4.277091,13.641058,1.3745749,9.363967,218.93307
6.3781223,8.125349,1.6838771,1.7472267,27.39406
2.9686801,3.681271,0.9392137,0.71259093,24.003628
0.0,5.808554,0.97055393,5.808554,580855400.0
8.505551,14.407572,3.298154,5.9020205,69.39021
9.37096,4.905887,0.9299697,4.465073,47.64798
0.0,0.0,1.5006987,0.0,0.0
21.737795,21.264908,1.105789,0.47288704,2.175414
5.8914433,7.88759,1.7591745,1.9961467,33.882133
0.0,5.7751827,1.3081675,5.7751827,577518300.0
0.0,1.6760812,0.8892353,1.6760812,167608130.0
6.767032,6.937387,2.3574195,0.17035484,2.5174234
0.0,0.0,1.765308,0.0,0.0
33.38007,12.301708,1.9303913,21.078362,63.14655
0.0,0.0,1.5850908,0.0,0.0
0.0,5.11114,1.8760313,5.11114,511114000.0
0.0,0.0,1.0149,0.0,0.0
0.0,0.8041043,1.1325635,0.8041043,80410430.0
1.7580434,13.013035,1.4655638,11.254992,640.1999
0.0,3.4907992,1.0295008,3.4907992,349079940.0
0.0,0.07845068,1.447078,0.07845068,7845068.0
0.0,3.0278974,1.7285224,3.0278974,302789730.0
0.35066673,6.6271152,4.8507404,6.2764487,1789.8616
1.8718303,0.0,2.8375728,1.8718303,100.0
14.536195,15.288574,5.0352836,0.7523794,5.175904
10.913354,13.151344,0.991303,2.2379904,20.506899
0.0,3.2970617,1.3420053,3.2970617,329706180.0
12.750489,6.1378255,1.2781596,6.6126637,51.862038
0.0,1.3692565,1.2679325,1.3692565,136925650.0
107.7846,112.522995,3.9485817,4.7383957,4.3961716
0.0,5.4089117,1.1618304,5.4089117,540891200.0
1.6891925,0.0,2.4313293,1.6891925,100.0
0.0,2.365888,1.2307285,2.365888,236588800.0
21.82701,17.639833,1.6437907,4.1871758,19.183462
0.0,0.0,1.0130434,0.0,0.0
7.9024596,5.86776,1.5469214,2.0346994,25.747673
0.0,7.3621397,1.4034282,7.3621397,736214000.0
8.49176,6.01514,1.2974831,2.4766202,29.16498
4.901281,8.169054,1.1409445,3.2677732,66.67182
86.97007,88.54783,3.3707662,1.5777588,1.81414
0.0,1.9967451,1.34134,1.9967451,199674510.0
0.0,8.360308,1.5677599,8.360308,836030800.0
0.0,4.850645,1.496649,4.850645,485064500.0
10.064038,9.509186,4.3600416,0.5548525,5.5132194
0.0,1.0712495,0.988676,1.0712495,107124940.0
12.016433,11.219347,2.1489067,0.79708576,6.6332974
12.063247,7.2273765,1.0437065,4.8358703,40.087635
0.0,0.0,4.6475043,0.0,0.0
33.640614,17.703133,1.4125903,15.937481,47.375713
0.0,3.142713,1.1469802,3.142713,314271300.0
9.574593,3.0417566,0.99014693,6.532836,68.23095
36.590843,35.266273,3.6188715,1.3245697,3.6199486
7.111148,5.0913157,2.363569,2.0198321,28.403742
0.0,3.0304914,1.6786278,3.0304914,303049120.0
10.067239,7.5161214,1.0815139,2.5511174,25.340786
13.390003,7.3161116,1.2546781,6.0738916,45.36139
17.174313,12.45332,1.6980045,4.720993,27.488688
0.0,0.0,1.8050708,0.0,0.0
69.58366,66.669624,3.979763,2.914032,4.187811
6.990036,6.3626995,0.8731858,0.6273365,8.974725
0.0,3.5829835,4.345516,3.5829835,358298340.0
8.9580965,4.8624372,1.1141437,4.0956593,45.720196
40.713993,54.716393,4.457194,14.002399,34.392105
6.5988364,14.079613,1.286349,7.4807763,113.36508
1.9493546,7.631654,1.2401268,5.682299,291.49643
12.802226,10.754459,1.9883586,2.0477667,15.995396
14.326936,5.987909,1.3294586,8.339027,58.20524
0.0,0.21648598,1.4010512,0.21648598,21648598.0
11.99696,8.7818165,5.2450557,3.2151432,26.79965
0.0,0.0,1.8207852,0.0,0.0
0.0,9.056093,1.3243636,9.056093,905609340.0
0.0,0.0,1.5389072,0.0,0.0
11.845319,9.379458,1.5429943,2.4658604,20.817171
0.0,1.2187896,1.1903373,1.2187896,121878960.0
2.1592085,3.2155037,1.7307813,1.0562952,48.92048
182.88596,161.60529,1.6972253,21.28067,11.636032
0.0,0.0,3.1945355,0.0,0.0
32.623047,21.244675,1.1074195,11.378372,34.878323
0.0,2.454184,1.1566559,2.454184,245418420.0
0.0,0.3243699,1.47124,0.3243699,32436988.0
4.4043355,7.945537,1.2443768,3.5412016,80.402626
0.0,0.0,2.363079,0.0,0.0
0.0,1.8334384,1.2700548,1.8334384,183343840.0
19.441576,12.289339,1.341797,7.152237,36.78836
1.7723787,0.0,3.8773584,1.7723787,100.0
14.491445,9.428246,1.2440112,5.063199,34.93923
7.1618595,7.453792,3.08385,0.29193258,4.076212
0.0,0.0,1.3195728,0.0,0.0
0.0,4.654225,1.6456201,4.654225,465422500.0
15.696116,13.091558,1.318353,2.604558,16.593647
0.0,4.125501,1.1365443,4.125501,412550100.0
15.432109,10.749508,1.5678061,4.682601,30.343235
4.7328267,4.1762805,0.9425889,0.5565462,11.759277
0.0,1.75003,0.98135173,1.75003,175003000.0
76.75213,71.82618,4.1602006,4.925949,6.417997
0.0,0.0,1.1843599,0.0,0.0
15.261095,9.788013,0.9679465,5.4730816,35.86297
12.793361,10.300037,5.3390017,2.4933233,19.489197
3.776971,1.7653737,2.9010828,2.0115974,53.25954
14.350067,12.469824,2.5762641,1.8802433,13.102679
10.064909,10.572355,1.894268,0.5074463,5.0417376
25.773624,20.9267,2.4216976,4.846924,18.805752
2.8201723,3.4002204,1.069785,0.5800481,20.567823
0.0,8.715687,1.4884192,8.715687,871568640.0
0.0,0.0,1.32368,0.0,0.0
20.167767,10.885504,1.5065807,9.282263,46.025238
10.932591,19.352217,1.3546954,8.419625,77.01399
0.0,3.8424754,1.0372806,3.8424754,384247520.0
0.0,0.0,1.3245789,0.0,0.0
2.0092506,8.487595,1.5238476,6.478344,322.42587
0.0,4.87883,1.0163817,4.87883,487883000.0
2.3103755,7.138603,0.99421656,4.828228,208.98024
3.8942516,6.3116994,2.0763457,2.4174478,62.07734
0.0,0.0,0.95867324,0.0,0.0
6.112282,11.410326,4.2265263,5.298044,86.678665
0.0,1.2731223,0.96216553,1.2731223,127312230.0
0.0,0.0,2.150457,0.0,0.0
4.1538644,4.7115026,1.426281,0.55763817,13.424563
0.0,0.0,1.6568955,0.0,0.0
12.944707,13.939598,2.6995275,0.99489117,7.685699
14.274425,10.260107,1.8940768,4.0143175,28.122448
0.0,0.0,1.1420723,0.0,0.0
0.98251706,5.377746,2.3134122,4.395229,447.34378
0.0,3.0602913,1.3609961,3.0602913,306029120.0
7.0387263,3.3437777,1.3579531,3.6949487,52.494564
0.0,4.460673,1.0954378,4.460673,446067300.0
0.0,2.5915728,1.2540022,2.5915728,259157300.0
0.0,6.632319,1.2528694,6.632319,663231900.0
0.0,7.1431527,1.231205,7.1431527,714315260.0
0.0,6.176899,1.0529764,6.176899,617689860.0
0.0,2.9985476,1.2374609,2.9985476,299854750.0
0.0,0.0,0.9535303,0.0,0.0
0.0,0.0,1.3879143,0.0,0.0
14.427711,7.366095,1.1584659,7.0616155,48.94481
0.0,0.65838337,1.2094641,0.65838337,65838332.0
0.0,0.0,1.0891138,0.0,0.0
11.552236,12.188825,4.7037425,0.63658905,5.510527
0.0,0.0,1.2916944,0.0,0.0
0.0,0.0,1.332201,0.0,0.0
2.8298125,7.789673,1.0682667,4.9598603,175.27168
5.900353,20.09776,1.2336425,14.197407,240.61963
5.7915382,10.543737,1.3957741,4.752199,82.05418
0.0,0.0,1.2283108,0.0,0.0
8.480452,5.580642,1.9068624,2.8998094,34.194042
0.60906863,5.877732,1.2378554,5.2686634,865.0361
15.046652,15.6054325,2.3414927,0.55878067,3.7136545
0.0,0.0,1.5176072,0.0,0.0
5.075684,7.245414,2.3338823,2.1697297,42.747536
8.124511,8.079248,1.3397862,0.045262337,0.55710846
9.768702,5.2806745,1.3112628,4.488027,45.942924
0.0,3.1218019,1.1400532,3.1218019,312180200.0
11.672812,6.0837264,0.9179492,5.589086,47.88123
0.0,1.3537278,0.9545779,1.3537278,135372780.0
0.0,1.0221868,1.7751012,1.0221868,102218670.0
3.8887327,6.0950694,1.66789,2.2063367,56.736652
0.0,0.636806,1.0074644,0.636806,63680604.0
5.530176,3.6525512,1.145595,1.877625,33.952354
0.0,5.0014443,1.412703,5.0014443,500144450.0
0.0,1.5937991,1.2681634,1.5937991,159379920.0
8.801751,4.0942326,1.0321274,4.7075186,53.483887
47.192272,30.424606,1.4597243,16.767666,35.530533
63.47238,77.13266,3.3939288,13.660278,21.52161
0.0,1.7581182,0.9630285,1.7581182,175811800.0
3.6373637,6.3772874,1.5864145,2.7399237,75.32719
0.0,0.0,2.7129726,0.0,0.0
0.0,0.0,1.2082515,0.0,0.0
0.0,0.0,1.1642274,0.0,0.0
0.0,2.3880737,1.5559164,2.3880737,238807380.0
4.576189,6.566707,1.1210794,1.9905181,43.497288
4.090285,6.2117996,3.5486872,2.1215148,51.867165
0.0,4.1905355,1.3105761,4.1905355,419053570.0
12.441877,11.079863,5.3046875,1.3620148,10.94702
0.0,0.86431026,1.0564964,0.86431026,86431030.0
0.0,0.56246185,2.2767298,0.56246185,56246184.0
0.0,0.0,1.2740718,0.0,0.0
0.0,0.0,3.0555518,0.0,0.0
6.4073815,8.325763,1.5909635,1.9183812,29.940174
38.351536,28.977901,1.3799413,9.373634,24.441353
4.543411,4.446489,2.4485393,0.09692192,2.1332414
14.638965,9.322485,1.2249334,5.3164797,36.317318
0.0,14.433327,1.3658819,14.433327,1443332600.0
0.0,0.0,1.0836326,0.0,0.0
8.80148,7.391422,2.4056072,1.4100585,16.020697
25.929623,25.560495,2.0489972,0.36912727,1.4235736
10.881858,7.675245,1.4076363,3.206613,29.467516
37.28163,25.642315,1.3035607,11.639317,31.219976
9.459592,7.9863873,1.5431926,1.4732046,15.57366
3.7631025,5.636634,1.2200797,1.8735313,49.78688
9.983474,8.942021,1.4734617,1.0414524,10.431764
0.0,0.43363237,1.1242785,0.43363237,43363236.0
1.1490346,5.762529,1.7865661,4.6134944,401.51047
0.0,0.0,1.3868805,0.0,0.0
15.471896,17.616165,1.2653832,2.144269,13.859122
0.0,1.7036386,1.7629619,1.7036386,170363860.0
0.0,4.910295,1.0651546,4.910295,491029500.0
5.115872,5.3265705,3.270748,0.2106986,4.118528
0.0,0.0,1.3538941,0.0,0.0
0.0,0.0,1.16895,0.0,0.0
4.9841633,6.8813343,1.1048951,1.897171,38.063984
0.0,2.2533684,1.3836365,2.2533684,225336830.0
6.912418,9.082948,1.4344459,2.1705298,31.400442
0.0,7.163468,1.1245143,7.163468,716346800.0
10.653063,5.662329,1.007187,4.9907336,46.847878
10.768215,8.1404705,1.0683167,2.6277447,24.402788
0.0,0.0,1.0532272,0.0,0.0
0.0,0.0,1.7522712,0.0,0.0
11.992865,11.296072,1.0707866,0.6967926,5.8100595
7.0720773,11.370667,3.9717178,4.29859,60.782566
0.0,1.8272791,1.6129609,1.8272791,182727900.0
0.0,7.197166,3.3150113,7.197166,719716600.0
0.0,0.0,1.3413918,0.0,0.0
8.345218,10.654871,3.4099367,2.3096533,27.67637
0.0,0.0,4.004973,0.0,0.0
17.621729,16.218088,4.777566,1.4036407,7.9653974
20.301975,16.867573,2.7133403,3.4344025,16.916594
2.9495301,11.479008,1.3671995,8.529478,289.1809
11.259566,9.363192,2.1306658,1.8963747,16.842342
10.778207,10.611353,1.9636374,0.1668539,1.5480673
4.1972837,9.810318,1.2759731,5.6130342,133.73015
9.621815,3.3693419,1.1942439,6.252473,64.98226
11.903184,9.381216,2.061492,2.521968,21.18734
7.215226,9.530788,2.8546143,2.3155622,32.09272
0.0,1.8458705,1.0158571,1.8458705,184587060.0
0.0,2.92133,1.8703878,2.92133,292133000.0
0.0,0.0,1.2756883,0.0,0.0
0.0,2.0575595,1.2962985,2.0575595,205755950.0
8.725229,9.323679,1.3286643,0.5984497,6.8588424
12.259607,11.585383,1.5439427,0.6742239,5.4995556
11.359464,10.761091,2.023275,0.59837246,5.267612
0.0,1.1432033,1.3951802,1.1432033,114320330.0
0.0,0.0,1.8904097,0.0,0.0
0.0,0.0,1.3025573,0.0,0.0
0.0,2.0272431,1.7457793,2.0272431,202724320.0
8.549267,8.661733,4.693781,0.11246586,1.315503
8.899074,7.6318316,1.8935944,1.267242,14.240156
10.552847,8.852274,1.5756098,1.700573,16.114826
0.0,0.0,1.4414759,0.0,0.0
20.78336,1.5631585,1.1832207,19.220201,92.4788
13.596028,15.78694,1.9806962,2.1909113,16.114347
7.6380434,12.460105,1.0438153,4.8220615,63.132156
10.655977,3.8965526,1.2197709,6.7594247,63.433174
0.0,2.3053231,1.0625253,2.3053231,230532320.0
16.07686,17.663181,1.7644273,1.5863209,9.8671055
0.0,7.449974,5.2064676,7.449974,744997440.0
178.71745,153.85966,2.398022,24.857788,13.908987
0.0,0.0,1.3035264,0.0,0.0
0.0,0.0,1.3133485,0.0,0.0
0.0,0.0,1.3281287,0.0,0.0
36.39607,45.3987,4.1325507,9.002632,24.735176
4.5881777,13.936371,4.950804,9.348193,203.74524
16.28708,13.140442,5.0511074,3.1466389,19.319845
0.0,5.4796147,1.4734106,5.4796147,547961500.0
0.0,0.19303894,1.331268,0.19303894,19303894.0
0.0,0.93750906,1.5415281,0.93750906,93750910.0
14.388851,9.007291,1.3001492,5.3815603,37.4009
0.0,0.0,1.4869192,0.0,0.0
0.0,0.0,1.2364285,0.0,0.0
20.201542,12.715467,1.3707433,7.4860744,37.056946
0.0,0.31723356,1.0722284,0.31723356,31723356.0
6.4246573,2.7575278,1.1233238,3.6671295,57.07899
3.2079637,2.8314347,1.9742613,0.37652898,11.73732
0.0,0.0,3.1961215,0.0,0.0
0.0,4.154274,1.1214604,4.154274,415427400.0
8.75446,8.972567,1.0994517,0.21810627,2.491373
7.6738467,7.2728214,4.5970364,0.4010253,5.2258706
9.035495,7.093391,1.4965879,1.9421039,21.494162
0.0,0.7795534,1.3646951,0.7795534,77955336.0
0.0,1.7111878,1.1331772,1.7111878,171118780.0
3.5445175,4.7435393,1.6964924,1.1990218,33.827503
48.796642,66.4511,1.6029013,17.65446,36.17966
0.0,0.0,1.6341321,0.0,0.0
9.937254,13.955463,1.546272,4.0182095,40.435814
0.0,0.62552214,1.1116097,0.62552214,62552216.0
7.7561717,11.422134,1.1561421,3.6659627,47.265106
11.672356,10.810888,1.2977889,0.86146736,7.380407
0.0,0.0,4.7452345,0.0,0.0
0.0,0.0,4.4910274,0.0,0.0
0.0,2.5365443,1.3498229,2.5365443,253654430.0
7.65611,6.9364176,1.273928,0.71969223,9.400234
4.989608,6.3980675,1.7454903,1.4084597,28.227863
33.720703,25.965885,1.8221135,7.754818,22.997202
1.2958173,5.739716,1.209438,4.4438987,342.94177
11.123111,6.5911374,1.2178077,4.5319734,40.74376
7.0635195,8.022297,1.8029921,0.9587774,13.57365
0.0,0.0,1.6637101,0.0,0.0
0.0,5.8768234,1.0597095,5.8768234,587682370.0
12.679938,9.510538,2.836925,3.1694002,24.995392
14.440873,6.4782677,4.6969714,7.9626055,55.139362
0.0,0.0,1.5520084,0.0,0.0
22.339725,12.067661,2.3736115,10.272064,45.981155
0.0,0.34313154,1.2149326,0.34313154,34313156.0
12.44991,8.351537,1.2446588,4.0983734,32.9189
20.307913,7.6960135,1.3143444,12.611899,62.103374
14.705411,6.609188,0.9983652,8.096223,55.056084
0.0,0.0,1.1999439,0.0,0.0
33.64163,27.45247,1.4092621,6.1891575,18.39732
0.0,0.0,1.1001619,0.0,0.0
4.500995,3.329331,2.0156672,1.1716642,26.031227
0.0,0.0,1.2144082,0.0,0.0
10.220027,6.0106883,1.0041572,4.2093387,41.187157
3.4780731,13.377014,1.2040665,9.898941,284.60992
0.0,0.0,1.5304465,0.0,0.0
0.7395589,8.75807,2.2156205,8.018511,1084.2289
0.0,0.62535524,1.431371,0.62535524,62535524.0
0.0,0.0,1.6917486,0.0,0.0
0.0,0.0,1.4380891,0.0,0.0
11.450122,9.421543,5.0359564,2.0285788,17.716658
0.0,0.0,1.3088628,0.0,0.0
13.993871,6.579827,1.1142943,7.414044,52.98065
0.0,1.4132214,0.9674144,1.4132214,141322140.0
0.0,0.0,1.2097006,0.0,0.0
0.0,1.5455775,1.1161689,1.5455775,154557760.0
13.174692,11.806515,2.8405492,1.3681774,10.3848915
0.0,0.0,1.2200062,0.0,0.0
0.0,0.0,1.03564,0.0,0.0
16.427752,18.78667,1.2985396,2.3589191,14.359354
6.450455,6.1677375,2.3466792,0.2827177,4.3829107
0.0,2.9460301,1.4080732,2.9460301,294603040.0
7.221853,10.302287,1.8857962,3.0804343,42.65435
1.2497689,4.051195,1.1450471,2.8014264,224.15556
14.7404175,6.8277164,1.2887208,7.912701,53.68031
50.368645,54.445972,1.3699687,4.0773277,8.094973
7.121096,3.660953,1.0179746,3.460143,48.590034
0.0,0.0,1.0859245,0.0,0.0
0.0,5.036546,1.1860489,5.036546,503654620.0
0.0,0.0,1.6293782,0.0,0.0
0.0,2.1526399,1.0095656,2.1526399,215264000.0
0.0,0.0,1.3314542,0.0,0.0
15.122113,19.407673,1.1688643,4.2855597,28.339687
0.0,0.0,3.1211882,0.0,0.0
0.0,0.0,1.331818,0.0,0.0
15.676476,7.0839868,1.2837123,8.592489,54.811356
2.6293645,1.0379043,1.6818602,1.5914602,60.526424
0.0,3.239365,1.2054676,3.239365,323936500.0
0.0,5.5654097,1.4098669,5.5654097,556540900.0
1.0621748,5.6904407,1.2988099,4.628266,435.73486
35.33238,31.529045,1.3694563,3.8033333,10.7644415
0.0,8.113792,2.0406873,8.113792,811379260.0
14.819554,15.676992,2.804598,0.8574381,5.785856
17.754725,16.091537,1.2823141,1.663187,9.367574
0.0,0.0,1.2222593,0.0,0.0
9.24314,3.809239,1.1008924,5.4339013,58.78848
0.0,0.0,1.3440291,0.0,0.0
0.0,0.0,1.2099284,0.0,0.0
7.3947783,6.315529,1.3506937,1.0792494,14.59475
7.0083284,9.2395935,1.7973639,2.231265,31.837336
5.520483,5.081993,1.2076838,0.4384899,7.9429626
13.334683,13.450903,1.4959472,0.11621952,0.8715581
7.3963084,9.465572,1.9658725,2.069264,27.976982
0.57103133,5.672074,1.3992755,5.1010427,893.30347
96.23904,131.96,2.4585865,35.72097,37.116924
0.0,2.365456,1.0409489,2.365456,236545620.0
12.9043865,7.9768996,1.1080272,4.927487,38.18459
8.424316,5.4459653,2.4327707,2.978351,35.354218
0.0,4.823583,1.4234686,4.823583,482358300.0
0.0,7.9900765,1.8432499,7.9900765,799007600.0
0.0,1.5277219,1.3611293,1.5277219,152772200.0
0.0,0.0,1.2341967,0.0,0.0
9.644984,8.322523,2.1103907,1.3224611,13.711387
0.0,0.0,1.0950965,0.0,0.0
0.0,2.0767455,1.9274045,2.0767455,207674540.0
10.952003,5.283792,1.4484152,5.6682105,51.755013
0.0,0.0,1.5164926,0.0,0.0
8.991042,7.2446194,1.958131,1.7464228,19.42403
13.199397,18.40049,1.4245595,5.2010927,39.404015
127.899635,105.983376,3.6789303,21.91626,17.135513
8.096994,9.222971,3.9748242,1.1259766,13.906105
11.205582,13.826397,1.2410194,2.6208153,23.388481
0.0,0.0,3.0253472,0.0,0.0
3.3117568,7.3675585,1.1848091,4.0558014,122.46676
0.0,0.0,0.9205532,0.0,0.0
8.205944,7.016162,1.6220331,1.1897821,14.499027
24.499392,17.37665,2.4923632,7.1227417,29.073137
135.75539,133.25674,2.5331433,2.498642,1.8405472
0.0,0.0,1.3943084,0.0,0.0
0.0,5.361585,1.2778642,5.361585,536158500.0
7.128105,8.806757,2.0114381,1.6786518,23.54976
11.71177,12.138117,4.8271403,0.42634678,3.6403275
0.0,8.25182,1.075587,8.25182,825181950.0
0.0,0.0,1.4765872,0.0,0.0
11.429242,11.793009,1.9209896,0.36376667,3.1827717
8.865385,4.7627897,1.4413594,4.1025953,46.276558
17.047523,11.660622,1.4594048,5.386902,31.599321
19.14147,7.76948,3.6289387,11.37199,59.41022
0.0,8.775875,1.4481926,8.775875,877587500.0
0.0,3.0377412,1.1147162,3.0377412,303774100.0
0.0,2.9709914,1.4395599,2.9709914,297099170.0
8.355862,14.276489,2.3022904,5.9206276,70.85598
0.0,6.357011,1.733905,6.357011,635701100.0
16.735025,7.715366,1.082123,9.019659,53.896893
47.489902,11.773907,1.1753596,35.715996,75.20756
0.0,0.0,1.6273489,0.0,0.0
5.6211543,4.2502656,1.0753024,1.3708887,24.388027
8.343993,10.163124,2.0195832,1.8191309,21.801682
0.0,5.770508,1.656945,5.770508,577050750.0
0.0,0.0,0.96146256,0.0,0.0
14.7625675,7.4005656,1.3664885,7.362002,49.86939
0.0,0.0,1.8254,0.0,0.0
0.0,1.6363726,1.3273717,1.6363726,163637250.0
153.474,155.17249,1.3831553,1.6984863,1.1066933
27.009525,17.515966,1.3102268,9.493559,35.14893
26.372055,20.963121,1.0996754,5.4089336,20.510096
1.2262293,6.783364,1.2976735,5.5571346,453.18884
10.505819,11.48781,1.6471957,0.9819908,9.347113
0.0,0.0,1.4880167,0.0,0.0
0.113020316,2.9733655,1.9913578,2.8603451,2530.824
32.525017,25.202164,1.5808711,7.322853,22.514524
0.0,3.8769736,1.6475013,3.8769736,387697340.0
30.36664,23.83366,3.6666808,6.53298,21.513674
8.069802,8.08201,1.841464,0.012207985,0.15127985
0.0,1.8319068,1.073552,1.8319068,183190670.0
16.434214,6.4558067,1.3789189,9.978407,60.717278
0.0,0.0063433647,1.0173215,0.0063433647,634336.5
34.28007,20.132702,1.2446727,14.147369,41.269955
6.430957,10.811897,1.7185559,4.3809404,68.12269
4.1815095,8.101439,1.4755354,3.91993,93.74438
6.848346,6.793064,2.0911586,0.055282116,0.8072331
0.0,3.4580636,0.93342334,3.4580636,345806370.0
21.307178,18.678415,1.4500886,2.6287632,12.337453
8.787752,19.431082,1.3601775,10.64333,121.1155
0.0,0.9072523,1.3046577,0.9072523,90725230.0
0.0,3.79388,0.8766042,3.79388,379388000.0
31.937746,9.239594,1.3608167,22.69815,71.06998
0.0,4.6670833,1.0900539,4.6670833,466708320.0
6.666258,8.508841,1.6906428,1.8425827,27.640436
4.5412173,9.170408,3.4800196,4.629191,101.937225
0.0,0.94324493,1.1130621,0.94324493,94324500.0
13.719526,13.7137985,5.1601934,0.005727768,0.041749023
10.320349,10.37076,1.535213,0.050411224,0.48846436
54.2061,50.57404,2.8736784,3.632061,6.7004657
9.834088,9.323318,1.192708,0.5107708,5.1938806
0.0,8.82766,1.5181795,8.82766,882766000.0
14.414394,14.331285,5.207943,0.0831089,0.5765688
3.7406228,5.167743,2.423362,1.4271204,38.15195
0.0,0.0,2.7189517,0.0,0.0
5.783321,10.909996,1.8502699,5.126675,88.645874
0.0,0.0,2.7191005,0.0,0.0
0.0,1.3198457,1.0175005,1.3198457,131984580.0
0.0,0.0,1.0353867,0.0,0.0
0.0,0.0,1.2549866,0.0,0.0
0.0,0.0,1.3862436,0.0,0.0
0.0,0.0,2.4243672,0.0,0.0
0.0,3.9726288,1.5702775,3.9726288,397262880.0
0.0,0.707778,1.2541786,0.707778,70777800.0
1.660075,3.8397727,1.8618507,2.1796978,131.30116
0.0,0.0,1.1665767,0.0,0.0
78.54012,82.03551,3.0375316,3.4953842,4.450444
0.0,2.4910703,0.931954,2.4910703,249107020.0
0.0,4.358909,1.3316153,4.358909,435890900.0
9.554152,12.58964,1.403511,3.0354881,31.771406
9.401023,9.179658,2.8738437,0.22136497,2.3546903
2.6849105,4.3306575,0.99283147,1.645747,61.296154
0.0,0.0,1.3038234,0.0,0.0
0.0,3.41624,1.3627937,3.41624,341624000.0
6.1768303,4.6892753,1.093894,1.487555,24.082823
0.0,0.065041065,1.029435,0.065041065,6504106.5
0.0,0.0,1.5547839,0.0,0.0
0.0,0.0,1.7956195,0.0,0.0
0.0,0.0,1.1611596,0.0,0.0
9.757268,11.818918,1.4111001,2.0616503,21.12938
6.9667935,7.245013,2.4623837,0.2782197,3.9935114
0.0,0.55793524,1.029524,0.55793524,55793524.0
21.891302,16.759312,1.1827806,5.1319904,23.443056
0.0,0.62597513,1.3600807,0.62597513,62597510.0
10.011035,9.327858,4.7098126,0.683177,6.8242397
109.07105,106.97443,2.9310498,2.0966263,1.9222573
7.2090445,7.9172993,1.5986482,0.7082548,9.824532
0.0,1.808353,1.4847838,1.808353,180835300.0
0.0,0.7143502,1.0060084,0.7143502,71435020.0
6.0741215,4.839204,1.1022629,1.2349176,20.330801
23.220896,21.019457,1.3352121,2.201439,9.480422
7.2333713,4.6821723,1.1231337,2.551199,35.269848
14.455873,7.5002136,1.4269234,6.955659,48.116493
3.2113724,6.1872644,1.3958725,2.975892,92.6673
33.32291,29.5077,1.5681624,3.8152103,11.449211
0.0,4.4045167,0.90523624,4.4045167,440451650.0
0.0,0.0,1.4609821,0.0,0.0
6.8711214,7.9290376,4.4872437,1.0579162,15.396558
25.429197,16.774498,1.5022472,8.654699,34.034496
0.0,0.0,2.2413576,0.0,0.0
7.285611,7.830156,2.423388,0.5445447,7.4742484
185.46921,145.80069,3.3039815,39.668518,21.388197
0.0,2.3220556,1.4254456,2.3220556,232205550.0
3.432579,0.90111065,2.0882556,2.5314684,73.74829
12.6324215,8.388483,1.5820037,4.2439384,33.595608
0.0,0.0,1.4899446,0.0,0.0
18.947176,21.238728,1.3567355,2.2915516,12.094422
0.92100406,7.8297048,1.0620719,6.908701,750.12714
0.0,5.6594005,1.1913912,5.6594005,565940100.0
12.268191,13.126667,1.8188404,0.8584757,6.997573
0.0,6.6654925,1.3206521,6.6654925,666549250.0
0.0,4.899151,1.0784763,4.899151,489915100.0
30.88618,25.007475,2.7097852,5.878706,19.033451
4.113096,4.310908,2.3726006,0.1978116,4.8093114
0.0,0.0,1.4331249,0.0,0.0
0.0,2.8613021,1.2063217,2.8613021,286130200.0
94.31855,84.00355,1.4525212,10.315002,10.936345
58.21068,48.006554,1.5333327,10.204124,17.529644
7.6987505,6.279875,1.7812095,1.4188757,18.429949
0.0,0.0,1.7614032,0.0,0.0
0.0,14.586861,1.799564,14.586861,1458686100.0
0.0,2.4595342,1.4028926,2.4595342,245953400.0
0.0,4.613809,1.0652137,4.613809,461380930.0
88.26706,102.41691,3.0023372,14.149849,16.030724
12.875553,10.473145,2.889209,2.4024086,18.658682
0.0,0.0,1.0793186,0.0,0.0
0.0,0.0,1.3054476,0.0,0.0
0.0,4.1109595,1.472352,4.1109595,411095940.0
0.0,0.0,1.059155,0.0,0.0
10.841154,5.241634,1.1304708,5.59952,51.650593
7.7467017,5.322979,0.9430249,2.4237227,31.287157
0.0,0.0,1.1852622,0.0,0.0
28.361101,14.556343,1.6232538,13.804758,48.674973
5.0177464,8.91805,3.99533,3.9003034,77.73018
0.0,0.0,1.3558888,0.0,0.0
7.607133,2.8854747,1.5772892,4.721658,62.06883
11.231156,4.44534,1.1647875,6.785816,60.419567
4.249444,5.6216674,1.3952172,1.3722234,32.291832
6.1291556,9.449501,1.8678555,3.3203454,54.172966
0.0,0.0,3.1724741,0.0,0.0
0.0,0.0,1.4688087,0.0,0.0
0.0,5.267577,1.2925049,5.267577,526757700.0
1.7820667,0.23166513,2.1385815,1.5504016,87.0002
0.119038925,4.6440654,2.0113542,4.5250263,3801.2996
0.0,0.0,1.655142,0.0,0.0
0.0,0.0,1.4643517,0.0,0.0
1.2710289,0.0,1.5358489,1.2710289,100.0
0.0,7.183713,1.4379944,7.183713,718371260.0
10.565114,7.734144,1.2264017,2.8309698,26.79545
11.145288,10.300364,1.7286476,0.8449249,7.5810056
6.187303,7.872149,2.4281614,1.6848459,27.2307
0.46121016,6.142816,5.213001,5.681606,1231.8909
7.2942147,6.5038815,2.0032368,0.7903333,10.83507
6.825801,9.714138,1.0114899,2.8883371,42.31499
6.7919607,4.1947775,1.0365623,2.5971832,38.23908
0.0,4.949446,1.3194124,4.949446,494944600.0
0.0,3.571433,1.1439221,3.571433,357143300.0
7.429918,4.289275,1.1513752,3.1406426,42.27022
7.1286497,10.568024,1.3095344,3.439374,48.247204
30.590218,33.29194,1.445186,2.7017212,8.831978
1.6391288,8.138706,0.9905196,6.4995775,396.52634
4.682702,13.851122,1.3285099,9.16842,195.79337
0.0,3.4905357,1.1655012,3.4905357,349053600.0
3.317075,5.212856,1.829494,1.8957808,57.152184
2.1662886,4.389898,1.7725765,2.2236092,102.64603
7.3535438,5.118818,1.3558692,2.234726,30.389782
0.0,1.6602812,1.4498038,1.6602812,166028130.0
0.0,6.2347074,1.6067307,6.2347074,623470800.0
0.0,1.3246894,1.2153988,1.3246894,132468936.0
0.0,2.4817405,1.2792977,2.4817405,248174050.0
1.5968813,6.3300266,1.3328581,4.733145,296.39932
0.0,7.701495,1.3738164,7.701495,770149570.0
8.80504,7.0697846,1.1046249,1.7352557,19.707527
10.730996,5.010734,1.3739358,5.720262,53.305973
0.0,0.0,1.2793813,0.0,0.0
0.45411196,5.8811893,1.2409264,5.4270773,1195.0967
28.092735,9.185671,1.0002042,18.907064,67.30232
9.903273,10.628891,2.331922,0.72561836,7.3270564
11.437396,11.406303,3.0960088,0.031092644,0.27185073
4.1316347,8.016191,4.8002124,3.8845558,94.01982
0.0,7.2758565,1.3330812,7.2758565,727585660.0
0.0,0.0,1.4474232,0.0,0.0
5.6303596,4.779281,1.7152159,0.8510785,15.115882
5.3393464,5.509491,1.677622,0.17014456,3.1866176
74.61876,78.87997,1.8092613,4.2612076,5.7106385
4.4529905,6.3069143,1.0821812,1.8539238,41.63323
0.0,4.0784426,1.1875732,4.0784426,407844260.0
0.0,0.0,1.3842595,0.0,0.0
40.93157,42.257984,1.6529764,1.326416,3.2405698
7.2436805,5.924671,1.5009776,1.3190093,18.209103
9.469458,4.3705664,0.8826668,5.0988913,53.845654
8.762822,8.370393,1.7256345,0.39242935,4.4783444
2.5519671,10.739275,1.4833648,8.187307,320.82336
10.189504,9.725615,4.416403,0.46388912,4.5526175
13.31466,6.9073906,1.1313232,6.4072695,48.121914
0.0,0.0,0.96661156,0.0,0.0
0.0,6.6850834,3.7241874,6.6850834,668508350.0
11.256409,9.185423,1.9870541,2.0709858,18.398281
0.0,6.268934,0.99447554,6.268934,626893400.0
0.0,0.45758963,1.1222187,0.45758963,45758964.0
27.00552,13.206646,1.6886685,13.798874,51.096497
2.8672986,3.6404948,1.1979713,0.7731962,26.966019
5.396455,5.7832527,2.187909,0.3867979,7.1676297
24.409725,8.299469,0.9278723,16.110256,65.99934
0.0,3.8324697,1.2998353,3.8324697,383246980.0
8.645002,4.897169,1.4538515,3.7478333,43.3526
0.0,0.9810653,0.9251333,0.9810653,98106530.0
0.0,0.0,1.2413775,0.0,0.0
0.0,0.0,1.2088994,0.0,0.0
9.685899,9.484206,1.3865194,0.20169258,2.0823321
8.9650545,5.1432724,4.1169133,3.821782,42.629772
10.407416,6.663759,1.4472803,3.743657,35.971054
0.0,7.5773168,1.5941683,7.5773168,757731700.0
0.0,0.0,0.972426,0.0,0.0
0.0,0.0,1.4552356,0.0,0.0
13.971537,12.948069,1.4584608,1.023468,7.325379
12.757526,5.6828914,1.6647147,7.074635,55.454597
15.738301,20.07382,5.248537,4.335519,27.547565
13.294761,9.370476,1.8406513,3.924285,29.51753
14.16459,10.811441,1.9434782,3.3531485,23.672754
17.766254,9.251287,1.002607,8.514967,47.927757
0.0,0.0,1.5582157,0.0,0.0
0.0,4.669737,1.5730566,4.669737,466973700.0
10.661889,0.0,1.487495,10.661889,100.00001
0.0,0.8027301,0.983049,0.8027301,80273010.0
9.422915,9.3420105,1.8418669,0.08090496,0.858598
0.0,3.7804189,0.9599954,3.7804189,378041900.0
0.0,0.0,1.2792128,0.0,0.0
0.0,2.8696394,3.6724434,2.8696394,286963940.0
0.0,0.0,2.0375435,0.0,0.0
0.0,8.629044,1.5444918,8.629044,862904400.0
32.057037,4.239033,1.0694757,27.818005,86.776596
13.827524,17.815876,1.3806599,3.9883518,28.84357
22.821684,20.967236,1.5564932,1.8544483,8.125817
0.0,0.0,2.0065289,0.0,0.0
8.239966,8.694963,1.1585054,0.45499706,5.5218315
4.4068336,4.49402,1.0977477,0.08718634,1.9784349
0.0,4.270897,1.275058,4.270897,427089700.0
13.969789,6.968779,1.4204123,7.0010095,50.115356
0.0,0.21008015,1.061117,0.21008015,21008014.0
10.647444,9.205729,3.4779723,1.4417152,13.5404825
7.399213,4.7204595,0.9689667,2.6787534,36.20322
5.596655,8.033243,3.257821,2.4365883,43.53651
10.394856,11.079727,1.0125773,0.6848707,6.5885544
0.0,0.0,1.5812541,0.0,0.0
8.327647,4.93778,1.0508114,3.3898673,40.70618
12.039681,6.3373313,1.0266252,5.70235,47.362965
34.400993,15.730413,1.4100022,18.67058,54.273373
0.0,8.846846,5.072352,8.846846,884684540.0
0.2837497,9.629183,2.1363235,9.345433,3293.5483
137.54018,142.43712,1.4902083,4.896942,3.560372
23.654095,12.959656,1.3571937,10.694439,45.211784
8.700694,11.216648,4.4436007,2.515954,28.916704
27.077612,5.6114025,1.3086449,21.46621,79.276596
25.346436,36.10399,1.5154357,10.757553,42.442078
8.343478,5.067714,0.983785,3.275764,39.26137
0.0,0.0,0.9674262,0.0,0.0
0.087092385,6.1207623,1.2268534,6.03367,6927.896
0.0,2.602614,1.1926593,2.602614,260261380.0
0.0,4.773183,1.0434543,4.773183,477318300.0
0.0,0.0,1.1569016,0.0,0.0
0.0,0.0,1.4138589,0.0,0.0
2.5895813,4.7967334,0.92368484,2.2071521,85.23201
10.660798,10.744434,2.4378252,0.083636284,0.7845218
7.03166,20.236774,1.4938024,13.205114,187.79512
0.0,0.24598646,1.4004984,0.24598646,24598646.0
10.498077,8.13059,2.3480077,2.367487,22.551624
125.16603,157.90465,2.1472561,32.738617,26.156153
1.7822313,3.1623645,3.7365346,1.3801332,77.4385
20.189825,12.550861,1.1658031,7.6389637,37.83571
8.883609,7.6515102,3.3484478,1.2320986,13.869347
3.3317869,5.52278,4.723328,2.190993,65.7603
21.6412,13.893481,1.4836284,7.747718,35.800777
6.6358414,3.688819,1.0424074,2.9470224,44.410683
86.6139,98.62138,2.9091654,12.007484,13.86323
6.9977255,8.079004,2.658001,1.0812788,15.451861
0.0,0.0,0.9012727,0.0,0.0
0.0,1.2194262,1.007347,1.2194262,121942616.0
0.0,3.0961442,1.1979402,3.0961442,309614400.0
15.7189455,9.502674,1.1344758,6.2162714,39.546364
9.127313,6.749492,1.2598808,2.3778205,26.051704
17.868038,9.588327,1.5432897,8.279711,46.338108
7.103755,9.760095,1.4088513,2.6563396,37.39346
9.9983425,6.647342,1.1795963,3.3510003,33.51556
0.0,0.17489862,0.956216,0.17489862,17489862.0
0.0,0.73149633,1.4303405,0.73149633,73149630.0
34.459698,29.021042,1.2066671,5.438656,15.782658
0.0,3.7405179,1.2783178,3.7405179,374051780.0
31.591267,20.268316,1.4152795,11.32295,35.842026
0.0,0.0,3.8376992,0.0,0.0
24.197683,4.0244536,0.9411775,20.17323,83.36843
4.486211,4.520822,1.3434343,0.034611225,0.77150244
5.496188,6.207195,2.6690974,0.71100664,12.936358
7.1385064,6.9263277,1.095551,0.2121787,2.9723125
3.615509,9.598985,1.5079923,5.9834757,165.4947
8.162428,13.33427,1.9555328,5.1718416,63.361557
11.150291,9.459805,1.9066153,1.6904869,15.160921
10.15811,8.859825,1.1420081,1.2982845,12.780769
33.163807,5.4773855,1.157644,27.68642,83.48384
18.313923,11.7655945,3.6950936,6.5483284,35.756012
3.3184533,3.974652,1.1742052,0.65619874,19.774235
13.812279,5.5751824,1.5506554,8.237097,59.636044
0.65012497,6.3215227,0.9741848,5.6713977,872.355
4.6636133,8.740049,5.2244086,4.076436,87.40939
0.0,6.644014,4.177738,6.644014,664401340.0
12.29182,11.8737135,2.506003,0.41810608,3.4014986
0.0,1.3806281,1.6160992,1.3806281,138062800.0
5.8976736,4.8750496,2.112467,1.022624,17.339449
36.990234,26.496302,1.8845679,10.493933,28.369469
12.258028,13.547636,1.7818717,1.289608,10.520517
87.658585,87.038155,2.988167,0.62043,0.70778006
8.197216,6.2790995,1.8613329,1.9181166,23.39961
9.272325,5.5757384,0.98979336,3.6965861,39.866875
0.0,4.48997,0.98098433,4.48997,448997020.0
0.0,0.0,1.3054352,0.0,0.0
6.661338e-14,8.751838,1.0074294,8.751838,875183800.0
9.652574,6.0956125,1.2389297,3.556961,36.849873
0.0,0.0,1.3969809,0.0,0.0
0.0,0.0,1.343469,0.0,0.0
25.979385,14.068623,1.1257806,11.910763,45.846977
8.867475,3.8499537,1.0430274,5.017521,56.583424
58.287567,51.200855,1.630164,7.086712,12.158188
0.0,0.40629435,1.6241965,0.40629435,40629430.0
6.6333995,8.751885,5.0777025,2.118486,31.936655
5.0756783,13.980265,1.3189526,8.904587,175.43639
0.0,0.0,1.818789,0.0,0.0
4.629043,2.9329598,0.96916157,1.6960833,36.64004
0.0,0.0,1.054769,0.0,0.0
4.8597507,7.703494,3.756459,2.8437433,58.51624
0.0,0.0,1.2493538,0.0,0.0
0.0,3.4737563,4.7368064,3.4737563,347375650.0
0.0,0.0,1.2585956,0.0,0.0
14.696203,8.000784,1.4856024,6.6954193,45.558838
14.318753,13.439867,3.800788,0.8788862,6.138008
0.0,0.0,1.0711721,0.0,0.0
6.5391245,6.419458,2.4213164,0.11966658,1.8300091
38.485367,38.589794,1.5058044,0.10442734,0.27134296
11.817606,14.314756,5.1443515,2.4971504,21.130764
7.444227,3.5772014,1.0629569,3.8670259,51.946636
0.0,10.380163,1.5877142,10.380163,1038016400.0
3.6800435,6.898763,0.9221224,3.2187197,87.46418
12.200069,9.338545,2.6215413,2.8615246,23.454987
11.897431,14.396502,1.1523613,2.4990702,21.005123
7.7150216,3.569047,1.4503543,4.1459746,53.73899
10.403565,8.3739805,1.6160592,2.029585,19.508553
0.0,0.0,0.97186977,0.0,0.0
0.0,0.014282227,1.1099406,0.014282227,1428222.6
0.0,8.77024,1.132208,8.77024,877024000.0
10.571012,8.9048605,3.14776,1.666151,15.761511
0.0,0.0,3.4195569,0.0,0.0
11.302171,5.822058,1.125945,5.4801126,48.487255
2.7878866,7.5401816,3.2808776,4.752295,170.46228
11.773201,7.826801,1.3483249,3.9464002,33.520195
0.0,0.0,1.0413657,0.0,0.0
12.106098,6.438703,0.9485928,5.667395,46.81438
4.463646,7.6359935,1.9095917,3.1723475,71.07077
0.0,0.75748587,1.0535432,0.75748587,75748590.0
43.263023,35.083088,1.249994,8.179935,18.907452
0.0,5.0670896,1.0798054,5.0670896,506708960.0
8.72477,5.0138764,0.9874348,3.7108932,42.532852
18.670053,14.588501,1.3454347,4.0815525,21.861492
48.390152,11.878347,1.0942837,36.511803,75.45296
0.0,2.8418002,1.4154937,2.8418002,284180030.0
3.4204762,4.78748,2.8435974,1.3670037,39.9653
13.74627,12.463328,5.164588,1.2829418,9.333018
7.0431247,6.4969234,1.1444747,0.5462012,7.7550983
0.0,0.0,1.2019737,0.0,0.0
0.0,0.0,1.1178892,0.0,0.0
8.917869,5.2463202,0.9465588,3.6715484,41.170696
12.102334,13.9194355,1.330451,1.8171015,15.014471
0.0,5.423795,1.4167444,5.423795,542379500.0
0.5680187,3.2211976,1.4784906,2.653179,467.09363
10.310634,8.652786,3.4573348,1.6578474,16.079006
6.57419,7.527716,2.14897,0.953526,14.504083
0.0,0.0,1.3372213,0.0,0.0
12.29322,9.946536,5.3431644,2.3466835,19.08925
0.0,6.5895505,5.228473,6.5895505,658955100.0
11.986133,14.858744,1.5507944,2.872611,23.966122
9.534773,7.087683,1.5611043,2.4470897,25.664898
10.773465,5.4097733,1.0164943,5.363692,49.786137
0.0,0.0,1.4281346,0.0,0.0
0.0,0.0,1.1796771,0.0,0.0
1.0542709,8.108345,2.305312,7.0540743,669.09503
0.0,0.0,1.6708115,0.0,0.0
3.1547465,7.046997,1.2711304,3.8922505,123.3776
6.4526,8.454877,1.2483137,2.002277,31.030544
22.286005,4.9330173,1.1845218,17.352987,77.86495
13.985647,9.674089,1.4785125,4.311558,30.828445
0.0,0.0,2.1512096,0.0,0.0
0.0,0.0,1.156928,0.0,0.0
0.0,3.9212904,3.8942823,3.9212904,392129020.0
0.0,2.3473077,1.3500391,2.3473077,234730770.0
0.59574556,5.347367,1.0437359,4.7516212,797.59235
0.0,5.0168495,0.9519137,5.0168495,501684930.0
0.0,1.9840884,1.1614766,1.9840884,198408850.0
6.756948,4.7701583,1.0497599,1.9867897,29.403656
118.37768,25.709444,1.8430719,92.668236,78.281845
0.0,4.8722878,1.1195046,4.8722878,487228770.0
0.0,0.0,1.0376244,0.0,0.0
18.250854,10.635147,1.3592966,7.6157074,41.72795
0.0,0.0,1.4042937,0.0,0.0
0.0,0.0,1.4929563,0.0,0.0
8.042929,3.5984864,1.3675845,4.4444423,55.259003
8.918173,11.00555,1.0701567,2.0873775,23.40589
14.358515,8.767048,1.200775,5.591467,38.94182
8.400553,5.501912,0.89184827,2.8986406,34.505356
0.0,0.0,1.0968386,0.0,0.0
7.1222787,9.7913885,1.0419205,2.6691098,37.475502
13.359273,4.6721144,1.5132536,8.687159,65.02718
0.0,11.293058,4.998495,11.293058,1129305700.0
46.65566,48.02047,2.6983654,1.364811,2.9252849
19.07591,14.030197,3.4263635,5.0457134,26.450708
14.7095375,8.906803,2.1860352,5.8027344,39.448788
14.486372,12.102698,4.8698554,2.3836737,16.454594
0.0,5.979994,1.5628285,5.979994,597999360.0
0.0,5.8086967,1.2389736,5.8086967,580869700.0
85.056114,74.538185,3.3689225,10.517929,12.365871
0.0,1.4422879,1.0703439,1.4422879,144228780.0
0.0,0.0,1.3581083,0.0,0.0
0.0,7.2605157,1.2733381,7.2605157,726051600.0
17.186493,13.573942,2.3264527,3.6125507,21.019709
30.734774,10.312012,3.3692997,20.422762,66.44839
0.0,0.0,3.3038588,0.0,0.0
0.0,3.2398024,1.2326758,3.2398024,323980220.0
0.0,0.0,1.3747199,0.0,0.0
9.150517,7.1659737,1.4295089,1.9845438,21.687777
0.0,0.0,1.3195237,0.0,0.0
11.074984,13.958067,2.4718347,2.8830833,26.032394
7.830214,8.79143,1.5086087,0.96121645,12.275737
76.39004,143.32172,1.3866873,66.93168,87.61834
11.945304,12.338158,3.5772617,0.39285374,3.2887714
0.037379183,11.836708,1.462778,11.799329,31566.578
0.0,0.0,4.5596037,0.0,0.0
5.97709,7.1763883,1.0969455,1.1992984,20.064922
1.9592817,7.067384,1.0377668,5.108102,260.71298
0.0,0.0,1.172042,0.0,0.0
3.1042295,3.212118,2.085785,0.10788846,3.475531
4.0480666,1.8181634,2.6174943,2.2299032,55.085636
0.0,3.877602,0.9869363,3.877602,387760220.0
22.706865,9.838675,1.0697458,12.868191,56.670925
0.0,2.8568335,2.4454448,2.8568335,285683360.0
0.0,1.8878045,1.0158336,1.8878045,188780460.0
0.0,0.0,1.0051007,0.0,0.0
24.08056,17.55532,4.798085,6.52524,27.097542
0.0,0.0,1.2878399,0.0,0.0
11.8542,8.446926,0.99980277,3.4072742,28.74318
7.7223716,7.273432,1.460525,0.4489398,5.8134966
8.803785,13.281067,0.9520119,4.4772816,50.856323
5.6299496,6.27276,1.4577264,0.64281034,11.417693
3.5851176,6.9412637,3.2501504,3.356146,93.61328
0.0,0.0,1.3934977,0.0,0.0
16.418972,9.818403,1.5812716,6.600569,40.200867
0.0,5.378137,1.5319618,5.378137,537813700.0
0.0,0.0,1.3148407,0.0,0.0
22.166777,6.4741592,1.4079229,15.692617,70.79341
0.0,0.0,1.3092117,0.0,0.0
0.0,0.0,1.2522869,0.0,0.0
17.930399,16.521387,1.9481559,1.4090118,7.858229
0.0,0.0,1.2411469,0.0,0.0
14.155101,19.120176,3.7677946,4.9650755,35.07623
8.601562,7.0834775,5.3719306,1.518084,17.648935
0.0,12.406729,1.6534655,12.406729,1240672900.0
20.345675,13.732049,1.7044411,6.6136255,32.506298
0.0,0.49102926,1.0819072,0.49102926,49102930.0
10.240646,8.557768,1.1909076,1.6828785,16.433323
0.0,0.0,1.2652031,0.0,0.0
9.756024,8.69952,2.0976567,1.0565042,10.829249
0.0,11.357861,4.771496,11.357861,1135786000.0
0.0,0.0,1.9358461,0.0,0.0
0.0,0.0,1.7404208,0.0,0.0
20.919098,13.630762,2.5008013,7.288336,34.840584
0.0,0.2286067,1.0859368,0.2286067,22860670.0
8.0495615,5.65837,1.6395762,2.3911915,29.70586
6.868463,7.7347784,1.8033528,0.86631536,12.612944
9.6127825,6.9222813,1.7140634,2.6905012,27.988787
94.227936,94.53015,3.1899242,0.30221558,0.3207282
8.990181,7.81577,0.99953276,1.1744108,13.063262
12.26737,11.725498,4.594936,0.541872,4.4171815
9.560688,9.957258,1.2533206,0.3965702,4.1479254
7.085432,7.0225787,1.5290469,0.06285334,0.8870784
12.263559,6.783128,5.363382,5.4804316,44.68875
1.0773821,8.331629,1.1912879,7.2542467,673.32166
0.0,14.791529,1.2814645,14.791529,1479152900.0
0.0,5.211139,1.0915498,5.211139,521113900.0
10.34286,9.437122,4.19977,0.9057379,8.757132
0.0,4.398269,1.1591926,4.398269,439826900.0
6.160595,1.3896136,1.2525138,4.7709813,77.44352
0.0,10.637297,1.534601,10.637297,1063729600.0
0.0,0.0,1.0282235,0.0,0.0
0.0,0.0,1.2617037,0.0,0.0
0.0,1.171371,1.7275566,1.171371,117137100.0
5.378305,6.5400825,2.1676657,1.1617775,21.601183
22.094809,9.004305,1.2626649,13.090504,59.246967
0.0,4.378809,1.1229086,4.378809,437880900.0
0.0,0.0,1.4588839,0.0,0.0
7.8431053,13.226374,2.5584228,5.3832684,68.636955
6.9124637,2.4467833,1.3015678,4.46568,64.60331
0.0,0.48734713,1.5203333,0.48734713,48734710.0
0.0,0.0,1.2488102,0.0,0.0
28.138819,26.52094,1.4375347,1.617878,5.74963
6.733248,14.934519,1.0911915,8.201271,121.80259
7.75945,17.37275,4.442685,9.613299,123.89151
7.85307,12.36211,4.285973,4.5090404,57.41755
0.0,7.8786683,1.3419157,7.8786683,787866800.0
0.0,0.0,1.6118656,0.0,0.0
0.0,4.552651,3.4753535,4.552651,455265120.0
16.898182,7.685835,1.1722186,9.212347,54.516792
14.821317,12.8090725,1.2299712,2.0122442,13.576691
52.218533,53.260685,4.314322,1.0421524,1.995752
0.0,1.10039,1.0585551,1.10039,110038990.0
5.6028414,11.002745,1.2557387,5.3999033,96.377945
7.471923,6.2993636,1.0689664,1.1725593,15.692872
13.148242,13.555803,4.0475388,0.4075613,3.0997398
12.580774,8.689007,1.3239956,3.8917675,30.934246
0.0,0.0,1.5612466,0.0,0.0
11.957503,11.633293,4.0719895,0.32421017,2.7113533
2.00183,0.0,2.186114,2.00183,100.0
0.0,6.6681,1.7791823,6.6681,666810000.0
15.659567,12.875673,1.035207,2.7838936,17.77759
0.0,0.0,2.1486013,0.0,0.0
18.440262,8.470418,0.98917073,9.969844,54.06563
0.0,0.0,1.0624535,0.0,0.0
0.0,0.0,1.261446,0.0,0.0
0.0,4.228574,1.2174685,4.228574,422857400.0
0.0,4.1675353,1.4973263,4.1675353,416753540.0
0.0,3.0337796,1.5497941,3.0337796,303377950.0
0.0,4.6574874,1.2847608,4.6574874,465748740.0
0.0,0.0,1.0706388,0.0,0.0
0.0,1.0658717,1.0982488,1.0658717,106587176.0
3.452941,13.326437,1.1789412,9.873496,285.94455
0.0,0.0,1.7461463,0.0,0.0
1.8090572,6.431762,0.9950776,4.622705,255.53117
0.0,8.307327,1.516458,8.307327,830732740.0
8.881784e-14,4.0774198,1.805722,4.0774198,407741980.0
6.120551,6.906082,3.5199172,0.78553104,12.834318
0.0,3.8936725,0.9735159,3.8936725,389367260.0
4.1946187,5.7854037,1.2445117,1.590785,37.924427
0.0,3.6782022,2.0908024,3.6782022,367820220.0
86.702484,85.35283,2.3204157,1.3496552,1.5566511
3.1831331,6.195547,1.7212579,3.012414,94.63676
0.0,2.921062,1.8513782,2.921062,292106200.0
0.0,0.0,1.051421,0.0,0.0
9.890977,6.296682,1.168044,3.594295,36.33913
8.7914915,6.953163,2.4108424,1.8383284,20.910313
3.4773335,0.2546134,2.371535,3.2227201,92.67791
6.529367,3.1412141,0.9484319,3.3881528,51.890984
32.341667,16.448786,1.2736436,15.892881,49.140575
0.0,0.0,0.92536724,0.0,0.0
0.0,3.345173,1.6020265,3.345173,334517280.0
0.0,0.0,1.0869191,0.0,0.0
10.768882,8.970081,3.672894,1.7988005,16.70369
4.440892e-14,7.296335,1.5842217,7.296335,729633540.0
13.656745,12.615644,1.627738,1.0411005,7.6233425
0.0,0.5402541,1.0559934,0.5402541,54025412.0
3.8440168,3.4690137,1.273356,0.3750031,9.755501
5.7750816,7.391231,1.7612517,1.6161494,27.984877
12.717041,9.292978,3.9140925,3.4240627,26.924995
0.0,3.6071055,1.2966236,3.6071055,360710530.0
5.405207,4.024573,1.0501777,1.3806343,25.542671
79.81836,82.55056,3.0250502,2.7322006,3.4230227
13.280652,7.692654,1.3711795,5.587998,42.076233
0.0,4.8871574,0.9073955,4.8871574,488715780.0
0.0,3.609169,1.0922817,3.609169,360916900.0
51.619953,42.947468,3.207152,8.672485,16.800646
178.59045,171.79802,1.905493,6.7924347,3.8033583
16.959566,21.2609,1.6953537,4.3013344,25.36229
0.0,6.6054416,1.1772932,6.6054416,660544100.0
0.0,0.0,1.2174959,0.0,0.0
12.139838,6.394599,0.9684804,5.7452393,47.3255
6.9616356,4.882648,1.2731501,2.0789876,29.863493
0.0,1.6943493,2.994352,1.6943493,169434940.0
0.0,6.036269,4.574808,6.036269,603626900.0
2.2519882,6.9038568,1.1867313,4.651869,206.5672
12.585592,9.64048,1.1049908,2.9451122,23.400665
0.0,0.24885893,1.0321192,0.24885893,24885892.0
0.0,4.8330665,1.084907,4.8330665,483306660.0
9.144477,8.396227,2.168749,0.74825,8.182534
8.207352,10.881464,1.7272452,2.6741123,32.581913
0.0,2.40193,1.3885697,2.40193,240193010.0
6.5102596,16.279541,4.9428606,9.769281,150.05978
3.7800696,2.6880784,1.0928247,1.0919912,28.888124
0.0,0.0,1.1920874,0.0,0.0
0.0,6.9215145,1.1933211,6.9215145,692151400.0
13.114121,7.595866,1.1441439,5.518255,42.078724
1.2933191,6.673527,2.2690158,5.3802075,416.0
38.61287,22.954893,1.2045922,15.657976,40.551186
10.7352085,7.1733937,1.2532415,3.5618148,33.178814
19.331034,5.5760517,1.3678257,13.754982,71.15492
3.5675867,6.562858,1.1600964,2.9952714,83.95792
8.881784e-14,8.419942,1.1067104,8.419942,841994200.0
0.0,8.551365,1.5724223,8.551365,855136450.0
0.0,1.4949031,1.0367076,1.4949031,149490300.0
5.3610625,7.182576,1.1948602,1.8215137,33.97673
9.415826,6.2779927,1.6255053,3.137833,33.3251
17.322205,9.765169,1.5501841,7.5570354,43.626293
9.682607,8.054178,5.1206903,1.6284285,16.818079
4.0337486,12.546054,1.6475991,8.512305,211.02716
8.767009,6.5713477,1.1075943,2.195661,25.044586
0.0,0.41413832,1.1127708,0.41413832,41413830.0
0.0,0.0,1.4767467,0.0,0.0
0.0,2.1216884,1.2214421,2.1216884,212168830.0
0.0,1.8950553,1.4419489,1.8950553,189505520.0
0.0,0.0,1.467488,0.0,0.0
0.0,0.0,1.3372619,0.0,0.0
8.742158,5.416845,1.3829112,3.325313,38.03767
0.0,0.0,3.2106676,0.0,0.0
0.0,3.9437547,1.2629548,3.9437547,394375460.0
8.454195,7.829073,1.4900758,0.6251221,7.394223
0.0,4.5531874,1.068787,4.5531874,455318720.0
10.8921,9.528698,2.6606317,1.3634024,12.517351
5.0043855,4.4012523,1.3719373,0.6031332,12.0520935
0.0,6.0591416,1.2367332,6.0591416,605914200.0
6.350924,6.7143927,1.2095767,0.36346865,5.7230825
31.267084,25.76702,1.3960323,5.500065,17.59059
11.741779,10.128134,2.136097,1.6136456,13.742769
9.993193,9.491798,3.1020358,0.5013943,5.0173583
12.541774,13.073479,2.5641167,0.5317049,4.2394714
12.831663,5.581188,1.3268442,7.250475,56.50456
10.9715185,13.631651,1.305956,2.6601324,24.2458
8.727722,4.96785,1.0931205,3.759872,43.079647
0.0,0.95040464,1.0306997,0.95040464,95040460.0
10.231119,8.754047,2.124478,1.4770718,14.437051
14.681227,12.060708,3.50011,2.6205187,17.849453
52.54994,56.03058,3.1918907,3.4806404,6.623491
3.8244174,7.2954426,1.1744602,3.4710252,90.75958
35.459587,7.6075,1.0372612,27.852087,78.546
0.0,2.2624962,1.1963167,2.2624962,226249620.0
12.535692,9.157394,5.1434183,3.3782978,26.94943
13.137086,5.21798,1.1869829,7.919106,60.280537
0.0,0.0,2.4528308,0.0,0.0
0.0,3.2870975,1.6332383,3.2870975,328709760.0
14.91711,9.553896,1.8048916,5.3632145,35.95344
15.422511,11.184143,1.0537695,4.238368,27.481697
16.384737,9.988274,5.0244503,6.3964634,39.039158
0.0,1.3545127,1.6065052,1.3545127,135451260.0
4.21493,3.7930737,1.0781163,0.4218564,10.008621
0.0,0.0,1.1770663,0.0,0.0
0.0,0.0,2.5949852,0.0,0.0
0.0,0.0,1.0197241,0.0,0.0
0.0,0.03540659,1.4819008,0.03540659,3540659.0
7.5877194,4.45573,1.3130857,3.1319895,41.277084
0.0,0.0,1.507547,0.0,0.0
6.6315184,6.9629064,1.0746831,0.331388,4.9971666
0.43445817,5.250872,1.1870608,4.816414,1108.6024
0.0,1.1775775,1.1278076,1.1775775,117757750.0
24.78079,3.598887,1.1341109,21.181904,85.47711
19.797588,16.636103,1.2947195,3.1614857,15.969044
0.0,0.0,1.4304919,0.0,0.0
0.0,0.0,1.3285286,0.0,0.0
1.8264105,4.2630677,1.5672725,2.4366572,133.41235
8.209236,8.775814,2.5406501,0.5665779,6.901713
5.5619345,8.594822,1.215602,3.0328875,54.529366
5.7842975,9.24471,2.6763697,3.4604125,59.82425
12.819346,7.070003,1.4323142,5.7493434,44.848957
36.902233,8.883747,1.3195431,28.018486,75.92626
11.971223,10.654608,1.3287368,1.3166151,10.998167
6.031085,8.752253,1.3448504,2.7211676,45.119038
0.0,1.5292478,5.01069,1.5292478,152924770.0
2.4404106,4.198728,1.1066872,1.7583175,72.050064
11.175196,5.3492594,1.2347136,5.8259363,52.132744
32.206356,23.58966,1.1582658,8.616695,26.754642
22.079657,26.949596,1.3182532,4.86994,22.05623
10.236451,10.625013,1.085002,0.3885622,3.7958684
11.323626,9.435635,3.2176929,1.887991,16.673025
0.0,2.7792354,1.5216632,2.7792354,277923520.0
1.4019717,5.4034123,1.8391839,4.0014405,285.41522
0.0,1.9476943,1.0630412,1.9476943,194769420.0
3.088116,4.6956425,1.6345546,1.6075265,52.055252
20.001106,17.241741,1.6888769,2.759365,13.796063
11.045266,3.806013,1.5106398,7.239253,65.54168
0.0,1.6434073,1.3639982,1.6434073,164340740.0
1.3767724,5.7827797,1.1974752,4.4060073,320.02438
4.9953947,4.281505,1.264667,0.7138896,14.290956
0.0,0.0,1.1541557,0.0,0.0
21.340115,15.882217,2.636722,5.457897,25.575764
0.0,0.0,1.1532861,0.0,0.0
0.0,0.0,1.3491247,0.0,0.0
13.42673,8.527302,1.4391127,4.8994284,36.49011
9.96953,7.2699056,1.598647,2.6996245,27.078754
8.045589,9.611668,3.3273022,1.5660782,19.465052
3.095711,6.6519575,1.2636502,3.5562465,114.87657
0.0,9.53067,0.96651095,9.53067,953067000.0
0.0,0.0,1.3632367,0.0,0.0
11.400685,7.6648192,2.5721598,3.735866,32.768784
0.7147131,6.6525755,1.2286431,5.9378624,830.80365
16.640392,11.454039,3.726002,5.1863537,31.167257
9.765414,9.149359,1.3951187,0.6160555,6.308544
0.0,0.0,1.5795017,0.0,0.0
0.0,0.0,1.1182618,0.0,0.0
8.355901,7.0756764,1.7220744,1.2802243,15.3212
0.0,1.0768828,1.1978089,1.0768828,107688290.0
193.88892,135.34712,1.8062949,58.541794,30.19347
0.0,0.0,1.5689329,0.0,0.0
0.0,0.0,4.7623024,0.0,0.0
0.0,3.8813748,1.3215754,3.8813748,388137470.0
10.764705,0.2914996,1.3333867,10.473206,97.29208
8.504253,7.1536565,4.869283,1.3505969,15.881429
189.00864,135.8511,2.4248147,53.15753,28.124392
0.0,5.2928596,1.9412118,5.2928596,529285950.0
0.0,4.0762544,1.1789776,4.0762544,407625440.0
0.0,3.3099313,1.0700043,3.3099313,330993120.0
0.0,6.7989955,1.4035043,6.7989955,679899500.0
3.727029,9.926563,2.2579048,6.1995344,166.33984
0.0,0.0,3.9597776,0.0,0.0
9.287275,10.328085,4.6554446,1.0408096,11.206835
0.0,0.0,1.4591911,0.0,0.0
0.0,0.0,1.1978447,0.0,0.0
7.502522,3.8383744,1.3534361,3.6641476,48.83888
0.0,7.92626,1.4062034,7.92626,792626000.0
19.204363,15.067347,2.0706584,4.1370163,21.542065
0.0,1.9005809,1.5836859,1.9005809,190058100.0
5.7296576,5.699773,2.2547731,0.029884815,0.5215812
7.6551814,5.427404,1.5061774,2.2277775,29.101562
10.356062,10.754069,5.1648226,0.3980074,3.8432312
10.800733,8.75713,1.5818192,2.043603,18.920965
0.0,0.0,1.3581609,0.0,0.0
7.735061,6.162008,2.2756531,1.5730534,20.336662
54.069965,47.374317,3.2950225,6.695648,12.383304
49.622593,16.164026,1.3977814,33.458565,67.42607
0.0,1.7149692,1.2058338,1.7149692,171496910.0
130.11919,146.7317,2.7920802,16.612518,12.767155
6.9097486,7.789696,1.041189,0.87994766,12.734873
3.6346948,4.638798,1.0159632,1.0041034,27.62552
6.5925584,6.7219543,2.34521,0.12939596,1.962758
4.3150153,6.1796694,2.60553,1.8646541,43.21315
0.0,5.5754957,1.8376147,5.5754957,557549600.0
6.0171804,6.037406,1.2827394,0.020225525,0.3361296
0.0,9.488269,1.2584766,9.488269,948826900.0
0.0,3.788665,5.211108,3.788665,378866530.0
0.0,0.0,1.6757131,0.0,0.0
0.91275007,4.3511295,1.3792888,3.4383795,376.70547
3.9065166,4.880115,1.3931048,0.9735985,24.92242
0.0,4.6865325,1.2826309,4.6865325,468653250.0
0.0,0.0,1.0856909,0.0,0.0
6.3746943,6.7612305,1.0357671,0.38653612,6.063602
0.0,0.0,1.3856717,0.0,0.0
37.329983,30.08392,1.4648602,7.246063,19.41084
2.5931752,3.5967693,1.6516933,1.0035942,38.701363
0.0,3.6256948,1.3926933,3.6256948,362569500.0
11.242952,7.298976,2.2461715,3.9439764,35.079544
119.50155,132.82455,1.4695778,13.323006,11.148814
69.53901,73.051186,2.2199168,3.5121765,5.0506563
17.890583,13.116547,1.7019331,4.7740364,26.684631
7.8584256,5.1890984,1.773201,2.6693273,33.967712
2.2728622,3.9182029,1.2615019,1.6453407,72.39069
6.905243,6.96724,1.5933294,0.061996937,0.8978241
13.052125,8.2476,1.5880841,4.8045254,36.81029
4.1359034,3.7045102,1.0492564,0.43139315,10.430445
0.0,0.0,1.2007774,0.0,0.0
0.0,0.0,1.4360877,0.0,0.0
18.314882,14.083242,1.8256748,4.23164,23.104925
0.0,2.2326722,1.2847563,2.2326722,223267230.0
9.02609,9.20056,1.7930721,0.17446995,1.9329517
0.0,0.0,1.1699351,0.0,0.0
0.0,0.0,1.1306765,0.0,0.0
0.0,0.0,1.3004581,0.0,0.0
17.388123,12.041805,4.4839106,5.3463173,30.746948
17.996937,16.633272,1.2788855,1.3636646,7.5772038
16.576359,9.146103,1.0559212,7.430256,44.824413
0.0,2.4226015,1.4176137,2.4226015,242260140.0
42.250458,82.7299,1.6537746,40.47944,95.80828
8.14246,7.905216,2.3937633,0.23724365,2.9136608
10.63195,12.182729,2.28087,1.5507784,14.5860195
0.0,3.1868033,1.0755595,3.1868033,318680320.0
3.7507553,7.1727443,2.1012464,3.421989,91.23466
120.8542,128.19855,2.9362323,7.344345,6.077029
0.0,0.0,3.2730632,0.0,0.0
26.816946,22.126814,1.2674128,4.690132,17.489433
0.0,1.3118606,1.0223702,1.3118606,131186050.0
0.0,1.9948673,1.037287,1.9948673,199486720.0
0.0,7.1931124,1.0300852,7.1931124,719311200.0
15.995715,13.163878,1.8197662,2.8318367,17.70372
6.3750467,9.956682,1.4565058,3.5816355,56.182106
0.0,5.324204,1.5094076,5.324204,532420400.0
14.03834,6.1303988,1.248468,7.907941,56.331024
0.0,0.0,2.4307773,0.0,0.0
24.750715,25.266985,1.3090755,0.5162697,2.085878
0.0,3.6082063,1.1305128,3.6082063,360820600.0
0.0,3.715345,1.0641459,3.715345,371534500.0
5.2310967,8.125605,2.1863022,2.894508,55.332714
9.513625,9.139236,1.5519856,0.3743887,3.9352896
37.23741,29.678905,1.4305413,7.558506,20.298151
0.0,3.2160454,1.0327759,3.2160454,321604540.0
10.625166,8.613527,1.613363,2.0116386,18.932774
13.292826,7.0122886,0.9474319,6.280537,47.24757
0.0,3.2372727,0.96372634,3.2372727,323727260.0
5.0214453,10.640564,1.3716377,5.6191187,111.90242
12.978869,6.9539113,1.042098,6.024958,46.421284
3.8402245,5.9905624,1.2183855,2.150338,55.99511
0.0,1.9803705,1.4012308,1.9803705,198037060.0
0.0,0.0,1.2312894,0.0,0.0
0.0,0.0,1.3153918,0.0,0.0
5.840468,9.927799,2.7657197,4.0873313,69.98294
9.675547,6.9890532,1.1208208,2.6864934,27.765806
27.714539,32.238205,1.8533156,4.5236664,16.32236
0.0,6.8429317,1.2435274,6.8429317,684293200.0
0.0,0.0,1.6549305,0.0,0.0
10.691966,12.601368,3.1989787,1.9094019,17.858286
6.2481675,7.4420156,1.5783082,1.1938481,19.107172
4.4595647,7.601303,4.827552,3.1417384,70.44944
0.0,0.0,1.3203784,0.0,0.0
0.0,3.1722703,1.0550041,3.1722703,317227000.0
0.0,0.18796158,1.0084399,0.18796158,18796158.0
0.89660317,6.1755023,0.9909951,5.278899,588.7665
0.0,0.0,1.811488,0.0,0.0
0.0,0.0,3.3424125,0.0,0.0
0.0,1.5329051,1.0539342,1.5329051,153290510.0
28.717464,28.868399,1.3741072,0.15093422,0.5255834
12.604828,10.0171585,1.7917962,2.5876694,20.529192
13.801152,14.648956,1.2523555,0.84780407,6.142995
0.8294045,7.9832973,1.1005934,7.153893,862.5337
0.0,0.0,1.1666749,0.0,0.0
11.168941,8.821093,2.036644,2.347848,21.021223
0.0,0.0,1.6306894,0.0,0.0
0.0,0.0,1.0322328,0.0,0.0
0.0,3.787213,1.1710415,3.787213,378721300.0
25.96466,11.893877,5.3365593,14.070784,54.19206
7.050345,11.604893,3.066864,4.554548,64.60035
1.930034,6.089021,3.1648617,4.158987,215.48776
0.0,0.3265705,2.4228606,0.3265705,32657052.0
0.0,3.08641,1.0866724,3.08641,308641000.0
0.0,0.89638186,1.1966428,0.89638186,89638184.0
9.248431,7.83216,1.6710228,1.4162712,15.313638
20.538685,16.65749,1.3312013,3.881195,18.897
0.0,11.320887,1.4465474,11.320887,1132088600.0
2.2880242,11.247987,1.3577732,8.959963,391.60263
3.9966285,3.3387704,1.0743192,0.65785813,16.460327
3.4741368,8.366919,0.9802024,4.8927817,140.83446
13.265238,5.3122163,1.0806,7.9530215,59.953854
12.494197,6.5870075,1.2951702,5.9071894,47.279465
0.0,1.7090192,1.3719269,1.7090192,170901920.0
0.0,0.20799875,1.343021,0.20799875,20799876.0
0.0,2.569234,1.1849,2.569234,256923410.0
10.332936,8.516926,4.819518,1.8160105,17.57497
7.1674905,8.258949,1.4170183,1.0914588,15.227907
0.0,4.6357665,1.684458,4.6357665,463576670.0
7.967459,7.1249495,1.3738921,0.84250975,10.574385
0.0,0.0,1.5184942,0.0,0.0
0.0,0.0,1.4088364,0.0,0.0
5.434928,10.1624775,2.5612414,4.7275496,86.98458
0.0,5.906627,1.0004369,5.906627,590662700.0
17.42705,10.950216,1.3608013,6.4768333,37.165405
6.0257807,8.318426,5.0210505,2.2926455,38.047276
0.0,0.0,1.3123221,0.0,0.0
34.913734,24.194872,1.6672003,10.718863,30.70099
10.266822,8.583386,2.1550214,1.6834354,16.39685
0.0,0.0,2.3818846,0.0,0.0
9.028776,18.739695,1.3850666,9.710918,107.55521
0.0,6.411645,1.2262928,6.411645,641164500.0
0.0,4.282681,1.1011912,4.282681,428268100.0
0.0,0.0,1.3528807,0.0,0.0
0.0,4.6775684,1.4154648,4.6775684,467756830.0
24.142895,19.90917,2.1183035,4.2337246,17.53611
16.904663,10.608927,1.3525008,6.2957363,37.2426
8.009577,6.6290307,1.2261,1.3805461,17.236193
176.2784,151.23607,1.5267706,25.042328,14.206125
14.08269,5.2273846,1.2372698,8.855306,62.880783
6.6930513,6.195557,1.262492,0.49749422,7.4329953
0.0,0.0,1.2095011,0.0,0.0
20.899168,22.12768,1.3614999,1.2285118,5.878281
13.019179,13.454222,5.0471683,0.43504238,3.3415499
46.090885,14.400553,1.1300497,31.690332,68.75618
0.0,0.0,1.5232818,0.0,0.0
4.708283,9.900014,1.6480141,5.191731,110.268036
0.0,0.0,1.4234645,0.0,0.0
0.0,0.0,1.6090243,0.0,0.0
0.0,0.0,1.1890154,0.0,0.0
59.973225,34.66285,5.1625013,25.310375,42.202793
6.178913,11.435896,1.0531576,5.256983,85.079414
1.5974277,2.4458473,1.3962373,0.84841955,53.11161
0.33320764,7.109707,1.429821,6.7764993,2033.7166
0.0,4.106177,1.1989301,4.106177,410617660.0
0.0,2.4040623,1.2886069,2.4040623,240406220.0
0.0,0.0,1.3381523,0.0,0.0
10.345098,5.172,1.3306468,5.1730976,50.005306
0.0,10.728327,5.20004,10.728327,1072832640.0
0.0,5.156427,1.1179608,5.156427,515642700.0
7.641802,7.498153,1.6551471,0.14364862,1.8797742
10.784394,9.650128,4.7933235,1.1342659,10.51766
45.511616,31.87031,1.9137298,13.641306,29.97324
3.545138,11.653433,1.3674736,8.108295,228.71594
0.0,0.0,1.2746742,0.0,0.0
1.8143829,4.6613164,1.6270916,2.8469334,156.90918
10.291644,5.7554183,1.1711913,4.536226,44.076786
13.438807,7.6369123,1.0790535,5.801894,43.172688
1.1000898,10.7279,1.4068305,9.62781,875.18396
25.484026,17.678417,3.5748928,7.8056087,30.629417
11.4258795,6.4609184,1.0831097,4.964961,43.453644
8.930824,9.557971,2.928835,0.6271467,7.0222716
0.0,0.0,1.2833571,0.0,0.0
0.0,0.0,1.1486311,0.0,0.0
30.07042,21.915728,1.3387159,8.154692,27.11865
6.378218,8.376797,2.2185407,1.9985785,31.334433
0.0,4.0911994,1.3005123,4.0911994,409119940.0
0.0,3.7392178,0.98037845,3.7392178,373921800.0
7.050757,9.105501,1.4493486,2.0547442,29.14218
7.0860715,12.27092,1.7339869,5.1848483,73.16957
0.0,0.0,1.3386782,0.0,0.0
0.0,0.0,1.2975228,0.0,0.0
0.0,0.0,1.3109654,0.0,0.0
0.0,8.199121,1.4642025,8.199121,819912200.0
13.516919,6.8060393,1.3947427,6.71088,49.647995
0.0,3.885614,2.2617917,3.885614,388561400.0
0.7011402,4.2715106,1.8852099,3.5703704,509.22345
42.967365,10.520901,1.4135817,32.446465,75.514206
0.0,7.385415,1.494592,7.385415,738541500.0
7.101036,2.5051038,1.0113927,4.595932,64.72199
0.0,4.316444,1.3620259,4.316444,431644380.0
0.0,0.84490204,1.6147196,0.84490204,84490210.0
11.587056,10.267379,1.7620718,1.3196774,11.389238
0.0,0.0,2.800764,0.0,0.0
0.0,0.0,1.6381196,0.0,0.0
0.0,0.0,1.2561177,0.0,0.0
0.0,4.767384,0.98826116,4.767384,476738400.0
0.0,0.0,1.6413841,0.0,0.0
0.0,0.0,1.0495037,0.0,0.0
0.0,3.9416366,1.715132,3.9416366,394163680.0
0.0,3.3007264,0.9686242,3.3007264,330072640.0
19.692139,15.126888,4.1652327,4.5652504,23.183111
0.0,1.1148849,1.1531554,1.1148849,111488490.0
1.2643931,6.523586,0.9860972,5.2591925,415.946
6.200707,14.125277,1.8645973,7.9245696,127.80107
4.981591,4.6500144,1.2246141,0.33157682,6.6560426
12.328901,9.190504,1.1837236,3.1383972,25.455612
8.534092,8.924595,2.1536121,0.39050293,4.5757995
56.22324,45.67734,1.5839888,10.545898,18.757187
0.0,8.060656,1.5278596,8.060656,806065540.0
5.897408,4.0510707,0.9784076,1.8463373,31.307606
0.0,10.577551,1.3429394,10.577551,1057755140.0
12.712701,13.207735,1.9526397,0.49503422,3.894013
0.0,3.66888,1.1301045,3.66888,366888000.0
8.857323,8.649531,1.4660803,0.20779133,2.3459835
32.400326,15.275505,1.465735,17.12482,52.85385
0.0,2.562857,1.6076949,2.562857,256285710.0
6.02697,7.383343,1.3248295,1.3563733,22.505062
0.0,9.436787,1.5155157,9.436787,943678660.0
4.227691,10.074396,4.403203,5.846705,138.29546
0.0,0.0,3.14386,0.0,0.0
0.0,0.0,1.6185322,0.0,0.0
0.0,0.5844312,1.3214115,0.5844312,58443116.0
11.434358,8.671896,1.0767673,2.7624617,24.159307
0.0,4.468576,1.0134933,4.468576,446857600.0
0.0,1.0203962,0.9618939,1.0203962,102039624.0
0.0,2.1909473,1.3412824,2.1909473,219094720.0
9.068011,9.583881,2.3945928,0.5158701,5.6889
0.0,0.0,1.248419,0.0,0.0
4.3564095,6.95784,1.2712692,2.6014304,59.715008
54.964672,49.791332,1.6085922,5.17334,9.412118
8.876192,10.622389,2.8458254,1.7461967,19.672813
0.0,7.5133395,1.0428911,7.5133395,751333950.0
87.56036,85.30369,1.4756019,2.2566757,2.57728
10.596257,8.742705,5.2655535,1.8535519,17.492516
0.0,4.3797975,1.3832608,4.3797975,437979740.0
14.54511,6.302306,1.1200479,8.242804,56.670616
0.0,0.72732306,1.1969248,0.72732306,72732300.0
13.470742,11.675699,1.5788641,1.795043,13.325495
9.457302,9.287175,4.4751387,0.17012691,1.7988948
0.0,3.3803754,1.3815714,3.3803754,338037540.0
16.502827,18.251965,1.2365211,1.7491379,10.59902
0.0,0.7429223,1.5340459,0.7429223,74292230.0
12.325455,16.892132,1.2578877,4.566677,37.05078
0.0,3.4884722,1.3331077,3.4884722,348847230.0
0.0,2.5985727,1.9060274,2.5985727,259857260.0
0.0,2.073193,1.4001327,2.073193,207319310.0
0.0,10.680449,1.3496872,10.680449,1068044800.0
63.984325,88.58118,3.953044,24.596851,38.441994
11.551726,13.218313,4.9205956,1.6665869,14.427168
0.0,0.97747946,1.3026174,0.97747946,97747944.0
25.462795,15.948177,2.8775928,9.514618,37.366745
11.065676,4.325685,0.94303906,6.7399907,60.908985
7.3536315,7.351402,1.504302,0.0022296906,0.030320944
5.497595,9.399669,5.0560822,3.9020739,70.97784
14.283732,10.039864,4.009508,4.243869,29.711203
7.0864835,7.9293013,1.4819542,0.8428178,11.893314
0.0,0.0,1.198756,0.0,0.0
0.0,0.0,2.7312486,0.0,0.0
11.849736,11.048489,1.9003155,0.8012476,6.761733
10.748863,7.8839736,1.3467546,2.8648896,26.652954
0.0,0.0,1.2240472,0.0,0.0
0.0,0.2117114,1.0588182,0.2117114,21171140.0
90.2735,86.21793,3.7822318,4.055565,4.492531
10.222993,12.4119625,2.681668,2.1889696,21.412218
2.4837823,4.5811563,1.3812662,2.097374,84.44275
10.053607,8.63571,1.4877001,1.4178972,14.103368
12.177455,7.1885486,1.1037405,4.9889064,40.968384
15.633155,8.3123665,0.98498535,7.3207884,46.828606
0.0,1.7972503,1.7149196,1.7972503,179725020.0
6.2045794,3.3916974,1.0454311,2.812882,45.33558
0.0,1.4905972,1.3721236,1.4905972,149059730.0
0.0,4.8007817,0.94325644,4.8007817,480078180.0
1.8940735,7.0285687,2.3801885,5.1344953,271.08215
0.0,1.7953615,1.531851,1.7953615,179536140.0
8.452396,8.231015,3.8031979,0.22138119,2.619153
11.33166,8.571708,1.423701,2.7599525,24.356117
4.6445584,4.2745085,1.8445429,0.37004995,7.9673877
0.0,9.7069,1.3616707,9.7069,970689900.0
0.0,3.9260736,1.0402533,3.9260736,392607360.0
18.924507,12.050392,1.4106994,6.874115,36.32388
145.88106,152.96242,2.1556144,7.08136,4.854201
9.024882,9.692705,3.2007723,0.66782284,7.399796
11.547933,7.2777853,0.9503656,4.2701473,36.977592
6.661338e-14,8.095177,4.125475,8.095177,809517700.0
8.224109,5.1352777,1.4254704,3.088831,37.558247
14.00315,8.4126,0.9539743,5.5905504,39.923523
16.174355,13.9437065,2.5026045,2.230648,13.791265
13.14529,11.553797,1.1859813,1.5914936,12.106949
2.8043058,9.80792,1.7374774,7.0036144,249.74504
0.0,0.9273,3.3851523,0.9273,92729990.0
2.7632196,7.498831,1.6058277,4.735611,171.38019
15.386829,16.095625,4.661939,0.70879555,4.6065083
0.0,4.9924498,0.91310966,4.9924498,499244960.0
10.357064,10.040342,1.5324647,0.31672192,3.058028
0.0,3.3657289,0.9233637,3.3657289,336572860.0
13.077952,14.638117,1.7648488,1.5601645,11.92973
7.5207086,4.7937713,0.9484068,2.7269373,36.25905
0.0,1.6545515,1.0569847,1.6545515,165455150.0
6.432962,4.3984923,0.9456889,2.0344696,31.625706
9.444176,6.857087,3.4999158,2.5870886,27.393482
0.0,8.859135,1.3589857,8.859135,885913500.0
8.425097,7.550764,2.6537793,0.8743334,10.377724
16.449507,14.165773,1.803695,2.2837334,13.883294
26.505901,31.255127,1.5426252,4.7492256,17.917616
13.485267,6.6347,0.9630146,6.850567,50.80038
41.239113,54.85231,2.4954956,13.613197,33.010403
12.943018,13.505175,2.9582682,0.5621567,4.34332
10.769176,11.787245,3.6607769,1.0180693,9.453549
0.0,0.0,1.651643,0.0,0.0
0.0,5.8607993,1.50434,5.8607993,586079940.0
32.57004,9.399935,1.5578405,23.170107,71.13932
0.0,2.1657624,1.1300632,2.1657624,216576260.0
177.53601,168.1821,1.4580946,9.353912,5.2687407
0.0,0.0,1.4971555,0.0,0.0
0.0,0.0,1.3206846,0.0,0.0
25.878565,14.962021,3.1382725,10.916544,42.18373
5.657549,8.653978,1.2071799,2.9964294,52.963387
0.0,8.027826,1.5094436,8.027826,802782660.0
0.0,0.0,3.7962744,0.0,0.0
0.21438967,0.34843874,1.475046,0.13404907,62.5259
4.3693075,7.029336,1.0591542,2.6600285,60.879864
0.0,0.0,1.6732048,0.0,0.0
62.6391,36.99639,5.1152773,25.642708,40.93722
51.201466,15.900436,1.0197232,35.30103,68.94535
14.099337,12.906706,1.4920515,1.1926308,8.458773
8.01017,9.049262,2.573769,1.0390921,12.97216
0.0,6.406729,1.2489499,6.406729,640672900.0
0.0,1.1145663,1.5744982,1.1145663,111456630.0
25.876093,20.449215,1.4194317,5.426878,20.972555
12.560932,11.059746,2.8262546,1.5011864,11.951234
5.726972,6.5747786,1.6101803,0.84780645,14.803747
8.446306,8.811526,1.4418814,0.36522007,4.3240213
16.284163,11.541101,1.4554145,4.743061,29.126833
0.0,0.0,1.2802441,0.0,0.0
0.9451136,9.599472,1.4388762,8.654359,915.6951
29.203615,10.314756,1.0896969,18.888859,64.67986
0.0,3.676456,1.3020352,3.676456,367645600.0
9.479257,9.234504,4.791037,0.24475288,2.581984
52.808586,57.134453,1.2141898,4.3258667,8.191597
0.0,1.8266349,1.5391401,1.8266349,182663490.0
14.729891,6.6147404,1.2622509,8.11515,55.09308
41.828835,22.377234,1.341814,19.451601,46.502853
0.0,0.0,1.1074927,0.0,0.0
0.0,0.0,1.1265835,0.0,0.0
64.09761,133.38544,2.600745,69.28783,108.09737
19.377546,5.345137,4.549134,14.03241,72.415825
0.0,0.0,1.2760016,0.0,0.0
1.2345293,2.6012626,2.1563509,1.3667333,110.708855
28.891388,7.4482026,1.1944132,21.443186,74.21999
75.67455,75.408134,3.1259112,0.26641846,0.35205817
10.258564,9.394323,1.5131168,0.86424065,8.424577
28.13378,21.602476,1.8632604,6.5313034,23.215166
10.127287,8.42154,2.1319525,1.7057467,16.843077
71.22039,109.896225,1.6189158,38.675835,54.30444
14.070642,12.449532,1.1687794,1.6211109,11.521228
177.98921,149.3486,2.0155015,28.64061,16.091206
0.0,0.0,2.2366848,0.0,0.0
45.38509,51.72781,1.5527904,6.34272,13.975338
9.750873,9.11813,1.7178488,0.6327429,6.48909
3.1478596,3.4896274,2.524714,0.3417678,10.857149
13.5618725,9.035762,5.139129,4.5261106,33.373787
0.0,0.0,1.0110843,0.0,0.0
0.0,0.6458473,1.1349263,0.6458473,64584732.0
0.0,0.0,1.5495872,0.0,0.0
0.0,6.1602902,1.5776713,6.1602902,616029060.0
0.0,6.4813786,1.2345173,6.4813786,648137860.0
12.492486,9.589613,1.2608728,2.902873,23.236952
0.08873833,7.257211,4.268466,7.168473,8078.215
0.0,0.0,4.3612695,0.0,0.0
36.126686,20.591587,1.3540187,15.535099,43.001728
14.893033,5.664272,1.46236,9.228762,61.966972
2.8788102,7.34343,1.2457157,4.4646196,155.08559
9.391571,4.647181,1.0320702,4.74439,50.517532
0.0,5.8779,1.8670508,5.8779,587790000.0
0.0,0.0,1.6566198,0.0,0.0
12.442536,13.327879,2.6670911,0.8853426,7.115451
1.317004,0.41441774,4.483045,0.9025862,68.533295
2.8624377,5.8450265,1.0164652,2.9825888,104.19751
10.111907,9.303217,1.636649,0.8086901,7.9974036
0.0,0.0,1.0354171,0.0,0.0
15.08284,10.741716,1.1490902,4.3411236,28.781872
47.15268,29.869682,1.4016739,17.282997,36.653267
3.5229533,9.782426,1.4337702,6.259473,177.67686
8.251097,6.1195636,1.2134465,2.1315331,25.833332
0.0,4.8422503,1.3019283,4.8422503,484225020.0
0.0,5.237209,1.3811171,5.237209,523720900.0
0.0,0.0,1.933323,0.0,0.0
0.0,0.0,1.3891684,0.0,0.0
0.0,5.4421363,1.1236336,5.4421363,544213600.0
12.522713,8.330275,1.5458502,4.192438,33.478672
0.0,0.0,4.3894587,0.0,0.0
10.022353,6.660842,1.1886063,3.3615112,33.54014
0.0,0.0,3.3089385,0.0,0.0
10.039236,20.631105,4.9478536,10.591869,105.50473
0.0,0.23437643,1.2049778,0.23437643,23437644.0
0.0,1.1790414,0.8961335,1.1790414,117904136.0
8.638391,10.4277935,2.443652,1.789403,20.71454
0.0,0.0,1.2770393,0.0,0.0
24.89156,18.62249,1.8276321,6.2690697,25.185524
5.9207716,7.5307736,1.349825,1.610002,27.192434
11.971542,6.3116956,5.3731313,5.659847,47.277508
49.59478,59.953526,3.2991598,10.358746,20.886765
8.862185,4.033926,1.4137086,4.8282585,54.481586
0.0,0.0,1.26505,0.0,0.0
84.73691,92.15583,2.2491217,7.4189224,8.755243
10.316452,22.697702,1.346263,12.38125,120.01461
0.0,0.0,1.2875562,0.0,0.0
0.0,0.0,1.8716794,0.0,0.0
6.7780123,4.624163,1.3604375,2.1538491,31.777002
6.8600616,9.295458,4.2739706,2.4353962,35.501083
5.0160427,6.5747743,1.6378058,1.5587316,31.074926
0.0,0.13899899,1.5538876,0.13899899,13899899.0
0.0,0.32360697,1.0353323,0.32360697,32360694.0
0.0,0.0,1.2547754,0.0,0.0
0.0,0.18584108,1.3360733,0.18584108,18584108.0
0.0,0.0,1.5231065,0.0,0.0
0.0,0.102387905,1.4339339,0.102387905,10238791.0
6.6324215,11.828346,1.2507064,5.1959248,78.34129
1.1059132,8.096459,1.0841253,6.990546,632.10626
0.0,2.052285,1.2596719,2.052285,205228500.0
7.2532997,9.003187,1.6129781,1.7498875,24.125397
0.6799193,7.340883,1.741973,6.6609635,979.66974
40.14928,29.733652,1.1747736,10.415628,25.942255
50.99627,29.882113,4.777963,21.114157,41.40334
0.0,0.0,1.6301553,0.0,0.0
10.756264,9.914199,3.2080534,0.84206486,7.8285995
19.04391,20.963406,1.904312,1.9194965,10.07932
22.034132,26.985128,2.1606429,4.9509964,22.46967
9.686731,6.459014,1.3166063,3.2277174,33.321014
18.59973,14.084608,1.0224727,4.5151215,24.2752
9.395739,10.138496,2.2031324,0.7427578,7.9052625
0.0,0.0,1.294402,0.0,0.0
0.0,4.7716556,1.1518729,4.7716556,477165570.0
12.581905,9.011516,3.930485,3.5703897,28.377178
17.562216,12.43816,1.489595,5.124056,29.17659
13.5541525,9.867342,4.729364,3.6868105,27.200598
0.0,1.3707643,1.1911222,1.3707643,137076430.0
0.0,4.24923,1.1469661,4.24923,424923000.0
0.0,4.3151355,1.0242658,4.3151355,431513540.0
4.112397,8.364307,1.156998,4.25191,103.392494
22.84709,9.60593,1.2935706,13.241159,57.955563
0.0,0.0,4.708778,0.0,0.0
10.315786,9.211128,1.3166693,1.1046581,10.708424
0.0,4.234816,0.96819085,4.234816,423481600.0
9.155181,8.856468,2.3123305,0.29871273,3.2627726
0.0,0.0,1.4176992,0.0,0.0
4.885694,5.9938874,2.3985298,1.1081934,22.682415
0.0,0.0,1.808896,0.0,0.0
0.0,3.9569945,1.0996208,3.9569945,395699460.0
