y_true,y_pred,y_std,abs_error,rel_error_%
0.95419025,1.7047832,1.3559487,0.75059295,78.66282
1.2291563,1.3942344,1.0691662,0.16507816,13.430202
18.200472,11.45218,0.98449373,6.748292,37.077568
1.0717522,0.7620368,1.3774939,0.3097154,28.89804
0.77949095,4.3607225,1.0724393,3.5812316,459.4321
1.4171962,1.2041128,1.3619287,0.21308339,15.035561
6.642539,7.9216967,1.2546606,1.2791576,19.25706
0.6359369,5.493227,1.0403081,4.8572903,763.80066
0.9492041,1.0440321,1.3910052,0.09482801,9.990266
6.4880753,7.4693737,1.1077985,0.98129845,15.124646
1.3489528,3.7139423,1.3163077,2.3649895,175.3204
1.4525224,1.0437142,1.3910052,0.40880823,28.14471
0.9229973,1.3906875,1.1155897,0.46769017,50.670807
20.989832,11.191053,1.0753279,9.798779,46.683456
0.9257183,0.9357785,1.3604168,0.010060191,1.0867443
15.470308,14.56771,0.991025,0.9025984,5.834392
1.2467067,0.09053981,1.07388,1.1561669,92.73768
0.5742811,2.8216228,1.0910267,2.2473416,391.3313
0.44213542,1.0437089,1.3910052,0.60157347,136.06091
1.796979,1.3590345,1.371828,0.4379444,24.37115
0.4460771,1.0538733,1.3909912,0.6077962,136.25362
0.056008544,3.3926344,1.2006608,3.3366258,5957.351
0.34332,0.0,1.0189575,0.34332,100.0
11.795586,8.795958,0.98063046,2.999628,25.43009
0.5656064,1.9551002,1.0770537,1.3894937,245.66441
0.34108385,5.25325,1.0681572,4.912166,1440.1638
2.521056,1.3457092,1.3905602,1.1753467,46.62121
19.477001,14.40177,1.0337296,5.0752316,26.057562
5.4170356,5.5537386,1.1620374,0.13670301,2.523576
24.379723,23.225632,1.0602965,1.1540909,4.7338147
0.22378178,2.4475365,0.94824106,2.2237546,993.71564
0.5546935,1.4964098,1.3692837,0.94171625,169.77235
1.1462126,1.0435559,1.391005,0.10265672,8.956168
0.30861548,1.5535198,1.2307793,1.2449044,403.38367
0.42860907,1.0002552,1.3449235,0.57164615,133.37239
0.705307,1.0437071,1.3910052,0.33840013,47.979122
1.6934327,1.0504469,1.3909991,0.6429858,37.969376
0.9820315,1.1992229,1.1347624,0.2171914,22.116539
2.4544923,1.7437527,1.3859129,0.7107396,28.956684
4.705947,3.8923283,1.3780962,0.81361866,17.289158
2.5395327,1.0472962,1.3910047,1.4922365,58.76028
0.97703564,1.0977507,1.2970917,0.12071502,12.355232
13.681907,7.9227295,0.9315019,5.759177,42.093384
0.37149945,0.87432384,1.3514831,0.5028244,135.34998
0.59242517,1.0437093,1.3910052,0.4512841,76.17571
0.9890793,0.9841088,1.1259184,0.004970491,0.50253713
22.561964,24.64834,1.050906,2.0863762,9.247316
0.79765177,2.3443031,1.0361177,1.5466514,193.90057
1.6203524,1.6791555,1.0995238,0.05880308,3.6290305
1.965835,1.9704833,1.1726629,0.004648328,0.23645565
1.150696,1.1976177,1.0497066,0.04692161,4.077672
0.3198194,0.27576554,1.1749562,0.044053853,13.774603
0.9509434,7.325123,1.0680777,6.3741794,670.30054
0.55016196,9.2018175,1.2009197,8.651655,1572.5652
9.206976,10.67678,1.1871831,1.4698038,15.964024
18.63261,14.447195,1.0520378,4.1854153,22.46285
12.9143305,11.4886875,1.2812688,1.425643,11.039233
1.4716951,1.4041567,1.166838,0.06753838,4.5891557
0.22032839,0.6036415,1.0695603,0.38331312,173.97354
0.6594069,0.550102,1.1808515,0.109304905,16.576244
0.88423777,0.38055795,1.16566,0.5036798,56.962032
8.007062,8.492833,1.269598,0.48577118,6.0667844
0.692029,0.13892168,0.95772,0.5531073,79.92545
0.21671763,0.18269378,1.1204611,0.03402385,15.699624
0.8635508,0.38085085,1.2878293,0.48269993,55.89711
0.8370003,1.0443413,1.391005,0.20734102,24.771917
0.6146317,1.0456694,1.391005,0.43103772,70.12943
14.100134,13.085482,0.97524524,1.0146523,7.196047
1.1324438,0.9527037,1.1175472,0.17974007,15.871876
1.0355444,1.4432821,1.0173709,0.40773773,39.37424
0.9911375,1.0470586,1.3909458,0.055921078,5.642111
18.148788,16.63185,1.0429083,1.5169392,8.358349
0.45596477,0.0,1.0350848,0.45596477,100.0
9.757845,7.8963804,1.0413151,1.8614645,19.076595
0.60160726,1.3096361,1.2121227,0.70802885,117.689545
1.1213123,1.2130313,1.1471165,0.09171903,8.179616
11.561808,14.246845,1.2503012,2.6850376,23.223337
1.3764224,2.2682767,1.1386377,0.8918543,64.7951
0.32883957,0.10358113,1.1429322,0.22525844,68.501015
0.81186086,1.7835743,1.2748749,0.9717135,119.68966
0.8368755,1.1797624,1.3837861,0.34288687,40.972263
0.53696305,0.0,0.8908914,0.53696305,100.0
6.178402,6.3191967,1.3446226,0.14079475,2.2788215
0.9739983,1.0503829,1.3910019,0.076384544,7.842369
18.926378,21.425648,0.9942489,2.4992695,13.205217
14.976068,15.761074,1.0933313,0.7850065,5.24174
0.39372003,0.6341411,1.0797617,0.24042106,61.063965
0.23482019,0.0,1.143035,0.23482019,100.0
7.032966,3.5609996,1.1700064,3.4719665,49.36703
0.96296823,0.95624197,1.1325947,0.006726265,0.69849294
0.39484847,2.2755089,1.0450354,1.8806604,476.2993
1.4059917,3.4352794,1.3150535,2.0292878,144.33144
7.344162,8.704289,0.9619227,1.3601274,18.519844
9.832037,12.274516,0.9183939,2.4424791,24.842045
1.0334122,0.7790912,1.2406526,0.25432104,24.609835
0.57726926,0.0,1.1349754,0.57726926,100.0
0.49809366,1.2591195,1.3894278,0.76102585,152.7877
1.503518,1.700635,1.3195094,0.19711697,13.110383
2.5068564,2.8665562,1.0729347,0.35969973,14.348636
0.3378372,4.797598,1.1162606,4.4597607,1320.0917
1.9728959,1.922455,1.1460968,0.050440907,2.5566938
0.4965097,8.251254,0.965256,7.7547445,1561.8516
0.49262777,0.92570317,1.387351,0.4330754,87.911285
9.333735,7.791464,1.2949219,1.5422716,16.523626
0.94648015,1.2250575,0.9730378,0.27857733,29.432981
0.9836294,1.0305299,1.1899667,0.04690045,4.768102
3.7295706,4.684705,1.0961137,0.95513415,25.60976
0.4881194,0.8292423,1.3797692,0.3411229,69.88513
0.3175573,0.4681639,1.0780387,0.1506066,47.42659
9.068582,7.081479,1.1917793,1.9871025,21.911943
0.8261327,0.62027466,0.9818325,0.20585805,24.91828
0.25720853,6.988448,1.0545151,6.73124,2617.036
1.8019066,1.0594754,1.3909688,0.74243116,41.202534
0.35626724,0.1328476,1.1590983,0.22341964,62.711246
0.33175415,1.0732709,1.3044935,0.74151677,223.51395
0.83153534,0.7251456,1.0952574,0.10638976,12.794376
16.768265,15.131699,1.1207004,1.6365662,9.759902
0.6748085,0.698459,1.0420293,0.023650527,3.504776
0.54365766,7.37891,1.0944523,6.8352523,1257.2714
0.60614693,1.0437431,1.3910052,0.4375962,72.19309
0.7702749,1.7622361,1.1016293,0.99196124,128.78017
0.67611855,1.0477744,1.3910047,0.37165588,54.96904
0.57989544,0.9737315,1.3095316,0.39383608,67.915016
2.0867314,1.8431594,1.3575162,0.243572,11.672418
2.3819878,3.1331656,1.0959942,0.7511778,31.535755
0.63629717,1.0437102,1.3910052,0.40741307,64.02874
4.911456,2.7762308,1.3639615,2.1352253,43.474384
0.96543014,0.8360638,1.3511062,0.12936634,13.399865
0.80103487,1.2835302,1.3857323,0.48249537,60.234005
0.16136155,1.0430146,1.3910049,0.8816531,546.3836
0.35284886,0.3441699,1.0861261,0.008678943,2.4596772
0.9894448,1.0477835,1.3909734,0.0583387,5.8961043
0.8631083,1.0438277,1.3910052,0.18071938,20.938204
1.1913716,1.354978,1.0993531,0.1636064,13.732611
21.28555,20.3528,0.97472143,0.9327488,4.3820753
17.161154,20.191267,1.0409,3.0301132,17.656815
0.43817022,0.0,1.0319088,0.43817022,100.00001
21.925116,24.774006,0.98040366,2.8488903,12.993731
23.33911,20.575775,0.99985605,2.7633343,11.839931
0.73455006,1.6121888,1.0922883,0.87763876,119.479774
0.6094812,1.8196301,1.156185,1.2101489,198.55394
0.9444166,0.41365784,1.2542048,0.53075874,56.199642
1.9171604,1.4077977,1.3742096,0.5093627,26.568602
12.760704,13.35761,1.0835855,0.5969057,4.677686
0.25862247,3.6339805,1.0328766,3.375358,1305.1294
0.81742,10.5811615,0.9843067,9.7637415,1194.4584
0.91353935,0.96977496,0.993744,0.05623561,6.155795
27.90443,26.167898,0.9672027,1.7365322,6.2231417
4.263378,4.182061,1.2601241,0.08131695,1.907336
0.24718077,7.963255,1.0056461,7.716074,3121.632
0.5209229,1.3360159,1.2826707,0.81509304,156.47096
0.06791626,3.218236,1.127872,3.1503198,4638.5356
20.02206,21.66265,1.0199351,1.6405888,8.193906
1.000764,1.2209548,1.3909729,0.22019076,22.002268
2.0685105,1.3960149,1.3810599,0.6724956,32.5111
3.0482912,1.7656567,1.1773089,1.2826345,42.077164
7.3098083,5.3215866,1.0648474,1.9882216,27.199368
1.4668605,0.93088305,1.1136994,0.5359775,36.53909
0.63504356,2.3386571,1.3456007,1.7036135,268.2672
20.188467,11.010685,0.98313457,9.177782,45.460518
1.4550095,1.0401653,1.3909999,0.41484416,28.511442
0.5219013,0.043486714,1.3112321,0.4784146,91.66764
0.5237702,13.62568,0.944239,13.10191,2501.4612
12.787708,11.3616085,1.0195765,1.4260998,11.152114
0.45027712,1.1368201,1.3866163,0.686543,152.4712
0.759971,1.4333584,1.3747154,0.6733874,88.60698
0.38146552,0.7180599,1.3196278,0.33659437,88.237175
1.2539811,1.1363677,1.388366,0.117613435,9.379203
3.3494346,3.1376822,1.3524837,0.21175241,6.3220344
0.68389124,0.74924064,1.3875265,0.0653494,9.555525
0.8550203,2.4002619,1.2829942,1.5452416,180.72572
1.4308871,1.0437071,1.3910052,0.38717997,27.058737
0.49116042,0.63513136,1.3436518,0.14397094,29.312407
10.17286,9.931782,0.9262233,0.24107838,2.369819
0.48663604,0.5464873,1.1989462,0.05985123,12.298971
1.0258746,1.235845,1.3340425,0.20997036,20.46745
0.2986319,0.8940424,1.3833928,0.59541047,199.37938
1.4382695,1.0172641,1.389877,0.42100537,29.27166
0.95404917,2.057045,1.020032,1.1029959,115.61206
0.9180833,1.0166082,1.1338248,0.09852493,10.731589
1.2720817,0.70836854,1.3360752,0.5637132,44.314228
2.432401,3.326422,1.3137902,0.89402103,36.754673
0.724245,0.9508314,1.0908356,0.2265864,31.285877
2.6054747,3.0616906,1.0971361,0.45621586,17.509893
0.91968787,1.0437071,1.3910052,0.124019265,13.484929
0.97830176,2.2008007,1.0459665,1.2224989,124.961334
8.9454365,9.887249,1.0095896,0.9418125,10.528413
1.4741129,1.0105892,1.3896074,0.46352363,31.444242
12.299331,11.900885,1.0450767,0.39844608,3.2395754
1.2662567,1.043718,1.3910052,0.22253871,17.574535
0.8467535,1.2195249,1.3884457,0.37277138,44.0236
1.2123946,1.0437071,1.3910052,0.16868746,13.913577
1.612811,0.8426249,1.1590819,0.77018607,47.75427
0.8959609,0.43093592,1.2723182,0.465025,51.902378
0.5301151,2.1095626,1.3857107,1.5794475,297.94424
0.7379838,3.4853215,1.3560215,2.7473378,372.27618
0.7612638,0.20063484,1.1619666,0.56062895,73.64451
0.6726474,1.5571308,1.3852305,0.8844834,131.49287
1.2952037,1.0438045,1.3910049,0.25139916,19.41001
1.5976996,2.2868347,1.1843553,0.6891351,43.132954
0.4679792,5.0115337,1.1115526,4.5435543,970.8881
0.69066596,0.5576186,1.0286523,0.13304734,19.263632
1.3674302,0.9572944,1.3882535,0.4101358,29.99318
14.437955,13.056781,1.1110489,1.3811741,9.566272
0.8361306,1.078964,1.3908659,0.24283338,29.042515
0.62354606,0.0,1.1586317,0.62354606,100.0
1.334225,1.0443739,1.3910052,0.2898512,21.72431
16.275255,1.0976644,1.3908895,15.177591,93.25563
9.009975,8.544108,1.2827533,0.46586704,5.1705694
11.626176,12.724454,0.9661706,1.098278,9.446597
20.79217,25.082806,0.9841555,4.290636,20.635826
10.861289,13.954594,0.9730803,3.0933046,28.48009
0.6999559,1.0526645,1.0744737,0.35270864,50.39012
0.36021614,0.94965136,1.2275336,0.5894352,163.63376
1.1065599,1.831537,1.1402155,0.72497714,65.516304
0.83152544,1.1789076,1.3805137,0.3473822,41.776497
0.19596417,0.9027863,1.3665127,0.70682216,360.68945
9.004999,6.1758423,1.0166568,2.8291569,31.417624
0.34704837,7.348881,0.9790133,7.0018325,2017.5378
0.42876425,1.0323052,1.3909595,0.603541,140.76291
0.2743374,1.043707,1.3910052,0.7693696,280.44647
0.18307497,0.4449141,1.2070615,0.26183915,143.0229
0.9466478,1.0658362,1.3906459,0.11918837,12.590571
0.45008802,0.4214322,1.1324434,0.028655827,6.3667164
19.56102,14.713936,0.9783476,4.847084,24.7793
14.958157,12.050664,0.9781565,2.9074926,19.437506
0.37046844,5.5968027,1.1173513,5.226334,1410.7367
21.795956,22.106897,0.9912009,0.3109417,1.4266027
13.854471,4.124155,1.3140825,9.730316,70.232315
15.767322,14.615793,0.9772978,1.1515284,7.303259
0.53156555,0.9639634,1.3561882,0.43239784,81.344215
0.96437854,1.1045456,1.1776685,0.14016706,14.534444
15.84181,12.597383,1.0423365,3.2444277,20.480158
0.41027337,9.920723,1.0330185,9.510449,2318.0762
0.95662963,1.37327,1.1138977,0.4166404,43.552948
0.9879442,1.045054,1.3910034,0.057109773,5.7806683
1.7274295,2.3131382,1.1933597,0.58570874,33.906376
1.5615102,0.8671849,1.3740283,0.6943253,44.46499
1.2681872,1.1593268,1.3890008,0.10886037,8.583937
0.35695523,0.33740807,1.2499471,0.019547164,5.476083
1.4391223,1.0444974,1.3910052,0.39462495,27.421223
1.4708322,1.5719317,1.2096972,0.10109949,6.873625
15.503436,16.429003,0.97457314,0.9255667,5.9700747
0.9606894,0.923389,1.390121,0.037300408,3.8826709
1.1315358,1.0437071,1.3910052,0.087828636,7.7618966
0.9506046,1.2619004,1.1335974,0.3112958,32.74714
0.15227453,0.004144907,1.1086867,0.14812963,97.278
23.245523,26.926186,0.9994579,3.6806622,15.833854
0.28180283,0.12145394,1.0624093,0.16034889,56.901093
0.80923474,1.1211381,1.3281428,0.31190336,38.543003
1.3145847,1.4531941,1.0731494,0.13860941,10.543969
10.441005,11.086027,1.2210116,0.6450224,6.177781
5.7339892,6.558237,1.0807793,0.82424784,14.374771
0.8383404,1.1674006,1.060028,0.3290602,39.251385
0.45504007,0.71786165,1.3449527,0.26282158,57.757896
0.3885045,8.626587,1.0834832,8.238083,2120.46
1.5190651,0.7678473,1.3101459,0.75121784,49.45264
1.075339,1.0437084,1.3910052,0.031630516,2.941446
4.529554,5.071745,1.125262,0.542191,11.970076
0.25356823,5.4241257,0.9714355,5.1705575,2039.1187
25.158276,26.934814,0.946744,1.7765388,7.061449
1.5147233,4.2365704,1.0537728,2.721847,179.69269
0.4270691,0.7257742,1.055014,0.29870513,69.94305
0.3689142,1.0358965,1.3909932,0.66698235,180.79607
8.645168,8.770621,1.2526375,0.125453,1.4511342
0.77242035,0.0,1.1722882,0.77242035,100.0
1.0613585,1.0437074,1.3910052,0.017651081,1.663065
12.900441,12.544905,1.002743,0.35553646,2.7560024
0.7152833,0.024061441,1.034561,0.69122183,96.6361
18.873108,10.428007,1.2169322,8.445101,44.746742
9.929131,12.751373,1.0067838,2.8222427,28.423866
0.23056036,5.1549244,1.093632,4.924364,2135.8242
20.51483,14.833077,1.004783,5.681752,27.69583
0.88224363,2.130567,1.3535192,1.2483234,141.49419
0.397121,0.0,1.1903269,0.397121,100.0
1.2699965,1.0258083,1.3908107,0.24418819,19.22747
17.95498,10.663297,1.032099,7.291684,40.610928
24.832237,26.032274,0.9835325,1.200037,4.832577
0.25359985,0.0,1.0070382,0.25359985,100.0
0.96443254,0.6433399,1.092659,0.32109267,33.29343
0.6956085,1.1624297,1.135315,0.4668212,67.109764
24.25769,20.964634,0.94449097,3.2930565,13.57531
17.32062,18.938364,0.98799646,1.6177444,9.339992
5.4574203,5.6253633,1.2099584,0.167943,3.077333
0.837168,1.1403339,1.38932,0.3031659,36.213272
0.6560964,0.76620543,1.0608904,0.11010903,16.782448
0.6063816,1.0265241,1.3909317,0.42014247,69.28681
0.2076779,1.0526423,1.390381,0.84496444,406.86295
1.6110855,1.7158928,1.0777824,0.10480726,6.5053816
2.7802427,3.1605086,1.3301998,0.38026595,13.677438
0.5879282,0.25284243,1.3230575,0.33508575,56.994335
11.925925,10.927345,1.290105,0.99858,8.373187
7.9418306,7.6511,1.2056465,0.29073048,3.660749
0.76645595,0.65884244,1.1606066,0.107613504,14.040403
1.8226441,1.0437768,1.3910052,0.77886736,42.732826
0.26916957,0.0,1.0658681,0.26916957,100.0
0.8094273,1.193822,1.1851915,0.3843947,47.489716
11.280384,10.496358,1.2639118,0.78402615,6.9503503
0.8168901,1.6347756,1.0000192,0.8178855,100.12185
0.9239668,1.0440454,1.3898878,0.12007862,12.995988
1.1148596,1.7891626,1.2781136,0.67430305,60.483227
0.80888873,1.506652,1.350399,0.69776326,86.26196
16.819477,16.309742,0.9894385,0.5097351,3.030624
0.5282842,3.2412534,1.3573475,2.7129693,513.5435
1.4507195,0.88380146,1.3505741,0.566918,39.078403
1.5411475,1.0422565,1.3910049,0.498891,32.3714
6.7702775,5.0380964,0.98339385,1.7321811,25.585083
10.925053,10.902855,0.9247927,0.022197723,0.20318185
0.055825848,2.9887314,1.1237108,2.9329054,5253.6694
0.22218461,0.0,1.1103545,0.22218461,100.0
0.8673719,0.27577507,1.0436203,0.59159684,68.20567
0.32176065,0.68440163,1.335641,0.36264098,112.7052
2.0828893,1.2362982,1.3263551,0.8465911,40.645035
0.2298011,0.0,1.1824656,0.2298011,100.0
0.4711108,0.9856785,1.378572,0.51456773,109.22436
0.9352393,0.64632773,1.3372442,0.28891158,30.89173
0.10587076,0.92131686,1.3883208,0.8154461,770.22784
22.602459,25.392845,1.0343107,2.7903862,12.345499
0.70504516,1.6180999,1.282935,0.91305476,129.503
0.94379216,0.67569447,1.1551727,0.2680977,28.406435
1.8546146,2.0292492,1.1514361,0.17463458,9.416219
0.90279335,1.499062,1.0030724,0.5962686,66.04707
0.284873,0.0,0.98615634,0.284873,100.0
0.66119087,0.7803198,1.1674087,0.11912894,18.01733
0.16173078,1.0437071,1.3910052,0.88197637,545.3361
0.24647492,6.8202105,1.1128433,6.5737357,2667.1013
0.67218447,1.0466454,1.3902858,0.37446094,55.70806
7.664614,8.901281,1.277405,1.2366672,16.134762
0.9124046,0.9481857,1.1258537,0.035781085,3.921625
1.6576216,0.74488795,1.3724715,0.9127337,55.062847
0.7240915,1.1441088,1.3909295,0.4200173,58.006115
1.1847553,1.026486,1.3908819,0.15826929,13.358816
3.652844,3.766797,1.1662842,0.11395311,3.1195724
15.561445,17.071152,0.9802133,1.5097065,9.701582
2.5340502,1.3382473,1.3905367,1.1958029,47.189392
0.49961677,0.34547853,1.3569633,0.15413824,30.851294
0.23933631,7.5443296,1.0339562,7.304993,3052.1877
17.983393,10.852733,1.2319849,7.13066,39.65136
0.77375424,1.2567537,1.1824304,0.48299944,62.42285
0.86151475,1.0437093,1.3910052,0.18219453,21.148163
0.38806695,0.55873716,1.0405942,0.17067021,43.979576
0.40461457,0.0,1.2953357,0.40461457,100.0
0.4659135,2.4544926,1.2108357,1.988579,426.81293
21.15902,19.543337,0.9918351,1.6156826,7.6359053
1.349317,1.4874076,1.1257958,0.13809061,10.234112
0.50356394,0.9103657,1.3851396,0.40680176,80.78453
0.74304223,3.6027143,1.243044,2.859672,384.85995
0.57572484,1.0438355,1.3910052,0.46811068,81.30806
1.433252,4.269308,1.0097016,2.8360562,197.87563
12.590563,7.0954075,1.2426804,5.4951553,43.64503
15.418613,12.643419,0.9900385,2.7751942,17.998985
21.39988,20.877037,1.1939113,0.5228424,2.4432025
1.31854,1.2753452,1.2137303,0.04319477,3.2759545
0.6666653,1.2852616,1.3771032,0.6185963,92.789635
12.839203,2.6220171,1.1997985,10.217186,79.57804
0.28131944,3.0142603,0.9952024,2.732941,971.4725
0.36416975,0.0,1.1580709,0.36416975,99.99999
0.8292418,1.3363938,1.384604,0.507152,61.15852
0.7595935,2.6097975,1.0353472,1.850204,243.57819
0.7998614,1.7100056,1.2842685,0.91014427,113.78775
25.790077,24.766706,0.9933609,1.0233707,3.9680793
1.5645033,2.5919738,1.1169329,1.0274705,65.67391
2.498242,2.820603,1.3081623,0.322361,12.903514
0.6579797,2.175496,1.2461768,1.5175164,230.63269
6.657237,1.3296473,1.3796945,5.32759,80.02704
0.22034127,0.98347354,1.3891125,0.7631323,346.34103
0.9616769,1.0612274,1.3910017,0.099550545,10.351766
20.294556,20.893196,1.0129244,0.59864044,2.9497588
0.8262844,1.9962964,1.330209,1.170012,141.59918
0.26042098,1.6279552,1.3856043,1.3675342,525.12445
0.78935945,1.0064677,1.3856149,0.21710825,27.504358
0.8639605,1.3440052,1.3827106,0.48004472,55.56327
14.558262,11.904464,0.9689004,2.653798,18.228811
0.91301227,0.49787694,1.1892021,0.41513532,45.468754
4.5564885,4.3544164,1.281921,0.20207214,4.4348216
1.8517605,1.101522,1.3909867,0.75023854,40.51488
6.2811074,6.7685127,1.2347466,0.4874053,7.759863
1.4072818,1.0191009,1.3898784,0.38818085,27.583733
1.6695124,1.2017478,1.3892759,0.46776462,28.018038
0.6248835,1.0437279,1.3910052,0.4188444,67.0276
0.9892459,1.0437071,1.3910052,0.05446124,5.505329
3.4573817,2.6956668,1.3737528,0.76171494,22.031555
15.923364,12.963885,1.1334901,2.9594784,18.585762
12.143315,11.992402,1.294992,0.15091324,1.242768
0.23322766,1.0436109,1.3910052,0.81038326,347.46448
1.0314208,1.043645,1.391005,0.012224197,1.1851804
0.9543573,0.86196023,1.3792651,0.092397094,9.681604
2.1610043,1.5496328,1.0817094,0.6113715,28.291084
0.6772232,1.6063647,1.0102392,0.9291415,137.19872
0.5306709,0.0,1.1338216,0.5306709,100.0
22.618448,20.865992,0.9902389,1.7524567,7.7479086
18.120682,4.2847977,1.3014244,13.835884,76.3541
1.1777666,3.9298007,1.0410525,2.7520342,233.66551
8.395631,9.352301,1.2964908,0.9566698,11.394853
11.911976,10.390017,0.97625583,1.5219593,12.776715
0.78366613,1.0437114,1.3910052,0.2600453,33.18317
1.0724516,1.5829854,1.2625854,0.5105338,47.60437
6.9030313,5.7394524,0.9314184,1.163579,16.856058
14.969459,12.993225,1.1103616,1.9762335,13.20177
5.6102514,6.0378284,1.0185051,0.42757702,7.621352
1.0992049,0.93192154,1.3824751,0.16728336,15.218578
0.60375446,1.4789196,1.3889486,0.87516516,144.95383
1.0872535,2.183446,1.0568056,1.0961925,100.82217
0.5285305,8.520416,0.96692705,7.9918857,1512.0955
9.060045,7.6761875,1.0527778,1.3838577,15.274292
0.5747332,1.1448151,1.3768746,0.5700819,99.190704
7.4042125,7.887273,1.0157821,0.48306036,6.524129
0.63814753,0.0,1.0564128,0.63814753,100.0
0.54421777,0.0,0.9579749,0.54421777,100.0
0.5777806,0.0,1.0925388,0.5777806,100.0
8.386564,11.850949,0.9679624,3.464385,41.308754
0.31530023,2.835753,1.3028265,2.5204527,799.38184
3.9695175,1.3073261,1.390937,2.6621914,67.06587
0.73120487,1.0460901,1.3910046,0.31488526,43.06389
1.4400073,1.8652345,1.2848165,0.42522717,29.529514
0.92211807,3.6843684,1.0098566,2.7622504,299.55496
0.8663513,1.7575619,1.2663344,0.8912106,102.86943
0.7567269,3.8835788,1.0106139,3.1268518,413.20743
0.7813829,2.9487305,1.2546134,2.1673474,277.3733
0.38575342,1.0606776,1.3611459,0.67492425,174.9626
26.501593,23.050436,0.9363245,3.4511566,13.0224495
11.233622,9.8185215,1.1324877,1.4151001,12.597007
0.34124836,3.5661063,1.2204951,3.224858,945.0179
0.78484106,1.3911836,1.3829215,0.60634255,77.25673
0.9582243,1.5701995,1.2160757,0.6119752,63.865547
0.38706297,0.0,1.1500813,0.38706297,99.99999
0.9789497,1.3098621,1.1586648,0.3309124,33.8028
0.96558166,1.0456461,1.3910048,0.080064416,8.291832
11.391667,9.055762,1.1052306,2.335905,20.505384
1.3416984,1.0437071,1.3910052,0.29799128,22.210005
0.84176934,2.908561,1.334878,2.0667915,245.52943
18.98673,19.068573,1.1904411,0.08184242,0.43105063
10.634371,10.953493,1.0829171,0.3191223,3.0008576
0.7663333,0.9406482,1.2250875,0.17431492,22.74662
0.7584056,0.645982,1.1093276,0.1124236,14.823677
0.9445238,1.2563787,1.3271213,0.31185484,33.01715
13.401395,14.741999,0.9666576,1.3406038,10.003465
0.5816074,1.0286845,1.3909807,0.4470771,76.869225
0.8587811,0.0,1.0041474,0.8587811,100.0
1.7958786,1.0615184,1.3871641,0.7343602,40.891415
1.0440302,1.8827605,1.3806095,0.83873034,80.33583
1.0391958,0.9738018,1.3705864,0.065393984,6.292749
0.5948687,4.6247034,1.1702104,4.0298347,677.4326
23.89344,23.12577,0.99753076,0.7676697,3.212889
0.4548954,0.0,0.9604856,0.4548954,100.0
0.457409,1.9048934,1.1114556,1.4474844,316.453
2.514038,1.8002942,1.2991956,0.7137439,28.390337
1.005897,1.0441835,1.3910052,0.038286448,3.8061993
0.17994444,1.0060391,1.3904035,0.8260947,459.0832
5.4859395,7.785637,1.2997451,2.2996974,41.919846
1.1940804,2.5092754,1.1193098,1.3151951,110.14292
0.6844388,1.6996753,1.3306966,1.0152365,148.33122
0.57176423,3.1063983,1.250491,2.534634,443.30057
0.38026932,0.0,1.3356264,0.38026932,100.0
8.185284,8.014794,1.2521317,0.17048931,2.082876
0.51754946,11.724245,1.0143464,11.206696,2165.3381
2.4579809,1.7953823,1.3746202,0.6625986,26.957027
2.7716393,1.0437071,1.3910052,1.7279322,62.34333
0.4316528,1.3771554,1.3538345,0.94550264,219.04239
3.1333964,2.5292587,1.3774914,0.60413766,19.280602
0.60549706,2.9639003,1.0976142,2.3584032,389.4987
1.3272362,1.4011443,1.3499808,0.07390809,5.568571
0.9631484,1.2724444,1.3832183,0.30929595,32.11301
0.22689165,6.5144787,1.0610715,6.287587,2771.185
9.028106,9.492847,1.0079975,0.4647417,5.1477213
0.7757306,0.0064302683,1.3048604,0.76930034,99.17107
0.36752895,0.0,1.1028019,0.36752895,100.0
0.19510715,0.7173997,1.3711101,0.52229255,267.69525
22.436733,21.571321,1.0043919,0.86541176,3.85712
1.0354812,1.2260444,1.382063,0.1905632,18.403347
5.3007345,2.2051482,1.3897679,3.0955863,58.399193
9.506024,9.473881,1.0810075,0.032143593,0.33813918
0.9010921,0.5985944,1.0529252,0.30249768,33.570118
2.8829138,2.0331907,1.3856854,0.8497231,29.474455
0.83061254,1.7121038,1.3512708,0.8814913,106.12545
0.08965828,0.8694006,1.3859227,0.77974236,869.68243
17.391792,16.225168,1.1505818,1.1666241,6.7079
1.9744506,1.9003689,1.2183992,0.07408166,3.752014
0.36260217,0.53843945,1.1768703,0.17583728,48.493168
0.5057877,0.8116151,1.1981863,0.30582744,60.46558
0.31173128,1.6219555,1.0969229,1.3102243,420.3057
0.6263042,1.1162132,1.3367472,0.489909,78.222206
0.87007344,1.553996,1.148503,0.6839225,78.60515
17.000454,13.013713,1.0971996,3.986741,23.450792
8.399249,7.0020266,0.9663124,1.3972225,16.63509
1.0640924,1.9621239,1.1252959,0.8980315,84.39413
0.53166854,1.4476026,1.3753476,0.9159341,172.27539
0.8374276,0.5848452,1.189784,0.25258243,30.161703
4.491597,5.5050144,1.0669435,1.0134172,22.562513
10.842293,10.471224,0.9035635,0.37106895,3.4224215
1.345292,1.7116139,1.3082194,0.36632192,27.229918
1.2865939,1.0974145,1.3662435,0.18917942,14.703896
1.4245526,0.9094839,1.3333424,0.51506865,36.15652
0.28815472,1.4842713,0.98472095,1.1961166,415.09525
22.340128,19.852615,0.96902037,2.4875126,11.134728
9.172078,8.957895,0.9729331,0.21418285,2.3351617
1.0471237,1.0892915,1.0144784,0.042167783,4.027011
0.41553295,2.3710902,1.3372085,1.9555572,470.61426
0.5744213,1.036173,1.1052754,0.4617517,80.38555
0.48923334,0.0,0.96750146,0.48923334,100.0
0.92872053,1.0434934,1.391005,0.114772856,12.35817
7.5147996,7.5767317,1.3377076,0.061932087,0.8241349
1.051014,1.3061521,1.1079725,0.25513816,24.27543
0.18969324,1.0436883,1.3910052,0.8539951,450.19794
0.25763455,0.9228766,1.0916401,0.6652421,258.21152
24.875269,13.452225,1.0252295,11.423044,45.92129
1.1147207,2.3494477,1.0490248,1.234727,110.765594
2.7288017,4.273114,1.0561585,1.5443125,56.593063
0.4138888,0.8131978,1.263771,0.39930898,96.477356
13.42617,11.462014,1.1553245,1.9641562,14.629311
13.55273,11.578559,0.94302034,1.9741707,14.566591
0.97348493,1.0437276,1.3910052,0.0702427,7.215592
0.9650269,1.0939264,1.3907485,0.12889951,13.35709
0.19200718,5.840907,0.9663289,5.6489,2942.0254
0.2252209,0.62931263,1.3333335,0.40409172,179.42017
13.986375,10.90202,0.9702191,3.0843544,22.052565
2.0648236,1.631143,1.3798065,0.43368065,21.003279
11.576302,10.687776,1.1017355,0.88852596,7.6753874
0.90791166,1.0484673,1.3909918,0.14055562,15.4812
0.42602444,1.8567753,1.2605467,1.4307508,335.83774
5.8772635,5.663335,1.1087815,0.2139287,3.6399372
1.5553362,1.0300645,1.1656733,0.5252718,33.772232
0.12616572,0.8665645,1.3830609,0.74039876,586.84625
15.388939,14.924115,1.1740115,0.46482372,3.0205054
9.333431,11.069643,1.0690733,1.7362118,18.602076
1.2130738,1.1573647,1.1309029,0.055709124,4.5923934
12.731758,9.167591,1.0575284,3.564167,27.994303
0.14494963,11.777864,1.0067731,11.632915,8025.488
0.88859355,1.1002601,1.0347143,0.21166658,23.820406
0.7541188,1.2436911,1.3907766,0.4895723,64.919785
1.1395664,1.2161272,1.0828679,0.076560736,6.718409
13.009289,8.661034,0.98899555,4.348255,33.424232
16.846014,1.0443634,1.3910052,15.801651,93.80053
24.924139,29.530046,0.9988458,4.6059074,18.479706
0.88140285,1.1370296,1.3902321,0.2556268,29.002266
5.80581,6.1805763,1.356557,0.37476635,6.455023
0.7021819,0.96271837,1.0922283,0.2605365,37.103848
0.92680633,1.7930088,1.2447524,0.8662025,93.461
1.2342843,0.83563995,1.1554394,0.39864433,32.29761
6.602731,6.9640656,0.92235607,0.36133432,5.4724975
1.375819,0.7989818,1.3740833,0.5768372,41.926823
0.6037419,3.969256,1.0062925,3.365514,557.4425
0.14202952,4.1873617,1.3510398,4.045332,2848.2332
1.2755798,1.0030018,1.3908868,0.272578,21.36895
0.85569805,0.5893743,1.208168,0.26632375,31.123566
6.057431,5.8162346,1.0657815,0.24119663,3.9818304
0.2918946,4.1351256,1.0205404,3.843231,1316.6501
9.2731085,6.3981676,1.0325633,2.8749409,31.002989
1.3359963,1.0437071,1.3910052,0.29228914,21.87799
26.61624,24.482958,0.97691447,2.1332817,8.014963
4.0578866,3.8960433,1.2562449,0.1618433,3.9883642
1.8410271,1.615082,1.0968374,0.22594512,12.272775
1.7233659,1.0564344,1.3909924,0.6669315,38.699356
9.958893,10.380521,0.98882127,0.421628,4.2336836
0.09886562,1.0432743,1.391005,0.94440866,955.24475
25.997572,24.676607,0.9875184,1.3209648,5.0811086
7.832447,5.2368517,1.3683012,2.5955954,33.13901
3.2071438,2.570098,1.3442464,0.63704586,19.86334
12.609169,8.069765,1.006853,4.539404,36.000816
10.514594,10.626366,1.1296256,0.11177158,1.0630138
15.442035,3.672151,1.3286536,11.769884,76.21977
1.9300998,1.0437071,1.3910052,0.8863927,45.92471
0.99558514,1.0408224,1.3909686,0.045237243,4.5437846
1.0912316,1.0437071,1.3910052,0.047524452,4.3551207
0.42073995,0.0,1.1459805,0.42073995,100.0
0.17079493,1.0385921,1.3910003,0.86779714,508.09305
0.96608853,0.9426613,1.3569888,0.023427248,2.4249587
9.193795,6.573827,1.1399577,2.6199684,28.497135
0.3789659,10.231917,0.9978037,9.852951,2599.957
0.39857182,1.031715,1.3909721,0.6331432,158.85298
1.0009121,0.8700682,1.3816826,0.13084388,13.072465
0.95495963,1.2083092,1.1994523,0.25334954,26.52987
0.72261345,0.5728774,1.1188494,0.14973605,20.721458
1.3625367,1.5831852,1.3784217,0.22064853,16.193953
1.355377,1.2558556,1.1760303,0.0995214,7.34271
18.536055,21.082853,1.024981,2.5467987,13.739702
0.23141941,3.4595044,1.0002496,3.228085,1394.9067
0.58508265,1.0438939,1.3910052,0.45881128,78.4182
0.7860404,1.075522,1.3886726,0.28948152,36.827816
6.795606,7.4000435,1.0468915,0.60443735,8.894531
0.10059952,11.435455,0.97470874,11.334856,11267.307
18.849539,16.006977,1.1023575,2.8425617,15.080272
18.571814,18.556808,1.0147,0.015005112,0.08079508
1.4834913,0.8707546,1.3803931,0.6127367,41.30369
1.4487306,1.1411549,1.2746001,0.3075757,21.230703
0.65885663,1.5900172,1.2165775,0.93116057,141.32977
0.43212298,0.0,1.1093059,0.43212298,100.00001
0.7820363,0.06177324,1.2874925,0.72026306,92.100975
0.53703815,1.1884342,1.3902546,0.6513961,121.2942
0.7516688,1.9334795,1.2004976,1.1818107,157.22493
11.347664,12.849148,0.9436292,1.5014839,13.231657
20.691616,22.60026,0.99509203,1.9086437,9.224237
17.721691,16.97803,1.1013308,0.7436619,4.196337
0.9262509,1.0437071,1.3910052,0.11745626,12.680825
0.36390957,1.2709911,1.0069528,0.9070815,249.26012
0.40505594,3.3991187,0.9526026,2.9940627,739.17267
1.242984,1.2110839,1.1962738,0.031900167,2.5664182
1.0689448,1.3250891,1.3069835,0.2561443,23.962349
17.865032,9.207698,0.9886381,8.657334,48.459663
0.435613,2.7949772,1.3007041,2.3593643,541.6193
15.579006,6.020487,1.0262717,9.558519,61.35513
14.172679,12.07003,1.1634033,2.1026487,14.83593
1.0857697,1.0933299,1.1335443,0.007560253,0.6963036
1.4280926,1.0432174,1.391005,0.38487518,26.950296
0.849637,1.8403807,1.2584376,0.9907437,116.60789
0.57497305,1.2527561,1.3898832,0.6777831,117.88084
6.1005387,5.8886976,1.1956793,0.2118411,3.4724984
19.32596,16.351957,1.1000762,2.9740028,15.388641
1.5196134,1.0436144,1.3910052,0.475999,31.32369
1.0201949,2.5188525,1.1748214,1.4986576,146.89914
0.6786069,1.0083579,1.3272803,0.32975096,48.592335
1.8526431,1.696081,1.3587089,0.15656209,8.450742
2.1985843,2.8114252,1.0928527,0.6128409,27.87434
9.655118,4.9793444,1.2928001,4.6757736,48.42793
0.43283266,2.7132664,1.1728956,2.2804337,526.8627
1.3650373,2.0299878,1.0507662,0.6649505,48.71299
1.4628421,0.8011228,1.3540887,0.6617193,45.235188
21.71983,20.800257,0.9739375,0.91957283,4.2337937
14.042963,13.001302,1.2945492,1.0416613,7.417674
0.8650626,1.0994184,1.0640645,0.2343558,27.091198
1.5304883,0.96815467,1.3884597,0.5623336,36.742104
9.110728,10.539944,1.0038786,1.4292154,15.68717
0.36663732,3.47066,0.9871124,3.1040227,846.61945
0.54001796,0.28912866,1.1273578,0.2508893,46.459435
21.81685,15.245936,0.9854627,6.5709143,30.118528
5.5141344,3.8365853,1.1926209,1.6775491,30.42271
0.8645405,1.0531745,1.3910037,0.18863398,21.818987
0.21648344,7.8629055,0.98661757,7.646422,3532.1047
0.62952393,7.415868,1.0648528,6.786344,1078.0121
19.126848,13.329609,1.0060427,5.7972393,30.309433
0.54138297,1.0442982,1.3910052,0.5029152,92.89454
0.7922002,2.303995,1.2759789,1.5117947,190.83493
2.9137244,2.218245,1.3712251,0.6954794,23.869087
0.623014,1.7311627,1.1578063,1.1081487,177.869
0.9578708,1.1644512,1.0008725,0.20658046,21.566631
1.5123206,0.75885284,1.2931755,0.7534678,49.82196
0.8180757,1.9401175,1.2794048,1.1220417,137.15622
0.7100633,9.048713,1.0767555,8.33865,1174.353
1.018575,1.0444492,1.3910052,0.025874257,2.5402408
0.8343356,2.1046462,1.2832824,1.2703106,152.25415
0.6818912,0.6032703,1.0631866,0.07862091,11.529832
0.7191983,1.0437099,1.3910052,0.3245116,45.1213
14.09951,13.945011,1.0097318,0.15449905,1.0957761
16.741684,11.629478,0.98541385,5.1122055,30.53579
0.8397686,0.4764496,1.3111093,0.36331898,43.26418
0.6025865,0.0,1.1006395,0.6025865,100.0
0.24988507,0.2436015,1.0786413,0.0062835664,2.5145826
0.8411639,1.352303,1.371853,0.51113915,60.765705
0.908233,1.2376451,1.3902215,0.32941216,36.269566
18.606644,18.543201,1.0180222,0.06344223,0.34096548
0.62335604,2.9010606,1.2881848,2.2777045,365.39383
20.46059,11.780093,1.025066,8.680497,42.42545
0.118833,0.5838975,1.1115794,0.46506447,391.3597
1.4856595,1.0486755,1.3909941,0.43698394,29.413465
0.2563943,2.9281533,1.1302361,2.671759,1042.0509
1.0492153,1.0814527,1.3905563,0.03223741,3.0725257
1.2376673,1.043699,1.3910052,0.1939683,15.672087
17.182041,16.6966,1.1033435,0.4854412,2.8252826
0.90035886,0.8697994,1.3736379,0.03055948,3.3941445
4.203697,5.495281,0.996189,1.291584,30.724953
0.19822267,7.6742334,1.0000999,7.476011,3771.5217
0.78451324,1.2019122,1.1250684,0.41739893,53.204826
2.282214,4.173648,1.3746284,1.891434,82.87716
13.56705,13.465597,1.1912566,0.10145283,0.7477884
1.3860227,1.093053,1.1076438,0.2929697,21.13744
0.21404162,8.63161,1.0105301,8.417568,3932.6782
0.7960729,1.2982683,1.3909022,0.5021954,63.084103
2.7383525,1.0686722,1.3910044,1.6696804,60.9739
10.684285,11.441488,0.9213838,0.7572031,7.087073
0.51946694,1.0496376,1.3910028,0.5301706,102.06052
0.41411844,1.4854181,1.3788512,1.0712997,258.69403
1.6872842,0.82682335,1.36898,0.8604609,50.996796
0.60731155,0.0,1.1403869,0.60731155,100.0
1.2233785,1.70143,1.1683446,0.47805142,39.07633
0.8678649,1.8816755,1.297815,1.0138106,116.81664
18.161697,19.916306,1.121798,1.7546082,9.6610365
0.6278264,1.0135579,1.1711577,0.38573152,61.439198
5.3761115,5.133317,1.3733195,0.24279451,4.5161734
0.9822296,1.0438814,1.3910052,0.061651826,6.2767224
0.8412105,1.0437073,1.3910052,0.20249677,24.072067
1.0673969,1.0437198,1.3910052,0.02367711,2.2182107
0.9906751,0.96919715,1.360872,0.021477938,2.1680102
0.96877015,1.3906487,1.3184116,0.42187858,43.54785
1.9067214,2.1054182,1.173736,0.19869685,10.420865
15.895795,13.098804,1.0988613,2.7969904,17.595787
0.68740535,1.0504725,1.0734019,0.36306715,52.817043
22.795135,20.892893,0.9854019,1.9022427,8.344951
0.8592397,1.0430547,1.3861316,0.183815,21.39275
0.8317379,1.0695252,1.34238,0.23778737,28.589218
0.6579141,1.0872656,1.3386934,0.4293515,65.25951
4.1837444,4.6499047,1.1308763,0.4661603,11.142179
0.3330699,1.7837002,1.1913015,1.4506303,435.53333
1.1315151,1.0309043,1.3908193,0.10061085,8.891692
0.5020206,2.710545,1.1189766,2.2085245,439.92706
3.5540714,4.384839,1.0502841,0.83076763,23.375097
0.77553976,1.2789556,1.3773358,0.5034158,64.911674
1.6058569,1.043722,1.3910052,0.56213486,35.00529
0.7198212,2.7026567,1.066872,1.9828355,275.46222
0.49242708,0.8262501,1.1077222,0.333823,67.79136
0.8617528,0.99298596,1.3904414,0.13123316,15.228631
6.4260025,7.285248,0.9867858,0.8592453,13.371382
0.8567621,0.8177454,1.3639445,0.039016724,4.553974
0.90498155,1.2050085,1.3714806,0.30002695,33.152824
1.0295813,1.0247055,1.1097988,0.004875779,0.47356912
0.84322023,1.0437071,1.3910052,0.2004869,23.77634
1.3349146,1.723013,1.0327518,0.38809848,29.072908
0.67517,1.3045142,1.3823441,0.62934417,93.2127
0.523375,0.00084877014,1.1297226,0.5225262,99.83783
1.4515789,1.8984281,1.1360376,0.44684923,30.783669
19.212866,17.492327,1.1828078,1.7205391,8.95514
0.23948821,12.478842,0.9987545,12.239353,5110.6284
0.84120506,0.29087037,1.2464536,0.5503347,65.42218
0.35204268,0.63844556,1.2873343,0.28640288,81.35459
2.4096892,2.6469917,1.2180201,0.23730254,9.847849
16.364744,10.671991,1.0147289,5.692753,34.78669
17.245754,16.202932,0.965196,1.0428219,6.0468326
0.60440034,1.2673879,1.3443758,0.66298753,109.69344
23.213133,26.023848,0.98611486,2.8107147,12.108295
0.45062378,1.8750311,1.2886086,1.4244074,316.0968
17.324469,14.320687,1.03272,3.0037813,17.338375
1.0880408,0.7582395,1.3708194,0.32980132,30.311485
8.932826,3.1833298,1.0294107,5.7494965,64.36369
25.716604,15.899503,1.0190051,9.8171015,38.174175
1.0049244,1.0944841,1.0854971,0.089559674,8.91208
13.170002,14.768677,1.1417044,1.5986748,12.138759
18.245384,14.44827,1.0266507,3.7971144,20.811369
0.9133381,0.8400568,1.3033984,0.07328135,8.023463
0.9531112,0.76658666,1.335533,0.18652451,19.570068
0.9520303,2.4412866,1.3331306,1.4892563,156.4295
8.1973715,8.681641,1.0267183,0.48426914,5.9076147
0.40729356,4.230689,1.275113,3.8233955,938.7321
2.6954684,2.758244,1.0978857,0.06277561,2.3289313
0.63484716,0.56422925,1.1142071,0.070617914,11.123609
0.49769285,0.21373194,1.0683004,0.2839609,57.055454
0.41619727,3.1681962,1.1346201,2.751999,661.2247
0.30617714,13.335854,1.0225775,13.029676,4255.6006
19.46214,18.434471,0.97018003,1.027668,5.2803445
0.221468,1.0437038,1.3910052,0.8222358,371.26617
0.7310642,1.0484781,1.3910035,0.31741393,43.418064
7.8582163,6.904888,1.1020118,0.95332813,12.131609
1.2082072,1.077513,1.0897634,0.13069427,10.817206
0.5159892,1.0578257,1.3909914,0.5418365,105.00928
1.2344186,1.089435,1.3395813,0.14498365,11.745096
0.83667374,0.611728,0.9638057,0.22494572,26.885715
2.6913934,3.056509,1.3551525,0.36511564,13.566046
0.123631954,3.025589,1.0605031,2.901957,2347.255
3.9428113,5.109659,1.1198527,1.166848,29.594313
0.7575162,1.8966022,1.0142887,1.139086,150.37117
13.001414,10.10709,1.1529971,2.8943243,22.261612
1.8156893,1.1450317,1.3753381,0.67065763,36.936806
0.87172025,2.4715486,1.0277328,1.5998282,183.5254
0.9256209,0.583972,1.2676502,0.34164894,36.910244
0.88812935,1.0437073,1.3910052,0.1555779,17.517483
1.0182234,1.3706623,1.0562106,0.35243893,34.613125
1.8670884,1.1873822,1.3839025,0.6797062,36.404606
0.24258813,1.0345609,1.3909646,0.79197276,326.46805
0.71956414,1.4647619,1.0618098,0.7451977,103.56237
0.2287641,5.5096703,0.9813346,5.280906,2308.4507
6.1933093,5.852518,1.1422695,0.34079123,5.502571
0.43311235,0.0,1.0158362,0.43311235,99.99999
0.7694095,1.2172587,1.2240947,0.4478492,58.206875
1.5041072,1.2918068,1.1153628,0.21230042,14.114713
1.0945634,1.3287777,1.2004257,0.2342143,21.397966
0.655055,0.80104053,1.1126032,0.14598554,22.286
1.4567021,1.0437071,1.3910052,0.41299498,28.35137
0.4522961,1.0465558,1.391004,0.5942596,131.3873
1.0642642,1.0557444,1.3899319,0.008519769,0.8005314
0.88075715,0.99396384,1.1709318,0.113206685,12.853336
0.29537484,2.3880465,0.9718465,2.0926716,708.48
0.8102879,1.622687,1.3447392,0.8123991,100.260544
0.8249145,0.95613515,1.389262,0.13122064,15.90718
1.1130065,1.0827317,1.1434462,0.030274749,2.7200873
0.7343778,1.0484668,1.391005,0.314089,42.7694
19.269596,13.292181,1.1911995,5.977415,31.01993
0.87158185,1.4391387,1.3658677,0.5675568,65.11801
0.7738925,0.90984,1.386895,0.13594747,17.566711
3.474353,2.3467193,1.14115,1.1276338,32.455936
1.1688926,1.0522857,1.0626019,0.11660695,9.975848
1.3302498,1.3316648,1.1392685,0.0014150143,0.10637207
1.613068,1.1101174,1.2530544,0.50295055,31.179749
0.49632958,1.2663491,1.390953,0.77001953,155.14279
0.74622107,0.9172428,1.0533205,0.17102176,22.918379
11.796099,12.068743,1.2149311,0.27264404,2.311307
6.3727894,6.7750635,1.2057314,0.40227413,6.3123713
16.685522,15.039733,0.96542466,1.6457891,9.863576
16.0672,13.153547,0.98720646,2.9136524,18.134165
0.45840904,4.022954,1.2210081,3.564545,777.59045
1.0164423,1.1779275,1.3909934,0.1614852,15.887296
0.516542,7.8398914,1.0130929,7.3233495,1417.7645
0.98305064,0.663337,1.116649,0.31971365,32.522602
0.53983986,1.295913,1.1096697,0.7560731,140.05508
0.4243126,2.4880624,1.3092062,2.0637498,486.37488
21.221542,18.739035,0.98936814,2.4825077,11.698054
0.28104383,3.387043,1.1225582,3.1059992,1105.1654
11.0043,4.818738,0.94201773,6.185562,56.21041
0.62052685,8.061772,1.0837696,7.4412456,1199.1819
6.0208178,6.2924337,1.1835849,0.27161598,4.5112805
1.8256638,1.1603906,1.28476,0.6652732,36.44007
0.7881345,1.0441098,1.3910052,0.2559753,32.47863
12.078448,10.135007,1.3057361,1.9434414,16.090158
0.41467163,0.67564946,1.1230676,0.26097783,62.936024
1.037457,1.0744424,1.3892511,0.036985397,3.5650053
0.50262773,0.9130208,1.3728465,0.41039306,81.649506
1.0469854,1.0683887,1.3702875,0.021403313,2.04428
1.9812479,1.9838011,1.177,0.0025532246,0.12886952
9.850393,5.9867573,0.98385507,3.863636,39.223164
0.18852443,0.51568186,1.1105869,0.32715744,173.53584
2.436145,3.0569408,1.0773172,0.6207957,25.482708
12.806014,12.90961,1.1260499,0.10359573,0.8089616
0.56271935,1.0550885,1.391001,0.49236917,87.49818
6.5635486,5.669196,1.2584339,0.89435244,13.62605
0.76016194,1.3626704,1.0776321,0.6025085,79.260544
0.4900772,1.0861213,1.3910041,0.5960441,121.6225
0.6355764,2.3971548,1.1531177,1.7615783,277.16232
0.7474762,0.6188314,1.1779575,0.12864482,17.210558
1.1725316,1.0321798,1.3841611,0.14035177,11.969977
0.72024375,0.9336631,1.3034985,0.21341932,29.63154
0.5963554,1.1038679,1.3844811,0.5075125,85.10236
0.901731,0.44946486,1.1269193,0.45226616,50.15533
0.4843168,0.6750661,1.1010662,0.19074932,39.38524
7.172275,1.0447029,1.3910052,6.127572,85.43415
0.953643,1.4055612,1.0598875,0.45191818,47.38861
3.4288454,2.8594923,1.3355505,0.5693531,16.604805
0.27742887,3.7607856,1.1304367,3.4833567,1255.5854
1.4979457,0.8618948,1.3650506,0.6360509,42.461544
0.20532244,0.92071533,1.3850031,0.7153929,348.4241
0.6298255,0.6285211,1.1827567,0.001304388,0.20710309
0.5539493,0.4386887,0.9746661,0.1152606,20.807068
0.2401805,1.050016,1.2548869,0.80983555,337.1779
1.5387229,1.0437572,1.3910052,0.49496567,32.167305
23.971886,23.154634,1.091636,0.8172512,3.409207
0.52180326,0.9201221,1.1457813,0.39831883,76.33506
13.890344,13.740671,0.98072076,0.14967251,1.0775292
16.877996,8.975404,1.0676761,7.9025927,46.821865
13.1085825,8.73665,0.9570753,4.371932,33.351677
0.59688354,4.189184,1.0052993,3.5923007,601.84283
0.8935318,1.1560929,1.038107,0.26256108,29.384636
0.77847844,1.0450163,1.3910052,0.26653785,34.238308
18.611673,20.749804,1.0030968,2.1381302,11.488113
3.4027467,1.8201551,1.1142778,1.5825915,46.50924
28.6293,24.412828,0.94221,4.2164707,14.727817
0.6022987,1.0440291,1.3910052,0.44173044,73.34076
1.3995844,2.3916433,1.1388866,0.9920589,70.882385
0.44020975,1.0813181,1.3885103,0.6411084,145.63702
1.0013417,1.0429485,1.390535,0.041606784,4.1551037
0.725018,1.0397719,1.3607956,0.3147539,43.41325
19.428171,22.757734,0.97424257,3.3295631,17.13781
7.8658743,7.7566805,1.0477147,0.1091938,1.3881966
0.32454076,10.186222,1.0217156,9.861681,3038.657
0.94070184,1.0230953,1.3825414,0.08239341,8.758717
0.96071917,1.125529,1.0918837,0.16480988,17.154844
1.5989095,1.4781623,1.3215027,0.12074721,7.5518475
1.1318367,1.4546032,1.1221416,0.32276654,28.51706
2.447276,3.0153332,1.0696887,0.56805706,23.21181
1.1626862,1.0503769,1.3909876,0.11230934,9.6594715
0.665086,2.8009834,1.2906882,2.1358974,321.14606
2.072926,2.0055175,1.3015336,0.06740856,3.2518556
0.7293294,1.1310586,1.3737866,0.40172917,55.081993
1.0547639,0.98256004,1.3435684,0.072203875,6.845501
1.25485,1.0437071,1.3910052,0.2111429,16.826147
0.20720789,0.43030906,1.0850098,0.22310117,107.67021
0.99334806,3.4733517,1.1807854,2.4800036,249.6611
0.22301447,0.9136469,1.3438401,0.6906324,309.68054
1.4568099,1.531086,1.1380875,0.07427609,5.0985436
0.84521097,1.5217948,1.2796218,0.6765838,80.04911
1.23199,1.0220337,1.3906101,0.20995629,17.042046
0.60517746,1.0437071,1.3910052,0.43852967,72.46299
0.8647169,2.7519093,1.3303237,1.8871924,218.24396
0.4367675,0.0,1.3293319,0.4367675,100.0
2.230149,2.0687833,1.3306805,0.16136575,7.235648
14.540754,13.6670685,1.2285988,0.87368584,6.0085316
0.85675204,2.3411202,1.2727152,1.4843682,173.25528
0.8614384,0.8754996,1.1689025,0.014061213,1.6322947
12.586181,2.2360945,1.326956,10.350086,82.233734
13.535442,13.483415,1.1656542,0.052027702,0.38438123
0.65108997,0.38603568,1.0875127,0.2650543,40.709316
0.59825516,1.2321465,1.3835233,0.63389134,105.95669
1.6295644,1.0229003,1.3907756,0.60666406,37.228603
3.4004102,2.804231,1.3023438,0.59617925,17.532568
18.69697,18.928719,1.0669106,0.23174858,1.239498
0.9172658,1.0409818,1.391003,0.123716,13.487475
0.61444527,1.0440282,1.3910052,0.4295829,69.91394
23.414635,14.915753,0.950281,8.498881,36.297306
0.6346357,0.95344305,1.3891253,0.31880736,50.234707
15.107315,10.375151,0.93832076,4.7321644,31.323662
0.46008378,1.0437089,1.3910052,0.58362514,126.85193
0.9772196,0.6028195,1.1826272,0.37440008,38.312786
2.3967173,3.0012505,1.264724,0.6045332,25.223383
0.48149303,7.140376,1.047902,6.658883,1382.9656
1.3635875,1.4225382,1.104698,0.058950663,4.3232036
0.8638254,1.6768821,1.3582239,0.81305677,94.12282
0.32937124,0.0,1.1673396,0.32937124,100.00001
0.9682302,1.0267836,1.2014312,0.058553398,6.0474668
1.3969855,1.4068503,1.352077,0.009864807,0.7061496
3.059291,3.0714085,1.1194503,0.012117624,0.3960926
0.53524244,0.86607707,1.3715839,0.33083463,61.810238
0.120723136,0.0,1.169069,0.120723136,100.0
0.93163484,0.67942226,1.1771663,0.25221258,27.072042
0.60552186,3.7147481,1.2080784,3.1092262,513.47876
0.3427909,2.1212878,1.0153753,1.778497,518.82855
0.5304642,1.4661759,1.0879363,0.93571174,176.3949
0.27814242,0.23761344,1.159283,0.040528983,14.571306
0.68504655,0.45921487,1.2692736,0.22583169,32.96589
0.5516486,0.50548714,1.2484113,0.046161473,8.367912
0.9718309,1.2690821,1.245116,0.29725116,30.586718
0.18453526,7.6725645,1.0572461,7.4880295,4057.777
1.076423,0.7728087,1.3625832,0.30361438,28.20586
0.18323696,1.0467734,1.391003,0.8635365,471.26764
1.6925513,1.0525028,1.3909874,0.6400485,37.815605
15.208842,15.233483,1.015101,0.024641037,0.16201784
1.7946498,1.1844292,1.3072267,0.6102207,34.002213
19.838415,16.622572,0.9909057,3.2158432,16.210182
1.0525346,1.5251005,1.0273744,0.4725659,44.897896
19.751839,16.088875,0.9818522,3.6629639,18.544926
0.6658158,1.2825638,1.3812926,0.61674803,92.63043
1.234974,3.4865658,1.021009,2.2515917,182.31895
0.547248,0.7961054,1.2521139,0.24885738,45.474335
3.4096415,4.5708995,1.3071539,1.161258,34.058067
1.130801,1.1236968,1.3869199,0.0071041584,0.6282413
1.4417672,2.7088923,1.0325315,1.2671251,87.88694
0.85055166,1.1559999,1.3909919,0.30544823,35.911777
0.74011195,1.6750718,1.3548747,0.9349599,126.32682
0.7043482,0.9091915,1.0907632,0.20484328,29.082674
1.7677324,1.0437725,1.3910052,0.7239599,40.954163
1.2845653,1.0377128,1.1691722,0.24685252,19.216812
0.25474882,0.9904174,1.3885349,0.7356686,288.78192
7.2527323,8.613382,0.9083355,1.3606501,18.760517
0.7267742,0.96196556,1.3858283,0.23519135,32.360992
0.2249524,7.024743,0.9813828,6.799791,3022.7686
10.735644,11.569318,1.0874608,0.8336735,7.7654724
0.30602017,1.333148,1.1856468,1.0271279,335.64056
0.7009923,0.7534052,1.2311996,0.052412927,7.4769626
0.89934474,2.0658627,1.3066458,1.166518,129.70753
11.3859215,10.799615,1.1960237,0.5863066,5.1493993
0.63987076,0.5355398,1.1947184,0.10433096,16.305004
1.0371083,1.0129011,1.3878351,0.024207234,2.3341086
0.85658014,3.8647377,1.284565,3.0081577,351.18228
26.817707,30.916605,0.9476605,4.098898,15.284297
24.420431,23.11416,0.96790373,1.3062706,5.349089
0.55885434,0.0,1.1686064,0.55885434,100.0
11.57548,9.989409,1.3006918,1.586071,13.701988
0.9179334,1.8811204,1.0860816,0.96318704,104.92995
2.0230203,1.2024484,1.3890833,0.8205719,40.561726
0.59112895,2.8537898,1.2844151,2.262661,382.76944
0.8411745,1.043851,1.3910052,0.20267653,24.094471
1.9853714,1.586129,1.3050922,0.3992424,20.109205
6.638232,4.4431076,1.1958218,2.1951246,33.06791
1.0229797,0.65598345,1.3487865,0.3669963,35.87523
0.41294125,2.5821955,0.9845579,2.1692543,525.31793
0.527131,1.064862,1.3909843,0.537731,102.01088
15.839783,15.962209,1.182222,0.12242603,0.77290225
10.008192,1.1144835,1.3907604,8.893708,88.86429
0.9419943,1.0880952,1.3910037,0.14610088,15.509742
0.09074688,0.87060374,1.3743542,0.77985686,859.376
1.0579733,1.0437076,1.3910052,0.0142656565,1.3483948
6.859074,7.8764906,1.0256392,1.0174165,14.833146
0.7861542,0.4351588,1.0863119,0.35099542,44.647144
0.44538292,0.04939699,1.1774095,0.39598593,88.9091
0.45119357,2.1877198,1.3855444,1.7365263,384.87387
0.4315922,1.62936,1.3906965,1.1977677,277.523
1.1373032,1.2263751,1.3862053,0.08907187,7.8318486
17.057468,11.67835,1.0018721,5.379118,31.535267
0.9318486,1.0492641,1.391005,0.11741549,12.600275
7.1198564,8.155046,0.97114193,1.0351901,14.53948
11.187833,9.421115,1.0674044,1.7667179,15.791422
0.4932529,0.5104928,1.267368,0.017239898,3.495144
0.93065304,2.1082852,1.2174633,1.1776321,126.53825
11.330565,11.606393,1.1418331,0.2758274,2.4343657
1.2197955,0.9634459,1.158629,0.25634956,21.015783
0.9604044,1.2233274,1.3303639,0.262923,27.376282
1.5220771,0.7685901,1.263877,0.753487,49.50387
0.5324811,0.0,1.0407622,0.5324811,100.0
0.16264203,1.0195554,1.3908731,0.85691345,526.87085
0.5603871,1.0464985,1.3910049,0.48611146,86.74566
0.2196184,12.087106,1.1846694,11.867487,5403.685
1.3239712,1.0092239,1.3902572,0.3147472,23.772966
0.64015687,0.6524279,0.99926835,0.012271047,1.9168812
0.54549754,4.178625,0.986689,3.6331277,666.02094
2.217309,2.8810296,1.3021537,0.6637206,29.933609
0.8002615,1.0484363,1.3909897,0.24817479,31.011711
0.49067113,4.629691,1.1320232,4.13902,843.5426
19.898155,14.879002,0.9755217,5.0191536,25.224215
1.5621059,1.0493317,1.3909976,0.5127742,32.825832
0.55682725,1.0550447,1.3910006,0.4982174,89.47432
0.44301617,0.0,1.2019364,0.44301617,100.0
12.241606,10.451403,1.0918844,1.7902031,14.623923
0.48118484,0.91073394,1.0739893,0.4295491,89.26904
0.5912652,1.0439761,1.3910052,0.45271087,76.56647
0.8436202,1.27991,1.389689,0.4362898,51.716377
15.031189,13.56352,1.0834757,1.4676685,9.764154
0.58235335,1.0441257,1.3910052,0.46177232,79.29418
2.9053237,1.0437071,1.3910052,1.8616166,64.07605
13.84908,9.189985,1.0527941,4.659095,33.641907
0.73925966,0.90254647,1.0864481,0.1632868,22.087881
0.24158424,4.993091,1.1389642,4.751507,1966.8116
0.77969545,1.0960907,1.3747747,0.31639522,40.579334
0.792911,1.7231011,1.0327257,0.93019015,117.31331
4.084692,3.8449147,1.1602238,0.23977733,5.870145
0.1494705,10.888309,1.0036322,10.738838,7184.5874
0.75009215,0.75432545,1.0524611,0.0042333007,0.56437075
3.1711123,4.5794487,1.0714991,1.4083364,44.41143
8.95722,7.975422,1.1133859,0.9817982,10.96097
15.037815,14.514673,1.2393199,0.52314186,3.4788423
7.60861,6.96113,0.98477584,0.64748,8.509833
0.8897232,1.0437106,1.3910052,0.15398741,17.307339
1.2349654,1.027729,1.1684473,0.20723641,16.780745
0.46064234,7.048975,1.0267737,6.5883327,1430.249
0.5829019,1.126859,1.1267648,0.54395705,93.3188
24.020056,22.455095,0.9861115,1.5649605,6.515224
0.42299202,0.94409966,1.1218873,0.5211077,123.195625
2.6973333,2.9386954,0.982507,0.2413621,8.948174
0.72169983,1.3957599,1.3393381,0.6740601,93.39896
0.8387253,1.0444785,1.3910052,0.2057532,24.531656
0.23187074,1.0544623,1.390966,0.82259154,354.76297
1.0042785,2.0936754,1.069442,1.0893968,108.47556
14.343286,1.4323766,1.3836117,12.910909,90.0136
6.3894677,5.3138676,1.366494,1.0756001,16.833956
1.036086,2.7409766,1.0293813,1.7048906,164.55107
0.7086067,1.0437074,1.3910052,0.33510065,47.290073
2.0543523,4.1912804,1.3819264,2.136928,104.019554
2.524099,2.6791115,1.3192183,0.15501237,6.141295
18.673079,17.753607,0.990776,0.91947174,4.92405
0.71997976,0.72735536,1.0584126,0.007375598,1.0244174
0.416782,2.360867,1.010412,1.944085,466.4513
0.6130719,0.3626641,1.0407757,0.25040781,40.84477
1.4653105,3.225509,1.1952658,1.7601985,120.12461
5.232516,5.727991,1.1949114,0.4954753,9.46916
0.5202384,1.0437071,1.3910052,0.52346873,100.62093
0.25477782,0.8319325,1.3465898,0.57715464,226.53252
0.8679028,2.4658792,1.0093641,1.5979764,184.11928
1.3343841,1.6569414,1.0990627,0.32255733,24.17275
1.0304506,1.4966533,1.1741377,0.46620274,45.24261
1.1053743,0.8730996,1.3401109,0.23227471,21.013216
0.5951631,0.6746631,1.0133723,0.07950002,13.357686
5.063474,3.2504013,1.2334899,1.8130729,35.806896
3.6928294,3.2448356,1.2883314,0.44799376,12.131451
0.9417957,0.89146584,1.0860918,0.050329864,5.3440323
0.2558092,1.0164198,1.0943357,0.7606106,297.33514
1.4122609,1.0437071,1.3910052,0.36855376,26.09672
0.693296,1.940715,1.0853207,1.2474189,179.92587
0.89431244,1.0250466,1.3686866,0.13073415,14.618398
0.5424558,1.0903835,1.1110193,0.54792774,101.008736
0.8086426,1.0437114,1.3910052,0.2350688,29.069553
1.9782985,1.2704637,1.3901856,0.70783484,35.77998
1.9840608,2.1702719,1.3410902,0.18621111,9.385353
0.39373735,4.727603,0.9586677,4.3338656,1100.6997
0.44358197,2.8808143,1.3148793,2.4372323,549.4435
1.0057179,1.1192716,1.3878064,0.11355376,11.290816
1.4933695,1.0423418,1.3910023,0.45102763,30.202013
0.5604672,1.0432923,1.391005,0.4828251,86.1469
0.8355153,0.06666696,1.0691906,0.76884836,92.02086
19.087841,13.532736,0.9953432,5.555105,29.102846
0.298906,1.0516399,1.3909212,0.75273395,251.82965
4.1513596,3.2136967,1.3875688,0.93766284,22.586885
0.75533175,1.661087,1.286104,0.9057553,119.9149
15.297561,13.263816,1.0915313,2.0337448,13.294569
0.426832,0.0,1.1870177,0.426832,100.00001
1.0036066,1.2087861,1.070396,0.20517957,20.444225
3.1678362,4.323224,1.0066475,1.1553879,36.47246
0.97744733,2.0791059,1.0224483,1.1016586,112.70772
0.45316932,0.975281,1.1213045,0.52211165,115.21337
2.6390731,2.0555582,1.0786511,0.5835149,22.110601
0.5213889,12.20978,1.0381173,11.688391,2241.7798
0.52680665,0.48378944,1.3564814,0.04301721,8.165653
25.54618,31.088146,0.9535385,5.5419655,21.693909
2.046928,2.047811,1.3726157,0.0008831024,0.043142818
1.3632859,1.2280388,1.1740957,0.13524711,9.920671
0.5799187,1.4739945,1.3451674,0.8940758,154.1726
1.4634687,1.043709,1.3910052,0.41975963,28.682516
8.491068,8.020291,1.1770844,0.47077656,5.544374
3.1674652,3.59739,1.0740764,0.42992473,13.573148
1.0781286,1.3346746,1.242886,0.25654602,23.795494
0.94074154,1.4946746,1.1590492,0.553933,58.882595
0.6763756,1.0444026,1.3910052,0.36802697,54.411625
21.000269,23.053268,1.0074607,2.0529995,9.776063
0.86023164,0.8856536,1.3827871,0.025421977,2.9552479
19.495771,18.119242,0.98942727,1.3765297,7.060658
7.473735,6.499832,1.1149032,0.9739027,13.031005
15.211432,8.694921,1.0567886,6.516512,42.83957
1.7868532,1.1321704,1.3788165,0.65468276,36.638866
0.98384327,0.8738638,1.3849959,0.10997945,11.178554
1.1763979,1.0437148,1.3910052,0.13268316,11.278766
23.71224,15.046733,1.1779983,8.665507,36.54445
1.0109566,4.0846252,1.0199146,3.0736685,304.03564
0.36778006,0.0,1.1647985,0.36778006,100.00001
0.74444646,1.1378262,1.3796538,0.39337975,52.84191
0.6025237,0.99605167,1.1376388,0.39352798,65.31328
1.3573785,1.0450859,1.391005,0.31229258,23.007038
2.208755,1.4797431,1.279492,0.7290119,33.005558
0.42344055,1.0474193,1.3910037,0.62397873,147.35924
1.0792737,2.8676548,1.2450963,1.7883811,165.70227
2.5927746,1.1744211,1.3909479,1.4183536,54.704082
24.511341,16.412136,0.9874996,8.099205,33.042686
0.118443035,1.0436866,1.3910052,0.9252436,781.1718
17.066027,8.931902,1.0244557,8.134125,47.662674
20.35348,23.51245,0.99115723,3.1589699,15.520539
11.518099,9.027929,1.0348426,2.4901695,21.619623
0.87874675,1.6122609,1.360953,0.7335142,83.47276
23.554613,26.844917,0.9685471,3.2903042,13.968832
1.2481159,1.0134771,1.3902637,0.23463881,18.79944
0.56718117,0.64999044,1.1833109,0.08280927,14.600143
0.9954472,0.6521416,1.340623,0.34330565,34.48758
0.86344194,0.86532307,1.1313901,0.0018811226,0.21786323
0.90674806,1.9141952,1.0555619,1.0074471,111.10552
13.889063,11.022208,0.97874254,2.8668547,20.641094
0.6431214,0.9087506,1.0104424,0.26562917,41.303116
1.4616938,1.0308852,1.3908322,0.43080854,29.473244
0.80637306,3.8284001,1.0440063,3.022027,374.76785
0.7635418,0.8995497,1.171977,0.1360079,17.812763
12.198962,7.907669,0.95893544,4.291293,35.177525
8.242327,8.322389,1.2056646,0.08006191,0.97135085
0.40420282,1.0459093,1.3910046,0.64170647,158.75853
6.5646667,3.775242,1.2349613,2.7894247,42.49149
0.9733413,1.5074785,1.313625,0.5341372,54.87666
0.2537837,3.5725453,0.98017204,3.3187616,1307.7126
0.53980917,0.0,1.0478404,0.53980917,100.0
5.329865,4.615631,1.1286625,0.7142339,13.4005995
3.9474218,2.6429045,1.2880596,1.3045173,33.04732
1.0604032,1.3238912,1.3863251,0.26348794,24.8479
0.82658195,0.96828556,1.3750992,0.1417036,17.143322
2.5917351,1.9675179,1.3775774,0.6242173,24.084917
10.360497,8.370738,0.966712,1.9897594,19.205252
0.47304228,1.684623,1.390382,1.2115808,256.12524
0.44478968,0.040000916,1.1041939,0.40478876,91.00678
0.44941497,0.68583506,0.9764525,0.2364201,52.60619
4.2402444,4.294465,1.078586,0.054220676,1.2787158
1.7517116,2.6085916,1.0575567,0.85687995,48.916725
0.8845935,0.93353534,1.3905499,0.04894185,5.532694
0.9375973,1.307668,1.1499183,0.3700707,39.47011
1.4273325,0.7003352,1.3463545,0.7269973,50.933983
0.92175394,1.0439873,1.3910052,0.12223333,13.26095
0.32349527,0.48468494,1.1172401,0.16118968,49.82752
2.800709,2.7694738,1.1430155,0.031235218,1.1152611
0.1665277,6.7789288,1.212642,6.612401,3970.7515
1.0050529,0.9013761,1.1159443,0.103676796,10.315556
0.43712738,1.3409526,1.3782592,0.9038253,206.76474
2.3534133,2.602244,1.2764802,0.24883056,10.573177
0.35664773,1.4205177,0.97480124,1.06387,298.29712
1.3475689,1.8171692,1.3070464,0.46960032,34.847965
2.0952518,1.9922822,1.1362134,0.10296965,4.914428
15.260949,16.06013,1.0582671,0.79918003,5.236765
1.5024178,1.043708,1.3910052,0.45870984,30.531443
4.277806,5.3615704,0.9739564,1.0837646,25.33459
23.391462,20.246319,1.1034304,3.1451435,13.445689
11.340627,8.96648,0.99516153,2.3741465,20.93488
0.69269764,3.0163207,1.0017567,2.3236232,335.44553
8.15804,8.425852,1.3208708,0.26781178,3.2827954
1.1894903,1.6356031,1.3036128,0.44611275,37.504528
2.0739443,1.8136053,1.1378561,0.26033902,12.552845
0.9486738,0.9455869,1.0222927,0.003086865,0.3253874
0.7786131,1.730005,1.3824242,0.95139194,122.19059
4.0831785,6.0319576,1.0589833,1.9487791,47.727013
3.0637774,1.249416,1.3909658,1.8143615,59.219753
0.9111985,2.2605245,1.2654818,1.349326,148.08255
0.14522496,0.27203298,1.2031878,0.12680802,87.31834
0.15451884,6.7979956,0.9543303,6.6434765,4299.4604
4.504248,2.7327313,1.3876492,1.7715168,39.32991
16.308722,18.363785,0.97671145,2.0550632,12.601007
3.125213,2.523993,1.0231887,0.6012199,19.237726
2.6433983,3.0042706,1.0586925,0.36087227,13.651831
0.43876693,6.6927204,1.1024002,6.2539535,1425.3474
0.8080444,0.9628557,1.278238,0.15481132,19.158766
0.5832274,10.343082,0.98450756,9.759855,1673.422
0.5174468,0.27938765,1.0807018,0.23805916,46.006496
7.205142,6.2173433,1.0462852,0.9877987,13.709635
1.3233864,0.8754369,1.3839537,0.44794953,33.848732
0.5962841,1.0438496,1.3910052,0.4475655,75.059105
1.1359435,1.0310472,1.0588354,0.10489631,9.234289
1.7269932,2.8201408,1.0432373,1.0931476,63.29774
0.8243519,1.9031503,1.1110886,1.0787984,130.86626
0.9048371,1.0619432,1.3910022,0.1571061,17.362917
13.770372,4.6830254,1.212018,9.087347,65.99202
6.964395,5.326316,1.1767075,1.6380792,23.52077
13.093656,8.873643,1.0379388,4.2200127,32.229446
0.47483656,1.0455492,1.3910048,0.57071257,120.191376
0.3873777,0.0,1.2022073,0.3873777,100.0
1.0156549,1.0437623,1.3910052,0.028107405,2.7674167
1.2640303,0.9165188,1.3553355,0.34751153,27.49234
0.4989276,0.7604477,1.2028909,0.2615201,52.41644
1.1403102,1.0716407,1.3909887,0.06866944,6.0219965
12.40757,13.113171,1.1955818,0.70560074,5.6868567
0.28120273,6.861826,0.98317426,6.580623,2340.1704
0.35719746,0.0,1.1128677,0.35719746,100.0
5.614717,7.8196716,1.0702901,2.2049546,39.270985
1.0996794,1.3204869,1.3884239,0.22080755,20.079268
1.442934,0.9945332,1.3908633,0.44840086,31.07563
0.5024774,1.5423952,1.3858738,1.0399178,206.95813
11.682204,11.508001,0.9556209,0.17420292,1.491182
1.1039523,1.5459833,1.2301098,0.44203103,40.04077
0.8857738,0.9106946,1.1475567,0.024920821,2.8134522
0.19918008,1.0313861,1.3909866,0.8322061,417.8159
1.5422636,1.989515,1.0825388,0.44725132,28.999668
1.4568814,1.1666392,1.1053251,0.2902422,19.922157
0.8693728,0.20808303,1.2262341,0.66128975,76.065155
1.0559617,1.0316747,1.3908261,0.024286985,2.2999873
1.5418736,1.0437106,1.3910052,0.49816298,32.30894
15.083186,16.673798,1.022303,1.5906115,10.545593
9.815899,5.77907,0.98523813,4.036829,41.125412
0.6841324,1.0437071,1.3910052,0.35957474,52.55923
0.59489435,0.19500613,1.0956309,0.39988822,67.22004
1.0113863,0.46112204,1.2840044,0.55026424,54.406933
0.35681134,0.0,1.1871508,0.35681134,100.0
2.9183226,2.2700095,1.3368334,0.64831305,22.215263
0.753519,1.0437098,1.3910052,0.29019076,38.511406
3.0161426,2.645949,1.2220479,0.37019372,12.2737465
18.61815,14.674419,1.1951369,3.9437313,21.182186
0.35208684,1.195006,0.9774473,0.8429192,239.4066
1.6543171,1.2449304,1.3455558,0.40938675,24.74657
1.8970349,2.5872717,1.1357251,0.6902368,36.385036
0.22802609,1.0435894,1.3910052,0.81556326,357.66226
16.512781,16.072372,1.0493755,0.4404087,2.6670778
20.72904,20.56048,1.110938,0.16856003,0.81315887
5.1275067,5.361535,1.2547427,0.23402834,4.564174
12.568247,12.869691,1.1155746,0.30144405,2.3984575
0.26815438,2.5412018,1.0766914,2.2730474,847.66376
3.4838872,4.123143,1.2669845,0.639256,18.348928
1.174396,1.2783582,0.91047543,0.10396218,8.852396
1.0625868,0.9199609,1.3871719,0.14262587,13.422515
0.3111598,0.0,0.99971837,0.3111598,100.0
1.4073716,1.0437869,1.3910052,0.36358476,25.83431
1.0382749,1.0494413,1.3909794,0.011166453,1.0754814
12.6840315,5.972521,1.1075909,6.7115107,52.91307
0.4306908,0.24991816,1.2316495,0.18077263,41.972717
1.2629509,1.1884491,1.3071818,0.07450175,5.899022
0.648637,13.214413,0.97209424,12.565776,1937.2587
1.2243042,1.0647905,1.127093,0.15951371,13.028928
1.017518,1.3464462,1.3893561,0.3289281,32.326515
9.595877,7.8855915,0.9986456,1.7102852,17.823126
0.46837553,0.95965165,1.388827,0.49127612,104.889366
0.58530354,0.5641575,1.2176619,0.021146059,3.6128364
14.153793,13.573308,1.2307807,0.58048534,4.1012707
1.7761676,1.3187706,1.3828144,0.45739698,25.751905
0.9460644,1.2327044,1.2067019,0.28664,30.298147
1.5737462,1.0432557,1.3910047,0.5304905,33.708775
1.0071404,0.6214272,1.0840114,0.38571322,38.297863
16.275263,14.098737,1.1236051,2.176526,13.373216
0.9142847,1.2733684,1.1940029,0.35908365,39.274815
0.9369719,0.73950934,1.037194,0.19746256,21.074545
0.5710159,1.5799489,1.3864992,1.0089331,176.6909
25.194546,23.56331,0.98185766,1.6312351,6.4745564
24.114796,19.190393,0.96703684,4.924402,20.420668
0.3205494,0.9445513,1.0520116,0.62400186,194.66637
0.9002565,1.5098073,1.2926769,0.60955083,67.70857
0.565284,1.6743561,1.364809,1.1090721,196.19733
0.27737477,4.607732,1.0938932,4.330357,1561.1935
0.42775464,1.04406,1.3910052,0.61630535,144.07918
1.5028362,1.1921296,1.3898739,0.31070662,20.674683
0.99639493,0.93036497,1.1338394,0.066029966,6.6268873
0.7120102,1.0398307,1.3900516,0.32782048,46.041542
0.2226902,1.0248756,1.3909343,0.8021854,360.22485
0.71504396,6.8445196,0.982117,6.1294756,857.2166
6.6649055,6.4534674,1.2504057,0.21143818,3.1724107
0.36304015,3.6966312,0.9552354,3.333591,918.24304
0.3637534,0.11994302,1.1211866,0.24381039,67.02628
0.5169875,0.86794907,1.3692789,0.35096157,67.88589
4.8757668,6.0896645,1.2876941,1.2138977,24.89655
18.919813,21.490892,1.0380452,2.5710793,13.589347
0.47938672,1.0438201,1.3910052,0.56443346,117.74074
12.294422,12.2973,1.0004174,0.002878189,0.023410527
0.5739854,0.56041616,1.3105434,0.013569236,2.3640385
2.0063674,1.0439612,1.3910052,0.9624063,47.9676
0.87757903,1.0437071,1.3910052,0.1661281,18.930273
0.34843427,5.8907623,1.1534722,5.542328,1590.638
0.4226703,3.2921388,1.2859832,2.8694685,678.89044
24.527723,21.901451,0.9490264,2.6262722,10.707362
0.78723884,1.0437071,1.3910052,0.2564683,32.578205
0.83890647,1.3582993,1.1489269,0.5193928,61.913074
0.32245386,0.0,1.1177346,0.32245386,99.99999
8.522261,5.959734,1.372933,2.5625267,30.068628
0.64478344,1.4877907,1.3511108,0.84300727,130.7427
1.9930037,1.9194628,0.9759879,0.073540926,3.6899543
17.587421,16.052294,0.9778176,1.5351276,8.728554
0.50833935,3.147826,1.3648056,2.6394866,519.2371
1.1319374,1.4088838,1.0975139,0.27694643,24.466585
1.5244559,0.95948744,1.390098,0.56496847,37.060333
0.97445005,1.0432403,1.3904502,0.06879026,7.0593925
0.5328118,1.0437078,1.3910052,0.510896,95.886765
0.45243472,0.0,1.1051885,0.45243472,100.0
0.362263,0.0,1.1654989,0.362263,100.0
0.4389091,1.0437071,1.3910052,0.604798,137.79573
0.73460215,0.49622178,1.0412246,0.23838037,32.450268
0.93568647,1.0437471,1.3910052,0.1080606,11.548804
0.6431299,0.9295095,1.3882766,0.28637964,44.529053
0.824153,0.79263735,1.3778464,0.031515658,3.8240056
2.5775466,1.0956204,1.1297442,1.4819262,57.493675
0.8956114,1.0464528,1.391005,0.15084136,16.842278
1.1914448,1.0663859,1.3903978,0.12505889,10.496407
0.7845244,1.0032059,1.1956421,0.21868151,27.874405
2.2299128,3.4124322,1.120823,1.1825194,53.029854
15.941251,12.557828,1.0272908,3.3834229,21.224325
0.46821693,1.0449542,1.3910049,0.5767373,123.17737
0.7655486,2.1002078,1.2979728,1.3346592,174.34024
0.8268372,1.5093629,1.3824304,0.68252575,82.54658
1.2258941,1.0437071,1.3910052,0.18218696,14.861558
0.50477177,2.1602104,0.9788143,1.6554387,327.95786
1.4604421,1.1221898,1.3843752,0.3382523,23.160954
0.9542949,1.0437071,1.3910052,0.08941221,9.369452
0.34045053,0.46518397,0.9267686,0.12473345,36.63776
0.8132529,1.4955335,1.0921553,0.68228054,83.89525
0.44871363,0.4636461,1.0459774,0.014932483,3.3278427
0.9800043,1.0437273,1.3910052,0.06372297,6.502315
1.3191465,1.0437372,1.3910052,0.27540934,20.877842
16.18402,12.4060545,1.0697868,3.7779646,23.343796
5.679049,3.128164,1.3365883,2.550885,44.91747
7.509227,7.1520767,1.2600052,0.35715008,4.75615
0.46229118,1.4156966,1.2157207,0.95340544,206.23483
1.0391557,0.71129555,0.9409093,0.32786018,31.55063
0.55633324,2.0361204,1.169383,1.4797871,265.98935
1.1203358,1.0488337,1.3910007,0.07150209,6.3822017
0.5067301,0.0,0.93633515,0.5067301,100.0
1.5576625,1.0436028,1.391005,0.51405966,33.001995
0.48314834,0.8069648,1.3114328,0.32381648,67.02217
2.1730309,2.7677402,1.057226,0.5947094,27.367739
21.162893,12.831105,0.98182446,8.331788,39.369797
0.49873164,0.0,1.0170842,0.49873164,100.0
14.581734,14.172346,0.9962615,0.4093876,2.807537
0.66301244,0.88152444,1.0783986,0.218512,32.95745
0.82395804,1.0528243,1.391005,0.22886622,27.77644
0.41305414,0.8061641,1.3736517,0.39310995,95.171524
1.348638,0.69590163,1.2579339,0.6527364,48.399673
0.5579956,1.0437088,1.3910052,0.48571318,87.04606
0.95607865,1.0442243,1.3910048,0.08814561,9.219495
16.77233,8.3482895,1.0480913,8.42404,50.22582
0.97257113,1.3879354,1.122061,0.41536427,42.707855
0.77323145,1.654638,1.161487,0.8814066,113.99001
0.99030906,4.787114,0.9966389,3.7968051,383.39597
22.625956,25.030464,0.97937125,2.4045086,10.6272135
0.77371347,1.7324724,1.37542,0.95875895,123.916534
1.4345353,1.4734285,1.1059908,0.038893223,2.7112072
0.58971626,1.4419208,1.001281,0.8522045,144.51094
2.1422179,2.5214083,1.364567,0.37919044,17.700834
1.1678416,0.91873705,1.015429,0.2491045,21.330334
14.198429,13.307417,1.0690763,0.8910122,6.275428
0.81875867,0.6108926,1.0644832,0.20786607,25.387955
0.9129896,1.4319773,1.3875886,0.51898766,56.84486
0.38574535,6.783455,0.96164984,6.3977094,1658.5319
11.423299,8.883264,0.9647809,2.5400352,22.235567
1.5507362,1.0253137,1.3885081,0.52542245,33.88213
13.979437,13.888436,1.1726916,0.09100056,0.6509601
1.1231865,1.0436956,1.3910049,0.0794909,7.0772667
1.5164666,2.1716537,1.2718097,0.65518713,43.204853
0.9838092,0.9871847,1.3899416,0.0033755302,0.34310824
12.24275,12.854271,1.0892115,0.61152077,4.994962
0.6283012,0.61972094,1.300815,0.008580267,1.3656297
0.90441054,0.84801835,1.2000729,0.056392193,6.235243
20.096376,20.951582,1.0023444,0.85520554,4.2555213
21.043943,15.87038,1.0140305,5.173563,24.584572
16.034863,15.98536,0.9804141,0.049502373,0.30871716
7.7590966,8.110939,1.0817728,0.3518424,4.5345798
22.722092,25.898369,0.9975697,3.1762772,13.9788065
19.09899,6.719761,1.0085759,12.379229,64.81615
0.06381147,6.6378965,1.0597755,6.574085,10302.355
0.67413855,2.529429,1.2193098,1.8552904,275.20908
0.64831406,1.1147017,1.1244601,0.4663877,71.93854
0.9119448,1.2854471,1.3618894,0.3735023,40.95668
0.8551404,1.7754164,1.3291111,0.920276,107.61694
0.80998605,1.906714,1.3905028,1.0967278,135.40083
0.14372961,0.17955148,1.1342367,0.03582187,24.923096
1.0166924,1.0437382,1.3910052,0.027045846,2.6601799
18.878088,7.878377,1.1365875,10.999711,58.26708
0.5534298,0.9487397,1.3866423,0.39530993,71.4291
0.7080791,1.0437077,1.3910052,0.33562863,47.399876
2.1310163,1.4046854,1.3636234,0.7263309,34.08378
2.1033542,1.4740026,1.3420733,0.6293516,29.921333
12.223943,13.666962,1.0000302,1.4430189,11.804857
0.9288263,1.0437071,1.3910052,0.11488086,12.36839
1.0622888,1.6193242,1.1164693,0.55703545,52.43729
24.90509,26.883663,0.9923297,1.9785728,7.944452
0.86871445,1.5818193,1.3747152,0.71310484,82.08737
17.153584,16.631496,1.0665548,0.5220871,3.0436037
0.74305516,1.0410341,1.3909857,0.29797894,40.10186
1.3543004,0.992434,1.3898928,0.36186635,26.719799
1.3623729,1.0246705,1.3908093,0.3377024,24.787811
0.84451246,3.515915,1.0357536,2.6714025,316.32483
0.99735445,0.7049272,1.2246839,0.29242724,29.320292
0.59879327,1.0437081,1.3910052,0.44491482,74.30191
0.90490264,1.1097393,1.3907022,0.20483667,22.636322
0.790653,2.2537813,1.3217039,1.4631283,185.05316
0.32482922,1.0437071,1.3910052,0.7188779,221.30951
1.0258912,1.3437785,1.3537934,0.3178873,30.986454
2.2525356,2.2170181,1.37841,0.035517454,1.5767766
0.8424651,0.56584775,1.099929,0.27661735,32.834282
1.2263724,1.0447696,1.3910012,0.18160272,14.808122
0.7306686,1.1962676,1.3801359,0.465599,63.72232
8.630034,6.2342205,0.99999774,2.395814,27.761349
0.48479837,0.0,1.167319,0.48479837,100.0
10.789354,10.506355,1.1636165,0.28299904,2.622947
1.0274608,1.4166605,1.0165324,0.38919973,37.879765
0.95116127,1.0508715,1.3910047,0.099710226,10.482999
1.4165388,1.4059625,1.1423035,0.010576367,0.7466345
3.2488,3.6302557,1.1348393,0.38145566,11.741432
7.597337,8.43115,0.9435024,0.83381367,10.975078
0.90738755,0.0,1.1405323,0.90738755,100.0
0.24658452,11.518423,0.99444276,11.271838,4571.1865
1.0055221,1.0422322,1.3909881,0.036710024,3.650842
0.4174038,0.0,1.1773884,0.4174038,100.0
0.5353055,0.21799612,1.2764189,0.31730938,59.276318
0.25959414,2.5707612,0.97786784,2.311167,890.3001
0.4831705,10.572048,0.959799,10.088878,2088.0574
0.41667196,0.123558044,1.1762463,0.29311392,70.34644
0.79899406,1.4954498,1.090624,0.6964557,87.166565
8.292277,8.5157385,1.0899545,0.22346115,2.6948104
0.4285056,5.240674,0.98963946,4.8121686,1123.0118
1.4222877,1.142176,1.3909062,0.28011167,19.694445
21.98047,15.903414,0.99286455,6.077057,27.647528
0.91414547,1.2523143,1.3909672,0.33816886,36.992893
4.962757,4.6666365,1.251299,0.29612064,5.9668574
0.4798607,1.1333818,1.390399,0.6535212,136.18977
1.015257,0.97611356,1.3866493,0.039143443,3.8555207
0.78887105,1.2130036,1.3908199,0.4241326,53.7645
1.483911,0.97816575,1.3898418,0.5057453,34.081913
4.24855,3.8257177,1.0775515,0.42283225,9.95239
2.6711469,1.0936414,1.3909996,1.5775055,59.057236
0.37158605,0.0,1.2711695,0.37158605,99.99999
19.727718,17.912373,0.93513846,1.8153458,9.202005
0.34367555,1.501322,0.98804504,1.1576464,336.8428
1.4526663,1.3368623,1.3534122,0.11580396,7.9718213
1.5559932,1.4009092,1.3907943,0.15508401,9.966883
26.679554,27.723976,0.92946887,1.0444221,3.9146912
1.4684289,1.0323638,0.98028326,0.43606508,29.69603
0.9090325,1.3047931,1.3026952,0.3957606,43.536465
3.40707,1.0437071,1.3910052,2.3633628,69.36643
5.2863936,1.1603863,1.3909887,4.126007,78.04956
1.4396869,3.790294,1.1438628,2.350607,163.2721
0.4710062,0.9888778,1.3903579,0.51787156,109.95004
1.8456194,1.0446388,1.3910052,0.8009807,43.399017
8.069092,7.8517838,1.0904778,0.21730804,2.6930916
0.59797394,1.5774573,1.2669858,0.97948337,163.80034
0.38264534,1.2337228,1.1423513,0.85107744,222.41939
1.3895661,1.0437071,1.3910052,0.34585893,24.889708
9.738126,11.258895,0.9519432,1.5207691,15.616651
2.9603164,3.769728,1.103918,0.8094115,27.342062
16.176208,15.075398,1.1857101,1.10081,6.805118
0.84176874,1.0454522,1.3910048,0.2036835,24.197084
1.8873049,2.9395218,1.0861303,1.0522169,55.752354
14.783394,13.9951725,1.0592197,0.78822136,5.3318024
0.6357506,0.8560655,1.1790719,0.22031492,34.6543
1.8323559,1.5957062,1.38287,0.23664963,12.915048
0.72663444,1.1510239,1.0631231,0.42438942,58.404804
0.8434916,0.45327836,0.9906307,0.39021325,46.26166
6.970686,7.5286627,0.9596324,0.5579767,8.004617
1.3599079,1.0437071,1.3910052,0.31620073,23.251629
0.8818482,1.7449822,1.2832036,0.863134,97.87784
0.25794744,2.3474555,1.0695282,2.089508,810.0519
0.65345573,1.1526151,1.3724759,0.49915934,76.38763
3.984551,4.1443577,1.1009552,0.15980673,4.0106583
0.5374729,1.0510423,1.3910013,0.5135694,95.55261
0.38282675,0.21824694,1.240399,0.16457981,42.990677
0.89033085,2.1549895,1.3001409,1.2646587,142.04367
11.707242,12.477132,1.1441888,0.76988983,6.5761843
0.6157279,2.2841287,1.1024512,1.6684008,270.96396
4.1593056,4.2739735,0.99348193,0.11466789,2.7568998
0.8343955,1.3129412,1.3687453,0.47854567,57.35238
2.108589,1.3276999,1.3904538,0.78088903,37.033726
0.7156908,1.2717195,1.378064,0.55602866,77.691185
0.82517534,0.63439417,1.3604653,0.19078118,23.120077
1.0065237,1.4480293,1.3882934,0.44150555,43.864395
1.7082198,1.9124974,1.3762445,0.20427763,11.958509
0.6753168,0.96907604,1.1840343,0.29375923,43.49947
0.9547546,1.0443189,1.3910052,0.08956432,9.380874
24.832638,24.877337,0.98428506,0.044698715,0.17999987
0.4010466,0.0,1.2050264,0.4010466,100.0
11.58095,9.543005,1.1414003,2.0379448,17.59739
1.1070222,1.3348455,1.3901652,0.22782338,20.579838
0.20520815,0.0,0.9581596,0.20520815,100.0
0.88666844,2.0341628,1.3306626,1.1474943,129.4164
14.775259,13.238861,1.0831323,1.5363979,10.398451
1.3962601,1.0437071,1.3910052,0.352553,25.24981
0.29624566,3.089773,0.93897134,2.7935274,942.97656
0.40960297,0.6116948,1.2592015,0.20209184,49.33847
1.0354971,2.623619,1.1481965,1.588122,153.36807
0.49346328,1.0402585,1.0735742,0.54679525,110.807686
0.552998,1.04885,1.3910037,0.49585205,89.66615
0.75314415,1.50792,1.0559747,0.7547759,100.21665
2.463467,3.3427386,1.2045779,0.87927175,35.692455
4.8894286,4.759458,0.989072,0.12997055,2.658195
0.77008694,2.872913,1.026872,2.1028259,273.06345
0.77380127,1.0437071,1.3910052,0.26990587,34.880516
0.37691942,2.702271,1.2741977,2.3253515,616.936
0.84956104,1.1546841,1.2648962,0.30512303,35.915375
2.7307968,3.916836,1.0242943,1.1860392,43.431984
0.45069492,0.74096763,1.1791089,0.2902727,64.40559
1.0372082,2.5573902,1.3198322,1.520182,146.56479
0.7659744,1.6778445,1.1781255,0.9118701,119.04707
0.32685676,0.3627419,1.099279,0.035885125,10.978853
14.243072,10.3607025,0.99673736,3.882369,27.257948
0.47451758,1.6007276,1.0769962,1.12621,237.33788
0.55219644,2.23412,1.0951104,1.6819234,304.58786
1.4522824,1.0437071,1.3910052,0.4085753,28.133322
0.33556712,2.7798567,1.0413728,2.4442897,728.40564
0.6847848,1.0919487,1.1029112,0.40716392,59.458668
0.91174966,0.28169113,1.069433,0.6300585,69.10433
0.30573654,2.18046,1.0083883,1.8747234,613.1827
0.95723075,1.9522748,1.1044246,0.99504405,103.95028
0.60807186,1.0437124,1.3910052,0.4356405,71.64294
0.2996126,0.4745469,1.1508912,0.1749343,58.386826
0.49712637,0.0,1.0578793,0.49712637,100.0
25.786142,27.940083,0.962858,2.1539402,8.353092
0.6593424,1.6680927,1.2291473,1.0087503,152.9934
0.56650734,9.246467,1.0246627,8.679959,1532.1882
1.0211955,1.5450587,1.0337627,0.5238632,51.299007
0.35030442,0.48947954,1.1474084,0.13917512,39.729763
1.4527603,1.0528272,1.391005,0.3999331,27.529186
0.6982406,0.9314831,1.1209084,0.23324251,33.40432
0.7439096,1.0437078,1.3910052,0.29979825,40.300358
1.4056522,1.2496572,1.3647548,0.15599501,11.097696
29.24037,3.6755054,1.3198086,25.564865,87.43004
0.29515463,0.19239151,1.0216194,0.10276312,34.816704
0.7991873,2.1185322,1.2722381,1.3193449,165.08583
0.63789046,1.0131708,1.3907692,0.37528038,58.83148
25.268534,27.585365,0.9981671,2.3168316,9.168841
0.42276728,2.2179413,0.9688558,1.795174,424.6246
11.778286,7.7355614,1.1341667,4.0427246,34.32354
0.44451135,1.0364652,1.3880347,0.5919538,133.16956
0.9430945,3.3593419,1.3603971,2.4162474,256.20416
0.87361073,2.0043318,1.1316639,1.1307211,129.43077
10.669024,8.748636,1.002441,1.9203882,17.99966
0.47161707,0.37340802,1.1937048,0.09820905,20.823898
5.2506504,3.1708238,1.2366393,2.0798266,39.61084
0.93952477,2.508997,1.3222563,1.5694722,167.04958
0.45769635,0.0,1.2167872,0.45769635,100.0
1.131093,1.0437703,1.388973,0.08732271,7.7202063
1.1778446,1.0437071,1.3910052,0.13413751,11.388388
0.94554484,1.730114,1.1506971,0.78456914,82.97535
3.8053946,3.1189265,1.1407254,0.6864681,18.039341
0.91860485,1.1187581,1.3444309,0.20015323,21.788828
0.82798034,0.70298517,1.3204082,0.12499517,15.096394
0.43978134,2.6215959,1.3388584,2.1818144,496.11346
0.7887308,1.4326084,1.3049508,0.64387757,81.63464
0.21717547,0.0,0.95314056,0.21717547,100.0
1.4588106,1.0427959,1.3909984,0.41601467,28.517387
0.777287,1.0523942,1.3909844,0.27510715,35.393253
0.6609369,1.6303152,1.3888481,0.9693783,146.6673
1.4291502,0.83474684,1.3320007,0.5944034,41.591385
14.326184,10.158779,1.0013127,4.167405,29.089428
5.8220744,6.2066555,1.0447434,0.3845811,6.605568
15.493032,12.091658,1.0276282,3.4013748,21.954222
0.3278131,0.08592534,1.1449608,0.24188775,73.78831
24.777401,22.598501,0.95901936,2.1788998,8.7939
0.46308526,0.7706203,1.3743067,0.30753502,66.41002
4.886244,5.655857,1.2420695,0.76961327,15.750611
1.1308041,2.8416,1.0901946,1.7107959,151.29022
16.449837,17.958088,1.003361,1.5082512,9.168791
0.8319207,0.0,1.1057191,0.8319207,100.0
0.9920662,1.7167467,1.0154192,0.7246805,73.04759
1.3296745,1.0437071,1.3910052,0.28596735,21.506569
8.251209,7.2067776,1.0756041,1.0444317,12.657923
1.1316984,1.0437071,1.3910052,0.08799124,7.7751493
3.2248867,3.2640648,1.2492356,0.039178133,1.2148685
1.0562835,1.0320638,1.3907921,0.024219632,2.2929103
0.48712564,1.5947846,1.3907377,1.107659,227.38672
1.0974033,1.4301798,1.0326146,0.33277655,30.324
4.498982,4.2679567,1.2241025,0.23102522,5.1350555
0.82781875,0.9931621,1.3883656,0.16534334,19.973375
0.22385518,3.6728914,1.009978,3.4490361,1540.7444
0.8866532,1.0734291,1.3910011,0.18677592,21.065275
1.4856942,2.2206416,1.3499013,0.73494744,49.468285
1.2677668,1.0983734,1.390953,0.16939342,13.36156
0.43208542,0.7964875,1.3736322,0.3644021,84.335655
5.6244993,5.3030205,1.1833189,0.32147884,5.715688
11.04184,8.84993,1.0352579,2.1919098,19.850948
0.39543793,7.5713024,1.200096,7.1758647,1814.6628
1.0238357,1.1615528,1.1617696,0.13771713,13.4510975
2.3047385,2.4926972,1.1005956,0.18795872,8.155316
0.4255253,0.0,1.2722057,0.4255253,100.0
0.18662427,0.7029978,1.3455086,0.5163735,276.6915
0.32536718,0.0,1.1515356,0.32536718,99.99999
0.54788876,1.0437071,1.3910052,0.49581838,90.49618
0.25213623,0.8687593,1.3005813,0.61662304,244.55948
0.75546324,0.7773806,1.0942764,0.021917343,2.9011793
0.31179017,6.60713,0.98665947,6.29534,2019.0951
5.641126,2.8252063,1.0905249,2.8159199,49.91769
0.7217688,1.0448527,1.3910049,0.32308394,44.762806
0.90860665,0.69495845,1.1243358,0.2136482,23.513828
0.66946703,1.3413339,1.0660379,0.67186683,100.35847
0.2352861,2.072891,1.0624511,1.8376049,781.00867
1.2664596,1.0103462,1.3651462,0.2561134,20.222786
1.0048167,0.60787,1.2398753,0.39694667,39.50439
11.887698,11.194724,1.0728142,0.6929741,5.829338
0.20735279,4.033971,0.985192,3.826618,1845.4625
1.1818193,1.322917,1.0555084,0.14109766,11.939021
0.95807177,1.5105596,1.3258033,0.5524878,57.66664
0.43784013,0.24455178,1.2165476,0.19328836,44.145878
0.99755,2.2361307,1.1082282,1.2385807,124.16227
11.725336,7.1433945,1.0251495,4.5819416,39.077274
1.8815974,1.0439845,1.3910052,0.83761287,44.51605
0.7069431,0.4635222,1.1389084,0.2434209,34.432884
0.76834023,0.4022758,1.0619104,0.36606443,47.64353
0.34909388,0.0,1.1161911,0.34909388,100.0
0.5103919,0.0,1.3150569,0.5103919,100.0
4.123702,2.9977827,1.0960857,1.1259193,27.303606
2.3081264,2.6431434,1.0850451,0.33501697,14.514671
0.8878394,1.0793064,1.327618,0.19146699,21.565498
8.034463,9.302986,1.2889858,1.2685232,15.788526
5.384321,5.153448,1.0447794,0.23087311,4.2878776
0.5010922,0.0,1.1488396,0.5010922,100.0
0.28054398,0.19583845,1.3000697,0.08470553,30.193317
0.6446254,0.0,1.2934703,0.6446254,99.99999
0.2706415,15.178456,0.9776565,14.907815,5508.3257
3.3092117,2.9975872,1.3685213,0.31162453,9.416881
4.506527,3.1720788,1.2867515,1.3344481,29.611452
0.22560412,1.9804904,1.1336117,1.7548864,777.86096
0.74738604,1.120839,1.3905,0.37345296,49.96788
0.2656875,5.711775,1.0434557,5.4460874,2049.8096
24.957232,29.003147,0.98125386,4.0459156,16.211395
1.3740534,1.0437071,1.3910052,0.33034623,24.04173
0.586028,0.9697637,1.3889754,0.38373572,65.48079
0.5136903,1.0449893,1.391005,0.53129905,103.427895
17.827417,16.430855,0.93560886,1.3965626,7.8337903
9.508944,9.393284,1.2587366,0.115659714,1.2163256
6.326222,7.98394,1.0094044,1.6577182,26.20392
9.819853,8.191602,0.97488475,1.6282511,16.581217
5.7291746,3.9083683,1.230658,1.8208063,31.781301
0.85106164,1.705752,1.3399705,0.8546904,100.42638
0.87994426,1.0437245,1.3910052,0.16378027,18.612574
20.473915,16.413908,0.9756852,4.060007,19.830145
0.18593013,1.0437099,1.3910052,0.85777974,461.3452
1.1835288,1.0427525,1.3895047,0.14077628,11.894622
0.54521316,0.0,1.0860833,0.54521316,100.0
0.7843874,0.7732505,1.1144066,0.011136889,1.4198201
0.21205415,3.9274783,1.1088285,3.715424,1752.1111
1.3890707,1.7707443,1.033616,0.38167357,27.4769
0.5980063,2.1239977,1.0197307,1.5259914,255.17984
0.76297396,0.5000644,1.3314899,0.2629096,34.458527
6.7761593,6.767643,1.0189683,0.008516312,0.1256805
0.74885124,2.0142126,1.179816,1.2653613,168.97366
0.46749833,1.1674073,1.1201129,0.699909,149.71368
25.874712,21.962204,1.1058197,3.912508,15.120972
9.086207,7.876544,1.0922955,1.2096634,13.313183
0.5218856,1.0587279,1.390992,0.5368423,102.8659
0.64710534,0.55410594,1.3414608,0.0929994,14.371602
1.0221661,1.1918933,1.3527623,0.1697272,16.60466
0.7107097,0.8151292,1.1053532,0.10441953,14.692289
0.5243722,0.0,1.1278954,0.5243722,100.0
0.83769625,1.0456952,1.3910052,0.20799893,24.829874
0.45104527,11.96403,0.95048195,11.512985,2552.5122
0.60952353,0.49999386,1.1825306,0.109529674,17.96972
0.9415303,0.3537584,1.0649947,0.5877719,62.427296
0.9188359,1.6458739,1.3429556,0.727038,79.126
1.1278971,0.5901013,1.2673614,0.53779584,47.681282
0.5729019,4.1085253,1.135607,3.5356233,617.1429
6.921323,5.2756443,1.3764079,1.6456785,23.776937
3.2649195,1.8249393,1.3881781,1.4399803,44.104618
1.3590109,1.0437071,1.3910052,0.3153038,23.200975
6.9065266,8.002421,1.2456908,1.0958948,15.867524
0.55240405,0.2538119,1.0036956,0.29859215,54.053215
0.6198724,1.5624406,1.0887645,0.94256824,152.05843
11.644369,2.5459666,1.3877884,9.098402,78.135635
0.73328596,1.2064675,1.0292358,0.47318155,64.52892
0.94148695,1.1521057,1.3895017,0.21061873,22.370861
0.7055963,0.13821185,1.117435,0.5673845,80.412056
0.82462937,1.0607457,1.3910042,0.23611635,28.633028
0.6873929,1.1457014,1.3727864,0.45830852,66.67345
0.29814252,4.6526046,0.98356074,4.354462,1460.5304
0.96637034,0.87235844,1.0771917,0.0940119,9.728351
1.381767,1.4784951,1.0665275,0.09672809,7.000318
22.15606,15.992425,1.046742,6.1636343,27.81918
0.29094604,1.0314775,1.3909754,0.74053144,254.52536
0.118269145,13.557926,1.029577,13.439657,11363.62
0.7221502,1.2326514,1.3906546,0.51050115,70.69182
0.97888285,1.6202614,1.3713243,0.6413786,65.521484
1.244761,1.2922019,1.3899084,0.047440886,3.8112447
1.2647291,1.0437102,1.3910052,0.22101891,17.475592
0.47633556,0.8750261,1.0199239,0.39869055,83.69952
0.4147432,9.214907,0.9777226,8.800163,2121.8342
0.4229123,0.52480876,1.1586549,0.101896465,24.093994
0.1990594,0.0,1.1624376,0.1990594,100.0
0.5468506,0.9118569,1.3847196,0.36500627,66.74698
2.7138426,1.4185388,1.3572931,1.2953038,47.72951
0.20500281,1.0437071,1.3910052,0.83870435,409.11847
17.222317,18.551617,1.0820931,1.3292999,7.7184734
1.1386874,1.4767518,1.0723932,0.33806443,29.68896
0.8675334,1.1257304,1.1920332,0.258197,29.762197
25.399158,14.873067,0.9899965,10.526092,41.442677
1.3985368,1.0191107,1.3898239,0.37942612,27.13022
1.3280828,1.0177494,1.3907943,0.31033337,23.36702
9.456292,8.44335,0.99068683,1.0129423,10.711834
0.8704757,0.9117849,1.3792995,0.041309178,4.7455864
0.55758137,0.77462673,1.3791368,0.21704537,38.926224
22.092455,16.03805,0.9891944,6.054405,27.404856
0.7061435,12.706713,1.0160396,12.000569,1699.4519
19.853275,18.788338,0.97714496,1.0649376,5.36404
0.55327487,0.2751882,1.2982659,0.27808666,50.261936
4.3391576,4.298624,1.2903861,0.040533543,0.9341339
1.1284244,1.4554677,1.26911,0.3270433,28.982296
20.654926,19.803205,0.98869306,0.8517208,4.1235723
13.990831,10.905578,1.0110074,3.0852537,22.051968
19.455746,17.168257,1.0118558,2.287489,11.757396
0.9252661,1.8014779,1.1588405,0.8762118,94.698364
11.542136,8.223149,0.96265787,3.318987,28.755394
1.5951496,1.0437071,1.3910052,0.5514425,34.569954
9.412273,8.867638,1.0171033,0.5446358,5.7864423
0.52243024,0.3972928,1.0071391,0.12513745,23.952948
0.86391413,0.6039158,0.91109186,0.25999832,30.095388
27.688297,17.834965,0.9651192,9.8533325,35.58663
0.5748571,4.7475033,0.99086547,4.172646,725.858
0.551911,1.0459185,1.3910049,0.49400747,89.50854
0.63512135,1.0341029,1.0054674,0.39898157,62.819736
1.7597407,2.2032888,1.0752709,0.44354808,25.205309
0.8954994,0.6602953,1.1736559,0.2352041,26.265133
0.3269587,10.176259,0.99483484,9.8493,3012.3992
0.85096765,1.0677686,1.3909895,0.21680093,25.476988
0.55391836,0.4578362,1.0675588,0.09608215,17.345905
0.9194718,1.6844215,1.3593996,0.76494974,83.19447
0.75791323,1.5633318,1.1027043,0.8054186,106.26792
0.861064,1.635067,1.3821111,0.77400297,89.88914
15.019867,10.5947895,1.0031993,4.4250774,29.461496
0.49450234,0.30203646,1.0802681,0.19246587,38.921127
11.476698,9.290992,0.9985577,2.1857061,19.044731
0.80190253,1.0437678,1.3910052,0.24186528,30.16143
0.98535776,0.8856474,1.3846455,0.099710345,10.119203
0.81038433,1.2919106,1.3894688,0.48152632,59.4195
23.270393,18.530222,0.9573779,4.7401714,20.369967
6.0635285,6.6391354,1.2420857,0.5756068,9.492935
1.5870662,1.0489051,1.3910052,0.53816104,33.909176
5.174303,5.6263704,1.020743,0.45206738,8.736778
1.0039138,1.0437826,1.3910052,0.03986883,3.9713402
0.73554003,1.5646544,1.0643862,0.8291143,112.72185
21.53702,22.653599,0.97995484,1.116579,5.184464
1.0075002,0.37120533,1.1565145,0.63629484,63.155807
0.45593435,0.7001109,1.351463,0.24417657,53.555202
17.079391,12.547998,0.9857912,4.531393,26.53135
1.358512,0.95500064,1.0920794,0.4035114,29.702452
25.819641,28.171135,0.97656834,2.3514938,9.107384
0.4508398,0.0,1.0919163,0.4508398,100.00001
26.080898,28.887632,1.0624138,2.806734,10.761646
0.3141486,1.4895365,1.2228975,1.1753879,374.15027
2.0478263,2.1602921,1.2787597,0.11246586,5.491963
2.300719,5.1180544,1.2139349,2.8173354,122.45457
1.3088565,1.878717,1.1151841,0.56986046,43.538803
5.817988,6.0582733,1.3324327,0.2402854,4.130043
1.1727278,1.553704,1.1627202,0.3809762,32.486324
0.41886696,3.2618222,1.0133632,2.8429554,678.7251
0.6987457,0.0,1.0609282,0.6987457,100.0
1.479136,1.0231975,1.3907794,0.45593846,30.824648
0.4824761,0.9998289,1.3900412,0.5173528,107.2287
0.36603174,5.9438257,0.9747079,5.577794,1523.8553
0.7416096,2.045805,1.1891022,1.3041954,175.8601
0.34222618,2.7102435,1.1648957,2.3680172,691.9451
1.5419474,0.9703882,1.3890902,0.5715592,37.06736
1.0593616,2.3239021,1.0722227,1.2645406,119.36817
0.63167995,6.226701,1.293045,5.595021,885.73663
0.7009913,0.025682926,1.1219689,0.67530835,96.336205
0.5055342,1.0045164,1.3724806,0.4989822,98.70395
0.78998816,1.0437076,1.3910052,0.25371945,32.116867
0.5128536,1.0444986,1.391005,0.53164494,103.66407
1.3084804,0.91141796,1.3661935,0.39706242,30.345308
0.8952149,1.0497105,1.3910048,0.1544956,17.257935
0.4942508,0.21864039,1.1393411,0.27561042,55.76327
28.242844,27.237272,0.9678916,1.0055714,3.5604465
1.3946439,1.0227392,1.0615721,0.37190473,26.666643
0.7970802,0.0,1.1446329,0.7970802,100.0
7.11061,6.44392,1.0372874,0.6666899,9.375988
19.641003,19.340546,1.1699315,0.300457,1.5297437
0.94254315,1.2057239,1.3612642,0.26318073,27.922407
1.3034216,0.9877683,1.3861843,0.31565332,24.217285
20.47264,15.753051,0.9725912,4.7195883,23.05315
1.2214729,1.0430738,1.3910023,0.17839909,14.605244
6.649588,7.4297028,0.9657414,0.78011465,11.731774
0.7126878,1.1210135,1.2782762,0.40832573,57.293774
0.50436175,2.488071,1.192528,1.9837092,393.3108
0.24226035,1.0573614,1.0218424,0.815101,336.45663
0.16581963,1.0437071,1.3910052,0.8778875,529.42316
1.3001839,1.043708,1.3910052,0.25647593,19.726128
0.33598146,2.1409593,1.1832161,1.8049778,537.2254
0.25472292,7.0993547,0.9657988,6.8446317,2687.089
0.92694306,1.2291803,1.3901991,0.30223727,32.60581
1.239512,1.0841286,1.1474867,0.15538335,12.535849
0.3827877,1.0970498,1.3908609,0.7142621,186.59485
3.3108869,1.6616093,1.0903264,1.6492776,49.813766
14.905334,14.587144,0.9842997,0.31819057,2.134743
1.1894348,1.0437105,1.3910052,0.1457243,12.251558
22.187344,23.514723,0.9731507,1.3273792,5.982596
0.5010855,8.769502,0.9930659,8.268416,1650.1008
0.330979,4.514312,1.0587113,4.183333,1263.927
1.4450605,0.9636878,1.3874558,0.4813727,33.311596
2.541772,1.795109,1.3898869,0.74666286,29.375683
1.2427698,1.393167,1.3514432,0.15039718,12.101773
0.9304094,1.2118076,1.3888403,0.28139824,30.244562
18.388973,15.876708,1.099232,2.5122652,13.661802
2.7715054,3.6864789,1.3227452,0.9149735,33.013596
1.1221002,1.3349543,1.0810027,0.21285403,18.969252
0.8967782,1.0146049,1.3907433,0.1178267,13.138889
2.1232147,1.422126,1.3862193,0.70108867,33.02015
1.5399171,1.0437263,1.3910052,0.4961908,32.221916
0.41809264,1.1290696,1.249512,0.71097696,170.05249
1.1195759,1.1762303,1.3808554,0.056654453,5.0603495
1.0569456,1.0468341,1.3910052,0.010111451,0.9566672
6.1539664,4.843746,1.2763474,1.3102202,21.290663
1.055763,1.1592993,1.143432,0.10353625,9.806769
0.9495368,1.4582124,1.0696265,0.5086756,53.57092
0.5099021,0.38936472,1.0686837,0.1205374,23.63932
0.26384267,2.1580322,1.2317712,1.8941895,717.9238
0.9174259,1.153513,1.3697416,0.23608708,25.73364
0.34686133,0.9286814,1.388287,0.58182,167.7385
1.436946,1.0755389,1.3908062,0.36140716,25.15106
1.5673678,1.1481712,1.3848577,0.4191966,26.745262
1.0180683,1.2100312,1.0772506,0.19196284,18.855595
1.5419601,1.7548319,1.3199356,0.21287179,13.805271
0.71206045,1.0437071,1.3910052,0.33164668,46.575638
0.9606544,1.1357932,1.3904898,0.17513883,18.231201
1.2670503,1.8303561,1.308278,0.56330585,44.45805
0.8671856,1.3136736,1.3791051,0.44648802,51.487022
0.9142441,2.000225,1.1104665,1.0859809,118.78457
1.8090389,1.0445933,1.3910052,0.76444554,42.257
1.4580526,1.0437096,1.3910052,0.414343,28.41756
0.9906796,0.6216624,0.97275215,0.36901724,37.2489
6.142705,6.7945566,1.0399306,0.65185165,10.611801
1.014514,0.7097333,0.9840687,0.30478066,30.042036
1.9792031,1.5841463,1.1090539,0.39505684,19.9604
1.8881273,2.0314517,1.33287,0.14332438,7.5908213
2.022113,2.300877,1.1677157,0.278764,13.785777
0.96308273,1.344096,1.1032004,0.3810132,39.561836
0.099827856,0.1733622,1.2173457,0.07353434,73.66114
0.8472107,0.9320792,1.0873812,0.08486849,10.017401
0.557418,1.0437071,1.3910052,0.48628914,87.239586
0.22524747,0.46023625,1.0725591,0.23498878,104.324715
4.6848717,3.0115008,0.9557541,1.6733708,35.718605
13.125013,6.5025654,1.1049904,6.622448,50.456696
17.347996,8.945155,1.115014,8.402841,48.436954
1.110954,2.2400718,1.0292243,1.1291177,101.634964
4.043182,3.687726,1.2196023,0.35545588,8.791488
0.5160044,0.7274004,1.1789545,0.21139604,40.967876
0.57174927,1.8164399,1.1118846,1.2446907,217.69868
0.9123909,2.2587843,1.1448534,1.3463933,147.5676
0.5376489,1.1495216,1.3886857,0.6118727,113.805244
1.4892436,1.0427126,1.3910006,0.44653106,29.98375
0.38768423,0.52317995,1.0484393,0.13549572,34.95002
1.4040322,1.0308555,1.3909436,0.3731767,26.578926
1.8657782,1.9444325,1.047776,0.07865429,4.215629
21.743713,12.2661915,0.9850977,9.477522,43.587414
0.8634823,0.6606975,1.0901474,0.20278478,23.484531
0.4763871,0.8756875,1.3784375,0.39930037,83.81847
0.6813325,0.8293874,1.174602,0.1480549,21.730196
1.2994612,0.7953676,1.377222,0.50409365,38.79251
0.8315127,1.5725701,1.313022,0.7410574,89.121605
0.83794945,1.0440028,1.3910052,0.20605332,24.590183
0.8099136,1.1157122,1.3909801,0.3057986,37.75694
1.0408492,2.128485,1.1993992,1.0876358,104.49503
1.048233,0.8170715,1.10604,0.23116153,22.052496
4.6606884,5.522908,1.0852593,0.8622198,18.49984
15.128482,15.176178,1.115473,0.047696114,0.31527364
1.3689977,0.6672689,1.3290554,0.7017288,51.258583
0.8125374,1.2781727,1.0769243,0.46563536,57.30633
12.8883505,12.065166,0.8878086,0.823184,6.3870397
6.053634,5.385766,1.1235663,0.66786814,11.032516
5.686507,5.601815,1.20091,0.084692,1.4893501
1.1582638,0.95000863,1.387307,0.20825517,17.979944
0.098178394,13.76194,0.97222,13.663761,13917.279
1.1321125,1.1630489,1.2119542,0.03093636,2.7326224
0.33453453,0.0,0.9950607,0.33453453,100.0
23.059431,17.312035,1.0299854,5.7473965,24.924276
0.83379614,0.81511146,1.1083511,0.018684685,2.2409177
6.2148046,4.697982,1.2970984,1.5168228,24.406605
0.5882623,1.0437336,1.3910052,0.45547128,77.42656
0.87610424,1.3208737,1.3827527,0.4447695,50.766735
0.49586335,1.1670259,1.3452071,0.6711626,135.35233
4.9067326,7.0467405,1.0035219,2.140008,43.613705
16.304935,16.486532,0.9870327,0.18159676,1.1137533
0.38218617,2.7030182,1.1809219,2.320832,607.2517
0.8790692,2.0036335,1.1295917,1.1245643,127.926704
11.0853815,7.0146027,1.2944872,4.070779,36.722046
15.649867,13.02949,0.98987883,2.6203766,16.743763
8.108196,7.5587263,0.9684637,0.54946995,6.7767224
0.8899694,0.17796671,1.128588,0.7120027,80.00305
0.9544702,2.1647005,1.0163556,1.2102304,126.79603
1.0256833,0.76283616,1.1331322,0.26284713,25.626537
0.637715,1.8753948,1.0415702,1.2376798,194.0804
0.04441246,2.0342672,1.2382305,1.9898547,4480.3975
0.3823412,0.9864044,1.3903761,0.6040632,157.99062
22.688572,19.790442,1.0386422,2.8981304,12.773525
0.30105472,1.3436432,1.1053532,1.0425885,346.31195
0.7396898,2.1946502,1.2017533,1.4549603,196.6987
0.35239306,0.0,1.2350348,0.35239306,100.0
1.3410513,1.4359097,1.118162,0.09485841,7.073436
25.835802,19.145674,1.0101881,6.6901283,25.894796
0.29555872,0.1771754,0.9643826,0.11838332,40.054077
0.87198246,1.0453324,1.3910052,0.17334998,19.879984
1.2524691,1.7416364,1.2144847,0.48916733,39.05624
0.3335132,4.3005295,1.102407,3.9670162,1189.463
0.5817416,0.32721698,1.095565,0.2545246,43.752174
17.229305,17.44317,1.1712831,0.21386528,1.241288
3.5255554,3.9164255,1.0901113,0.3908701,11.086766
1.0126426,0.56795466,1.34565,0.44468796,43.913612
0.8945714,1.0550952,1.3909851,0.16052377,17.94421
0.4296321,0.39670873,1.1751351,0.03292337,7.663154
15.22005,16.2423,0.9857322,1.0222502,6.7164707
0.5569426,0.0,1.1392465,0.5569426,100.0
17.484825,17.533388,0.97758317,0.048563004,0.27774373
10.957922,7.373167,1.0314361,3.584755,32.71382
1.2815666,1.2411956,1.2625282,0.04037106,3.1501336
0.8959401,0.9201758,1.1665492,0.024235666,2.7050543
0.61610353,1.5320711,1.3353043,0.9159676,148.67105
0.8352183,0.29012638,1.1558397,0.5450919,65.263405
2.7466955,3.9438183,1.0088205,1.1971228,43.58411
11.582598,11.354592,0.98942983,0.22800541,1.9685171
0.51412797,6.998128,0.96478677,6.484,1261.1647
0.771484,3.789914,1.2903675,3.0184298,391.24982
7.145027,7.4376526,1.2711965,0.29262543,4.095512
10.5938,11.3560705,1.094383,0.7622709,7.1954446
1.9427894,1.2092631,1.3891187,0.73352635,37.75635
3.6753235,3.1953144,1.2048789,0.48000908,13.060322
1.1098417,1.0437146,1.3910052,0.06612706,5.958243
0.54620105,2.88033,1.0748115,2.334129,427.3388
0.23181762,4.0513144,1.0476636,3.8194966,1647.63
13.959254,14.419105,1.0142388,0.4598503,3.2942326
1.4685146,2.9004974,1.1302629,1.4319829,97.51234
0.41160536,2.8833776,1.0770229,2.4717722,600.5199
0.94279194,1.265137,1.3888882,0.32234502,34.19047
18.456625,16.303986,0.9439548,2.1526394,11.663235
12.264397,11.471706,1.1780797,0.7926903,6.463345
23.079882,21.726408,1.1303539,1.3534737,5.8643007
0.67030525,2.7170172,1.254313,2.046712,305.34027
0.93713534,1.5016093,1.2157018,0.564474,60.23399
15.905115,15.8898115,1.0137415,0.015303612,0.096218176
0.0950161,1.0168034,1.39085,0.92178726,970.138
10.459056,9.393376,1.11148,1.0656796,10.18906
0.6474062,1.8112385,1.2566308,1.1638323,179.76848
0.8257424,1.1783296,1.390639,0.35258716,42.699413
23.095142,22.630035,1.0665826,0.46510696,2.0138736
0.7364152,1.8701994,1.2939163,1.1337843,153.95993
1.1144377,1.044434,1.3909847,0.07000375,6.281531
1.2604333,0.9190553,1.0367202,0.34137803,27.084179
2.1970878,2.3634062,1.1875772,0.16631842,7.5699487
0.632374,1.0437768,1.3910052,0.41140276,65.05688
1.6493131,1.6683336,1.2744569,0.019020557,1.1532412
0.729239,0.55092716,1.241953,0.17831182,24.451769
0.9509565,1.0437663,1.3910052,0.09280974,9.759619
0.83457226,0.38027847,1.3113939,0.4542938,54.434326
0.908433,1.3258442,1.383308,0.41741115,45.94848
1.0074344,1.0437154,1.3910052,0.03628099,3.6013253
0.7845596,1.0437274,1.3910052,0.2591678,33.033535
4.1043677,4.530796,1.0196874,0.42642832,10.389622
0.4155698,0.92074776,1.3877944,0.505178,121.56273
0.2930451,1.0698434,1.1514331,0.7767983,265.07806
0.7992582,1.8702449,1.1802678,1.0709867,133.9976
0.4765145,0.80645716,1.311327,0.32994267,69.240845
0.969415,1.5368881,1.2122728,0.5674731,58.537685
22.969904,22.675665,0.9888332,0.29423904,1.2809764
14.9768095,14.233339,0.9881967,0.7434702,4.9641423
0.6900952,1.4101709,1.3664045,0.7200757,104.34441
2.4914372,3.1324306,1.1534957,0.64099336,25.727856
0.8874258,1.0475625,1.3910052,0.1601367,18.04508
0.46171388,1.1866367,1.3825651,0.7249228,157.00693
6.501643,6.994858,1.1457636,0.4932146,7.5859995
0.500025,1.0438683,1.3910052,0.5438433,108.76324
22.950974,22.636913,0.9772149,0.3140602,1.368396
3.6107557,3.141924,1.1102017,0.46883178,12.984312
6.689162,7.162388,1.0999373,0.47322607,7.07452
0.82279557,1.0437071,1.3910052,0.22091156,26.8489
1.10084,3.6082268,1.2767698,2.5073867,227.77031
0.4322512,0.91888416,1.351486,0.48663297,112.581055
0.747157,1.8817043,0.98502344,1.1345474,151.84859
0.25996944,2.302358,1.0684172,2.0423884,785.62634
1.1611205,1.0434049,1.3910011,0.1177156,10.1381035
0.8883509,1.0439564,1.3910052,0.1556055,17.51622
23.666151,22.962788,0.9855757,0.7033634,2.9720228
0.9629054,1.05561,1.1223376,0.092704535,9.627584
0.9350542,1.9840297,0.9953029,1.0489755,112.18339
1.7313852,1.0437093,1.3910052,0.68767595,39.71825
1.0334013,0.97308207,1.3887752,0.060319185,5.836957
16.34343,17.447216,1.1435562,1.1037865,6.7537017
14.353753,10.74255,1.0104235,3.6112032,25.1586
0.46240905,0.0,1.1615549,0.46240905,100.0
1.3185273,0.72935104,1.2984571,0.5891763,44.68442
19.216955,14.535553,1.0037767,4.681402,24.36079
1.5466022,0.98811406,1.3445538,0.5584882,36.110653
0.8398137,1.5283586,1.1848713,0.68854487,81.98781
7.225535,8.1462145,1.1536293,0.92067957,12.742026
0.43515766,0.8054262,1.3456646,0.37026852,85.08836
0.58642846,0.48823494,1.0912377,0.098193526,16.744333
0.21389937,9.916872,0.9993345,9.702972,4536.2324
0.9138709,3.482876,1.0276604,2.5690053,281.1125
5.5202837,5.610568,1.0016801,0.09028435,1.635502
0.8799676,2.395756,1.3616046,1.5157884,172.25504
0.7553707,1.1827742,1.067581,0.4274035,56.58196
3.7583513,4.2616463,1.3203768,0.50329494,13.391376
0.7254828,1.0438249,1.3910052,0.3183421,43.88003
21.529604,18.916185,1.0235602,2.6134186,12.138721
18.112085,16.159918,1.2104645,1.9521675,10.778259
3.582306,4.4030695,1.3009197,0.8207636,22.911598
1.5883152,1.0437071,1.3910052,0.5446081,34.288414
5.9084535,8.2365055,0.96631026,2.328052,39.402054
0.70269495,1.3620274,1.017907,0.65933245,93.82911
0.40733394,1.0455714,1.3910048,0.6382375,156.68654
1.1087793,1.1572548,1.390428,0.048475504,4.3719707
24.096634,26.949514,0.97742355,2.8528805,11.839333
0.782516,1.4418195,1.293986,0.65930355,84.25432
0.19420676,1.4229494,1.1350528,1.2287427,632.69824
0.5773305,0.8634313,1.3784549,0.28610075,49.555798
6.0247073,8.232884,0.9895803,2.208177,36.652023
0.43204,2.8544333,1.0168226,2.4223933,560.68726
0.95992607,0.5310544,1.091026,0.4288717,44.677574
16.936329,14.685242,0.96520734,2.2510872,13.291471
1.1347762,1.044326,1.391005,0.09045029,7.97076
15.329027,9.783127,0.9800393,5.5459003,36.179073
16.478046,12.452396,1.0416666,4.02565,24.430384
1.1726723,0.92626053,1.3869238,0.24641174,21.01284
0.911763,1.3466341,1.1741412,0.43487114,47.695633
0.5797965,2.5710917,1.0378686,1.9912951,343.44727
0.76472473,1.6139497,1.2925984,0.8492249,111.04975
0.5113925,4.7776017,1.006729,4.266209,834.2338
0.36999494,0.40577066,1.2058262,0.03577572,9.669246
16.138187,11.317735,1.0510057,4.8204527,29.869852
15.122455,1.0966609,1.3909465,14.025794,92.74813
1.5039643,1.7878474,1.1982663,0.2838831,18.875654
0.7216739,0.8968035,1.0256269,0.17512959,24.267136
0.28539327,2.9501128,1.1077884,2.6647196,933.7009
0.62442213,0.74807787,1.3032899,0.12365574,19.803228
1.124736,1.0437071,1.3910052,0.08102882,7.204253
0.6874573,0.5301902,1.0329529,0.1572671,22.876635
0.56831574,1.0437074,1.3910052,0.47539163,83.64921
7.1557918,6.080226,1.2852309,1.0755658,15.030703
5.083176,4.9368353,0.9988468,0.14634085,2.8789253
1.1242365,1.4624392,1.3060033,0.33820271,30.08288
0.7108066,3.2783124,1.2576388,2.5675058,361.21017
0.76094,1.7042867,1.1458437,0.9433467,123.97123
1.5908321,1.3450487,1.1707,0.24578345,15.449992
11.298255,10.31156,1.0733093,0.9866953,8.733165
23.734415,18.503038,0.98213065,5.2313766,22.041313
0.4571597,0.23005724,1.0919904,0.22710246,49.67683
5.5793576,7.0521,0.9736452,1.4727426,26.396276
13.154543,1.4122415,1.3838335,11.742302,89.26424
2.6670034,3.9991024,1.0197669,1.332099,49.947407
16.96881,17.746708,1.1740932,0.7778988,4.584286
0.8466361,0.82391995,1.3677614,0.022716165,2.6831083
1.0277369,1.0437071,1.3910052,0.01597023,1.553922
0.49209365,11.496511,0.9647797,11.004417,2236.2446
0.6834211,1.6359761,1.2993894,0.952555,139.3804
0.48944223,1.7433906,1.3228706,1.2539483,256.19946
0.99927527,1.3075778,1.0420121,0.30830258,30.852617
0.64731634,9.98177,1.0303893,9.334454,1442.0236
0.42580843,1.1438813,1.2058744,0.7180729,168.63754
16.541435,15.489359,1.032372,1.0520763,6.360248
0.17002697,10.136753,0.9564956,9.966726,5861.85
0.65616673,1.0437961,1.3910052,0.38762933,59.07482
0.9357858,1.0072144,1.2823579,0.07142866,7.6330137
23.135654,18.683496,0.9810379,4.452158,19.243708
0.46961325,1.169466,1.1485505,0.69985276,149.02747
13.222009,12.206627,1.2136749,1.0153818,7.679482
1.3207802,1.8801067,1.090388,0.5593265,42.34819
0.7619466,1.244594,1.3235089,0.48264736,63.343987
0.8549701,1.1297718,1.0886701,0.27480173,32.141678
1.3128284,1.4106463,1.357603,0.0978179,7.4509277
1.9741739,1.0515726,1.391005,0.92260134,46.73354
5.216812,7.3857718,0.9962025,2.1689596,41.576344
21.135998,16.506786,0.9917199,4.6292114,21.902025
0.92219937,0.6648581,1.3459057,0.25734127,27.905167
10.434363,13.008361,1.052072,2.5739975,24.668467
0.4435322,1.0437071,1.3910052,0.6001749,135.3171
4.070279,2.2704077,1.389733,1.7998714,44.219856
0.9324153,1.2709556,1.0724374,0.33854026,36.307884
19.378788,17.062786,0.9732974,2.316002,11.951221
0.9072229,0.526229,1.3280765,0.3809939,41.995625
7.8411393,8.123134,1.3139659,0.28199434,3.596344
0.31849897,0.5091932,1.0933276,0.19069421,59.87279
0.85325754,0.5136813,1.0780938,0.33957624,39.797626
4.791731,5.4107685,1.2388986,0.6190376,12.918873
3.9038053,4.5814075,1.2946267,0.6776023,17.357483
0.3486186,1.0592974,1.3909879,0.7106788,203.85567
0.76056266,3.1250978,1.0248154,2.364535,310.89288
13.358423,13.74251,0.9451869,0.3840866,2.8752391
1.0438502,0.8533313,1.3382491,0.19051886,18.251553
1.3011127,1.0437143,1.3910052,0.25739837,19.782944
4.8266144,7.1103992,1.0579587,2.2837849,47.316494
8.305787,7.8390074,1.1691066,0.4667797,5.6199336
0.3642484,2.8693998,1.1632375,2.5051513,687.75903
0.4084661,0.34637678,1.3423941,0.062089324,15.200606
20.751278,21.391947,0.99592894,0.64066887,3.0873706
0.32693744,4.9859943,1.0205739,4.6590567,1425.0607
0.9392783,1.0407817,1.3909202,0.10150343,10.806534
0.6856811,1.1320091,1.3887303,0.44632804,65.09266
0.9468642,1.3237491,1.3846334,0.37688488,39.80348
0.9645045,1.415094,1.3887067,0.45058954,46.717205
1.5478442,0.97406816,1.0107766,0.573776,37.069366
0.38519412,0.0,1.0250734,0.38519412,100.0
0.6831027,0.4354483,1.1049409,0.24765444,36.25435
25.971174,29.55077,0.96024066,3.5795956,13.782956
0.28520715,5.4738035,0.9670407,5.1885962,1819.2378
0.40406513,0.056837082,1.049408,0.34722805,85.933685
1.1860505,1.1019089,1.0549514,0.08414161,7.0942693
0.2954181,5.657304,1.0615358,5.3618855,1815.0157
8.313908,10.222377,1.1242568,1.9084692,22.955141
9.714989,10.12969,1.0049417,0.41470146,4.2686768
0.49646556,0.9452878,1.0773319,0.44882226,90.4035
0.24763042,9.122452,1.0024792,8.874822,3583.8982
0.5290382,2.5586243,1.1180512,2.029586,383.63696
6.9357967,6.888379,0.9846458,0.04741764,0.6836654
0.94057167,1.0869719,1.3907977,0.14640021,15.565024
1.6004431,1.2970097,1.1216902,0.30343342,18.959337
0.6262902,1.156906,1.3909935,0.5306158,84.72363
0.7573375,0.8088305,1.3045505,0.05149299,6.7992125
9.311655,9.139061,1.2837847,0.17259407,1.8535273
0.9977414,0.92407066,1.1421565,0.073670745,7.3837514
0.8263505,1.2319641,1.3881088,0.4056136,49.084934
0.67260045,2.3317618,1.1445831,1.6591613,246.6786
0.9141697,1.0532708,1.3910024,0.13910109,15.216111
0.61020213,0.0,0.99504566,0.61020213,100.0
0.5905364,0.0,1.1124696,0.5905364,100.0
0.9424957,1.0437071,1.3910052,0.10121143,10.738663
0.7514654,1.4040203,1.3874779,0.6525549,86.837654
26.939909,20.33444,0.95393944,6.6054688,24.51927
0.47890392,0.32691061,0.9680353,0.1519933,31.737745
0.22984792,1.0437071,1.3910052,0.8138592,354.08597
0.8355128,6.594742,1.2474046,5.759229,689.3047
0.90762633,1.3469234,1.3098377,0.43929702,48.40065
0.5683357,6.2831335,1.0364555,5.714798,1005.5321
0.44806883,0.6488346,1.1693943,0.20076576,44.806904
0.5914817,1.5609297,1.3906637,0.969448,163.9016
0.9383641,1.5705707,1.1923529,0.6322066,67.373276
15.2001095,15.668582,1.1139177,0.46847248,3.0820336
0.54304117,0.0,1.1120774,0.54304117,100.0
0.91236895,1.0438914,1.3767172,0.13152248,14.415492
19.536558,16.737173,1.0276847,2.799385,14.328958
6.797754,5.235799,0.90593135,1.561955,22.977516
1.0994797,1.0526788,1.3910038,0.04680085,4.256636
4.8888283,4.71043,1.325286,0.17839813,3.649098
0.2371334,2.381495,1.1208421,2.1443615,904.2849
9.324851,8.508655,1.1597689,0.81619644,8.752916
0.38835597,6.519188,1.1186339,6.1308317,1578.663
21.501577,22.45449,0.97223425,0.9529133,4.4318295
10.371765,6.459119,1.115533,3.9126463,37.724014
0.21870413,9.546932,0.95088696,9.328228,4265.227
1.4202542,1.949363,1.1026876,0.52910876,37.254513
9.024435,7.6603403,1.1049699,1.3640947,15.115569
9.433506,7.4555902,1.0837115,1.9779158,20.96692
1.8368839,1.0555003,1.391005,0.78138363,42.538544
1.5636392,1.2645022,1.3908052,0.299137,19.130821
0.90764266,1.0437677,1.3910052,0.13612503,14.997645
0.5705676,2.012769,1.0668597,1.4422014,252.76608
1.9823616,2.0255644,1.0629358,0.043202877,2.1793642
0.79433316,0.36491376,1.2398758,0.4294194,54.060364
28.282238,17.307295,0.95111144,10.974943,38.805073
0.63215756,1.0437071,1.3910052,0.41154957,65.10237
0.54948443,0.89606196,1.3373462,0.34657753,63.07322
1.5421588,1.3965651,1.3902315,0.14559376,9.440906
1.7748446,2.246866,1.2760109,0.47202134,26.59508
0.84301764,1.4660137,1.3490036,0.62299603,73.90071
17.50282,17.691288,0.9804467,0.18846893,1.0767919
0.92200106,1.1519213,1.3879654,0.22992021,24.937088
0.43094313,8.356251,1.1053449,7.9253078,1839.0612
0.71855664,1.2857989,1.0879875,0.56724226,78.9419
0.48740262,0.31764305,1.0967542,0.16975957,34.829433
0.62295157,1.0437315,1.3910052,0.42077988,67.546165
0.24632275,6.680228,1.0404125,6.4339056,2611.982
1.051923,2.472673,1.277991,1.4207499,135.06216
3.5228822,3.6026504,1.03269,0.07976818,2.2642875
1.4681406,1.0443915,1.3910052,0.4237491,28.862976
15.030579,10.480687,0.9288853,4.5498915,30.270899
1.1142597,1.0403247,1.3909794,0.07393503,6.6353498
0.4607734,0.80780834,1.3139411,0.34703493,75.31574
6.643304,5.6106844,1.3761648,1.0326195,15.543764
0.26343092,1.6039299,0.9965562,1.3404989,508.86166
0.52002424,2.5394049,1.1251118,2.0193806,388.3243
0.09990024,10.32665,1.0107436,10.226749,10236.962
0.6961223,1.0541941,1.3910011,0.3580718,51.438065
1.5803323,1.2963873,1.3593593,0.28394496,17.967422
0.86713135,2.3540142,1.3119397,1.4868828,171.47147
1.0167751,1.1471568,1.1431726,0.1303817,12.823061
0.65826696,0.8585096,1.205776,0.20024264,30.41967
0.91018367,0.6679485,1.3684049,0.24223518,26.61388
9.013235,7.257265,1.252536,1.75597,19.482128
0.6593781,1.0437092,1.3910052,0.38433105,58.2869
0.76665735,0.75509185,1.0801357,0.011565506,1.5085627
3.865372,3.3590837,1.3858097,0.5062883,13.098049
1.430901,1.1638844,1.0989767,0.26701665,18.660734
0.76176727,1.0441715,1.3910052,0.28240418,37.07224
0.4269607,0.0,1.1395854,0.4269607,100.0
0.5550194,0.4748422,1.1118094,0.08017719,14.445837
0.8925399,1.2483708,1.3818386,0.35583085,39.867218
0.27497128,0.9985221,1.3903474,0.7235508,263.13687
5.2638817,1.7261385,0.99637586,3.537743,67.20788
0.14314936,1.0437071,1.3910052,0.90055776,629.1036
7.147596,5.633258,1.3195744,1.514338,21.186678
0.6989774,6.2524405,1.0717142,5.553463,794.5125
6.928151,6.333956,1.2046437,0.59419537,8.576536
0.6503385,1.0235463,1.390836,0.37320787,57.38671
5.4856353,5.607051,1.2016648,0.121415615,2.2133374
1.8925763,1.2360406,1.3436102,0.65653574,34.690052
0.41189215,0.7480193,1.3486345,0.33612713,81.60561
2.670737,1.6872305,1.3834103,0.98350656,36.825287
0.47874567,0.0,1.0970091,0.47874567,100.0
1.4417485,1.0439122,1.1480173,0.39783633,27.594019
15.655585,14.206743,1.1089326,1.448842,9.254474
0.61778975,0.96949196,1.3261597,0.3517022,56.929108
4.401535,4.3923516,1.3517205,0.009183407,0.20864101
19.544334,17.677725,0.99389654,1.8666096,9.550642
0.6653462,0.0,1.2507999,0.6653462,100.0
2.223803,1.0454804,1.3910052,1.1783227,52.986828
0.3944087,0.66161704,1.3480031,0.26720834,67.74909
1.5992723,1.0525115,1.3909203,0.5467608,34.1881
25.206587,30.611734,0.97538424,5.4051476,21.443394
3.859736,3.807977,1.2319591,0.051759005,1.3409985
0.8550591,1.8726623,1.2686162,1.0176032,119.00969
0.87574697,2.1742382,1.1867319,1.2984912,148.27242
0.70675915,2.0223696,1.0862774,1.3156104,186.14691
0.9870545,1.6848273,1.103035,0.6977728,70.69243
4.399897,5.2209873,0.96700597,0.8210902,18.66158
0.63860303,1.0437071,1.3910052,0.4051041,63.43598
3.7342815,5.877098,0.9838474,2.1428165,57.382294
0.33069292,0.0,1.0731055,0.33069292,99.99999
0.9575606,1.0437071,1.3910052,0.08614653,8.996458
1.9708858,1.1019381,1.3907355,0.8689476,44.08919
1.027036,1.0437784,1.3910042,0.016742468,1.6301734
0.90962625,1.5143296,1.3293296,0.6047033,66.47822
0.82042444,1.0480286,1.3910024,0.22760415,27.742243
1.0297953,1.5044341,1.00563,0.47463882,46.0906
0.32117197,13.732554,0.9779522,13.411383,4175.7637
5.003161,6.2660217,1.0695717,1.2628608,25.241259
0.54754585,1.8282356,1.0989865,1.2806897,233.89633
0.54428136,0.3671307,1.1041828,0.17715067,32.547626
1.7541331,1.1914415,1.1165608,0.56269157,32.078045
17.562416,16.09025,0.9797156,1.4721661,8.382481
0.63898546,0.34252554,1.0889661,0.2964599,46.39541
0.5784633,0.7843286,1.1085497,0.20586526,35.588303
0.7374413,1.3812981,1.1683754,0.64385676,87.309555
1.148949,0.95383453,1.3754951,0.1951145,16.981998
9.281835,9.475355,1.0940002,0.19352055,2.0849385
1.1354241,1.0443769,1.3910052,0.09104729,8.018791
12.267312,8.574423,0.9662273,3.6928892,30.10349
2.3230007,1.5873197,1.3788452,0.73568094,31.669424
0.86816293,1.2783053,1.3003426,0.41014236,47.242558
4.571623,7.153804,1.2815876,2.582181,56.48281
0.9258934,1.0455964,1.391003,0.119702935,12.92837
0.8280639,1.2354407,1.3893362,0.40737683,49.196304
8.191858,11.833449,1.0540252,3.641591,44.453785
1.047676,1.0659146,1.3909693,0.018238664,1.7408688
0.87996185,1.3075284,0.9720775,0.42756653,48.58921
0.8156867,1.1158237,1.2402763,0.30013704,36.795628
4.6064134,4.437397,1.0614902,0.16901636,3.6691532
14.335416,8.334729,0.98354954,6.0006866,41.859173
0.41890943,2.2386394,1.109274,1.8197299,434.39697
0.8088754,0.73126656,1.3583859,0.077608824,9.594658
0.699643,2.873199,1.0523106,2.1735559,310.6664
8.510357,5.8442507,0.98085135,2.6661062,31.327784
10.206867,12.297315,1.0542706,2.0904474,20.480793
10.845095,11.887852,1.1330013,1.042757,9.615011
0.8930482,0.9809867,1.325234,0.08793849,9.847004
0.2106526,6.3919353,1.0125691,6.1812825,2934.3489
2.6103752,3.9746544,1.0669289,1.3642793,52.263725
1.2857741,1.043711,1.3910052,0.24206316,18.826258
2.956593,1.6887236,1.1541795,1.2678695,42.882786
22.710361,24.578794,0.9947259,1.868433,8.227226
0.82196265,1.0408616,1.0593574,0.21889895,26.631252
0.621149,2.6560578,1.1897446,2.0349088,327.60397
0.49244136,2.1030502,1.0893523,1.6106088,327.06613
16.624912,16.297943,1.1684521,0.32696915,1.966742
1.3479956,1.5841019,1.3351036,0.23610628,17.51536
0.8100412,2.2708125,1.0149827,1.4607713,180.33296
0.35172537,1.5728816,1.2617627,1.2211562,347.19028
5.430947,5.219328,1.2116495,0.2116189,3.8965378
1.2107728,1.0464249,1.3910049,0.16434789,13.5738
0.7680433,0.96923804,1.1369216,0.20119476,26.195759
0.35180348,0.9504218,1.3639357,0.5986183,170.15701
0.87139577,2.5017087,1.0888317,1.6303129,187.09213
0.41105118,1.2417946,1.0314935,0.83074343,202.10219
4.3892474,4.8931293,1.0951113,0.50388193,11.479916
5.106686,4.3213606,1.1903139,0.7853255,15.378379
1.1551062,0.89033157,1.3834263,0.26477462,22.922102
10.670181,9.918496,0.9867423,0.75168514,7.0447273
0.5879691,0.8289157,1.1284466,0.24094659,40.979465
11.339446,7.3959084,1.1296779,3.9435377,34.777164
3.3328078,3.6306274,1.1929092,0.2978196,8.935997
0.9691473,1.1434304,1.0588204,0.17428303,17.98313
0.42709652,0.0,1.2334012,0.42709652,100.0
0.49259666,1.0437071,1.3910052,0.5511105,111.878654
3.9852943,4.922558,0.9882605,0.9372635,23.51805
1.0072572,1.6152871,1.3081144,0.60802984,60.364906
3.6264753,4.652731,1.3073717,1.0262556,28.298983
26.8091,25.737272,0.9404961,1.0718269,3.9979968
18.386347,12.655569,1.0704882,5.7307777,31.168657
20.452175,18.753202,1.0735309,1.6989727,8.307052
0.54145354,4.624076,0.9849547,4.0826225,754.01166
0.90844,1.0444103,1.3910052,0.13597035,14.967456
0.8572393,1.3412519,1.206778,0.48401254,56.461777
0.7611107,1.0437071,1.3910052,0.2825964,37.129475
16.192749,13.7497015,0.97015274,2.4430475,15.087293
3.9503453,3.845367,1.3186845,0.10497832,2.6574469
15.222996,15.541531,0.9893852,0.31853485,2.0924585
7.4509025,7.142744,1.3526257,0.3081584,4.1358533
0.6259729,0.88261795,1.3803979,0.25664502,40.999382
0.42548767,0.0,1.170095,0.42548767,100.0
1.7047465,1.1697482,1.3870891,0.5349983,31.382864
0.16207865,1.7710979,0.9946464,1.6090193,992.73987
0.88281155,4.793229,1.2958369,3.9104176,442.9504
20.286957,21.659063,0.9962994,1.3721066,6.7634916
1.0809231,1.0755372,1.376033,0.0053858757,0.4982663
0.8086294,1.2316003,1.3746737,0.4229709,52.307137
0.87860584,1.0369585,1.3549492,0.15835261,18.023169
0.36977187,0.0,1.058177,0.36977187,100.0
1.3619342,0.9136585,1.3839325,0.4482757,32.914635
0.839311,1.049938,1.1465431,0.21062696,25.095222
0.9781775,0.5905258,1.3255602,0.38765168,39.629993
2.2754054,2.7520838,1.0544766,0.47667837,20.949163
0.7157717,1.4291707,1.3649662,0.71339905,99.66852
0.39054486,16.68614,0.9576521,16.295595,4172.5283
0.58794403,0.7363338,1.1689507,0.14838976,25.238756
12.41516,9.856097,1.1080351,2.559063,20.612404
0.57187873,0.98459154,1.2674392,0.4127128,72.16789
0.93561053,1.0617869,1.3910046,0.12617636,13.4859915
0.2812067,17.116697,0.95189637,16.835491,5986.874
3.419981,3.7039726,1.0280472,0.28399158,8.303894
0.7950767,0.9030715,1.0363365,0.107994795,13.58294
23.270536,13.838741,0.9927401,9.431795,40.53106
0.6587359,0.93768096,1.3886074,0.2789451,42.345512
0.42274243,0.6435383,1.2980849,0.22079587,52.22941
0.8579198,0.64561343,1.0362706,0.21230638,24.746647
0.20866355,0.7479946,1.3707896,0.5393311,258.46924
13.782581,14.876934,0.9750855,1.0943527,7.9401145
2.0231097,2.4241872,1.3481548,0.4010775,19.824802
0.20601285,0.58908147,1.2073467,0.38306862,185.94405
1.0594449,1.0448543,1.3910052,0.014590621,1.3771949
11.604187,8.770604,1.2651497,2.8335829,24.418623
0.268165,5.9535475,1.1266057,5.6853824,2120.106
21.825054,26.629642,0.9908509,4.8045883,22.014095
0.7148624,1.0437205,1.3910052,0.32885808,46.002987
2.648064,1.937829,1.3878568,0.7102349,26.820913
0.87202555,1.0507218,1.391005,0.17869622,20.492085
0.6515766,1.0453649,1.3910052,0.39378828,60.436222
0.805869,0.44627225,1.3633429,0.35959673,44.62223
0.95887655,1.1222456,1.3900604,0.163369,17.037542
0.3601592,1.0351981,1.3909913,0.67503893,187.42793
0.92107224,1.2809464,1.2098589,0.35987413,39.071217
0.3596906,7.0340424,1.1459336,6.6743517,1855.5813
0.29843453,1.1693486,1.3897464,0.8709141,291.8275
0.15988223,1.0412722,1.3910034,0.8813899,551.2745
12.213311,9.067438,0.9662724,3.145873,25.757742
0.9678618,4.549513,1.2786988,3.5816512,370.05814
17.751934,17.144583,0.9841301,0.6073513,3.4213247
2.5070603,1.9696364,1.1053181,0.53742385,21.436415
0.8616055,0.53840405,1.3419958,0.32320148,37.51154
0.98374486,0.42971408,1.3205806,0.5540308,56.318542
0.3009876,1.034469,1.3909874,0.7334814,243.69157
0.6435002,1.9026582,1.1067392,1.259158,195.6733
0.41147557,3.2416885,1.224804,2.8302128,687.8204
3.9772654,3.9844992,1.0833083,0.007233858,0.18188019
0.62349623,1.0405633,1.3909734,0.4170671,66.89168
1.581407,1.0438075,1.3910052,0.53759944,33.99501
0.9894683,1.1618147,1.3885617,0.17234641,17.418085
1.1030663,0.84084576,1.3879651,0.26222056,23.771967
3.8137376,3.7357745,1.2483029,0.077963114,2.0442705
0.08258167,4.7855377,1.0365762,4.702956,5694.9155
0.54577434,0.7792823,1.3469677,0.23350793,42.784706
0.8056799,1.4968076,1.2431527,0.69112766,85.78191
0.35409486,3.1266415,0.965254,2.7725468,782.9955
2.9035485,4.154333,1.0125266,1.2507846,43.077793
0.8761073,1.1099249,1.3906369,0.23381764,26.688242
3.7535508,1.7844486,1.3903525,1.9691021,52.459717
0.40783942,1.3731432,1.3852535,0.9653038,236.68723
18.822496,16.189388,0.9877014,2.6331081,13.989155
21.120514,18.509783,1.0438251,2.6107311,12.361115
13.83191,12.498158,1.0147698,1.3337517,9.6425705
0.35848397,1.1262975,1.3909968,0.7678135,214.18349
0.5966237,1.0445058,1.3910052,0.44788212,75.06944
0.9201715,1.0437071,1.3910052,0.12353563,13.425283
23.217695,22.338026,0.9858487,0.8796692,3.7887878
18.174265,15.098525,0.99158746,3.0757399,16.9236
6.356163,5.5711803,1.0177677,0.7849827,12.349946
0.41935003,0.0,1.0445281,0.41935003,100.0
3.5952792,2.8102117,1.1830894,0.78506756,21.836067
19.074272,19.748545,0.99040127,0.67427254,3.5349844
0.85734034,0.1688832,1.309456,0.68845713,80.3015
8.171274,9.05279,1.0923008,0.8815155,10.787981
0.20129351,4.758259,0.9596395,4.5569654,2263.841
1.0885658,1.3872533,1.3882738,0.29868746,27.438622
4.302982,4.130982,1.3744178,0.17199993,3.9972265
1.1690365,1.3151705,1.0697898,0.14613402,12.5003805
0.32327932,0.8746034,1.3601251,0.55132407,170.54109
1.4127014,1.0436988,1.3910052,0.36900258,26.120352
1.2859403,1.4962358,1.3217173,0.21029556,16.353447
23.557024,14.842966,0.97205365,8.714058,36.991333
10.465608,5.741187,0.97064835,4.7244205,45.14234
1.6771576,1.8898046,1.3115661,0.21264696,12.6790085
0.6677355,2.3532288,1.3027146,1.6854932,252.41928
3.075894,2.80794,1.273759,0.2679541,8.711422
0.7912083,2.5319374,1.234194,1.7407291,220.00894
2.1313295,3.0248642,1.1131183,0.89353466,41.923817
0.5777035,2.9603326,1.0735931,2.3826292,412.43115
0.44183573,4.0805244,0.96237725,3.6386888,823.5388
7.8420167,3.1686976,1.3858112,4.673319,59.59333
0.73801184,3.9781702,1.3316071,3.2401583,439.03882
1.0011783,1.8895428,1.1783103,0.88836455,88.7319
0.879983,0.82143056,1.3498386,0.058552444,6.6538157
0.9332137,1.328836,1.3866619,0.39562225,42.39353
0.44443098,0.0,1.2921373,0.44443098,100.0
0.88686043,0.8764192,1.0959698,0.010441244,1.1773266
0.24364439,0.9936257,1.314004,0.7499813,307.81802
1.0341171,1.086674,1.390748,0.052556872,5.082294
4.5069723,4.3307676,1.2978253,0.17620468,3.909602
1.0146244,2.1764183,1.0859478,1.161794,114.50484
0.7728077,1.083215,1.3909959,0.31040728,40.166172
0.092178755,1.0437071,1.3910052,0.9515284,1032.2643
23.807083,27.682974,1.0407917,3.8758907,16.28041
0.27312884,1.0847224,1.3909111,0.81159353,297.1468
2.4753466,2.7996604,1.3187621,0.32431388,13.101757
0.6752156,0.5467921,1.1033204,0.12842351,19.01963
0.06333277,0.44862682,1.1869568,0.38529405,608.36444
0.27604976,1.5573843,1.0478565,1.2813345,464.16794
19.17304,18.609875,1.1215483,0.56316566,2.937279
0.79677176,1.2588613,1.3832877,0.46208954,57.99522
20.190416,23.792822,0.9862761,3.6024055,17.842155
1.7498164,1.050671,1.3909371,0.69914544,39.95536
13.96055,14.669513,1.0371401,0.70896244,5.078327
0.95778143,1.2453234,1.1086849,0.287542,30.02167
0.7154378,0.0271945,1.2283798,0.6882433,96.1989
2.8515782,2.381418,1.22304,0.47016025,16.48772
0.78792125,1.2582383,1.3795083,0.47031707,59.690872
0.98673946,2.23249,1.2091429,1.2457507,126.2492
3.748621,3.358043,1.3242097,0.39057803,10.419246
3.6082854,3.6439552,1.3054296,0.035669804,0.9885527
1.2798467,1.0437071,1.3910052,0.23613954,18.450611
24.026865,23.428558,0.97235453,0.59830666,2.490157
0.6606994,0.975039,1.1208285,0.31433958,47.57679
4.46206,6.194206,1.0036701,1.7321463,38.81943
23.418337,21.782564,1.0109787,1.6357727,6.9850082
3.2648315,4.3080797,1.0780838,1.0432482,31.954119
0.9524335,1.0437181,1.3910052,0.09128457,9.584351
19.715296,19.247086,1.0180361,0.46821022,2.3748577
17.09819,17.314964,1.0143125,0.21677399,1.2678183
0.7653758,1.837471,1.1727318,1.0720952,140.07436
1.1694362,1.1377444,1.3879216,0.03169179,2.7100058
1.8098729,1.8215265,1.289246,0.011653662,0.64389396
0.94677454,1.79551,1.2588489,0.8487355,89.64494
0.80270463,1.0306442,1.1002752,0.22793955,28.39644
0.9006081,0.7405034,1.1717358,0.16010475,17.777405
0.7427261,1.1866733,1.386392,0.4439472,59.772667
0.8577148,1.8251134,0.99954015,0.96739864,112.787926
21.141884,22.524199,0.9836544,1.3823147,6.538276
17.418484,15.014282,1.0303146,2.4042015,13.8025875
18.406513,13.693002,1.0889517,4.7135115,25.607845
1.8757375,3.9044747,1.063102,2.028737,108.15676
12.833945,12.672766,1.0542102,0.16117954,1.2558846
0.5270694,0.0,1.147748,0.5270694,100.0
5.7035437,6.423666,1.3439816,0.72012234,12.625876
22.087975,18.132936,0.9831375,3.955038,17.905844
0.88533443,0.60217524,1.1604612,0.2831592,31.983303
2.0277562,1.4602647,1.3827752,0.56749153,27.986181
0.38176185,5.802842,0.9643693,5.42108,1420.0162
11.357447,4.8556967,0.9496015,6.50175,57.246582
0.52940124,2.6282654,1.0981498,2.098864,396.46
0.38432595,0.0,1.1651528,0.38432595,100.0
0.82491887,4.424556,1.1040255,3.599637,436.36258
0.9582883,1.0447488,1.391005,0.08646047,9.022387
0.34464732,2.686449,1.0754988,2.3418016,679.47766
9.299088,11.241444,1.080451,1.9423561,20.887598
0.6855504,0.8462965,1.0616255,0.1607461,23.447744
7.7839475,9.431518,1.0742519,1.6475701,21.166256
16.928936,12.653466,1.0059764,4.27547,25.255396
1.4286451,0.8202059,1.1755513,0.6084392,42.588547
1.5223274,0.77708715,1.3763362,0.7452403,48.954006
1.0219778,1.0868963,1.0735744,0.06491852,6.3522434
0.65337664,0.5057457,1.3410621,0.14763093,22.595074
0.94093066,1.4726924,1.3128369,0.5317617,56.514442
0.991757,0.55310917,1.2434531,0.4386478,44.229362
0.2207763,1.0438706,1.3910052,0.82309425,372.8182
1.4383835,2.1565068,1.0631826,0.7181233,49.92572
0.9520338,0.7992009,1.339318,0.15283293,16.053308
1.5126214,1.3089677,1.3538449,0.2036537,13.463627
0.9521398,1.2364954,1.3842535,0.28435558,29.864899
0.8390946,4.8031044,1.0275042,3.9640098,472.41513
1.737673,1.9502578,1.1566364,0.21258473,12.233873
24.52843,28.520885,0.9650948,3.9924545,16.276844
1.4113923,1.0400201,1.3909757,0.37137222,26.312473
21.574356,22.248362,0.9890426,0.6740055,3.124105
2.0486894,1.2110004,1.3799295,0.8376889,40.889015
0.8968332,2.5800102,1.3159012,1.683177,187.68005
16.486568,15.884594,1.1523699,0.6019745,3.6513026
1.4292023,1.0305572,1.3908496,0.39864516,27.892843
0.391265,2.3325093,1.050713,1.9412442,496.14563
0.5970355,1.0437071,1.3910052,0.4466716,74.81491
0.6956263,1.0437077,1.3910052,0.3480814,50.03856
0.25869712,6.8149996,1.0388608,6.5563025,2534.3547
1.683679,2.05158,1.3840371,0.36790097,21.851015
0.6875569,3.0955746,1.073117,2.4080176,350.22812
15.085651,15.021437,0.94702613,0.06421471,0.42566743
1.3922102,0.9413306,1.3842608,0.45087963,32.385887
0.64153004,1.1499788,1.3904779,0.5084487,79.25564
0.5181263,1.044135,1.3910052,0.52600867,101.521324
1.7267674,3.2918468,1.3058177,1.5650793,90.636375
22.30561,16.386597,0.9848762,5.919014,26.535986
0.912199,0.9828214,1.3802505,0.070622385,7.7419934
1.0899242,1.0437071,1.3910052,0.046217084,4.240394
0.6248225,1.371959,1.1644555,0.7471365,119.57579
13.896936,14.673088,1.1954172,0.77615166,5.585056
0.63297737,0.8869067,1.3564986,0.25392932,40.11665
0.5066042,0.8482565,1.2407837,0.34165233,67.4397
0.16001423,0.99988747,1.3904593,0.83987325,524.87415
0.34906232,1.7225038,1.345975,1.3734415,393.46597
0.59341633,2.7542872,1.1332878,2.160871,364.1408
13.760344,9.694574,0.998591,4.065769,29.547003
1.0045052,1.4675801,1.2944342,0.46307492,46.099804
0.4070859,1.0429772,1.391005,0.6358913,156.20569
0.58809537,3.986641,1.2044848,3.3985455,577.8902
0.18829224,0.2694376,1.1111844,0.081145376,43.095444
0.1652826,0.4988249,1.3388544,0.3335423,201.80121
9.221721,7.2749586,1.1840714,1.9467621,21.110617
0.9606394,1.8899568,1.1552974,0.9293174,96.73946
0.43688264,1.027042,1.3909442,0.5901594,135.0842
0.43370876,11.98419,1.0335723,11.550481,2663.1882
4.7801003,4.81614,0.99685484,0.03603983,0.7539555
0.47837287,0.7785687,1.3360014,0.3001958,62.753517
5.539825,4.41203,1.2248337,1.1277947,20.357948
11.243484,4.555997,1.0732807,6.6874866,59.47878
0.47877604,1.1567311,1.389663,0.6779551,141.60172
0.81770337,1.7638092,1.3423804,0.94610584,115.70281
0.521913,0.0,1.080241,0.521913,100.0
0.6537789,3.0722754,0.9645173,2.4184966,369.92575
1.0871593,0.6688223,1.3615679,0.418337,38.479824
14.274343,12.229694,1.1208453,2.0446482,14.323939
1.8011476,1.5001218,1.3502762,0.30102575,16.712997
0.49599943,0.21183157,1.2925341,0.28416786,57.291973
19.596548,8.324984,1.1467011,11.2715645,57.518116
0.72953695,1.0437298,1.3910052,0.31419283,43.067432
1.0669304,1.1925918,1.3365638,0.12566137,11.777842
11.936653,8.18532,1.1332225,3.7513332,31.427011
0.32928592,0.07897878,1.0421199,0.25030714,76.01514
17.36587,15.947216,0.970106,1.4186535,8.169206
0.31942973,0.79330516,1.1043209,0.47387543,148.35045
0.67050624,2.4080243,1.3281039,1.7375181,259.13525
0.3447507,3.9338565,1.150697,3.5891058,1041.0728
1.4463918,1.0363188,1.3909247,0.41007304,28.35145
1.9992751,3.1986206,1.1008043,1.1993455,59.989017
0.46752742,0.6222811,1.0428218,0.15475366,33.100445
0.5087585,0.0,0.98413634,0.5087585,100.0
6.888778,7.5526342,1.0267618,0.663856,9.636775
1.0734464,2.0338016,1.0202357,0.96035516,89.46466
0.072040856,0.9384955,1.2868943,0.86645466,1202.7268
1.3280678,1.3110971,1.1893139,0.016970634,1.277844
0.75283206,1.198593,1.2644588,0.44576097,59.21121
1.5783638,1.0632213,1.3909942,0.51514244,32.637753
3.7945175,5.2670927,0.9994801,1.4725752,38.807972
1.2686155,1.0437071,1.3910052,0.22490835,17.728647
1.2569983,0.8400597,1.3805131,0.4169386,33.169384
0.6248029,1.0576,1.3910044,0.43279713,69.26939
0.8251273,0.6839391,1.1937153,0.1411882,17.11108
19.633846,13.507624,1.0465986,6.1262226,31.202356
0.9757284,1.0437071,1.3910052,0.06797874,6.966974
1.7541541,1.0280695,1.3906958,0.7260846,41.392292
3.5423133,3.3212361,1.3724774,0.2210772,6.24104
0.26728305,5.7032833,1.0970321,5.4360003,2033.7991
5.422174,5.0699453,1.3589296,0.35222864,6.4960775
6.114762,5.6860495,1.1307702,0.42871237,7.011105
14.491899,16.794641,0.988721,2.302743,15.889864
13.619952,16.047476,1.0786157,2.4275236,17.82329
14.868498,15.222065,1.0660251,0.35356712,2.3779614
10.100663,5.0557413,1.3450543,5.044922,49.94644
15.195274,8.798601,0.98604715,6.396673,42.096462
10.964434,9.054353,0.9659482,1.9100809,17.420698
1.8037057,1.2599514,1.3566633,0.54375434,30.146511
9.265568,8.794946,1.0322747,0.47062206,5.0792575
0.58557045,1.155683,1.3889257,0.5701126,97.3602
3.299963,4.2894373,1.1144645,0.9894743,29.984407
16.550678,11.545963,0.9860449,5.004715,30.23873
0.56016797,0.0,1.2278938,0.56016797,100.0
1.2368406,1.0444195,1.3910049,0.19242108,15.557467
0.6646097,0.8761288,1.1244264,0.21151912,31.826069
18.821556,15.97536,0.974691,2.8461962,15.122003
0.8322056,1.378088,1.0391264,0.5458824,65.59466
0.51651,7.1086006,0.9705663,6.5920906,1276.2754
4.386829,5.084094,1.144774,0.69726515,15.894515
2.6966865,3.334753,1.2902553,0.63806653,23.66113
4.0447307,4.087331,1.2586372,0.042600155,1.053226
23.444298,16.501856,0.97634536,6.942442,29.612497
0.8207462,0.10621941,1.3082381,0.7145268,87.05819
1.2528867,1.0534906,1.3909854,0.19939601,15.914928
13.366304,10.337612,1.019362,3.0286922,22.65916
0.8432772,1.2411667,1.3857564,0.3978895,47.183712
12.56763,12.654076,1.113589,0.08644581,0.68784493
1.5260956,1.0437071,1.3910052,0.4823885,31.609324
0.59930694,1.0437152,1.3910052,0.4444083,74.1537
1.0269231,0.9909504,1.3906627,0.035972655,3.5029552
1.8737463,2.2322636,1.1918399,0.3585173,19.133717
10.364646,10.973478,1.0739064,0.60883236,5.874126
0.83667123,0.77210253,1.0323669,0.0645687,7.7173324
0.50278336,0.6180038,1.2579775,0.11522043,22.916517
0.57125556,0.5201853,1.0486175,0.051070273,8.940004
0.4320968,1.2720418,1.3122156,0.83994496,194.38815
0.2584799,0.22848386,1.115084,0.029996037,11.604786
0.35172078,3.0598176,1.082907,2.7080967,769.95636
1.0222673,1.9391065,1.0857266,0.9168391,89.68683
12.709582,14.8478565,1.0666286,2.1382742,16.82411
0.54255027,1.0437071,1.3910052,0.50115687,92.37059
0.8229435,1.2121415,1.3866153,0.389198,47.293404
6.5114784,5.0556936,1.2453672,1.4557848,22.357208
1.5567096,1.0482359,1.3785256,0.50847375,32.663364
0.3941131,1.0437189,1.3910052,0.6496059,164.82727
1.7769328,2.1983814,1.2199584,0.4214486,23.717756
1.7426267,1.0776739,1.3909501,0.66495275,38.158073
0.9264273,1.3363345,1.3808476,0.40990716,44.246014
25.265041,18.853111,1.0038311,6.41193,25.378664
0.76285416,3.1523547,1.3001486,2.3895006,313.23163
0.98418677,1.2361248,1.14978,0.251938,25.598595
2.9269502,1.8607485,1.0992221,1.0662017,36.42705
1.0056816,0.98463535,1.389463,0.02104628,2.092738
0.76795346,1.1075222,1.2520196,0.3395688,44.217365
0.8403603,2.8043423,1.1067604,1.963982,233.70714
0.8061061,1.04578,1.3910048,0.23967385,29.732296
0.8684672,1.257684,1.3904289,0.38921678,44.816517
7.644453,7.460286,1.2282205,0.18416691,2.4091575
1.1021893,4.0281153,1.016086,2.925926,265.4649
0.4678568,6.7018204,1.2836537,6.2339635,1332.4512
0.7203159,1.0164311,1.3237071,0.29611522,41.10908
1.5299382,0.924219,1.3783041,0.6057192,39.59109
25.394388,1.9221065,1.3769977,23.472282,92.430984
0.3672268,9.325991,1.1278565,8.958764,2439.5725
0.92773944,4.3551016,1.1043091,3.4273622,369.43155
0.8004385,2.6371045,1.0971911,1.836666,229.45747
0.5777709,1.0440401,1.3910052,0.4662692,80.7014
0.90665925,1.3179206,1.3897493,0.41126132,45.360077
7.4362273,7.1973133,1.0962653,0.23891401,3.2128391
20.577293,19.588705,0.9927416,0.98858833,4.804268
26.535696,11.642838,0.98894554,14.8928585,56.123867
17.765377,18.528517,0.9799453,0.7631397,4.295657
0.31790364,0.50783956,1.1012574,0.18993592,59.74638
1.0944631,1.4248177,1.0542897,0.33035457,30.184168
11.2490835,10.715171,1.1633734,0.53391266,4.746277
0.45861378,2.2214246,1.0358025,1.7628108,384.37808
0.97375745,1.0440872,1.3910052,0.070329726,7.2225094
18.362791,12.847558,0.98541534,5.515233,30.03483
0.2551262,0.0,1.0475923,0.2551262,100.0
0.93052906,0.9197537,1.0405706,0.010775387,1.1579851
1.42219,1.133198,1.3836086,0.28899193,20.320206
0.773599,1.7855505,1.3164008,1.0119514,130.81085
3.6167357,2.6577768,1.3788728,0.95895886,26.514486
20.573881,19.876198,1.0730559,0.69768333,3.3911119
0.84260964,2.6497357,1.0151966,1.807126,214.46776
2.0465925,1.3694882,1.3862233,0.67710423,33.08447
1.6921418,1.1067288,1.2850965,0.585413,34.595978
13.6565275,12.678366,1.1818397,0.9781618,7.1625953
3.7369435,3.1747644,1.2026832,0.5621791,15.043821
1.9089924,1.6564255,1.3850286,0.25256693,13.230379
25.363413,21.460243,0.9620919,3.9031696,15.388976
0.99832255,1.3212034,1.1986618,0.3228808,32.342335
1.4417046,0.9940636,1.390244,0.44764102,31.049427
1.3360804,1.0367928,1.3909521,0.29928768,22.400423
0.82047504,1.0437073,1.3910052,0.22323221,27.207678
1.4709294,1.0417569,1.390995,0.42917252,29.176962
0.6423121,2.4725218,1.0916008,1.8302097,284.94086
0.9964039,1.4073685,1.0275501,0.41096467,41.24479
11.644751,9.734155,1.0795499,1.9105959,16.407358
2.055889,2.9099782,1.0972081,0.85408926,41.543552
0.9118512,0.87022007,1.0259322,0.041631162,4.5655656
0.89820045,2.124928,1.2771595,1.2267275,136.57613
0.4071771,0.0,1.1989375,0.4071771,100.0
0.57345545,0.2630124,1.1538945,0.31044304,54.13551
0.38790545,7.7125854,0.9872284,7.32468,1888.2642
0.87639976,2.4664142,1.0145591,1.5900145,181.4257
1.293851,1.1033404,1.3858513,0.19051063,14.72431
1.2822541,1.1580641,1.3832439,0.12418997,9.685286
0.96184766,1.6408584,1.3562391,0.67901075,70.59442
22.408796,5.5345736,1.1946119,16.874222,75.30177
20.271444,9.1273985,0.9816366,11.144046,54.974106
1.6563467,3.698398,1.0229001,2.0420513,123.286476
1.6672245,2.615901,1.252912,0.94867647,56.901543
0.7179082,2.1857352,1.0977981,1.4678271,204.4589
0.7457523,3.122099,1.0002885,2.3763466,318.65094
0.98037386,0.74201614,1.223818,0.23835772,24.31294
0.51854557,1.210885,1.3179522,0.6923395,133.51566
5.711546,5.662674,1.0309787,0.048871994,0.85567015
0.16376014,0.36256313,1.1929129,0.198803,121.39889
0.25569272,0.0,1.0640042,0.25569272,100.0
1.2274802,0.9972396,1.3902322,0.23024058,18.757174
1.4265468,1.039916,1.3909973,0.38663077,27.102566
1.4799501,1.0437346,1.3910052,0.43621552,29.475016
0.60734344,3.7413497,0.9903,3.1340063,516.0188
4.8354716,4.6204457,1.2449977,0.2150259,4.4468446
1.3402661,1.1217129,1.3469018,0.21855319,16.3067
0.71789503,1.8890443,1.3675905,1.1711493,163.13657
0.5842688,1.0836525,1.3909485,0.4993837,85.471565
0.20920452,5.128063,0.9988016,4.9188585,2351.22
8.460969,6.256568,0.99761415,2.204401,26.053764
17.416649,14.9900055,1.0532765,2.4266434,13.932895
0.70030457,2.9110959,1.2919359,2.2107913,315.68997
1.4159632,0.85905814,1.3215444,0.55690503,39.330475
1.1708843,1.3754241,1.1005954,0.2045399,17.46884
1.1985831,1.0305529,1.3906267,0.16803026,14.019074
0.42736772,8.352551,1.0624939,7.925184,1854.418
1.5390127,1.0437074,1.3910052,0.4953053,32.183315
0.33400854,0.4290055,1.0901648,0.09499696,28.441475
17.401445,19.172699,1.0093052,1.7712536,10.178773
0.2664911,1.0437042,1.3910052,0.7772131,291.64694
0.55478626,1.7175381,1.3785307,1.1627519,209.58557
0.6340661,1.3315475,1.1358248,0.6974814,110.001366
26.275036,17.608833,0.96970415,8.666203,32.982647
0.25306997,3.7333105,1.0816064,3.4802406,1375.2089
0.54777473,1.2862328,1.1245036,0.7384581,134.81055
1.3737214,1.0443312,1.3910019,0.32939017,23.977947
0.18494888,0.13389426,1.0629097,0.05105461,27.604715
0.46792164,0.6542883,1.1848192,0.18636665,39.8286
0.8925558,1.113399,1.1881824,0.22084326,24.742796
4.2142878,4.970463,1.1485984,0.75617504,17.943129
14.45474,14.619425,0.9814102,0.16468525,1.1393166
0.4762267,4.3369036,1.1385726,3.8606768,810.6805
0.90210974,1.0049107,1.1811317,0.102800965,11.395616
0.14356619,1.0437027,1.3910052,0.90013653,626.98364
0.11727207,0.73472816,1.2666304,0.6174561,526.51587
25.315031,17.71075,0.98490024,7.6042805,30.038597
23.548237,27.938654,0.9784224,4.390417,18.644356
0.74790823,4.251849,1.2904282,3.503941,468.49878
0.417988,1.7393949,0.9668693,1.3214068,316.13513
0.29425183,2.3587732,1.1369461,2.0645213,701.6172
0.9171094,1.0437071,1.3910052,0.12659776,13.803999
0.31313053,1.5172441,1.1062151,1.2041136,384.54047
0.6965291,1.5163715,1.3850981,0.8198424,117.703964
0.16746895,0.267906,0.95893395,0.10043706,59.97354
18.180561,13.098255,1.1225085,5.082306,27.954615
11.721781,2.5966125,1.2947428,9.125168,77.84797
0.1632023,11.617832,0.9771858,11.45463,7018.6694
6.1608396,6.2873974,1.0851548,0.12655783,2.0542302
0.99614143,0.80840904,1.2984227,0.1877324,18.845957
2.6529768,4.415179,1.087022,1.762202,66.42358
22.036367,22.93167,1.0014069,0.8953018,4.0628376
3.208566,3.464253,1.3846616,0.255687,7.968887
11.669929,12.151567,1.1913443,0.4816389,4.1271796
0.59234715,2.7184935,1.0672648,2.1261463,358.93585
0.15432273,2.5751708,0.9819694,2.4208481,1568.6919
0.5003914,2.7846067,1.1080685,2.2842152,456.4857
0.8114754,1.8393571,1.294465,1.0278817,126.66826
9.406897,7.993369,1.2850466,1.4135275,15.026503
0.618103,0.88048446,1.3683413,0.26238143,42.449467
0.29292265,1.4570421,1.1132222,1.1641195,397.4153
1.0565388,0.7768352,1.3487779,0.27970362,26.473577
0.7151009,1.5619473,1.3295794,0.84684646,118.423355
20.94274,15.602394,0.9737135,5.3403454,25.499746
1.3718365,1.0437089,1.3910052,0.32812762,23.918858
0.7568634,0.6028209,1.1075401,0.15404254,20.352753
0.5960145,1.0436937,1.3910052,0.44767916,75.11213
0.2758238,0.0,1.1523631,0.2758238,100.0
9.107472,8.597891,1.3164648,0.50958157,5.595203
0.9615457,0.870248,1.1408561,0.091297686,9.494887
0.75702316,0.88984174,1.05406,0.13281858,17.544851
0.36316085,0.0,1.0461806,0.36316085,100.0
0.99667835,1.0446072,1.3910052,0.04792881,4.808854
0.08593367,1.036325,1.3909926,0.9503913,1105.9592
0.52828497,1.0852064,1.3907634,0.5569214,105.42065
0.7797853,1.3162274,1.3102906,0.53644216,68.79357
1.1488265,1.0446707,1.3910052,0.10415578,9.066276
0.16682763,2.3845558,1.0234953,2.2177281,1329.353
0.70150626,1.333926,1.347583,0.6324197,90.15168
0.71747065,0.59153974,1.1178467,0.1259309,17.552063
21.724552,21.39982,0.97154653,0.32473183,1.4947687
0.8518426,2.2167037,1.2600865,1.364861,160.22455
0.25095448,4.468852,0.95678794,4.2178974,1680.742
0.9732819,2.9913797,1.0297273,2.0180979,207.34978
3.9554958,4.677944,1.0317911,0.72244835,18.26442
25.292877,24.009892,1.0679718,1.2829857,5.072518
1.0363895,1.4655378,1.1461053,0.42914832,41.408016
1.0438538,1.0470005,1.3910022,0.0031467676,0.30145675
0.46551982,4.1934156,1.1176533,3.7278957,800.8028
6.2542644,7.432419,1.104747,1.1781545,18.837618
0.63880825,1.0425732,1.3910049,0.40376496,63.20597
0.50345767,1.4614184,1.3908051,0.9579607,190.27632
1.6102049,1.0442624,1.391005,0.5659425,35.147236
0.5495659,0.0,0.9933192,0.5495659,100.0
1.5418826,1.0437001,1.3910052,0.49818254,32.310017
1.8393514,1.0437808,1.3910052,0.7955706,43.252777
0.8322267,0.2928034,1.33752,0.5394233,64.81687
0.96340185,1.2896651,1.061536,0.32626325,33.865746
0.55911154,1.1640725,1.3909935,0.604961,108.20041
1.4315903,1.0384079,1.3909729,0.3931824,27.46473
3.3899133,3.8682845,0.9740639,0.47837114,14.111604
11.3742075,10.1182375,1.000868,1.25597,11.042264
1.3163098,4.406947,0.98721236,3.0906372,234.79558
0.18638258,0.46609616,1.3003018,0.27971357,150.07495
0.49715585,0.53903425,1.2605473,0.041878402,8.423597
0.87523204,1.0820696,1.3636773,0.2068376,23.632315
0.6017123,0.49474585,1.0173142,0.106966436,17.777008
0.19177589,0.121837676,1.0790793,0.06993821,36.46872
13.397054,11.81064,1.1033936,1.5864134,11.84151
17.756657,15.198072,0.9846961,2.5585842,14.409156
0.49719813,0.0,1.2444656,0.49719813,100.0
0.91973865,1.3165848,1.1478102,0.39684618,43.14771
0.44685096,0.0,1.0239172,0.44685096,100.0
4.2895513,3.5286574,1.3841637,0.7608938,17.73831
0.15451425,3.493317,0.9537579,3.3388026,2160.838
1.1510938,1.3015258,1.2158345,0.15043199,13.068613
0.25586346,5.0998783,1.1342738,4.8440146,1893.203
1.0671803,1.0140967,1.1228833,0.05308354,4.974187
0.4619159,1.4857061,1.2590165,1.0237901,221.63994
0.89993733,1.7421492,1.3119134,0.8422119,93.58562
0.9756829,0.9356885,1.3894612,0.03999442,4.0991206
0.61605626,0.4930904,1.270406,0.12296587,19.960169
0.16937038,0.9314031,0.96824354,0.76203275,449.92093
0.6642128,1.0745199,1.3910042,0.41030705,61.77343
0.35294822,1.0450532,1.015996,0.69210505,196.09251
0.4496081,1.781011,1.3368982,1.3314029,296.1252
0.45982528,0.50326836,0.92747265,0.043443084,9.447737
1.812819,1.0437071,1.3910052,0.7691119,42.426292
0.2437483,5.767392,1.0857098,5.523644,2266.126
1.0177406,1.0456158,1.3910029,0.027875185,2.7389283
5.0039,4.1834497,1.2799739,0.8204503,16.396217
1.5784881,1.042976,1.3743552,0.5355121,33.925632
0.50259674,1.0126534,1.3647462,0.5100566,101.48427
0.9132319,1.1226046,1.3900918,0.2093727,22.926563
0.603378,1.0449802,1.391005,0.44160217,73.18831
1.4832518,0.948181,1.3819267,0.53507084,36.074173
0.50790524,0.011091232,1.0789077,0.496814,97.81628
1.4168396,2.5616918,1.0259553,1.1448522,80.80323
4.863977,4.6961355,1.2685103,0.16784143,3.4507036
0.36838374,0.7581841,1.1864588,0.38980034,105.81367
1.3723731,1.030714,1.185225,0.34165907,24.895496
14.840052,13.772973,1.1048828,1.0670786,7.1905313
3.2098536,3.3191113,1.346545,0.1092577,3.4038217
0.21974479,0.0,1.1740375,0.21974479,99.99999
0.99645185,1.1691309,1.1018484,0.17267907,17.329393
0.7162725,0.7919738,1.3055556,0.075701356,10.568793
2.6990705,2.3947206,1.2547667,0.3043499,11.2761
1.5781662,1.0437071,1.3910052,0.5344591,33.86583
0.49613097,1.1243134,1.1691996,0.6281824,126.61625
3.8113472,3.5432422,1.2890829,0.26810503,7.03439
1.1572059,1.602488,1.1134231,0.4452821,38.479073
13.071914,13.021277,0.9751003,0.05063629,0.3873671
1.6820458,1.0413857,1.3910002,0.64066017,38.088154
10.753653,7.6658993,1.1428727,3.0877533,28.71353
3.1141846,1.4218513,1.3908513,1.6923333,54.342743
7.3579493,7.1317415,1.1094654,0.22620773,3.0743313
0.625858,1.3066542,1.3791208,0.6807962,108.77806
0.8791877,0.94102526,1.3895826,0.061837554,7.0334873
16.570532,18.34227,0.99040586,1.771738,10.692101
1.451757,1.2402121,1.3784652,0.21154487,14.571646
0.7448046,1.6518869,1.232492,0.9070823,121.78795
0.94778335,1.0437071,1.3910052,0.09592378,10.120855
0.9308576,1.324256,1.0450125,0.39339834,42.26193
24.892965,14.221642,1.0234425,10.671324,42.86883
0.7165678,0.97819185,1.076793,0.26162404,36.510715
0.23480038,1.042695,1.3910049,0.80789465,344.07724
0.5398342,1.857356,1.0508661,1.3175218,244.06046
0.9714544,0.5507494,1.1618629,0.42070496,43.306713
0.9632186,0.96129346,1.3592392,0.0019251704,0.19986849
16.103716,18.339306,0.9649773,2.23559,13.882447
9.436645,9.937142,1.047006,0.5004978,5.303769
0.6846117,0.32441562,1.1614511,0.36019605,52.61319
1.0119156,1.0436857,1.3910052,0.03177011,3.139601
8.443413,8.166798,1.3379164,0.27661514,3.2761059
0.9181545,0.67749935,1.0543323,0.24065512,26.210743
0.11425612,1.0434282,1.3910052,0.92917204,813.23615
0.7089455,0.3453257,1.0471148,0.3636198,51.290234
21.048382,21.729761,0.9892272,0.6813793,3.2372053
0.94360024,0.29233694,1.0819237,0.6512633,69.01898
1.0597765,1.4294302,1.347155,0.3696537,34.880344
26.237595,17.266064,0.95861393,8.971531,34.19342
0.76658064,1.1549381,1.3888887,0.38835746,50.661007
0.990822,1.8630605,1.1258223,0.87223846,88.0318
0.7625715,1.0684077,1.1613904,0.30583614,40.105896
0.6078876,0.0,1.282103,0.6078876,100.0
0.086427085,0.5015378,1.3271996,0.4151107,480.30164
25.85775,17.961576,0.94361395,7.8961735,30.536972
1.5345683,1.1022894,1.3907609,0.43227887,28.16941
0.93996096,1.0437071,1.3910052,0.103746176,11.037286
0.9471062,0.9282525,1.3043786,0.018853664,1.9906601
22.199858,19.854914,0.9709744,2.344944,10.562879
22.270449,20.084131,0.9874554,2.1863174,9.817123
0.94960135,1.3942844,1.1830071,0.44468302,46.82839
0.5394259,0.24351454,1.0008835,0.29591137,54.85672
0.8281782,6.554714,0.9800547,5.726536,691.46173
1.8293376,1.4451122,1.3300661,0.38422537,21.003525
1.3450695,1.0437092,1.3910052,0.30136037,22.404816
0.9689146,1.1893533,1.3905838,0.22043872,22.751099
23.671144,14.102411,1.020347,9.568733,40.42362
1.4334352,1.0437071,1.3910052,0.38972807,27.1884
0.8448975,1.0437073,1.3910052,0.19880974,23.530634
0.8037418,0.23275661,1.3181437,0.5709852,71.04087
0.9557411,1.6181571,1.369938,0.66241604,69.30915
0.586704,0.96793973,1.1387515,0.38123572,64.979225
3.4684536,3.3816752,1.2108486,0.0867784,2.5019336
2.90517,3.4497101,1.0715321,0.54454017,18.743832
0.6318823,1.0454656,1.3909996,0.41358328,65.45258
8.495769,8.246364,1.288004,0.2494049,2.9356368
0.5785792,0.6125958,1.1021754,0.03401661,5.879335
0.89845896,0.6336894,1.3578717,0.26476955,29.4693
0.17663242,3.5813763,1.0103352,3.404744,1927.5873
0.22341132,1.0077859,1.3890196,0.7843746,351.0899
5.5035963,4.347742,1.2593085,1.1558542,21.001799
27.68073,21.151701,0.96332616,6.52903,23.586912
0.9375188,1.1240399,1.3909994,0.18652111,19.895187
1.7117077,2.3531058,1.1719412,0.6413981,37.471237
1.0393509,0.89396465,1.1069299,0.14538622,13.988175
1.5744644,1.324589,1.1669649,0.24987543,15.870503
4.0916677,5.040607,1.0664604,0.9489393,23.191996
0.9984684,0.8696698,1.1355445,0.1287986,12.899617
0.33189052,0.0,1.3248847,0.33189052,100.0
1.2932647,1.7665867,1.0838151,0.4733219,36.598995
22.965647,15.823206,1.0562468,7.142441,31.100542
0.86287755,0.84755147,1.3667011,0.015326083,1.7761596
6.4660716,6.8366146,1.0349618,0.370543,5.7305737
14.196896,12.24347,1.1030041,1.9534254,13.759525
0.66610897,0.6928214,1.1211239,0.026712418,4.010217
0.603601,1.4135573,1.0676379,0.8099563,134.18738
0.6413869,0.364268,1.0173155,0.27711892,43.2062
0.8158971,0.88094056,1.1351502,0.06504345,7.9720163
19.443586,22.264906,0.9885268,2.8213196,14.510283
0.8755628,0.42364395,1.1494132,0.45191884,51.61467
0.92866856,0.44807374,1.1450245,0.4805948,51.750954
2.9053042,1.0444578,1.3910052,1.8608464,64.049965
0.60856485,1.047686,1.3910047,0.43912113,72.15684
0.77333814,1.0437188,1.3910052,0.27038068,34.9628
0.2667409,1.0423049,1.391004,0.77556396,290.75555
0.9050184,1.0437081,1.3910052,0.1386897,15.324517
11.937755,6.845151,1.1329486,5.0926037,42.659645
0.985753,1.7225926,1.3191692,0.7368396,74.74891
0.4940177,1.0473465,1.3910047,0.55332875,112.00586
5.867825,3.8604505,1.1505135,2.0073745,34.209858
23.410288,28.712679,0.98119545,5.302391,22.649834
19.314016,17.145721,1.0108485,2.168295,11.226536
0.8771192,1.0861121,1.3909037,0.20899296,23.827202
0.20635688,1.9529226,1.1509002,1.7465657,846.3811
2.9230354,2.8300085,1.3798565,0.09302688,3.1825435
6.576692,6.921048,1.0442036,0.34435606,5.236007
8.608054,9.488126,1.1090842,0.88007164,10.223816
1.5605552,0.88617367,1.2354238,0.67438155,43.214207
4.7896643,4.965559,1.294937,0.17589474,3.6723814
1.2141412,0.990775,1.3901583,0.22336626,18.397057
1.1715051,0.8679038,1.3780947,0.30360126,25.91549
0.26049864,1.0723568,1.390748,0.8118582,311.65546
0.4809274,1.0437258,1.3910052,0.56279844,117.02357
0.68318987,1.5965929,1.0252783,0.91340303,133.69681
3.464067,4.7828856,1.3807764,1.3188186,38.071392
0.87315303,1.1009369,1.2864736,0.22778386,26.087505
1.0782067,1.5047197,1.1593162,0.42651308,39.557636
5.1828146,7.4725695,0.96548474,2.2897549,44.179756
1.5707715,1.1667517,1.3881251,0.4040197,25.7211
1.7214665,1.2425063,1.3901758,0.47896028,27.822803
10.799872,6.580044,0.97342587,4.2198286,39.07295
0.11240374,0.0,1.069728,0.11240374,100.0
1.2928965,1.1798875,1.390722,0.113008976,8.74076
10.525661,9.041523,1.0085489,1.4841385,14.100192
12.566016,14.926002,0.99670446,2.3599854,18.780697
0.84137,1.0447414,1.3910052,0.2033714,24.17146
8.848562,7.138253,1.087396,1.710309,19.328665
0.6732134,0.22141314,1.1592665,0.4518003,67.111
1.5186821,0.74332,1.2712748,0.77536213,51.054935
0.60201794,1.5695925,1.0941619,0.96757454,160.72188
1.3851622,0.73508865,1.3627892,0.6500736,46.931225
1.0665418,1.0444165,1.391005,0.022125244,2.0744846
19.928602,12.247463,1.182603,7.681139,38.54329
0.5086957,1.0112034,1.09106,0.5025077,98.783554
25.026173,21.98927,0.9934434,3.0369034,12.13491
1.0165228,10.951677,0.9786885,9.935155,977.3667
0.20755689,0.44929528,1.0931629,0.2417384,116.4685
2.844824,3.0238879,1.3028175,0.1790638,6.2943716
18.1997,17.438017,0.99410295,0.7616825,4.1851377
0.33180812,0.0,1.1224306,0.33180812,100.0
18.027508,18.313065,1.0148667,0.2855568,1.584006
0.5272735,1.6965579,1.3901826,1.1692843,221.76051
1.0715716,1.0437071,1.3910052,0.027864456,2.6003354
16.689941,17.141724,1.2455535,0.45178223,2.7069132
0.23278888,0.0,1.0001397,0.23278888,100.0
18.967836,15.955954,0.968857,3.0118828,15.878896
1.1707877,0.90244377,1.1717813,0.26834393,22.919947
2.2342784,2.445644,1.1240942,0.21136546,9.460122
0.9903433,1.0924847,1.390176,0.10214144,10.313741
2.8561316,1.0608796,1.3910048,1.795252,62.856064
5.4644957,5.5392895,1.337407,0.074793816,1.3687232
6.380181,7.422065,1.285722,1.041884,16.330006
0.5878891,1.1445886,1.3909295,0.5566995,94.69466
2.957778,4.2099247,1.070702,1.2521467,42.334034
0.8578718,1.0657644,1.3594179,0.20789266,24.233534
1.1151866,1.0370396,1.3890914,0.078146935,7.007521
1.4302331,0.9840615,1.3902661,0.44617164,31.195728
0.59517354,1.0438085,1.3910052,0.44863492,75.37884
0.64408827,0.98796487,1.0816516,0.3438766,53.38967
0.93337107,1.0443188,1.3910052,0.11094773,11.886776
0.83187646,0.79822344,1.375779,0.03365302,4.045435
0.6330541,0.022346616,1.1623337,0.61070746,96.47003
0.6253943,1.0437071,1.3910052,0.41831285,66.887856
0.40554214,0.7492242,1.3718584,0.34368205,84.74632
0.24150755,7.138751,0.9645858,6.8972435,2855.9124
0.4048112,1.1085552,1.1060042,0.703744,173.84499
1.1612064,1.0437076,1.3910052,0.117498755,10.11868
1.7019924,2.6193347,1.0782906,0.9173423,53.898144
0.3332059,8.30587,0.9852531,7.9726644,2392.7139
24.292912,14.642633,1.0156746,9.650278,39.724667
15.536009,15.253232,0.96453685,0.28277683,1.8201382
8.935018,7.9901266,0.97526884,0.944891,10.575144
1.3962475,1.4706821,1.387088,0.07443464,5.331049
0.9630643,1.1966238,1.3904843,0.23355949,24.251703
0.4366393,0.7693662,1.0882657,0.3327269,76.201775
7.9502354,5.2767305,1.0418423,2.6735048,33.628
23.037102,25.09985,1.1124448,2.062748,8.954025
0.2678453,1.0432755,1.3910036,0.7754302,289.50674
1.4209286,1.3663368,1.1234412,0.054591775,3.8419788
13.585642,4.3884516,1.049019,9.19719,67.697876
9.826579,10.007471,1.0418079,0.18089199,1.840844
0.3880821,1.1122608,1.1461864,0.72417873,186.6045
0.5953134,1.614287,1.0616635,1.0189736,171.16592
0.9335947,1.0437299,1.3910052,0.1101352,11.796896
1.0507269,1.0444685,1.3910052,0.0062583685,0.5956228
0.4764386,13.189831,1.0264261,12.713392,2668.4219
3.697897,2.5135663,1.1574196,1.1843307,32.02714
0.25617793,5.6180983,1.1298013,5.3619204,2093.0454
0.90318924,1.0470804,1.0633788,0.14389116,15.931451
0.8462123,1.7598815,1.2822319,0.91366917,107.97163
0.7097908,1.0437071,1.3910052,0.3339163,47.044327
8.664677,9.266538,0.9569098,0.601861,6.946145
0.59522516,0.8705013,1.3821852,0.27527612,46.247395
1.0135051,0.8052817,0.9500004,0.2082234,20.54488
0.8552063,1.0441573,1.3910052,0.18895096,22.094196
0.8079743,1.1658432,1.2600603,0.35786897,44.29212
15.060091,14.600163,1.2027076,0.45992756,3.0539494
0.9591613,1.04391,1.3910052,0.084748745,8.835713
1.950689,1.2960325,1.3904288,0.6546564,33.560265
0.4343478,4.4748096,1.2000616,4.040462,930.2366
0.5637511,0.67538893,1.0418117,0.11163783,19.802681
1.877799,1.774707,1.3825755,0.103092074,5.4900484
0.41019204,0.70694554,1.1178178,0.2967535,72.34502
27.891808,24.469664,0.9586649,3.422144,12.269351
15.713241,14.780712,1.0165998,0.9325285,5.934667
0.6434524,0.9881461,1.1933256,0.34469372,53.56942
25.561813,22.860416,0.93616205,2.701397,10.568096
0.56797415,11.001897,1.049924,10.433923,1837.042
7.714643,5.764415,1.006543,1.9502282,25.279566
22.661089,23.554869,0.9877044,0.89377975,3.9441166
0.24853486,7.740362,1.0656148,7.4918275,3014.397
0.6928034,0.0,1.1866927,0.6928034,99.99999
8.651065,9.215239,1.2618833,0.5641737,6.5214367
0.6711985,1.3097639,1.0860585,0.6385654,95.138084
0.32285705,11.306855,1.0190603,10.983998,3402.1243
0.77228427,1.26567,1.3099695,0.49338567,63.886536
1.0318232,1.047328,1.3910052,0.015504837,1.5026642
1.3090407,2.2822256,1.0907452,0.97318494,74.34337
1.1498067,0.91117764,1.1729764,0.2386291,20.753845
5.453901,2.0328798,1.1717111,3.421021,62.726135
0.63502884,1.0437086,1.3910052,0.40867972,64.35609
1.554627,0.8445382,1.2704637,0.71008873,45.675827
1.5975093,1.0519512,1.3907088,0.5455581,34.150543
16.671602,17.862587,0.99049187,1.1909847,7.1437926
0.31563336,0.5626128,1.2966563,0.24697942,78.24883
1.4868435,1.0438025,1.391,0.44304097,29.797419
1.9263585,1.3127949,1.3896608,0.61356354,31.850954
1.282862,1.5273428,1.0627176,0.24448085,19.057457
0.40546447,0.0,0.96115005,0.40546447,100.0
9.285527,9.613434,0.94113195,0.3279066,3.531373
1.2874063,1.1700432,1.2232009,0.117363095,9.116243
4.5112867,7.358094,1.026807,2.8468075,63.104115
0.40540895,1.0437052,1.3910052,0.63829625,157.44504
0.5679573,0.866665,1.381924,0.29870772,52.593346
0.6509426,2.1168299,1.2448145,1.4658873,225.19455
10.543862,10.257069,1.0457983,0.2867937,2.7200062
1.0256001,1.168213,1.1038339,0.14261293,13.905316
1.0852823,1.4833629,1.2288889,0.3980806,36.679913
0.1538865,1.0437044,1.3910052,0.8898179,578.23
0.89159256,3.153509,0.98884296,2.2619164,253.69394
0.6116221,1.022119,1.1225108,0.41049695,67.116104
0.62270296,1.0437071,1.3910052,0.42100418,67.60915
0.8847775,1.5212226,1.3756291,0.6364451,71.93279
0.6637919,2.3163912,0.9950685,1.6525993,248.96347
0.63471323,1.8935585,1.1045463,1.2588453,198.33293
0.61274594,1.0437074,1.3910052,0.43096143,70.33281
0.4303507,0.87735313,1.3827255,0.44700244,103.86935
0.3813872,0.0,1.2251499,0.3813872,100.0
0.31841758,0.8219097,1.3615901,0.5034921,158.12321
3.1889474,4.7498574,1.0235963,1.56091,48.9475
0.9459386,1.0760884,1.0718377,0.13014984,13.758804
1.1275061,1.1421969,1.1882643,0.014690757,1.3029425
0.30260095,6.101001,1.1553391,5.7984,1916.1869
1.5055473,1.0437729,1.3910052,0.46177435,30.671528
1.233357,1.6938736,1.2059734,0.4605167,37.338478
0.64309746,0.98925817,1.2712262,0.3461607,53.8271
23.617147,20.970142,0.97788763,2.647005,11.207979
1.2425035,1.1670015,1.2911602,0.07550204,6.0766053
0.7346378,1.299631,1.3902372,0.5649932,76.90772
0.88982475,1.7050506,1.2499148,0.81522584,91.61645
9.179017,5.342963,0.992273,3.8360538,41.791553
0.39019352,1.0721421,1.3910042,0.6819486,174.7719
0.91110843,2.4189484,1.1295079,1.5078399,165.49512
12.282007,7.6121655,1.1124426,4.669842,38.021812
0.69723165,1.164192,1.1168119,0.4669603,66.97348
0.6381925,0.673262,1.1924839,0.035069525,5.495133
0.40141293,1.0428786,1.3910049,0.64146566,159.80194
0.4301255,0.0,1.1137491,0.4301255,100.0
1.451669,1.1551716,1.226369,0.29649734,20.424583
0.29442236,1.4882212,1.1018616,1.1937988,405.4715
0.98808384,0.56658936,1.2786064,0.42149448,42.657764
0.3083009,0.7680796,1.3575871,0.45977867,149.13309
24.738997,19.616262,0.995409,5.122734,20.707123
1.6535842,1.906582,1.0571208,0.25299776,15.299962
1.0157475,0.8540162,1.2766339,0.16173136,15.922397
0.8527453,2.0608556,1.3615123,1.2081103,141.67307
0.842206,0.15405369,1.2902462,0.6881523,81.70831
0.53907466,1.0437071,1.3910052,0.5046325,93.61087
0.20061862,1.0246103,1.3909363,0.82399166,410.72537
0.9869312,0.874084,1.1466281,0.11284721,11.434152
0.18927605,16.66539,0.98881894,16.476114,8704.807
5.2738423,5.003842,1.2372512,0.27000046,5.1196156
1.4483802,2.353818,1.1657825,0.9054377,62.513813
2.1533124,2.519165,1.2251631,0.3658526,16.990223
11.609526,11.302917,1.1903082,0.30660915,2.6410136
9.589293,9.728657,1.101248,0.13936424,1.4533318
0.97452664,1.5859722,1.225989,0.61144555,62.742825
6.8341937,5.604437,1.3610613,1.2297568,17.994177
0.76192385,0.0,1.1546284,0.76192385,100.0
0.3844844,1.0124792,1.3756386,0.6279948,163.33426
0.9725322,1.4206687,1.126957,0.4481365,46.07935
1.1674918,1.0437825,1.391005,0.12370932,10.596162
0.94432735,1.5346482,1.3626809,0.5903208,62.512306
0.698816,3.2774093,0.9581198,2.5785933,368.99457
0.8172693,0.60321057,1.067586,0.21405876,26.191948
0.77211124,1.6033435,1.3485451,0.83123225,107.65706
0.34125042,0.38209397,1.2583894,0.040843546,11.968789
1.5369959,1.0431314,1.3910034,0.49386454,32.131805
0.6654164,0.9428692,1.3758274,0.27745277,41.696114
0.91580814,1.4666349,1.2211766,0.5508267,60.14652
0.42836392,3.3328407,1.0395918,2.9044766,678.0395
0.5952255,0.9386859,1.1210426,0.34346038,57.702564
9.678691,9.80434,0.98028606,0.12564945,1.298207
0.9396038,1.1534592,1.3438154,0.21385539,22.760166
0.75020003,1.0441611,1.3910052,0.29396105,39.184357
0.5836133,1.0460317,1.391005,0.46241844,79.23371
0.45693055,2.708755,1.0875543,2.2518244,492.81546
0.3522536,6.196289,1.1571674,5.8440356,1659.0422
0.4033598,2.925747,1.0681993,2.522387,625.3442
1.1495801,1.0437073,1.3910052,0.10587287,9.209699
0.4788864,0.7138816,1.1019477,0.23499522,49.071182
3.3580885,4.153553,1.2317485,0.7954645,23.688015
1.7938079,1.9832749,1.1921357,0.18946707,10.5622835
0.9018003,0.79766315,1.3703214,0.10413712,11.547692
0.5408199,1.6441635,1.1207843,1.1033436,204.01314
0.9061757,1.0437071,1.3910052,0.13753146,15.17713
1.8262045,2.3089159,1.3234028,0.48271132,26.43249
1.276516,1.165885,1.1227142,0.11063099,8.6666355
16.066093,18.483341,0.959,2.4172478,15.045648
13.346681,1.457847,1.3885593,11.888834,89.07709
11.92433,12.7053585,1.0587949,0.78102875,6.5498753
6.2320795,6.173318,1.066166,0.058761597,0.9428891
0.71377975,1.8250132,1.3078187,1.1112335,155.68297
4.4614387,4.082406,1.2064352,0.3790326,8.4957485
0.3688542,0.91676235,1.0739422,0.5479082,148.54329
0.5968307,1.4020345,1.2628603,0.8052038,134.91325
10.077663,13.091152,1.0191212,3.0134888,29.902653
0.13245629,7.1851873,1.0177878,7.052731,5324.5728
0.37008694,2.9303834,0.9877957,2.5602965,691.8095
14.519401,12.209681,1.0250429,2.30972,15.907819
20.23153,18.550709,1.1006942,1.6808205,8.307926
1.5413163,0.88757885,1.1537561,0.6537374,42.41423
1.243688,1.0458714,1.3910046,0.19781661,15.905647
0.46695638,3.1184223,1.3026637,2.651466,567.8187
1.0751474,1.0324359,1.390993,0.042711496,3.9726179
0.8966083,1.6655995,1.3367027,0.7689912,85.76668
0.17680787,0.0,0.95539135,0.17680787,100.0
1.0070102,0.65350425,1.3582708,0.35350597,35.104507
0.6262614,0.9416816,1.3510102,0.3154202,50.36558
2.4107087,1.043913,1.3910052,1.3667957,56.696842
0.8927599,2.134146,1.1834108,1.241386,139.05037
0.80282634,0.0,1.0935143,0.80282634,99.99999
0.47045675,0.0,1.111785,0.47045675,100.0
0.82684535,1.8279767,1.3690304,1.0011313,121.07842
0.7257002,1.9550896,1.0367235,1.2293894,169.40735
1.3502929,1.0437605,1.3910052,0.30653238,22.701178
23.246151,20.573776,1.0291107,2.6723747,11.495989
1.7405493,1.9854558,1.3192457,0.24490643,14.07064
2.978189,2.9201603,1.0843152,0.058028698,1.9484558
1.6118813,1.2288561,1.2886429,0.38302517,23.762617
0.2736329,5.5602665,1.0310544,5.2866335,1932.0166
0.57682574,2.7980552,1.2742393,2.2212296,385.0781
1.0378686,7.0330563,1.0440835,5.9951878,577.6442
1.2449592,1.683506,1.1500106,0.43854678,35.225796
0.36460608,8.906165,0.9485597,8.541559,2342.6816
5.6707225,7.132701,0.9730883,1.4619784,25.781168
0.72826445,1.0451665,1.391005,0.31690204,43.514694
16.26929,15.623029,1.0126867,0.64626217,3.9722826
17.670534,14.700989,1.1343697,2.9695454,16.805069
0.9236778,0.4316541,1.2682077,0.4920237,53.26789
0.9239501,1.9846983,1.3706354,1.0607482,114.80579
0.7537211,1.1492013,1.3909937,0.39548016,52.470356
0.83478624,0.95800805,1.0581146,0.123221815,14.760882
0.36541864,0.23711371,1.1445869,0.12830493,35.111763
17.669508,13.50685,1.0948465,4.1626577,23.558424
0.1177643,1.0422323,1.3910047,0.924468,785.0155
1.0288361,0.75585407,1.1245139,0.27298206,26.533094
0.87785727,1.044629,1.3910048,0.16677171,18.99759
1.1845089,0.7916627,1.3737361,0.39284623,33.165325
10.536838,12.668619,1.2146847,2.1317816,20.231703
23.79904,27.652205,0.97464794,3.8531647,16.19042
0.20952544,0.28336978,1.2105501,0.07384434,35.243618
9.254255,7.927903,0.9783085,1.3263521,14.332348
0.33004192,5.160412,1.3112152,4.83037,1463.5625
3.595959,3.9865785,1.1649693,0.39061952,10.862736
2.1372495,1.043708,1.3910052,1.0935415,51.165833
1.146536,0.9860628,1.3728061,0.16047317,13.996348
0.2897765,6.252122,1.0557947,5.9623456,2057.567
0.30354056,1.0437071,1.3910052,0.74016654,243.84436
0.37370193,2.8479202,1.3548822,2.4742184,662.0834
0.48530132,5.6893587,1.2135854,5.204057,1072.3352
1.1063609,1.0510726,1.2836164,0.055288315,4.9973125
0.74132645,1.3149699,1.1445435,0.57364345,77.380684
5.6681805,4.713798,1.0190786,0.9543824,16.837543
0.52075136,1.0441921,1.3909988,0.5234407,100.51643
4.1436443,3.543296,1.3795208,0.60034823,14.488412
0.7949447,1.0437193,1.3910052,0.24877459,31.294577
14.869952,13.919991,1.184989,0.94996166,6.388465
7.3087163,6.0406857,1.1483068,1.2680306,17.349567
1.2031795,1.2999132,1.1542815,0.09673369,8.039838
14.981654,13.311479,1.0432553,1.6701756,11.148138
0.59841573,0.0,1.129098,0.59841573,100.0
1.2846305,2.1800287,1.3404022,0.89539814,69.70083
1.7473474,1.0174516,1.3877974,0.7298957,41.771645
1.4667817,1.8040357,1.3044568,0.33725393,22.99278
1.5258731,1.0437071,1.3910052,0.48216593,31.599348
1.2646585,0.6650978,1.375679,0.5995607,47.4089
8.755323,8.420317,1.1896734,0.3350067,3.8263202
0.7551567,1.2654146,1.390437,0.5102579,67.56981
0.62837744,1.0442978,1.3910052,0.41592038,66.189575
0.25025645,0.0,1.086877,0.25025645,100.0
12.053217,12.057652,1.0432311,0.0044355392,0.03679963
0.17516759,1.0437572,1.3910052,0.86858964,495.86206
0.78100157,1.3231199,1.1521986,0.5421183,69.413216
0.6968032,1.3110702,1.1040134,0.614267,88.15502
1.1344907,1.0489806,1.3909929,0.085510135,7.537315
1.3976262,1.0442507,1.3910052,0.35337543,25.283974
24.560795,13.120138,1.0530912,11.440657,46.58097
1.3339134,0.8454872,1.093459,0.48842627,36.61604
0.7970267,1.4290888,1.2035236,0.63206214,79.302505
1.555163,1.0437074,1.3910052,0.51145566,32.887592
11.826663,9.348291,1.1823007,2.4783716,20.955797
0.74962586,1.7918274,1.1524073,1.0422015,139.02956
0.58214074,1.0041687,1.376719,0.422028,72.49587
0.8740678,0.637504,1.1340561,0.2365638,27.064697
10.799631,7.3112803,1.0646183,3.4883509,32.300648
0.94415826,0.92555225,1.0009454,0.018606007,1.970645
7.8427253,6.6216354,1.034943,1.2210898,15.569714
0.7664152,1.912379,1.1886128,1.1459639,149.5226
1.3968233,1.2907479,1.3865925,0.106075406,7.594046
0.71528167,1.0115759,1.3904188,0.29629427,41.42344
1.2699233,1.0427151,1.3908883,0.22720826,17.891493
0.49627486,1.0662713,1.3909823,0.5699965,114.855
0.5306957,1.1882982,1.3897967,0.65760255,123.9133
0.9070615,0.6155982,1.3650881,0.29146332,32.132694
1.2737578,1.1007423,1.3566931,0.17301548,13.583076
1.0339048,2.0315468,1.3255655,0.99764204,96.492645
0.792285,1.3943989,1.3619823,0.6021139,75.99713
0.8628255,1.7399092,1.3735813,0.87708366,101.6525
0.9024139,1.715684,1.0982255,0.81327015,90.121635
20.266428,16.494019,1.0093815,3.7724094,18.61408
17.903568,18.829205,1.1637648,0.9256363,5.1701217
0.61655647,0.28775668,1.343459,0.32879978,53.328415
12.834354,8.204931,0.937919,4.629423,36.070557
0.32809368,1.0187453,1.3908516,0.69065166,210.5044
15.325009,15.959746,0.97944945,0.634737,4.1418376
12.002235,10.974245,1.0426021,1.0279903,8.564991
13.249349,13.993951,1.0920295,0.7446022,5.6199155
0.9150798,1.0437088,1.3910052,0.12862903,14.056592
0.30810866,2.5813034,1.0241572,2.2731948,737.79
0.42135444,1.5606313,0.9836918,1.1392769,270.38446
0.65416205,10.45931,0.9891065,9.805147,1498.8866
0.66973233,2.0113044,1.3099151,1.341572,200.31467
1.257104,1.0319006,1.3908974,0.2252034,17.91446
0.96998507,1.0621219,1.3909986,0.0921368,9.498786
1.3578243,2.4627955,1.0069067,1.1049712,81.37807
1.0026292,1.4049594,1.337758,0.40233028,40.127525
0.5297479,1.1323196,1.3909988,0.60257167,113.74687
3.622848,4.1917925,1.3014071,0.56894445,15.704343
0.37540412,0.0,1.0249485,0.37540412,100.0
10.746294,10.830055,1.0072217,0.083761215,0.7794428
0.31168398,6.552639,0.96875155,6.240955,2002.3341
0.32529268,0.5010895,1.074876,0.17579684,54.042664
0.9438372,1.043775,1.3910052,0.09993774,10.58845
0.6960584,0.7206361,1.0432466,0.024577737,3.5309877
1.6475217,1.7731235,1.2673607,0.12560177,7.623679
0.3422069,0.0,1.0865262,0.3422069,99.99999
3.8652859,1.3855362,1.3904713,2.4797497,64.154366
0.8148016,1.1099591,1.3907036,0.29515755,36.22447
0.83711654,7.2988443,1.1186925,6.4617276,771.903
0.8991748,2.0572677,1.1563972,1.1580929,128.79507
0.49671653,1.0414631,1.391004,0.54474664,109.66952
1.1137619,1.0052164,1.3897828,0.10854554,9.745848
0.38265756,0.0,1.1676165,0.38265756,100.0
1.0804366,1.8365259,1.0639069,0.7560893,69.97998
1.3186873,1.0293561,1.3908662,0.2893312,21.94085
0.76489437,0.83821726,1.0623,0.07332289,9.586016
3.6402445,2.9239511,1.1368124,0.71629333,19.677067
0.6206063,0.61674166,1.3793918,0.003864646,0.622721
0.919266,0.8677098,1.168117,0.05155617,5.608406
0.7959969,1.7491713,1.086158,0.95317435,119.74599
0.5866302,12.585763,0.992442,11.999133,2045.4338
17.30151,21.389383,0.9925473,4.0878735,23.627264
18.541441,20.922663,1.020363,2.3812218,12.842701
0.7332819,1.0438555,1.3910049,0.31057364,42.35392
1.0441481,0.7606071,1.0920314,0.28354096,27.155243
0.61126757,1.1728404,1.3778963,0.5615728,91.87021
0.9723675,1.2690461,1.1251371,0.29667854,30.510948
9.076415,10.456828,1.2759643,1.380413,15.208792
0.7646885,1.0492601,1.391005,0.28457165,37.21406
1.4818561,0.71790886,1.3351682,0.76394725,51.553402
1.2545822,1.0437095,1.3910052,0.21087265,16.808197
9.152485,8.060234,1.1170541,1.0922508,11.933927
0.67454064,1.2630869,1.1377662,0.5885463,87.25142
19.965458,16.283688,0.97884864,3.6817703,18.4407
0.5509053,4.9348125,1.0636318,4.3839073,795.7643
14.082761,7.8320236,1.1218134,6.250737,44.38574
1.6790457,1.1108568,1.3909974,0.5681889,33.83999
2.0079436,2.2700744,1.0951389,0.26213074,13.054686
0.41600367,0.0,1.1769758,0.41600367,100.0
0.68003273,1.7139473,1.3682259,1.0339146,152.03894
0.6275992,0.0,1.2365994,0.6275992,100.0
0.28726846,0.22565436,1.0966053,0.061614096,21.448263
6.270236,7.9725103,0.9504097,1.7022743,27.148489
0.96544015,1.0175189,1.3864559,0.052078724,5.3942986
2.7241948,4.184889,1.2793322,1.4606941,53.619297
20.402708,21.861795,0.979889,1.4590874,7.1514397
1.6278619,1.9864229,1.0694987,0.35856104,22.026503
0.8305798,1.0437071,1.3910052,0.21312732,25.660063
0.9028486,1.0435077,1.391005,0.1406591,15.579477
0.84642345,1.3097064,1.385003,0.463283,54.734188
4.218379,1.168676,1.3886166,3.0497031,72.295616
4.829894,4.879627,1.0374814,0.049733162,1.0296947
3.2400706,2.972023,1.0652875,0.26804757,8.272893
0.6161184,2.4828155,0.9097034,1.8666971,302.97702
0.2966776,3.6610372,0.96611595,3.3643596,1134.0121
0.54421335,5.48565,0.97976834,4.941437,907.9962
0.83583844,2.0945299,1.2852457,1.2586914,150.59027
0.7876423,1.3726597,1.0604639,0.5850174,74.274506
0.8970189,0.85013074,1.0283252,0.046888173,5.2271104
0.6740111,1.0958042,1.0956514,0.4217931,62.579548
0.39687216,1.9775976,1.1161366,1.5807254,398.29587
15.217876,8.137311,0.9739633,7.0805655,46.527946
2.6582441,4.0716133,1.1512636,1.4133692,53.169273
2.635638,3.4685624,1.0257651,0.83292437,31.60238
1.2184489,1.0437071,1.3910052,0.17474174,14.341328
0.8966436,0.9391961,1.3879428,0.04255253,4.745757
0.8221319,1.5548863,1.3356931,0.73275447,89.12858
1.4922222,0.84682465,1.1848882,0.64539754,43.25077
6.4080095,3.0550172,1.0194625,3.3529923,52.32502
11.159248,11.659755,1.17426,0.5005064,4.4851265
1.140421,1.0623124,1.3908654,0.07810867,6.849108
0.61942476,4.633272,1.099488,4.0138474,647.996
0.32134527,0.0,0.9809783,0.32134527,99.99999
1.6481663,1.0437071,1.3910052,0.60445917,36.674644
21.64442,21.21651,0.99892336,0.42790985,1.9769984
0.4386128,0.5136932,1.3288052,0.075080425,17.1177
0.9773815,1.0536647,1.3909583,0.07628316,7.8048496
2.0471234,2.2719667,1.3741282,0.22484326,10.983376
0.5649077,1.6100975,1.3607807,1.0451899,185.01956
0.50371,0.9443357,1.3888915,0.44062573,87.476074
0.93338513,1.2053745,1.0730032,0.27198935,29.140099
8.491487,8.827189,1.1008321,0.3357029,3.9534054
0.55063283,3.5078492,1.2549932,2.9572163,537.05774
0.5161584,0.0,1.1464237,0.5161584,100.0
0.41369742,4.4443827,0.9518327,4.0306854,974.3076
1.2910202,0.8769755,1.1565369,0.41404468,32.071125
0.43110958,0.74041975,1.3501827,0.30931017,71.74746
0.90549463,1.4072337,1.1899302,0.5017391,55.4105
1.1307073,0.8790671,1.2621384,0.25164014,22.25511
4.1472826,5.246252,1.1169473,1.0989695,26.498543
0.6937027,2.023802,1.2344316,1.3300993,191.7391
0.889189,1.0437073,1.3910052,0.15451825,17.377436
0.23899359,0.0,1.0074027,0.23899359,100.0
29.54854,22.328676,1.0325211,7.219864,24.43391
0.7719488,1.3786025,1.141632,0.6066537,78.587296
12.459172,13.395803,1.2056812,0.9366312,7.5176034
17.722261,17.390276,1.1296414,0.33198547,1.8732681
23.150652,24.740822,0.98989123,1.5901699,6.8687916
0.5785471,1.0437071,1.3910052,0.46516,80.401405
0.38106963,0.66906977,1.3417714,0.28800014,75.576775
1.8481691,1.7152407,1.1010425,0.13292837,7.1924357
0.98367876,2.0402308,1.3244117,1.0565519,107.40823
1.1704096,0.73099077,1.1944588,0.4394188,37.544018
1.062781,3.5344667,1.1111908,2.471686,232.56776
18.12561,10.568819,1.0808177,7.5567913,41.69124
0.7170566,1.4235452,1.070601,0.70648867,98.52621
5.6708274,1.0654584,1.3910046,4.605369,81.211586
0.8915135,2.2457626,1.0577588,1.354249,151.90448
0.9352595,1.5009766,1.3690019,0.56571704,60.48771
1.2741593,1.0437071,1.3910052,0.23045218,18.086607
0.43390268,0.0,1.3167444,0.43390268,99.99999
0.44357473,6.4619074,1.0275767,6.0183325,1356.7799
3.4117475,3.709606,1.1594412,0.29785848,8.730378
0.6456525,1.1063074,1.3627315,0.4606549,71.34719
0.8630861,0.6969323,1.2535175,0.16615379,19.251125
0.7588893,0.19373608,1.1270789,0.56515324,74.4711
0.8129988,2.289266,1.2414417,1.4762673,181.58298
0.8270308,1.1443305,1.3908701,0.31729972,38.366135
0.6484513,0.76054233,1.117826,0.112091005,17.285955
1.0849227,1.0437241,1.3910052,0.04119861,3.7973776
21.299873,20.428324,0.9966605,0.8715496,4.0918064
15.636519,15.862066,1.0097502,0.22554684,1.4424363
0.3581177,0.0,1.2624614,0.3581177,100.00001
0.6175932,1.5622619,1.3720809,0.9446687,152.9597
9.674428,9.012305,1.0875461,0.6621227,6.8440504
0.6342472,0.6363301,1.0653789,0.002082944,0.328412
0.63804346,0.9721248,1.3899276,0.33408135,52.36028
0.66930515,0.63087064,1.0711854,0.038434505,5.742449
25.859877,23.570847,0.98349273,2.28903,8.851667
14.376488,15.190729,1.0963988,0.8142414,5.663702
20.442627,16.222063,1.040411,4.220564,20.645899
25.57056,19.279772,1.0026308,6.2907887,24.601685
0.8551617,1.0776892,1.3747694,0.22252744,26.021679
22.413614,12.22508,0.9865459,10.188535,45.4569
1.3163877,1.5320987,1.3561165,0.215711,16.386587
0.24504681,0.37589407,0.9756747,0.13084726,53.396843
20.257,18.390593,0.9909914,1.8664074,9.213642
1.4006095,1.6853106,1.125014,0.2847011,20.326944
0.9022822,1.7882792,1.11033,0.885997,98.195114
0.98953104,3.1211896,1.2395931,2.1316586,215.4211
0.67318183,2.3808837,1.3353376,1.7077019,253.67616
6.464193,7.0349817,1.3167299,0.57078886,8.83001
9.320161,9.712429,1.1567534,0.39226818,4.208813
14.774901,16.008017,1.0541463,1.2331152,8.346013
8.472225,8.176938,0.999433,0.29528713,3.4853551
2.234928,4.8465915,1.2296488,2.6116636,116.85672
23.289349,26.091814,1.0029452,2.8024654,12.03325
1.0733056,2.084726,1.1425431,1.0114205,94.23416
1.1818984,2.8977022,0.9970131,1.7158039,145.17355
0.8288625,1.0440019,1.3910052,0.21513945,25.955988
22.415789,16.142714,0.97889286,6.273075,27.985073
0.8813172,1.5151511,1.1655191,0.63383394,71.91894
0.786331,1.2125992,1.3841385,0.42626816,54.209763
0.45104516,8.39778,0.9831532,7.9467354,1761.8491
0.24803829,0.6912792,1.3278267,0.44324088,178.69858
0.7905128,1.2442591,1.3886778,0.45374632,57.398987
0.71641064,1.126768,1.384046,0.41035736,57.27963
0.50214165,14.131329,1.0123595,13.629187,2714.2117
0.91385514,1.9211688,1.1091571,1.0073137,110.226845
0.8962837,5.331209,1.2800367,4.4349256,494.8127
0.872996,1.5355208,1.3034819,0.6625248,75.89093
5.7528763,5.1051292,0.99487466,0.64774704,11.259534
0.70093447,1.2491388,1.0296592,0.54820436,78.2105
0.25072572,3.0408278,1.0308329,2.790102,1112.8104
0.92822146,2.2948258,1.3420177,1.3666043,147.22826
1.307652,0.4726128,1.3195772,0.8350392,63.85791
25.89332,13.753286,0.94950175,12.140034,46.88481
0.9870592,1.0489435,1.3910048,0.061884344,6.269568
1.8758336,1.4357347,1.3908303,0.44009888,23.46151
14.856141,14.345074,1.1519333,0.5110674,3.4401085
12.658433,5.079321,1.0869395,7.579112,59.874016
1.0234771,0.8268083,1.0522066,0.1966688,19.21575
1.2871559,2.0319548,1.0710026,0.7447989,57.863922
14.263108,11.485569,0.9414802,2.7775393,19.47359
0.920054,1.3179371,0.98741484,0.39788312,43.245625
1.1983083,1.0232159,1.3906487,0.17509246,14.611637
11.54355,11.163553,1.05684,0.3799963,3.2918496
1.0730714,1.5196693,1.2037399,0.44659793,41.61866
0.7168963,1.3176116,1.3628247,0.6007153,83.79389
0.4083869,1.043282,1.391005,0.63489515,155.46413
0.722315,0.5913591,1.0940601,0.13095593,18.130032
0.47693557,1.2787514,1.3899362,0.8018158,168.11827
0.58498764,1.0437071,1.3910052,0.4587195,78.415245
19.97338,20.102747,1.0094974,0.12936783,0.64770126
0.85816914,0.85585654,1.1694113,0.0023126006,0.26948074
16.756886,9.942145,0.97841007,6.81474,40.668297
0.8769684,1.3132898,1.0668826,0.43632138,49.753376
1.2900565,1.0437012,1.3910052,0.2463553,19.096474
0.90458155,5.444186,1.0742679,4.5396047,501.84583
0.8068013,2.3027482,1.2812805,1.4959469,185.41702
6.7484503,5.877946,1.1003219,0.8705044,12.8993225
0.6633934,1.3224192,1.383437,0.6590258,99.34163
1.8440498,1.7512337,1.0815207,0.092816114,5.033276
19.452309,12.745,1.0527008,6.707309,34.480785
24.725368,27.381739,0.9827827,2.6563702,10.743501
20.140244,7.5027466,0.96382445,12.637497,62.74749
0.4721054,1.0437071,1.3910052,0.57160175,121.07503
1.1093425,1.0437071,1.3910052,0.06563532,5.916597
17.016129,12.554883,0.9752265,4.4612455,26.217747
0.57360435,1.1013814,1.3909873,0.5277771,92.01064
0.88313705,1.1170759,1.1271299,0.23393887,26.48953
1.4987042,0.89336437,1.2460963,0.6053398,40.39088
1.5629035,1.0437082,1.3910052,0.5191953,33.21992
0.89150417,1.0438001,1.3910052,0.15229595,17.083033
0.26309046,0.24558878,1.1414909,0.017501682,6.6523438
14.58942,13.374377,1.0254548,1.2150431,8.328247
12.874581,9.950807,1.2888281,2.9237747,22.70967
1.3948021,1.0266627,1.3908949,0.3681394,26.393663
0.75644094,0.2808674,1.1200472,0.47557354,62.869884
17.306973,15.467081,0.9854178,1.8398914,10.630925
15.737468,15.76748,1.0046804,0.03001213,0.19070496
0.60925275,1.0437092,1.3910052,0.4344564,71.309715
0.9603368,1.0437909,1.3910052,0.08345413,8.69009
0.9083092,1.5108433,1.3589816,0.60253406,66.335785
1.1339177,0.5937603,1.3581325,0.5401574,47.636383
0.1586711,0.77063483,1.334734,0.61196375,385.68066
0.75591695,0.47579914,1.1679165,0.2801178,37.05669
12.813496,11.815114,1.2831726,0.9983816,7.7916417
1.5093871,1.537637,1.0766344,0.02824986,1.8716112
24.085945,18.568586,1.0043846,5.517359,22.906965
1.0961775,1.2082208,1.165529,0.11204338,10.221281
0.7637392,1.0488898,1.3909981,0.28515053,37.336113
1.1008297,1.924928,1.3689396,0.8240982,74.86155
0.54940724,1.0437077,1.3910052,0.49430048,89.96978
0.21678743,0.0,1.1652505,0.21678743,100.0
1.5639738,1.0482801,1.3909136,0.51569366,32.973293
0.6191461,5.355253,1.0939485,4.736107,764.9417
2.317033,1.4226315,1.1203552,0.89440155,38.60116
0.5037298,0.0,1.0085427,0.5037298,100.0
0.49950802,1.0393324,1.3901412,0.53982437,108.07121
1.499516,1.0441289,1.391005,0.45538712,30.36894
0.92758065,0.72548425,0.97177196,0.2020964,21.787476
0.22702797,1.0437057,1.3910052,0.81667775,359.72562
1.5292984,1.038396,1.1258516,0.49090242,32.099842
0.92390984,0.40814352,1.1132796,0.5157663,55.824314
0.8815377,1.0796106,1.3909265,0.19807291,22.469025
0.40659574,1.990227,1.0085727,1.5836313,389.48547
0.38247326,2.232066,1.1312805,1.8495927,483.58746
2.740731,2.8173585,1.3182076,0.07662749,2.795878
0.6936069,0.88929087,1.3830353,0.19568396,28.212515
0.888189,1.0437075,1.3910052,0.15551847,17.509615
0.8752667,1.1874964,1.001915,0.31222975,35.672527
0.7972374,0.29489052,1.3173269,0.5023469,63.010952
2.4065182,2.985677,1.1236385,0.5791588,24.066254
0.59525985,1.2558565,1.364887,0.66059667,110.97619
0.94772726,1.2282135,1.108837,0.2804863,29.595675
1.7567977,2.261865,1.0641372,0.5050672,28.74931
0.9347133,1.5201855,1.1213901,0.58547217,62.63655
1.3390528,1.0561748,1.3910018,0.28287804,21.125235
23.768612,12.294136,0.9547929,11.474476,48.275753
1.2297748,1.0441687,1.3910047,0.18560612,15.092691
0.69205683,0.63022196,1.3617074,0.06183487,8.934941
0.8056836,2.2795255,1.2877525,1.4738419,182.9306
0.86770344,0.76216936,1.1559125,0.10553408,12.162459
0.7039272,1.0467906,1.3910048,0.34286338,48.707222
1.0347685,1.0443712,1.3910012,0.009602785,0.9280129
0.9513804,1.0456492,1.3909853,0.0942688,9.908634
11.509539,10.982043,1.0556996,0.5274954,4.583115
0.8314392,5.6550713,0.97646755,4.8236322,580.15454
0.16652825,0.0,1.1957669,0.16652825,100.00001
4.027192,4.79506,1.160483,0.76786804,19.067083
0.4300141,1.1835577,1.3813643,0.7535436,175.23695
13.907484,9.863572,1.1144912,4.043912,29.077236
22.301474,24.693592,0.99755174,2.3921185,10.72628
0.36694452,1.8642014,1.3598297,1.4972569,408.0336
0.6973716,2.010122,1.0848925,1.3127505,188.2426
5.0498376,6.042591,1.1548098,0.9927535,19.659119
0.44574824,4.0218863,1.3658521,3.576138,802.2775
1.7861158,1.6492455,1.3158734,0.13687027,7.663012
0.61195683,0.7536046,1.0619856,0.14164776,23.14669
5.038689,4.844021,1.2381755,0.1946683,3.863471
0.72406983,1.0437071,1.3910052,0.3196373,44.14454
0.17052303,0.0,1.1656947,0.17052303,100.0
0.37451005,6.5662136,0.9676755,6.191704,1653.2811
1.2264422,1.0438887,1.3910052,0.18255353,14.884804
7.050418,4.8350058,1.0179607,2.2154121,31.422422
26.292793,26.82698,0.946231,0.5341873,2.0316873
0.4526831,0.7560834,1.0790876,0.30340034,67.02268
0.96661365,1.0439404,1.391005,0.077326775,7.99976
1.3335952,0.67111343,1.3643756,0.6624817,49.676373
0.9053843,0.9546312,1.3889613,0.049246907,5.4393373
0.25886586,6.8583803,1.0029254,6.5995145,2549.3955
16.754538,19.881567,0.96574104,3.1270294,18.663776
0.74917054,0.87078345,1.0170008,0.12161291,16.233007
0.30939767,0.0,1.1535975,0.30939767,100.0
0.89619064,0.96267533,1.1104938,0.06648469,7.4185877
1.2287433,1.0437071,1.3910052,0.18503618,15.058978
0.7175014,1.0796232,1.3908404,0.36212182,50.46984
23.961338,21.359564,1.0381151,2.6017742,10.858218
0.36506116,1.4824009,1.0174702,1.1173397,306.06918
0.37898716,0.0,0.9853636,0.37898716,100.0
23.725468,23.641851,1.043317,0.08361626,0.3524325
8.343769,12.250372,1.0196419,3.9066029,46.8206
0.339148,1.44087,1.3880024,1.101722,324.8499
0.288454,3.0344486,1.3833039,2.7459946,951.96967
18.77964,14.853684,0.986052,3.9259558,20.905384
1.8584865,1.5368826,1.3724298,0.3216039,17.304613
0.2551498,0.9497429,1.0143405,0.6945931,272.2295
0.6193536,1.0444859,1.391005,0.42513233,68.6413
1.269238,0.98037094,1.3894025,0.28886706,22.759092
0.51554096,0.0,1.3291265,0.51554096,100.0
1.2133636,1.0431722,1.3910006,0.1701914,14.026414
0.6252394,1.139711,1.3884698,0.51447165,82.28395
0.6323682,0.69930136,1.3657751,0.066933155,10.584522
0.45009536,1.0466212,1.390898,0.59652585,132.53322
2.528361,2.1254275,1.3631841,0.4029336,15.936552
0.7567796,1.0642201,1.3909652,0.30744046,40.624832
1.0210665,0.77632475,1.3165121,0.2447418,23.96923
1.6995941,1.1196815,1.3899895,0.57991266,34.120655
0.6508919,1.0437484,1.3910052,0.39285648,60.35664
18.164745,15.6025305,0.9815531,2.5622149,14.105428
2.966127,3.7305577,1.047989,0.76443076,25.772018
16.915964,16.228813,1.1653504,0.68715096,4.0621448
0.46703422,11.339171,1.0749625,10.872137,2327.9102
0.88357997,2.502251,1.285716,1.618671,183.19463
0.959148,0.64234215,1.2045307,0.31680584,33.029922
0.4790916,1.043707,1.3910052,0.56461537,117.851234
6.6663313,3.3495421,1.3853164,3.3167892,49.75434
0.43014485,0.0,1.0603094,0.43014485,100.0
0.3899741,0.9906079,1.3806366,0.60063386,154.0189
0.8004445,0.58923024,1.1076815,0.21121424,26.38712
0.9114633,1.353168,1.2347174,0.4417047,48.46105
0.5925368,1.0914562,1.2615993,0.49891937,84.20057
5.9176893,4.076274,1.2777232,1.8414154,31.117136
1.3410722,1.0041232,1.3907853,0.336949,25.125343
4.2045426,1.0437093,1.3910052,3.1608334,75.17663
1.0966418,1.0098945,1.1853435,0.08674729,7.9102664
1.0226475,1.0003114,1.3824853,0.022336125,2.1841471
16.40985,15.9176855,1.0187106,0.49216366,2.9991968
0.6840167,0.8610293,1.1495473,0.17701262,25.878405
0.41786066,0.0,1.157484,0.41786066,100.0
0.85435116,2.0168269,1.132609,1.1624757,136.06534
1.0496587,0.9420037,1.1941388,0.10765493,10.256185
0.98133355,1.2723746,1.0972159,0.29104108,29.657711
0.66440517,0.9619596,1.3858831,0.29755443,44.785088
3.463299,2.7081096,1.3310585,0.7551894,21.805492
7.545443,7.4867105,1.1821789,0.05873251,0.77838385
0.7218543,0.518101,1.1315917,0.20375335,28.226381
0.93616587,1.1798694,1.3826894,0.24370354,26.03209
6.9825597,5.151005,1.3317119,1.8315549,26.230421
0.17300178,3.5879948,1.0875113,3.414993,1973.9641
11.043691,1.0462016,1.3910049,9.997489,90.5267
0.8592758,1.0437074,1.3910052,0.18443155,21.463604
26.132435,18.676977,0.96644497,7.4554577,28.529518
14.210318,10.074131,0.95534134,4.1361866,29.106926
1.1800458,1.0438093,1.3910052,0.13623655,11.545022
12.9532175,10.149065,0.9758972,2.8041525,21.64831
0.5606796,1.2743173,1.3681506,0.71363765,127.28082
1.2249414,0.6838007,1.3096728,0.5411407,44.176865
1.4062414,1.0437071,1.3910052,0.36253428,25.780375
0.5203602,1.0437447,1.3910052,0.5233845,100.5812
1.0927047,1.2232656,1.1515874,0.130561,11.948424
16.92912,14.344765,1.0487821,2.5843544,15.265734
0.5415894,1.0474821,1.3910046,0.50589275,93.40891
0.811384,2.541508,1.129748,1.730124,213.23122
8.848664,9.8977165,1.0757655,1.0490522,11.855488
3.5146763,3.8134105,1.3472677,0.2987342,8.499621
0.96845865,2.789495,1.2736654,1.8210363,188.0345
1.0009351,1.0978607,1.391001,0.096925616,9.683507
1.0952091,1.0440081,1.390413,0.051200986,4.6749964
1.9662745,1.7045435,1.1659051,0.26173103,13.311012
5.54182,7.7777395,1.0692625,2.2359195,40.346302
18.575386,18.682224,0.99214417,0.10683823,0.5751602
4.432693,2.897174,1.1589978,1.5355191,34.640774
26.383308,21.710798,0.9996035,4.67251,17.710098
1.5969571,2.6986196,1.3397686,1.1016625,68.98511
0.42043495,1.5649137,1.229695,1.1444788,272.21304
0.31670797,0.512979,1.2352631,0.196271,61.972233
5.376495,5.9186106,1.0466661,0.5421157,10.08307
0.59797716,1.0064121,1.390655,0.408435,68.30277
0.34433162,4.980617,1.1159368,4.6362853,1346.4594
0.4445499,0.0,1.18192,0.4445499,100.0
0.75097924,1.0437104,1.3910052,0.2927311,38.97992
2.3114913,3.1035488,1.3305336,0.7920575,34.266083
1.1415083,1.0437293,1.3910052,0.097779036,8.565775
0.8363866,1.5565443,1.2694148,0.7201577,86.10345
0.7340259,1.0939546,1.3909364,0.35992867,49.034874
0.5265644,2.3486552,1.0062176,1.8220909,346.0338
0.5802083,0.18986529,1.1188531,0.390343,67.27636
0.38806266,1.0356463,1.3909913,0.64758366,166.87607
20.301643,18.298658,1.18481,2.002985,9.866122
1.035682,0.6818797,1.2344142,0.35380226,34.161285
1.3756989,1.0459722,1.391005,0.3297267,23.967941
0.52798325,0.0,1.079258,0.52798325,100.0
0.9547432,1.0437071,1.3910052,0.088963926,9.3181
7.022425,5.4838276,1.0536139,1.5385976,21.909775
2.2017734,3.1152349,1.133382,0.91346145,41.487534
1.2003947,1.8394397,1.0978277,0.639045,53.236237
0.5876452,0.8498436,1.3357261,0.26219845,44.618496
0.31751314,0.0,1.1486393,0.31751314,100.0
0.9923476,4.789591,1.3702009,3.797243,382.65253
1.1148467,0.72816384,1.3629732,0.38668287,34.684845
1.0463873,2.7920828,1.0227354,1.7456955,166.83072
0.9618981,1.11831,1.3908714,0.15641189,16.260754
27.0216,21.085382,0.97081345,5.9362183,21.968418
1.5853616,1.0439125,1.3910052,0.54144907,34.15303
7.501146,7.5178022,1.1846235,0.016656399,0.2220514
0.3480693,1.1727308,1.2168039,0.8246615,236.9245
