y_true,y_pred,y_std,abs_error,rel_error_%
9.992176,7.478912,1.1136185,2.5132642,25.15232
6.8516145,6.1453533,0.9061949,0.70626116,10.307952
41.635715,39.766018,0.9476873,1.8696976,4.49061
9.097072,7.076229,1.1550963,2.0208426,22.21421
39.238155,40.697247,0.9212812,1.4590912,3.7185519
3.8314269,4.625236,0.9647305,0.7938092,20.71837
28.529457,29.35713,1.0819513,0.82767296,2.901117
38.613213,39.02627,0.90596837,0.41305923,1.0697355
10.131597,9.625879,2.092881,0.5057173,4.9914865
36.765923,37.069977,0.899573,0.30405426,0.8270002
20.412897,18.56204,0.98723024,1.8508568,9.067095
9.675321,9.454884,2.1870348,0.22043705,2.2783437
15.875248,12.836227,0.95496446,3.0390205,19.143137
42.469753,41.862152,0.98373336,0.60760117,1.430668
3.9234092,4.357668,1.06226,0.4342587,11.068401
41.886868,41.91392,0.9446204,0.027053833,0.06458786
5.320159,4.071534,1.0304744,1.2486248,23.46969
28.849482,28.00678,1.0100127,0.84270096,2.9210262
25.608797,31.526514,1.3695863,5.917717,23.108143
4.8478656,6.5380545,1.3318319,1.6901889,34.864597
48.99216,41.18032,0.9341523,7.81184,15.945082
19.173351,17.615814,0.981489,1.5575371,8.123447
37.642372,37.683525,0.95643836,0.041152954,0.10932615
35.372566,33.096764,0.9723912,2.2758026,6.433807
30.437775,29.422853,0.97523683,1.0149212,3.3344133
37.73937,37.24437,0.8793846,0.49499893,1.3116249
5.548533,6.498392,1.031772,0.94985914,17.119104
43.04542,42.23056,1.0452088,0.8148613,1.8930266
33.49669,32.27493,0.9526583,1.2217598,3.6474047
44.35025,44.45799,0.9680276,0.107738495,0.24292646
43.00232,41.972942,0.9883606,1.029377,2.393771
8.271277,10.643244,1.0917342,2.3719664,28.677147
7.508695,6.9974556,2.0536232,0.5112395,6.808634
8.790381,7.5113783,0.9561244,1.2790031,14.55003
6.0919805,6.026612,0.9933724,0.06536865,1.073028
39.98744,32.956734,1.2208003,7.0307045,17.582283
10.887459,10.35218,1.4140873,0.5352793,4.916476
6.1824236,6.303498,0.9657677,0.1210742,1.9583614
10.989715,6.952226,1.4703019,4.0374885,36.738792
12.742585,13.577737,1.5051244,0.8351517,6.554021
17.693617,19.679262,1.2687637,1.9856453,11.222383
3.5229325,4.0357275,1.0018386,0.512795,14.555912
39.31496,37.969475,0.9181094,1.3454857,3.422325
2.5711162,1.941019,1.4866189,0.63009715,24.506756
27.618105,26.664753,1.0771679,0.953352,3.4519095
5.8516293,6.3173146,0.9539113,0.46568537,7.9582167
43.82874,43.68083,0.9082477,0.14791107,0.3374751
20.516796,19.479918,0.8777129,1.0368786,5.0538034
3.6593661,4.7603426,0.8914517,1.1009765,30.086535
4.7581162,6.381458,1.1233156,1.6233416,34.117317
12.606079,10.86516,0.9748253,1.7409191,13.810156
11.184996,9.404728,0.9456276,1.7802677,15.91657
40.1181,41.18869,0.90517855,1.070591,2.6685984
40.639847,36.784138,0.90976,3.855709,9.48751
32.795654,33.695187,0.9984777,0.8995323,2.74284
42.74931,42.584705,1.0062077,0.16460419,0.38504526
39.64753,42.35052,1.0937977,2.7029915,6.817553
6.9279604,6.1790752,1.1213671,0.74888515,10.809606
11.391258,8.765909,0.9209916,2.625349,23.04705
5.7227015,4.4792633,1.0550538,1.2434382,21.728168
3.3255205,4.3265123,0.9428856,1.0009918,30.100306
35.603527,36.851566,1.0556498,1.2480392,3.5053809
6.248488,6.3369455,0.9332793,0.088457584,1.4156638
13.488437,13.987518,0.9683829,0.4990816,3.7000701
1.9007152,3.4650078,0.9951603,1.5642926,82.30021
12.86087,10.967506,1.2414199,1.893364,14.721896
18.255224,14.504345,0.97411555,3.7508793,20.54688
40.573303,40.89068,0.9616537,0.31737518,0.7822266
3.677331,4.8594675,1.2655056,1.1821365,32.14659
4.988371,5.0719967,0.90604573,0.08362579,1.676415
8.672948,7.211245,1.2866272,1.4617028,16.853588
42.14898,41.070126,0.86099553,1.0788536,2.5596197
18.695513,19.23702,0.9721388,0.5415077,2.8964581
39.98345,40.76105,0.886652,0.77759933,1.9448029
32.768806,33.82008,1.0339235,1.0512733,3.2081528
5.292082,5.2571554,0.9186341,0.034926414,0.65997493
39.64825,37.829605,0.95064753,1.8186455,4.5869503
8.450759,10.579144,1.0006982,2.1283846,25.18572
4.7503204,4.9824476,0.9869346,0.23212719,4.8865585
22.34785,20.252352,0.95434284,2.095499,9.376736
12.316796,9.172626,1.1401125,3.1441708,25.527506
7.8170056,7.450445,0.91225255,0.36656046,4.689269
22.17574,22.505808,1.0301634,0.3300686,1.488422
10.603712,9.7295685,1.3139594,0.8741436,8.243751
42.855793,43.11122,0.9454567,0.2554283,0.5960182
41.57075,41.343327,0.87419957,0.22742462,0.54707843
1.8345243,2.903832,1.00514,1.0693077,58.28801
4.1077757,4.61637,0.9845914,0.5085945,12.381263
18.365318,20.97714,0.9993281,2.6118221,14.221492
5.0897293,6.5314026,0.98935825,1.4416733,28.325146
17.505976,15.861061,0.90319884,1.6449146,9.396303
19.277147,17.227022,1.0258764,2.0501251,10.635003
38.49028,38.844677,0.94234,0.35439682,0.9207437
40.055004,41.41415,0.9443937,1.3591461,3.3931992
5.642189,5.1311083,0.96896327,0.51108074,9.0582
17.50298,15.964281,0.9013457,1.5386982,8.791064
4.4320793,6.3678436,1.2525785,1.9357643,43.676212
5.8368855,5.950763,1.0073191,0.11387777,1.9510024
14.633358,12.865933,0.9997026,1.7674246,12.0780525
39.506805,40.44368,0.9690984,0.9368744,2.3714254
6.216016,6.0707836,1.0060191,0.1452322,2.3364193
43.470448,44.292957,0.96467763,0.82250977,1.8921125
2.7442157,3.9273627,1.540225,1.183147,43.114212
26.225262,25.387596,1.314499,0.83766556,3.194117
16.279694,14.49564,0.92516625,1.7840538,10.958768
7.9980597,6.647442,0.9997968,1.3506179,16.886818
34.821587,35.431396,0.8975541,0.6098099,1.751241
2.3610213,2.272572,1.2485831,0.08844924,3.746228
37.270924,38.63091,0.91084564,1.3599854,3.6489177
33.978752,34.131313,0.9600381,0.15256119,0.44898996
13.695385,11.626921,0.90595156,2.0684643,15.103368
43.983273,43.236336,1.0605291,0.7469368,1.6982292
6.559124,7.131545,1.5725106,0.5724211,8.727097
17.324457,18.65971,1.2573931,1.3352528,7.707328
8.234799,6.551202,1.0326953,1.6835976,20.444914
7.879447,7.579428,0.9805018,0.3000188,3.8076122
41.832043,41.644962,0.9467862,0.18708038,0.4472179
14.035548,17.396069,0.9414895,3.3605204,23.942923
41.36794,42.466457,0.93487275,1.0985184,2.6554825
19.389124,20.485655,1.0752884,1.0965309,5.6553917
32.567875,31.55921,0.9749221,1.0086651,3.0971167
20.353308,16.582653,1.1413977,3.7706547,18.526005
3.9980984,3.845431,1.5288556,0.15266728,3.8184974
14.387774,13.91996,1.1358043,0.46781445,3.251472
7.75106,8.017253,0.89005405,0.2661929,3.4342775
16.717354,17.762926,1.0231183,1.0455723,6.2544127
19.061806,16.101542,1.1529305,2.9602642,15.52982
3.8625166,2.048963,1.0773469,1.8135536,46.95264
36.519466,28.205418,1.07176,8.314049,22.766075
2.201162,2.7008405,2.0615923,0.49967837,22.700663
3.9887936,6.0875015,0.9644507,2.098708,52.615105
7.9783487,7.967585,1.5255184,0.010763645,0.13491069
32.63244,14.11548,1.16216,18.516958,56.744022
7.040295,5.855175,0.8918945,1.1851201,16.833387
43.583397,44.056206,0.9443571,0.47280884,1.0848371
35.47683,34.647854,0.9762821,0.8289757,2.3366678
21.75229,23.390215,0.97632754,1.6379242,7.529893
43.665745,42.8936,0.91435033,0.7721443,1.7683067
43.652534,41.473137,0.96272737,2.1793976,4.992603
22.501255,20.805603,0.8969964,1.695652,7.535811
6.8541102,6.427811,1.0068243,0.4262991,6.2196126
5.73605,4.838198,0.97825336,0.89785194,15.652791
13.632563,11.044195,1.3327913,2.5883675,18.986652
41.01785,41.113625,0.8829628,0.095775604,0.23349738
43.922188,43.457527,1.0692583,0.46466064,1.0579178
42.813118,43.02512,0.9931388,0.2120018,0.49517953
9.236039,7.5804906,0.87877107,1.6555486,17.924875
44.696487,44.04624,0.9633332,0.65024567,1.4548026
29.377592,29.94299,0.9262549,0.56539726,1.9245868
32.3407,30.092104,0.9870433,2.2485943,6.9528317
10.24885,7.343946,0.9917462,2.904904,28.343706
16.171642,11.90814,0.969026,4.263502,26.364065
43.127457,42.73893,0.9136737,0.38852692,0.90088063
5.728299,6.2522593,1.5934795,0.5239601,9.146871
9.328416,7.2709737,1.4749703,2.0574422,22.055643
12.522617,7.6228013,1.0490217,4.899816,39.12773
34.444202,33.2842,1.0920842,1.1600037,3.3677762
7.7610064,7.991707,1.2638848,0.2307005,2.972559
45.842678,39.36355,0.9947337,6.47913,14.133401
42.47381,40.842445,0.96538866,1.6313629,3.840868
8.357184,9.980635,1.83242,1.6234503,19.425804
4.2715726,6.293443,1.0887322,2.0218706,47.333168
43.93618,43.55353,0.8987566,0.38264847,0.8709188
40.646873,39.621387,0.9454179,1.025486,2.522915
49.883606,48.64721,0.9940288,1.2363968,2.4785633
16.009222,14.756481,0.9822927,1.2527409,7.82512
5.6026807,4.14684,0.91319895,1.4558406,25.984715
7.0566072,7.067418,1.4392762,0.010810852,0.15320183
18.039854,18.215244,1.0339912,0.17539024,0.9722376
4.204779,3.7233024,1.1992215,0.48147678,11.450704
18.10475,18.578527,0.9354617,0.47377777,2.61687
9.555922,10.361919,2.299941,0.80599785,8.434538
3.3365946,2.6800437,1.0431522,0.6565509,19.677275
39.989456,40.48468,0.93523103,0.495224,1.2383864
5.5498667,5.7447186,0.9504727,0.19485188,3.5109289
2.466795,4.3719883,0.9857775,1.9051933,77.23355
1.4359409,2.6258483,1.3658512,1.1899074,82.86605
7.886844,8.766513,1.5235775,0.8796687,11.153622
11.428586,13.259254,0.8959033,1.8306684,16.01833
10.574415,11.239506,1.0003349,0.66509056,6.2896204
5.618967,4.9057703,1.0079993,0.71319675,12.692666
28.468573,27.208094,1.0758891,1.260479,4.4276156
12.218603,16.31189,1.0320793,4.0932865,33.500446
7.7554255,8.062468,0.94211227,0.30704212,3.9590623
11.495418,11.959766,2.3160203,0.4643488,4.0394254
12.098265,9.104405,0.87663466,2.9938593,24.746187
38.547512,38.610603,0.9022642,0.06309128,0.16367146
6.492321,5.314444,1.1997596,1.177877,18.142618
40.844032,40.45828,0.97322863,0.38575363,0.9444553
12.038343,12.462502,2.303267,0.4241581,3.5233924
4.12823,5.1079845,1.2609774,0.97975445,23.73304
12.186786,9.564822,2.3546448,2.6219635,21.514807
6.548098,6.075652,0.96262383,0.47244596,7.2150106
6.1413875,4.5690413,0.8956403,1.5723462,25.602459
28.972124,28.940765,1.5003974,0.03135872,0.10823756
33.979603,33.3662,1.3214484,0.6134033,1.8052104
9.21409,10.044945,0.9906226,0.8308544,9.017216
11.158545,8.442549,1.243873,2.7159958,24.340054
8.571145,8.170953,2.043598,0.40019226,4.669064
9.1235695,7.6521993,0.9830899,1.4713702,16.127134
18.700935,19.006126,0.8941025,0.30519104,1.631956
19.89723,19.584328,0.9086975,0.31290245,1.572593
7.2676415,6.036929,0.9875335,1.2307124,16.934137
41.44139,42.156578,0.90522915,0.7151871,1.7257797
35.043217,28.544905,1.1971624,6.498312,18.543709
6.946713,7.3642282,0.89084387,0.41751528,6.0102563
11.938388,11.598241,2.1228344,0.34014702,2.8491871
36.00447,30.44612,1.3238668,5.5583515,15.437948
38.616188,39.699177,1.052296,1.0829887,2.8044941
38.6732,38.667202,0.9854386,0.005996704,0.015506098
43.368233,42.833973,0.9211355,0.5342598,1.2319151
40.425102,41.179707,0.9163135,0.75460434,1.8666726
8.318199,7.0132666,0.90812534,1.3049326,15.687681
2.0263834,2.9618375,1.3006793,0.93545413,46.163727
10.014907,7.9709916,0.9405584,2.0439153,20.40873
8.768762,1.8784909,1.3387609,6.8902707,78.57747
1.1700151,0.3169012,1.2598339,0.8531139,72.91477
27.028278,26.051212,0.87330484,0.97706604,3.614977
40.16432,39.65834,0.9227869,0.50598145,1.2597784
2.1776462,3.49716,1.8066205,1.3195138,60.593582
1.6270903,2.419166,2.271676,0.79207575,48.6805
3.4404824,1.3813295,0.9098373,2.0591528,59.8507
5.093523,6.6914854,1.343288,1.5979624,31.372438
6.1099896,4.8702383,0.94332695,1.2397513,20.290564
42.227177,41.55526,0.94736624,0.67191696,1.5911956
41.766727,42.233925,0.9384518,0.46719742,1.1185876
40.257637,41.51758,0.9939384,1.2599411,3.1296947
43.563988,42.86602,0.9463903,0.6979675,1.6021663
33.023693,30.05704,1.1582253,2.9666538,8.98341
41.988434,43.358273,0.94323826,1.3698387,3.2624192
7.604699,6.744324,1.0787082,0.8603749,11.313727
3.3487031,5.012621,0.94697887,1.6639178,49.688423
39.107002,38.43426,1.0413551,0.67274094,1.7202569
42.65801,42.15545,1.0817498,0.50255966,1.1781132
6.5992417,6.9754667,0.9551634,0.376225,5.7010336
8.211973,7.3803988,1.9719542,0.83157444,10.126366
7.5509343,7.4560366,1.0009449,0.09489775,1.2567682
6.0878606,6.1558013,1.2030064,0.06794071,1.116003
2.2535498,4.5457363,1.2248367,2.2921865,101.71448
22.073954,22.660254,0.99717426,0.5862999,2.6560712
7.892087,9.224697,2.1147952,1.3326101,16.885397
7.2722225,3.9708056,0.96862316,3.3014169,45.397633
41.6381,42.270508,0.9558805,0.63240814,1.5188209
3.7811148,5.776634,1.4525968,1.9955194,52.775955
8.622291,6.076432,2.2842906,2.5458584,29.526474
10.215521,10.708094,0.9640801,0.49257278,4.821808
5.578058,5.4060683,0.971737,0.17198944,3.0833213
44.0168,42.986256,0.9086201,1.0305443,2.341252
11.147072,8.341144,0.9067268,2.8059282,25.171886
6.3500137,6.182312,0.92878324,0.16770172,2.6409662
7.2912455,6.3405795,0.906518,0.95066595,13.038458
38.532574,39.479458,0.9501147,0.94688416,2.4573603
37.876236,38.4263,0.9071963,0.5500641,1.452267
1.4448911,6.399877,0.9142896,4.954986,342.93146
2.8407128,2.7403421,1.1594727,0.100370646,3.5332909
41.214462,41.43709,0.9706058,0.22262955,0.54017335
7.486672,5.7984567,1.0200292,1.6882153,22.54961
12.215594,11.259621,2.2907314,0.9559736,7.8258467
22.596382,20.56143,0.9525572,2.0349522,9.005654
40.406395,39.565113,0.93700695,0.8412819,2.0820513
44.557415,44.6455,0.9490391,0.088085175,0.19768915
21.973385,19.56744,0.91996145,2.4059448,10.949359
12.231802,9.1307955,0.8847052,3.1010065,25.352001
0.6310746,3.4652956,1.9947932,2.834221,449.11026
36.839413,37.603416,1.0501134,0.76400375,2.0738761
3.9619706,4.66819,0.9816262,0.70621943,17.824953
10.731335,9.64683,2.270148,1.0845051,10.105967
35.635822,34.183155,1.0007726,1.4526672,4.076424
18.374025,17.158997,0.91267246,1.2150288,6.612752
42.345062,43.01252,1.0959439,0.6674576,1.5762347
40.12906,40.93535,0.8805231,0.8062897,2.0092413
40.026314,39.563805,0.9038625,0.46250916,1.1555127
42.16531,41.10081,0.92844844,1.0644989,2.5245845
28.553698,27.292223,0.93639076,1.2614746,4.417903
11.057892,14.057404,0.99048877,2.9995117,27.12553
9.797531,9.585687,1.5539751,0.21184444,2.1622226
42.115948,40.43705,1.1164571,1.6788979,3.9863708
43.79254,41.80759,0.894892,1.984951,4.5326233
36.942932,36.816944,1.0164361,0.125988,0.3410341
3.421696,4.452715,0.9710149,1.031019,30.131811
12.991901,14.0625515,0.970566,1.0706501,8.240904
44.34148,44.19861,0.8969488,0.14287186,0.32220814
42.421505,42.607727,0.93377703,0.18622208,0.43898037
35.50698,36.12896,1.0031495,0.62197876,1.7517084
23.62704,19.685032,1.1621231,3.942009,16.68431
2.4033544,5.4193068,0.90729904,3.0159523,125.489296
2.3107026,3.394231,1.8095994,1.0835285,46.891735
49.79179,51.29908,1.0835501,1.5072899,3.0271857
10.115463,8.950378,0.995681,1.1650848,11.517859
9.077948,9.363396,1.0421224,0.28544807,3.144412
4.3107886,4.6698875,1.0088791,0.3590989,8.330236
35.605858,37.145496,1.0746208,1.5396385,4.3241158
34.53533,34.318504,0.9764723,0.2168274,0.6278422
8.5412,7.7398205,1.1217315,0.8013792,9.382514
10.648478,10.619957,2.2436109,0.028520584,0.2678372
42.388435,42.47069,1.002309,0.08225632,0.19405368
11.1455965,10.825047,0.97148085,0.32054996,2.8760235
40.18012,41.36875,0.98487717,1.188633,2.9582615
13.35791,12.012936,0.8992234,1.3449745,10.068749
10.503583,11.771914,1.7498169,1.2683306,12.075218
9.453442,8.3325815,1.0420866,1.1208601,11.856636
3.3568504,6.2295995,0.8995661,2.872749,85.578705
42.282516,42.306896,0.93485415,0.02437973,0.057659127
22.878351,23.535816,1.3154373,0.657465,2.8737428
6.365513,5.0713434,1.1814226,1.2941694,20.330954
8.185037,8.0670805,1.7942368,0.11795616,1.4411196
24.64571,23.298948,0.90646404,1.3467617,5.4644876
38.87289,39.22596,0.97228134,0.3530693,0.9082661
16.684887,12.610652,0.941527,4.074235,24.418715
7.847361,7.1434336,0.9883871,0.7039275,8.970245
7.1080546,6.953458,0.8889073,0.1545968,2.1749525
1.439664,0.5972948,1.095103,0.8423692,58.511517
9.999205,7.2499137,1.1276618,2.749291,27.495098
6.74903,4.270347,1.0719658,2.478683,36.726505
49.794067,48.323685,1.0146657,1.4703827,2.9529274
3.882839,4.106977,1.0515854,0.22413802,5.7725296
2.0896733,1.8079066,1.0009627,0.28176665,13.483767
43.851376,43.922237,0.9184672,0.07086182,0.16159542
44.359222,42.22161,0.9874804,2.1376114,4.818866
4.9583216,4.9251814,0.9937414,0.033140182,0.668375
7.6355486,7.696284,0.9612646,0.060735226,0.79542714
12.412164,11.250192,0.89952904,1.161972,9.361559
22.392153,25.818052,1.0233343,3.4258995,15.299555
4.98303,5.3108883,0.9394153,0.32785845,6.5794997
49.992996,56.460224,1.3878881,6.467228,12.936268
44.812603,45.036594,1.0600829,0.2239914,0.49984017
2.4196146,4.6107473,1.3926105,2.1911328,90.5571
33.591286,33.35643,1.0348428,0.23485565,0.69915646
6.757842,4.592628,0.9158922,2.165214,32.040024
6.98801,5.9419985,1.0926361,1.0460114,14.968659
10.69262,8.563324,1.8024049,2.1292963,19.9137
8.087969,7.471176,1.5729992,0.6167927,7.6260514
32.504604,32.81974,0.8909006,0.31513596,0.96951175
41.88138,41.735214,0.9269203,0.14616394,0.34899506
11.2083435,7.9107366,1.3031807,3.297607,29.421001
42.67776,46.497944,1.1174152,3.8201828,8.951226
44.23956,44.576866,1.0097609,0.33730698,0.7624556
42.558075,42.99299,1.2248595,0.43491364,1.0219297
6.710848,8.9261465,1.034256,2.2152987,33.01071
12.368718,9.879171,2.304372,2.4895468,20.127768
39.3094,40.382584,0.998162,1.073185,2.7300975
16.757067,16.306032,1.0312102,0.45103455,2.691608
38.15237,38.462963,1.0773772,0.31059265,0.8140848
40.797295,38.921917,0.9328891,1.8753777,4.5968184
5.814035,5.705104,0.9324333,0.108931065,1.8735881
2.5901136,3.1907606,1.2999505,0.600647,23.189985
22.488298,20.774202,1.0836818,1.7140961,7.622169
21.873741,23.27362,1.0095226,1.3998795,6.3998175
23.421837,22.285936,0.8690363,1.1359005,4.84975
40.551983,40.953987,1.0779314,0.40200424,0.9913307
41.585346,41.089268,0.9442339,0.4960785,1.1929166
43.45628,41.928528,0.9419009,1.5277519,3.5156069
8.279878,8.388798,1.130558,0.1089201,1.3154795
23.613695,23.427681,1.1035122,0.18601418,0.7877385
29.934492,31.790478,1.1043725,1.8559856,6.2001576
39.85872,38.946083,0.9248704,0.9126358,2.2896767
6.7673435,6.3209248,0.94194347,0.44641876,6.5966616
18.16157,16.982944,0.99697125,1.1786251,6.4896655
12.714267,9.870655,0.8896704,2.8436117,22.365519
12.368012,11.083866,1.0270818,1.2841463,10.382802
44.16594,41.473927,0.9375518,2.6920128,6.095224
13.026552,10.263442,0.91553056,2.7631102,21.211369
9.644652,9.935525,1.0531486,0.29087257,3.015895
9.76078,8.98115,0.9337183,0.77963066,7.9873805
17.627089,21.844463,1.2999791,4.217375,23.925533
2.2620249,3.816678,1.13899,1.5546532,68.728386
10.475793,11.726664,1.9452423,1.2508707,11.940582
41.197132,39.679813,0.8825507,1.5173187,3.6830688
20.92108,20.208187,0.96574324,0.71289253,3.4075322
49.991837,49.745476,1.3809589,0.24636078,0.49280202
3.6270297,3.0042014,1.5361352,0.62282825,17.171854
17.880243,15.905001,1.0675478,1.9752426,11.047068
41.627613,42.560257,0.9349457,0.9326439,2.2404454
3.8708887,4.050409,0.8952673,0.17952013,4.637698
28.03196,28.144766,1.2939152,0.11280632,0.4024204
12.100093,12.070913,2.0018947,0.029179573,0.24115165
35.357044,37.425617,0.9557244,2.068573,5.850526
6.8463483,6.135408,1.326666,0.71094036,10.384228
6.176762,7.4587793,1.4269744,1.2820172,20.75549
40.40505,36.16241,1.8526394,4.2426376,10.500266
10.222305,9.27775,2.2457078,0.9445553,9.24014
15.522327,16.386469,1.1395756,0.86414146,5.567087
41.9385,42.517063,0.89339024,0.5785637,1.3795527
39.598316,37.708435,1.0719417,1.8898811,4.77263
1.7113223,1.7128301,2.1277103,0.0015077591,0.08810492
5.6652617,3.7770042,2.0647693,1.8882575,33.330452
8.553049,9.656042,1.4754635,1.102993,12.895905
9.6599045,10.433709,0.97847146,0.77380466,8.010479
18.18142,21.00424,0.9008337,2.8228207,15.525855
19.01045,18.48831,0.9264611,0.5221405,2.7465973
43.90774,43.453285,0.96222895,0.45445633,1.0350255
41.571842,42.53155,1.2223408,0.95970917,2.3085558
36.79202,37.732346,0.90490115,0.9403267,2.55579
32.654667,33.495472,1.0902792,0.84080505,2.5748389
38.98766,39.27043,0.9512242,0.28277206,0.72528607
5.098839,3.5799432,1.3745123,1.5188956,29.78905
7.6954756,8.038107,0.8874777,0.34263134,4.452374
37.263985,37.720104,0.89046776,0.45611954,1.2240224
39.617393,39.87709,0.8929114,0.25969696,0.6555125
22.743017,22.966463,0.97137016,0.22344589,0.9824813
7.183455,6.798252,1.4168702,0.38520288,5.362362
3.8086615,7.3099318,1.4256347,3.5012703,91.92915
9.977575,9.253429,0.91947204,0.7241459,7.2577343
43.0191,43.336628,0.96899134,0.31752777,0.7381088
28.172018,26.217836,0.9060673,1.9541817,6.936605
47.487614,48.30402,1.067079,0.81640625,1.7191983
24.987558,23.280346,0.91170144,1.7072124,6.83225
16.56758,16.571257,0.9436107,0.0036773682,0.02219617
37.24375,38.386963,0.8696257,1.1432114,3.0695386
36.011124,37.04446,0.86480874,1.0333366,2.869493
39.577717,40.948723,0.93716574,1.371006,3.4640856
33.112526,33.458214,1.3935636,0.34568787,1.0439792
14.6787615,13.152868,1.5752407,1.5258932,10.395246
31.88007,36.424488,1.0634922,4.5444183,14.254731
6.7247386,7.0846744,1.0842401,0.35993576,5.3524127
17.844143,19.448456,0.8812522,1.6043129,8.990698
11.443239,10.176428,0.9984707,1.2668114,11.070392
31.48455,30.225761,0.91238374,1.2587891,3.9981167
31.990274,30.505657,0.9633272,1.4846172,4.6408396
0.70643926,1.748282,1.6841706,1.0418427,147.47803
44.890484,44.03202,0.92371917,0.8584633,1.9123503
40.471638,41.186913,1.1096599,0.7152748,1.7673483
38.896824,39.276012,1.0521505,0.37918854,0.97485733
11.379663,11.482689,1.0066265,0.10302544,0.90534693
3.5483828,3.9348173,0.9913884,0.38643456,10.890442
11.626884,14.3843,1.015272,2.7574158,23.71586
2.7026176,5.1809363,0.99400747,2.4783187,91.700676
9.90653,10.429546,1.3594003,0.523016,5.279507
35.906136,34.114807,1.1378367,1.7913284,4.98892
8.746492,7.350045,2.3364234,1.3964472,15.965796
25.01382,23.485443,1.0531435,1.5283775,6.110132
42.682964,41.47294,0.9526526,1.2100258,2.8349152
40.36465,41.23252,0.9261144,0.86787033,2.1500752
9.607752,9.042575,0.9620193,0.56517696,5.88251
4.481925,4.779298,1.114073,0.29737282,6.6349354
9.506248,8.011309,1.0195314,1.4949398,15.725865
40.40872,41.81,0.99011606,1.4012833,3.4677746
2.9593725,2.696015,1.8402958,0.26335764,8.899104
19.333689,17.81973,0.9340221,1.513958,7.830673
2.8018167,6.195996,1.3277452,3.394179,121.14208
41.153175,37.726936,0.9578858,3.426239,8.325576
2.02609,5.19024,1.3129171,3.16415,156.17027
36.831543,37.281506,0.93093985,0.44996262,1.2216773
44.057537,42.502293,0.9121284,1.5552444,3.5300305
31.574371,31.438618,1.0213639,0.13575363,0.4299488
13.828781,11.79737,0.9054219,2.0314112,14.6897335
4.8498316,3.7236938,1.049234,1.1261377,23.22014
12.170677,13.524916,2.250473,1.3542385,11.12706
1.0751103,1.9730873,1.815156,0.897977,83.52417
37.56732,38.75685,1.0368146,1.1895294,3.166394
16.6452,15.1166725,0.92278767,1.5285282,9.182996
22.778872,20.398592,0.9885533,2.3802795,10.449506
26.520782,29.31264,0.9586384,2.7918568,10.527053
7.502602,6.7805014,1.2168621,0.72210073,9.624671
35.11087,35.899307,0.9286418,0.7884369,2.2455635
42.14934,43.059055,0.88326764,0.90971375,2.1583107
16.250177,14.921318,1.1349088,1.3288593,8.177506
5.604864,7.8674335,2.367713,2.2625694,40.36796
4.0741796,9.709308,1.3774554,5.635128,138.3132
13.384936,11.063253,1.1914966,2.321683,17.345491
27.102316,26.676638,0.9605493,0.42567825,1.5706342
7.622179,5.4135475,1.0798514,2.2086315,28.976381
3.9186876,6.0899315,1.2257386,2.171244,55.407425
44.45766,45.58693,1.2312137,1.1292686,2.5400991
27.34351,26.818075,0.9588185,0.5254345,1.921606
9.043744,5.128714,1.0210017,3.91503,43.289925
36.485577,37.56729,0.94963104,1.0817146,2.9647732
49.973446,49.34809,1.1472691,0.62535477,1.2513741
43.281708,43.80589,0.99631625,0.52418137,1.2110921
9.385975,6.987385,1.3824518,2.39859,25.555044
26.234959,25.274227,1.3745303,0.9607315,3.6620278
24.949099,25.212217,1.018607,0.26311874,1.0546223
3.9161549,3.6137662,0.8915229,0.30238867,7.721571
27.940205,26.263193,1.3199911,1.6770115,6.0021443
30.287386,27.003489,0.9994903,3.2838974,10.842459
2.1469781,2.2371383,1.0279485,0.09016013,4.1993966
41.989998,41.13294,0.9062326,0.8570595,2.0411038
8.185638,6.8147364,1.066531,1.3709021,16.74765
2.394748,3.167874,1.1778902,0.7731261,32.284237
8.612202,6.3499594,0.92227983,2.2622423,26.267874
10.965588,8.084303,0.88649064,2.8812847,26.2757
2.6996238,2.2004466,1.5782342,0.49917722,18.490622
8.2129545,7.771058,0.91981894,0.44189644,5.380481
41.959454,42.228897,0.9229804,0.2694435,0.6421521
35.991364,34.046337,0.935611,1.9450264,5.4041476
2.2685764,5.42196,0.94515556,3.1533835,139.00275
9.809256,7.6740627,1.1152899,2.1351929,21.767124
7.6090007,8.012522,0.9441745,0.40352106,5.303207
37.071735,37.6634,0.8970905,0.59166336,1.5959959
39.865757,40.12851,0.94927996,0.26275253,0.6590933
11.734579,13.451576,1.1287638,1.7169971,14.631945
5.546782,5.8069067,1.0651637,0.26012468,4.6896505
6.359294,5.018496,1.0704886,1.3407979,21.084068
41.012863,40.8996,1.0578313,0.11326218,0.27616256
43.08292,41.119633,0.9345057,1.9632874,4.556997
27.485523,26.154177,0.92695117,1.3313465,4.8438096
11.193504,9.338999,0.9871947,1.8545055,16.567694
26.260353,37.63822,1.1004823,11.377869,43.32717
7.4015126,6.3986692,0.9850805,1.0028434,13.549169
30.907476,31.385115,0.99260163,0.47763824,1.545381
4.7594767,4.4391165,2.0923772,0.32036018,6.730996
23.927656,24.04352,1.5791677,0.1158638,0.48422545
8.709501,10.695751,0.9593984,1.9862499,22.805553
0.9796537,1.3832841,2.1665375,0.40363038,41.201332
43.6309,42.835373,1.1286154,0.7955284,1.8233142
44.510696,43.436733,1.0831603,1.0739632,2.4128203
9.877297,10.225838,0.90474546,0.3485403,3.528701
13.574566,10.9730835,0.8930462,2.6014824,19.164389
23.639507,24.093338,1.037255,0.45383072,1.9197977
41.03087,41.74412,0.90842277,0.713253,1.7383327
40.725082,40.42927,0.923279,0.2958107,0.72635996
13.472844,11.640085,2.3295112,1.8327589,13.603356
3.954097,6.2062893,1.6058587,2.2521923,56.958447
42.552597,40.904583,0.9631661,1.6480141,3.8728871
6.1652327,7.234381,1.0934486,1.0691485,17.341578
41.297916,42.1947,0.93054485,0.8967819,2.1714942
10.037456,7.016647,1.3275989,3.0208087,30.095364
40.706142,40.525066,0.9622763,0.18107605,0.44483715
6.5320883,11.013563,1.438224,4.481475,68.60708
12.969423,11.753336,0.92467445,1.2160873,9.376573
38.305805,38.31112,1.101411,0.0053138733,0.01387224
10.039385,8.450869,0.92219687,1.5885162,15.8228445
2.3397129,2.1921725,1.253975,0.14754033,6.3059163
41.510445,41.668858,0.8970878,0.15841293,0.38162187
39.946026,41.086723,0.87626225,1.1406975,2.855597
7.9670186,7.703908,1.0627702,0.26311064,3.302498
38.908615,38.37271,0.87254965,0.53590393,1.3773401
37.137466,35.025528,0.9605439,2.1119385,5.6868134
9.889919,9.314251,0.92042214,0.57566833,5.820759
7.6114597,7.028058,1.4409946,0.5834017,7.6647806
6.9988666,5.8714333,0.92969567,1.1274333,16.108799
41.18065,42.19492,0.95910114,1.0142708,2.462979
41.307224,30.088163,1.4702,11.219061,27.160046
44.467026,44.064503,0.9666508,0.40252304,0.90521693
19.46683,16.353758,1.179487,3.1130714,15.991671
31.17882,33.0009,1.3057358,1.8220806,5.8439693
6.4569745,5.9967513,0.876324,0.4602232,7.1275363
10.678323,9.450032,0.9785709,1.2282906,11.502654
5.189004,4.850094,0.9760963,0.3389101,6.5313134
37.244755,38.13222,0.96452737,0.88746643,2.3827958
8.315034,9.41765,1.2650454,1.1026163,13.260514
40.549065,41.35903,1.0739886,0.80996704,1.9974988
33.0684,31.369743,1.0292859,1.698658,5.1368012
6.8848457,6.7488446,1.4585867,0.13600111,1.975369
14.433915,13.142378,0.9479902,1.2915373,8.947935
25.948143,23.105686,1.0328197,2.8424568,10.954374
44.082783,43.661797,1.0087398,0.42098618,0.95499
39.972588,40.940697,0.9483887,0.96810913,2.4219327
9.912673,9.664212,2.299897,0.24846077,2.5064962
43.418827,42.003967,0.9575761,1.4148598,3.258632
22.451859,22.381731,1.1235172,0.07012749,0.312346
7.0240006,5.8289223,0.95651037,1.1950784,17.014212
7.4429693,7.045216,1.3922533,0.39775324,5.3440127
39.9089,40.09928,0.9364816,0.1903801,0.47703668
0.59261805,1.2996302,2.094094,0.7070121,119.30317
44.071213,43.072834,0.992598,0.99837875,2.265376
19.452206,17.537647,2.2006924,1.9145584,9.842372
13.942829,12.79402,1.1566927,1.1488094,8.2394285
37.016697,34.849808,0.9670372,2.1668892,5.8538156
40.18728,40.931896,0.9147969,0.74461746,1.8528686
37.58755,34.949814,1.0224847,2.6377373,7.0175824
12.373117,11.154186,2.3294077,1.2189312,9.851448
8.553046,7.471977,1.4514887,1.081069,12.639579
12.09902,13.856948,2.2731698,1.7579279,14.529506
9.347109,7.134021,1.043898,2.213088,23.676712
1.1511618,2.7584348,2.0131538,1.607273,139.62181
5.0884986,6.2312255,1.0327715,1.1427269,22.457054
26.471382,24.817606,0.92462337,1.6537762,6.2474117
43.779026,44.399174,1.1451862,0.6201477,1.4165406
2.2896345,2.3698149,1.9824303,0.08018041,3.5018868
9.135872,8.765915,1.2694772,0.36995697,4.049498
4.9398894,4.1495266,1.0044162,0.79036283,15.999606
2.8541322,5.175757,0.9934232,2.3216248,81.34258
7.301858,6.7803826,1.2404075,0.5214753,7.14168
4.595423,4.9959044,0.9486544,0.40048122,8.714785
42.73408,42.332424,0.86062443,0.4016571,0.9398988
43.78361,43.149353,0.9521849,0.6342583,1.4486203
47.151314,41.38877,1.5306147,5.7625427,12.221383
5.056669,5.199911,1.2892693,0.14324188,2.832732
18.635517,18.315302,0.9180388,0.32021523,1.7183061
37.647858,35.744904,0.9125497,1.9029541,5.0546145
42.823467,43.4003,0.95063174,0.5768318,1.3469993
39.218117,38.135735,1.025915,1.0823822,2.7599037
8.097783,8.915129,1.3562075,0.8173456,10.093449
2.5450897,5.373334,0.9748309,2.8282442,111.12553
6.6498537,4.5396814,0.98894536,2.1101723,31.732613
6.6326885,4.4406805,0.903282,2.192008,33.04856
8.902333,7.1416283,1.0125408,1.760705,19.778017
24.858727,25.511736,1.0393541,0.6530094,2.626882
21.140406,23.891747,1.001228,2.7513409,13.014608
40.297543,39.88431,0.9049486,0.4132309,1.0254494
43.330082,42.38162,0.933418,0.94846344,2.188926
42.203026,42.432884,0.9167074,0.2298584,0.5446491
3.362632,10.5916815,2.175597,7.2290497,214.98189
38.955666,38.7884,0.93336487,0.16726685,0.42937747
42.427116,42.66407,1.0145991,0.23695374,0.558496
8.123026,8.445168,1.1384898,0.32214165,3.9657838
5.425463,5.2956085,0.9514312,0.12985468,2.3934302
41.71683,39.933105,1.0525384,1.7837257,4.275794
37.046597,37.10684,1.2613169,0.0602417,0.16261062
40.690197,38.679073,1.1125519,2.0111237,4.9425263
35.84666,32.747944,1.2174952,3.0987167,8.644366
3.6355505,4.5142565,0.92881817,0.878706,24.169819
7.8284745,6.7834797,1.6954846,1.0449948,13.3486395
12.302021,11.657686,0.94299984,0.6443348,5.2376337
6.0675044,6.23216,1.1442374,0.16465569,2.7137299
35.091045,34.333298,1.0869193,0.75774765,2.1593761
43.00839,43.97036,0.978327,0.9619713,2.2367063
9.211803,9.240878,1.8759332,0.029074669,0.31562406
14.876362,12.963762,0.9556388,1.9125996,12.856635
3.6622412,6.5984473,1.0105683,2.936206,80.17511
3.0179183,5.4695106,1.0678852,2.4515922,81.23454
10.247839,7.5946927,0.858695,2.6531463,25.889812
27.76963,25.499226,1.1401044,2.2704048,8.175856
9.762633,9.8984165,0.9118981,0.1357832,1.390846
12.092752,9.536306,0.9417075,2.556446,21.140316
7.3436465,5.9455137,1.1494839,1.3981328,19.038671
42.645824,40.393646,0.9076059,2.2521782,5.281122
37.251106,38.41419,1.0916474,1.1630821,3.1222754
9.04552,7.5885944,0.9286734,1.4569254,16.106596
8.31859,7.2286043,1.1144054,1.0899858,13.103011
39.575146,39.78471,0.908608,0.20956421,0.5295349
41.00219,40.923264,1.0550672,0.07892609,0.19249237
11.771768,10.023699,0.91468275,1.7480688,14.849671
43.154476,41.354855,0.9676549,1.7996216,4.170185
20.16469,18.350838,0.99685454,1.8138523,8.995191
14.531587,12.109646,1.4448196,2.4219408,16.666733
39.39346,37.579834,0.9642905,1.8136253,4.603874
42.648735,43.885643,1.0386689,1.236908,2.9002218
41.813583,40.36506,0.88219,1.4485245,3.464244
21.428207,18.91958,0.994189,2.508627,11.707125
31.25221,31.432402,0.9530549,0.18019104,0.5765706
12.904263,13.186169,1.1741471,0.28190613,2.184597
8.623079,8.633667,1.027373,0.010587692,0.12278319
7.500064,6.897736,0.8623273,0.6023278,8.030969
6.951768,4.740644,0.96265084,2.211124,31.806643
16.844255,17.10109,0.9336233,0.25683403,1.5247574
41.890068,43.121628,0.9517762,1.2315598,2.9399803
15.172969,12.446316,2.2894714,2.726653,17.970465
16.20065,13.712268,1.0237486,2.4883814,15.359763
16.1686,14.364809,0.88792026,1.803791,11.1561365
35.58789,27.856188,0.993828,7.731703,21.725657
32.542194,31.189436,0.90441805,1.3527584,4.156937
35.981396,33.58642,0.93342155,2.3949776,6.656155
4.0252457,4.5407977,0.9808832,0.51555204,12.807965
15.116915,13.763546,0.9020469,1.3533688,8.952679
5.2671576,6.14695,0.95926344,0.8797922,16.703358
3.3253963,7.5901785,1.2184736,4.264782,128.24884
4.0389023,5.245751,0.92130446,1.2068486,29.88061
42.800602,43.68507,0.92510647,0.8844681,2.0664852
45.72927,44.744473,0.9729527,0.98479843,2.1535406
43.29288,43.784004,1.0906681,0.4911232,1.1344203
3.033099,2.7421799,1.2978823,0.29091907,9.59148
8.8454275,8.230663,1.550602,0.6147642,6.950079
41.971924,42.009163,1.1643156,0.037239075,0.08872377
11.281006,9.359194,1.6620221,1.921812,17.035822
8.960523,8.036998,1.9562951,0.92352486,10.306596
42.274136,42.92399,0.9359667,0.64985275,1.5372349
9.732193,11.40396,1.3074472,1.6717672,17.177704
21.429161,18.871578,0.9221785,2.5575829,11.935059
44.765636,43.520927,1.0268233,1.244709,2.7805011
4.0005617,6.0651426,0.91112435,2.064581,51.607277
9.309277,11.549027,1.9919744,2.2397509,24.059343
37.28871,35.53367,0.98799795,1.755043,4.7066336
5.8387785,5.1640325,1.105428,0.67474604,11.556288
42.184246,40.927067,0.9522305,1.2571793,2.9802103
2.902927,5.4368534,1.5253086,2.5339265,87.28868
24.277605,13.941143,2.0428107,10.336462,42.576122
39.736694,38.383152,0.9042298,1.3535423,3.4062781
25.317282,31.967234,1.0970322,6.649952,26.266453
27.095284,34.473213,0.91619515,7.3779297,27.229572
9.934325,10.058263,1.2667584,0.12393761,1.2475694
10.13841,10.6390505,0.9055193,0.50064087,4.938061
6.0288053,6.7282057,0.950891,0.6994004,11.600979
14.7821245,11.9380665,1.0227444,2.844058,19.239845
42.61413,42.567944,0.91918963,0.04618454,0.10837847
7.958973,7.099209,0.91214144,0.8597641,10.80245
27.187132,29.008003,1.3824425,1.8208714,6.6975484
3.5858958,4.0211687,2.0956426,0.43527293,12.138472
5.9602127,8.09027,2.3499138,2.1300573,35.73794
10.721441,11.247815,2.2172709,0.52637386,4.909544
7.0984597,5.705535,1.0956045,1.3929248,19.622917
9.003027,11.143721,1.24672,2.1406937,23.777489
10.588729,9.423638,1.1504089,1.1650906,11.00312
37.63973,37.19309,1.1136156,0.44664,1.1866186
15.029887,14.174774,0.8908155,0.855113,5.689418
43.961086,43.489037,0.9626853,0.4720497,1.07379
8.77015,9.297779,1.5888296,0.5276289,6.01619
1.7266431,4.1973815,1.2305875,2.4707384,143.09491
4.287078,5.527585,0.958006,1.2405071,28.935959
21.68885,22.3561,1.1911489,0.6672497,3.076464
13.6416235,13.172607,0.989272,0.46901608,3.4381251
8.286815,7.1286974,1.5091281,1.1581173,13.975422
18.880337,18.49587,0.91921943,0.38446617,2.0363312
14.569894,16.294159,0.90618205,1.7242651,11.834438
10.488064,13.915689,1.169641,3.4276257,32.681206
8.878268,9.414587,2.129467,0.5363188,6.040804
19.618963,21.79586,0.9413983,2.176897,11.095881
25.733843,25.766504,0.96819454,0.032661438,0.12692018
4.4821267,3.8531265,1.6794598,0.6290002,14.033521
37.393303,37.758427,0.9567165,0.36512375,0.97644156
4.41082,4.0019016,1.0535951,0.40891838,9.270802
6.079009,6.6052055,1.3554182,0.5261965,8.655958
1.9329287,5.18493,0.9560055,3.2520013,168.24217
16.128477,11.296091,2.1836293,4.832386,29.961824
2.2831461,5.4371305,0.91419023,3.1539843,138.14203
4.358577,4.354486,1.2681491,0.004090786,0.09385601
4.0912313,4.1400814,0.94946533,0.04885006,1.1940185
15.6005125,12.842518,0.97706205,2.7579947,17.678873
42.89144,42.866913,1.0154686,0.024528503,0.05718741
43.258797,42.34141,0.97485834,0.9173851,2.1206903
3.561691,3.1807477,0.9572977,0.3809433,10.695574
4.2283087,3.269818,1.0091406,0.9584906,22.668415
6.789186,6.9496183,1.0577769,0.16043234,2.3630571
36.848797,34.523144,0.9510219,2.325653,6.311341
41.172096,40.124893,0.9594498,1.0472031,2.5434775
30.895876,32.799564,1.0593754,1.9036884,6.161626
43.96322,42.89898,0.9353865,1.0642395,2.4207497
8.112604,5.1033306,0.94740397,3.0092735,37.093807
42.43455,41.89005,1.0037813,0.54450226,1.2831578
7.7824006,7.776966,1.2056075,0.005434513,0.069830805
21.987408,25.215687,1.0019133,3.228279,14.6824
44.71612,43.866074,1.0690714,0.85004807,1.9009879
6.4353204,7.016717,0.9047752,0.5813966,9.034462
40.885845,40.150505,0.9129853,0.7353401,1.7985201
42.04409,40.491405,0.88160735,1.5526848,3.6929917
5.308105,4.5361824,0.9571879,0.7719226,14.542338
3.084488,3.654068,0.9381096,0.5695801,18.465952
15.013799,12.878458,0.99614084,2.1353407,14.222522
38.920708,38.76291,0.95328027,0.15779877,0.40543655
34.780773,34.935993,0.9405462,0.15522003,0.44628114
18.859539,18.884048,1.1308397,0.02450943,0.12995774
9.749002,7.982539,0.9280031,1.7664633,18.119427
23.960127,23.632406,0.94619954,0.32772064,1.3677751
40.283436,41.609737,0.90848523,1.3263016,3.2924242
43.555496,42.745964,1.0008284,0.80953217,1.8586223
37.28283,35.89892,0.93882954,1.3839111,3.7119262
1.0502412,1.2689843,2.2234373,0.21874309,20.82789
41.33878,35.09955,1.002722,6.239231,15.092925
18.95322,18.739344,0.9193058,0.21387672,1.1284453
2.478796,3.9136872,0.8845357,1.4348912,57.88662
34.141384,35.08612,1.0106333,0.9447365,2.76713
6.925493,5.9031253,0.9720466,1.0223675,14.762379
1.6878973,4.563605,0.96049696,2.8757076,170.3722
32.3385,32.216198,1.2055844,0.12230301,0.37819627
28.229841,25.313372,0.9210273,2.9164696,10.331159
13.630848,13.258564,0.9976626,0.37228394,2.7311869
16.505024,16.809498,0.95981383,0.30447388,1.8447345
30.312546,27.58098,0.94749004,2.7315655,9.011336
7.108683,7.3352356,1.2902964,0.22655249,3.1869824
14.658644,15.209599,0.90014243,0.5509548,3.7585661
3.769007,3.9836993,0.93273264,0.21469235,5.6962576
5.3021073,6.1493397,1.5321989,0.84723234,15.979163
5.3332443,5.2329,0.9293899,0.10034418,1.8814847
10.558825,9.911947,1.6858857,0.6468773,6.126414
1.371708,1.5959578,1.9978639,0.22424972,16.348211
10.37857,7.5442786,0.8786175,2.834291,27.309072
39.919426,37.916496,0.924736,2.0029297,5.0174313
23.498518,21.871832,0.9715842,1.6266861,6.922505
39.553253,40.652733,1.0904104,1.0994797,2.7797453
11.195918,9.9835615,0.9763642,1.2123566,10.828559
6.8256297,6.0576706,0.9920863,0.7679591,11.25111
5.800741,6.6432633,0.9230682,0.84252214,14.524387
4.0807686,4.4784393,0.9479426,0.39767075,9.744996
9.250718,8.781282,2.3483732,0.4694357,5.0745864
49.92555,48.14141,1.0932088,1.7841377,3.5735967
11.329985,10.626929,1.591197,0.7030554,6.2052636
6.311724,5.490912,0.9996184,0.8208122,13.004564
41.68785,41.446655,0.9090627,0.24119568,0.5785755
28.851463,27.282705,0.9982666,1.568758,5.43736
4.8000317,4.0249195,1.2811826,0.77511215,16.148064
6.9908457,8.866493,1.0778117,1.8756475,26.830053
7.899809,7.836093,2.0840225,0.063715935,0.8065503
42.245045,42.870155,0.9594531,0.6251106,1.4797254
10.540431,12.294502,1.0805188,1.7540712,16.641361
5.402659,4.625373,1.6084543,0.77728605,14.387102
9.428228,7.48691,0.96327156,1.9413185,20.59049
11.575638,11.54974,0.9438601,0.02589798,0.22372831
6.458759,5.9739027,1.0865656,0.48485613,7.5069547
8.307944,6.49072,0.9412299,1.8172245,21.873335
7.5277977,8.950732,1.1467823,1.4229345,18.902401
5.822137,5.5132046,0.88071287,0.3089323,5.306167
40.10756,40.92634,0.97907215,0.818779,2.0414581
36.988445,37.73551,0.93093574,0.7470665,2.0197294
40.79588,40.901596,1.0020287,0.105716705,0.25913575
41.538616,41.49766,0.9071348,0.04095459,0.09859402
36.653687,37.193874,1.1310221,0.54018784,1.4737613
38.29645,30.744375,1.854911,7.5520763,19.720041
42.044064,43.224426,0.9210115,1.1803627,2.807442
5.245033,5.2741995,0.9443157,0.029166698,0.5560823
6.677804,5.73215,1.0806521,0.9456539,14.161151
16.483765,16.401419,1.0894796,0.08234596,0.49955797
43.43267,43.480614,0.8980504,0.047943115,0.11038491
40.28341,41.00734,1.0643138,0.72393036,1.797093
38.482895,37.55077,0.96285,0.9321251,2.4221802
39.93025,40.13529,0.9500339,0.20503998,0.5134954
34.8562,34.724583,0.93379337,0.1316185,0.37760425
3.5847,3.017231,1.0346113,0.5674691,15.830309
27.929121,22.552052,1.4339777,5.3770695,19.252556
33.343445,34.00443,1.192157,0.66098404,1.9823508
6.350494,5.399298,0.93711865,0.9511957,14.978294
5.2480607,5.706278,1.308595,0.45821714,8.731172
4.6108503,4.463494,1.2031063,0.14735651,3.1958642
4.5978003,5.0068135,1.1233616,0.40901327,8.895847
9.923955,8.434794,0.93888235,1.4891605,15.005715
40.19753,41.10286,1.02444,0.90533066,2.2522047
8.8848,6.538326,0.9445825,2.3464742,26.409983
14.822577,12.495451,0.9714222,2.3271265,15.699877
35.538334,35.36416,1.0775456,0.17417526,0.4901053
21.764215,22.1087,0.9331104,0.34448433,1.5828015
29.137209,29.653162,0.9566031,0.51595306,1.7707704
23.468307,24.679728,1.0716527,1.21142,5.1619406
49.941784,48.940327,1.8808566,1.0014572,2.0052493
36.640747,37.35695,0.88040364,0.7162018,1.9546593
4.597384,4.617259,0.8834207,0.01987505,0.43231216
8.791712,8.804155,1.6084914,0.0124435425,0.1415372
4.623681,5.561298,0.97508305,0.9376168,20.278578
6.865792,6.287416,1.2205445,0.5783758,8.424022
4.413597,3.0063734,0.9458187,1.4072237,31.883827
35.392715,34.452644,0.93861926,0.9400711,2.6561146
18.561476,12.137506,2.2972982,6.42397,34.609158
8.282894,7.9088745,0.914004,0.37401962,4.515567
16.050688,13.423391,1.159028,2.6272964,16.368748
39.351727,39.59158,0.97559124,0.2398529,0.6095105
6.5285664,5.814899,1.2889305,0.7136674,10.931457
4.2378592,4.072319,1.3536651,0.16554022,3.9062226
4.598268,5.2466784,0.93544614,0.6484103,14.101186
30.643864,30.645014,1.021877,0.0011501312,0.0037532188
8.559921,7.0097814,1.0618122,1.5501399,18.109278
14.444779,11.771414,2.299104,2.6733656,18.507486
44.215336,44.526234,0.9742587,0.31089783,0.7031448
7.498012,6.948414,0.9106087,0.5495982,7.3299193
38.97175,37.80952,0.94408363,1.1622276,2.9822311
42.31107,43.01679,1.1353881,0.705719,1.6679299
40.360138,40.617252,0.9149491,0.2571144,0.6370504
22.060545,22.114227,0.88394195,0.053682327,0.2433409
7.488564,6.979689,0.9138206,0.5088749,6.79536
4.7085495,5.844134,1.3595933,1.1355844,24.117498
41.18546,41.238125,0.9207078,0.05266571,0.12787452
31.93869,31.499046,0.9288346,0.43964386,1.3765243
44.3702,42.003155,0.95445853,2.3670464,5.334766
49.767742,46.727776,1.173645,3.0399666,6.108307
11.120995,10.1410055,0.98301405,0.97998905,8.812062
49.840466,48.792534,1.0084852,1.0479317,2.102572
7.1946254,6.414977,1.4135169,0.7796483,10.836537
4.55341,5.3037066,1.0850059,0.7502966,16.477686
42.9912,42.572575,0.91903216,0.41862488,0.9737455
38.414677,38.709747,0.9341086,0.29507065,0.7681196
44.68476,43.335026,1.0930287,1.3497353,3.0205717
6.7691092,5.338096,1.2429739,1.4310131,21.140347
3.4895666,5.720217,1.055523,2.2306507,63.92343
6.7676325,6.7022758,0.96481085,0.06535673,0.9657252
7.490216,7.9535794,0.94570076,0.46336365,6.186252
7.7748103,7.478836,0.8883482,0.29597425,3.8068357
8.534147,7.26412,1.3926166,1.2700272,14.881711
45.249886,43.341583,0.9525685,1.9083023,4.217253
17.87542,17.888483,1.0107747,0.013063431,0.07308041
22.13946,15.9601555,1.0337385,6.179304,27.910818
8.145954,9.174379,1.1905799,1.0284252,12.624982
6.962632,5.3818445,2.2737994,1.5807877,22.70388
3.5206578,3.5438423,1.166905,0.023184538,0.65852857
39.15227,36.886894,0.960831,2.265377,5.786068
6.778123,4.2215962,1.1054741,2.5565267,37.717323
4.5347066,6.036308,0.943423,1.5016012,33.113525
12.816733,10.596111,1.0100303,2.220622,17.32596
7.9226627,6.5770698,1.5465605,1.345593,16.9841
27.19399,27.876192,1.2671977,0.6822014,2.5086477
18.98563,17.533567,0.9696714,1.4520626,7.6482196
11.729676,9.629786,1.0544593,2.0998907,17.902376
5.438017,7.4082727,0.9876417,1.9702559,36.231148
40.325115,41.1492,0.9835181,0.82408524,2.043603
22.814184,24.085785,0.92288196,1.2716007,5.5737286
11.002509,11.492556,1.0022576,0.4900465,4.4539523
28.436283,31.259285,1.0769972,2.8230019,9.927464
40.687485,41.21606,0.9877947,0.5285759,1.2991117
3.90672,4.5902634,0.97818583,0.68354344,17.496609
9.302142,11.655094,1.2539916,2.352952,25.294733
7.643011,6.772146,1.4511284,0.87086487,11.394264
15.589419,16.81575,1.1452936,1.2263308,7.86643
42.733032,42.27844,0.93213433,0.45459366,1.0637993
4.607162,5.178193,2.0277743,0.5710311,12.394423
13.871832,22.662766,1.493366,8.790934,63.37255
44.132526,43.51346,0.9045085,0.61906815,1.402748
3.027631,2.4101815,1.095061,0.6174495,20.393816
40.602222,39.390213,0.92753845,1.2120094,2.9850814
42.9125,39.33318,1.4650593,3.579319,8.340971
6.334238,5.1064196,0.99707335,1.2278185,19.383839
28.27929,27.269417,0.9926324,1.0098724,3.5710673
40.93704,41.357178,0.93155354,0.4201393,1.026306
13.653246,12.067925,0.9083238,1.5853205,11.611308
11.5618,11.362211,1.2163363,0.19958878,1.7262777
36.962505,38.305912,0.9128365,1.3434067,3.634512
6.002116,6.237015,1.4330556,0.23489857,3.9135957
6.259162,6.4896774,1.2374483,0.23051548,3.682849
8.828903,8.700535,0.96895516,0.12836838,1.4539561
7.3908086,7.0117235,1.0094604,0.37908506,5.1291423
6.36692,3.9347565,0.9857393,2.4321635,38.2
3.8455367,3.9068882,0.92108244,0.061351538,1.5953959
35.501358,35.601505,1.0056688,0.10014725,0.28209412
21.629549,21.871832,0.8945576,0.24228287,1.1201476
12.250623,9.1031,0.89990294,3.147523,25.692759
4.30443,5.52584,1.12254,1.2214098,28.375645
1.2998031,4.500024,1.0135491,3.2002206,246.2081
1.88446,3.5793962,1.0168875,1.6949363,89.94281
9.141823,7.337461,0.97925085,1.8043618,19.73744
32.480003,31.141703,1.0345511,1.3383007,4.1203837
7.066881,5.7019873,1.1932368,1.3648939,19.313951
49.98862,51.459892,1.2403954,1.4712715,2.9432127
8.3383255,7.9143915,1.5409789,0.42393398,5.084162
41.671635,40.85733,0.934359,0.81430435,1.9540975
2.8923852,6.153118,1.0502369,3.260733,112.735085
43.172264,43.104824,0.95372486,0.06744003,0.15621148
5.9520288,5.391983,0.9125256,0.5600457,9.409325
42.104572,39.76001,0.9239475,2.3445625,5.5684276
15.630142,11.9385395,1.5381873,3.6916027,23.618484
16.811033,13.790552,0.91449374,3.020481,17.967253
36.9235,37.55422,1.0596814,0.63071823,1.7081757
30.961655,31.651375,1.1405879,0.68972015,2.2276592
7.225888,6.65521,1.2041454,0.57067776,7.8976836
10.723014,9.575208,0.90207887,1.1478062,10.704138
10.649856,8.715859,1.7386477,1.9339962,18.159836
6.0880785,7.6431828,0.95921373,1.5551043,25.543432
24.51639,23.127275,0.94587547,1.3891144,5.6660643
10.542459,9.88983,2.1597295,0.6526289,6.190481
2.54156,4.8305554,0.9288736,2.2889955,90.06262
0.43570006,3.0101805,1.6887494,2.5744805,590.88367
39.065624,40.460827,0.9325269,1.3952026,3.571433
2.944742,5.0822477,1.3502618,2.1375058,72.587204
41.040585,38.76655,0.9725547,2.2740364,5.5409455
40.292175,40.13812,0.8889677,0.15405655,0.38234857
36.32601,37.49138,0.9780379,1.1653671,3.2080789
3.4702957,4.913954,0.9613574,1.4436581,41.600437
13.099511,10.8997345,1.0092373,2.1997766,16.792814
36.589912,35.7767,0.9608687,0.81321335,2.222507
30.58137,30.656748,0.8919838,0.07537842,0.24648477
5.4375944,5.4199386,1.2691886,0.01765585,0.32469964
30.141981,27.011097,1.2383457,3.1308842,10.387121
44.964123,45.036602,0.95106304,0.07247925,0.1611935
44.08017,43.643417,0.93637216,0.43675232,0.9908136
30.219604,30.579292,0.90369314,0.3596878,1.1902466
38.965157,42.12656,1.1376848,3.1614037,8.113412
12.196356,11.183542,0.90907526,1.0128136,8.304231
12.466724,10.630865,1.7982504,1.8358593,14.726076
38.754395,35.674015,0.9196063,3.0803795,7.9484653
10.902419,10.003318,2.2382095,0.89910126,8.246805
4.3858795,4.2094135,1.0309029,0.17646599,4.023503
25.476463,23.739859,1.0079094,1.7366047,6.816506
7.078429,5.2441807,1.0591139,1.8342485,25.913214
41.160393,41.77559,0.8952044,0.6151962,1.4946315
24.228708,28.46021,0.9582912,4.2315025,17.46483
41.2197,40.81286,0.9341926,0.40684128,0.9870069
30.112467,28.588905,1.2995003,1.5235615,5.0595703
9.680219,8.797763,1.8440244,0.8824558,9.116074
2.1208575,0.0,1.12572,2.1208575,100.0
10.927394,12.146618,2.3140206,1.219224,11.157499
24.382782,24.636175,0.99422115,0.25339317,1.03923
9.3847065,8.5757065,0.9657652,0.809,8.620408
4.0477505,7.5456433,1.0427957,3.4978929,86.41572
9.890245,13.131878,1.5721505,3.2416325,32.776054
4.4834104,3.838357,1.951543,0.6450534,14.387561
29.937933,26.956207,1.2854596,2.9817257,9.959691
41.771584,41.605354,0.92374235,0.16622925,0.39794815
13.116888,11.501282,2.1432488,1.6156063,12.316995
38.404938,38.851517,0.9396814,0.44657898,1.1628165
40.617233,40.674797,0.99459565,0.05756378,0.14172256
36.584087,39.470917,1.059815,2.8868294,7.890942
15.461306,13.215076,0.96507794,2.2462292,14.5280695
40.346165,40.62152,0.8939043,0.2753563,0.68248445
5.8624487,6.362583,1.0599629,0.50013447,8.531153
3.2938597,5.5355973,1.2091829,2.2417376,68.05808
8.167176,6.83716,1.0858213,1.3300161,16.284897
22.18618,22.225344,0.9902933,0.03916359,0.17652245
2.1288457,1.7570715,1.8074439,0.3717742,17.463652
21.956419,17.875256,1.005488,4.0811634,18.587564
43.03562,42.760323,1.0563517,0.27529907,0.6397005
7.146319,5.7883596,1.4506187,1.3579593,19.00222
28.328634,28.388693,0.97345716,0.060058594,0.21200667
40.76641,41.59324,0.9849275,0.826828,2.028209
9.562068,9.045961,1.0655185,0.5161066,5.397437
10.949874,9.271988,1.4187427,1.677886,15.323337
22.588665,25.724226,0.9385669,3.135561,13.881125
41.60896,40.75439,0.89883643,0.8545685,2.053809
7.3272963,7.9705524,1.7183543,0.6432562,8.778903
21.940615,23.785213,0.9660666,1.8445988,8.407233
16.60787,17.783438,0.9944734,1.1755676,7.078377
40.779003,39.98706,1.0730784,0.7919426,1.9420352
10.3417845,9.07406,0.9286911,1.267724,12.258271
3.9459586,7.2554736,2.2579622,3.309515,83.871
4.848083,5.225249,1.0159531,0.3771658,7.7796893
41.35344,41.690105,0.9060605,0.3366661,0.81411874
18.783537,23.877996,1.2820629,5.0944595,27.121939
5.9467053,8.314134,2.3659778,2.3674283,39.810757
33.11786,30.780003,0.97193724,2.3378563,7.0592012
4.615445,5.6382494,0.9508795,1.0228043,22.16047
43.699566,44.224037,1.2417766,0.5244713,1.200175
9.745446,9.742109,1.2100064,0.0033369064,0.034240674
14.402289,14.653822,0.88892424,0.25153255,1.7464762
31.19381,30.394405,0.9555338,0.79940414,2.5627012
41.373737,39.016773,0.9736416,2.356964,5.696764
10.204263,11.244444,0.88744676,1.0401812,10.193594
17.844666,15.365971,0.92011434,2.478695,13.890397
39.551025,40.415737,0.8805935,0.86471176,2.1863194
39.9836,40.83107,0.97782093,0.84746933,2.1195424
25.860497,26.051176,0.93053746,0.19067955,0.7373391
11.893392,9.141699,2.293444,2.7516928,23.136316
2.1076348,4.6899023,0.9006725,2.5822675,122.519684
42.603535,43.81291,0.93237936,1.2093735,2.8386693
8.129363,6.948518,0.880947,1.1808453,14.52568
42.681587,40.77453,0.9552668,1.9070587,4.4681063
36.48195,36.38787,0.88554317,0.094078064,0.25787565
10.777939,9.940297,1.0244715,0.8376417,7.7718177
2.8309128,7.115901,1.0365354,4.2849884,151.3642
5.9127984,7.3276353,1.4735817,1.4148369,23.928381
49.9872,51.69282,1.1962357,1.7056198,3.412113
9.606998,10.586931,0.9008231,0.9799328,10.200197
32.282875,32.409725,1.1240728,0.12685013,0.3929332
29.320276,28.116508,0.99227685,1.2037678,4.1055813
13.260472,13.454994,0.8942046,0.1945219,1.4669304
10.384025,8.542952,1.2929456,1.841073,17.72986
30.692253,30.94203,1.644323,0.24977684,0.8138107
22.42277,21.777712,1.073971,0.6450577,2.8767974
39.422253,37.10766,0.983,2.3145943,5.871289
23.101341,24.257551,1.0410838,1.15621,5.004947
40.769123,41.300877,1.0961009,0.53175354,1.3043046
24.168285,22.587482,0.8814968,1.5808029,6.5408154
32.53352,32.807518,0.91539747,0.27399826,0.84220296
34.885284,34.592224,1.0581251,0.2930603,0.8400686
49.93313,49.16101,1.7621045,0.7721176,1.5463033
6.121151,3.9277072,1.1037195,2.1934438,35.833843
15.141865,15.855303,0.8944789,0.71343803,4.711692
5.959733,5.7525673,0.9337444,0.20716572,3.4760907
1.9236313,5.377952,1.0076475,3.454321,179.57292
5.112911,5.682514,1.1523336,0.56960297,11.140482
26.21898,26.25677,1.0181288,0.03778839,0.14412609
12.536331,12.364709,1.0069433,0.17162228,1.3689992
21.964256,22.705227,1.4863398,0.7409706,3.3735292
2.6737473,5.6585517,0.94424677,2.9848044,111.63375
11.003643,8.200095,0.91423976,2.8035479,25.478361
15.564379,14.411657,2.2674398,1.1527214,7.4061513
16.343998,13.721491,0.92238814,2.622507,16.045689
7.0927334,5.6031303,1.0895262,1.489603,21.001818
7.333355,5.6881905,0.85111463,1.6451645,22.433994
6.4409485,5.7222695,1.3654587,0.71867895,11.157968
3.5080085,6.6599846,1.246693,3.151976,89.85087
4.912069,6.571643,1.0874226,1.659574,33.78564
33.917595,32.875813,0.9765783,1.0417824,3.07151
34.86567,36.208984,1.1283861,1.3433151,3.8528304
4.934161,6.4081044,1.4116126,1.4739432,29.872213
9.15477,10.988751,2.0156069,1.8339815,20.03307
3.6818974,3.2816584,2.0797946,0.400239,10.870455
17.756111,17.986422,1.0144209,0.23031044,1.2970771
41.166996,39.00782,0.9441228,2.1591759,5.24492
6.7469296,4.0817847,1.689398,2.665145,39.5016
12.439455,12.113609,1.6248838,0.32584572,2.6194534
11.286224,8.982664,0.93196857,2.3035603,20.41037
41.756084,41.616184,0.9512325,0.13990021,0.3350415
10.403866,13.423746,1.010724,3.0198803,29.026522
4.302889,4.73321,0.93761486,0.43032122,10.000751
16.171307,14.995863,0.8982405,1.1754436,7.268699
10.895865,10.500169,0.89246535,0.39569664,3.6316218
2.3541799,3.3933094,1.2901537,1.0391295,44.139767
6.610036,7.969538,1.0359921,1.3595023,20.567245
41.917088,41.23976,0.9384099,0.6773262,1.6158713
2.0688274,2.2335114,1.0631886,0.16468406,7.9602613
44.637558,44.52717,0.9336754,0.11038971,0.24730231
4.3472786,5.687224,1.036104,1.3399453,30.822624
8.356812,8.412601,1.0919938,0.055789948,0.6675985
9.482258,8.370952,1.102862,1.1113062,11.719848
7.822054,6.3145547,2.143248,1.5074992,19.272423
37.24868,36.573887,0.9845849,0.67479324,1.8115897
11.530182,10.30139,0.92687786,1.2287922,10.65718
2.8675127,5.741008,0.8648479,2.873495,100.208626
7.5216346,8.830951,1.0360527,1.3093162,17.407335
2.470389,4.7110014,2.0809278,2.2406125,90.69878
39.581444,38.13199,0.9652612,1.4494553,3.6619565
3.8831458,5.208816,1.3277447,1.3256702,34.139076
42.179806,41.2993,0.9567481,0.8805046,2.0875027
38.29699,39.24174,0.907629,0.94475174,2.4669087
36.97792,34.340557,0.9724363,2.6373634,7.132265
9.642061,9.193106,1.53111,0.44895554,4.6562195
8.927984,9.760945,1.4056349,0.8329611,9.329778
14.845868,9.85678,2.2748094,4.989088,33.605904
42.913475,42.654106,1.0497204,0.2593689,0.6043997
17.827396,19.69604,0.8887807,1.8686428,10.481861
7.091074,6.1871204,0.9536836,0.90395355,12.7477665
25.47133,25.092089,1.0968518,0.37924194,1.4888972
6.726252,7.256648,1.0514574,0.530396,7.885461
2.8099828,7.1610575,2.065984,4.3510747,154.84348
3.9934406,3.6303315,1.1493833,0.3631091,9.092639
49.547153,44.791416,1.0381576,4.7557373,9.598407
20.089811,22.151632,0.9074254,2.061821,10.263019
5.9553585,7.4529552,1.7058212,1.4975967,25.147045
42.79741,39.423702,0.9524831,3.3737068,7.8829694
0.6473936,0.2944455,2.1879091,0.35294807,54.518314
40.297882,38.587513,0.9203048,1.7103691,4.244315
43.240654,42.523056,0.934495,0.71759796,1.6595447
40.643696,41.57766,0.9097781,0.9339638,2.2979302
13.666058,11.931437,1.0345699,1.734621,12.692914
44.123943,43.638996,0.95796394,0.4849472,1.0990568
6.941224,5.545605,1.4442973,1.3956189,20.106236
6.463434,8.055397,0.9725689,1.5919628,24.630295
4.616056,5.389103,1.0564486,0.773047,16.746914
6.2644954,5.799464,0.94355994,0.46503115,7.4232817
13.243491,12.429616,0.91086686,0.8138752,6.145473
39.85186,39.075047,0.9189437,0.7768135,1.9492528
8.123535,6.7922316,0.8997596,1.3313036,16.38823
7.633271,7.220204,1.6542408,0.41306734,5.4114065
23.580008,26.25609,1.0046158,2.6760826,11.348948
3.9533622,4.5061197,0.9859289,0.5527575,13.981959
39.853504,39.49669,0.9266587,0.35681534,0.8953174
32.487244,33.341743,1.0067388,0.8544998,2.6302626
49.641903,46.278763,1.0398836,3.36314,6.7748013
37.116737,35.85158,1.2472901,1.2651558,3.4085858
7.05139,2.4261994,1.1737266,4.6251907,65.592606
42.407764,42.465847,1.0287952,0.05808258,0.13696213
20.111984,19.472666,0.8846044,0.63931847,3.1787937
34.127045,33.18708,0.912132,0.9399643,2.7543092
9.449555,9.357716,0.950126,0.09183979,0.97189534
8.81271,6.572581,1.4306406,2.240129,25.419298
5.4975057,5.8742356,1.2350097,0.37672997,6.8527436
8.912015,10.548584,1.2549553,1.636569,18.363626
39.71232,39.46255,0.906352,0.2497673,0.62894166
11.718873,13.835424,1.5051274,2.1165514,18.061049
4.4774547,5.068636,0.9954041,0.5911813,13.203512
3.4967124,4.066248,1.1907676,0.5695355,16.28774
22.793549,20.467274,0.9221004,2.3262749,10.205848
8.485168,8.007351,0.8635501,0.47781754,5.6312084
4.6450143,5.4798713,1.4717942,0.834857,17.973185
3.8245146,4.408883,0.9230202,0.58436847,15.279546
4.881456,5.0507193,1.2227845,0.16926336,3.467477
13.243341,10.785404,2.256921,2.4579372,18.559797
7.3653703,5.840524,0.94477963,1.5248461,20.702911
11.973699,11.226246,1.0067111,0.74745274,6.2424545
39.109867,40.519768,1.0533556,1.4099007,3.6049743
4.422541,5.144973,1.0198328,0.72243166,16.335217
26.18392,31.624912,0.9572982,5.4409924,20.7799
6.6709967,7.9749136,0.9836878,1.3039169,19.546059
41.892624,42.23375,0.9187403,0.3411255,0.81428534
5.2125835,3.3867564,1.1779641,1.8258271,35.027298
4.5257845,4.8356667,0.99359816,0.30988216,6.847038
41.805393,41.845837,0.88076293,0.04044342,0.096742116
8.597124,7.3848376,2.2180395,1.2122865,14.101069
22.466568,20.196451,0.9463742,2.2701168,10.104423
44.102203,44.554268,0.9891483,0.4520645,1.0250384
35.88485,34.563606,0.9943252,1.3212433,3.6818972
17.812357,15.408024,0.90834635,2.404333,13.498119
32.5258,31.213045,0.99318874,1.3127537,4.036038
5.634414,4.9407372,1.1002585,0.69367695,12.311429
3.4296281,5.5412197,1.0197446,2.1115916,61.569115
5.3630943,4.8441195,0.876779,0.5189748,9.676779
14.928651,11.929005,1.2671769,2.9996462,20.093218
34.90157,35.812992,0.9305464,0.9114227,2.611409
9.194162,7.778267,1.5355216,1.4158955,15.399939
7.686141,8.0502615,0.92754334,0.36412048,4.7373643
5.3728433,5.0104637,1.1325132,0.36237955,6.7446513
34.19836,31.175846,0.9413221,3.0225143,8.838185
15.437126,11.189285,2.2966557,4.247841,27.517044
42.1186,43.07132,0.96045303,0.95272064,2.261995
36.2249,37.141052,0.90160197,0.91615295,2.5290697
9.479189,9.241711,0.90787065,0.23747826,2.5052593
41.072727,42.259705,0.89242977,1.1869774,2.8899405
5.147041,5.982624,0.9403206,0.8355832,16.234245
43.099266,43.260742,0.974532,0.16147614,0.374661
4.6789355,5.1525836,0.98165244,0.47364807,10.122988
25.922077,22.954632,0.95030266,2.9674454,11.44756
8.137084,9.079515,1.332807,0.94243145,11.581931
28.251831,26.964544,1.0894048,1.2872868,4.556472
3.5370195,5.15614,1.0727371,1.6191204,45.776405
8.837545,8.005375,0.8920966,0.8321705,9.416307
16.054626,20.552567,0.8982073,4.49794,28.016474
10.066435,11.39839,1.9651625,1.331955,13.231646
33.618587,32.86716,1.1045096,0.7514267,2.2351525
20.349966,19.045708,0.9827717,1.3042583,6.409143
32.118336,30.371397,0.93943834,1.7469387,5.43907
49.904675,47.47171,1.034323,2.4329643,4.875223
32.991463,34.00146,0.92041385,1.0099983,3.061393
7.122362,6.9091225,2.099362,0.21323967,2.9939458
5.8865623,5.0072374,1.2327658,0.8793249,14.937835
27.376753,27.445805,0.97002345,0.06905174,0.25222766
7.587502,5.1839848,1.3423356,2.4035172,31.67732
40.338554,40.89782,0.89572763,0.55926514,1.3864284
43.03867,43.10041,1.0097169,0.061740875,0.14345442
35.173218,36.238686,0.9645108,1.0654678,3.029202
38.39565,39.55415,0.86949986,1.1585007,3.0172708
8.449549,7.941046,1.4185477,0.5085025,6.0181026
7.7197924,10.416779,1.5882213,2.6969862,34.935993
8.310537,10.554537,1.3713214,2.2439995,27.001858
38.779175,37.514244,0.94478667,1.2649307,3.2618816
7.747559,4.0383973,1.0389156,3.7091618,47.87523
7.3262663,7.593073,1.1176788,0.2668066,3.6417813
0.90752774,2.214273,1.9787585,1.3067453,143.98956
3.2405694,5.547512,0.94921166,2.3069427,71.18943
6.4602056,5.2340527,0.9899234,1.2261529,18.980091
4.454637,3.7862954,0.95328325,0.66834164,15.00328
7.2952676,6.0597243,1.585242,1.2355433,16.93623
10.120672,11.303953,2.2366102,1.183281,11.691723
33.84215,32.06381,0.9168881,1.7783432,5.254817
38.198273,36.681213,0.90494937,1.5170593,3.971539
10.907465,13.866604,1.2652781,2.9591389,27.129482
4.07143,4.4111595,0.9371403,0.3397293,8.344225
7.9129596,6.6430173,1.0989263,1.2699423,16.048891
18.777596,20.354637,1.0005236,1.5770416,8.398528
10.339547,9.802106,1.0842583,0.53744125,5.197919
12.88699,9.52697,1.3605906,3.3600197,26.07296
12.344794,12.145784,1.1041927,0.1990099,1.6120957
42.760345,43.21091,1.0195242,0.45056534,1.053699
42.094536,42.61486,0.9027885,0.5203247,1.2360861
7.48561,6.8834133,1.2689636,0.6021967,8.044724
9.673704,7.8031945,0.89794767,1.8705096,19.336023
1.4286153,1.080482,2.1367357,0.34813333,24.368584
37.197235,36.758472,1.0622567,0.43876266,1.1795572
43.287636,43.673172,0.9035224,0.3855362,0.8906381
31.239584,30.11189,1.0030048,1.1276932,3.6098213
38.377285,37.94088,0.89534056,0.43640518,1.1371444
35.547485,34.08891,0.8931858,1.4585762,4.103177
10.527459,10.25534,1.04002,0.27211952,2.5848546
3.0129635,6.0006075,0.9702677,2.987644,99.159645
9.115971,9.262819,1.425701,0.14684868,1.6108946
42.622215,43.05949,0.925436,0.43727493,1.025932
7.9571834,7.8493457,2.161556,0.10783768,1.3552243
8.438155,6.0495687,1.5283996,2.3885865,28.306976
41.053234,41.59355,1.0303558,0.54031754,1.3161387
4.125775,4.903451,0.92927474,0.7776761,18.849213
5.5233183,5.7111325,0.9616366,0.18781424,3.4003878
43.044838,42.78058,0.9032632,0.26425934,0.61391646
2.196007,4.5644684,1.0804095,2.3684614,107.85309
1.9842525,5.2472305,1.0226516,3.262978,164.44371
27.590515,26.395887,0.8893546,1.1946278,4.3298492
3.0795438,3.2886257,1.4377736,0.20908189,6.789378
3.977424,5.825576,1.1696879,1.8481519,46.466053
39.100887,39.72729,0.9746135,0.6264038,1.6020194
2.9294245,5.305082,1.1848459,2.3756573,81.09638
5.405531,3.7089112,0.9734273,1.6966197,31.386736
6.086647,4.8875103,2.0539262,1.1991367,19.701105
2.5406497,4.6209235,0.946034,2.0802739,81.87961
41.94435,42.089314,1.0212408,0.14496231,0.34560627
8.967942,8.103128,0.9256395,0.8648138,9.643393
5.5974565,4.9739504,0.85642856,0.62350607,11.139096
23.145638,29.470476,0.95942473,6.3248386,27.326267
43.488346,41.163216,0.95890975,2.3251305,5.34656
44.3181,44.558224,0.91995215,0.24012375,0.5418187
39.502007,39.994095,0.924784,0.49208832,1.2457299
9.22658,10.175652,1.003556,0.9490719,10.286281
18.752121,19.246803,0.99431944,0.4946823,2.6380072
41.04259,41.772102,1.0602419,0.72951126,1.7774494
5.485206,4.115257,2.1027908,1.3699493,24.975348
6.1434364,7.10366,1.4433012,0.9602237,15.6300745
9.028598,9.928551,0.98037577,0.8999529,9.967803
3.0056849,4.914527,1.283972,1.9088421,63.50773
1.7731361,2.9527044,1.9356661,1.1795683,66.52441
40.71137,41.52495,0.93038136,0.81357956,1.9984088
28.030554,27.195597,1.0518544,0.8349571,2.9787393
42.966606,42.872406,0.9299946,0.094200134,0.21924034
16.771152,17.071383,1.0188417,0.30023003,1.7901574
2.401552,1.3728981,1.1089672,1.0286539,42.83288
37.189453,37.540325,1.0524528,0.35087204,0.9434719
37.608395,36.92654,1.0032856,0.68185425,1.8130374
49.942696,47.767757,0.96834356,2.1749382,4.3548675
30.478909,29.238852,0.93699574,1.240057,4.068574
15.820147,15.12055,1.0203584,0.6995964,4.422187
10.706336,10.581634,2.2015855,0.12470245,1.1647538
14.700606,12.274511,2.3161623,2.426095,16.503366
40.734856,41.608994,1.072102,0.8741379,2.1459212
32.377396,32.6014,1.3287565,0.22400284,0.69184947
44.137035,42.933426,0.87465763,1.2036095,2.726983
5.646909,3.959454,1.5554711,1.6874552,29.88281
7.1893015,6.026509,0.9237029,1.1627927,16.173931
40.050743,41.064705,0.8664569,1.0139618,2.5316927
30.724943,28.164133,1.9463652,2.56081,8.334629
7.2104254,7.488886,0.99801934,0.2784605,3.861915
9.135911,8.810016,0.972878,0.3258953,3.5671902
42.47716,42.583576,0.9436388,0.106414795,0.25052238
32.26848,32.592113,1.3609301,0.3236351,1.0029451
6.7843294,7.1089706,0.93944824,0.32464123,4.785163
7.144361,7.5523615,1.4410422,0.40800047,5.7108045
6.4771852,6.020335,1.4230739,0.45685005,7.053219
19.027052,25.616085,1.4862785,6.589033,34.629818
36.127663,37.63829,1.1148492,1.5106277,4.1813602
34.151497,35.387104,0.9295038,1.2356071,3.6180174
44.181602,51.849266,1.6054517,7.6676636,17.35488
12.823937,14.077523,0.89923316,1.2535858,9.775358
8.599375,8.517683,2.0354402,0.08169174,0.94997305
3.769942,3.2652884,0.96383697,0.5046537,13.386246
5.9045434,6.288504,1.2813042,0.38396072,6.5028014
8.593437,6.8888936,0.98573905,1.7045436,19.835411
36.579845,35.804176,1.3372368,0.7756691,2.1204822
8.175861,7.740798,1.3688548,0.43506336,5.3213153
6.4272566,6.4467225,0.94082934,0.019465923,0.3028652
9.122512,7.4936514,0.88534206,1.6288605,17.855394
41.222248,40.059803,0.8716458,1.1624451,2.8199458
49.93471,46.969418,1.0760074,2.965294,5.938342
37.575043,34.795414,0.8875451,2.7796288,7.39754
40.417225,34.754654,0.93259925,5.662571,14.010291
9.524708,7.048055,2.3052897,2.4766526,26.002401
34.035774,33.44321,0.95150715,0.5925636,1.7410023
6.356135,6.694126,1.2933952,0.33799124,5.3175597
23.471088,14.561591,1.7061567,8.909497,37.959454
3.841718,3.6649065,1.1238278,0.17681146,4.6024055
7.1818013,6.349978,0.8974508,0.83182335,11.582377
2.885106,5.6462126,0.957784,2.7611065,95.70208
10.48025,9.2394705,2.1867259,1.2407799,11.83922
10.266534,11.650621,2.1789448,1.3840876,13.481546
41.689625,39.617996,0.9393383,2.0716286,4.9691706
20.703953,20.758116,1.1218925,0.05416298,0.26160696
28.601112,29.422895,1.076011,0.82178307,2.8732557
4.6835833,4.7664633,0.9625959,0.08288002,1.7695857
6.76426,5.3446093,1.0169586,1.4196506,20.987522
37.848984,36.547394,0.98187006,1.30159,3.4389033
7.7892275,7.1002464,1.7588955,0.68898106,8.845306
5.452501,5.4083815,0.92797613,0.044119358,0.8091582
9.673335,9.04387,1.8694351,0.6294651,6.507219
10.2807665,13.515324,1.251409,3.2345572,31.462217
9.3225155,8.288147,0.93607956,1.0343685,11.09538
42.449657,40.75129,0.94062686,1.6983681,4.0008993
37.3332,38.574177,0.8618635,1.2409782,3.324061
36.55552,34.283825,0.9741799,2.2716942,6.2143674
3.552131,4.699082,0.9165791,1.146951,32.289097
10.329516,7.9385796,2.001062,2.3909369,23.146648
49.59614,47.61186,1.0548692,1.9842834,4.0008826
6.5330706,5.2568073,1.0732641,1.2762632,19.535427
28.204924,31.5169,1.2374661,3.3119755,11.742543
6.0539103,6.277239,1.6304004,0.22332859,3.6889973
35.43407,32.978615,1.0236187,2.4554558,6.9296465
6.017689,6.4164047,0.9364111,0.3987155,6.625725
28.271227,26.7568,0.9638562,1.5144272,5.356779
31.097448,30.865822,0.9768473,0.23162651,0.74484086
43.893715,44.36847,0.92456615,0.47475433,1.0815998
44.310333,38.036373,0.9328597,6.27396,14.159135
7.068584,6.5152574,1.0484473,0.5533266,7.8279696
19.580067,18.452278,0.89412117,1.1277885,5.759881
29.961779,28.835459,1.1964034,1.1263199,3.759189
6.460177,4.9303293,0.94695216,1.5298476,23.681202
40.07414,39.871407,0.87100255,0.20273209,0.5058926
9.581459,10.998131,1.0525436,1.4166718,14.785554
10.114561,7.5132594,1.2551187,2.6013017,25.718384
42.538223,42.47348,0.8881842,0.06474304,0.15219969
37.38907,36.75001,0.9573408,0.63905716,1.7092086
7.6003895,9.087969,1.4584328,1.4875793,19.572409
40.267746,40.18897,0.9191764,0.07877731,0.19563378
8.93252,8.645225,1.8192447,0.28729534,3.2162855
4.6450343,5.1850977,1.0083164,0.5400634,11.626682
6.684391,5.6065755,1.5188111,1.0778155,16.124365
40.80707,41.088715,0.8679116,0.2816429,0.6901816
4.1201525,4.770606,0.9479117,0.65045357,15.787124
5.5224714,5.0383224,0.8687227,0.48414898,8.76689
42.454426,42.339478,0.8739568,0.11494827,0.27075687
42.30106,40.943928,0.9010941,1.357132,3.2082694
41.87877,40.607986,0.93003356,1.2707825,3.0344312
39.272774,39.16347,0.9597964,0.10930252,0.2783163
43.880188,42.8379,0.9282433,1.0422897,2.3753083
42.9416,43.29528,1.04588,0.35367966,0.82362944
22.971968,20.958347,0.937474,2.0136204,8.765554
20.861492,19.280888,1.0532103,1.5806046,7.576661
4.1908755,5.1166363,0.990574,0.92576075,22.089912
6.0371985,5.7666087,1.1221255,0.27058983,4.482043
17.069143,15.008682,0.97478,2.060461,12.071262
21.729034,23.774677,1.8759719,2.0456429,9.41433
4.8556256,4.325737,0.999388,0.52988863,10.91288
6.881965,4.069915,2.140512,2.8120503,40.861156
37.496376,32.268333,1.0602089,5.2280426,13.942795
2.2775435,4.8260436,1.226014,2.5485,111.89687
7.950464,6.60018,1.0473832,1.3502836,16.98371
3.5586402,5.8755174,1.2492594,2.3168771,65.10568
3.6231563,5.0502963,1.2250761,1.42714,39.389416
35.813198,34.657246,0.99089307,1.1559525,3.2277274
9.999695,9.943346,2.3205192,0.0563488,0.56350523
4.1697783,4.976122,0.96067095,0.80634356,19.337803
43.527092,41.927483,0.9330332,1.5996094,3.6749742
3.5230896,5.665963,0.9897223,2.1428735,60.8237
42.171623,40.752087,0.92929393,1.4195366,3.3660944
4.7284803,5.1755967,1.8140765,0.44711637,9.455816
9.99604,9.594389,1.5832994,0.40165138,4.018105
10.122687,10.2718315,1.633729,0.14914417,1.4733654
22.264149,21.115368,0.86356974,1.1487808,5.1597786
7.3350906,5.135385,0.9798238,2.1997056,29.9888
48.69483,41.62712,1.5333207,7.067711,14.514295
18.369127,16.463917,1.1543841,1.9052105,10.371808
13.017195,16.838413,1.9216669,3.8212185,29.355162
1.6758697,6.0031247,2.3665197,4.3272552,258.20953
5.8601046,4.6255665,1.0824662,1.2345381,21.066828
9.761951,9.511013,1.1562784,0.25093842,2.5705764
5.9546313,6.8636074,0.9642517,0.9089761,15.265027
8.441827,7.85602,1.9431926,0.58580685,6.9393373
22.153353,19.159834,1.0467232,2.9935188,13.512712
39.801357,40.565342,0.9924368,0.7639847,1.919494
33.649242,34.390404,0.891475,0.74116135,2.2026093
40.10896,40.54025,0.8824021,0.43128967,1.0752951
4.5585165,4.9926167,0.90181696,0.43410015,9.522839
3.883605,4.997421,1.7073135,1.1138158,28.679945
8.005792,7.2163844,0.97324747,0.78940725,9.860453
17.654058,15.789038,0.96608335,1.8650208,10.5642605
38.289062,38.08637,0.9374811,0.20269394,0.5293782
3.9413178,3.508981,1.032153,0.4323368,10.969347
43.34399,42.090214,1.0235628,1.2537766,2.8926191
7.72003,5.7058425,1.5354583,2.0141873,26.090408
3.2320266,4.7100277,1.1451871,1.4780011,45.729855
26.166084,25.36031,0.96713805,0.8057747,3.0794623
40.092846,39.23536,1.040825,0.8574867,2.1387525
43.618237,44.252266,0.93398535,0.6340294,1.4535879
7.2183137,8.35951,0.9250763,1.1411967,15.809742
20.398926,18.600822,0.9155365,1.7981033,8.814696
26.650248,24.872583,0.9205501,1.7776642,6.6703477
41.54745,41.92882,0.912245,0.38137054,0.91791564
12.732054,11.3730545,1.8475502,1.3589993,10.673842
43.140774,42.432034,0.94002795,0.70874023,1.6428547
5.8088317,11.2946415,1.9719753,5.48581,94.439125
23.991821,24.382715,1.1248682,0.39089394,1.62928
39.6238,38.86819,0.9552613,0.7556076,1.906954
5.778293,5.4819984,1.3043802,0.2962947,5.12772
2.6756234,8.036117,1.5091995,5.360493,200.34558
8.818161,8.571505,1.5862428,0.24665642,2.7971413
34.9004,34.81748,0.9126612,0.082920074,0.23759063
4.60614,8.689899,1.8168123,4.0837593,88.65903
30.01657,30.234735,1.0532141,0.21816635,0.72681975
42.09669,39.47352,0.89307046,2.6231728,6.2313037
37.59373,37.05933,0.9122016,0.53440094,1.4215161
2.5713577,5.2517633,1.0168135,2.6804056,104.24087
5.8941145,9.641535,1.6368821,3.7474203,63.57902
44.87545,43.966835,0.88043076,0.9086151,2.0247488
6.842506,5.7705364,1.0839036,1.0719695,15.666329
6.2140584,7.593517,1.126583,1.3794584,22.198994
10.496158,9.2047415,2.2788696,1.2914162,12.303704
24.04727,18.069344,2.2103105,5.9779263,24.859064
18.764357,16.779741,0.94600046,1.9846153,10.576517
2.729888,2.744371,1.551925,0.014482975,0.5305337
15.726387,12.8058405,2.293844,2.9205465,18.570995
23.032745,21.621174,1.0021976,1.4115715,6.128542
31.844578,31.840132,0.965257,0.0044460297,0.013961653
35.67186,36.019093,0.881302,0.34723282,0.9734082
10.323547,9.211208,2.355978,1.112339,10.7747755
39.92499,40.415684,0.92905176,0.49069214,1.229035
12.178805,11.674595,0.9786717,0.5042105,4.140065
41.21815,41.08119,0.92809606,0.13696289,0.33228782
18.083084,17.042765,1.1370121,1.0403194,5.752998
8.746525,8.692827,0.88409567,0.053697586,0.6139305
41.67467,41.3221,0.96840066,0.35256958,0.8460045
6.3671756,7.5180135,0.936075,1.1508379,18.074543
3.421676,5.8836055,1.3467357,2.4619296,71.95099
10.595371,10.231462,0.89449626,0.36390972,3.4346104
7.0589943,6.7975674,0.96029013,0.26142693,3.7034585
38.004692,38.22892,0.93741065,0.2242279,0.59000057
10.35803,9.085324,2.3593688,1.272706,12.287143
12.753992,11.2617,0.9298357,1.4922924,11.700591
43.81385,42.978745,1.101549,0.8351059,1.9060317
9.588403,5.6671247,1.2265135,3.921278,40.89605
35.280922,35.633514,0.8871859,0.35259247,0.99938565
23.039333,22.423296,1.0399405,0.61603737,2.6738508
25.980797,26.449074,0.9064904,0.46827698,1.8023965
13.470981,10.58535,1.050253,2.8856306,21.421087
39.43816,39.918705,0.90520513,0.48054504,1.2184774
24.293251,24.229256,0.88939804,0.06399536,0.26342857
22.255869,21.449654,0.9473811,0.8062153,3.622484
19.910128,19.79868,1.0858397,0.11144829,0.55975676
3.926148,6.589849,1.0943846,2.663701,67.84515
9.956422,7.898404,1.1335038,2.0580177,20.670254
4.3181143,6.80327,1.040102,2.4851556,57.551872
2.0239115,5.438925,1.1591856,3.4150133,168.73334
6.5542865,7.2899776,1.1342032,0.7356911,11.224579
7.568261,8.459513,0.9653472,0.89125156,11.776173
12.828351,12.574264,2.2592015,0.25408745,1.9806712
43.957676,41.36771,0.9211127,2.5899658,5.8919535
5.7006507,3.9318542,1.0902219,1.7687964,31.027973
40.674107,41.68906,0.8899254,1.0149536,2.495331
7.57677,6.5534115,0.8953925,1.0233583,13.506525
44.139736,43.463833,0.9427743,0.6759033,1.5312809
11.213318,10.51786,0.9518616,0.69545746,6.202067
41.473568,41.822025,1.0597458,0.34845734,0.84019136
11.909323,13.289278,2.2946746,1.3799553,11.587185
34.354656,33.233894,0.94566596,1.1207619,3.2623289
33.59992,36.72837,1.0516646,3.1284523,9.310892
8.527805,7.942971,0.9899523,0.5848341,6.8579674
29.83251,30.092907,0.98181736,0.26039696,0.87286305
19.442226,26.294806,1.0808954,6.852579,35.245857
27.250315,28.910732,0.95011723,1.6604176,6.093205
12.074052,11.278898,0.9761444,0.7951536,6.5856404
21.964113,22.573643,0.9595897,0.6095295,2.7751155
25.371235,23.72079,0.8699623,1.650444,6.505178
12.977276,10.28546,2.3256004,2.6918154,20.74253
32.168243,32.729603,1.2627602,0.5613594,1.7450732
21.577564,21.687183,1.0464367,0.10961914,0.5080237
11.194562,10.394365,0.9018283,0.80019665,7.148084
3.239348,6.3197527,0.9310364,3.0804048,95.09335
27.397402,26.48129,1.0178527,0.916111,3.343788
29.756212,29.40731,0.93962866,0.34890175,1.1725341
3.135444,4.433428,0.9070304,1.2979839,41.397133
41.55735,41.7854,0.93429494,0.22805023,0.5487603
12.582247,9.99734,0.89864784,2.5849066,20.544079
13.709442,16.484764,0.91221464,2.775322,20.243872
10.261049,7.2092495,2.3696198,3.0517998,29.741596
42.404827,43.085304,0.893236,0.68047714,1.6047162
25.40779,24.0115,0.9329392,1.3962898,5.4955187
6.00515,5.485676,0.8995518,0.519474,8.6504755
40.92302,41.43862,0.9550521,0.5156021,1.2599318
11.85242,10.815857,0.9156261,1.0365629,8.745581
49.410305,44.86064,1.3712474,4.5496635,9.207925
2.3980458,4.0857677,0.94888484,1.687722,70.37906
22.503426,22.330053,0.9502113,0.17337227,0.7704261
44.712646,44.78787,0.97790724,0.075222015,0.16823432
9.238595,7.549902,0.91634345,1.688693,18.278679
43.099186,44.30367,0.99709535,1.204483,2.794677
8.597586,7.777299,0.8649226,0.82028675,9.540896
3.948514,4.1226683,0.97537154,0.17415428,4.4106283
4.260372,6.1938562,2.1563852,1.9334841,45.382984
2.7028902,4.378607,0.92746574,1.6757166,61.99722
7.416783,3.8441167,1.0552346,3.5726662,48.170025
6.819931,6.6155295,1.0983435,0.2044015,2.9971197
44.900394,42.289215,0.9433169,2.6111794,5.8154926
41.557526,42.19157,1.0145079,0.63404465,1.5257035
24.413721,26.94341,0.870453,2.5296898,10.361754
2.3115962,4.027815,1.8669288,1.7162187,74.24388
42.36762,41.52654,0.98040885,0.8410797,1.9851947
40.798763,41.495285,0.9927496,0.69652176,1.7072129
40.78619,41.922592,0.90857995,1.1364021,2.7862425
6.1938477,5.227861,1.3939081,0.9659867,15.595907
29.31201,29.928318,1.2707537,0.6163082,2.102579
8.687059,9.145618,0.9754808,0.45855904,5.278645
29.184433,27.554037,0.9030692,1.6303959,5.5865254
3.4361825,4.6499248,0.97548395,1.2137423,35.322403
15.522177,15.110193,1.0048476,0.4119835,2.6541605
36.693905,33.383316,0.9857971,3.3105888,9.022177
27.68367,27.614813,0.93222463,0.06885719,0.24872856
6.854027,6.2440224,1.3167148,0.6100044,8.899942
10.797456,9.057903,2.3354723,1.7395525,16.110762
10.354171,9.898567,0.95507157,0.4556036,4.400194
11.490014,10.605806,0.9858346,0.8842077,7.6954455
3.5503418,6.236061,1.0636859,2.6857193,75.64678
4.498851,3.1833916,1.0618892,1.3154593,29.239895
19.739481,20.440493,1.3363497,0.70101166,3.5513177
23.28041,22.08106,0.9474943,1.1993504,5.1517577
37.04026,36.333286,0.9214952,0.706974,1.9086637
8.803064,9.18753,1.9360802,0.38446522,4.367402
11.169607,6.3253407,1.2287397,4.8442664,43.370068
24.055532,23.877386,1.5186487,0.17814636,0.740563
6.4495273,4.8500056,1.0816078,1.5995216,24.800602
41.560352,41.638508,0.9777882,0.07815552,0.18805307
19.386208,19.571798,0.9315351,0.18559074,0.9573339
40.98379,40.397064,0.9133198,0.58672714,1.4316077
9.953083,8.1458435,0.9461744,1.8072395,18.157585
44.475296,44.47901,0.983689,0.0037155151,0.00835411
2.18836,3.5471263,1.2457489,1.3587663,62.090622
36.24559,36.863087,1.0803533,0.6174965,1.7036458
13.161466,12.260754,0.91064537,0.900712,6.8435535
42.143612,42.301334,0.8934284,0.15772247,0.37425002
5.616544,6.560857,1.0161166,0.94431305,16.813063
9.803684,8.851004,0.89994985,0.9526806,9.717577
11.487155,11.348753,2.3181503,0.13840199,1.2048413
39.72648,39.927826,1.0557171,0.20134735,0.50683415
9.934626,8.864562,2.358638,1.0700636,10.771051
11.979544,11.390705,0.9747495,0.5888386,4.915367
7.306241,6.260334,1.5882721,1.045907,14.315254
43.54455,46.027195,1.4137895,2.4826431,5.7013865
6.1745434,5.6538477,0.9167464,0.5206957,8.432942
30.366356,30.729542,0.89627737,0.36318588,1.196014
3.708434,3.9290266,0.9906433,0.2205925,5.9484
43.760082,45.082375,1.102728,1.3222923,3.021686
8.62734,8.336441,1.8735573,0.29089928,3.3718302
7.781008,8.369223,1.0403581,0.5882149,7.5596232
40.27743,28.067886,1.1015928,12.209545,30.313612
2.4401643,3.4332504,1.3705951,0.9930861,40.69751
35.33275,35.31898,0.9339473,0.013767242,0.03896454
32.770916,30.972366,0.91603845,1.7985497,5.48825
27.376661,27.402601,0.9395419,0.025939941,0.09475203
5.8713527,6.698296,0.9370769,0.8269434,14.084375
7.373001,6.6985664,0.941375,0.67443466,9.147356
21.666792,20.735521,0.9929534,0.9312706,4.298147
1.6785946,0.0,1.0742476,1.6785946,100.00001
9.775771,10.617591,1.1614188,0.84181976,8.611287
48.90141,47.309265,1.2377013,1.592144,3.2558243
4.831376,4.8804564,1.1844414,0.04908037,1.0158674
2.5704951,5.072859,0.97214055,2.5023637,97.34949
43.09751,43.212784,0.947755,0.11527252,0.26746908
38.21592,38.58924,0.85558516,0.37332153,0.9768744
27.505146,25.47141,1.235259,2.0337353,7.3940177
14.83759,12.108364,0.95889753,2.729226,18.394
27.7569,28.429853,1.0891522,0.67295265,2.4244516
14.553208,14.28022,0.90910465,0.27298832,1.8757948
6.074018,7.0716033,1.1288779,0.9975853,16.423813
3.8526235,4.403495,1.1965657,0.5508714,14.298603
40.491184,41.403957,0.919158,0.91277313,2.2542515
41.06897,39.651188,0.93869776,1.4177818,3.4521973
5.9424486,5.088319,0.9661673,0.8541298,14.373364
6.9377728,8.987619,1.0673126,2.0498466,29.546177
4.078011,4.50033,0.94248265,0.42231894,10.356003
8.787753,8.77866,0.93376374,0.009093285,0.103476785
37.745075,35.85385,0.8920503,1.8912239,5.0105186
6.4973307,8.53968,2.2872891,2.0423489,31.433662
10.457668,9.992912,0.94733375,0.464756,4.4441648
3.815889,3.6385214,0.93301326,0.17736745,4.648129
14.584664,14.521137,0.94252217,0.06352711,0.43557468
13.942667,13.016485,1.0299281,0.9261818,6.642788
31.941929,31.20783,0.92836887,0.73409843,2.2982283
19.244242,17.22277,0.91777956,2.021471,10.50429
2.0335479,4.647851,1.0242765,2.614303,128.55872
33.618393,32.93287,1.0493753,0.685524,2.0391338
17.979156,16.561495,0.899678,1.4176617,7.8850293
17.27489,17.024244,0.93332374,0.2506466,1.4509301
6.7621922,7.8074455,0.99918467,1.0452533,15.4573145
4.9357595,3.8510032,1.0429469,1.0847564,21.977497
43.057816,42.331062,0.94333756,0.72675323,1.6878544
9.127616,9.907986,0.97421145,0.78036976,8.549546
14.28363,13.342549,1.0223798,0.94108105,6.5885286
11.218289,9.796143,0.97332835,1.4221468,12.677037
39.260468,34.170544,0.9875659,5.089924,12.964501
43.997913,43.100536,1.097591,0.897377,2.03959
43.452644,43.027973,0.91565394,0.42467117,0.97731954
9.1111355,9.512196,2.3322082,0.4010601,4.4018674
3.6980157,4.063469,1.5403024,0.36545324,9.882415
23.874994,19.819687,1.0999076,4.0553074,16.985584
41.68092,40.037262,0.89041156,1.6436577,3.9434295
34.21329,35.200333,1.013158,0.9870415,2.884965
37.10338,36.559196,0.9058692,0.5441818,1.4666638
35.06428,33.773407,0.9537226,1.2908745,3.6814513
18.642889,16.941446,1.0371854,1.7014427,9.126497
22.874365,22.138866,0.99471694,0.7354984,3.215383
12.489268,11.263617,2.2974238,1.2256517,9.813639
42.61606,41.405632,0.93844295,1.2104263,2.8403058
49.989803,55.43373,1.0767056,5.443928,10.890076
9.592773,8.433683,1.5247374,1.15909,12.082951
17.725561,16.81023,0.90777665,0.9153309,5.1639037
6.5350575,5.7730856,0.9677155,0.76197195,11.6597595
44.04547,44.782284,1.3604673,0.7368126,1.6728452
2.5589037,5.2937393,0.91190356,2.7348356,106.87528
18.44719,20.314598,0.95334756,1.8674088,10.122999
4.744556,4.0369153,1.0176144,0.70764065,14.914793
24.64873,22.61947,0.9112809,2.0292587,8.232711
34.75601,35.195564,0.8609122,0.43955612,1.264691
34.81555,35.97692,0.9107014,1.1613693,3.3357775
44.403103,44.064926,1.0037117,0.33817673,0.7616061
37.912964,37.876354,0.8698516,0.03660965,0.096562356
27.812572,31.928179,0.9684984,4.1156063,14.797647
4.9945345,3.8920436,1.018882,1.1024909,22.073948
3.5554883,4.31394,0.9521103,0.7584517,21.331858
20.075836,18.246916,0.8994559,1.8289204,9.110058
7.427732,8.918245,0.9085356,1.4905133,20.06687
1.776104,9.260223,2.3446646,7.4841194,421.37845
44.249275,44.557903,0.9338304,0.30862808,0.697476
3.8406217,8.997257,1.0736108,5.1566353,134.26564
3.6624913,4.696311,0.90537554,1.0338197,28.227224
6.7806873,6.190656,1.0590857,0.59003115,8.701642
5.306412,4.6961164,0.9939216,0.6102958,11.501101
39.395695,40.662346,0.8782215,1.2666512,3.2152019
36.817562,35.854965,1.6518914,0.9625969,2.6145048
7.836432,6.6093526,1.8342074,1.2270794,15.658649
10.96,7.7309766,2.3681076,3.2290235,29.461893
23.682508,21.228123,1.052814,2.4543858,10.363707
38.50703,39.89406,0.9789674,1.3870277,3.6020117
10.410148,9.028727,0.9212155,1.3814211,13.269947
26.301825,17.887604,1.9019269,8.414221,31.991014
20.175337,22.804333,0.90467715,2.628996,13.030742
5.9189315,5.4261775,1.1822035,0.49275398,8.325049
18.799541,17.01986,0.9099563,1.7796822,9.466625
12.020112,10.07649,1.9163322,1.9436216,16.169746
3.9184048,4.6534934,1.0356984,0.7350886,18.759893
42.209854,42.383385,0.99235755,0.17353058,0.4111139
5.4167,4.5215187,0.95807344,0.8951812,16.526321
7.1156797,6.257249,0.90276927,0.85843086,12.063933
43.757,43.491653,0.93616664,0.26534653,0.6064093
1.2864922,2.462428,1.9893554,1.1759359,91.40637
36.50634,35.136803,0.9536293,1.3695374,3.7515056
4.091787,6.0197325,1.1065711,1.9279456,47.117447
24.215591,25.224773,1.033342,1.009182,4.1674886
10.899114,8.526636,1.4213494,2.3724775,21.76762
6.2519417,5.3698373,2.2279356,0.8821044,14.109287
39.2194,40.255962,0.97102845,1.0365639,2.6429877
43.93451,44.481228,0.933372,0.5467186,1.2443944
5.487317,5.2569275,0.9640121,0.2303896,4.1985836
3.6290102,4.357123,1.0055509,0.7281127,20.063673
2.3498168,4.168268,1.3971578,1.8184514,77.38694
5.296575,6.498405,1.2942163,1.2018299,22.690699
1.047349,4.0876102,2.3428805,3.0402613,290.2816
42.32271,42.122906,0.8954787,0.1998024,0.47209266
7.3716435,6.4219236,0.9553172,0.9497199,12.883422
6.3062296,5.5723195,0.9934105,0.7339101,11.637858
44.63261,43.363335,1.0277293,1.2692757,2.8438303
6.8639636,5.4780755,1.2413913,1.3858881,20.190784
9.639573,10.39566,1.7350384,0.7560873,7.843577
40.017517,40.69364,0.9643293,0.6761246,1.6895715
4.917066,5.653752,1.3324202,0.73668575,14.982223
1.1425492,1.4778161,1.1116574,0.33526695,29.343765
43.075325,41.154667,0.95828396,1.9206581,4.458836
43.946808,44.682793,1.0017934,0.7359848,1.6747173
43.092438,43.09388,0.9459836,0.0014419556,0.0033461917
11.171615,12.202079,1.1449176,1.0304642,9.22395
24.387783,24.555431,1.0594761,0.16764832,0.68742746
4.2013383,5.267954,1.160151,1.0666156,25.38752
41.288765,38.26831,0.93295807,3.0204544,7.3154387
41.10641,40.45609,0.9827023,0.65032196,1.5820451
41.556587,41.53363,0.96601427,0.022956848,0.055242382
10.975869,10.373907,0.95023966,0.6019621,5.4844136
40.730976,42.154137,0.93963856,1.4231606,3.4940498
11.610753,11.8808775,2.3281498,0.27012444,2.3265023
27.944319,27.750008,0.9508158,0.19431114,0.6953511
3.0845385,4.5276937,0.9789862,1.4431553,46.786747
8.322006,7.951629,0.95025975,0.37037706,4.450574
44.947247,43.513165,0.99310905,1.434082,3.1905892
40.52905,41.33374,1.0001847,0.8046913,1.985468
21.889763,19.629555,0.9955641,2.2602081,10.325412
29.342772,28.2055,0.9198666,1.1372719,3.875816
3.4112074,5.911595,0.9250163,2.5003874,73.29919
6.015786,5.5731997,0.93316275,0.44258642,7.357084
44.528526,43.35534,1.033473,1.1731873,2.634687
10.767099,12.387764,2.0032575,1.6206646,15.052008
9.111585,7.1601663,0.89721376,1.9514184,21.416895
6.4940276,7.652466,0.9604793,1.1584382,17.838516
11.170401,12.773019,0.9670321,1.6026182,14.347008
6.793525,7.547148,1.1791347,0.753623,11.093255
38.0343,36.1663,0.9700564,1.868,4.911356
10.0217905,7.882531,0.93074596,2.1392593,21.346079
37.77049,35.928288,0.8981094,1.8422012,4.877356
7.6869397,5.001831,1.3564082,2.6851087,34.93079
9.776941,10.940338,1.3857532,1.1633968,11.899395
4.5326056,5.0243206,1.0340998,0.49171495,10.848394
43.73596,42.885937,0.88469684,0.85002136,1.9435297
32.9307,32.485153,0.9908067,0.4455452,1.3529782
11.473285,7.053816,2.038963,4.419469,38.51965
38.219093,38.923244,0.9638706,0.70415115,1.8424067
8.013273,5.626499,2.11426,2.386774,29.785257
24.556402,23.022684,0.95894426,1.5337181,6.2456956
43.48702,42.763817,0.93920684,0.72320175,1.6630291
5.933466,5.502411,0.97055644,0.43105507,7.2648106
4.531875,3.750571,1.3657805,0.7813041,17.240194
39.8708,37.830704,0.9490549,2.0400963,5.116768
2.8430643,5.8419523,0.9286033,2.998888,105.480835
44.41244,43.2738,0.94027346,1.1386414,2.5637891
5.0872407,5.3784266,0.9385776,0.29118586,5.7238464
44.765648,44.503494,0.99765545,0.26215363,0.58561337
31.719559,32.049816,1.0607383,0.33025742,1.0411791
24.549574,23.557259,1.0507517,0.9923153,4.0420876
20.655062,18.509777,0.98070794,2.1452847,10.386242
8.901643,9.215572,0.93405783,0.31392956,3.5266473
34.963917,33.468422,1.0837637,1.4954948,4.277252
4.0314183,5.0390224,0.99199665,1.0076041,24.993788
40.007015,40.384457,0.9220854,0.3774414,0.94343805
34.775166,35.763607,0.9022264,0.98844147,2.8423774
10.139753,10.191713,1.6766257,0.05195999,0.5124384
2.7492146,3.8295612,1.4117099,1.0803466,39.296555
42.62667,42.539635,0.9532485,0.08703613,0.20418234
25.042007,23.959837,1.008364,1.0821705,4.3214207
38.193314,38.793785,0.9448679,0.6004715,1.57219
8.497626,7.517737,1.2284762,0.9798894,11.53133
9.166026,8.410696,0.93125254,0.7553301,8.24054
41.091904,44.061245,1.0242409,2.9693413,7.2260985
5.5777855,5.9035683,1.0041888,0.32578278,5.8407187
5.9845004,5.439386,1.5237714,0.5451145,9.108772
11.806073,10.090973,2.3133833,1.7151003,14.527271
30.369526,33.397808,1.2487183,3.0282822,9.97145
6.320761,5.634061,1.3258325,0.68670034,10.864203
11.829649,12.561958,2.0777535,0.73230934,6.190457
7.046257,4.728509,0.9328175,2.317748,32.893322
44.771996,44.023697,0.9704952,0.74829865,1.6713543
5.9841275,5.6457734,1.2015902,0.3383541,5.654193
7.1026845,7.997511,0.9913143,0.8948264,12.598426
25.86904,24.530474,0.88116133,1.3385658,5.174393
42.97562,42.97719,0.9268082,0.0015678406,0.0036482094
3.729834,4.5031314,1.0023823,0.7732973,20.732752
8.541828,7.971545,1.4169332,0.57028294,6.676357
41.69045,39.09151,0.92808527,2.598938,6.233893
9.905086,11.924404,1.9755805,2.0193186,20.386684
24.172564,22.863472,0.9410566,1.3090916,5.415609
4.366395,5.4516973,1.0879678,1.0853024,24.855799
19.261677,20.639591,0.93673617,1.3779144,7.153658
43.986866,43.59011,1.0574485,0.39675522,0.90198565
1.1977059,3.411771,2.3270524,2.214065,184.85884
12.645931,11.504257,2.3130846,1.141674,9.027995
36.79788,37.34654,0.95245934,0.5486603,1.4910107
42.39988,41.302177,0.92003244,1.097702,2.5889273
6.0158343,5.8840303,1.022074,0.13180399,2.190951
5.6319256,4.588664,0.99106604,1.0432615,18.524065
29.417837,37.12831,0.89678663,7.710474,26.210201
34.915398,35.480194,0.92034674,0.56479645,1.6176143
41.7171,41.841934,0.9284849,0.12483597,0.29924414
7.596414,5.7330933,2.229769,1.8633208,24.528952
43.7958,43.94818,0.94919103,0.1523819,0.34793726
44.038914,44.769596,1.0325029,0.7306824,1.6591743
43.047398,43.273964,0.90415996,0.22656631,0.52631825
7.1259465,5.621315,1.2638031,1.5046315,21.11483
27.03646,25.151888,1.5465205,1.884573,6.970487
4.8603754,5.668022,1.1214441,0.80764675,16.616962
11.573554,9.647755,1.5700431,1.9257994,16.639654
42.422623,40.539665,0.9348649,1.8829575,4.438569
28.492332,27.165783,1.0582988,1.3265495,4.6558123
5.0683994,5.3668737,0.87684864,0.2984743,5.8889265
6.137739,5.0811334,1.6479633,1.0566058,17.214903
3.4715917,5.9082685,1.482069,2.4366767,70.18903
10.752654,12.535091,2.276804,1.7824373,16.57672
28.128212,28.613678,1.0065194,0.485466,1.7259042
6.554419,5.583992,1.3249059,0.97042704,14.805691
5.9469867,7.227414,2.0374503,1.2804275,21.530693
36.952545,37.455063,1.2832584,0.5025177,1.3599001
5.9485087,6.0196877,0.9497711,0.07117891,1.1965841
14.803897,12.545765,0.9247286,2.258132,15.253633
23.740534,23.373907,0.9422618,0.36662674,1.5443071
14.057322,13.695731,0.9994591,0.3615904,2.5722566
4.599916,5.1486816,1.0349942,0.54876566,11.929906
1.642546,2.3835058,1.044235,0.74095976,45.110443
6.4441433,6.034586,1.3548809,0.40955734,6.3554974
5.1863847,5.903802,1.4901611,0.71741724,13.832704
6.8406496,5.543691,0.9387097,1.2969584,18.959581
5.9386115,5.273408,1.056523,0.6652036,11.201331
3.9571373,7.9397883,2.3573723,3.982651,100.64475
7.11332,7.614872,1.3030646,0.5015521,7.0508866
5.2477283,3.8762052,1.0240628,1.3715231,26.13556
9.827961,6.9462533,1.5062008,2.8817077,29.321522
8.184365,8.506239,0.93166894,0.32187366,3.9327872
13.417244,12.469451,2.2488232,0.947793,7.0639915
10.279229,12.111382,2.2890284,1.8321524,17.823832
5.380114,4.3989525,0.9382417,0.9811616,18.236816
39.037853,39.276466,0.9193764,0.23861313,0.61123526
6.214248,5.4959555,1.0725073,0.7182927,11.558803
6.768354,6.0904856,0.927539,0.67786837,10.015262
4.4289575,5.9886527,1.036741,1.5596952,35.215855
4.384726,5.8622656,0.932066,1.4775395,33.69742
3.909937,4.6891637,0.93927896,0.7792268,19.929396
2.800658,2.1932998,1.0373192,0.6073582,21.686268
18.492678,15.2818165,0.9431571,3.2108612,17.362879
2.9273405,4.5415697,2.3358862,1.6142292,55.143196
3.171949,3.6254325,1.168769,0.45348358,14.296686
36.908764,37.061623,0.92542726,0.15285873,0.41415295
41.19052,41.905857,0.9335444,0.71533585,1.7366517
41.710186,42.836437,0.93720436,1.1262512,2.7001827
11.388991,10.126199,0.9061889,1.2627926,11.087835
29.12417,27.796204,0.95611596,1.3279667,4.559672
12.01186,9.833048,0.9294348,2.178812,18.13884
12.784588,13.095821,0.9721494,0.31123352,2.4344432
14.064778,13.654827,0.91766006,0.4099512,2.9147363
27.795404,34.361237,0.94974,6.565832,23.622005
9.212584,10.337472,1.971469,1.1248884,12.210347
14.717829,18.283318,0.967425,3.5654888,24.225645
8.7569275,9.451056,1.6646628,0.69412804,7.926616
5.719062,6.4551067,1.0096345,0.7360449,12.870029
42.549126,40.244118,0.9421874,2.305008,5.4172864
12.5423355,10.906044,0.9633708,1.6362915,13.046146
3.111812,4.3123283,1.4305648,1.2005162,38.579327
10.249538,8.219697,0.9357191,2.0298414,19.804224
7.9860225,6.477971,1.225796,1.5080514,18.883636
11.681002,13.135729,1.2501047,1.4547272,12.453788
5.860865,2.4193425,1.3226246,3.4415226,58.720383
8.170842,8.744216,1.8744289,0.5733738,7.017316
5.901887,6.8433404,1.0226744,0.94145346,15.951736
5.4960127,4.394615,0.96847254,1.1013975,20.039938
33.970383,34.913105,0.9923816,0.9427223,2.77513
39.035854,38.993435,0.9634228,0.042419434,0.10866787
8.375186,7.5302773,1.1318287,0.8449087,10.088239
4.3524137,5.325095,0.93698967,0.9726815,22.348095
39.85801,39.603485,0.9736115,0.25452423,0.6385774
13.490061,14.641901,0.91320544,1.1518402,8.538436
38.2451,38.94706,1.0087507,0.7019615,1.8354287
9.009638,8.56542,1.3986189,0.44421768,4.930472
39.788998,37.242405,0.93460494,2.5465927,6.4002433
8.115823,8.040274,1.1057036,0.075549126,0.9308868
42.621834,43.15085,0.90867233,0.5290146,1.2411821
43.99723,42.70985,1.0568948,1.2873802,2.9260483
19.224272,17.328789,0.9239793,1.895483,9.859843
22.62596,23.029425,1.5718747,0.40346527,1.7831963
34.4042,33.560333,1.1832496,0.84386826,2.4528058
5.1678224,5.902728,1.2729974,0.7349057,14.2208
7.5765615,5.727084,0.9192573,1.8494773,24.41051
21.650024,19.520563,0.939856,2.1294613,9.835838
42.139153,42.37775,0.93392384,0.23859787,0.5662142
36.117912,36.729916,0.9698937,0.6120033,1.6944593
33.466087,34.35433,0.9193177,0.8882408,2.654152
37.410748,39.97911,1.0307139,2.5683632,6.865308
41.993458,42.610527,0.9418422,0.61706924,1.4694414
39.526485,40.677975,0.95100534,1.1514893,2.9132094
6.330093,7.5012302,1.0400239,1.1711373,18.501108
12.329316,11.684626,0.903619,0.6446905,5.228924
3.1134536,4.5931816,0.989711,1.479728,47.526897
24.222197,23.38046,0.92917544,0.84173584,3.47506
12.33223,9.219206,0.97510946,3.1130238,25.242992
1.8818876,2.7599452,1.6474171,0.8780576,46.658348
42.203514,41.796017,1.0171248,0.4074974,0.9655533
10.568163,8.141808,0.9226399,2.4263554,22.959103
24.520428,27.949142,0.9408539,3.4287148,13.983094
26.00962,26.388363,0.91228074,0.37874222,1.456162
7.174524,6.426349,1.0128582,0.74817467,10.428213
44.72231,43.926228,0.953247,0.79608154,1.7800547
4.3924913,3.828526,1.0363269,0.5639653,12.839304
9.369888,10.162904,2.1253047,0.7930155,8.463446
4.858307,4.733692,0.92132235,0.124614716,2.5649824
39.549847,40.5837,0.9676623,1.0338516,2.614047
7.553377,6.1148796,0.9248288,1.4384975,19.04443
42.183636,42.17255,0.9358215,0.01108551,0.026279172
35.015636,35.40224,0.90074533,0.3866043,1.1040905
4.8407493,3.9297721,1.1627003,0.9109771,18.818928
5.7173085,4.6394887,1.2921222,1.0778198,18.851875
3.9417782,5.3713064,0.9650895,1.4295282,36.266075
41.813156,42.253162,0.9297967,0.44000626,1.0523154
14.538411,14.309092,0.91349024,0.22931957,1.5773358
39.7083,38.036484,0.98584884,1.6718178,4.2102475
40.527855,41.70276,0.9650213,1.1749039,2.8990033
5.0921807,5.1223154,1.1641524,0.030134678,0.59178334
6.400841,6.244483,0.9999332,0.15635824,2.4427764
9.201103,7.490369,0.9739371,1.7107344,18.59271
3.4567978,5.335927,0.93681383,1.8791292,54.3604
16.341202,13.928068,0.9510279,2.4131336,14.767173
30.728268,28.646273,0.9089226,2.081995,6.7755036
42.674084,42.962208,0.98424464,0.28812408,0.67517346
44.80814,40.692917,0.9306007,4.115223,9.184096
30.610035,31.692694,1.0302405,1.0826588,3.5369406
40.265194,40.291756,0.88450253,0.026561737,0.06596699
7.601384,8.495094,1.3064886,0.89371014,11.757203
33.156807,33.356205,0.9119211,0.19939804,0.6013789
8.023922,8.272618,1.1392493,0.24869633,3.099436
36.12614,37.307255,0.9254123,1.1811142,3.269417
34.842674,32.970318,1.0404177,1.8723564,5.373745
32.47599,31.624834,0.96678746,0.85115623,2.6208785
23.640568,22.446432,0.93511885,1.1941357,5.051214
39.035336,39.399,0.8867897,0.36366272,0.9316244
10.259167,8.419403,1.5363365,1.8397636,17.932877
41.49409,39.966415,0.9460025,1.5276756,3.6816702
39.617134,39.84341,0.90709877,0.2262764,0.57115793
43.854343,44.037342,0.9467379,0.18299866,0.4172874
21.590506,20.099474,1.1153678,1.4910316,6.9059596
6.109592,5.3768983,1.0011955,0.7326937,11.992514
36.621017,34.724194,0.96885085,1.8968239,5.1796045
1.3910477,0.7351146,1.9145548,0.65593314,47.153893
39.09735,38.15304,0.98402345,0.94430923,2.4152768
24.789162,26.738388,0.96164083,1.9492264,7.86322
11.299769,8.833004,1.498913,2.4667654,21.830229
43.994774,43.864697,0.90194225,0.13007736,0.29566547
36.32046,33.1683,0.9364951,3.1521606,8.678746
8.144531,7.216218,1.6744385,0.92831326,11.397995
6.1430345,5.028956,1.0465872,1.1140785,18.13564
4.6995134,6.8157845,0.9804135,2.116271,45.031704
27.428967,27.223877,1.4321917,0.20508957,0.7477116
3.6693542,5.604151,1.2093797,1.9347966,52.72853
3.3107717,7.423727,0.965176,4.112955,124.2295
14.064151,17.486559,1.3430856,3.422408,24.334269
5.4900665,3.3795433,1.0121669,2.1105232,38.44258
3.8106859,4.842279,1.2608378,1.0315931,27.07106
8.474929,7.166629,1.908754,1.3083,15.437298
20.306068,23.350506,1.3032225,3.0444374,14.992746
14.707102,14.816267,0.9031706,0.10916519,0.74226177
2.376364,2.1809564,0.9658244,0.19540763,8.222967
37.718235,38.437035,0.9723262,0.7187996,1.9057084
18.323326,21.597456,0.97917855,3.2741299,17.868645
3.2834165,3.5560145,1.3548379,0.27259803,8.302268
5.867463,5.396522,0.99579036,0.47094107,8.026316
42.167656,38.921967,0.93417627,3.2456894,7.6971064
41.684845,41.613445,0.9567631,0.07139969,0.17128453
9.005856,7.322271,1.0369995,1.6835847,18.694334
10.574427,9.149685,0.97972894,1.4247417,13.473466
1.9410006,7.118663,2.169202,5.1776624,266.75223
25.726137,28.86346,1.0326128,3.1373234,12.195081
34.882416,33.5076,0.91821593,1.3748169,3.9412892
33.783813,32.705334,1.0166365,1.0784798,3.1922972
43.98463,43.57296,0.9650626,0.41167068,0.9359421
11.0074415,10.712088,1.0432199,0.2953539,2.6832201
38.056465,38.54913,0.87573856,0.49266434,1.2945615
12.404219,11.491204,2.3226848,0.9130144,7.360515
17.864206,15.931999,1.0279056,1.9322071,10.816081
22.814293,22.440573,1.2216405,0.37372017,1.6380967
14.767214,18.284548,0.90290207,3.517334,23.818535
43.190094,43.936295,1.1205934,0.74620056,1.7277123
8.170588,7.7068963,1.9643234,0.46369123,5.6751275
6.0379553,7.781179,1.6048951,1.7432237,28.871094
43.177853,41.19056,0.927485,1.9872932,4.6025753
13.2330475,10.861301,0.9751466,2.371746,17.922901
14.515034,13.554138,0.90553325,0.96089554,6.6200023
10.924891,9.517863,2.238682,1.4070282,12.879105
5.8672194,4.69462,1.0074843,1.1725993,19.985605
42.047676,42.22309,0.9566761,0.17541504,0.41718128
37.12584,36.215096,0.9318299,0.9107437,2.4531262
8.254573,10.900463,0.9929013,2.6458902,32.05363
7.024683,5.2504554,0.99545586,1.7742276,25.25705
42.14562,41.377598,0.93281674,0.76802063,1.8223025
6.0410366,6.3320026,1.0812346,0.29096603,4.8164916
6.6699886,7.275278,1.0000478,0.60528946,9.07482
37.93864,38.114365,0.95667166,0.17572403,0.46317956
4.9727607,3.9996238,0.87779385,0.9731369,19.56935
4.2587233,4.733909,0.95874065,0.47518587,11.157942
40.296837,38.630733,0.97232866,1.6661034,4.134576
18.56975,21.553955,0.9077735,2.9842052,16.070251
37.395336,38.659134,0.9614162,1.2637978,3.3795598
16.900568,15.756277,1.0498409,1.1442909,6.770725
8.549429,7.1250634,0.91374445,1.4243655,16.660358
28.527555,27.428442,1.0843526,1.0991135,3.8528132
7.6035705,7.7879777,1.5289091,0.18440723,2.4252715
43.502426,42.07823,1.030836,1.4241943,3.2738273
41.934723,39.60299,0.91939116,2.3317337,5.560389
15.483841,13.74356,1.036952,1.7402811,11.239337
9.194355,6.76946,2.2881138,2.4248948,26.373735
37.802708,38.270542,0.9272639,0.46783447,1.2375687
24.25921,25.407057,0.99280626,1.1478462,4.7315893
48.938316,42.08714,1.0204332,6.851177,13.999618
40.198753,33.435574,1.2052686,6.76318,16.824352
44.281174,44.81726,0.9365165,0.53608704,1.2106433
35.25269,32.942192,0.9560454,2.3104973,6.5541024
9.7893,7.1818333,0.929542,2.6074667,26.635885
9.990168,7.4311266,1.4286118,2.559041,25.615597
23.555168,21.72325,0.9348919,1.8319187,7.777141
17.92963,16.621246,0.9076064,1.308384,7.297328
3.518529,4.481451,0.9569393,0.9629221,27.367178
41.1774,39.283653,0.92547053,1.8937454,4.5989923
8.761046,7.364648,1.9154036,1.3963985,15.93872
41.87628,42.482327,0.99387723,0.60604477,1.4472268
42.041256,40.545967,1.1551161,1.4952888,3.5567179
7.956206,6.8561654,1.2177669,1.1000404,13.826194
5.834628,7.6499166,1.0274926,1.8152885,31.112326
17.411655,14.893597,0.90847445,2.5180588,14.461915
12.198333,14.617741,1.0365812,2.4194078,19.833921
40.294483,40.931313,0.91050476,0.6368294,1.5804381
4.0302434,4.22887,1.0139006,0.19862652,4.9284
42.092075,41.53833,0.99923146,0.55374527,1.315557
36.424877,37.25845,1.1632683,0.8335724,2.28847
6.101006,3.993781,0.9854168,2.107225,34.538975
19.615828,19.106544,0.8906426,0.50928307,2.5962863
17.478224,19.313051,0.89739156,1.8348274,10.497791
4.2799187,3.9159083,1.2552634,0.36401033,8.505075
9.874076,9.385003,2.3409598,0.4890728,4.9530993
19.008883,18.457083,0.8929992,0.5517998,2.9028523
49.91519,47.469166,1.4186941,2.4460258,4.9003634
22.857574,20.535145,1.0269651,2.3224297,10.160438
18.399086,16.65604,0.90269345,1.7430458,9.473546
5.4945803,6.7626348,1.0654469,1.2680545,23.078278
27.788294,26.810019,0.9478546,0.9782753,3.5204582
35.95389,34.48893,0.9391048,1.464962,4.0745573
3.3784125,2.9853997,1.021499,0.39301276,11.63306
28.85685,27.59508,0.9876323,1.2617702,4.3725157
44.228134,43.775166,0.9806172,0.4529686,1.024164
9.231223,7.928469,0.9232118,1.3027539,14.1124735
38.705803,39.566906,0.9064922,0.86110306,2.2247388
30.769802,31.176477,1.1145505,0.40667534,1.3216703
11.475592,10.673866,0.8827025,0.8017254,6.9863534
42.14648,40.951202,0.90546876,1.1952782,2.8360095
3.5120714,3.1048524,1.2561779,0.40721893,11.594836
12.042168,12.888285,2.3082976,0.846117,7.026285
42.779305,43.162277,0.8753179,0.38297272,0.8952289
31.654673,33.708313,0.9705193,2.0536404,6.4876375
11.512389,10.4528055,1.032978,1.0595837,9.2038555
4.3843327,4.910476,0.93508464,0.52614355,12.00054
42.0596,43.34405,0.9558314,1.2844505,3.053882
10.499562,8.482447,0.9014293,2.0171156,19.211426
37.815075,37.269096,0.9932197,0.54597855,1.4438119
43.46918,41.39444,0.96056867,2.0747414,4.772902
16.583439,10.986269,1.1102707,5.59717,33.751564
3.7527196,5.4572654,1.0188353,1.7045457,45.42161
43.52818,42.01012,0.94399345,1.5180588,3.4875312
23.457403,23.51343,0.91472626,0.05602646,0.2388434
39.269238,39.55728,0.92954665,0.28804398,0.7335105
2.5030036,5.0388975,0.88335806,2.535894,101.31403
21.651884,20.64002,1.0881242,1.0118637,4.673329
7.680502,6.9024763,0.939167,0.7780256,10.129881
2.5749319,5.679208,1.0141906,3.104276,120.557594
12.442194,11.161007,2.0007966,1.281187,10.297116
21.31953,19.349194,0.92702705,1.9703369,9.241934
42.80379,42.136887,0.98757577,0.66690445,1.5580499
6.2568297,4.981846,0.97082436,1.2749839,20.377474
40.310318,41.555477,0.8672369,1.2451591,3.0889342
2.1612802,5.058104,2.354573,2.896824,134.03278
12.909878,12.432131,1.4040515,0.47774696,3.7006311
5.8139443,5.361251,0.88319963,0.45269346,7.78634
43.03486,43.302105,0.9554989,0.26724625,0.62099946
3.9078784,3.703012,1.0526474,0.20486641,5.2423944
34.3753,34.72474,1.093512,0.3494377,1.0165372
38.587914,39.595444,1.0644175,1.0075302,2.6109993
5.843468,4.239896,0.9117229,1.6035724,27.442135
34.543873,35.374466,0.935625,0.8305931,2.4044585
29.815996,29.395782,1.0488558,0.4202137,1.4093566
38.007866,41.4443,0.9784003,3.4364357,9.04138
20.94741,23.617586,0.93932515,2.6701756,12.747044
41.001595,40.14297,0.90952307,0.8586235,2.0941222
4.992408,3.4404697,1.1984942,1.551938,31.085962
13.200026,10.582547,2.2998886,2.6174784,19.829344
19.827122,17.88843,0.922513,1.9386921,9.77798
36.378765,36.228878,0.9468129,0.14988708,0.41201806
37.792267,38.574284,0.9372649,0.78201675,2.0692508
4.526576,8.559059,1.1217986,4.032483,89.084625
41.29071,38.973797,0.94209325,2.3169136,5.6112223
42.136387,42.088634,1.1038677,0.04775238,0.11332813
4.029856,5.868951,1.7434,1.8390946,45.636734
42.718136,36.872875,1.1400626,5.8452606,13.683323
3.7498298,4.8951955,1.2995821,1.1453657,30.544474
2.9547706,5.922335,1.1892847,2.9675646,100.433
7.0764637,6.0745444,1.140145,1.0019193,14.158474
38.902554,40.358173,1.0610296,1.4556198,3.7417076
8.953252,7.4282846,0.922666,1.5249672,17.03255
44.75253,44.376392,0.918037,0.37613678,0.84048164
39.689865,38.637794,0.9210692,1.0520706,2.6507287
15.021133,15.83885,0.9353082,0.8177166,5.443774
7.261414,6.662215,1.0445945,0.5991988,8.251821
39.3687,37.469723,1.0172237,1.8989754,4.8235664
25.48133,24.298922,0.938089,1.1824093,4.6402965
34.907677,33.369144,0.93870157,1.5385323,4.4074326
35.96657,36.746796,0.9156579,0.78022385,2.1693027
42.75193,42.594242,0.90153325,0.15768814,0.3688445
21.816942,23.0575,1.0846789,1.2405586,5.686217
24.421705,22.543058,0.91275996,1.8786469,7.692529
8.890708,9.200551,1.7199208,0.30984306,3.4850214
7.5288124,5.963586,0.9729329,1.5652266,20.78982
38.855236,39.51121,1.5535984,0.65597534,1.6882547
5.3866844,5.1687145,1.3578095,0.2179699,4.0464573
31.97755,33.06067,1.0840272,1.0831184,3.3871214
3.543061,4.730702,0.86595786,1.1876409,33.520195
19.616037,18.579094,1.009143,1.0369434,5.2862024
26.395166,25.042612,0.97266626,1.3525543,5.12425
3.7639916,3.8910787,1.5274783,0.12708712,3.3763921
10.509287,10.292675,0.889172,0.21661186,2.0611472
18.200283,20.584066,1.2010481,2.3837833,13.0975065
10.659429,8.916526,2.2672,1.7429028,16.35081
42.495255,31.4325,0.9737797,11.062754,26.032915
44.257507,42.222,0.95238745,2.0355072,4.599236
3.2289708,4.0287304,1.0597082,0.7997596,24.768251
1.1815695,2.441341,2.293896,1.2597715,106.61849
45.649944,41.930145,0.8978263,3.719799,8.14853
4.65069,5.733485,1.0125469,1.0827951,23.282461
41.240566,42.641163,0.9336708,1.4005966,3.3961625
3.0873141,2.819886,1.1573726,0.26742816,8.662163
3.4654198,9.784748,1.3738555,6.3193283,182.35391
7.21845,7.4291363,0.8888692,0.2106862,2.918718
41.54761,41.147396,0.8853946,0.40021515,0.96326876
6.421328,7.869297,0.87192917,1.447969,22.549368
10.219804,8.75478,1.3260974,1.465024,14.335148
42.97129,42.025017,1.0046922,0.9462738,2.202107
37.149487,37.23329,0.9305249,0.083805084,0.22558881
10.690898,7.426426,1.7769295,3.264472,30.535059
17.524124,17.839245,0.9196157,0.3151207,1.7982109
43.992912,43.68649,1.0682839,0.3064232,0.69652855
38.92169,39.539223,0.9006193,0.6175308,1.586598
39.93876,39.717915,1.0967642,0.22084427,0.55295724
43.584,43.21891,0.93893796,0.36508942,0.8376685
36.790443,37.017643,0.90752155,0.22719955,0.6175505
43.971035,42.588184,0.9263594,1.3828506,3.1449127
4.279958,6.0061946,0.8994018,1.7262368,40.333035
29.566029,28.417997,1.0851108,1.1480312,3.8829403
35.794994,33.80342,1.1410549,1.9915733,5.563832
3.2911348,10.151684,2.032609,6.860549,208.45541
3.3716793,7.2101445,1.4040745,3.8384652,113.844315
4.242413,9.883165,2.2026277,5.6407523,132.96095
26.250393,26.050922,0.93770415,0.19947052,0.7598763
4.915019,5.4981246,1.0045317,0.58310556,11.8637495
5.8545675,6.5123672,0.9439922,0.6577997,11.235666
45.117546,44.263138,0.9475635,0.85440826,1.8937384
49.74308,42.408607,1.3503431,7.3344727,14.744709
1.0417889,1.3686099,1.3062217,0.32682097,31.371132
3.3847542,6.4953904,1.1129936,3.1106362,91.9014
7.7616353,8.041894,0.8832007,0.28025866,3.6108196
10.881161,8.565746,1.0961969,2.3154144,21.279112
42.474052,42.390537,0.940367,0.08351517,0.19662632
5.3831935,4.8089857,1.2555312,0.5742078,10.666676
40.522675,40.929543,0.932031,0.40686798,1.0040501
22.336048,20.78989,0.90441096,1.5461578,6.922253
4.8156514,4.642804,0.91323394,0.17284727,3.589281
22.485693,22.749489,0.9984056,0.26379585,1.173172
38.778984,37.1693,0.8997466,1.609684,4.1509185
23.190271,25.944685,0.9686978,2.7544136,11.877453
37.262558,38.624683,1.0302664,1.3621254,3.6554801
7.9480104,6.8904023,1.8057408,1.0576081,13.306577
40.29898,39.209938,0.9134806,1.0890427,2.7024074
9.271946,9.308848,1.4993242,0.036902428,0.3980009
5.561821,5.0171824,1.0290693,0.54463863,9.792452
31.830547,30.439857,1.8303399,1.3906898,4.3690414
41.35008,41.299675,0.8878878,0.050403595,0.1218948
12.798545,13.322567,0.92208415,0.5240221,4.094388
38.263214,35.757915,0.96422595,2.5052986,6.5475383
8.169114,8.846289,0.9488522,0.67717457,8.289449
7.457024,7.454055,1.1825272,0.002969265,0.039818365
28.450401,27.774204,1.0667821,0.67619705,2.3767576
7.618422,6.102341,0.9672041,1.5160809,19.900196
4.4661903,5.570247,0.92645645,1.1040568,24.720327
9.219124,7.728986,1.187041,1.490138,16.163555
39.777477,40.297718,1.0891044,0.5202408,1.3078778
16.382872,15.431395,0.9860914,0.95147705,5.807755
11.269854,9.790817,0.9414685,1.4790363,13.123829
9.597262,13.117791,2.0972633,3.5205288,36.682636
6.7043004,6.0407057,1.0949327,0.6635947,9.8980465
33.08676,27.375938,1.6247132,5.710823,17.260145
32.59343,33.395554,0.93672067,0.802124,2.4609993
8.918285,7.1301537,0.98994005,1.7881317,20.050175
15.129131,14.863155,1.1738325,0.26597595,1.7580385
1.7877312,2.4217038,1.4325625,0.63397264,35.462414
38.245785,39.05239,0.9312223,0.8066063,2.1090071
1.1424342,6.2380133,2.3683171,5.095579,446.02823
19.358248,21.200443,1.3601053,1.8421955,9.516334
38.652683,38.992188,0.89519835,0.33950424,0.87834585
37.433968,37.759586,1.0145588,0.32561874,0.8698483
4.5820208,4.628313,1.6994017,0.046292305,1.0103033
33.66703,33.40293,0.97032005,0.26409912,0.78444433
8.595433,7.0053678,1.0596092,1.5900655,18.498957
49.640976,49.402977,1.0751252,0.23799896,0.47944054
7.757156,7.8118453,1.4284806,0.054689407,0.7050188
20.24364,19.854052,0.94756,0.3895893,1.9245021
5.5669265,5.290347,1.0237716,0.27657938,4.96826
41.90165,42.154163,0.91199505,0.2525139,0.6026347
2.292477,5.617104,0.95666045,3.3246272,145.02336
18.72293,19.071802,0.9811729,0.34887123,1.8633367
43.033623,42.43956,0.95626134,0.5940628,1.3804619
5.6913695,4.500507,0.9445376,1.1908627,20.92401
3.8486135,9.39247,2.1323636,5.5438566,144.04816
2.7339892,2.3026567,1.1973747,0.4313326,15.776674
8.889175,9.950324,1.546428,1.0611486,11.937538
44.53964,43.5877,0.9469899,0.9519386,2.137284
28.778696,29.08301,0.90257406,0.30431366,1.0574268
13.715338,12.29736,0.9323758,1.4179773,10.338625
6.1451273,6.9615,1.0175874,0.8163729,13.284881
13.195998,12.391962,0.94845253,0.80403614,6.09303
7.9538927,7.6444263,0.9382171,0.30946636,3.8907535
22.789255,20.010887,0.92230004,2.778368,12.191569
21.80533,22.49633,1.1462792,0.691,3.1689498
37.12288,37.976418,0.91361475,0.8535385,2.299225
37.649773,37.56098,0.8970392,0.08879089,0.23583381
13.777082,12.0760355,2.3150818,1.701047,12.346931
11.339399,10.754357,1.8744338,0.585042,5.1593738
8.972902,9.739843,2.0116565,0.7669411,8.547302
13.652023,14.042876,1.080186,0.39085293,2.862967
23.40948,20.118034,1.3791057,3.2914448,14.0603075
8.541729,7.591986,0.86705023,0.9497428,11.118859
43.784515,43.429737,1.0426131,0.3547783,0.8102825
37.820057,38.679615,0.88472056,0.8595581,2.2727573
15.627212,18.45466,0.9332417,2.8274488,18.093111
13.277016,14.965618,1.0010906,1.6886024,12.718238
7.02211,6.1122155,0.9601131,0.90989447,12.957565
42.51837,42.832077,0.93653965,0.31370544,0.7378115
34.427692,36.763042,1.0647191,2.33535,6.7833476
1.4662044,3.731829,1.2264421,2.2656245,154.5231
7.0432067,6.00088,0.947489,1.0423269,14.79904
7.2490644,8.762709,1.3522046,1.5136442,20.880547
26.274443,25.035532,0.9233531,1.2389107,4.715269
12.883732,12.515819,2.2572107,0.36791325,2.8556418
39.163845,38.70812,0.95654476,0.45572662,1.1636412
6.482922,7.2876377,1.2008286,0.80471563,12.412854
6.0773435,6.822126,0.98689646,0.74478245,12.255065
35.44916,35.898697,0.96930355,0.44953537,1.2681129
6.8878293,5.1387796,1.5484768,1.7490497,25.393337
4.218443,5.003699,1.0439973,0.7852559,18.614828
39.45904,40.904346,0.8558273,1.4453049,3.6627977
10.984229,10.265253,1.2022408,0.718976,6.54553
16.481447,14.698256,0.9168736,1.7831917,10.819387
10.381943,10.742145,0.98350453,0.36020184,3.4695032
14.611482,13.410486,0.9021513,1.2009954,8.219533
40.17716,38.700584,0.9053903,1.476574,3.6751578
12.555402,11.753704,0.96064836,0.80169773,6.385281
2.0219257,2.764865,1.2244927,0.74293923,36.74414
35.871506,36.4733,0.91384435,0.6017952,1.6776413
39.175503,39.10591,0.916014,0.06959152,0.17764041
28.796175,27.434362,0.92224,1.3618126,4.729144
39.924675,39.456707,0.91054404,0.467968,1.1721272
5.4809837,5.939198,1.0040753,0.45821428,8.360073
26.979404,23.911991,0.96294576,3.0674133,11.369463
33.97275,35.053978,0.9439265,1.0812263,3.1826282
7.0906224,6.4219728,2.2393563,0.6686497,9.430057
11.1064,7.993024,1.0002745,3.1133757,28.032267
43.898468,43.128525,0.9453129,0.76994324,1.7539183
7.2584047,8.064656,0.9037393,0.8062515,11.107834
28.547958,29.376192,0.95261073,0.8282337,2.9012012
39.234848,40.556953,0.8923499,1.3221054,3.3697224
42.00392,42.298668,0.89818054,0.2947464,0.7017116
5.7820473,4.670968,1.2674105,1.1110792,19.216019
22.033014,19.922565,0.8748991,2.1104488,9.578575
20.76721,21.368652,1.2549983,0.60144234,2.8961153
30.524086,28.791933,0.9925596,1.7321529,5.674709
8.849754,8.632245,1.9906605,0.21750927,2.4578001
3.5913248,4.901735,1.0034282,1.31041,36.488205
6.450458,3.8022122,1.1424783,2.6482458,41.05516
18.260006,15.970129,0.9243136,2.289877,12.540396
14.668179,12.193543,0.8944032,2.4746351,16.870773
21.879639,19.925255,0.940458,1.9543839,8.932432
21.644737,19.806385,1.2158496,1.8383522,8.493299
5.478017,5.578494,1.1152444,0.10047722,1.8341897
29.382683,27.486248,0.9207319,1.8964348,6.4542603
15.207496,13.839254,0.8996621,1.3682413,8.99715
40.665382,41.85251,0.90536606,1.1871262,2.9192548
7.561899,8.193996,1.0339417,0.63209724,8.358974
3.7873244,4.6325336,0.9021286,0.8452091,22.316788
25.163898,25.192846,0.9917793,0.02894783,0.11503714
35.87362,21.21961,1.6457283,14.654009,40.848984
20.892391,18.727276,0.92490983,2.1651154,10.363176
5.802937,5.2529683,1.0328058,0.5499687,9.47742
26.091858,26.499762,1.1782614,0.40790367,1.563337
44.380547,44.136173,0.9330378,0.24437332,0.55063164
42.435406,39.926258,0.95579624,2.5091476,5.9128637
43.30926,43.73066,0.90491647,0.42139816,0.9729978
41.09925,41.763756,0.95794106,0.664505,1.61683
10.000688,9.233683,2.197709,0.76700497,7.669523
1.5621933,5.8721247,0.9210454,4.3099313,275.88977
13.928275,11.013788,2.334356,2.914487,20.924967
40.622196,40.201546,0.97303605,0.42065048,1.0355188
15.659128,17.12184,1.3158516,1.4627113,9.34095
41.7275,41.298096,0.9298864,0.4294052,1.02907
27.883377,29.541523,1.2769835,1.6581459,5.946718
2.490651,2.8432581,1.3036991,0.35260725,14.157234
21.483078,21.682665,0.99000895,0.19958687,0.9290422
7.7100563,7.2619686,1.256059,0.4480877,5.8117304
38.117317,35.898186,0.9260845,2.2191315,5.821846
44.791294,40.28548,0.9072911,4.5058136,10.059574
42.357914,42.096268,0.8736872,0.26164627,0.6177034
5.1900697,3.4634995,1.2916701,1.7265701,33.2668
35.219685,29.734934,1.10227,5.4847507,15.57297
11.728649,11.06493,1.0683932,0.6637192,5.6589565
24.116796,25.96792,0.971161,1.8511238,7.675662
7.130344,6.833419,1.2886546,0.29692507,4.164246
8.812668,8.760773,0.9312866,0.05189514,0.5888698
4.8184237,4.86592,1.0028298,0.04749632,0.98572314
7.2591853,7.45372,0.9527947,0.19453478,2.6798432
4.2580957,4.183635,1.1627142,0.07446051,1.7486808
44.448856,42.974678,0.9684098,1.4741783,3.316572
6.802244,9.125221,0.9826422,2.322977,34.150154
38.057945,36.42465,1.1588279,1.633297,4.291606
3.0111485,1.8619881,1.4540972,1.1491604,38.163525
12.8317175,10.592671,2.0052478,2.239046,17.449308
44.427017,42.72139,0.96213704,1.7056274,3.839167
20.521852,18.704195,0.89993525,1.8176575,8.857181
11.6115465,11.838451,0.8909488,0.22690487,1.9541314
42.81882,40.21653,0.9532485,2.602291,6.0774474
3.743964,3.2649548,1.0319675,0.47900915,12.794171
3.8890543,2.9735346,1.0282222,0.9155197,23.540934
6.370717,5.984809,0.91338426,0.38590813,6.0575304
2.0623004,1.5730453,1.1113381,0.4892552,23.723759
40.44244,40.58641,0.94978464,0.14397049,0.35598862
23.253569,22.12219,1.108812,1.1313782,4.865396
1.8149333,3.1430528,1.2592235,1.3281195,73.177315
11.175947,11.673742,2.1762424,0.4977951,4.454165
31.041294,28.936937,1.403399,2.1043568,6.7792172
44.17056,44.643986,1.3189337,0.47342682,1.0718154
43.664062,43.82792,0.9271361,0.1638565,0.37526628
3.221082,2.8641372,2.1233838,0.3569448,11.081519
6.9265757,8.239933,1.7840898,1.3133574,18.961136
10.259531,11.903024,1.8527935,1.6434927,16.01918
4.299103,9.169878,2.1511312,4.870775,113.29748
5.241455,4.66883,1.1689248,0.57262516,10.924928
6.7750964,7.597997,1.3562171,0.8229008,12.145964
2.5249836,2.9725611,1.9973365,0.44757748,17.725956
6.7166286,5.1419225,1.0215739,1.5747061,23.44489
18.852795,23.32434,0.958282,4.471546,23.718214
7.897249,8.933218,1.5884736,1.0359688,13.118096
0.89501303,1.3777604,2.0527546,0.48274738,53.93747
34.729206,31.846157,0.91722715,2.883049,8.301512
38.683723,38.810513,1.0791904,0.1267891,0.32775825
42.477722,42.49433,0.93129194,0.016609192,0.03910095
15.256075,14.224487,0.9631904,1.0315876,6.761815
4.1853576,4.92542,1.243067,0.74006224,17.682175
8.866545,7.6837454,1.1216037,1.1827993,13.340026
2.1916564,2.4699893,1.9951642,0.27833295,12.699661
18.84598,18.131897,0.99363106,0.7140827,3.7890453
34.05512,33.53243,1.0403386,0.5226898,1.5348349
36.2388,36.305874,0.9066658,0.06707382,0.18508843
4.0716767,3.9404469,1.8580238,0.13122988,3.2229936
9.075165,9.0076065,2.1790128,0.06755829,0.7444304
4.4369636,6.232944,1.288754,1.7959805,40.477695
6.0078464,5.0209165,1.1218941,0.9869299,16.42735
22.929848,24.183695,1.1060183,1.2538471,5.468188
24.47,21.0967,0.93086994,3.3732986,13.785446
15.018475,14.115448,1.0332596,0.9030266,6.0127716
14.5616455,14.242405,0.8816942,0.31924057,2.1923385
39.47529,39.378254,0.9262657,0.097034454,0.24581063
16.933046,14.67016,0.9182172,2.262886,13.363727
21.304413,18.585693,1.1609675,2.7187195,12.761297
11.57069,7.8411074,2.3548033,3.7295828,32.23302
49.48223,48.76811,1.2464548,0.7141228,1.4431903
40.38984,37.698887,0.9052868,2.6909523,6.6624484
40.85576,40.454216,1.0730804,0.40154266,0.98283005
40.34976,39.92415,0.8604263,0.4256096,1.0548009
10.0086975,12.4200945,2.13671,2.411397,24.093014
3.220569,7.410489,2.2765036,4.1899204,130.09877
13.7829485,13.828173,2.288088,0.04522419,0.32811695
44.050262,43.375385,0.99971807,0.67487717,1.5320616
42.701797,42.80591,0.94816417,0.10411072,0.24380875
37.09633,38.03667,0.9055143,0.94034195,2.5348651
9.631405,8.662268,0.9218118,0.9691372,10.062262
32.01957,31.566774,0.9492237,0.45279503,1.4141197
42.91194,42.782906,0.9415027,0.12903595,0.30069938
8.104054,5.7113237,1.031477,2.3927307,29.525106
38.476845,37.841408,0.9304913,0.635437,1.651479
32.26057,29.820911,0.94631594,2.439659,7.562356
10.410754,6.4964633,1.3381786,3.914291,37.598534
22.765654,23.547092,1.187102,0.7814388,3.4325342
8.733683,7.95311,0.9841688,0.7805724,8.937495
1.3486146,0.015743256,1.1299709,1.3328713,98.83263
9.480108,8.146255,1.8897042,1.3338537,14.070026
5.4859805,5.518994,0.9383957,0.033013344,0.60177654
42.206738,38.94941,0.95090485,3.257328,7.717554
38.62318,37.466724,0.9175335,1.156456,2.994202
5.601991,5.3327546,0.9789665,0.26923656,4.806087
44.957596,39.884155,0.9253943,5.0734406,11.284946
23.037643,22.048058,1.0619496,0.9895859,4.295517
39.119164,35.833645,0.92692906,3.2855186,8.398745
8.188712,8.275488,0.94511974,0.08677578,1.0597
30.4376,30.466143,0.98491514,0.028543472,0.093777016
42.335354,42.717377,0.9470098,0.38202286,0.90237314
18.441896,14.367952,2.0069003,4.073944,22.0907
29.457628,29.34483,1.5402806,0.11279869,0.38291845
11.94652,10.468461,0.94880694,1.4780588,12.372295
4.3588214,5.496784,0.95169353,1.1379628,26.107122
4.6490192,5.3305116,1.3872193,0.6814923,14.65884
24.15986,23.118624,1.0025917,1.0412369,4.30978
9.798829,8.918436,0.9823393,0.880393,8.984676
1.3353323,1.9660363,1.5586174,0.63070405,47.23199
9.386212,6.6811776,1.6247393,2.7050347,28.819237
23.275198,22.37749,1.0718623,0.8977089,3.8569334
6.723656,7.2843843,0.9337369,0.5607281,8.33963
8.024525,8.494242,1.9228029,0.46971703,5.8535185
0.72851264,2.5096717,2.3046334,1.781159,244.49254
44.174076,44.161373,0.8990587,0.012702942,0.028756553
5.2737184,6.8018646,1.7088547,1.5281463,28.976637
13.128743,12.18434,0.95020854,0.94440365,7.193405
20.542425,18.833574,0.8941889,1.7088509,8.318643
3.381625,3.625281,0.989987,0.24365616,7.205298
14.237994,13.427834,0.9079736,0.81016064,5.690132
42.766464,42.122196,0.8885433,0.64426804,1.5064795
19.268627,15.658567,1.0901656,3.6100597,18.735428
43.205612,43.439724,0.9323364,0.23411179,0.54185504
8.141504,7.971584,1.5252557,0.16992044,2.087089
34.200184,32.88266,1.0044247,1.317524,3.8523886
3.7027187,4.6582603,0.9270744,0.9555416,25.806486
3.5846288,4.568433,0.8907162,0.983804,27.445074
31.823572,31.779903,0.96634495,0.043668747,0.13722138
6.872069,9.530909,1.2431204,2.6588397,38.69053
17.025026,16.861149,1.0794024,0.16387749,0.96256816
18.58588,18.133999,1.1051552,0.4518814,2.4313157
24.178532,23.66611,1.0718523,0.51242256,2.1193287
8.539838,7.1163645,2.3526347,1.4234734,16.668623
43.297516,40.484062,0.9172833,2.8134537,6.4979563
8.547009,6.3561983,0.8709103,2.1908112,25.632488
20.621645,18.482838,0.9216507,2.1388073,10.371662
43.189384,43.170338,0.9970358,0.019046783,0.044100612
10.553546,10.778498,0.90126395,0.22495174,2.1315277
7.5057774,4.816699,2.1811512,2.6890783,35.826782
43.027195,41.765182,0.9764704,1.2620125,2.9330578
40.376102,40.096256,0.88954973,0.2798462,0.6930986
18.383862,18.811634,0.94227296,0.42777252,2.3268917
6.891066,5.9078355,1.2479743,0.9832306,14.268192
4.5501595,5.5403967,1.0550828,0.99023724,21.762693
8.739877,9.186921,1.0685017,0.44704437,5.1149964
1.4126451,5.6506305,0.9072386,4.2379856,300.00357
6.330215,6.439868,0.96906346,0.109652996,1.732216
31.151243,29.351442,1.0064138,1.7998009,5.7776213
14.477547,14.304625,0.9062715,0.17292213,1.194416
42.44515,42.88159,0.91023475,0.43644333,1.0282526
42.424217,41.61901,1.0441167,0.8052063,1.8979874
42.7053,42.99047,0.9144416,0.2851715,0.6677661
18.92538,16.28477,0.93527764,2.6406116,13.952753
40.516125,39.358685,0.9078541,1.1574402,2.8567395
20.245958,19.773205,0.93535054,0.47275352,2.3350513
18.267563,18.661526,1.5088993,0.39396286,2.1566253
43.37718,42.208553,0.9423724,1.1686249,2.6941009
6.396252,6.2277956,0.9672014,0.16845655,2.633676
10.861,7.56237,1.4756019,3.2986302,30.371332
40.109306,39.78879,0.9273796,0.32051468,0.799103
39.037594,38.18201,0.94959337,0.8555832,2.1916904
21.021893,20.44912,0.92019445,0.572773,2.72465
11.23799,14.984184,1.0293151,3.746194,33.335087
39.457985,38.639904,1.1940928,0.8180809,2.0732963
12.198806,13.944832,2.2275407,1.746026,14.313089
39.336697,40.12255,1.0623823,0.78585434,1.997764
39.91719,41.800545,0.8516862,1.8833542,4.718153
7.985415,6.1216445,0.861806,1.8637705,23.339682
35.972385,36.305935,0.96287024,0.3335495,0.92723763
41.157845,40.103935,0.91585654,1.0539093,2.5606523
7.181982,5.941356,1.090961,1.2406259,17.274143
6.2938585,4.8191214,1.2425841,1.4747372,23.43137
3.375884,4.372711,0.88704586,0.9968271,29.527884
5.756065,4.3573775,1.0141236,1.3986874,24.299368
6.515252,2.319529,1.176516,4.195723,64.398476
2.067505,3.12605,0.96777856,1.0585451,51.199158
49.992706,51.776028,1.3184437,1.7833214,3.5671632
6.7793784,7.092659,0.93673974,0.31328058,4.6210814
4.4447465,4.853523,1.0563198,0.40877628,9.196841
6.889746,6.405192,1.330886,0.4845543,7.0329776
1.8879071,6.106188,1.4008367,4.218281,223.43687
39.897743,40.36253,1.1045537,0.46478653,1.1649444
5.3494463,5.8986626,1.0313785,0.5492163,10.266788
44.38526,43.87368,0.9487564,0.5115814,1.152593
9.27806,9.526067,1.6005007,0.24800682,2.673046
41.56836,38.948093,0.9028551,2.620266,6.303511
5.8543553,6.6258645,1.5567303,0.7715092,13.17838
16.096964,13.961563,0.9781571,2.1354008,13.26586
42.000233,42.56958,0.9139351,0.5693474,1.3555815
6.3697243,6.545635,1.7853266,0.17591095,2.761673
40.85498,40.871895,1.1692518,0.016914368,0.04140099
49.905293,44.707745,1.5079436,5.197548,10.414823
5.0935545,3.6985664,2.1977513,1.3949881,27.387321
41.5295,40.989006,0.99706715,0.540493,1.3014677
18.140652,19.189882,1.2813414,1.0492306,5.7838635
23.149881,22.586643,0.8962524,0.56323814,2.4330065
41.74871,42.61477,0.9195005,0.86605835,2.0744553
6.7905126,6.448873,1.3180537,0.34163952,5.03113
11.141795,8.092964,1.5161631,3.048831,27.36391
45.7966,40.56407,1.1818936,5.2325287,11.425583
15.666178,13.66983,1.014214,1.9963474,12.74304
43.14759,41.00486,0.910537,2.1427307,4.9660497
11.909056,12.762667,1.548747,0.853611,7.167747
11.555383,12.099237,2.3222983,0.5438547,4.7065053
7.075777,6.597534,0.95473474,0.47824287,6.7588744
41.015198,41.284096,0.95475,0.268898,0.6556058
15.89301,15.224886,1.0860654,0.6681242,4.2038875
2.6461205,2.210608,0.9888646,0.43551254,16.45853
1.7197807,2.6541138,1.5611947,0.9343331,54.32862
4.553109,12.558495,1.6460366,8.005385,175.82239
38.318,39.535313,0.88509643,1.2173119,3.1768668
37.360973,35.551888,0.96753955,1.8090858,4.8421807
4.1960907,7.406473,1.0086465,3.2103825,76.50889
2.7572544,3.4111207,2.0570703,0.6538663,23.714397
38.703136,39.265865,0.9263504,0.5627289,1.453962
7.317948,5.7291822,0.9592985,1.5887656,21.710533
5.55419,5.5520067,1.0689933,0.0021834373,0.039311536
39.229008,39.63584,0.9641958,0.40683365,1.0370735
7.3263526,7.695099,0.9005812,0.36874628,5.0331492
2.2000234,2.2887053,1.9638436,0.088681936,4.0309544
42.918568,42.224316,1.030184,0.694252,1.617603
36.286865,37.755035,0.9663829,1.4681702,4.04601
3.6086943,4.6280684,0.9191857,1.0193741,28.247728
36.567524,36.16091,1.1659265,0.4066124,1.1119494
38.388935,37.23968,0.8978943,1.1492538,2.9937112
49.074276,42.09408,0.9743402,6.980194,14.223733
21.220669,18.96575,0.98871773,2.254919,10.626051
13.247901,13.18878,0.90200305,0.059121132,0.44626793
21.736149,25.88361,0.94735867,4.147461,19.080936
8.963341,9.147567,1.1660665,0.18422604,2.055328
41.460182,41.755287,0.92521447,0.29510498,0.71177924
3.3382761,4.5365386,1.1616571,1.1982625,35.89465
12.63042,12.447073,1.0953982,0.18334675,1.4516283
42.80477,42.7007,1.021587,0.10407257,0.24313311
7.899848,5.114823,1.1338433,2.7850251,35.254158
6.497964,5.446573,1.0766709,1.0513911,16.180317
40.51253,41.136272,0.88458955,0.62374115,1.5396252
11.284648,12.433772,0.91334355,1.1491241,10.183075
41.012703,39.951225,0.9668799,1.0614777,2.588168
20.219576,22.032858,0.9826237,1.813282,8.967953
22.435413,21.2006,1.0686499,1.2348137,5.50386
38.843853,39.448017,0.9523146,0.6041641,1.5553662
5.985197,6.3819056,1.849068,0.3967085,6.628161
11.136365,10.343705,0.9173945,0.79265976,7.11776
31.282824,31.42948,0.96858895,0.14665604,0.4688069
26.06224,28.026718,1.0282006,1.9644775,7.5376387
24.704103,24.998545,0.99497,0.29444122,1.1918718
16.192917,13.881079,0.9193141,2.3118382,14.276848
2.1870887,0.08053255,1.354962,2.1065562,96.317825
2.5159922,5.1551805,0.93559444,2.6391883,104.89652
6.5478992,5.7410297,1.1906751,0.8068695,12.322571
13.667436,13.03768,2.239972,0.629756,4.6077113
20.136036,17.877491,0.94558805,2.258545,11.216433
10.179339,12.714881,2.3113425,2.5355415,24.908705
8.333308,9.311843,1.3472244,0.9785347,11.742452
13.20619,14.255455,1.3793763,1.0492649,7.9452505
6.63981,7.215165,1.2037555,0.57535505,8.665234
42.769836,42.702736,0.8917138,0.067100525,0.1568875
11.871879,15.157749,2.239495,3.2858706,27.677765
7.6918874,6.7142096,1.3922436,0.9776778,12.710506
24.89223,24.95644,1.1472602,0.06421089,0.25795558
43.80037,42.9424,1.1012784,0.8579674,1.9588131
32.39938,33.61084,1.1747559,1.2114601,3.739146
16.91176,17.070566,0.8886332,0.15880585,0.9390261
41.352463,42.36529,0.93977606,1.0128288,2.4492588
41.29738,42.705513,0.8647029,1.4081345,3.409743
41.58675,42.425735,0.9075681,0.83898544,2.0174346
31.477968,31.94214,1.2699679,0.46417236,1.4745945
41.85523,42.784103,0.9741263,0.92887497,2.2192566
40.54231,41.83187,0.92859125,1.2895622,3.1807814
2.9031603,5.8682795,0.9711679,2.9651191,102.13418
38.510853,37.15779,0.952868,1.3530617,3.5134554
32.872803,33.782413,1.3613727,0.90961075,2.7670617
17.110754,15.040113,0.92241144,2.0706406,12.101398
42.219418,42.389008,0.9978151,0.16959,0.4016872
28.584898,28.439924,0.90992016,0.14497375,0.50716907
10.272283,11.397039,2.0495267,1.1247568,10.949433
15.26375,13.265223,0.8902356,1.9985275,13.093293
42.322865,40.983406,0.9306309,1.3394585,3.1648579
21.193945,19.546545,0.9253077,1.6473999,7.7729745
42.693794,43.05348,0.9664157,0.359684,0.8424737
20.275635,18.244576,0.9884597,2.0310593,10.0172415
28.810902,28.432497,1.0273615,0.37840462,1.3134078
30.675476,31.047138,1.0828483,0.37166214,1.2115937
42.97797,41.06573,0.9467006,1.9122391,4.449347
9.400084,5.010803,1.0016677,4.3892803,46.694057
10.896159,10.203964,1.1514446,0.69219494,6.352651
37.612106,36.352844,0.8906346,1.2592621,3.3480234
13.628511,10.455017,1.0794909,3.1734943,23.2857
40.783463,40.197456,0.9628339,0.58600616,1.436872
11.057119,11.275465,2.3173265,0.21834564,1.9747064
40.838886,37.75376,1.462361,3.085125,7.5543814
4.9093266,4.5869017,1.1488042,0.3224249,6.5675993
8.543454,7.856928,0.9835717,0.6865263,8.0357
23.704678,24.775965,0.912309,1.0712872,4.519307
9.386478,9.221381,0.9226355,0.16509724,1.7588837
19.794992,20.12992,1.0941056,0.3349266,1.6919764
4.1743865,4.5728316,0.99058145,0.39844513,9.544998
7.0228667,5.8301625,1.0161614,1.1927042,16.983152
3.6058564,5.3692513,1.040095,1.7633948,48.903633
43.351734,42.522125,1.0415902,0.8296089,1.9136695
12.69197,10.583464,0.94118124,2.1085062,16.612915
30.421963,29.654408,0.97513515,0.76755524,2.52303
3.4251683,3.548585,2.2751322,0.12341666,3.603229
16.010117,14.760567,1.1023511,1.2495499,7.804752
32.803337,31.781364,1.2563752,1.0219727,3.1154532
9.0503,10.257503,1.2895653,1.2072029,13.338817
49.954254,47.692673,1.4764848,2.2615814,4.527305
3.8129816,5.288293,1.0456581,1.4753113,38.691803
8.851532,6.834315,1.3850975,2.0172172,22.789469
3.7602165,4.767157,1.2157283,1.0069406,26.778793
44.297314,44.45009,0.9779791,0.15277481,0.34488505
44.452057,38.838036,0.93123,5.6140213,12.629384
1.9023579,4.6316233,0.92265874,2.7292652,143.46748
10.949574,8.176573,0.88677245,2.7730017,25.325201
7.376557,6.82732,1.4062331,0.5492368,7.4457064
23.416727,23.483759,1.014068,0.06703186,0.2862563
13.8811455,11.640497,0.9262925,2.2406483,16.141666
28.771679,24.99384,1.1618011,3.7778397,13.130411
6.294246,6.0775857,1.1191216,0.2166605,3.4421992
32.113487,33.032192,1.0062927,0.918705,2.8608072
23.088957,20.839922,0.9001443,2.249035,9.740738
46.41473,46.63244,1.0000051,0.21770859,0.46905065
27.653673,23.43526,0.98850214,4.2184124,15.254438
6.5515714,6.651575,1.4310414,0.10000372,1.5264082
42.70468,39.80109,0.9871283,2.9035912,6.7992344
43.71481,42.777565,0.9475137,0.9372444,2.1439974
19.153812,19.788168,0.96105605,0.63435555,3.3119023
36.92575,36.805923,0.8961092,0.11982727,0.3245087
37.80892,27.50638,0.98729205,10.302542,27.24897
6.001653,8.026682,1.2317567,2.0250287,33.74118
37.96191,38.590145,0.8670703,0.62823486,1.6549084
43.237526,42.740852,0.94386363,0.49667358,1.1487095
44.93536,44.716415,1.0630007,0.21894455,0.48724335
41.95194,41.179813,0.9073621,0.77212524,1.8404995
4.0749598,5.6155753,0.985896,1.5406156,37.80689
6.9453135,5.8836503,0.91459227,1.0616632,15.2860365
38.464104,37.36339,0.94327134,1.1007118,2.8616598
16.223711,18.814129,0.98906976,2.5904179,15.966864
6.9558535,8.637995,2.191074,1.6821413,24.183104
39.113403,36.958416,0.92550457,2.1549873,5.509588
41.872566,43.06853,1.1292092,1.1959648,2.8562014
6.2237935,6.121472,0.877595,0.102321625,1.6440395
9.410078,6.657422,1.203827,2.752656,29.252213
6.9169493,6.2785635,1.09102,0.6383858,9.229297
16.845488,17.751602,1.1723444,0.9061146,5.378975
43.30299,43.837963,0.9518093,0.53497314,1.2354184
16.47431,17.504921,0.87413764,1.030611,6.255868
3.3374317,6.1576295,1.562048,2.8201978,84.50204
3.1282697,3.4369984,1.1392354,0.3087287,9.868993
39.96877,39.849766,0.9157469,0.119003296,0.2977407
29.599195,29.277592,0.9828976,0.32160378,1.0865288
3.673012,5.6378355,1.3673406,1.9648235,53.493523
44.47255,43.312393,0.9265764,1.1601562,2.608702
7.6558404,5.6198273,0.98125213,2.0360131,26.594248
8.398271,7.5204105,1.542628,0.87786007,10.4528675
4.909594,5.7061625,1.9212084,0.7965684,16.22473
1.8227462,8.056821,2.3495724,6.2340746,342.0155
6.717227,6.341326,1.9724853,0.37590075,5.59607
24.142403,23.666649,0.9253098,0.47575378,1.9706149
3.7332366,4.6817226,0.89058775,0.9484861,25.406536
40.634842,40.034782,1.1029209,0.6000595,1.4767118
8.789428,6.907826,0.85686046,1.8816018,21.407558
14.762572,12.361505,0.93006486,2.4010677,16.264563
11.046227,10.087937,0.922239,0.9582901,8.67527
8.984342,13.337004,1.0201494,4.352662,48.4472
6.3685565,5.6966476,0.9420634,0.67190886,10.550411
42.363533,42.337337,0.9486001,0.026195526,0.061835084
12.27359,13.65617,0.9156094,1.3825798,11.264673
5.1553125,6.3043785,1.2436333,1.149066,22.288969
3.918351,6.1643305,1.2124292,2.2459795,57.31951
8.777821,7.8286157,1.0786662,0.9492049,10.813674
41.450996,39.019108,1.0033418,2.4318886,5.8669
42.496803,41.14865,1.0159864,1.3481522,3.1723614
35.452312,36.662144,0.9281156,1.2098312,3.4125595
10.611767,9.422378,1.0135438,1.1893892,11.208211
13.869364,15.044907,0.9055915,1.1755428,8.475823
30.276754,29.054874,0.92649275,1.22188,4.035703
3.7559671,4.28252,0.8883522,0.5265527,14.019096
8.273309,6.5806155,0.9693112,1.6926932,20.459688
35.908737,35.61511,0.88720685,0.2936287,0.8177082
3.2950072,1.5844917,0.9069873,1.7105155,51.912342
11.213367,8.45352,0.90403575,2.7598476,24.612122
10.352244,10.610392,1.7258354,0.25814724,2.4936354
10.050371,12.7898445,2.035441,2.7394733,27.257433
12.360099,11.470268,2.286989,0.8898306,7.199219
39.88933,40.94069,0.9912883,1.0513573,2.6356854
30.132936,30.573782,0.97700983,0.4408455,1.4630021
4.930948,4.8860703,1.2156771,0.04487753,0.9101197
11.067122,10.604378,1.0178639,0.4627447,4.181256
18.680351,20.697763,0.91669255,2.0174122,10.799647
40.099323,38.499428,0.92124987,1.5998955,3.9898317
26.054892,26.325792,0.9085141,0.27090073,1.0397308
39.506325,39.281746,1.0744954,0.22457886,0.568463
44.365715,37.452026,0.9497465,6.9136887,15.583405
6.5211244,4.9505105,1.0357137,1.5706139,24.085016
6.103176,5.5976543,0.9220647,0.5055218,8.282929
8.820263,7.250205,1.5049084,1.5700579,17.80058
41.84003,42.90366,0.90261686,1.0636292,2.5421329
11.109438,11.719807,2.3123105,0.6103687,5.494146
5.6452827,6.3652673,0.92905176,0.71998453,12.7537365
42.411583,42.526184,0.8955546,0.114601135,0.27021188
1.3572054,1.9826827,2.1939123,0.6254773,46.08568
30.551933,30.024542,1.3838675,0.52739143,1.726213
9.433602,7.322095,0.905006,2.1115074,22.382833
44.866047,44.469883,0.9919685,0.39616394,0.88299274
43.777256,43.020416,1.0833018,0.75683975,1.7288424
11.974688,11.988825,0.952046,0.014137268,0.1180596
7.021429,6.358744,1.9918553,0.6626849,9.438035
7.0211124,5.083138,0.9713822,1.9379745,27.602098
0.84879434,2.3425312,0.91796947,1.4937369,175.98337
5.9761815,4.5117283,1.0699313,1.4644532,24.504833
17.555656,16.247692,0.9269265,1.3079643,7.450387
41.57884,41.91753,0.92974615,0.3386917,0.81457716
39.795547,40.377945,0.97593796,0.58239746,1.4634739
11.953487,10.372166,0.9617546,1.5813217,13.228957
0.9513646,0.69439554,2.2195795,0.25696903,27.010574
2.5820487,0.0,1.0970509,2.5820487,100.0
44.63113,44.522118,0.97144896,0.109012604,0.2442524
44.124825,44.428528,0.93095756,0.3037033,0.6882822
22.364765,22.640583,1.0097424,0.27581787,1.2332697
41.419632,42.024414,1.0433997,0.6047821,1.4601339
37.48523,38.835327,0.99729186,1.3500977,3.601679
11.840266,10.038567,2.3150294,1.8016996,15.216716
36.77113,38.10249,0.974406,1.3313599,3.6206663
7.83415,8.52458,1.3027323,0.69043016,8.813084
4.6290603,3.5648541,1.131498,1.0642061,22.98968
42.658073,42.890026,0.9773083,0.23195267,0.54374856
27.857624,30.065239,1.008746,2.207615,7.9246345
43.634544,42.32068,0.9999909,1.3138657,3.0110676
23.57809,22.100742,0.93897784,1.4773483,6.2657676
6.2327986,4.02784,1.121207,2.2049584,35.3767
13.38882,10.870026,0.92092997,2.518794,18.812668
43.688824,42.481155,0.91100454,1.2076683,2.76425
15.265303,16.438568,1.4931787,1.1732655,7.6858315
34.785236,35.47078,1.0511509,0.68554306,1.9707874
37.373768,38.35252,0.914659,0.97875214,2.6188211
34.541477,32.01729,0.91441447,2.524189,7.3077044
30.402315,30.057583,0.99794817,0.34473228,1.1339015
23.05233,24.16221,0.9023511,1.1098804,4.814613
27.334755,27.660734,1.2410605,0.32597923,1.1925449
4.0131464,2.6913881,1.1350948,1.3217583,32.93571
10.245264,10.207982,0.93508285,0.03728199,0.36389488
4.8455706,2.5377173,1.1104033,2.3078532,47.6281
9.072267,8.109997,0.9336251,0.9622698,10.606718
42.74915,41.691193,0.93286556,1.0579567,2.4748018
10.09872,10.316363,2.2357833,0.21764374,2.1551616
6.694716,6.083657,0.9609697,0.6110592,9.127485
3.7892177,3.3004546,2.1301482,0.4887631,12.898786
4.3744483,4.803418,1.0074954,0.42896986,9.806262
26.141714,26.496925,1.1741804,0.35521126,1.358791
3.4920604,4.690976,0.95750564,1.1989157,34.332615
4.696509,5.091248,0.9145172,0.39473915,8.404948
16.889116,16.529358,0.92286336,0.35975838,2.1301196
3.450376,9.042185,2.3449845,5.591809,162.06375
0.6248834,1.5850086,2.0072062,0.9601252,153.6487
49.43433,44.957153,1.0778396,4.4771767,9.056816
16.515703,13.933979,0.9754566,2.5817242,15.631936
7.6561303,5.973769,1.7141255,1.6823611,21.974041
37.900528,36.166862,0.89433074,1.7336655,4.5742517
27.14204,29.13017,1.0556381,1.9881306,7.3249116
5.5600057,5.556541,0.95884806,0.0034646988,0.062314663
43.284576,42.311554,0.93521595,0.97302246,2.2479658
7.9690685,6.5202413,0.94106066,1.4488273,18.180634
31.181288,28.889277,0.970381,2.2920113,7.3505983
14.801019,15.904343,0.89380246,1.1033239,7.4543786
35.53377,36.664112,0.9544605,1.1303406,3.1810317
43.624523,43.107468,0.99463856,0.5170555,1.1852405
8.20544,7.675017,0.9277371,0.5304227,6.464281
10.568678,10.870644,1.6813551,0.3019657,2.8571758
34.103565,32.659515,1.0259937,1.4440498,4.234308
20.602741,22.021225,1.0577289,1.4184837,6.8849273
3.6251295,3.8453994,2.0628223,0.22026992,6.076195
48.818756,50.995346,1.606912,2.17659,4.458512
2.7635477,8.445951,1.69839,5.6824036,205.61989
31.164042,30.348866,0.95474124,0.815176,2.6157584
6.716835,4.3868437,2.1498878,2.3299913,34.688828
12.01713,11.158414,2.2632854,0.858716,7.145766
8.749611,6.312201,1.0779989,2.4374099,27.857351
4.9090037,5.202674,0.90545505,0.29367018,5.9822764
37.77387,44.684387,1.5718267,6.9105186,18.294443
4.9117446,5.6062336,1.9612591,0.694489,14.139355
36.17707,37.085445,0.9352848,0.9083748,2.5109131
30.271318,28.784254,0.9429114,1.4870644,4.912453
25.498556,23.457426,0.8876316,2.04113,8.004885
5.931331,6.526528,1.1221725,0.5951967,10.034792
2.9882634,4.5702076,1.0480262,1.5819442,52.938583
5.4382553,4.3252645,0.99997586,1.1129909,20.465956
19.667715,19.929995,0.9124276,0.2622795,1.3335536
4.68004,5.6358433,0.9748657,0.9558034,20.422976
41.26866,42.27543,0.90073395,1.0067673,2.4395442
42.535477,42.57715,0.9717486,0.041671753,0.097969405
4.423471,3.2099504,0.8935106,1.2135205,27.433672
11.589762,11.378748,0.9197087,0.2110138,1.8206913
29.69316,30.094725,0.9563309,0.40156555,1.3523841
12.874741,13.649627,1.5252928,0.77488613,6.018655
34.817795,32.40019,0.9504436,2.4176064,6.943594
4.3121448,5.2698565,1.11058,0.9577117,22.209637
42.835033,42.983776,1.1706161,0.14874268,0.3472454
7.1932344,5.3072257,0.95726585,1.8860087,26.219204
32.943974,33.26316,1.0863112,0.31918716,0.96887875
13.991216,16.93006,1.0751445,2.9388437,21.004921
6.5077972,5.010515,1.2002312,1.497282,23.00751
2.6274452,4.4756994,1.0280151,1.8482542,70.34416
36.25723,34.182995,0.9143165,2.074234,5.720884
6.182444,1.4929261,1.5705956,4.689518,75.852165
7.231067,6.184576,0.97451633,1.0464911,14.472154
13.9280815,14.035606,1.0841651,0.10752487,0.7720006
2.5782282,3.790691,1.1488442,1.2124627,47.026974
13.618769,13.792201,2.2814465,0.17343235,1.2734804
44.188217,43.822838,1.5501146,0.36537933,0.8268705
10.507561,11.643687,1.8372296,1.1361265,10.812468
21.192797,22.465073,1.2896191,1.2722759,6.003341
5.2148557,5.774771,1.5005944,0.55991554,10.736933
6.6728225,7.6062717,1.0686307,0.93344927,13.988822
5.7091346,4.8848834,1.2499696,0.8242512,14.43741
19.501343,21.115715,0.9487589,1.6143723,8.278262
6.1259804,6.3289814,1.428787,0.20300102,3.313772
5.0695376,4.7208033,0.98958814,0.34873438,6.879017
9.678501,8.533221,0.8806639,1.1452799,11.833236
27.669949,28.036007,1.0230672,0.36605835,1.3229456
0.7313222,2.945572,1.3220189,2.2142496,302.77347
6.491358,6.829318,1.3804137,0.33796024,5.2063103
41.159492,40.637314,0.94148695,0.52217865,1.2686713
8.3476,9.124357,0.9856544,0.77675724,9.305156
2.9922338,4.151379,1.0193083,1.1591454,38.738464
4.928756,4.9683895,0.94902676,0.039633274,0.8041232
22.512884,19.085907,1.0416329,3.4269772,15.222293
10.552256,9.537903,1.0523628,1.0143528,9.612663
11.426141,9.704604,2.338672,1.7215366,15.066649
35.52322,36.293495,0.8937627,0.7702751,2.1683707
21.917786,19.984613,1.0491687,1.9331722,8.820107
4.8157725,5.1298904,0.9445386,0.3141179,6.52269
40.386112,39.921757,0.90606076,0.46435547,1.1497899
8.07088,8.0,1.7178848,0.070879936,0.8782182
28.771965,26.089693,0.97308064,2.682272,9.322519
7.797304,8.379629,2.1753676,0.582325,7.468286
20.951292,19.60724,1.0172725,1.3440514,6.415124
4.6350393,5.2637753,1.1369672,0.628736,13.564848
5.6468897,1.9796109,1.8370144,3.6672788,64.94334
42.208565,42.82267,0.93817055,0.6141052,1.4549303
7.821666,6.037178,1.2367054,1.7844877,22.814676
39.875122,36.89073,0.952402,2.9843903,7.484341
10.44046,9.162281,2.2493913,1.2781792,12.242556
6.205929,6.4599886,0.89278823,0.2540598,4.093824
44.51163,43.51641,1.0738084,0.9952202,2.2358654
12.661953,11.073978,0.9394754,1.5879745,12.541308
1.8629287,1.5679493,2.0715237,0.29497945,15.834178
28.293125,28.225826,0.95026875,0.06729889,0.23786305
3.4834175,4.1980534,1.0283562,0.71463585,20.515366
4.0476193,4.448419,1.0596135,0.40079975,9.902111
42.033016,42.35108,0.94305044,0.31806564,0.75670433
39.44729,38.794704,0.95468134,0.6525841,1.6543192
32.81862,33.177227,0.89257884,0.35860825,1.0926975
6.4220057,5.368046,2.116288,1.0539598,16.411692
29.684656,28.884735,0.96857077,0.79992104,2.694729
5.7020187,4.7231207,0.8804283,0.97889805,17.167568
0.6541531,0.29947805,2.1165197,0.35467505,54.218967
12.380404,11.260241,0.9160299,1.1201639,9.047878
42.65997,42.678154,0.89889216,0.018184662,0.042626992
3.8857398,4.246904,0.9345914,0.3611641,9.294603
6.732738,4.0097227,1.1163759,2.7230153,40.4444
44.588875,43.56771,0.9783472,1.021164,2.2901766
21.25786,18.329693,1.0837234,2.9281673,13.774516
8.170406,7.945112,0.9412793,0.22529411,2.7574408
7.456054,6.4564385,0.9111597,0.99961567,13.406765
3.984426,6.067584,0.991517,2.083158,52.28251
3.5564868,1.4113822,1.0951655,2.1451046,60.31527
44.751064,44.29405,0.9098151,0.457016,1.0212405
10.570779,10.082288,1.7965815,0.48849106,4.6211452
13.824486,15.002968,2.242023,1.178482,8.5246
4.925998,4.356376,1.413076,0.56962204,11.563586
40.563354,37.898567,0.9309703,2.6647873,6.569445
43.21863,41.08806,0.94396216,2.1305733,4.9297566
6.0927157,6.573142,0.8622742,0.4804263,7.8852577
18.647411,23.779913,0.99068636,5.1325016,27.523937
40.731876,41.654278,0.99350435,0.9224014,2.264569
3.2654362,5.562961,0.96612704,2.297525,70.358894
9.671737,8.940245,2.2174947,0.73149204,7.563192
3.9044018,5.6408505,1.0328536,1.7364488,44.474133
44.217484,44.825768,1.0546092,0.608284,1.375664
9.733598,7.985485,2.3669326,1.7481127,17.959574
2.443568,8.121803,2.3498776,5.678235,232.37474
10.719553,10.141384,1.0530901,0.57816887,5.3935914
5.7991943,6.6231728,1.0420201,0.8239784,14.208498
10.896056,8.533241,0.9145448,2.362815,21.685047
32.195744,32.37746,0.9381528,0.18171692,0.5644129
16.452597,14.929718,0.9295677,1.5228786,9.256161
1.2586466,4.765245,1.9472784,3.5065985,278.6007
28.635195,29.02368,1.0979053,0.38848495,1.3566695
18.694967,17.90098,0.919799,0.7939873,4.247064
5.1712627,3.7487807,1.0339509,1.422482,27.50744
34.30998,32.818233,0.98188484,1.491745,4.347846
3.9515944,4.4798822,1.239719,0.5282879,13.36898
35.815773,36.251053,1.2092537,0.43527985,1.21533
44.420563,42.196377,0.97053653,2.224186,5.0071087
2.125766,3.0638292,1.9040136,0.93806314,44.12824
7.3283987,7.929082,0.97420436,0.6006832,8.1966505
1.9421697,6.040964,0.9116073,4.0987945,211.04204
3.7971365,5.33628,0.92997485,1.5391433,40.534317
15.117101,13.353998,0.9076227,1.7631025,11.662968
3.975681,4.3909035,0.9709749,0.4152224,10.444057
44.979473,49.12204,1.0381103,4.1425667,9.209905
2.4852965,4.621582,0.87083966,2.1362855,85.95697
43.21333,42.56876,0.9651958,0.6445694,1.4915986
4.41605,4.6327763,1.0573865,0.2167263,4.907696
38.160492,38.56535,0.90648824,0.40485764,1.060934
41.067356,40.565563,0.93823993,0.5017929,1.2218778
2.3258133,5.071974,1.0652269,2.7461605,118.07313
16.514318,19.43729,0.94464886,2.9229717,17.699621
26.38949,25.24033,0.88485366,1.1491604,4.354614
4.535261,4.6518426,0.9942797,0.11658144,2.5705562
43.002945,42.81595,0.9430914,0.18699646,0.43484572
7.2465305,3.946374,0.9241741,3.3001566,45.541195
4.849996,3.6707697,1.1160071,1.1792264,24.313965
10.831342,10.069284,2.2585294,0.7620573,7.035669
20.96193,22.871065,1.0286615,1.9091358,9.107634
8.0710535,6.699183,1.4586296,1.3718705,16.997416
2.0531552,3.2074046,2.030963,1.1542494,56.218323
4.069951,5.728597,1.9562123,1.6586461,40.753464
40.83738,41.870567,0.88694614,1.0331879,2.5300052
14.656492,14.043804,0.9585663,0.61268806,4.1803184
25.063164,20.35387,1.1279883,4.7092934,18.7897
14.541396,13.960537,0.99817485,0.5808592,3.9945214
44.08028,43.719265,0.9450844,0.36101532,0.81899506
42.991516,42.379753,0.96322453,0.611763,1.4229854
9.531478,10.383314,1.7952963,0.8518362,8.937084
44.256523,45.117363,1.325044,0.86083984,1.945114
11.055717,12.693813,1.2202243,1.6380959,14.8167305
38.56178,38.7063,0.98167795,0.1445198,0.37477472
38.337524,37.350708,0.88821775,0.9868164,2.5740223
7.9109564,8.362679,1.3286587,0.45172215,5.7100825
19.402725,17.455694,0.98270136,1.947031,10.034832
8.247079,9.0369625,1.564307,0.7898836,9.577738
8.337855,7.9329066,1.3232062,0.4049487,4.856749
49.985092,51.09335,1.0163578,1.1082573,2.2171757
3.922934,2.288898,2.1543138,1.6340361,41.653416
17.189135,20.821507,0.9602221,3.632372,21.13179
10.844945,10.413538,2.3025491,0.43140697,3.9779544
4.782188,4.5463705,1.0353692,0.23581743,4.931162
2.0588017,3.1499176,0.9665137,1.091116,52.997623
37.047245,37.213223,0.90888375,0.16597748,0.44801572
8.642833,7.881059,1.3624156,0.7617736,8.813934
14.139048,12.25386,1.7948995,1.8851871,13.333197
35.291664,33.22857,0.9434829,2.063095,5.8458424
3.9740372,3.2810967,1.0588939,0.6929405,17.436687
7.49614,6.613152,1.5654318,0.882988,11.779236
29.397076,28.539053,0.9352468,0.8580227,2.9187348
31.39397,29.51566,0.92874885,1.8783112,5.9830317
5.4664173,6.5148077,2.0487168,1.0483904,19.178747
37.54138,38.283646,0.892188,0.7422638,1.9771882
4.7997904,4.743502,0.96959597,0.056288242,1.1727229
8.062468,7.1058683,1.1289803,0.95659924,11.864845
21.796547,21.068258,0.9102974,0.72828865,3.3413029
6.023933,4.940505,1.0820279,1.0834279,17.985392
7.1464596,4.5942373,1.6294893,2.5522223,35.7131
40.655235,39.769184,1.0089809,0.8860512,2.179427
20.628864,22.44133,1.0535244,1.8124657,8.786066
44.511494,43.379684,1.0488683,1.1318092,2.5427349
41.918102,42.561703,0.934722,0.64360046,1.535376
36.917778,36.949196,0.9276593,0.031417847,0.085102215
7.7938733,8.215629,1.0350631,0.4217553,5.41137
40.67038,40.709686,1.0308605,0.03930664,0.09664685
12.8730545,15.909508,1.1735469,3.0364532,23.587667
41.977707,41.765327,0.8751653,0.21237946,0.50593394
3.9371557,5.3138347,1.5502466,1.376679,34.96633
13.315326,7.074537,2.3698382,6.240789,46.86922
41.076298,39.63904,1.0056751,1.4372559,3.4989908
37.114582,36.66217,1.0764078,0.45241165,1.2189593
42.261784,42.127632,0.9566365,0.13415146,0.31742972
8.025101,8.769515,1.2183617,0.7444143,9.276075
5.5233684,6.2355256,1.0192225,0.71215725,12.893533
9.304123,8.942901,1.462825,0.36122227,3.8823893
19.288054,14.287295,2.0472445,5.000758,25.926712
30.71133,28.72231,1.0428759,1.9890213,6.476506
37.69775,37.933594,1.0129081,0.23584366,0.6256173
6.0194454,7.861894,1.828348,1.8424487,30.60828
12.2727375,12.316536,0.9437795,0.043798447,0.35687593
4.8710427,4.6498303,1.7171336,0.22121239,4.5413766
9.17672,8.209705,1.4975138,0.9670143,10.53769
6.605769,6.7120275,1.3211287,0.10625839,1.6085696
22.393919,27.155859,1.3237392,4.76194,21.264433
6.7270293,6.0993853,0.9326846,0.62764406,9.330181
6.9482546,4.9478016,1.8865551,2.000453,28.790728
5.447351,6.0026946,1.2228682,0.5553436,10.194747
6.409969,5.2049246,1.0321743,1.2050443,18.799534
4.10228,7.1474776,2.3696527,3.0451975,74.23183
0.7426707,2.8713243,1.2710702,2.1286535,286.62146
42.936592,41.472973,0.99394363,1.4636192,3.4087923
8.593671,6.8384886,0.9258229,1.7551823,20.424126
10.697383,10.047178,2.269545,0.65020466,6.0781655
10.536641,7.7546115,0.85571754,2.7820296,26.403383
41.608902,40.50334,0.9424141,1.1055603,2.6570282
44.354492,43.224598,1.0780579,1.1298943,2.5474179
40.279617,38.665462,0.9411471,1.6141548,4.007374
39.894974,40.750576,0.91730565,0.85560226,2.1446366
38.24918,35.30442,0.98579925,2.9447594,7.6988826
6.043154,6.700356,1.1527478,0.65720224,10.875154
18.383932,17.982363,0.9207876,0.40156937,2.1843498
26.070652,26.57001,0.9507634,0.49935722,1.9153998
43.95984,44.06654,0.96235335,0.1067009,0.24272358
4.7636447,4.3225226,2.0341384,0.44112206,9.2601795
7.0392075,6.090362,1.1249747,0.9488454,13.479435
29.219809,32.086426,1.0117031,2.8666172,9.810527
30.499609,28.61937,1.013258,1.8802395,6.1647987
26.763796,27.935305,0.95391405,1.1715088,4.3772144
21.774956,20.836882,0.9242778,0.9380741,4.3080416
32.145115,19.401514,1.5595644,12.743601,39.643974
12.971187,12.415298,2.2672489,0.5558882,4.2855616
42.165703,41.98361,0.97194654,0.18209457,0.43185472
35.170025,35.41183,0.9172903,0.24180603,0.68753445
42.647617,43.093384,1.3606261,0.44576645,1.0452318
4.526555,4.2190876,0.94025874,0.30746746,6.7925267
14.781445,13.986269,0.92940325,0.79517555,5.3795524
11.192936,11.572838,1.3123211,0.3799019,3.394122
39.753178,40.242226,0.9150726,0.489048,1.2302111
3.5075595,5.1355906,1.3829869,1.628031,46.41492
4.849546,4.836441,0.94653964,0.013104916,0.27022976
3.9620647,7.413456,2.1659353,3.4513912,87.11092
14.033727,12.072149,0.9655052,1.9615774,13.977594
39.889393,40.064144,0.96005476,0.17475128,0.4380896
10.325601,10.316344,2.1781814,0.009256363,0.08964479
7.30743,7.2608547,1.2051436,0.04657507,0.63736594
40.076992,40.175713,0.99905366,0.09872055,0.24632725
25.918062,25.936123,0.93729496,0.018060684,0.069683775
10.752792,7.697668,1.2219675,3.0551243,28.41238
10.321042,7.618735,0.9312953,2.7023072,26.182503
44.77583,42.792034,0.9670868,1.9837952,4.430505
41.04725,41.281178,0.8661112,0.23392868,0.569901
3.0243664,6.4068785,0.9163536,3.382512,111.84201
44.598648,43.778797,0.89681536,0.8198509,1.8382865
41.782104,41.41413,0.98052996,0.36797333,0.880696
26.009243,24.78563,0.87050366,1.2236137,4.704534
43.541466,43.474815,0.94929254,0.06665039,0.15307337
37.193954,36.8131,0.9132968,0.38085556,1.0239717
3.0164928,7.263385,0.87940544,4.246892,140.78906
39.10934,38.795338,1.0082812,0.314003,0.8028849
8.421313,7.019029,0.93470854,1.4022841,16.651608
42.91375,43.051666,1.0205188,0.13791656,0.32138082
2.5680025,4.6507854,1.1721154,2.082783,81.10518
14.305066,12.193583,2.1955538,2.1114836,14.76039
9.292001,8.39344,0.92007834,0.8985605,9.6702585
5.5238924,5.2875805,0.9995697,0.23631191,4.277996
14.613187,19.411959,1.192247,4.798772,32.838642
27.652729,26.685305,1.4985484,0.9674244,3.498477
7.7931876,6.7054653,1.065291,1.0877223,13.957348
3.1562,6.1938562,1.6626229,3.0376563,96.2441
38.956635,37.884808,0.9107849,1.0718269,2.7513335
3.5093863,2.8681974,1.0188046,0.64118886,18.270683
9.3981285,10.016022,1.9259443,0.6178932,6.574641
13.471791,10.86245,1.7125584,2.6093416,19.368929
6.378257,6.012848,0.9415607,0.3654089,5.7289777
40.92649,41.88957,0.977461,0.96307755,2.3531888
39.472927,39.73651,0.94102293,0.26358414,0.6677593
30.211906,30.028183,0.93163264,0.18372345,0.60811603
36.723774,37.7742,0.8982092,1.0504265,2.8603446
3.0639303,2.8713214,2.1654668,0.19260883,6.286332
1.6213133,3.079173,1.2542914,1.4578598,89.91845
13.700991,16.92889,0.96184015,3.2278996,23.559607
26.111935,26.126352,0.9184529,0.014417648,0.055214785
12.1235285,9.979555,0.9573871,2.1439734,17.6844
5.166413,3.6508865,1.0695345,1.5155263,29.334208
0.920274,1.5686698,2.2132075,0.6483958,70.45682
13.955846,16.742985,0.9060497,2.787139,19.971123
7.4177275,6.705734,0.93627995,0.7119937,9.598542
18.554052,20.610754,1.5960578,2.0567017,11.084919
16.01886,14.106893,1.0161132,1.9119673,11.935726
17.400263,15.043598,0.89758915,2.3566647,13.543845
16.582737,14.786074,0.89568555,1.7966633,10.834539
15.24754,12.060782,1.5610888,3.186758,20.900145
49.766037,49.21529,1.0754125,0.5507469,1.1066723
26.975077,27.503098,0.8864694,0.52802086,1.9574397
5.264306,3.341527,1.1674584,1.9227791,36.524834
35.289215,35.992752,0.92516005,0.703537,1.9936317
5.0802655,4.645913,0.9378257,0.4343524,8.549798
4.8578625,4.934599,1.0871552,0.07673645,1.5796341
41.306194,41.200325,1.2482585,0.10586929,0.25630367
4.0141788,7.6135063,2.2384386,3.5993276,89.66536
5.128263,3.5757565,0.9575691,1.5525064,30.273533
4.7139225,4.532172,1.5191168,0.1817503,3.8556063
43.447655,41.04828,0.93680185,2.399376,5.522452
2.4545867,5.4894657,0.90698785,3.034879,123.64113
9.517284,7.9918346,0.9798876,1.5254498,16.028204
3.5297291,2.1372533,1.0576408,1.3924758,39.449936
21.962406,24.362856,0.9111704,2.4004498,10.929812
3.6531992,8.454536,2.3061721,4.8013372,131.42828
14.004082,13.586369,0.89976037,0.41771317,2.9827957
40.947582,41.27155,0.98146904,0.32396698,0.7911749
7.144981,5.4909616,0.89708704,1.6540194,23.149387
4.776717,5.7976217,0.923476,1.0209045,21.372515
0.6900671,2.678463,2.0630572,1.9883959,288.1453
21.986177,22.073988,0.96510285,0.08781052,0.39938965
7.905383,8.906159,1.3655857,1.0007763,12.659428
16.165482,15.833071,0.9191149,0.3324108,2.0563002
4.129022,4.518538,0.93816143,0.38951588,9.433611
1.8303986,0.0,0.9996604,1.8303986,100.0
44.45774,43.58754,1.0482016,0.8702011,1.957367
4.4688497,5.91523,0.91849035,1.4463801,32.365826
3.6194837,4.557767,0.9915211,0.9382832,25.923124
14.035908,12.493828,0.95093215,1.5420799,10.986677
4.0843554,3.0358448,1.0265397,1.0485106,25.671385
3.0941486,5.7107882,2.3605556,2.6166396,84.56736
1.4566035,0.99676466,1.9378532,0.45983887,31.569254
4.523865,5.147772,1.0045221,0.6239066,13.7914505
42.80844,40.20548,0.9852963,2.6029625,6.080489
26.27947,27.36671,1.074684,1.0872402,4.137223
5.0941777,6.1503763,1.0267574,1.0561986,20.733446
7.3752837,7.7826924,0.9468016,0.4074087,5.5239735
38.954403,37.377384,0.91692686,1.5770187,4.048371
38.37826,37.213547,0.9193592,1.1647148,3.0348296
3.564798,3.7498202,0.99686843,0.18502212,5.190255
33.22006,31.346218,1.0193852,1.8738403,5.6406894
30.437769,31.014797,0.9375831,0.5770283,1.895764
2.64983,1.5763884,1.5166776,1.0734417,40.509834
34.904366,35.54915,0.8957516,0.644783,1.8472848
7.6575184,5.9405146,2.0478814,1.7170038,22.422457
8.592479,8.357687,1.1670672,0.23479176,2.7325265
22.611408,26.454525,0.9501009,3.8431168,16.996363
8.045543,7.747835,0.97404844,0.29770756,3.7002795
28.729433,27.08427,0.9985708,1.6451626,5.7264013
26.10398,26.463388,1.1512299,0.35940933,1.3768374
10.429439,12.819134,2.074881,2.3896952,22.91298
6.5821486,6.826522,1.0708061,0.24437332,3.712668
5.923218,4.745791,1.0044428,1.1774268,19.878162
39.712822,40.420277,0.8829707,0.7074547,1.7814263
5.1502743,5.102753,0.95815957,0.047521114,0.9226909
39.500835,38.617508,0.92366934,0.8833275,2.236225
5.751971,6.0938377,1.2605536,0.34186697,5.9434757
11.82551,9.334097,2.2083645,2.491413,21.068125
22.029213,18.423332,1.0057477,3.6058807,16.368631
16.476109,18.249094,0.97503656,1.7729855,10.760948
20.378866,23.595448,0.9370823,3.2165813,15.783908
36.001423,34.80653,0.8970261,1.1948929,3.3190157
10.533188,9.1261,2.259662,1.4070883,13.358618
7.1725655,5.9317493,0.8719702,1.2408161,17.299475
30.718416,28.664927,1.3718495,2.0534897,6.684881
6.553617,7.3213854,1.0499338,0.7677684,11.715186
4.277694,7.3152833,1.1628431,3.037589,71.009964
15.971276,18.623724,0.9963122,2.6524477,16.607613
9.997463,10.189851,2.3264139,0.19238758,1.924364
6.8022594,6.5849066,1.0740649,0.21735287,3.195304
5.4412255,4.736517,0.9706527,0.7047086,12.951283
42.00071,41.51032,0.90073895,0.49039078,1.1675774
37.991978,38.917805,1.1159695,0.925827,2.4369013
40.722,41.225204,0.91704464,0.50320435,1.2357063
30.227802,29.03832,1.0955958,1.1894817,3.9350586
10.162901,8.639661,0.9302284,1.5232401,14.98824
29.12314,27.776651,0.9883545,1.346489,4.623433
12.181788,9.275157,0.8981553,2.9066315,23.860466
10.064862,8.863678,0.91940594,1.2011843,11.934433
26.263235,26.626192,0.9540018,0.362957,1.3819965
35.218796,33.27525,0.98695004,1.9435463,5.5184917
41.589252,41.974888,0.9649304,0.38563538,0.9272477
41.344418,40.55334,0.99454385,0.79107666,1.913382
43.042103,43.303432,0.92201614,0.26132965,0.6071489
2.3197427,6.0375133,1.1426558,3.7177706,160.26651
10.863763,11.7077675,1.9816402,0.84400463,7.76899
27.348352,28.315315,0.92758447,0.9669628,3.535726
6.6433606,6.72246,1.6417289,0.07909918,1.1906501
7.1037145,8.209541,0.93735904,1.1058269,15.566882
35.829563,35.189983,0.9530917,0.6395798,1.7850616
7.7734504,6.3341575,1.1070491,1.4392929,18.515495
4.6451125,4.038971,1.5700003,0.60614157,13.049019
7.694788,9.347977,2.3002949,1.6531887,21.484528
5.2906013,6.4040356,1.0305548,1.1134343,21.045515
6.391586,7.4214134,1.0207846,1.0298276,16.112238
16.87502,16.479439,0.96322876,0.3955803,2.3441768
37.07683,32.74544,0.91922593,4.3313904,11.682202
17.512506,20.493174,0.89977866,2.980667,17.02022
8.884099,8.811944,2.098412,0.072155,0.8121814
43.529102,42.573536,0.8926352,0.9555664,2.1952357
3.1198528,3.9613338,1.0723056,0.841481,26.971815
11.755086,10.668697,0.92328024,1.0863886,9.241859
4.4438224,4.9965205,1.073673,0.55269814,12.4374485
44.25128,43.612736,1.0729102,0.638546,1.443
18.539042,17.61032,1.033183,0.9287224,5.009549
30.587803,28.95563,0.9430322,1.6321735,5.336027
2.2430544,3.7201138,0.9152461,1.4770594,65.85036
44.377014,44.247063,0.94672,0.12995148,0.29283512
37.676174,38.193165,0.9296197,0.51699066,1.3721952
10.548877,8.707825,2.0873117,1.841052,17.452589
41.91464,40.75767,0.91863644,1.1569672,2.7602937
41.179462,42.699955,0.93891084,1.5204926,3.6923566
3.8495364,3.4021535,0.9873435,0.44738293,11.621736
13.573781,11.579902,1.0194753,1.9938793,14.689197
3.6845398,1.6805091,1.7120323,2.0040307,54.39026
19.657637,20.785826,1.0197529,1.1281891,5.7391896
4.558105,4.310439,0.965739,0.24766588,5.4335275
42.10743,39.319714,0.91391164,2.787716,6.620485
0.4736587,1.3018999,2.0623617,0.8282412,174.86034
2.00457,6.1291285,1.0323961,4.1245584,205.75777
5.8859305,8.727583,1.5306344,2.8416524,48.27873
6.947226,7.281725,1.2639112,0.33449888,4.8148556
39.573437,39.246964,0.9817355,0.32647324,0.82498074
44.02621,44.617043,0.90843064,0.59083176,1.342
8.187423,5.8090224,1.1216458,2.3784003,29.049438
34.66911,33.445045,0.993739,1.2240639,3.5307047
48.837833,48.538628,1.1654396,0.29920578,0.61265165
35.349636,35.809864,0.91371626,0.46022797,1.3019313
8.11131,10.971362,1.8368083,2.860052,35.26005
6.548138,3.9731538,1.4002467,2.5749843,39.323917
39.9318,40.114887,0.8939681,0.1830864,0.4584977
1.5445721,3.6987064,2.3278537,2.1541343,139.46478
49.82607,49.119564,1.274826,0.7065048,1.4179422
41.282253,40.943382,1.0055727,0.338871,0.8208636
2.4433095,7.58368,1.1063787,5.1403704,210.38556
5.199259,5.3692713,1.0200537,0.17001247,3.2699368
38.879055,39.716385,1.0208731,0.83732986,2.1536787
3.146451,4.723349,1.9429885,1.5768981,50.11672
10.30089,13.05809,1.7504627,2.7572002,26.766623
10.032696,8.674847,2.2776132,1.3578491,13.53424
40.88486,38.96264,0.9112787,1.9222221,4.70155
25.199677,23.151134,0.969337,2.048542,8.129239
6.8667254,5.9612985,1.0575072,0.905427,13.185717
41.765034,41.98472,0.8984799,0.2196846,0.5260013
21.317509,22.78066,1.2395352,1.4631519,6.8636155
9.451619,7.9210215,1.0402082,1.5305977,16.194027
10.937221,11.626429,1.6061355,0.68920803,6.3014917
5.179803,5.257981,0.9769203,0.07817793,1.5092839
10.680022,10.671027,2.3408694,0.008995056,0.084223196
6.244383,5.7165046,1.1688404,0.5278783,8.4536495
35.915257,35.362637,0.98397547,0.55261993,1.5386775
4.0825853,5.680559,0.99459183,1.5979738,39.14122
17.54924,12.33205,1.2179168,5.21719,29.728865
10.479965,9.195357,0.9513222,1.2846079,12.25775
28.831045,28.540953,0.99652207,0.29009247,1.0061809
49.992928,56.513596,1.0259526,6.520668,13.04318
9.411318,9.05548,0.97268856,0.35583782,3.7809563
9.467727,8.9342165,0.9329039,0.5335102,5.6350403
8.266675,7.1609964,1.5724573,1.1056786,13.375131
8.754677,8.463332,2.079921,0.29134464,3.3278744
44.399754,43.540607,1.0445468,0.8591461,1.9350245
6.9366794,5.674441,1.0669118,1.2622385,18.19658
28.13744,28.200378,0.97539425,0.06293869,0.22368307
3.8414738,8.606096,2.351899,4.7646227,124.03111
38.987576,37.82088,1.01164,1.1666946,2.9924781
19.01023,19.071358,1.1364135,0.061128616,0.32155645
4.848849,4.8538632,1.4309884,0.0050144196,0.10341464
8.141992,8.998943,0.9746463,0.8569517,10.525087
39.286312,38.133705,1.0139695,1.152607,2.9338639
6.1770425,6.0650296,1.0326115,0.11201286,1.8133737
39.502674,40.77925,0.94352,1.276577,3.2316217
24.717688,22.524391,0.96348417,2.1932964,8.873388
8.348011,7.0526752,1.4986027,1.2953358,15.516699
3.0809777,3.0145636,1.5158086,0.06641412,2.1556182
6.3385696,6.330658,1.4069949,0.007911682,0.1248181
24.667774,28.754839,0.880679,4.0870647,16.568438
24.322777,24.84891,1.0226357,0.5261326,2.1631272
9.274279,8.1705885,1.1810107,1.1036901,11.90055
4.7420373,4.7570486,1.3057666,0.015011311,0.31655824
9.645879,9.016982,1.0271921,0.6288967,6.519849
3.7900114,4.902729,0.9035915,1.1127176,29.359215
10.050358,9.18343,1.0361947,0.8669281,8.625843
10.656314,10.668852,0.9160301,0.012537956,0.117657535
40.83066,40.213623,0.9555867,0.6170387,1.5112141
42.494156,41.8608,0.932009,0.6333542,1.4904501
13.6977625,12.888541,1.0776222,0.80922127,5.9076896
39.57581,38.34456,0.9309143,1.2312508,3.1111195
1.7916926,3.5120206,1.8410463,1.720328,96.016914
41.831215,42.16017,0.9333184,0.3289566,0.78639024
35.32682,34.136665,0.9262943,1.190155,3.3689842
40.94888,40.516396,0.88398105,0.43248367,1.0561551
11.323934,10.112306,2.268902,1.211628,10.699709
40.477608,40.5148,0.9392076,0.0371933,0.09188611
40.704388,41.14275,0.9319737,0.43836212,1.0769407
42.58698,43.020794,0.9620833,0.433815,1.0186565
45.522026,40.508446,0.9487363,5.0135803,11.013526
4.7886844,5.8284626,1.8819654,1.0397782,21.713234
7.8991303,10.424599,1.8936353,2.5254683,31.971472
10.878783,9.616394,0.87291515,1.2623892,11.60414
4.9842095,5.575181,1.2435261,0.59097147,11.856874
49.4485,49.763012,1.6400282,0.31451035,0.63603616
23.868567,24.176022,1.473323,0.30745506,1.288117
35.007576,33.996834,1.0784117,1.0107422,2.88721
26.555052,26.326982,0.91901636,0.2280693,0.85885465
36.69175,34.23136,0.9173046,2.4603882,6.7055626
3.5554535,3.4258056,1.2038282,0.12964797,3.6464539
10.266897,9.803465,2.1465807,0.4634323,4.5138497
13.117663,15.540348,0.90472776,2.4226847,18.468874
22.376423,22.289394,1.0333452,0.0870285,0.3889295
37.254852,37.468674,0.8997336,0.21382141,0.5739424
19.824629,8.666754,1.0924774,11.157875,56.282894
28.083078,26.22355,0.9752146,1.8595276,6.6215234
40.79918,41.760857,0.89669144,0.96167755,2.3571002
6.755026,6.795017,1.0098256,0.039990902,0.592017
2.6770742,3.5331903,2.0373008,0.85611606,31.97954
8.2334585,6.2933187,1.256581,1.9401398,23.564093
25.402203,26.29714,0.9804259,0.8949375,3.5230706
1.9646218,5.9826403,0.90864635,4.0180187,204.51869
7.5212345,7.056428,1.6540338,0.46480656,6.1799235
5.9441133,5.164362,0.91430706,0.7797513,13.118042
9.934866,10.211809,0.95002437,0.2769432,2.7875888
3.0825634,4.433094,1.2002276,1.3505306,43.811935
3.8515596,5.185903,0.9715486,1.3343434,34.644238
17.757223,15.399519,0.9120322,2.3577042,13.277437
43.31272,42.641186,0.9650732,0.6715355,1.5504348
42.38072,42.88575,0.8785041,0.5050316,1.1916541
42.747036,42.809204,0.8630931,0.06216812,0.14543259
4.122534,3.5329213,2.0551498,0.5896125,14.302187
5.962366,4.9780025,1.0498285,0.98436356,16.509613
27.464226,27.99399,1.1076156,0.5297642,1.9289244
8.972589,11.443279,1.0477808,2.4706907,27.535986
38.65557,37.476612,1.0201049,1.1789589,3.0499067
3.8445218,6.1656485,2.0171316,2.3211267,60.374912
8.502869,6.6595387,1.011809,1.8433299,21.678919
13.16576,9.931086,2.3032959,3.2346745,24.568838
27.388227,25.628147,0.9260601,1.7600803,6.4264116
5.3036203,5.399526,0.96606755,0.09590578,1.8083078
41.871372,40.13707,0.9227962,1.7343025,4.141977
40.251698,41.59309,0.8955522,1.3413925,3.3325117
41.444874,41.80436,1.134125,0.35948563,0.8673826
5.3442397,9.223206,1.9587103,3.8789659,72.582184
6.6981254,6.755105,0.9207912,0.056979656,0.85068065
15.838582,17.919737,1.0051455,2.0811548,13.13978
9.8910885,10.620881,0.9733511,0.7297926,7.3782845
4.04912,4.9900837,0.8996181,0.94096375,23.238722
3.0676997,4.3246193,0.9376245,1.2569196,40.97271
37.644627,37.59405,0.92596656,0.050575256,0.1343492
9.09426,8.647205,1.5168725,0.44705486,4.9157915
31.044664,30.330439,0.98800105,0.71422577,2.3006394
43.269405,43.210636,0.95195377,0.058769226,0.13582167
4.1951413,5.565275,0.8776477,1.3701339,32.660015
11.698435,9.595633,2.354376,2.1028023,17.975073
3.750576,2.5052075,2.0956728,1.2453685,33.204727
1.7584642,8.102945,1.330111,6.344481,360.79672
13.885024,14.108283,1.2546395,0.22325897,1.6079121
13.156529,14.516248,0.91218615,1.3597183,10.334931
8.329644,8.324783,1.038603,0.004860878,0.05835637
17.305801,19.28154,1.0061584,1.9757385,11.416625
42.70326,42.250904,0.96738356,0.45235443,1.0592972
41.93193,42.25251,1.0540625,0.32057953,0.7645237
8.744543,7.921427,0.9324658,0.8231163,9.412914
8.565674,7.1521664,0.8855898,1.4135075,16.501999
8.575489,8.328709,0.969011,0.2467804,2.8777413
4.817975,5.8539705,0.8742642,1.0359955,21.502716
10.091608,10.060556,0.93059736,0.031051636,0.3076976
33.840267,32.478905,0.9170912,1.3613625,4.022907
10.785109,12.238638,1.0542167,1.4535294,13.477188
14.832271,13.1947155,0.9219644,1.6375551,11.040488
9.325306,7.379137,2.3255823,1.9461689,20.869759
5.3654966,4.654733,0.9032891,0.71076345,13.246928
20.921873,20.031097,1.0809247,0.8907757,4.257629
8.147709,8.271912,1.2476628,0.12420273,1.5243884
37.63026,37.89462,0.9089391,0.26435852,0.7025158
37.323837,37.53816,0.96706086,0.21432114,0.57422054
7.7167015,5.3644476,1.4102517,2.352254,30.482634
39.45346,40.659985,0.8838292,1.2065239,3.058094
39.199005,39.245422,0.9924527,0.046417236,0.11841432
12.712135,11.384435,2.3207216,1.3277006,10.444356
43.567055,42.370155,0.9241787,1.1968994,2.747258
6.9440017,9.19589,1.0256135,2.2518888,32.429264
7.882412,6.5601244,1.2873178,1.3222876,16.775166
32.22254,31.01439,1.278617,1.2081509,3.7493966
21.902729,24.937452,1.0309159,3.0347233,13.855457
1.7903842,2.1358452,1.0687199,0.345461,19.295357
6.5957165,5.5162888,0.85971415,1.0794277,16.365587
20.234732,20.418089,0.95852673,0.18335724,0.90615106
36.10208,36.6307,1.0914371,0.52861786,1.464231
21.125507,23.304634,1.2966896,2.1791267,10.3151455
43.066948,43.14323,0.9074244,0.0762825,0.1771254
6.7326584,6.7334843,1.2802905,0.00082588196,0.0122668035
49.887478,49.40565,1.0294745,0.48182678,0.9658271
6.4047894,6.1585565,0.967886,0.24623299,3.8445134
5.8275876,4.948552,0.9771899,0.8790355,15.084038
33.86852,34.772175,0.92938477,0.903656,2.6681297
24.537321,23.099499,0.9955133,1.4378223,5.859736
15.262919,11.156214,2.3441443,4.1067057,26.906424
40.3218,40.02652,0.9072071,0.29528046,0.7323097
45.40763,44.650528,1.0527143,0.75710297,1.6673474
13.071727,17.319975,1.1227925,4.248248,32.499516
39.871044,40.355267,0.906146,0.4842224,1.2144713
42.36336,42.89559,0.9347269,0.5322304,1.256346
44.013824,43.24499,0.96020824,0.76883316,1.7467992
42.58181,15.95104,2.32582,26.63077,62.540245
1.8485656,1.4210682,1.0790796,0.4274974,23.125898
2.8638039,5.508405,0.97455966,2.6446013,92.34576
18.834425,17.87762,1.0127494,0.9568043,5.0800824
3.5666,4.2356415,1.0930382,0.6690414,18.75852
15.54105,15.65999,0.90897036,0.11894035,0.76533026
40.977917,40.881554,0.9046237,0.09636307,0.23515853
23.28683,21.950357,0.9168507,1.3364735,5.739181
21.78141,14.610274,2.2916768,7.171136,32.923195
17.39333,14.908257,0.91799104,2.485073,14.287506
12.724749,11.777367,1.0789981,0.947382,7.445192
10.57246,10.168015,2.3182192,0.40444565,3.825464
16.720463,15.291456,1.0540913,1.4290066,8.546453
40.53474,41.165222,0.8632917,0.6304817,1.5554107
32.668316,32.931595,0.9425993,0.26327896,0.8059153
3.8352983,4.6657043,0.9196499,0.83040595,21.651665
5.8436213,6.4053493,0.91497284,0.561728,9.612669
5.2844415,4.96777,0.98311275,0.31667137,5.992523
9.028034,7.8793297,0.9482175,1.1487045,12.72375
19.575472,15.472586,1.3152477,4.102886,20.959322
3.8261623,4.445719,0.91725,0.6195564,16.192633
8.835843,6.4084044,2.161192,2.4274387,27.472631
43.46719,41.670273,0.9150077,1.796917,4.1339617
35.347584,34.006996,0.9389002,1.3405876,3.7925863
25.871254,26.041006,0.96340394,0.16975212,0.6561418
16.841007,16.913723,1.1597059,0.07271576,0.43177798
39.734493,39.240242,1.0283397,0.49425125,1.2438846
3.9143298,5.905073,0.9383637,1.9907434,50.857838
3.9237385,3.3223395,1.389623,0.60139894,15.327192
13.573355,17.86043,1.0251309,4.287075,31.584492
44.345024,45.720528,0.9768505,1.3755035,3.1018217
41.393246,41.172623,0.92148924,0.22062302,0.5329928
40.924404,40.376892,1.060937,0.54751205,1.337862
44.656555,43.339752,1.0618917,1.316803,2.9487338
5.8987913,7.1840825,1.4143347,1.2852912,21.789059
43.840088,44.199585,1.1136446,0.35949707,0.82001907
2.3691807,4.3505836,1.1258847,1.9814029,83.63241
43.80606,43.680157,0.9464515,0.12590408,0.28741246
43.277504,43.414536,0.89416677,0.13703156,0.3166346
6.0540333,6.028383,0.94685847,0.025650501,0.42369276
11.046887,12.495643,0.93368125,1.4487553,13.114601
34.055023,34.35945,0.9689266,0.3044281,0.8939301
22.355465,21.090422,1.0400232,1.2650433,5.6587653
30.50188,31.648842,1.1706041,1.1469612,3.7602968
36.227566,36.305035,0.9300687,0.07746887,0.21383958
41.631104,42.05955,0.93278044,0.42844772,1.029153
39.67759,39.882595,0.91140145,0.20500565,0.5166787
36.797256,37.4684,0.9837433,0.6711426,1.823893
44.068085,44.592163,0.9825856,0.52407837,1.189247
7.134076,4.834247,1.056491,2.299829,32.237236
19.822275,17.437454,0.91188,2.384821,12.031014
11.430978,10.501686,2.231886,0.9292917,8.12959
43.879944,43.666027,0.98295826,0.21391678,0.4875047
7.9708943,8.922178,1.0109158,0.95128393,11.934469
15.484498,19.87377,1.136819,4.3892717,28.346233
43.43877,44.29172,0.9350102,0.85295105,1.963571
6.1106434,6.5878987,1.0664587,0.47725534,7.8102303
10.179186,7.5347285,1.5207415,2.6444573,25.979065
32.823017,30.1744,1.1123673,2.6486168,8.069389
43.404037,42.647354,1.0451249,0.75668335,1.7433479
8.797554,8.60309,0.93759936,0.19446373,2.2104294
45.405758,41.982994,0.90630174,3.4227638,7.538171
11.69212,13.155028,1.0805821,1.4629087,12.511921
23.761423,24.4649,0.97115314,0.70347595,2.96058
16.25189,19.077824,0.91233355,2.8259335,17.388338
44.06612,43.766064,1.0446995,0.30005646,0.6809232
13.106077,12.153232,0.94723487,0.9528456,7.270258
7.8177476,6.0719523,1.0582856,1.7457952,22.33118
44.732075,43.770615,0.9377087,0.9614601,2.1493752
19.802048,15.899525,1.2034082,3.902523,19.707674
10.229345,13.350645,1.5524331,3.1212997,30.513191
41.298218,41.9027,0.9210286,0.60448074,1.463697
41.08065,41.741398,0.98415476,0.6607475,1.6084155
7.4826775,6.8707924,1.0826299,0.6118851,8.177355
7.201473,6.553389,0.8865767,0.64808416,8.999328
39.87344,39.199516,0.94433385,0.6739235,1.6901563
18.385868,16.565142,0.9101549,1.8207264,9.902858
10.757914,10.785812,1.7499543,0.027898788,0.25933272
32.10943,30.767683,1.0275975,1.3417454,4.1786647
5.593168,5.6053553,0.919124,0.012187481,0.21789943
40.095387,36.862324,1.0298929,3.2330627,8.063428
1.8058281,2.4064074,2.0831635,0.60057926,33.25783
3.4598072,4.924086,0.96600586,1.4642789,42.322556
26.298065,29.371243,0.91361684,3.0731773,11.6859455
3.2119875,6.551872,2.3688755,3.3398843,103.98186
43.172733,42.886436,0.9309422,0.28629684,0.66314274
6.823308,6.707814,0.98745143,0.115493774,1.6926361
39.966625,37.722492,0.9187673,2.244133,5.6150174
10.464722,9.451654,0.967214,1.0130672,9.680785
9.385552,8.43825,1.9246932,0.9473028,10.093203
40.153603,41.204662,0.8988065,1.0510597,2.6175976
20.721272,23.025995,0.9275421,2.3047237,11.122502
38.87346,39.64714,0.8837701,0.77368164,1.9902568
20.21129,19.446854,0.99935627,0.7644367,3.7822263
4.3007646,4.105052,1.0388842,0.19571257,4.550646
43.021454,42.09646,1.040369,0.9249954,2.1500795
44.42691,43.5497,0.96054685,0.8772087,1.9744985
42.472576,40.881504,0.99948245,1.5910721,3.7461162
40.04859,35.134716,1.3485918,4.9138756,12.269784
11.782323,12.367962,2.3131382,0.585639,4.9704885
41.536163,40.321686,0.9269018,1.2144775,2.923904
9.983503,8.834921,1.9764822,1.1485825,11.504804
9.495299,8.989967,0.9689527,0.505332,5.3219175
8.912872,10.052612,1.263659,1.13974,12.787572
14.597507,12.057056,2.334181,2.540451,17.40332
5.766147,8.613,1.6015288,2.8468528,49.371838
4.1367407,5.7238693,1.0690299,1.5871286,38.366646
40.342907,40.50939,0.8737074,0.16648483,0.41267437
40.068607,42.22729,1.1835333,2.1586838,5.387469
8.664257,8.656565,1.5844516,0.007692337,0.08878242
5.9838233,5.9722824,0.92417175,0.01154089,0.19286816
36.307858,33.953568,0.9220616,2.35429,6.484244
34.559654,33.429405,0.9301853,1.130249,3.2704291
22.611002,23.707441,1.188719,1.0964394,4.849141
8.80994,5.863957,2.1468203,2.9459834,33.439312
7.8184543,6.684019,1.1075583,1.1344352,14.509712
5.7991514,5.75189,1.0599167,0.047261238,0.81496817
6.0527973,4.0985084,1.1035109,1.954289,32.28737
4.76938,4.3494854,0.95154923,0.4198947,8.803968
40.165054,40.91146,1.133821,0.74640656,1.8583481
7.054776,6.3308516,0.90706956,0.72392464,10.261482
44.317383,44.872776,0.9736763,0.5553932,1.2532176
7.5396686,7.3848047,0.92420423,0.15486383,2.0539873
1.3761804,4.865791,1.8664792,3.4896104,253.57216
5.001941,7.649025,1.0493096,2.6470838,52.921127
2.570528,3.7445784,2.2347062,1.1740503,45.673508
6.8861866,4.2445683,0.99700785,2.6416183,38.361122
7.537032,7.2885776,1.5715187,0.24845457,3.296451
38.13342,38.654358,0.88529193,0.5209389,1.3660954
9.111409,7.157974,0.93709165,1.9534354,21.439444
37.95462,39.65797,1.0216612,1.7033501,4.4878597
49.74056,48.658485,1.1415359,1.0820732,2.1754344
11.321319,13.118443,2.1619606,1.7971239,15.873803
5.9606695,5.0654416,1.0112326,0.8952279,15.018915
0.48573357,1.8753438,2.23185,1.3896103,286.08487
6.569964,6.010643,1.2314886,0.5593209,8.513303
4.217604,3.756163,0.91259956,0.46144128,10.940839
10.909973,11.916229,1.9149313,1.0062561,9.2232685
40.06278,40.45336,0.9247799,0.39058304,0.9749275
36.50858,37.72991,0.93453145,1.2213326,3.3453302
16.448954,18.857964,1.7662302,2.40901,14.64537
2.2952883,3.4081652,1.2580632,1.1128769,48.485275
12.259877,9.815706,1.5695407,2.444171,19.936342
18.071764,17.453276,0.9240683,0.6184883,3.4224014
5.5015664,4.8932495,1.0211953,0.6083169,11.0571575
15.642277,13.512314,0.91309893,2.129963,13.616707
4.5359025,5.6758304,1.0475407,1.1399279,25.131224
5.91677,6.261932,0.9747615,0.3451619,5.8336205
6.0675726,6.736576,0.9368904,0.6690035,11.025883
10.929415,9.692649,0.91874754,1.2367659,11.315939
8.728096,6.4533353,1.1977233,2.2747607,26.062508
43.920177,42.5308,0.90706956,1.3893776,3.1634152
8.256972,7.235931,2.030097,1.0210414,12.3658085
11.28254,13.47688,1.2832305,2.1943398,19.448986
29.709204,26.01515,0.9700289,3.6940536,12.434038
5.9600267,5.4903545,0.9373697,0.4696722,7.8803706
40.615524,24.055262,0.97114754,16.560263,40.77323
8.118635,8.979219,1.6934006,0.86058426,10.60011
4.7215295,4.9749126,1.5819207,0.25338316,5.366548
40.46934,41.31167,0.9063778,0.8423271,2.0813956
40.30102,41.407234,1.0049402,1.1062126,2.744875
8.799451,6.8599095,1.1190895,1.9395413,22.041618
34.28077,34.37728,0.93797565,0.09651184,0.28153348
49.4579,45.2467,0.97810054,4.2112007,8.514717
41.313953,41.67756,0.95894206,0.3636055,0.88010335
43.77759,42.859283,0.9377156,0.91830826,2.0976675
32.457027,32.182693,1.3913555,0.27433395,0.84522206
19.662403,18.650421,0.8804906,1.011982,5.1467867
38.66582,39.40451,0.88637686,0.7386894,1.9104455
26.187077,26.620417,1.4842932,0.43334007,1.654786
4.253896,4.738068,1.0328634,0.48417187,11.3818445
3.8279607,5.007803,0.94222766,1.1798422,30.821692
26.426853,26.044777,1.0793315,0.38207626,1.445788
16.201984,14.681177,2.1964529,1.5208073,9.386549
3.0936623,4.3008866,1.1002489,1.2072244,39.0225
42.966072,43.292236,0.9006275,0.32616425,0.75912046
11.63007,10.057074,2.152633,1.5729961,13.525251
25.438608,24.27269,0.8694132,1.1659184,4.583263
44.84369,44.792892,0.96679384,0.05079651,0.1132746
29.636002,29.81959,0.9707232,0.18358803,0.6194764
6.8270936,5.111794,2.04841,1.7152996,25.12489
4.7565417,4.436232,1.1027737,0.32030964,6.7340865
5.4141107,4.3231945,0.9841051,1.0909162,20.149498
43.592457,43.304115,1.0394633,0.28834152,0.6614482
42.220966,42.218464,0.89718217,0.0025024414,0.0059270114
20.217447,20.606678,0.9406486,0.38923073,1.9252219
8.229195,6.705068,0.9604893,1.5241265,18.52097
18.626238,16.595509,0.93259233,2.0307293,10.90252
10.856323,9.638244,2.309398,1.2180796,11.22
39.086544,36.585484,1.0322981,2.5010605,6.398776
43.82273,43.01439,0.89450854,0.808342,1.8445723
17.404194,16.94504,0.88105524,0.45915413,2.638181
28.747662,29.406313,0.9742433,0.65865135,2.2911475
44.1351,43.357807,0.9438371,0.77729416,1.76117
39.545525,40.804115,0.8641645,1.2585907,3.1826375
49.98769,50.927967,1.3532773,0.9402771,1.8810173
38.222214,34.730328,1.739223,3.4918861,9.13575
40.678497,38.157047,0.9087904,2.52145,6.198484
3.0092304,5.3902273,1.1136,2.380997,79.12312
21.8458,24.406338,0.966745,2.5605373,11.72096
14.180948,16.553972,0.96764183,2.373024,16.733889
7.9835715,6.2672734,1.166775,1.7162981,21.497873
15.268967,13.944962,1.0342227,1.3240051,8.671216
8.183122,7.8193073,1.9635328,0.36381435,4.4459114
43.807327,37.152046,0.9573811,6.655281,15.192163
5.117389,4.6981106,1.0702153,0.41927862,8.193213
49.92229,49.874992,1.0660502,0.04729843,0.094744116
11.97756,12.911863,1.1154628,0.9343033,7.8004475
31.426521,29.763918,0.99991125,1.6626034,5.290447
5.87387,5.2460985,1.025629,0.6277714,10.687526
6.5114365,6.7230153,1.3188977,0.21157885,3.2493422
4.0899324,8.430835,2.3584363,4.3409023,106.136284
40.97909,38.830795,0.9419718,2.1482964,5.2424207
11.217541,10.81683,0.9400112,0.40071106,3.572183
42.144184,42.74973,0.96938664,0.60554504,1.4368412
42.67186,42.950397,0.9867727,0.27853775,0.6527434
16.79482,17.156769,0.91901606,0.361948,2.1551168
7.9992647,7.0539165,1.0471368,0.94534826,11.81794
0.874866,2.674677,2.2517443,1.7998109,205.72418
20.530706,20.022007,1.5184109,0.5086994,2.477749
19.382498,19.485617,0.990844,0.1031189,0.5320207
4.645352,4.0708733,1.3605008,0.5744786,12.36674
11.879735,10.796692,0.9597517,1.0830431,9.116728
9.171208,8.558091,0.90217537,0.6131172,6.6852393
34.02375,34.15697,1.1261213,0.13322067,0.391552
20.807623,19.02029,1.1655576,1.7873325,8.589796
7.7648263,8.563666,1.5707672,0.79884005,10.287931
9.361327,11.178635,1.8346905,1.8173075,19.412926
3.0790322,4.6652937,0.93314207,1.5862615,51.518185
6.5583286,6.128729,1.2458563,0.42959976,6.550446
39.761505,38.782818,0.87931514,0.9786873,2.461394
10.284507,9.686432,0.9461595,0.5980749,5.8153
23.483904,23.53837,1.0014645,0.054466248,0.23193012
8.010417,8.516859,0.9130428,0.50644207,6.3222933
5.145491,5.005002,1.0565434,0.1404891,2.730334
15.214875,14.524628,0.91807127,0.69024754,4.536662
1.4350209,4.5917473,1.2679598,3.1567264,219.97772
11.38412,12.578539,1.1643016,1.1944189,10.491974
36.080437,35.56666,0.9242306,0.5137749,1.4239708
33.670586,34.44903,0.90646535,0.7784462,2.3119473
3.959924,5.5027304,1.1948328,1.5428064,38.960506
38.00975,38.440624,1.4189848,0.43087387,1.1335877
39.63422,39.19796,0.93463326,0.43626022,1.100716
31.98595,32.388386,1.182186,0.4024353,1.2581627
8.323976,11.379956,2.1325843,3.0559807,36.712997
43.985508,41.803658,0.96382755,2.1818504,4.960385
40.31474,40.078495,0.93173397,0.2362442,0.58599955
11.429246,11.571052,2.1729243,0.14180565,1.2407262
40.795536,40.761494,0.9177476,0.03404236,0.08344628
6.1920996,7.730022,1.0817094,1.5379224,24.836847
4.6155415,4.651925,1.0382048,0.03638363,0.7882852
11.021954,6.7001185,2.3701136,4.321835,39.21115
44.374363,20.994413,1.2836983,23.37995,52.687965
6.5327296,5.7726197,1.1253494,0.7601099,11.635409
42.101254,40.594765,1.0818602,1.5064888,3.5782516
22.115576,23.50814,1.0002555,1.3925648,6.29676
32.938534,32.239048,0.9768891,0.6994858,2.1236093
27.917574,26.744612,1.0519694,1.1729622,4.201519
31.863361,30.5266,1.1260871,1.3367615,4.1952934
16.184252,13.816008,1.0181662,2.3682442,14.633017
7.825697,7.7405148,1.8323443,0.08518219,1.0884933
5.1754394,5.4164605,1.487849,0.24102116,4.657018
6.675926,8.65808,1.1983546,1.9821539,29.69107
22.415722,20.85119,0.952226,1.5645313,6.9796157
42.718647,41.91067,0.9309944,0.80797577,1.8913889
16.785988,13.746441,0.96894634,3.039547,18.107645
44.891594,45.201927,1.040746,0.31033325,0.6912948
12.617985,11.550459,0.9325039,1.0675259,8.460352
34.39391,35.047173,1.0210998,0.6532631,1.8993568
3.1609077,3.562929,1.1200262,0.40202117,12.718535
22.862518,21.266924,0.90346515,1.5955944,6.9790845
3.5476692,3.9060469,1.7281626,0.3583777,10.101779
40.72972,41.515305,0.9667869,0.7855835,1.9287721
11.071396,12.085712,0.9904317,1.0143166,9.161596
11.188931,14.700478,1.8629382,3.5115461,31.384106
33.194775,33.150875,1.1438699,0.043899536,0.13224833
9.055072,7.6451945,2.1438632,1.4098773,15.570029
25.214859,25.447197,1.0107516,0.23233795,0.9214327
41.118504,30.878912,1.0567597,10.239592,24.902637
23.675528,23.601088,0.8948456,0.07444,0.3144175
18.42119,17.642628,0.90435374,0.77856255,4.226451
2.083364,2.6828003,2.0058413,0.5994363,28.772516
42.943134,41.83546,0.9372512,1.1076736,2.5793962
4.074635,3.859165,1.0378659,0.21547008,5.288083
7.4215665,7.1056647,1.8160598,0.31590176,4.2565374
34.82593,37.076717,1.0582047,2.2507858,6.4629593
8.855009,6.3831353,2.3126311,2.4718738,27.914978
18.647522,19.72376,0.902224,1.0762386,5.7714834
7.5391655,6.6625977,0.8868128,0.87656784,11.626855
2.1973393,5.95381,0.9099796,3.756471,170.95543
3.79909,3.268936,1.4592355,0.530154,13.954763
10.837289,10.323236,1.0695978,0.5140524,4.743367
28.523308,28.114279,1.6559235,0.409029,1.4340167
6.7007647,6.121621,1.1565751,0.5791435,8.642947
13.52337,13.547954,0.8959927,0.024583817,0.18178765
5.345011,6.6057353,1.7284652,1.2607241,23.58693
44.52463,43.268764,0.9661907,1.255867,2.8206117
10.252339,7.594126,2.1227844,2.6582131,25.92787
34.361977,33.61387,0.94495976,0.7481079,2.1771388
4.535617,5.1470175,0.9751525,0.6114006,13.479988
