,R2_log,MAE_log
Kp,0.9443464875221252,0.06576523184776306
Ki,0.9651490449905396,0.11845780909061432
Kd,0.8769811391830444,0.5254122614860535
